anon_polygon_id,date,primary_ndvi_true
AOI-0001,2010-08-29,0.20882543274120274
AOI-0001,2010-10-25,0.19139545703452693
AOI-0001,2011-06-13,0.6494209393326326
AOI-0001,2011-09-18,0.25693208408265633
AOI-0001,2011-09-26,0.2638070380992027
AOI-0001,2011-09-30,0.4099708287695749
AOI-0001,2012-05-24,0.6933728058064347
AOI-0001,2012-07-09,0.24258586489405828
AOI-0001,2012-07-11,0.3320888122026792
AOI-0001,2012-08-10,0.16122315460844455
AOI-0001,2012-08-12,0.2946518796529609
AOI-0001,2012-10-15,0.3682096215557198
AOI-0001,2013-05-01,0.8350370248655501
AOI-0001,2013-07-12,0.3280415502190701
AOI-0001,2013-09-30,0.5585459316384072
AOI-0001,2014-04-18,0.25684675146659364
AOI-0001,2014-05-25,0.6688633663436107
AOI-0001,2014-06-26,0.8038395022423518
AOI-0001,2014-07-15,0.7305313769882058
AOI-0001,2014-07-28,0.5611908487221767
AOI-0001,2014-08-09,0.339890255133151
AOI-0001,2014-08-13,0.3550594059084811
AOI-0001,2014-10-03,0.20113523749678822
AOI-0001,2014-10-16,0.3075670338464401
AOI-0001,2015-04-13,0.44644238527551977
AOI-0001,2015-08-11,0.22123035042427658
AOI-0001,2015-08-12,0.20410608952228468
AOI-0001,2015-08-27,0.22477943757782587
AOI-0001,2015-09-20,0.18544125056984462
AOI-0001,2015-09-28,0.2156404101064538
AOI-0001,2016-06-27,0.26813442139739435
AOI-0001,2016-07-04,0.2704776759103067
AOI-0001,2016-07-20,0.2834043844263011
AOI-0001,2016-07-27,0.3566249194147316
AOI-0001,2016-08-29,0.29337868475785844
AOI-0001,2016-08-30,0.24940693971262728
AOI-0001,2016-09-15,0.4262426171642536
AOI-0001,2016-09-29,0.6913774700429243
AOI-0001,2017-05-12,0.7446969342220053
AOI-0001,2017-06-29,0.5679046722151895
AOI-0001,2017-07-12,0.46898163232935036
AOI-0001,2017-08-09,0.303010734995517
AOI-0001,2017-08-29,0.2497633555564782
AOI-0001,2017-09-08,0.20724952086415943
AOI-0001,2017-09-14,0.27818058988310707
AOI-0001,2018-04-05,0.5117527531376108
AOI-0001,2018-04-23,0.8020995072420103
AOI-0001,2018-05-01,0.8126991258625882
AOI-0001,2018-06-08,0.6950753592171998
AOI-0001,2018-07-12,0.30077844339279647
AOI-0001,2018-09-28,0.15411430526624384
AOI-0001,2018-10-13,0.19217743949685617
AOI-0001,2019-05-11,0.48941693494102056
AOI-0001,2019-05-31,0.7267218921576657
AOI-0001,2019-06-04,0.7388226955350217
AOI-0001,2019-06-05,0.7204285331760656
AOI-0001,2019-06-25,0.3740006623486667
AOI-0001,2019-07-12,0.4619392827286044
AOI-0001,2019-07-22,0.4161633262657581
AOI-0001,2019-07-29,0.45864322837515653
AOI-0001,2019-08-30,0.24164603894549525
AOI-0001,2019-09-07,0.23874898194227312
AOI-0001,2019-09-08,0.21657729897640549
AOI-0001,2019-09-18,0.12212865053257599
AOI-0001,2020-04-03,0.548868356656001
AOI-0001,2020-04-26,0.6886102527489112
AOI-0001,2020-05-30,0.8201566321042946
AOI-0001,2020-06-09,0.7801040336152079
AOI-0001,2020-07-14,0.14383334377978912
AOI-0001,2020-07-23,0.23526770116745785
AOI-0001,2020-07-27,0.26087969964296037
AOI-0001,2020-08-08,0.18500832624027294
AOI-0001,2020-09-01,0.3094051124242806
AOI-0001,2020-09-02,0.27359892934041263
AOI-0001,2020-09-12,0.22963367807293217
AOI-0001,2020-09-22,0.2218593840944641
AOI-0001,2020-09-29,0.24620118557264373
AOI-0001,2020-10-11,0.19167095084413568
AOI-0001,2020-10-12,0.171518404285816
AOI-0001,2020-10-19,0.1671062880701058
AOI-0001,2021-05-15,0.5261059549812109
AOI-0001,2021-05-20,0.4993901358207427
AOI-0001,2021-06-10,0.6715993054222831
AOI-0001,2021-07-02,0.6382073244777545
AOI-0001,2021-07-24,0.6742873234502088
AOI-0001,2021-09-17,0.22242673471645716
AOI-0001,2022-04-25,0.6842765174511369
AOI-0001,2022-06-03,0.8169143323373504
AOI-0001,2022-09-02,0.2533265813653408
AOI-0001,2022-09-30,0.27345905734142584
AOI-0001,2022-10-01,0.2500104498440701
AOI-0001,2022-10-17,0.2127649712145077
AOI-0001,2023-05-25,0.8311001382812402
AOI-0001,2023-06-23,0.8325515357510265
AOI-0001,2023-07-15,0.25140853927318396
AOI-0001,2023-07-29,0.16872692944208315
AOI-0001,2023-08-03,0.20551365010390463
AOI-0001,2023-08-08,0.2078450562422509
AOI-0001,2023-08-13,0.23403963856497192
AOI-0001,2023-08-17,0.27775107977993685
AOI-0001,2023-08-28,0.21164122899575472
AOI-0001,2023-08-29,0.2761868402418798
AOI-0001,2023-09-12,0.2250883180905153
AOI-0001,2024-04-06,0.7649366162132617
AOI-0001,2024-05-24,0.7613798338008553
AOI-0001,2024-06-01,0.7276016683380295
AOI-0001,2024-06-03,0.7152852373031611
AOI-0001,2024-06-09,0.5871706835811689
AOI-0001,2024-06-13,0.5641475012329286
AOI-0001,2024-06-17,0.5698098661751732
AOI-0001,2024-06-23,0.3542969647005775
AOI-0001,2024-06-25,0.37756570814530727
AOI-0001,2024-07-03,0.2726113517782656
AOI-0001,2024-09-11,0.1443519026514019
AOI-0001,2024-09-13,0.20278543123854884
AOI-0001,2024-09-16,0.15347759302618783
AOI-0001,2024-09-29,0.208801820514554
AOI-0001,2025-04-23,0.4788055810415235
AOI-0001,2025-05-03,0.3781931239399108
AOI-0001,2025-06-03,0.4490451031623473
AOI-0001,2025-06-27,0.6380826253800627
AOI-0001,2025-07-05,0.5667091007097744
AOI-0001,2025-07-12,0.4508622854786985
AOI-0001,2025-07-13,0.42226139176737454
AOI-0001,2025-07-23,0.37315556611990863
AOI-0001,2025-07-28,0.339456223435125
AOI-0001,2025-07-29,0.3798369022250575
AOI-0001,2025-08-02,0.2833418413607164
AOI-0001,2025-10-28,0.2661208930864381
AOI-0002,2025-05-03,0.8343556623516327
AOI-0002,2025-06-03,0.5507629081041312
AOI-0002,2025-06-26,0.46127414312985776
AOI-0002,2025-07-29,0.25963836554059844
AOI-0002,2025-08-02,0.17902377256151517
AOI-0002,2025-08-13,0.2575277425749291
AOI-0002,2025-08-19,0.16445311472393612
AOI-0003,2025-04-01,0.5304877648812133
AOI-0003,2025-04-18,0.8448745170485819
AOI-0003,2025-04-19,0.8628842389298133
AOI-0003,2025-05-06,0.8115412929685323
AOI-0003,2025-06-04,0.7672981092323413
AOI-0003,2025-06-13,0.6041223566116083
AOI-0003,2025-07-07,0.18951216103682378
AOI-0003,2025-07-13,0.19352728886752135
AOI-0003,2025-07-15,0.1684158010998401
AOI-0003,2025-08-04,0.1884140905475562
AOI-0003,2025-08-07,0.17767308012540828
AOI-0003,2025-08-14,0.18465102983764817
AOI-0003,2025-08-22,0.1542005382357758
AOI-0003,2025-08-23,0.2006539855572898
AOI-0004,2025-04-23,0.6804386508827819
AOI-0004,2025-05-04,0.6191848945611419
AOI-0004,2025-05-24,0.6977192198411708
AOI-0004,2025-05-25,0.7307119066222372
AOI-0004,2025-06-30,0.6061097749999973
AOI-0004,2025-07-12,0.4908857711638342
AOI-0004,2025-07-23,0.4681867691765435
AOI-0004,2025-08-02,0.4108585983291604
AOI-0004,2025-09-14,0.3775179202040634
AOI-0004,2025-09-23,0.3301448460048357
AOI-0005,2025-05-01,0.6669372363926884
AOI-0005,2025-05-03,0.6785874663154858
AOI-0005,2025-05-14,0.5342758076077441
AOI-0005,2025-06-11,0.6232888945322683
AOI-0005,2025-07-21,0.4429922802856149
AOI-0005,2025-08-17,0.3076321619541863
AOI-0005,2025-09-01,0.24899948264357513
AOI-0006,2025-04-01,0.2265270752681074
AOI-0006,2025-05-09,0.45079542898505204
AOI-0006,2025-05-25,0.6207589432137169
AOI-0006,2025-07-28,0.4100361494337188
AOI-0006,2025-08-09,0.3229017132669253
AOI-0006,2025-08-22,0.3113874882076377
AOI-0006,2025-08-30,0.3079911390127819
AOI-0006,2025-09-07,0.2597954852750796
AOI-0006,2025-10-28,0.2537196431633449
AOI-0007,2025-04-01,0.17576476219475662
AOI-0007,2025-04-18,0.24628440604818677
AOI-0007,2025-04-29,0.33357122122508914
AOI-0007,2025-05-01,0.3638637772684308
AOI-0007,2025-06-26,0.3306077519074119
AOI-0007,2025-07-28,0.14229218071143443
AOI-0007,2025-08-13,0.23810756864808003
AOI-0007,2025-08-14,0.15727686993479195
AOI-0007,2025-08-16,0.16928615110465914
AOI-0007,2025-09-11,0.15794278211060156
AOI-0007,2025-09-26,0.17668735412079528
AOI-0008,2025-04-17,0.8425705770256537
AOI-0008,2025-04-24,0.7815523575869996
AOI-0008,2025-05-19,0.8244867255618271
AOI-0008,2025-07-08,0.20573767674830107
AOI-0008,2025-07-15,0.1640844656298258
AOI-0008,2025-07-17,0.1742529271730906
AOI-0008,2025-08-13,0.24011297556699443
AOI-0008,2025-09-01,0.14185822528560546
AOI-0008,2025-09-30,0.245422903558773
AOI-0008,2025-10-16,0.22819551235590707
AOI-0009,2025-04-01,0.7004537946827795
AOI-0009,2025-04-23,0.8097680853148009
AOI-0009,2025-05-04,0.8483779318034617
AOI-0009,2025-06-30,0.18203866166997396
AOI-0009,2025-07-05,0.19979740157775727
AOI-0009,2025-07-10,0.17361977163519104
AOI-0009,2025-07-25,0.16801195506296968
AOI-0009,2025-08-12,0.16160914722615308
AOI-0009,2025-08-17,0.18169159538908977
AOI-0009,2025-08-22,0.16662594514294304
AOI-0009,2025-08-24,0.1464876879881195
AOI-0009,2025-09-14,0.2416845402944341
AOI-0009,2025-09-16,0.1878019161685615
AOI-0009,2025-09-25,0.16626034868387835
AOI-0009,2025-10-03,0.20494600574371782
AOI-0010,2010-06-19,0.37286035297182824
AOI-0010,2010-08-06,0.2324899602271282
AOI-0010,2010-08-22,0.21318651844854036
AOI-0010,2011-06-14,0.523597041699084
AOI-0010,2011-07-12,0.3696210918890691
AOI-0010,2011-08-09,0.261311250023832
AOI-0010,2011-08-13,0.33900447284685975
AOI-0010,2011-09-10,0.22907619607659135
AOI-0010,2012-04-13,0.278015517160549
AOI-0010,2012-08-03,0.2270469653283504
AOI-0010,2013-04-16,0.7217933451003538
AOI-0010,2013-05-25,0.6447719280446427
AOI-0010,2013-06-26,0.328916439255518
AOI-0010,2013-07-12,0.31551296145599905
AOI-0010,2014-05-29,0.6782237640709605
AOI-0010,2014-06-06,0.5817355003304551
AOI-0010,2014-06-10,0.44085645860070344
AOI-0010,2014-08-29,0.25145799248294226
AOI-0010,2014-09-30,0.26195648406241645
AOI-0010,2015-04-07,0.30946802378955673
AOI-0010,2015-04-14,0.22583454198395234
AOI-0010,2015-05-25,0.3507756246021501
AOI-0010,2015-10-07,0.19672696921146576
AOI-0010,2016-07-27,0.3567268865753255
AOI-0010,2016-08-12,0.31893374956908216
AOI-0010,2016-09-13,0.27518252972064894
AOI-0010,2017-04-03,0.3201798379257216
AOI-0010,2017-04-07,0.5193051350272451
AOI-0010,2017-08-01,0.15087845366266156
AOI-0010,2017-08-04,0.16409218791233166
AOI-0010,2017-08-13,0.23917799371895065
AOI-0010,2017-08-29,0.2203074455262311
AOI-0010,2018-05-16,0.8589712089472048
AOI-0010,2018-07-28,0.26071930145462385
AOI-0010,2018-08-28,0.1830401032585689
AOI-0010,2018-09-14,0.21931370674216585
AOI-0010,2019-04-06,0.3648718478252226
AOI-0010,2019-04-28,0.7349725260522899
AOI-0010,2019-05-19,0.8736275235467653
AOI-0010,2019-06-20,0.22053655198927982
AOI-0010,2019-06-26,0.25142030325188164
AOI-0010,2019-06-27,0.16285707058154483
AOI-0010,2019-07-20,0.17241939292984135
AOI-0010,2019-08-13,0.304519445207409
AOI-0010,2019-08-19,0.17792241448924598
AOI-0010,2019-08-21,0.18478574890118257
AOI-0010,2019-09-23,0.16979643554905172
AOI-0010,2020-06-06,0.3450995760397181
AOI-0010,2020-06-09,0.3958488766542053
AOI-0010,2020-07-16,0.15439742347237911
AOI-0010,2020-07-19,0.1558370458115863
AOI-0010,2020-07-26,0.13985348444711537
AOI-0010,2020-07-31,0.15785751845922474
AOI-0010,2020-09-09,0.1825739777630971
AOI-0010,2020-09-13,0.2525606144520865
AOI-0010,2020-09-19,0.12280746540473376
AOI-0010,2020-09-27,0.15206081133820015
AOI-0010,2021-05-05,0.35513230396367845
AOI-0010,2021-05-09,0.50218948071966
AOI-0010,2021-07-28,0.2932141635567166
AOI-0010,2021-08-05,0.2347018535545639
AOI-0010,2021-09-04,0.32687036500260036
AOI-0010,2021-09-17,0.3594336074881475
AOI-0010,2021-10-27,0.3604566575113624
AOI-0010,2022-06-06,0.7235237477704831
AOI-0010,2022-06-10,0.6197468392055746
AOI-0010,2022-06-11,0.7131919582964117
AOI-0010,2022-07-17,0.28767207329377775
AOI-0010,2022-07-28,0.3406073604148862
AOI-0010,2022-09-08,0.30584785946143295
AOI-0010,2023-04-02,0.5061509249220388
AOI-0010,2023-04-27,0.6809897121304427
AOI-0010,2023-06-08,0.7465293769011659
AOI-0010,2023-06-16,0.6247237411981439
AOI-0010,2023-08-23,0.2483974582345955
AOI-0010,2023-08-30,0.24435329296687983
AOI-0010,2023-09-19,0.2728580488535211
AOI-0010,2024-04-04,0.6001337101383056
AOI-0010,2024-04-26,0.7534900193902255
AOI-0010,2024-05-08,0.77495259636594
AOI-0010,2024-05-21,0.7492335375112789
AOI-0010,2024-06-18,0.2395680438210541
AOI-0010,2024-06-20,0.21066271520372126
AOI-0010,2024-07-08,0.19452348260201427
AOI-0010,2024-07-15,0.17374181847036604
AOI-0010,2024-08-12,0.20510544555769322
AOI-0010,2024-09-06,0.20354772308768793
AOI-0010,2024-09-28,0.1966491036362568
AOI-0010,2024-10-01,0.19879746901192702
AOI-0010,2024-10-15,0.2651753060930492
AOI-0010,2024-10-23,0.19568004976040115
AOI-0010,2025-04-16,0.3987575670084595
AOI-0010,2025-04-18,0.42745005676967135
AOI-0010,2025-05-09,0.7762121849208031
AOI-0010,2025-06-05,0.5359849310471317
AOI-0010,2025-06-07,0.48939684689890506
AOI-0010,2025-06-28,0.19616471201146854
AOI-0010,2025-07-05,0.18837629780418397
AOI-0010,2025-07-06,0.21984126946781002
AOI-0010,2025-07-07,0.17367653481630224
AOI-0010,2025-07-25,0.14814018950584903
AOI-0010,2025-07-30,0.15866985025259417
AOI-0010,2025-08-16,0.19404577096073977
AOI-0010,2025-08-27,0.17680294503885732
AOI-0010,2025-09-16,0.22178221681074978
AOI-0010,2025-09-30,0.3021947221742591
AOI-0010,2025-10-05,0.22985488117602937
AOI-0011,2025-04-07,0.6952517140838652
AOI-0011,2025-04-17,0.7790166382671248
AOI-0011,2025-04-23,0.8385223245496567
AOI-0011,2025-04-28,0.8043312558034706
AOI-0011,2025-05-24,0.8089795161124647
AOI-0011,2025-06-03,0.5826435593009661
AOI-0011,2025-07-12,0.28926218270129145
AOI-0011,2025-08-06,0.21951393758683319
AOI-0011,2025-08-14,0.2261687739848615
AOI-0011,2025-08-19,0.20924872302353092
AOI-0011,2025-08-27,0.1735103960080056
AOI-0011,2025-09-30,0.2583886643481411
AOI-0011,2025-10-03,0.16836564020528003
AOI-0011,2025-10-05,0.15488292230428197
AOI-0012,2025-04-01,0.24032039214228415
AOI-0012,2025-04-28,0.4672792369569049
AOI-0012,2025-05-16,0.7401513463369656
AOI-0012,2025-06-03,0.6684935380983991
AOI-0012,2025-06-05,0.5739898549605149
AOI-0012,2025-06-15,0.2838012285809086
AOI-0012,2025-06-26,0.3010800184449347
AOI-0012,2025-07-10,0.18243617318605418
AOI-0012,2025-07-18,0.13990962536014512
AOI-0012,2025-07-30,0.15936854392919875
AOI-0013,2010-04-16,0.717042623305918
AOI-0013,2010-06-10,0.49719744681232303
AOI-0013,2010-06-19,0.37399162162214544
AOI-0013,2010-10-24,0.26100787370920164
AOI-0013,2011-04-18,0.23773692572591004
AOI-0013,2011-04-26,0.2589149968909672
AOI-0013,2012-05-08,0.5512311677568875
AOI-0013,2012-06-23,0.5411060451680977
AOI-0013,2012-08-12,0.4593271162734187
AOI-0013,2013-04-16,0.2899994968363618
AOI-0013,2013-04-24,0.3092775552248272
AOI-0013,2013-05-02,0.31697114832905954
AOI-0013,2013-05-09,0.4837191153140345
AOI-0013,2013-06-11,0.46754456278813583
AOI-0013,2013-07-12,0.5146779488116955
AOI-0013,2013-07-28,0.44105084605413614
AOI-0013,2014-05-29,0.45541628303091103
AOI-0013,2014-06-10,0.49445468210597066
AOI-0013,2014-07-28,0.40162365868837246
AOI-0013,2014-08-01,0.3371541898765286
AOI-0013,2014-08-08,0.34004398670600827
AOI-0013,2014-08-13,0.39352969125107734
AOI-0013,2015-05-09,0.5666819500939491
AOI-0013,2015-05-23,0.4935270207659155
AOI-0013,2015-07-12,0.5146435784651071
AOI-0013,2015-08-20,0.4019561130134436
AOI-0013,2015-10-07,0.3800249213540007
AOI-0013,2015-10-16,0.3537241170179097
AOI-0013,2016-05-09,0.47929368060158284
AOI-0013,2016-05-10,0.4686389758987365
AOI-0013,2016-08-12,0.5831519379601358
AOI-0013,2016-08-21,0.6837716677780933
AOI-0013,2016-09-13,0.5802919496206722
AOI-0013,2016-10-09,0.5414226621503121
AOI-0013,2017-04-11,0.25107832843784555
AOI-0013,2017-04-28,0.36731237656699467
AOI-0013,2017-05-01,0.37353590620796356
AOI-0013,2017-05-21,0.6048696909406954
AOI-0013,2017-05-29,0.5808915706074973
AOI-0013,2017-06-30,0.6784229539774558
AOI-0013,2017-07-27,0.4888251831849847
AOI-0013,2017-08-08,0.4878044362303149
AOI-0013,2017-08-24,0.4420568744128857
AOI-0013,2017-09-13,0.45106650131454645
AOI-0013,2017-09-17,0.48036950264716494
AOI-0013,2017-09-30,0.4133316915237608
AOI-0013,2018-05-25,0.5350599589152663
AOI-0013,2018-06-08,0.4261920659413819
AOI-0013,2018-06-15,0.3455523550026972
AOI-0013,2018-07-12,0.43033816277863945
AOI-0013,2018-08-13,0.41262394660926915
AOI-0013,2018-08-27,0.43132998971989567
AOI-0013,2018-09-28,0.40796454704602686
AOI-0013,2018-10-06,0.43047656112676935
AOI-0013,2019-04-01,0.27199968352917303
AOI-0013,2019-05-06,0.42442813024026643
AOI-0013,2019-06-02,0.3746707176358633
AOI-0013,2019-06-05,0.42080726572991967
AOI-0013,2019-06-12,0.4806774351394499
AOI-0013,2019-06-25,0.3835510184946128
AOI-0013,2019-07-17,0.45217317106648314
AOI-0013,2019-07-28,0.5301705477512846
AOI-0013,2019-08-24,0.45914836064505615
AOI-0013,2019-08-31,0.5120225199379638
AOI-0013,2019-09-08,0.48961695622726353
AOI-0013,2019-09-13,0.46800901787737814
AOI-0013,2019-10-02,0.4949577964279791
AOI-0013,2019-10-10,0.5608442214468524
AOI-0013,2019-10-17,0.4828568464760815
AOI-0013,2020-04-22,0.4206008864239855
AOI-0013,2020-05-12,0.3611702963686726
AOI-0013,2020-06-24,0.4655470120210714
AOI-0013,2020-06-26,0.4930672448490965
AOI-0013,2020-08-12,0.3896640974148386
AOI-0013,2020-08-15,0.43386818781338676
AOI-0013,2020-08-16,0.4416665055419451
AOI-0013,2020-08-20,0.3935271444026069
AOI-0013,2020-10-27,0.32823302736603743
AOI-0013,2021-04-23,0.4647752015583879
AOI-0013,2021-06-10,0.6152260508200145
AOI-0013,2021-06-11,0.5265308021348677
AOI-0013,2021-06-21,0.5047891142180793
AOI-0013,2021-07-12,0.49950108942286076
AOI-0013,2021-07-14,0.5167550104103641
AOI-0013,2021-08-20,0.5046179118435538
AOI-0013,2021-10-14,0.44258781965035116
AOI-0013,2021-10-16,0.4304172221485944
AOI-0013,2022-04-02,0.47636640395656366
AOI-0013,2022-04-17,0.5403655146161767
AOI-0013,2022-04-24,0.5744457985643643
AOI-0013,2022-04-25,0.5611925916929827
AOI-0013,2022-06-10,0.5560521787738986
AOI-0013,2022-06-16,0.39308612411237315
AOI-0013,2022-06-26,0.5026428451053123
AOI-0013,2022-07-05,0.5440125151766162
AOI-0013,2022-07-17,0.5586584902917858
AOI-0013,2022-07-22,0.5534092635440441
AOI-0013,2022-08-14,0.5736316476178774
AOI-0013,2022-09-14,0.4196225307272379
AOI-0013,2022-10-07,0.4135012906983251
AOI-0013,2022-10-14,0.38790789467606807
AOI-0013,2023-04-10,0.47619797712978396
AOI-0013,2023-06-21,0.5416342834228904
AOI-0013,2023-06-29,0.5525257433419831
AOI-0013,2023-07-06,0.4933836976925963
AOI-0013,2023-07-12,0.47743824205643404
AOI-0013,2023-07-24,0.5097566808875142
AOI-0013,2023-08-05,0.5301803021846181
AOI-0013,2023-08-20,0.5112272735705741
AOI-0013,2023-08-23,0.5313232322303093
AOI-0013,2023-08-26,0.5076758053214163
AOI-0013,2023-09-11,0.5250479077928327
AOI-0013,2023-09-14,0.4865752069595994
AOI-0013,2023-09-24,0.519478400999557
AOI-0013,2023-10-05,0.4730383613660436
AOI-0013,2023-10-14,0.40090686925458335
AOI-0013,2023-10-17,0.38338892675884356
AOI-0013,2023-10-19,0.38823188014037574
AOI-0013,2024-04-26,0.4253784883489631
AOI-0013,2024-05-04,0.478583675681092
AOI-0013,2024-05-23,0.5249847402590571
AOI-0013,2024-05-24,0.5653161785287232
AOI-0013,2024-06-30,0.5138006567401877
AOI-0013,2024-07-02,0.5610743888205445
AOI-0013,2024-07-11,0.45367756758081945
AOI-0013,2024-07-26,0.43687952497166116
AOI-0013,2024-07-27,0.4192440006273978
AOI-0013,2024-08-09,0.5126240790783232
AOI-0013,2024-08-11,0.565762843875389
AOI-0013,2024-09-03,0.4857480043222024
AOI-0013,2024-09-06,0.5057870960137439
AOI-0013,2024-09-26,0.45446609550324224
AOI-0013,2024-10-08,0.39492836463089487
AOI-0013,2025-04-01,0.48730715835358024
AOI-0013,2025-04-28,0.5362915865471949
AOI-0013,2025-05-16,0.4830774209586535
AOI-0013,2025-05-19,0.49217772755363054
AOI-0013,2025-05-24,0.48086543065778986
AOI-0013,2025-07-07,0.5003646719787671
AOI-0013,2025-07-08,0.47721571257837325
AOI-0013,2025-07-14,0.5109189401992474
AOI-0013,2025-07-21,0.523212784091438
AOI-0013,2025-07-27,0.5541950925034356
AOI-0013,2025-08-15,0.5039378810337065
AOI-0013,2025-09-03,0.4658063244076407
AOI-0013,2025-09-07,0.5292976831746239
AOI-0014,2010-04-07,0.5618479317578211
AOI-0014,2010-04-24,0.7309415631086242
AOI-0014,2010-06-10,0.7386841802219984
AOI-0014,2010-09-23,0.18567062493885772
AOI-0014,2011-04-19,0.21051059498268948
AOI-0014,2011-04-26,0.22813366489406592
AOI-0014,2011-05-09,0.6578849998487147
AOI-0014,2011-05-28,0.6777047589591767
AOI-0014,2011-06-14,0.7633353104740658
AOI-0014,2011-08-01,0.44324171117612593
AOI-0014,2011-09-14,0.29786519400364586
AOI-0014,2011-09-17,0.20650851182434668
AOI-0014,2011-10-27,0.29934963685129373
AOI-0014,2012-05-06,0.7015148282234116
AOI-0014,2012-06-25,0.4016396392562398
AOI-0014,2012-08-28,0.30125923540292715
AOI-0014,2012-09-04,0.20294643249211108
AOI-0014,2012-09-11,0.20545690664855293
AOI-0014,2012-09-27,0.18173584924750324
AOI-0014,2013-05-09,0.42376195994151966
AOI-0014,2013-06-11,0.5647586741577395
AOI-0014,2013-06-19,0.6589705050370127
AOI-0014,2013-07-28,0.6418440557128611
AOI-0014,2013-09-14,0.37906032627431957
AOI-0014,2013-09-23,0.22105821511369272
AOI-0014,2014-06-26,0.44799678059601034
AOI-0014,2014-06-29,0.345152670950829
AOI-0014,2014-08-17,0.21021307801454633
AOI-0014,2014-09-30,0.2957803619667212
AOI-0014,2014-10-27,0.22736202406303357
AOI-0014,2015-04-14,0.34117969678824445
AOI-0014,2015-06-16,0.71459142494983
AOI-0014,2015-06-26,0.4807271916736826
AOI-0014,2015-07-12,0.4699349060951333
AOI-0014,2015-07-27,0.3378088351828129
AOI-0014,2015-08-28,0.2240237314286737
AOI-0014,2016-04-22,0.44943134989824784
AOI-0014,2016-05-09,0.32903800065592353
AOI-0014,2016-06-03,0.6433469317537599
AOI-0014,2016-06-19,0.8471472236401154
AOI-0014,2016-08-13,0.5024287778560304
AOI-0014,2016-08-30,0.29680982171916503
AOI-0014,2017-04-26,0.7842141396526741
AOI-0014,2017-04-28,0.78608432318005
AOI-0014,2017-05-21,0.8959282775943008
AOI-0014,2017-05-29,0.8925946530938027
AOI-0014,2017-07-23,0.2577519520900232
AOI-0014,2017-07-31,0.22068514529888497
AOI-0014,2017-08-06,0.12569229797908876
AOI-0014,2017-08-21,0.12935538353375023
AOI-0014,2017-09-10,0.15711284459756086
AOI-0014,2017-09-30,0.24039848314517356
AOI-0014,2017-10-08,0.16104503873877124
AOI-0014,2018-04-07,0.5686522576510122
AOI-0014,2018-05-03,0.7850502575232411
AOI-0014,2018-06-24,0.2570903197247051
AOI-0014,2018-07-18,0.22810044049010075
AOI-0014,2018-08-27,0.20524329727411827
AOI-0014,2018-10-06,0.21331639987800188
AOI-0014,2019-04-01,0.24932193671741015
AOI-0014,2019-04-21,0.17753241763148483
AOI-0014,2019-05-01,0.21506479579084917
AOI-0014,2019-05-09,0.6297359986185127
AOI-0014,2019-05-27,0.6797169723380925
AOI-0014,2019-05-28,0.633771458803704
AOI-0014,2019-06-04,0.7967859480793963
AOI-0014,2019-06-11,0.872568097957926
AOI-0014,2019-06-15,0.8631646998457658
AOI-0014,2019-06-22,0.7338637592529886
AOI-0014,2019-07-06,0.6352075537037297
AOI-0014,2019-08-14,0.33411728813238284
AOI-0014,2019-08-26,0.1964842414720836
AOI-0014,2020-04-06,0.6643945404048078
AOI-0014,2020-04-07,0.7235308551697963
AOI-0014,2020-04-17,0.708624837706638
AOI-0014,2020-04-22,0.7049292612348572
AOI-0014,2020-04-25,0.7264993006576161
AOI-0014,2020-05-15,0.675467558588025
AOI-0014,2020-05-17,0.6513715733271875
AOI-0014,2020-06-04,0.7192976490131429
AOI-0014,2020-06-25,0.37714380528310554
AOI-0014,2020-07-11,0.2484336540511939
AOI-0014,2020-07-27,0.2599432361162103
AOI-0014,2020-08-16,0.2075028166556533
AOI-0014,2020-09-09,0.15818761615689444
AOI-0014,2020-09-24,0.1461781909660121
AOI-0014,2021-04-07,0.48192545628261646
AOI-0014,2021-04-29,0.7065134253594991
AOI-0014,2021-05-25,0.8090610365415298
AOI-0014,2021-08-13,0.2944189888606281
AOI-0014,2021-08-18,0.14437176266594862
AOI-0014,2021-09-14,0.17228085315340003
AOI-0014,2021-10-12,0.15583533854022805
AOI-0014,2021-10-14,0.18850278848226665
AOI-0014,2022-05-15,0.24813398443893964
AOI-0014,2022-05-26,0.4246542852987055
AOI-0014,2022-05-27,0.35059212104612597
AOI-0014,2022-06-24,0.6997077913665004
AOI-0014,2022-07-14,0.7972944459409308
AOI-0014,2022-07-24,0.7599114826925486
AOI-0014,2022-08-22,0.36233122230983256
AOI-0014,2022-08-29,0.3034404399771284
AOI-0014,2022-09-02,0.18796975119203924
AOI-0014,2022-09-08,0.2304869699002986
AOI-0014,2022-09-14,0.22576439634323062
AOI-0014,2023-06-07,0.8726211764400057
AOI-0014,2023-08-10,0.221613868082847
AOI-0014,2024-04-04,0.7087227345060938
AOI-0014,2024-05-08,0.8311339483261279
AOI-0014,2024-05-09,0.8227171570522993
AOI-0014,2024-05-21,0.8332770194695807
AOI-0014,2024-05-23,0.8412759198582996
AOI-0014,2024-06-08,0.5530014179646456
AOI-0014,2024-07-25,0.14509674556854402
AOI-0014,2024-08-11,0.20881186375029956
AOI-0014,2024-09-01,0.14939553471513342
AOI-0014,2024-09-08,0.13596606049222665
AOI-0014,2024-09-11,0.13850162504751168
AOI-0014,2024-09-18,0.1365169418115146
AOI-0014,2024-09-29,0.21696180086706204
AOI-0014,2024-10-07,0.1932598716054615
AOI-0014,2024-10-30,0.21379459226364816
AOI-0014,2025-04-23,0.4118239936965431
AOI-0014,2025-05-01,0.21253122717575518
AOI-0014,2025-05-27,0.44291890566876224
AOI-0014,2025-06-13,0.4082506250623636
AOI-0014,2025-08-12,0.23035706528202168
AOI-0014,2025-08-15,0.30028291004788077
AOI-0014,2025-08-24,0.17846354625328906
AOI-0014,2025-09-11,0.1464228632006635
AOI-0014,2025-09-14,0.25033598561284337
AOI-0014,2025-09-23,0.19799893857975182
AOI-0014,2025-09-24,0.21148564495988842
AOI-0015,2025-05-04,0.3509881408073575
AOI-0015,2025-05-27,0.49960844769797863
AOI-0015,2025-06-07,0.43550446552287314
AOI-0015,2025-07-03,0.3914656190256569
AOI-0015,2025-07-05,0.38791409363841367
AOI-0015,2025-07-08,0.3185327117902086
AOI-0015,2025-07-13,0.2566182595603922
AOI-0015,2025-07-15,0.23358798843947387
AOI-0015,2025-07-18,0.24558307145139818
AOI-0015,2025-07-21,0.3001432567501433
AOI-0015,2025-07-23,0.24931649929447489
AOI-0015,2025-09-07,0.21628527701201922
AOI-0015,2025-10-13,0.1974052806546402
AOI-0015,2025-10-16,0.2739076899458028
AOI-0015,2025-10-18,0.21965711627353143
AOI-0016,2025-04-19,0.249628935947981
AOI-0016,2025-05-25,0.5670884000762098
AOI-0016,2025-06-11,0.6082608439536511
AOI-0016,2025-06-26,0.789924770161335
AOI-0016,2025-07-10,0.7785311484709588
AOI-0016,2025-07-17,0.7398512840162386
AOI-0016,2025-07-18,0.7505847484990869
AOI-0016,2025-08-19,0.3770001203887471
AOI-0016,2025-08-29,0.3656878469244176
AOI-0016,2025-10-17,0.2753555569956586
AOI-0017,2010-06-10,0.5918588158313798
AOI-0017,2010-07-29,0.5865150748409502
AOI-0017,2010-09-23,0.3946056377485801
AOI-0017,2011-04-18,0.32249407206492026
AOI-0017,2011-09-17,0.5369597459772067
AOI-0017,2011-09-26,0.5275378864072369
AOI-0017,2011-09-30,0.49535596474926613
AOI-0017,2011-10-11,0.5118336639519216
AOI-0017,2011-10-27,0.4951390448049783
AOI-0017,2012-07-18,0.6284324428546022
AOI-0017,2012-07-27,0.4625889217667542
AOI-0017,2012-08-28,0.43267111711662043
AOI-0017,2012-09-29,0.4229853259299255
AOI-0017,2013-05-25,0.6415849993535322
AOI-0017,2013-07-12,0.5243661184244137
AOI-0017,2013-08-14,0.4669439758602094
AOI-0017,2013-09-14,0.5884588925351026
AOI-0017,2013-09-30,0.5669212118137441
AOI-0017,2013-10-09,0.6499863830912758
AOI-0017,2013-10-25,0.6520600562100528
AOI-0017,2014-04-23,0.7068258156001823
AOI-0017,2014-06-06,0.6093726665964994
AOI-0017,2014-07-24,0.4447135355597912
AOI-0017,2014-10-04,0.4168172356992191
AOI-0017,2015-04-23,0.4962542632008838
AOI-0017,2015-04-30,0.4501148543519804
AOI-0017,2015-07-11,0.7261853232626481
AOI-0017,2015-07-27,0.6670616081525749
AOI-0017,2015-08-03,0.6005828840400071
AOI-0017,2015-08-29,0.4007620515734272
AOI-0017,2015-10-16,0.39526329775821595
AOI-0017,2016-04-06,0.5731544425616237
AOI-0017,2016-04-07,0.43265176208557604
AOI-0017,2016-06-18,0.6388373267201679
AOI-0017,2016-07-05,0.5640636415079385
AOI-0017,2016-07-27,0.5337868099201242
AOI-0017,2016-08-21,0.5954461889844735
AOI-0017,2016-09-15,0.5398062222546036
AOI-0017,2016-10-15,0.477923209198649
AOI-0017,2016-10-17,0.490750587897418
AOI-0017,2017-06-06,0.6690832486788514
AOI-0017,2017-07-31,0.647060698411977
AOI-0017,2017-08-01,0.6380583869313804
AOI-0017,2017-09-02,0.5426049593427313
AOI-0017,2018-04-05,0.4387832937880331
AOI-0017,2018-05-09,0.6465332777518157
AOI-0017,2018-05-23,0.6559177909216023
AOI-0017,2018-06-20,0.5370804221637016
AOI-0017,2018-07-11,0.4917796638803762
AOI-0017,2018-07-12,0.48997205752598394
AOI-0017,2019-04-25,0.47443445792239314
AOI-0017,2019-04-28,0.43557876362205517
AOI-0017,2019-05-13,0.5450510620968694
AOI-0017,2019-05-18,0.6211439836033296
AOI-0017,2019-05-28,0.6893681446389178
AOI-0017,2019-06-04,0.6571767324210799
AOI-0017,2019-06-12,0.7143622392464479
AOI-0017,2019-06-17,0.6495371784761994
AOI-0017,2019-07-17,0.6414323599757384
AOI-0017,2019-08-06,0.6601435921386098
AOI-0017,2019-08-11,0.6081568275944347
AOI-0017,2019-08-24,0.48708068563663304
AOI-0017,2019-08-29,0.4598550680759974
AOI-0017,2019-08-31,0.514680420791578
AOI-0017,2019-09-13,0.4889025621584974
AOI-0017,2020-04-25,0.3246462445556576
AOI-0017,2020-04-30,0.3760323751007628
AOI-0017,2020-05-08,0.6235181735018535
AOI-0017,2020-06-06,0.626095734200085
AOI-0017,2020-06-26,0.5251631378846547
AOI-0017,2020-07-26,0.436423160833042
AOI-0017,2020-08-18,0.48176329790851397
AOI-0017,2020-09-02,0.4483002971451099
AOI-0017,2020-09-04,0.404239626230797
AOI-0017,2020-09-09,0.4374707997877595
AOI-0017,2020-09-10,0.40839415354121217
AOI-0017,2020-09-19,0.4213842742222323
AOI-0017,2020-10-12,0.41346553112853185
AOI-0017,2021-04-07,0.34952658007250437
AOI-0017,2021-05-20,0.5454979911265789
AOI-0017,2021-07-02,0.6781763381392808
AOI-0017,2021-08-29,0.4884180691333797
AOI-0017,2021-09-04,0.5332861210341104
AOI-0017,2021-09-27,0.5095937795936012
AOI-0017,2021-10-06,0.4027659558096443
AOI-0017,2021-10-27,0.501190259781807
AOI-0017,2022-04-17,0.5958905790189674
AOI-0017,2022-04-23,0.6713372733508274
AOI-0017,2022-05-26,0.6894997575447178
AOI-0017,2022-05-27,0.6724051920151399
AOI-0017,2022-06-03,0.6539135169088863
AOI-0017,2022-06-11,0.6035873355906456
AOI-0017,2022-06-30,0.6140461593986226
AOI-0017,2022-07-12,0.5256426304696826
AOI-0017,2022-07-19,0.5773936452002787
AOI-0017,2022-07-24,0.5687743543818085
AOI-0017,2022-08-07,0.5712751053075178
AOI-0017,2022-08-14,0.5674688024481451
AOI-0017,2022-08-15,0.5345603715311998
AOI-0017,2022-08-23,0.5452059515924563
AOI-0017,2022-08-30,0.5232270851785944
AOI-0017,2022-09-17,0.45860750991724075
AOI-0017,2022-10-19,0.467726924045324
AOI-0017,2023-04-02,0.4990110166131414
AOI-0017,2023-05-06,0.6324768640962509
AOI-0017,2023-06-11,0.6300392655997865
AOI-0017,2023-06-19,0.6447204060649313
AOI-0017,2023-06-22,0.6537031337238237
AOI-0017,2023-07-24,0.642984411677526
AOI-0017,2023-09-19,0.5096273318919706
AOI-0017,2023-10-12,0.30681968886841415
AOI-0017,2023-10-16,0.3780499459634477
AOI-0017,2023-10-21,0.31168910402071703
AOI-0017,2024-04-04,0.44362953044185494
AOI-0017,2024-06-05,0.27013589034277513
AOI-0017,2024-06-13,0.19284384933668167
AOI-0017,2024-06-28,0.2230058351882373
AOI-0017,2024-07-19,0.2720682676431903
AOI-0017,2024-08-22,0.2180849460795004
AOI-0017,2024-09-01,0.256420434380853
AOI-0017,2024-09-21,0.28451761335511666
AOI-0017,2024-09-29,0.24904312527433325
AOI-0017,2024-10-08,0.19117796801162584
AOI-0017,2024-10-22,0.25496547998070274
AOI-0017,2025-05-04,0.8580900019229094
AOI-0017,2025-05-27,0.7932540443189257
AOI-0017,2025-06-07,0.6238039991853783
AOI-0017,2025-06-28,0.3756525770056011
AOI-0017,2025-07-07,0.2835230812320445
AOI-0017,2025-08-23,0.24773788217045278
AOI-0017,2025-09-01,0.1639951168001231
AOI-0017,2025-10-02,0.2835442867569184
AOI-0018,2025-04-19,0.8177011798867018
AOI-0018,2025-05-27,0.692283055867362
AOI-0018,2025-06-13,0.31524715403573716
AOI-0018,2025-06-15,0.3120583385302547
AOI-0018,2025-07-05,0.2324760988966325
AOI-0018,2025-07-07,0.23245192466236278
AOI-0018,2025-07-14,0.28363978346497465
AOI-0018,2025-07-21,0.3173422230315995
AOI-0018,2025-08-19,0.1722049830872103
AOI-0018,2025-08-27,0.1716498836885477
AOI-0018,2025-09-08,0.14212268801297465
AOI-0018,2025-09-24,0.23025752562531732
AOI-0018,2025-10-17,0.2579384458891222
AOI-0019,2025-04-14,0.48860484926873476
AOI-0019,2025-04-17,0.5539266789068341
AOI-0019,2025-04-28,0.5649522549385342
AOI-0019,2025-05-14,0.5867778832130301
AOI-0019,2025-05-25,0.6644950306893569
AOI-0019,2025-06-15,0.3986882345081992
AOI-0019,2025-06-27,0.4234060267881966
AOI-0019,2025-06-30,0.37054580811755344
AOI-0019,2025-07-10,0.32349030452757555
AOI-0019,2025-07-14,0.3137165535735868
AOI-0019,2025-08-14,0.32374476992607937
AOI-0019,2025-08-31,0.21420069038872613
AOI-0019,2025-09-15,0.23211548074742344
AOI-0019,2025-09-23,0.21852747596165076
AOI-0019,2025-09-24,0.23763742988884295
AOI-0019,2025-10-18,0.2090500476384117
AOI-0020,2025-04-18,0.27015572743802707
AOI-0020,2025-04-23,0.49304404171162347
AOI-0020,2025-05-03,0.42399098509617594
AOI-0020,2025-06-03,0.6545268805026443
AOI-0020,2025-06-11,0.4662417917023065
AOI-0020,2025-07-12,0.44534129444399884
AOI-0020,2025-07-21,0.3519036425419647
AOI-0020,2025-07-29,0.3236758088550243
AOI-0020,2025-07-30,0.2910030696673683
AOI-0020,2025-08-19,0.25375701226477115
AOI-0020,2025-10-13,0.10090333147323732
AOI-0021,2025-04-28,0.39409542733274
AOI-0021,2025-05-27,0.5379658884739893
AOI-0021,2025-06-03,0.5611070526090771
AOI-0021,2025-07-06,0.3484683258153198
AOI-0021,2025-07-18,0.32531307096462864
AOI-0021,2025-07-29,0.3287695650070354
AOI-0021,2025-08-07,0.2632052391792717
AOI-0021,2025-08-22,0.23075833867072335
AOI-0021,2025-08-30,0.26535210416443744
AOI-0021,2025-09-15,0.2213279434124116
AOI-0021,2025-09-24,0.2555087052562181
AOI-0021,2025-10-03,0.1962023140600171
AOI-0022,2025-04-01,0.5142428811763664
AOI-0022,2025-05-03,0.8603016221217632
AOI-0022,2025-05-06,0.8069056520216145
AOI-0022,2025-05-25,0.810270464090582
AOI-0022,2025-05-28,0.8291026623286285
AOI-0022,2025-07-08,0.21719070737913618
AOI-0022,2025-07-17,0.15234081791107287
AOI-0022,2025-07-21,0.19991050381149267
AOI-0022,2025-08-27,0.14563066748441725
AOI-0022,2025-08-31,0.1728921695037552
AOI-0022,2025-09-23,0.16936283215785738
AOI-0022,2025-09-24,0.19202396244856565
AOI-0022,2025-09-30,0.24020576275375286
AOI-0023,2025-04-16,0.20878809138156273
AOI-0023,2025-04-17,0.23982862698475366
AOI-0023,2025-04-24,0.20307820784532488
AOI-0023,2025-05-01,0.18182866779718826
AOI-0023,2025-05-04,0.23012596603967966
AOI-0023,2025-06-27,0.7870316810345976
AOI-0023,2025-07-05,0.7427651842811678
AOI-0023,2025-07-14,0.3963612100909477
AOI-0023,2025-07-15,0.3436157180483468
AOI-0023,2025-08-14,0.15414420723605177
AOI-0023,2025-08-22,0.13854476847225122
AOI-0023,2025-08-30,0.19751420817088716
AOI-0023,2025-09-21,0.1447033104440083
AOI-0023,2025-09-23,0.15912780246979447
AOI-0023,2025-10-17,0.24049955563350026
AOI-0024,2025-04-07,0.3413531394831324
AOI-0024,2025-04-23,0.36024591357524044
AOI-0024,2025-05-25,0.5139705175650904
AOI-0024,2025-05-28,0.2615531209514963
AOI-0024,2025-06-05,0.30917931977936336
AOI-0024,2025-07-03,0.5632021793614528
AOI-0024,2025-07-21,0.3769207981211119
AOI-0024,2025-07-25,0.35557194830970296
AOI-0024,2025-08-06,0.3372246845428055
AOI-0024,2025-08-09,0.2986917274948708
AOI-0024,2025-09-14,0.28923669091405324
AOI-0024,2025-09-21,0.1994291621100483
AOI-0024,2025-09-30,0.23336429492504643
AOI-0024,2025-10-02,0.19003115583672253
AOI-0024,2025-10-18,0.17415143988567228
AOI-0025,2025-04-14,0.18132406992272954
AOI-0025,2025-04-23,0.3469199714215717
AOI-0025,2025-04-24,0.20922833939152527
AOI-0025,2025-04-29,0.2140840562528776
AOI-0025,2025-05-09,0.3459928665020161
AOI-0025,2025-06-03,0.20023565635245588
AOI-0025,2025-06-13,0.21881363658677053
AOI-0025,2025-06-27,0.17712679072926768
AOI-0025,2025-07-21,0.20215168665037664
AOI-0025,2025-08-07,0.14863918712034044
AOI-0025,2025-08-30,0.20962025763734027
AOI-0025,2025-09-07,0.20565799693174483
AOI-0025,2025-09-14,0.2700492408186982
AOI-0025,2025-10-17,0.4327141426984975
AOI-0026,2025-04-07,0.6755165249585711
AOI-0026,2025-04-24,0.8333054396550418
AOI-0026,2025-05-09,0.9009130412494732
AOI-0026,2025-06-13,0.6264717173236383
AOI-0026,2025-07-08,0.24002812028209433
AOI-0026,2025-07-10,0.24254651501647934
AOI-0026,2025-07-12,0.26197157446884956
AOI-0026,2025-07-13,0.23516292218080548
AOI-0026,2025-07-18,0.17643311589608318
AOI-0026,2025-07-30,0.138021339714236
AOI-0026,2025-08-19,0.12455614365344492
AOI-0026,2025-09-08,0.12289403075130764
AOI-0026,2025-09-23,0.175098617380831
AOI-0026,2025-09-30,0.3271192039988131
AOI-0027,2025-04-16,0.7569323738879625
AOI-0027,2025-04-24,0.7882816710372289
AOI-0027,2025-06-13,0.49714848266219114
AOI-0027,2025-06-27,0.4035055740754557
AOI-0027,2025-07-05,0.3259902743101538
AOI-0027,2025-07-12,0.36689558918535475
AOI-0027,2025-07-13,0.24357094373064425
AOI-0027,2025-07-23,0.21208520517817664
AOI-0027,2025-07-29,0.30901023222550406
AOI-0027,2025-08-19,0.27193157462815604
AOI-0027,2025-08-30,0.27095942311296334
AOI-0027,2025-09-16,0.25462870171585844
AOI-0027,2025-10-16,0.580982731442661
AOI-0028,2010-04-07,0.7474368112296538
AOI-0028,2010-04-15,0.7271854358981653
AOI-0028,2010-10-24,0.1937457323534991
AOI-0028,2011-05-25,0.5292949272037787
AOI-0028,2011-07-28,0.5849323586890487
AOI-0028,2011-08-08,0.5683601146029995
AOI-0028,2011-10-11,0.2430910407476119
AOI-0028,2012-04-22,0.7696744671902376
AOI-0028,2012-09-27,0.1473140206035368
AOI-0028,2012-10-15,0.22469416407569373
AOI-0028,2013-04-07,0.2764908132347969
AOI-0028,2013-06-10,0.32374093960834216
AOI-0028,2013-06-26,0.29651296107221625
AOI-0028,2013-08-29,0.27557591317955704
AOI-0028,2014-04-07,0.6672836573372753
AOI-0028,2014-05-04,0.9412661999469804
AOI-0028,2014-07-28,0.25583201336912403
AOI-0028,2014-10-11,0.19358073992152552
AOI-0028,2015-04-13,0.1886842802166546
AOI-0028,2015-08-27,0.3424520923385409
AOI-0028,2015-09-28,0.18011965661857257
AOI-0028,2016-04-07,0.6911601627151186
AOI-0028,2016-04-23,0.7897113088473207
AOI-0028,2016-06-09,0.633751778242578
AOI-0028,2016-06-10,0.6719061469266095
AOI-0028,2016-06-25,0.33615313823852555
AOI-0028,2016-07-27,0.29082251108476576
AOI-0028,2016-09-06,0.18461000763141241
AOI-0028,2017-04-26,0.2832271389908039
AOI-0028,2017-07-23,0.22516878365039375
AOI-0028,2017-08-09,0.1473434784131059
AOI-0028,2017-08-13,0.2346138422683135
AOI-0028,2017-08-29,0.20757338358640717
AOI-0028,2017-09-17,0.22870248685423686
AOI-0028,2018-05-11,0.8617796077303568
AOI-0028,2018-08-19,0.1948428407295923
AOI-0028,2018-08-29,0.2110771965633804
AOI-0028,2018-09-12,0.19819185148547797
AOI-0028,2018-10-08,0.1561698754154181
AOI-0028,2019-04-06,0.14951488554974537
AOI-0028,2019-05-02,0.2800266689641718
AOI-0028,2019-05-25,0.3475779242809126
AOI-0028,2019-06-27,0.17886483116605856
AOI-0028,2019-08-09,0.19765775534620741
AOI-0028,2019-08-24,0.13545336863947602
AOI-0028,2019-10-17,0.5797895806922071
AOI-0028,2020-04-25,0.8443416983987754
AOI-0028,2020-05-04,0.8977699913448461
AOI-0028,2020-05-08,0.8677882943009939
AOI-0028,2020-05-30,0.8546671128160906
AOI-0028,2020-07-14,0.17596082400444502
AOI-0028,2020-08-03,0.12811720642620433
AOI-0028,2020-08-08,0.15202145352106267
AOI-0028,2020-09-02,0.1473106785900244
AOI-0028,2020-09-13,0.20625691044989747
AOI-0028,2021-06-14,0.721743829360545
AOI-0028,2021-06-16,0.7598248926547349
AOI-0028,2021-06-24,0.8333970804203745
AOI-0028,2021-06-26,0.8456946497692203
AOI-0028,2021-07-24,0.7638613988651537
AOI-0028,2021-10-27,0.27197708604485765
AOI-0028,2022-04-07,0.682568092363213
AOI-0028,2022-04-23,0.8742112332796541
AOI-0028,2022-06-09,0.904341372852703
AOI-0028,2022-06-29,0.37122954902972954
AOI-0028,2022-07-28,0.212547119220998
AOI-0028,2022-08-03,0.12187990367197246
AOI-0028,2022-08-08,0.13520620623583707
AOI-0028,2022-08-30,0.1538565903287572
AOI-0028,2022-10-01,0.21085577665740224
AOI-0028,2023-04-07,0.32644197695360216
AOI-0028,2023-04-11,0.22597068169055587
AOI-0028,2023-05-05,0.2479516867409581
AOI-0028,2023-05-09,0.4766567071417701
AOI-0028,2023-06-09,0.22908276745852293
AOI-0028,2023-08-06,0.2000155551712531
AOI-0028,2023-08-23,0.13508874161620568
AOI-0028,2023-08-29,0.2163421964299622
AOI-0028,2023-09-22,0.16816602877690867
AOI-0028,2023-09-24,0.16903926997430088
AOI-0028,2023-09-30,0.31115421536174276
AOI-0028,2024-05-07,0.9137637150562541
AOI-0028,2024-05-23,0.8276608440466329
AOI-0028,2024-05-24,0.7830672695732197
AOI-0028,2024-07-27,0.19610456182112235
AOI-0028,2024-08-03,0.1667235493661934
AOI-0028,2024-08-12,0.14778579176704637
AOI-0028,2024-09-11,0.12218059790204522
AOI-0028,2024-09-16,0.13511651966860874
AOI-0028,2025-04-07,0.3905459862169676
AOI-0028,2025-05-24,0.6207570116946134
AOI-0028,2025-05-31,0.614737702023769
AOI-0028,2025-06-11,0.6714894754641482
AOI-0028,2025-06-26,0.5679928279922535
AOI-0028,2025-06-27,0.5569533318816203
AOI-0028,2025-07-10,0.2901981139349986
AOI-0028,2025-07-13,0.24113867784620352
AOI-0028,2025-07-23,0.15728877877317932
AOI-0028,2025-08-13,0.22250730793345314
AOI-0028,2025-09-08,0.12679645936537892
AOI-0028,2025-09-11,0.13690698787733677
AOI-0028,2025-10-16,0.25660455001233096
AOI-0028,2025-10-28,0.24127783369315403
AOI-0029,2025-04-04,0.544371477890997
AOI-0029,2025-04-24,0.8083830772367273
AOI-0029,2025-06-08,0.735277147311362
AOI-0029,2025-06-10,0.6027584312683403
AOI-0029,2025-06-11,0.7135382407403472
AOI-0029,2025-06-13,0.6581301610646605
AOI-0029,2025-07-29,0.1850732793774292
AOI-0029,2025-08-02,0.11873204601203091
AOI-0029,2025-08-19,0.12524972922591165
AOI-0029,2025-09-11,0.13110603973154725
AOI-0029,2025-09-16,0.14982535394218457
AOI-0030,2025-04-21,0.5483303373340461
AOI-0030,2025-04-24,0.5950878414451796
AOI-0030,2025-06-10,0.7026017886906766
AOI-0030,2025-08-07,0.6466470575227404
AOI-0031,2010-06-04,0.5660373686077868
AOI-0031,2010-09-14,0.1901218707919344
AOI-0031,2011-04-23,0.31889594139542116
AOI-0031,2011-06-10,0.49176707803068614
AOI-0031,2011-07-09,0.23819218546218549
AOI-0031,2011-08-11,0.23666901173810784
AOI-0031,2011-08-18,0.20563528678230905
AOI-0031,2011-08-19,0.20907975003856488
AOI-0031,2011-09-19,0.23854549173393447
AOI-0031,2012-04-06,0.2679479236646114
AOI-0031,2012-04-15,0.1800401251848953
AOI-0031,2013-04-07,0.53967448410588
AOI-0031,2013-05-09,0.6422561686499122
AOI-0031,2013-05-12,0.6199523159439981
AOI-0031,2013-05-25,0.48660112564748
AOI-0031,2013-06-12,0.2534139905123331
AOI-0031,2013-06-28,0.21988078233129293
AOI-0031,2013-07-23,0.23896555233843442
AOI-0031,2013-08-13,0.2752838087146353
AOI-0031,2013-10-16,0.30859056470992047
AOI-0031,2014-05-23,0.35666899547644826
AOI-0031,2014-06-23,0.2947186215209846
AOI-0031,2014-07-17,0.1630847538232864
AOI-0031,2014-07-28,0.2046165223254665
AOI-0031,2014-08-02,0.16295332002188506
AOI-0031,2014-08-13,0.19948235586642732
AOI-0031,2014-10-14,0.16570987347971883
AOI-0031,2015-09-22,0.2207792912964609
AOI-0031,2015-10-16,0.21025755235796778
AOI-0031,2016-04-01,0.2545435040622075
AOI-0031,2016-04-17,0.41148973837699077
AOI-0031,2016-04-22,0.6482548952840749
AOI-0031,2016-05-03,0.6442634503184248
AOI-0031,2016-05-24,0.7068626841923619
AOI-0031,2016-06-09,0.5588379989230544
AOI-0031,2016-06-12,0.6128794182140941
AOI-0031,2016-06-20,0.3666881761207508
AOI-0031,2016-06-25,0.3181063547262515
AOI-0031,2016-07-30,0.2594083865213539
AOI-0031,2017-05-06,0.7625481072853181
AOI-0031,2017-06-07,0.7243438122166335
AOI-0031,2017-08-03,0.21184007006752123
AOI-0031,2017-08-13,0.18685014772202682
AOI-0031,2017-09-04,0.1894798632290215
AOI-0031,2017-09-22,0.2765937834306368
AOI-0031,2018-04-23,0.6129761064295762
AOI-0031,2018-05-02,0.6935672313973278
AOI-0031,2018-05-18,0.6353149702128706
AOI-0031,2018-06-03,0.31381562788036443
AOI-0031,2018-06-10,0.28650166428443385
AOI-0031,2018-06-11,0.2759592693572976
AOI-0031,2018-07-13,0.27908691816617587
AOI-0031,2018-09-06,0.22968480745438594
AOI-0031,2018-09-14,0.1876054677333095
AOI-0031,2018-10-07,0.1797172265579094
AOI-0031,2018-10-12,0.1994110436984218
AOI-0031,2019-04-10,0.5129898831079612
AOI-0031,2019-06-14,0.21291424694961003
AOI-0031,2019-06-22,0.15992525659203286
AOI-0031,2019-07-09,0.15120812692736244
AOI-0031,2019-07-23,0.28429356769716396
AOI-0031,2019-08-08,0.45543385699318617
AOI-0031,2019-08-31,0.24146976213491697
AOI-0031,2019-09-17,0.19492382309974018
AOI-0031,2019-10-03,0.2753895579339984
AOI-0031,2019-10-10,0.34897656231359275
AOI-0031,2019-10-12,0.2693916844125592
AOI-0031,2019-10-22,0.5228540776906764
AOI-0031,2020-04-13,0.46175425822155597
AOI-0031,2020-06-01,0.5125576636006588
AOI-0031,2020-06-06,0.5346365998558518
AOI-0031,2020-07-11,0.14936624774643484
AOI-0031,2020-07-18,0.12056169100100833
AOI-0031,2020-07-28,0.12791172157715971
AOI-0031,2020-08-07,0.12421093554563897
AOI-0031,2020-08-17,0.13249150496883852
AOI-0031,2020-08-22,0.1416650160819746
AOI-0031,2020-09-27,0.1640622132838334
AOI-0031,2020-10-13,0.1554806715644162
AOI-0031,2020-10-19,0.10101240087614595
AOI-0031,2020-10-21,0.14830572272306677
AOI-0031,2021-04-07,0.22111054128279325
AOI-0031,2021-05-17,0.26807678405264157
AOI-0031,2021-06-11,0.16061745922390486
AOI-0031,2021-07-01,0.14565487744972627
AOI-0031,2021-07-16,0.1570211445723878
AOI-0031,2021-07-21,0.13427223377817965
AOI-0031,2021-08-06,0.1785747195312446
AOI-0031,2021-08-25,0.15276515003458774
AOI-0031,2021-08-30,0.14705608765527584
AOI-0031,2022-05-14,0.8576626487393136
AOI-0031,2022-06-10,0.6615674180085274
AOI-0031,2022-06-11,0.751935413215444
AOI-0031,2022-06-20,0.4288092238897261
AOI-0031,2022-06-21,0.421600305571426
AOI-0031,2022-07-08,0.17698339850913042
AOI-0031,2022-07-12,0.21656810624741657
AOI-0031,2022-09-08,0.1369341234787562
AOI-0031,2022-09-09,0.12369948528564313
AOI-0031,2022-09-10,0.15275291878371597
AOI-0031,2022-09-11,0.1321855484481549
AOI-0031,2022-09-26,0.1265093928643478
AOI-0031,2022-09-29,0.15460360900232295
AOI-0031,2023-04-04,0.31698400687110356
AOI-0031,2023-04-27,0.39256576826996975
AOI-0031,2023-05-17,0.45461027762945444
AOI-0031,2023-06-17,0.3034259028021928
AOI-0031,2023-06-23,0.25933589518353767
AOI-0031,2023-06-26,0.29688381637090183
AOI-0031,2023-07-11,0.2952208245381208
AOI-0031,2023-08-15,0.2507022669964697
AOI-0031,2023-09-19,0.1934239344677518
AOI-0031,2023-09-20,0.2240058530979245
AOI-0031,2023-09-30,0.22472778228599477
AOI-0031,2023-10-15,0.19115552932845709
AOI-0031,2023-10-24,0.17284366497658285
AOI-0031,2024-05-03,0.19987190950402775
AOI-0031,2024-06-02,0.19355488718053293
AOI-0031,2024-07-02,0.15637413656356441
AOI-0031,2024-07-10,0.12044727464398061
AOI-0031,2024-07-13,0.17059981031304444
AOI-0031,2024-08-09,0.13379042920859485
AOI-0031,2024-08-16,0.14867039863309298
AOI-0031,2024-08-26,0.14669627623941608
AOI-0031,2025-04-19,0.5067830705323708
AOI-0031,2025-04-23,0.61872470913129
AOI-0031,2025-06-21,0.4828381968640534
AOI-0031,2025-07-12,0.20806603271990637
AOI-0031,2025-07-15,0.20347700177663988
AOI-0031,2025-08-06,0.19328203704790192
AOI-0031,2025-08-09,0.1585957669254388
AOI-0031,2025-09-08,0.14238155712782555
AOI-0031,2025-09-15,0.16606911593116536
AOI-0031,2025-09-17,0.1761628238533523
AOI-0031,2025-10-02,0.2187921268205134
AOI-0031,2025-10-22,0.23146469336507192
AOI-0032,2010-06-04,0.2622302435163353
AOI-0032,2010-06-10,0.25190115015045167
AOI-0032,2010-06-20,0.20077889230516924
AOI-0032,2010-07-12,0.2090298252155722
AOI-0032,2010-08-16,0.15173016015517404
AOI-0032,2010-09-14,0.18993343125002646
AOI-0032,2010-09-30,0.21752032597577936
AOI-0032,2011-07-12,0.29902376831366534
AOI-0032,2011-08-29,0.2926716001533185
AOI-0032,2011-09-11,0.18461375625459686
AOI-0032,2011-09-28,0.19401411291928872
AOI-0032,2012-04-06,0.2585036519341362
AOI-0032,2012-05-01,0.3198767141158983
AOI-0032,2012-06-25,0.3041957801034915
AOI-0032,2012-10-08,0.15221258010692562
AOI-0032,2013-05-19,0.4846237490328357
AOI-0032,2013-05-20,0.4558013799131996
AOI-0032,2013-06-10,0.3028976244386174
AOI-0032,2013-06-12,0.3058205036488079
AOI-0032,2013-06-13,0.31586506594827357
AOI-0032,2013-07-22,0.3271813867984469
AOI-0032,2013-07-30,0.34592828511447404
AOI-0032,2013-08-13,0.2960913550699833
AOI-0032,2013-08-29,0.2573673102105005
AOI-0032,2013-09-14,0.2627239887654613
AOI-0032,2014-06-16,0.26130620629060336
AOI-0032,2014-06-26,0.24363389774447314
AOI-0032,2014-07-12,0.1911207163605426
AOI-0032,2014-09-03,0.146041622739347
AOI-0032,2015-04-23,0.23073984205443412
AOI-0032,2015-06-18,0.4868946885295501
AOI-0032,2015-07-13,0.3163611779593822
AOI-0032,2015-09-15,0.18766358036016784
AOI-0032,2015-09-23,0.20206305128404342
AOI-0032,2015-09-30,0.20573993848140282
AOI-0032,2016-04-06,0.24843350860624264
AOI-0032,2016-04-10,0.18009157526770903
AOI-0032,2016-05-03,0.24252865956864267
AOI-0032,2016-06-09,0.35163078844961326
AOI-0032,2016-06-28,0.2138759310622402
AOI-0032,2016-07-15,0.17903795266212358
AOI-0032,2016-07-30,0.20028453956006914
AOI-0032,2016-08-16,0.17376584022543193
AOI-0032,2016-09-09,0.18756621309812999
AOI-0032,2016-10-18,0.3983652691289187
AOI-0032,2017-04-04,0.40683638580819315
AOI-0032,2017-04-28,0.7040515825123506
AOI-0032,2017-05-09,0.7752573638785137
AOI-0032,2017-07-02,0.24062907005660178
AOI-0032,2017-08-02,0.1751853001025588
AOI-0032,2017-08-11,0.13976756437196036
AOI-0032,2017-08-19,0.1430958343700981
AOI-0032,2017-08-27,0.1938892641678914
AOI-0032,2017-09-03,0.15918299451732923
AOI-0032,2017-09-12,0.16306887512154022
AOI-0032,2018-04-15,0.19313082849518798
AOI-0032,2018-06-10,0.1790261321232562
AOI-0032,2018-06-19,0.15844382135057972
AOI-0032,2018-09-14,0.1822300943596823
AOI-0032,2018-09-23,0.1729504641114123
AOI-0032,2018-09-30,0.21097682387320713
AOI-0032,2018-10-07,0.1627444583406919
AOI-0032,2018-10-12,0.23199923294455047
AOI-0032,2019-04-26,0.7136819881891481
AOI-0032,2019-04-28,0.7023674232666604
AOI-0032,2019-05-18,0.8083585541518075
AOI-0032,2019-05-20,0.8082935414247734
AOI-0032,2019-05-30,0.657387578678338
AOI-0032,2019-06-14,0.28512850745205354
AOI-0032,2019-06-19,0.16766937586860503
AOI-0032,2019-07-23,0.1645237165552133
AOI-0032,2019-09-25,0.13169925423679657
AOI-0032,2019-10-05,0.148254577299341
AOI-0032,2019-10-11,0.2177089583077637
AOI-0032,2019-10-25,0.3758151940416501
AOI-0032,2019-10-28,0.3928894094219064
AOI-0032,2020-05-27,0.4075979520274727
AOI-0032,2020-05-30,0.3914421839333654
AOI-0032,2020-06-24,0.20651429318375614
AOI-0032,2020-06-26,0.1748875096408846
AOI-0032,2020-08-05,0.12865004056507728
AOI-0032,2020-08-07,0.12291346036256867
AOI-0032,2020-09-13,0.17240592896262114
AOI-0032,2020-09-28,0.1278995589634046
AOI-0032,2020-09-29,0.16077178614490442
AOI-0032,2020-10-05,0.12585349774364288
AOI-0032,2020-10-06,0.14866269892077347
AOI-0032,2020-10-24,0.15208263831153745
AOI-0032,2021-04-04,0.053454529338440575
AOI-0032,2021-04-23,0.24734983054093707
AOI-0032,2021-05-01,0.25142299879306673
AOI-0032,2021-05-25,0.2863696894853107
AOI-0032,2021-06-18,0.1618861902213412
AOI-0032,2021-07-01,0.15341577699286624
AOI-0032,2021-07-18,0.13878802666769646
AOI-0032,2021-09-06,0.16592601147925048
AOI-0032,2021-09-15,0.1767723489555788
AOI-0032,2021-10-08,0.3370580471615375
AOI-0032,2022-04-26,0.797523993087891
AOI-0032,2022-05-09,0.8315573743948268
AOI-0032,2022-05-13,0.8604192457443055
AOI-0032,2022-05-29,0.8508635937660137
AOI-0032,2022-06-06,0.7382514293667782
AOI-0032,2022-06-13,0.5857916740588401
AOI-0032,2022-06-30,0.31136975494287666
AOI-0032,2022-08-01,0.16070200934747822
AOI-0032,2022-08-02,0.09449223102649777
AOI-0032,2022-08-15,0.0983176930357704
AOI-0032,2022-08-24,0.1600019849272912
AOI-0032,2022-08-29,0.17036099456574336
AOI-0032,2022-09-11,0.14078509084337693
AOI-0032,2023-04-07,0.257796655319232
AOI-0032,2023-04-12,0.17077187783211137
AOI-0032,2023-05-12,0.21845378369543939
AOI-0032,2023-05-15,0.22732522769810112
AOI-0032,2023-05-24,0.3057071624976009
AOI-0032,2023-06-06,0.40708890297272693
AOI-0032,2023-06-18,0.542449655014428
AOI-0032,2023-07-26,0.27378376773059554
AOI-0032,2023-07-28,0.3056717150587837
AOI-0032,2023-08-08,0.24638195724552733
AOI-0032,2023-09-01,0.23677350418854734
AOI-0032,2023-09-11,0.2229225761550622
AOI-0032,2023-09-24,0.18659053707501425
AOI-0032,2024-04-07,0.2159205761009045
AOI-0032,2024-05-06,0.20646077696684104
AOI-0032,2024-06-03,0.22481019839451089
AOI-0032,2024-07-12,0.1399893144003653
AOI-0032,2024-07-25,0.14843479432144077
AOI-0032,2024-07-30,0.129480874486986
AOI-0032,2024-08-22,0.16521117753987172
AOI-0032,2024-08-30,0.16617638740166493
AOI-0032,2024-09-13,0.14177747668739177
AOI-0032,2024-09-18,0.15069558475286682
AOI-0032,2024-10-05,0.13305101800337923
AOI-0032,2024-10-15,0.21864887437606756
AOI-0032,2024-10-23,0.13874153969867453
AOI-0032,2025-05-06,0.7081841684386805
AOI-0032,2025-05-28,0.7143034546332645
AOI-0032,2025-06-30,0.3046001776300761
AOI-0032,2025-07-07,0.20794638444569385
AOI-0032,2025-07-10,0.19427214417221078
AOI-0032,2025-08-13,0.18670561385480652
AOI-0032,2025-08-16,0.15691620028466743
AOI-0032,2025-08-24,0.14239106910472685
AOI-0032,2025-08-31,0.1609157351667689
AOI-0032,2025-09-03,0.1298787088672431
AOI-0032,2025-10-08,0.17500502209243013
AOI-0033,2025-04-28,0.17777954027184073
AOI-0033,2025-05-20,0.3557728875837658
AOI-0033,2025-06-10,0.6558592603251799
AOI-0033,2025-06-22,0.7398587595318609
AOI-0033,2025-07-05,0.4524077874364826
AOI-0033,2025-07-10,0.3313513862273409
AOI-0033,2025-09-15,0.2832446452552918
AOI-0034,2025-04-25,0.2057050269611782
AOI-0034,2025-05-06,0.17891706714166256
AOI-0034,2025-05-09,0.3428370200166606
AOI-0034,2025-06-10,0.194839203561674
AOI-0034,2025-06-15,0.16259528573502546
AOI-0034,2025-06-21,0.21447044230094056
AOI-0034,2025-07-07,0.12065675886437247
AOI-0034,2025-07-10,0.13861508405165623
AOI-0034,2025-07-16,0.1751581060108217
AOI-0034,2025-08-31,0.15890024622162727
AOI-0034,2025-09-13,0.14747927961218804
AOI-0034,2025-09-23,0.14692607744659422
AOI-0034,2025-10-02,0.27251785575849286
AOI-0034,2025-10-16,0.5480518125175444
AOI-0035,2025-05-16,0.15478401040340367
AOI-0035,2025-05-20,0.2045476432277915
AOI-0035,2025-06-05,0.19245396363313882
AOI-0035,2025-06-07,0.1562122246139155
AOI-0035,2025-06-10,0.18360385630392978
AOI-0035,2025-07-30,0.12603534133957806
AOI-0035,2025-08-31,0.1349786354667387
AOI-0035,2025-09-26,0.1879015650438539
AOI-0035,2025-09-28,0.1392510539344133
AOI-0035,2025-10-02,0.21138546995738441
AOI-0035,2025-10-30,0.6145119888067906
AOI-0036,2025-05-16,0.596734355751012
AOI-0036,2025-07-16,0.2666418718874044
AOI-0036,2025-08-01,0.1728468685609421
AOI-0036,2025-08-09,0.1449260372210376
AOI-0036,2025-08-23,0.17094515357571177
AOI-0036,2025-10-02,0.1932191172576948
AOI-0037,2025-04-07,0.5412270484180653
AOI-0037,2025-04-16,0.5092623442665348
AOI-0037,2025-05-23,0.6426749433147727
AOI-0037,2025-06-30,0.3573786239324176
AOI-0037,2025-07-14,0.3137072813028592
AOI-0037,2025-07-23,0.27981677399202076
AOI-0037,2025-08-09,0.2378398389636889
AOI-0037,2025-08-16,0.2429943355750026
AOI-0037,2025-09-12,0.1965058299839762
AOI-0037,2025-09-13,0.19728846900643737
AOI-0037,2025-09-23,0.21062144948972616
AOI-0037,2025-09-26,0.23598100800823976
AOI-0037,2025-09-30,0.2546473309967
AOI-0037,2025-10-05,0.19749540765468088
AOI-0038,2025-04-07,0.4860013201580761
AOI-0038,2025-04-25,0.5169553037579432
AOI-0038,2025-06-14,0.47460044525447287
AOI-0038,2025-07-10,0.20182527246635013
AOI-0038,2025-07-15,0.18965879540795266
AOI-0038,2025-08-14,0.19673769862293722
AOI-0038,2025-09-02,0.22280750162128
AOI-0038,2025-10-05,0.1854553296049677
AOI-0038,2025-10-08,0.1849498290745733
AOI-0038,2025-10-16,0.3053896370661854
AOI-0039,2025-05-04,0.7542075218674371
AOI-0039,2025-05-08,0.6725348930011139
AOI-0039,2025-05-28,0.6734811780885346
AOI-0039,2025-07-10,0.45292519099384987
AOI-0039,2025-08-06,0.33933370007132846
AOI-0039,2025-08-24,0.36056355313247435
AOI-0039,2025-09-08,0.321703956793825
AOI-0039,2025-09-12,0.31437627941013585
AOI-0039,2025-09-14,0.35014276519174337
AOI-0039,2025-09-26,0.3420147015296121
AOI-0039,2025-10-23,0.38726220970976155
AOI-0040,2025-04-02,0.29879414533150644
AOI-0040,2025-04-03,0.30274549868409395
AOI-0040,2025-05-06,0.7311916992863641
AOI-0040,2025-06-07,0.6996452748715671
AOI-0040,2025-07-08,0.2460701359674361
AOI-0040,2025-09-12,0.1379647909737132
AOI-0040,2025-09-13,0.13931291340963137
AOI-0040,2025-09-28,0.1511640467082111
AOI-0040,2025-09-30,0.20849169816041818
AOI-0040,2025-10-02,0.1819838854649054
AOI-0041,2025-04-23,0.6424458827997559
AOI-0041,2025-05-20,0.6336196680410793
AOI-0041,2025-06-22,0.36988813790206576
AOI-0041,2025-06-27,0.39512364309287773
AOI-0041,2025-07-23,0.2908297604623905
AOI-0041,2025-08-19,0.22877356505485813
AOI-0041,2025-09-30,0.30413508535135036
AOI-0042,2025-04-18,0.18154454956230107
AOI-0042,2025-05-04,0.17834586200383518
AOI-0042,2025-06-13,0.17861430027358205
AOI-0042,2025-07-14,0.1608627242251713
AOI-0042,2025-07-16,0.1717647037141967
AOI-0042,2025-07-24,0.1670705244803124
AOI-0042,2025-08-17,0.16268511182616738
AOI-0042,2025-08-19,0.1332519780045746
AOI-0042,2025-08-24,0.12341518108561987
AOI-0042,2025-08-29,0.14294217951319776
AOI-0042,2025-09-15,0.13693999825861727
AOI-0042,2025-09-17,0.15440494228369442
AOI-0042,2025-10-02,0.18816553611881062
AOI-0043,2025-04-24,0.22285287271213536
AOI-0043,2025-04-29,0.22089369141906023
AOI-0043,2025-05-31,0.1936871942414207
AOI-0043,2025-06-08,0.1905664349409707
AOI-0043,2025-06-15,0.1411613476820366
AOI-0043,2025-06-17,0.13955735926016172
AOI-0043,2025-06-25,0.13244976926321755
AOI-0043,2025-07-07,0.18293988874227318
AOI-0043,2025-07-13,0.16001838634103982
AOI-0043,2025-08-12,0.12560168324451954
AOI-0043,2025-09-24,0.2077508741510297
AOI-0043,2025-10-13,0.16169451171623375
AOI-0043,2025-10-15,0.17742341550959165
AOI-0044,2010-04-16,0.21635224873307102
AOI-0044,2010-04-25,0.2648663038603236
AOI-0044,2010-05-09,0.4810440899008416
AOI-0044,2010-05-18,0.3579609892421282
AOI-0044,2010-06-12,0.43111699773320716
AOI-0044,2010-06-20,0.3962292420581734
AOI-0044,2010-06-28,0.4820864588921154
AOI-0044,2010-07-29,0.23680993434760444
AOI-0044,2010-08-06,0.18571458172522726
AOI-0044,2010-10-16,0.2629547148930682
AOI-0044,2010-10-25,0.17105044038948222
AOI-0044,2011-07-16,0.6811832112282455
AOI-0044,2011-08-01,0.35295757683877094
AOI-0044,2011-08-02,0.31357224291109587
AOI-0044,2011-10-16,0.3784730653014713
AOI-0044,2012-04-06,0.322469561864995
AOI-0044,2012-05-08,0.6560949381041731
AOI-0044,2013-05-02,0.2250239006213162
AOI-0044,2013-05-03,0.23947584282028372
AOI-0044,2013-05-11,0.2659122319020674
AOI-0044,2014-04-07,0.3895358793782313
AOI-0044,2014-06-06,0.2400701387502611
AOI-0044,2014-06-14,0.2376427212547133
AOI-0044,2014-06-23,0.2278248971557863
AOI-0044,2014-08-02,0.16981708952681313
AOI-0044,2014-08-09,0.17126473250036633
AOI-0044,2014-08-29,0.2341785521981769
AOI-0044,2014-09-18,0.19156960852734278
AOI-0044,2014-09-19,0.16408393190175993
AOI-0044,2014-10-04,0.20205611385108158
AOI-0044,2014-10-12,0.16676061716785695
AOI-0044,2014-10-28,0.20126760367914678
AOI-0044,2014-10-29,0.20754879841722884
AOI-0044,2015-06-26,0.48806404827730937
AOI-0044,2015-07-27,0.2626495226786735
AOI-0044,2015-07-28,0.3088778021442432
AOI-0044,2015-08-29,0.24814617321008245
AOI-0044,2015-10-08,0.20441360358531793
AOI-0044,2015-10-16,0.26465532111439866
AOI-0044,2016-04-08,0.508273905786937
AOI-0044,2016-05-08,0.8266332668796713
AOI-0044,2016-05-11,0.852436487509641
AOI-0044,2016-06-20,0.4057530729476887
AOI-0044,2016-06-25,0.3667183136219198
AOI-0044,2016-07-13,0.2865104877384949
AOI-0044,2016-07-27,0.35862504294552666
AOI-0044,2016-09-07,0.21757269396519632
AOI-0044,2016-09-13,0.26479580102268796
AOI-0044,2016-10-02,0.21657190560001677
AOI-0044,2016-10-26,0.22745238678344987
AOI-0044,2017-04-03,0.1816569288899847
AOI-0044,2017-04-04,0.19249314731851086
AOI-0044,2017-04-12,0.23231497474266766
AOI-0044,2017-06-27,0.21205752657583302
AOI-0044,2017-06-30,0.216307929296455
AOI-0044,2017-08-10,0.18042564603483477
AOI-0044,2017-09-14,0.26125615813942193
AOI-0044,2018-04-06,0.5372732051118071
AOI-0044,2018-07-12,0.2594543686665268
AOI-0044,2018-07-19,0.16219881105165274
AOI-0044,2018-09-30,0.2302054639625032
AOI-0044,2019-04-25,0.36843098843258326
AOI-0044,2019-04-26,0.37933367009916164
AOI-0044,2019-06-02,0.7023284730613564
AOI-0044,2019-06-12,0.4747739444093757
AOI-0044,2019-06-20,0.34480559031803465
AOI-0044,2019-08-13,0.43509822338064963
AOI-0044,2019-09-10,0.18128291525799184
AOI-0044,2019-09-15,0.16035229276330087
AOI-0044,2019-09-16,0.19585682858899287
AOI-0044,2019-10-10,0.17543513380619996
AOI-0044,2020-04-17,0.1865541127167807
AOI-0044,2020-04-22,0.20695396566976304
AOI-0044,2020-05-17,0.18144845360825496
AOI-0044,2020-06-30,0.2101869620119689
AOI-0044,2020-08-10,0.13161420170951588
AOI-0044,2020-09-09,0.1505069795570822
AOI-0044,2020-09-10,0.14996735496270416
AOI-0044,2020-09-26,0.12865337563403498
AOI-0044,2020-09-29,0.16576815314773502
AOI-0044,2020-10-14,0.1530434080956724
AOI-0044,2020-10-21,0.1478594246969972
AOI-0044,2021-05-12,0.7206888713218842
AOI-0044,2021-05-17,0.7240381256999575
AOI-0044,2021-05-25,0.7197235509194306
AOI-0044,2021-07-16,0.22940967093012188
AOI-0044,2021-07-21,0.15502809138032517
AOI-0044,2021-09-30,0.23426101737269167
AOI-0044,2021-10-07,0.16780445462397145
AOI-0044,2022-05-27,0.7360204160379111
AOI-0044,2022-06-06,0.7352806853856295
AOI-0044,2022-06-12,0.7067701176388181
AOI-0044,2022-07-07,0.21860211685814473
AOI-0044,2022-08-10,0.23827862853356113
AOI-0044,2022-08-13,0.27869463537064154
AOI-0044,2022-08-24,0.2869603330729011
AOI-0044,2022-09-25,0.2069366513115134
AOI-0044,2022-09-30,0.27331185148123616
AOI-0044,2023-04-02,0.2049157823892984
AOI-0044,2023-04-07,0.2963809485164818
AOI-0044,2023-06-06,0.23126641032691525
AOI-0044,2023-06-30,0.1907726273469154
AOI-0044,2023-07-05,0.19188422008505024
AOI-0044,2023-07-09,0.20252992334407552
AOI-0044,2023-07-11,0.1536476894825768
AOI-0044,2023-07-16,0.16311883962130191
AOI-0044,2023-07-25,0.21632312916466187
AOI-0044,2023-08-05,0.150307631380332
AOI-0044,2023-08-25,0.1531063610423814
AOI-0044,2023-09-30,0.26593989952066555
AOI-0044,2023-10-14,0.2747738830953018
AOI-0044,2024-04-06,0.7947842757871914
AOI-0044,2024-04-14,0.851465843463428
AOI-0044,2024-06-05,0.593713448772521
AOI-0044,2024-09-06,0.17043803555932016
AOI-0044,2024-09-21,0.16202576492639403
AOI-0044,2025-04-02,0.1918277830843539
AOI-0044,2025-05-20,0.21787540720126478
AOI-0044,2025-07-06,0.20807604783367512
AOI-0044,2025-07-10,0.15890830444256127
AOI-0044,2025-08-14,0.1586531342001045
AOI-0044,2025-09-23,0.1584974277274142
AOI-0044,2025-10-03,0.1701581049907432
AOI-0044,2025-10-15,0.1589087887606162
AOI-0045,2025-04-26,0.24583021393571908
AOI-0045,2025-06-15,0.16342739741604914
AOI-0045,2025-06-27,0.17694476748441929
AOI-0045,2025-06-29,0.22104005871903273
AOI-0045,2025-07-31,0.2092270861217947
AOI-0045,2025-08-13,0.20883020251713044
AOI-0045,2025-08-15,0.20415909688671763
AOI-0045,2025-08-16,0.16174769651308984
AOI-0045,2025-09-30,0.22246149082826955
AOI-0045,2025-10-15,0.1658616801743253
AOI-0046,2010-06-26,0.33263647480261305
AOI-0046,2010-07-12,0.36491906068307184
AOI-0046,2010-09-14,0.40223675446260937
AOI-0046,2011-05-30,0.28449762463982864
AOI-0046,2011-08-17,0.1858826633104106
AOI-0046,2012-04-22,0.4464087119184441
AOI-0046,2012-04-29,0.30133884640033787
AOI-0046,2012-06-09,0.6113468768331927
AOI-0046,2013-04-25,0.23935259653761484
AOI-0046,2013-05-09,0.4693500753284241
AOI-0046,2013-06-11,0.5711931799214931
AOI-0046,2013-06-27,0.37610754921830175
AOI-0046,2013-07-21,0.311081634275707
AOI-0046,2013-07-28,0.3378887496575522
AOI-0046,2013-07-30,0.28031409209832064
AOI-0046,2014-05-25,0.7657996884074845
AOI-0046,2014-05-29,0.783007458976358
AOI-0046,2014-07-01,0.3048739880542579
AOI-0046,2014-07-12,0.33171868752538247
AOI-0046,2014-08-01,0.19827960026851837
AOI-0046,2014-08-25,0.1517960452116557
AOI-0046,2014-09-19,0.1564921416212937
AOI-0046,2015-05-17,0.26964662265466616
AOI-0046,2015-07-12,0.36471802763385
AOI-0046,2015-09-22,0.22664365569102327
AOI-0046,2015-10-16,0.2592647057308936
AOI-0046,2016-05-02,0.8553484844165664
AOI-0046,2016-05-10,0.8608440594743942
AOI-0046,2016-05-18,0.8763505908547113
AOI-0046,2016-06-03,0.7265830492882285
AOI-0046,2016-06-09,0.6588737075303761
AOI-0046,2016-07-13,0.20083618607447407
AOI-0046,2016-07-30,0.24871913003740517
AOI-0046,2016-10-02,0.24849407947133856
AOI-0046,2016-10-17,0.3242259573889732
AOI-0046,2016-10-25,0.3250325368138344
AOI-0046,2017-04-13,0.4176679625515786
AOI-0046,2017-06-27,0.4203786134712182
AOI-0046,2017-07-02,0.3410390359513712
AOI-0046,2017-07-24,0.22702242724349975
AOI-0046,2017-08-09,0.18383051809763545
AOI-0046,2017-08-21,0.1582341399095318
AOI-0046,2017-09-10,0.23011810782995762
AOI-0046,2017-09-15,0.29834188792107197
AOI-0046,2017-10-12,0.31692427417587155
AOI-0046,2018-05-09,0.36835668190614246
AOI-0046,2018-06-01,0.21879436944110212
AOI-0046,2018-07-20,0.20186231296453583
AOI-0046,2018-08-20,0.17239412734389742
AOI-0046,2018-08-29,0.1943632513258899
AOI-0046,2018-10-15,0.18971516186235954
AOI-0046,2018-10-24,0.20091892776435333
AOI-0046,2019-04-01,0.22417668097130505
AOI-0046,2019-04-18,0.33430819559198244
AOI-0046,2019-05-19,0.8015577426812093
AOI-0046,2019-08-01,0.2305095356612924
AOI-0046,2019-09-01,0.20622774517260203
AOI-0046,2019-10-20,0.4331911468181716
AOI-0046,2020-04-04,0.800949089338058
AOI-0046,2020-04-07,0.8342051753553992
AOI-0046,2020-05-08,0.8295833581063724
AOI-0046,2020-05-24,0.8089927590872084
AOI-0046,2020-06-09,0.6942000908862883
AOI-0046,2020-09-10,0.15132417628525469
AOI-0046,2020-09-13,0.19579286560325196
AOI-0046,2020-09-26,0.1289333358478366
AOI-0046,2020-10-21,0.15357248624239792
AOI-0046,2021-05-02,0.5460545705154297
AOI-0046,2021-05-25,0.7920385265789116
AOI-0046,2021-07-11,0.30360762164185556
AOI-0046,2021-07-28,0.28238756760601624
AOI-0046,2021-08-13,0.39276309793277225
AOI-0046,2021-08-20,0.22399830692875475
AOI-0046,2021-08-29,0.40634190116088775
AOI-0046,2021-09-06,0.5195624735032076
AOI-0046,2022-06-05,0.2546756881729827
AOI-0046,2022-07-24,0.1926473732275631
AOI-0046,2022-07-29,0.17239509941733427
AOI-0046,2022-07-30,0.23175219132701524
AOI-0046,2022-08-24,0.22568493972593365
AOI-0046,2022-08-30,0.15391089659730628
AOI-0046,2023-04-02,0.5974290535937097
AOI-0046,2023-04-29,0.8568723835338558
AOI-0046,2023-05-06,0.9019164310437284
AOI-0046,2023-06-21,0.6456819362220898
AOI-0046,2023-06-24,0.4880080886629222
AOI-0046,2023-07-22,0.25470593913819284
AOI-0046,2023-07-25,0.2766605253775548
AOI-0046,2023-08-13,0.1759645026302137
AOI-0046,2023-08-18,0.174287439903291
AOI-0046,2023-08-25,0.17449374742856957
AOI-0046,2023-08-27,0.19691377471887928
AOI-0046,2023-08-28,0.16335228841802163
AOI-0046,2023-10-13,0.21100723944274383
AOI-0046,2023-10-29,0.2748256871667996
AOI-0046,2024-04-06,0.7376266701659276
AOI-0046,2024-05-08,0.8790577467567369
AOI-0046,2024-05-09,0.8819869419759276
AOI-0046,2024-06-01,0.802325865437753
AOI-0046,2024-06-09,0.5118240785625269
AOI-0046,2024-07-03,0.22108532847576792
AOI-0046,2024-07-19,0.16912398527393413
AOI-0046,2024-08-09,0.14900886525336182
AOI-0046,2024-08-20,0.20384328759993203
AOI-0046,2024-08-28,0.1912770895081066
AOI-0046,2024-09-13,0.1548524855247368
AOI-0046,2024-09-22,0.20058734131289663
AOI-0046,2024-10-13,0.12662915527243035
AOI-0046,2025-06-30,0.7470539934820923
AOI-0046,2025-07-15,0.45523439875178295
AOI-0046,2025-08-07,0.4156318202243311
AOI-0046,2025-08-15,0.44399324183911265
AOI-0046,2025-09-24,0.2228274794165643
AOI-0046,2025-10-02,0.2086763169716172
AOI-0047,2025-05-08,0.7478724208267894
AOI-0047,2025-05-16,0.7614933357648457
AOI-0047,2025-05-25,0.712229336982144
AOI-0047,2025-06-15,0.3759687433854847
AOI-0047,2025-07-17,0.15865588667791236
AOI-0047,2025-07-18,0.15928156434620785
AOI-0047,2025-09-03,0.1372171620736632
AOI-0047,2025-10-15,0.16562546562810992
AOI-0047,2025-10-16,0.24886537949647633
AOI-0048,2025-04-07,0.6909945898136001
AOI-0048,2025-04-17,0.7005575871266156
AOI-0048,2025-05-09,0.6994893023512021
AOI-0048,2025-09-17,0.18873536980478084
AOI-0048,2025-09-24,0.19150734831427046
AOI-0049,2025-05-04,0.7718408129051576
AOI-0049,2025-06-26,0.3577921125865942
AOI-0049,2025-06-27,0.24053777245188196
AOI-0049,2025-07-29,0.2387707179774003
AOI-0049,2025-08-06,0.19425651834437105
AOI-0049,2025-08-12,0.17744333120313185
AOI-0049,2025-08-17,0.17197898878558282
AOI-0049,2025-09-06,0.17358560027409478
AOI-0049,2025-09-14,0.25494892608137176
AOI-0049,2025-09-26,0.20012872415435315
AOI-0049,2025-09-30,0.3037781195550755
AOI-0049,2025-10-08,0.19630854408380932
AOI-0049,2025-10-16,0.2589768994896865
AOI-0049,2025-10-28,0.2596424910593207
AOI-0050,2025-04-14,0.30522275669846277
AOI-0050,2025-04-15,0.33713017980474647
AOI-0050,2025-05-25,0.6442874017145738
AOI-0050,2025-06-27,0.5139406886583979
AOI-0050,2025-08-07,0.28722237870301537
AOI-0050,2025-08-09,0.28155293179167484
AOI-0050,2025-08-13,0.43493749124294345
AOI-0050,2025-08-17,0.2838077601241673
AOI-0050,2025-09-07,0.3494999503110823
AOI-0050,2025-09-30,0.42014146414106884
AOI-0050,2025-10-17,0.3860009012681925
AOI-0050,2025-10-28,0.36761955571475663
AOI-0051,2010-06-09,0.7062719769465458
AOI-0051,2011-06-04,0.5255536293980818
AOI-0051,2011-06-05,0.5345804967145857
AOI-0051,2011-06-12,0.619075130965481
AOI-0051,2011-06-13,0.6160996901597022
AOI-0051,2011-09-01,0.5767844264769743
AOI-0051,2011-10-11,0.4014097276971487
AOI-0051,2012-04-27,0.5055752651236176
AOI-0051,2012-05-22,0.6297251785256786
AOI-0051,2012-08-12,0.4708213620177141
AOI-0051,2012-08-26,0.337181080320493
AOI-0051,2012-08-28,0.4506994760756475
AOI-0051,2012-09-18,0.3402946028931274
AOI-0051,2012-10-13,0.382869275503706
AOI-0051,2013-05-01,0.7689836752713743
AOI-0051,2013-07-19,0.4170165746536265
AOI-0051,2013-07-28,0.5130060517204519
AOI-0051,2013-08-29,0.4665519529786843
AOI-0051,2013-10-07,0.4742872849149608
AOI-0051,2013-10-16,0.512866252536365
AOI-0051,2014-04-18,0.792629797613192
AOI-0051,2014-06-05,0.7250987649758913
AOI-0051,2014-06-10,0.6055269568847528
AOI-0051,2014-06-28,0.48704451481645683
AOI-0051,2014-09-08,0.3768020612418489
AOI-0051,2014-09-16,0.3901726967080152
AOI-0051,2015-04-07,0.33318015036188087
AOI-0051,2015-05-23,0.7367118143823927
AOI-0051,2015-06-10,0.7266277793953497
AOI-0051,2015-06-15,0.7509771558111549
AOI-0051,2015-06-26,0.67058688832048
AOI-0051,2015-09-14,0.37468031410403
AOI-0051,2015-09-20,0.3155435798439792
AOI-0051,2015-10-06,0.2385175482830456
AOI-0051,2016-04-06,0.6303603471526663
AOI-0051,2016-06-25,0.5191457789357785
AOI-0051,2016-07-12,0.4223467920544421
AOI-0051,2016-08-28,0.4485990198316338
AOI-0051,2016-09-14,0.34743181112891675
AOI-0051,2016-09-29,0.4162581113826303
AOI-0051,2016-10-24,-0.05148828542368245
AOI-0051,2017-05-28,0.5250850413294438
AOI-0051,2017-06-21,0.668733490653091
AOI-0051,2017-06-28,0.6438615509658372
AOI-0051,2017-07-06,0.6256036019245168
AOI-0051,2017-07-23,0.6451489961270895
AOI-0051,2017-09-25,0.3161281922798726
AOI-0051,2017-09-30,0.3657772161533922
AOI-0051,2017-10-16,0.3388613385636582
AOI-0051,2018-04-11,0.44521363555132343
AOI-0051,2018-04-28,0.638042662291618
AOI-0051,2018-04-29,0.6658944016050472
AOI-0051,2018-05-30,0.7242955890298404
AOI-0051,2018-06-26,0.4328445392114263
AOI-0051,2018-07-02,0.284943460498691
AOI-0051,2018-08-02,0.32019783281198144
AOI-0051,2018-08-18,0.32133596641199536
AOI-0051,2018-09-14,0.3772445826701326
AOI-0051,2018-09-19,0.3135124133361609
AOI-0051,2018-10-14,0.2655233894252731
AOI-0051,2019-05-17,0.8498086791015892
AOI-0051,2019-05-31,0.7496973970884306
AOI-0051,2019-06-25,0.26985895165711576
AOI-0051,2019-06-30,0.2740051529507135
AOI-0051,2019-07-29,0.3457664996041832
AOI-0051,2019-08-05,0.3533826115901894
AOI-0051,2019-08-13,0.38228076316016313
AOI-0051,2019-08-22,0.2864853709532131
AOI-0051,2019-09-13,0.23661539164622727
AOI-0051,2019-10-16,0.37156965723950003
AOI-0051,2020-04-26,0.418732601732411
AOI-0051,2020-06-09,0.7170665458134384
AOI-0051,2020-07-04,0.47197914615903014
AOI-0051,2020-07-27,0.47229733374021443
AOI-0051,2020-08-31,0.35069506630072533
AOI-0051,2020-09-07,0.24103503937390183
AOI-0051,2020-10-27,0.14924443173291407
AOI-0051,2021-05-06,0.759363867904389
AOI-0051,2021-06-23,0.5174399142572781
AOI-0051,2021-07-19,0.3109716948026619
AOI-0051,2021-07-28,0.45418338971546973
AOI-0051,2021-08-23,0.3569644921753288
AOI-0051,2021-08-28,0.36738896953986255
AOI-0051,2021-08-29,0.46873039947991957
AOI-0051,2021-09-03,0.3856345455968863
AOI-0051,2021-09-07,0.30601574633860545
AOI-0051,2021-10-02,0.302685799611484
AOI-0051,2021-10-21,0.32021963842040513
AOI-0051,2022-05-09,0.653675574284593
AOI-0051,2022-05-26,0.49606799040922145
AOI-0051,2022-05-27,0.44569507061856456
AOI-0051,2022-06-11,0.6371263318160005
AOI-0051,2022-06-19,0.7029842767161476
AOI-0051,2022-06-30,0.7558079693656552
AOI-0051,2022-07-09,0.7758282943284049
AOI-0051,2022-07-12,0.6389642184986659
AOI-0051,2022-07-22,0.7385911664925401
AOI-0051,2022-07-24,0.7771232198079863
AOI-0051,2022-07-29,0.7401378369677241
AOI-0051,2022-08-13,0.5957988877747227
AOI-0051,2022-08-28,0.5105170143137185
AOI-0051,2022-09-06,0.498451264540836
AOI-0051,2022-09-14,0.4583793018422283
AOI-0051,2022-10-07,0.3685431989912664
AOI-0051,2022-10-15,0.3555752736147313
AOI-0051,2023-04-23,0.8058503653606204
AOI-0051,2023-07-31,0.34508850428037824
AOI-0051,2023-08-28,0.34720784070904465
AOI-0051,2023-09-09,0.37333768161350006
AOI-0051,2023-09-27,0.36837125015056976
AOI-0051,2023-10-04,0.3682677540957582
AOI-0051,2024-04-05,0.3286645659705252
AOI-0051,2024-05-04,0.4149395449351475
AOI-0051,2024-05-22,0.4988364560418142
AOI-0051,2024-06-03,0.5471418960688744
AOI-0051,2024-06-23,0.4747622891934727
AOI-0051,2024-07-28,0.30064093286608384
AOI-0051,2024-08-27,0.2639322406087917
AOI-0051,2024-09-03,0.25365816268682884
AOI-0051,2024-10-01,0.2178319608166576
AOI-0051,2024-10-05,0.26481630843040266
AOI-0051,2024-10-06,0.22968614259221956
AOI-0051,2024-10-15,0.3786259368900139
AOI-0051,2025-05-09,0.7909022045203722
AOI-0051,2025-06-10,0.5090055407777831
AOI-0051,2025-06-27,0.3765761949730496
AOI-0051,2025-07-05,0.32451455788197703
AOI-0051,2025-07-10,0.23034660992304587
AOI-0051,2025-08-05,0.20234552134251085
AOI-0051,2025-08-12,0.1814145709285248
AOI-0051,2025-09-15,0.20781619603586102
AOI-0051,2025-09-16,0.19757611699603062
AOI-0052,2025-04-19,0.17798708874083702
AOI-0052,2025-06-08,0.32709058543822284
AOI-0052,2025-06-11,0.473256824487293
AOI-0052,2025-07-05,0.6803574693790282
AOI-0052,2025-07-18,0.35854207259883947
AOI-0052,2025-08-22,0.1317387453509074
AOI-0052,2025-08-27,0.14101776355139625
AOI-0052,2025-09-06,0.14564662466784856
AOI-0052,2025-09-14,0.19589101052893323
AOI-0052,2025-10-17,0.28509966629050637
AOI-0053,2025-04-11,0.7450040306430888
AOI-0053,2025-04-14,0.7921610270816382
AOI-0053,2025-04-16,0.7714992701012672
AOI-0053,2025-04-19,0.7948572165269715
AOI-0053,2025-04-23,0.8690712182451131
AOI-0053,2025-06-26,0.35832552296695963
AOI-0053,2025-07-28,0.1730388761047813
AOI-0053,2025-08-02,0.15826046133117358
AOI-0053,2025-08-09,0.13682409669067178
AOI-0053,2025-08-12,0.14105677672349473
AOI-0053,2025-08-29,0.1651795397942587
AOI-0053,2025-09-01,0.1314299797862985
AOI-0053,2025-09-07,0.1880804417480838
AOI-0053,2025-09-11,0.14048034558250805
AOI-0053,2025-09-14,0.22202138871312363
AOI-0053,2025-09-15,0.16421331759352947
AOI-0053,2025-09-21,0.14336562340693618
AOI-0053,2025-09-26,0.16511341291987075
AOI-0053,2025-10-28,0.2747085433555803
AOI-0054,2025-04-11,0.5533404828754317
AOI-0054,2025-04-19,0.651941878749144
AOI-0054,2025-05-04,0.7968989617575035
AOI-0054,2025-06-03,0.8126769615388788
AOI-0054,2025-07-28,0.6487574152668515
AOI-0054,2025-08-12,0.6998097709371249
AOI-0054,2025-09-21,0.6699682838136393
AOI-0054,2025-09-30,0.6641662435258167
AOI-0054,2025-10-16,0.6194829192383748
AOI-0055,2025-04-01,0.33805901262341476
AOI-0055,2025-04-11,0.40656403000106645
AOI-0055,2025-05-09,0.5274453998753594
AOI-0055,2025-07-04,0.5300245170213089
AOI-0055,2025-07-05,0.5106090957245213
AOI-0055,2025-07-08,0.48707856926481174
AOI-0055,2025-07-23,0.42405428091622654
AOI-0055,2025-08-17,0.35713450889641574
AOI-0055,2025-09-14,0.4352595878166468
AOI-0055,2025-09-22,0.4396664403067795
AOI-0056,2025-04-23,0.8361448386491813
AOI-0056,2025-05-24,0.7839802143196123
AOI-0056,2025-06-10,0.4746939313539843
AOI-0056,2025-06-19,0.3924299641925417
AOI-0056,2025-07-18,0.1651379801576346
AOI-0056,2025-07-23,0.16799169721715324
AOI-0056,2025-08-09,0.16611657420066978
AOI-0056,2025-09-06,0.18797606176366366
AOI-0056,2025-09-08,0.17116986947973017
AOI-0056,2025-10-16,0.2664802808120201
AOI-0057,2025-05-04,0.8089230016166535
AOI-0057,2025-05-09,0.755129566994711
AOI-0057,2025-05-19,0.5251004719348176
AOI-0057,2025-06-26,0.37063855886180597
AOI-0057,2025-06-27,0.24933790112304619
AOI-0057,2025-07-10,0.2051180529273791
AOI-0057,2025-07-13,0.19633457242095892
AOI-0057,2025-07-18,0.1988917100917264
AOI-0057,2025-08-05,0.19915568058339084
AOI-0057,2025-08-27,0.14430147299830212
AOI-0057,2025-09-01,0.1527712140459053
AOI-0057,2025-09-21,0.16592537206944347
AOI-0058,2010-04-23,0.3795456648264917
AOI-0058,2010-08-13,0.4487050100957811
AOI-0058,2010-08-29,0.3946236872602912
AOI-0058,2010-09-05,0.30560559114610747
AOI-0058,2011-04-02,0.3113957766972176
AOI-0058,2011-04-26,0.509357088970372
AOI-0058,2011-06-12,0.7427194345549986
AOI-0058,2011-07-15,0.5103045480532737
AOI-0058,2011-08-29,0.4459219421268741
AOI-0058,2011-09-01,0.3007185689570796
AOI-0058,2011-10-02,0.31113929289228914
AOI-0058,2011-10-27,0.33821206839328094
AOI-0058,2012-04-22,0.6093354093666424
AOI-0058,2012-06-09,0.694593808528938
AOI-0058,2012-06-23,0.6376220232758691
AOI-0058,2012-07-11,0.576976460496139
AOI-0058,2012-08-12,0.4703468289497746
AOI-0058,2012-09-11,0.378766867427644
AOI-0058,2013-04-07,0.4441221459561612
AOI-0058,2013-04-23,0.506783815950798
AOI-0058,2013-05-09,0.5273482179888218
AOI-0058,2013-06-09,0.508874156709241
AOI-0058,2013-06-10,0.661755358265269
AOI-0058,2013-07-11,0.7021612571849585
AOI-0058,2013-07-19,0.6916554664581245
AOI-0058,2013-08-28,0.25217694543802627
AOI-0058,2013-10-16,0.4213344587618334
AOI-0058,2013-10-24,0.2796638292057123
AOI-0058,2014-04-25,0.80100821387436
AOI-0058,2014-06-05,0.8084140515822067
AOI-0058,2014-06-10,0.6893457189086574
AOI-0058,2014-09-14,0.3705882416030068
AOI-0058,2015-04-28,0.37645469070573256
AOI-0058,2015-05-09,0.6932698016007048
AOI-0058,2015-09-03,0.4719673745929999
AOI-0058,2015-09-27,0.4797313093503697
AOI-0058,2016-04-06,0.7698187426329878
AOI-0058,2016-04-30,0.8266941946154114
AOI-0058,2016-06-09,0.8034169389321085
AOI-0058,2016-07-27,0.5587761459719329
AOI-0058,2016-07-28,0.4631540244272474
AOI-0058,2016-08-13,0.49939932260735864
AOI-0058,2017-04-25,0.8151368887985999
AOI-0058,2017-07-15,0.26875849378847194
AOI-0058,2017-09-13,0.2111571930704721
AOI-0058,2017-09-16,0.2381893583333966
AOI-0058,2018-05-15,0.7221997388576614
AOI-0058,2018-07-26,0.5175155382753458
AOI-0058,2018-08-02,0.48832023739778885
AOI-0058,2019-04-23,0.8057000254421514
AOI-0058,2019-05-25,0.8062252295976013
AOI-0058,2019-06-25,0.27267146663879227
AOI-0058,2019-06-27,0.2879564462743678
AOI-0058,2019-07-04,0.30496316936425333
AOI-0058,2019-08-30,0.23219911257019343
AOI-0058,2019-09-28,0.16069609383454364
AOI-0058,2019-09-30,0.2838189175873072
AOI-0058,2020-04-17,0.41924165797816926
AOI-0058,2020-05-04,0.5569048502951572
AOI-0058,2020-06-05,0.656798573819624
AOI-0058,2020-06-29,0.5650012379953593
AOI-0058,2020-07-06,0.5179397974477213
AOI-0058,2020-07-22,0.42966149208276444
AOI-0058,2020-07-30,0.4184251719659482
AOI-0058,2020-08-07,0.37821889772402395
AOI-0058,2020-08-12,0.4330538680407954
AOI-0058,2020-08-23,0.3392924159804065
AOI-0058,2020-08-28,0.4097040750281453
AOI-0058,2020-09-24,0.2880890391910378
AOI-0058,2020-10-27,0.24727992417322875
AOI-0058,2021-04-15,0.5346936159092135
AOI-0058,2021-05-09,0.7208810970260842
AOI-0058,2021-05-31,0.7171989917136736
AOI-0058,2021-07-09,0.637264494725489
AOI-0058,2021-07-14,0.5039219717412686
AOI-0058,2021-07-25,0.4626717721364496
AOI-0058,2021-08-13,0.47512185250801314
AOI-0058,2021-08-28,0.3416567881734144
AOI-0058,2021-09-27,0.48794105223977324
AOI-0058,2022-06-10,0.782413202197651
AOI-0058,2022-06-18,0.7920094807040592
AOI-0058,2022-07-04,0.27895283822082806
AOI-0058,2022-07-12,0.3375228939020726
AOI-0058,2022-07-17,0.25678269284817384
AOI-0058,2022-07-29,0.19348283512908523
AOI-0058,2022-09-14,0.3079550914025796
AOI-0058,2023-05-09,0.7479658796679232
AOI-0058,2023-05-20,0.5923371767482408
AOI-0058,2023-06-28,0.7887482225685798
AOI-0058,2023-08-17,0.5410381123190908
AOI-0058,2023-09-02,0.419115654506161
AOI-0058,2023-09-10,0.49967155103439087
AOI-0058,2023-09-27,0.5123437090096197
AOI-0058,2023-10-12,0.48979493764960386
AOI-0058,2024-04-09,0.7530679739563723
AOI-0058,2024-05-09,0.8027049467594902
AOI-0058,2024-06-03,0.629997887368868
AOI-0058,2024-06-23,0.3246417593137137
AOI-0058,2024-06-28,0.32272406769131345
AOI-0058,2024-07-09,0.3581433427353731
AOI-0058,2024-07-26,0.2677205392687562
AOI-0058,2024-07-27,0.3573916157535389
AOI-0058,2024-08-18,0.2844094584967052
AOI-0058,2024-08-27,0.20731002216454766
AOI-0058,2024-08-28,0.32968846478269037
AOI-0058,2024-09-21,0.22061409917700256
AOI-0058,2024-09-28,0.21195696567868594
AOI-0058,2024-10-01,0.2040076090234622
AOI-0058,2024-10-30,0.21246200465502693
AOI-0058,2025-04-07,0.5791581120453101
AOI-0058,2025-04-16,0.5037060976268637
AOI-0058,2025-04-24,0.5552274715448063
AOI-0058,2025-07-18,0.3170351288741667
AOI-0058,2025-07-28,0.31697135910767194
AOI-0058,2025-08-02,0.24000414487477142
AOI-0058,2025-08-06,0.2600047678456344
AOI-0058,2025-08-09,0.1982939210612603
AOI-0058,2025-08-12,0.19350830748955775
AOI-0058,2025-08-14,0.1961341860434824
AOI-0058,2025-09-14,0.2758878336346815
AOI-0058,2025-09-22,0.23728030055865473
AOI-0059,2010-06-26,0.7877695017589531
AOI-0059,2010-07-19,0.711248859529588
AOI-0059,2010-08-28,0.26626729253363335
AOI-0059,2011-04-23,0.75362696926873
AOI-0059,2011-05-27,0.7101210315048061
AOI-0059,2011-05-28,0.7250343680876524
AOI-0059,2011-06-12,0.6663924122081438
AOI-0059,2011-06-26,0.7329965803148997
AOI-0059,2011-07-07,0.7818174989699311
AOI-0059,2011-07-28,0.47452688120222064
AOI-0059,2011-08-08,0.5082225169114376
AOI-0059,2011-08-23,0.516645806924922
AOI-0059,2012-04-04,0.594417231424617
AOI-0059,2012-08-12,0.45824953495509146
AOI-0059,2012-08-26,0.26924189149124234
AOI-0059,2012-09-11,0.2696930849398048
AOI-0059,2012-10-13,0.3576751521387343
AOI-0059,2013-05-09,0.8507330552596606
AOI-0059,2013-06-18,0.2888557703101814
AOI-0059,2013-07-20,0.23617937010453685
AOI-0059,2013-08-13,0.3103393432453317
AOI-0059,2013-08-21,0.22708460615388373
AOI-0059,2013-10-16,0.4011620079964726
AOI-0059,2014-05-09,0.8968541098831277
AOI-0059,2014-10-27,0.5722424085227544
AOI-0059,2015-04-13,0.2599011468599836
AOI-0059,2015-05-22,0.36744320448977363
AOI-0059,2015-06-07,0.7379799633734282
AOI-0059,2015-08-02,0.8233733982641499
AOI-0059,2015-08-10,0.7493882246211305
AOI-0059,2015-08-29,0.5881504693789732
AOI-0059,2015-09-27,0.5066651769263072
AOI-0059,2015-09-30,0.40050787752415823
AOI-0059,2016-05-25,0.9211473427939104
AOI-0059,2016-07-04,0.3763741704103768
AOI-0059,2016-09-14,0.2407109948287995
AOI-0059,2016-10-24,0.22433854503044812
AOI-0059,2017-04-02,0.6130676859053827
AOI-0059,2017-05-06,0.8666300277875897
AOI-0059,2017-05-27,0.8937971332227262
AOI-0059,2017-06-04,0.9157402744047571
AOI-0059,2017-06-10,0.8330227058715509
AOI-0059,2017-07-12,0.3616300789714557
AOI-0059,2017-07-23,0.2705037134435155
AOI-0059,2017-07-28,0.38497780236212165
AOI-0059,2017-08-13,0.30739822590089494
AOI-0059,2017-08-29,0.2896992560014203
AOI-0059,2017-09-24,0.22609507211676266
AOI-0059,2018-04-07,0.3964351048861493
AOI-0059,2018-05-22,0.39754415021083067
AOI-0059,2018-05-31,0.4005704711368837
AOI-0059,2018-07-09,0.6021559731831615
AOI-0059,2018-07-18,0.5104027076866433
AOI-0059,2018-07-26,0.45970247157921307
AOI-0059,2018-08-02,0.4159633510588431
AOI-0059,2018-08-10,0.36384930453465875
AOI-0059,2018-08-13,0.34595761831980054
AOI-0059,2018-10-06,0.23469984199007676
AOI-0059,2019-04-11,0.6374736905745805
AOI-0059,2019-04-21,0.7536724885325914
AOI-0059,2019-04-23,0.7412235100411196
AOI-0059,2019-05-21,0.8835017398837826
AOI-0059,2019-06-02,0.8186604668354804
AOI-0059,2019-06-05,0.7997309880786238
AOI-0059,2019-06-10,0.7172948408268656
AOI-0059,2019-06-15,0.5432347352892921
AOI-0059,2019-06-30,0.2143706476033232
AOI-0059,2019-07-29,0.267876519740889
AOI-0059,2019-08-21,0.17916475995515208
AOI-0059,2019-08-24,0.14334608022299475
AOI-0059,2019-09-03,0.14949502157171662
AOI-0059,2019-10-13,0.23502530583231537
AOI-0059,2019-10-24,0.22345129249086748
AOI-0059,2020-04-09,0.2174176461835981
AOI-0059,2020-04-18,0.2421528944679742
AOI-0059,2020-04-25,0.1569787630560754
AOI-0059,2020-05-08,0.6197130650013767
AOI-0059,2020-05-12,0.28696227341436215
AOI-0059,2020-06-05,0.642912585779805
AOI-0059,2020-07-11,0.7132942596081147
AOI-0059,2020-07-30,0.7089211462596836
AOI-0059,2020-10-26,0.19435453604294622
AOI-0059,2021-06-19,0.6580498535127031
AOI-0059,2021-06-23,0.6432933447445179
AOI-0059,2021-06-29,0.37734115541009117
AOI-0059,2021-07-28,0.36817910142874694
AOI-0059,2021-07-29,0.22224202536710638
AOI-0059,2021-08-18,0.35533332571336573
AOI-0059,2021-08-28,0.6045464438095333
AOI-0059,2021-09-07,0.7147642065689832
AOI-0059,2021-09-17,0.7106305704626767
AOI-0059,2021-09-28,0.3890772371293343
AOI-0059,2021-09-30,0.37468742857992715
AOI-0059,2021-10-16,0.3283888789374362
AOI-0059,2022-04-15,0.2518014806333963
AOI-0059,2022-06-10,0.7973962580919384
AOI-0059,2022-06-11,0.7761765904452712
AOI-0059,2022-07-20,0.8022834888650269
AOI-0059,2022-08-18,0.7131316646284626
AOI-0059,2022-09-27,0.39720633047561643
AOI-0059,2022-10-08,0.47152389160792096
AOI-0059,2023-05-13,0.9064134190118335
AOI-0059,2023-05-25,0.8677563664880249
AOI-0059,2023-06-18,0.8392285054448673
AOI-0059,2023-07-16,0.2590612403726327
AOI-0059,2023-07-29,0.17506696311863304
AOI-0059,2023-09-30,0.3055183163250387
AOI-0059,2023-10-12,0.2000633115345667
AOI-0059,2023-10-16,0.2873627275296171
AOI-0059,2024-04-04,0.27452767548593565
AOI-0059,2024-04-13,0.2785887973379557
AOI-0059,2024-04-22,0.42939698626887507
AOI-0059,2024-05-19,0.24457389095728677
AOI-0059,2024-06-09,0.6349902345264957
AOI-0059,2024-07-13,0.32559885281492174
AOI-0059,2024-07-17,0.3630808990013466
AOI-0059,2024-07-27,0.289926107879479
AOI-0059,2024-09-11,0.1720406853837729
AOI-0059,2025-04-01,0.5817295160407485
AOI-0059,2025-04-23,0.8486904934533039
AOI-0059,2025-05-01,0.8545405421345111
AOI-0059,2025-05-09,0.8185990146658411
AOI-0059,2025-05-17,0.8261669699658105
AOI-0059,2025-06-10,0.44210102314699384
AOI-0059,2025-08-29,0.15263590855404852
AOI-0059,2025-09-07,0.20102162365431814
AOI-0059,2025-10-08,0.18943275584869085
AOI-0059,2025-10-28,0.24680102740785853
AOI-0060,2025-04-14,0.7573106768580202
AOI-0060,2025-04-29,0.8199305784465439
AOI-0060,2025-06-03,0.4438245159319812
AOI-0060,2025-07-04,0.5607193967322228
AOI-0060,2025-07-05,0.5408871050442318
AOI-0060,2025-07-21,0.3254319064464617
AOI-0060,2025-08-05,0.22877986010616808
AOI-0060,2025-08-29,0.21444678253812177
AOI-0060,2025-08-30,0.20454743354693225
AOI-0060,2025-09-01,0.16031620943194172
AOI-0060,2025-09-11,0.17156442309988865
AOI-0061,2010-04-23,0.36698388534899523
AOI-0061,2010-05-26,0.6496251678956759
AOI-0061,2010-06-11,0.726483814733359
AOI-0061,2011-06-30,0.5271672452639464
AOI-0061,2011-07-28,0.47113331464120023
AOI-0061,2011-09-18,0.3011633414652501
AOI-0061,2011-09-26,0.33282972164105523
AOI-0061,2012-04-06,0.3508556690038099
AOI-0061,2012-05-24,0.7103957045704965
AOI-0061,2012-08-28,0.4551066032167065
AOI-0061,2012-09-04,0.40158402218457706
AOI-0061,2012-10-22,0.1873246754768433
AOI-0061,2013-04-16,0.640706139409042
AOI-0061,2013-06-10,0.6456420279475293
AOI-0061,2013-06-26,0.49325094051088036
AOI-0061,2013-08-29,0.29501910204270093
AOI-0061,2013-09-14,0.30872214055088937
AOI-0061,2013-10-09,0.20931888701243276
AOI-0061,2014-04-27,0.8081940238759396
AOI-0061,2014-06-26,0.43020427705514647
AOI-0061,2014-07-28,0.30278034132257314
AOI-0061,2015-04-07,0.3139664521611814
AOI-0061,2015-05-08,0.2776769611629058
AOI-0061,2015-09-29,0.2631432888889265
AOI-0061,2016-04-22,0.7760842596249568
AOI-0061,2016-06-19,0.664192945463215
AOI-0061,2016-06-27,0.4851001742489418
AOI-0061,2016-07-13,0.42584014710287227
AOI-0061,2017-04-03,0.15741167311795762
AOI-0061,2017-05-25,0.5761936131022452
AOI-0061,2017-07-02,0.831598824733326
AOI-0061,2017-07-27,0.7671373216294899
AOI-0061,2017-08-11,0.5135441594219619
AOI-0061,2017-09-02,0.26152517349992294
AOI-0061,2018-04-07,0.7490037725889968
AOI-0061,2018-06-10,0.730232589418912
AOI-0061,2019-04-09,0.24567300819961646
AOI-0061,2019-05-13,0.29188354676741574
AOI-0061,2019-05-21,0.3704711974982804
AOI-0061,2019-05-25,0.7165894912603544
AOI-0061,2019-06-27,0.7818229398847465
AOI-0061,2019-07-12,0.7390951450441507
AOI-0061,2019-08-21,0.6418939238273851
AOI-0061,2019-09-14,0.2885564668527875
AOI-0061,2019-09-23,0.13193504395691744
AOI-0061,2019-10-18,0.24193802439839227
AOI-0061,2019-10-20,0.2507241982280049
AOI-0061,2020-04-17,0.3860671746972485
AOI-0061,2020-05-24,0.679357685298948
AOI-0061,2020-07-16,0.27390650283699564
AOI-0061,2020-07-19,0.2757576172020515
AOI-0061,2020-07-24,0.2752593546519647
AOI-0061,2020-07-27,0.37173790459236045
AOI-0061,2020-08-08,0.2220398945235552
AOI-0061,2020-08-17,0.2768976948221491
AOI-0061,2020-08-18,0.24353709869534146
AOI-0061,2020-08-23,0.224067189361266
AOI-0061,2020-09-18,0.1911151163051483
AOI-0061,2020-10-17,0.1495262410818009
AOI-0061,2020-10-29,0.06172898479133018
AOI-0061,2021-05-05,0.9035157891337041
AOI-0061,2021-05-08,0.9050508800954397
AOI-0061,2021-05-15,0.895455399642658
AOI-0061,2021-07-21,0.17990892375403705
AOI-0061,2021-07-24,0.19312289035899863
AOI-0061,2021-08-04,0.30947439805445653
AOI-0061,2021-08-28,0.3450514610845305
AOI-0061,2021-08-29,0.36871630779126874
AOI-0061,2021-10-29,0.0617829437006063
AOI-0061,2022-04-09,0.23864872287476763
AOI-0061,2022-05-09,0.4337405338413949
AOI-0061,2022-05-22,0.39068217423056817
AOI-0061,2022-05-25,0.5502914907388124
AOI-0061,2022-05-27,0.42866440266586225
AOI-0061,2022-06-12,0.8179421603756589
AOI-0061,2022-06-29,0.8536483304593998
AOI-0061,2022-07-06,0.8366752985712773
AOI-0061,2022-07-21,0.8181093920164529
AOI-0061,2022-07-22,0.7931199706796082
AOI-0061,2022-07-28,0.7884637825403957
AOI-0061,2022-08-23,0.38446726853137336
AOI-0061,2023-04-07,0.6347669010960737
AOI-0061,2023-04-25,0.6156888579152806
AOI-0061,2023-05-05,0.6861853610528599
AOI-0061,2023-05-06,0.694077443063705
AOI-0061,2023-05-17,0.6854313515065973
AOI-0061,2023-06-06,0.7910340089742092
AOI-0061,2023-06-21,0.757493278387221
AOI-0061,2023-07-17,0.467011632188721
AOI-0061,2023-07-21,0.4560187739656449
AOI-0061,2023-07-27,0.4819399567637638
AOI-0061,2023-09-24,0.1680362124903545
AOI-0061,2023-10-14,0.15282920294891808
AOI-0061,2023-10-29,0.18122307383137148
AOI-0061,2024-04-29,0.43230987460320813
AOI-0061,2024-05-01,0.43219513051891406
AOI-0061,2024-05-08,0.5889698821449315
AOI-0061,2024-06-20,0.47855380058989677
AOI-0061,2024-07-15,0.3713591372568581
AOI-0061,2024-08-09,0.3100243819921834
AOI-0061,2024-08-12,0.3456002366785975
AOI-0061,2024-09-06,0.2113999173343194
AOI-0061,2024-09-26,0.17214931218562882
AOI-0061,2024-10-07,0.22340757811871487
AOI-0061,2025-04-16,0.6630562264602182
AOI-0061,2025-04-19,0.7408787652772538
AOI-0061,2025-05-28,0.8363944873277844
AOI-0061,2025-06-28,0.5237912230209302
AOI-0061,2025-07-07,0.3963822265057876
AOI-0061,2025-07-10,0.34184476265207786
AOI-0061,2025-07-28,0.19132681054459627
AOI-0061,2025-08-16,0.20064155814023454
AOI-0061,2025-08-29,0.22894156057183818
AOI-0061,2025-09-24,0.3088958609608989
AOI-0061,2025-09-26,0.3213638624682523
AOI-0061,2025-10-16,0.3501250990381065
AOI-0062,2010-04-24,0.8015741798302833
AOI-0062,2010-05-09,0.8395910160943071
AOI-0062,2010-05-26,0.8461766533658623
AOI-0062,2010-08-13,0.2378852127491396
AOI-0062,2010-10-16,0.29751079495422633
AOI-0062,2011-06-14,0.7012072955981745
AOI-0062,2011-07-28,0.43157681081253996
AOI-0062,2011-10-16,0.5026106919385027
AOI-0062,2012-06-09,0.6432560247990153
AOI-0062,2012-08-28,0.2574039458368597
AOI-0062,2012-09-04,0.17191356508449548
AOI-0062,2012-09-13,0.2504603335450094
AOI-0062,2013-04-23,0.40829797959193126
AOI-0062,2013-07-12,0.7064872975647447
AOI-0062,2013-07-28,0.6793985233235668
AOI-0062,2013-09-14,0.36055499666675284
AOI-0062,2013-10-16,0.2979198773259505
AOI-0062,2014-06-30,0.2964973319698959
AOI-0062,2014-10-04,0.3923840468341284
AOI-0062,2015-04-22,0.6604763784152469
AOI-0062,2015-05-09,0.708196475282404
AOI-0062,2015-09-05,0.19716698766538054
AOI-0062,2015-09-21,0.20999707212240049
AOI-0062,2016-05-08,0.8820070620366515
AOI-0062,2016-07-11,0.3319787610731503
AOI-0062,2016-07-27,0.3541586019708465
AOI-0062,2016-09-13,0.25465539907770773
AOI-0062,2016-10-25,0.28766795447333565
AOI-0062,2017-04-07,0.3345713012444944
AOI-0062,2017-07-28,0.6719292784400756
AOI-0062,2017-09-15,0.16438274171487044
AOI-0062,2018-04-06,0.6939205267478028
AOI-0062,2018-04-07,0.7174281669115696
AOI-0062,2018-06-02,0.8268501582427029
AOI-0062,2018-06-25,0.33605168704714217
AOI-0062,2018-07-28,0.2970758075315041
AOI-0062,2018-08-28,0.194836036970168
AOI-0062,2019-04-08,0.16234024424100507
AOI-0062,2019-04-11,0.17378752751563908
AOI-0062,2019-06-17,0.7055903118326095
AOI-0062,2019-07-06,0.7272630514938939
AOI-0062,2019-08-09,0.7319147685268512
AOI-0062,2019-08-23,0.40213227475058
AOI-0062,2019-09-23,0.10788411383801029
AOI-0062,2019-10-18,0.1619903903304246
AOI-0062,2019-10-23,0.22737531275819942
AOI-0062,2019-10-28,0.2142362212474818
AOI-0062,2020-04-30,0.7690127234979218
AOI-0062,2020-05-30,0.8036123173055696
AOI-0062,2020-06-16,0.5213225216260047
AOI-0062,2020-07-26,0.12855653250637727
AOI-0062,2020-08-18,0.15378573836270015
AOI-0062,2020-08-20,0.14096197202185043
AOI-0062,2020-08-23,0.14737058674145667
AOI-0062,2020-08-25,0.15361848525738409
AOI-0062,2020-09-07,0.12619598224630926
AOI-0062,2020-09-09,0.1427331386369107
AOI-0062,2020-10-07,0.15543576076936533
AOI-0062,2020-10-15,0.22846541494494813
AOI-0062,2021-04-23,0.33113376944413075
AOI-0062,2021-05-05,0.20414066301525738
AOI-0062,2021-05-08,0.22581251838373517
AOI-0062,2021-05-12,0.19393566274678764
AOI-0062,2021-06-06,0.3246942560673074
AOI-0062,2021-06-10,0.6347119944872643
AOI-0062,2021-07-01,0.7140058858952462
AOI-0062,2021-07-26,0.7478310947425436
AOI-0062,2021-07-29,0.7396450456242603
AOI-0062,2021-09-12,0.19910748615077156
AOI-0062,2021-09-13,0.26646322346147816
AOI-0062,2021-09-19,0.18400389947825183
AOI-0062,2021-09-27,0.1930980910575191
AOI-0062,2021-09-29,0.1825448673541913
AOI-0062,2021-10-07,0.1594624999772343
AOI-0062,2021-10-16,0.2735103168433505
AOI-0062,2022-04-10,0.7454682327589303
AOI-0062,2022-04-27,0.85163582935445
AOI-0062,2022-05-11,0.8952588385915327
AOI-0062,2022-05-25,0.8726491772809924
AOI-0062,2022-07-21,0.19459151696178914
AOI-0062,2022-07-24,0.18854528087453734
AOI-0062,2022-08-23,0.1643614272852591
AOI-0062,2022-09-14,0.2183450501891565
AOI-0062,2022-09-18,0.16698522013207034
AOI-0062,2022-09-30,0.2254504808548488
AOI-0062,2022-10-19,0.15454541490384732
AOI-0062,2023-05-17,0.33910835016492413
AOI-0062,2023-06-18,0.8693104817170602
AOI-0062,2023-06-24,0.874628136098305
AOI-0062,2023-07-14,0.8136185694958616
AOI-0062,2023-08-05,0.480337946462229
AOI-0062,2023-08-25,0.14148857647011795
AOI-0062,2023-09-17,0.15478391460688712
AOI-0062,2023-10-12,0.18777170403254287
AOI-0062,2023-10-16,0.23703709252806077
AOI-0062,2024-04-22,0.8818884621843255
AOI-0062,2024-06-03,0.8048465962031279
AOI-0062,2024-06-08,0.7216300687744621
AOI-0062,2024-06-23,0.2335007232976196
AOI-0062,2024-07-30,0.10441309863586397
AOI-0062,2024-08-04,0.12993319844845055
AOI-0062,2024-08-12,0.15326838714756674
AOI-0062,2024-09-06,0.13017495437005877
AOI-0062,2024-10-26,0.1564095444147855
AOI-0062,2025-04-01,0.23330806439825263
AOI-0062,2025-04-07,0.3687249585025195
AOI-0062,2025-04-11,0.24658971609473743
AOI-0062,2025-04-24,0.24371374050735362
AOI-0062,2025-04-29,0.26073327531772816
AOI-0062,2025-05-28,0.4832810740882475
AOI-0062,2025-06-28,0.813291847286714
AOI-0062,2025-07-06,0.8165488512963393
AOI-0062,2025-07-07,0.7844290553193506
AOI-0062,2025-07-15,0.5238914792439469
AOI-0062,2025-07-25,0.4046411750809594
AOI-0062,2025-08-02,0.27753283232283754
AOI-0062,2025-08-17,0.2382346093513947
AOI-0062,2025-09-24,0.2100401165531629
AOI-0062,2025-09-30,0.28455408892808626
AOI-0062,2025-10-08,0.17209446813212834
AOI-0062,2025-10-13,0.1793449177987178
AOI-0063,2025-04-14,0.23385272980138394
AOI-0063,2025-04-19,0.2134077787058381
AOI-0063,2025-04-23,0.3794547851066267
AOI-0063,2025-04-24,0.2442388702324454
AOI-0063,2025-05-06,0.195029147565739
AOI-0063,2025-05-25,0.5807248477975302
AOI-0063,2025-06-05,0.7245494329553184
AOI-0063,2025-06-25,0.7976022809005368
AOI-0063,2025-06-28,0.8137855249844279
AOI-0063,2025-06-30,0.7873579542377775
AOI-0063,2025-07-06,0.8039751316023573
AOI-0063,2025-07-07,0.7852187668802553
AOI-0063,2025-07-22,0.5350919185690037
AOI-0063,2025-08-23,0.40438751245190374
AOI-0063,2025-09-13,0.2395333827498465
AOI-0063,2025-09-14,0.3203587069477773
AOI-0064,2025-04-14,0.4638498349199487
AOI-0064,2025-04-23,0.6176115966670079
AOI-0064,2025-04-24,0.42975420022257155
AOI-0064,2025-06-03,0.7455270356297408
AOI-0064,2025-06-05,0.7377823006703286
AOI-0064,2025-06-26,0.46358297678285104
AOI-0064,2025-06-27,0.39429283234376616
AOI-0064,2025-06-28,0.3834984624236512
AOI-0064,2025-07-10,0.23286374979267768
AOI-0064,2025-08-12,0.12752367105223855
AOI-0064,2025-08-19,0.15562138708620818
AOI-0064,2025-08-27,0.1509866488562798
AOI-0064,2025-08-31,0.22149283332206143
AOI-0064,2025-09-13,0.1692643748366781
AOI-0064,2025-10-06,0.18542650018620682
AOI-0064,2025-10-13,0.17012805983649518
AOI-0065,2025-04-19,0.4359971561610971
AOI-0065,2025-05-01,0.47010328981306937
AOI-0065,2025-06-04,0.535014299275051
AOI-0065,2025-06-05,0.5095884974514218
AOI-0065,2025-06-08,0.5151112284610693
AOI-0065,2025-06-26,0.6584559586175666
AOI-0065,2025-07-15,0.43523481968503824
AOI-0065,2025-07-18,0.4063040024461253
AOI-0065,2025-08-07,0.20839666124658843
AOI-0065,2025-08-17,0.21087417640337536
AOI-0065,2025-09-14,0.2879241006839508
AOI-0065,2025-09-25,0.2039134701365334
AOI-0065,2025-09-30,0.33926987956421595
AOI-0065,2025-10-08,0.2294730827865556
AOI-0066,2025-06-05,0.49051176430527077
AOI-0066,2025-07-05,0.7916937236345106
AOI-0066,2025-07-15,0.7013737129992674
AOI-0066,2025-07-25,0.5338317312283011
AOI-0066,2025-07-27,0.49518526004948404
AOI-0066,2025-08-14,0.3139185953945729
AOI-0066,2025-09-01,0.16647418523840318
AOI-0067,2010-04-25,0.16759156969212693
AOI-0067,2010-06-20,0.1818704646540319
AOI-0067,2010-06-26,0.25122148566009017
AOI-0067,2010-07-13,0.17500388488301066
AOI-0067,2010-07-21,0.16423726049690443
AOI-0067,2010-08-06,0.16479813554786946
AOI-0067,2010-08-07,0.15682646648333298
AOI-0067,2010-08-15,0.14804683493920306
AOI-0067,2010-09-23,0.1665904901295825
AOI-0067,2010-10-09,0.15382960383675906
AOI-0067,2011-05-09,0.3382281141523671
AOI-0067,2011-05-14,0.20847090650862246
AOI-0067,2011-09-03,0.32892454390398407
AOI-0067,2011-09-19,0.306844656962324
AOI-0067,2012-05-08,0.3527138496692256
AOI-0067,2012-06-09,0.17326943702096104
AOI-0067,2012-07-27,0.13108275829504312
AOI-0067,2012-09-29,0.14617771004960228
AOI-0067,2013-07-30,0.22535464648019587
AOI-0067,2013-08-29,0.3936721955474774
AOI-0067,2014-05-21,0.19787780889400083
AOI-0067,2014-05-25,0.29313350590127396
AOI-0067,2014-06-06,0.19288148962136417
AOI-0067,2014-06-07,0.201628848854517
AOI-0067,2014-07-01,0.19087651665772054
AOI-0067,2014-07-16,0.20015162340033388
AOI-0067,2014-07-17,0.16150869249759853
AOI-0067,2014-09-14,0.21825578455029285
AOI-0067,2014-10-12,0.1464745057526323
AOI-0067,2015-04-15,0.16570416952808203
AOI-0067,2015-05-09,0.30450756598863227
AOI-0067,2015-06-02,0.21105582369440828
AOI-0067,2015-06-18,0.24355942538425537
AOI-0067,2015-07-12,0.45938431853649886
AOI-0067,2015-07-20,0.37763823495191423
AOI-0067,2015-08-29,0.466275696781935
AOI-0067,2015-09-14,0.3570668258466788
AOI-0067,2015-09-29,0.25296334361308337
AOI-0067,2016-05-03,0.24137765228552116
AOI-0067,2016-05-10,0.25526240968166547
AOI-0067,2016-05-11,0.26158517052068386
AOI-0067,2016-06-25,0.25430532580132836
AOI-0067,2016-07-14,0.1959439639671467
AOI-0067,2016-07-27,0.3763871054208109
AOI-0067,2016-09-29,0.2663812735189912
AOI-0067,2016-10-25,0.21867307039207362
AOI-0067,2017-04-04,0.15303763793464206
AOI-0067,2017-04-28,0.16056834986554547
AOI-0067,2017-05-05,0.18574732729161691
AOI-0067,2017-06-07,0.3008724509901414
AOI-0067,2017-07-09,0.48147206363721257
AOI-0067,2017-07-25,0.5340737940359765
AOI-0067,2017-08-02,0.5957043801073978
AOI-0067,2017-08-11,0.5488170638929023
AOI-0067,2017-08-13,0.5311146456480114
AOI-0067,2017-08-29,0.5224880606449107
AOI-0067,2017-09-14,0.45848985766888867
AOI-0067,2017-09-20,0.41061205353727603
AOI-0067,2018-04-06,0.19105989429576173
AOI-0067,2018-04-23,0.250189800702542
AOI-0067,2018-05-25,0.2396623562862576
AOI-0067,2018-07-11,0.1881550123958494
AOI-0067,2018-08-29,0.1776830766847311
AOI-0067,2019-05-08,0.7558146902654128
AOI-0067,2019-05-28,0.8293693260358713
AOI-0067,2019-06-12,0.45872110490518203
AOI-0067,2019-07-12,0.27558899589478325
AOI-0067,2019-07-14,0.20811353831920384
AOI-0067,2019-07-28,0.45247144178194626
AOI-0067,2019-08-08,0.42596664359518543
AOI-0067,2019-08-11,0.39266122408482385
AOI-0067,2019-08-29,0.2893528348235214
AOI-0067,2019-09-05,0.27610781230667536
AOI-0067,2019-09-16,0.28342882125475766
AOI-0067,2019-09-24,0.2959201917894909
AOI-0067,2019-10-02,0.31892707735793185
AOI-0067,2019-10-03,0.29737849237578723
AOI-0067,2019-10-15,0.30044084833794416
AOI-0067,2020-04-22,0.18539530417890926
AOI-0067,2020-04-27,0.1352134427247194
AOI-0067,2020-05-02,0.13546066386427652
AOI-0067,2020-05-08,0.3151402142292539
AOI-0067,2020-07-06,0.6138200919284189
AOI-0067,2020-07-25,0.4163493333239157
AOI-0067,2020-07-26,0.4120568424233735
AOI-0067,2020-07-27,0.45342369645321573
AOI-0067,2020-08-25,0.3679655835125095
AOI-0067,2020-10-15,0.238881914212771
AOI-0067,2021-05-16,0.2728727623302245
AOI-0067,2021-06-06,0.6080672467509586
AOI-0067,2021-06-16,0.6839332478437691
AOI-0067,2021-06-18,0.6706419924653066
AOI-0067,2021-07-04,0.46115114390038636
AOI-0067,2021-08-30,0.30026848958180163
AOI-0067,2021-09-09,0.33034214090029
AOI-0067,2021-10-09,0.18261793641090124
AOI-0067,2022-04-02,0.13277536337026968
AOI-0067,2022-04-23,0.26423063342617553
AOI-0067,2022-04-26,0.2019712158451728
AOI-0067,2022-06-01,0.19041744017796589
AOI-0067,2022-07-01,0.6089378256085247
AOI-0067,2022-08-23,0.4455076216297128
AOI-0067,2022-08-24,0.4550740740891466
AOI-0067,2022-08-29,0.40697997797675867
AOI-0067,2022-09-01,0.3589214374815321
AOI-0067,2022-09-25,0.34774025818730925
AOI-0067,2022-10-09,0.3061839295190688
AOI-0067,2022-10-14,0.29471395859146765
AOI-0067,2023-04-23,0.3031398327244795
AOI-0067,2023-05-31,0.23543391449580187
AOI-0067,2023-06-30,0.6780300803479732
AOI-0067,2023-07-12,0.6489949244284192
AOI-0067,2023-07-21,0.59947244891297
AOI-0067,2023-07-27,0.5002716569504071
AOI-0067,2023-08-26,0.32004799358331326
AOI-0067,2023-09-24,0.20816783194582608
AOI-0067,2023-09-27,0.22584284346054878
AOI-0067,2023-10-05,0.27227992467241247
AOI-0067,2023-10-13,0.2206224064282215
AOI-0067,2024-04-01,0.16520272265562294
AOI-0067,2024-04-11,0.2075148856289402
AOI-0067,2024-05-09,0.4476224654993077
AOI-0067,2024-05-24,0.6386305908965116
AOI-0067,2024-07-05,0.25999952677694393
AOI-0067,2024-07-10,0.25618715154556304
AOI-0067,2024-08-29,0.14480553356922704
AOI-0067,2024-09-06,0.17449723282835627
AOI-0067,2024-09-23,0.1350174521067013
AOI-0067,2025-04-17,0.18402051308315942
AOI-0067,2025-04-23,0.19648323398735137
AOI-0067,2025-04-28,0.13694795455630235
AOI-0067,2025-06-05,0.14463443459015346
AOI-0067,2025-06-21,0.2781234102844114
AOI-0067,2025-06-26,0.4359852105060971
AOI-0067,2025-07-05,0.435576668060085
AOI-0067,2025-07-14,0.4922869947416607
AOI-0067,2025-07-15,0.4353363817139842
AOI-0067,2025-08-06,0.5929124074029687
AOI-0067,2025-09-01,0.44796841950597843
AOI-0067,2025-09-23,0.2946975553061324
AOI-0067,2025-10-03,0.22786441469735347
AOI-0068,2010-04-16,0.14010458740737647
AOI-0068,2010-05-02,0.17898057231833134
AOI-0068,2010-05-09,0.3160386718129552
AOI-0068,2010-06-20,0.17670405340341339
AOI-0068,2010-07-13,0.17210119509598462
AOI-0068,2010-07-14,0.14104364558545707
AOI-0068,2010-07-28,0.20100954676609398
AOI-0068,2010-08-07,0.1632145379670724
AOI-0068,2010-08-29,0.1759578972472135
AOI-0068,2011-04-07,0.46512659671186085
AOI-0068,2011-05-30,0.6201162555133073
AOI-0068,2011-06-15,0.39454409074090024
AOI-0068,2011-06-23,0.28528617608776013
AOI-0068,2011-07-16,0.20979253850936735
AOI-0068,2011-08-09,0.1824100158254039
AOI-0068,2011-09-03,0.17996996413295827
AOI-0068,2012-07-27,0.15193641236983557
AOI-0068,2012-08-03,0.15759811068339544
AOI-0068,2012-10-22,0.19230582031984877
AOI-0068,2013-06-19,0.2809984149272835
AOI-0068,2013-06-27,0.25361431338553786
AOI-0068,2013-07-28,0.24362166765488336
AOI-0068,2014-04-27,0.41683369789775826
AOI-0068,2014-07-28,0.181677749680311
AOI-0068,2014-08-17,0.17962646398908075
AOI-0068,2014-08-25,0.13744582081501505
AOI-0068,2014-10-05,0.14741479924598982
AOI-0068,2014-10-16,0.19556441386191425
AOI-0068,2014-10-29,0.1809949779047473
AOI-0068,2015-06-09,0.33288145246732037
AOI-0068,2015-07-27,0.2847937615176091
AOI-0068,2015-08-04,0.2681875591583551
AOI-0068,2016-05-02,0.32432886291311447
AOI-0068,2016-05-11,0.3219434896698252
AOI-0068,2016-07-14,0.3372336673108241
AOI-0068,2016-08-28,0.27769352781463896
AOI-0068,2016-09-13,0.2650900183706131
AOI-0068,2016-09-29,0.3483270135638972
AOI-0068,2017-05-14,0.5291000908978235
AOI-0068,2017-06-10,0.4725554165755531
AOI-0068,2017-06-22,0.41498328633881076
AOI-0068,2017-06-27,0.2957927499867796
AOI-0068,2017-07-12,0.2502919403233548
AOI-0068,2017-08-02,0.20092572335801678
AOI-0068,2017-08-11,0.14293064239890715
AOI-0068,2017-08-13,0.20072211819767935
AOI-0068,2017-09-02,0.12915319461223707
AOI-0068,2017-09-03,0.19755564127700864
AOI-0068,2018-04-28,0.2762148140766738
AOI-0068,2018-05-09,0.4120142254893616
AOI-0068,2018-06-07,0.2101447690018515
AOI-0068,2018-07-11,0.17800836037405757
AOI-0068,2018-08-28,0.1622628858774901
AOI-0068,2018-09-06,0.16599151377315916
AOI-0068,2018-09-21,0.1429503809393271
AOI-0068,2019-05-25,0.6342085158954283
AOI-0068,2019-05-28,0.5993756270558102
AOI-0068,2019-06-28,0.21570837486949937
AOI-0068,2019-08-07,0.2491150710198194
AOI-0068,2019-09-01,0.19035731398598607
AOI-0068,2019-09-05,0.1666130883402484
AOI-0068,2019-09-15,0.17721463112430907
AOI-0068,2019-09-24,0.2400205286652951
AOI-0068,2019-09-25,0.22215710876422115
AOI-0068,2019-09-30,0.3105444546423395
AOI-0068,2019-10-02,0.28488444699029636
AOI-0068,2019-10-25,0.31199903991839095
AOI-0068,2020-04-02,0.30504330094478427
AOI-0068,2020-04-06,0.36799340760237487
AOI-0068,2020-04-12,0.3083902841019819
AOI-0068,2020-04-19,0.313560099183999
AOI-0068,2020-06-26,0.18627993656778727
AOI-0068,2020-07-27,0.17263218108099107
AOI-0068,2020-07-31,0.14637021021688817
AOI-0068,2020-09-03,0.15151820516536518
AOI-0068,2020-10-05,0.13896684023993405
AOI-0068,2020-10-20,0.18657761475062068
AOI-0068,2021-05-01,0.29339993922127905
AOI-0068,2021-05-16,0.44997490873093915
AOI-0068,2021-06-11,0.480607123926744
AOI-0068,2021-06-16,0.463900918705489
AOI-0068,2021-07-19,0.2651032713110957
AOI-0068,2021-07-31,0.18708018585132563
AOI-0068,2021-09-30,0.41653145529620533
AOI-0068,2022-04-02,0.2976744522085432
AOI-0068,2022-04-12,0.2957627004550916
AOI-0068,2022-04-23,0.5365211768032688
AOI-0068,2022-05-12,0.5121648966076213
AOI-0068,2022-05-27,0.3819968703465464
AOI-0068,2022-06-08,0.3681564365040972
AOI-0068,2022-06-20,0.2584703323982781
AOI-0068,2022-07-01,0.18326118682124204
AOI-0068,2022-07-14,0.15891918199614014
AOI-0068,2022-07-30,0.1939062178510566
AOI-0068,2022-08-15,0.16589832403960136
AOI-0068,2023-04-03,0.4712007509161559
AOI-0068,2023-04-17,0.5086890583748765
AOI-0068,2023-05-09,0.6534434678341823
AOI-0068,2023-06-06,0.5276517032515358
AOI-0068,2023-06-30,0.2843433921054992
AOI-0068,2023-07-05,0.2617083221777872
AOI-0068,2023-08-03,0.2581355573034304
AOI-0068,2023-08-13,0.27516059483354655
AOI-0068,2023-09-03,0.3623346649415779
AOI-0068,2023-09-24,0.3359690564680995
AOI-0068,2023-10-06,0.33204001534126876
AOI-0068,2023-10-11,0.3021576154960862
AOI-0068,2024-05-01,0.2777087535964077
AOI-0068,2024-05-09,0.21671873660796068
AOI-0068,2024-06-15,0.16108983311636216
AOI-0068,2024-08-05,0.18826051654633885
AOI-0068,2024-08-09,0.11549699672683764
AOI-0068,2024-08-19,0.153131507139045
AOI-0068,2024-08-28,0.16316333877164493
AOI-0068,2024-09-08,0.14882640201603253
AOI-0068,2024-09-14,0.1925131990421568
AOI-0068,2024-09-29,0.19194211180113824
AOI-0068,2024-10-13,0.1465546059660893
AOI-0068,2025-05-08,0.6766323716522603
AOI-0068,2025-05-11,0.6944529659470102
AOI-0068,2025-05-20,0.7073819296158554
AOI-0068,2025-06-10,0.41322988603105326
AOI-0068,2025-06-15,0.3374630601236281
AOI-0068,2025-06-17,0.30910673936698374
AOI-0068,2025-06-30,0.2224150618873067
AOI-0068,2025-07-22,0.20578564110188985
AOI-0068,2025-07-28,0.22890002939115864
AOI-0068,2025-08-13,0.23265748530841712
AOI-0068,2025-08-14,0.19365139997241904
AOI-0068,2025-08-23,0.22220459589952885
AOI-0068,2025-08-24,0.1704734298199508
AOI-0068,2025-09-08,0.1653219311606197
AOI-0068,2025-09-14,0.24085788368191746
AOI-0068,2025-09-24,0.2363344383681481
AOI-0069,2025-04-16,0.16626212352172132
AOI-0069,2025-04-21,0.17861307249291225
AOI-0069,2025-04-23,0.25723896389819084
AOI-0069,2025-05-01,0.17211370781758673
AOI-0069,2025-05-11,0.24971530730974006
AOI-0069,2025-05-25,0.5074110015365001
AOI-0069,2025-05-28,0.43586866431013666
AOI-0069,2025-06-10,0.3890592737335645
AOI-0069,2025-06-25,0.26935676208521236
AOI-0069,2025-06-26,0.2951367437225726
AOI-0069,2025-07-05,0.18337776810443449
AOI-0069,2025-07-06,0.2373614656681107
AOI-0069,2025-07-22,0.15266280511452734
AOI-0069,2025-08-07,0.1666321175915625
AOI-0069,2025-08-14,0.14721118447998877
AOI-0069,2025-09-01,0.14312769238527442
AOI-0069,2025-09-14,0.1968186091896087
AOI-0069,2025-09-24,0.1757213438270704
AOI-0069,2025-09-25,0.15836374338381343
AOI-0069,2025-09-28,0.14244516378089264
AOI-0070,2025-05-11,0.2942311448436886
AOI-0070,2025-05-25,0.3916438789550148
AOI-0070,2025-06-07,0.21583464791188775
AOI-0070,2025-06-10,0.23094605573571483
AOI-0070,2025-06-25,0.18965023610511755
AOI-0070,2025-07-12,0.23503713637191628
AOI-0070,2025-08-24,0.1550896843780566
AOI-0070,2025-08-31,0.18383015137923772
AOI-0070,2025-09-25,0.16853655716123014
AOI-0070,2025-10-02,0.20390261679753596
AOI-0070,2025-10-13,0.18703829330397903
AOI-0070,2025-10-23,0.23528183404473635
AOI-0071,2025-04-16,0.3470153322264975
AOI-0071,2025-04-18,0.3542359927093214
AOI-0071,2025-04-21,0.3553807072787829
AOI-0071,2025-05-25,0.5784751475306993
AOI-0071,2025-06-26,0.6388588701852245
AOI-0071,2025-07-06,0.6151578175939734
AOI-0071,2025-07-07,0.5441406980523343
AOI-0071,2025-07-12,0.47866852810978955
AOI-0071,2025-08-13,0.45071663778174
AOI-0071,2025-08-23,0.43180759974476757
AOI-0071,2025-08-24,0.38358135791360265
AOI-0071,2025-08-26,0.3817804682439909
AOI-0071,2025-08-29,0.3776942227488253
AOI-0071,2025-09-01,0.39736719763823247
AOI-0071,2025-09-15,0.3373666044805591
AOI-0071,2025-09-28,0.3124377110443662
AOI-0072,2025-05-08,0.7658686386102382
AOI-0072,2025-06-04,0.687033704027255
AOI-0072,2025-07-05,0.17405297484555315
AOI-0072,2025-07-06,0.230234278394904
AOI-0072,2025-07-14,0.19932793419598746
AOI-0072,2025-07-17,0.14475466452436553
AOI-0072,2025-08-07,0.17547984039198022
AOI-0072,2025-08-19,0.1675442224061792
AOI-0072,2025-08-29,0.1975924886582141
AOI-0072,2025-09-03,0.14287310155601396
AOI-0072,2025-09-15,0.15462689436501417
AOI-0072,2025-09-16,0.16091748600609657
AOI-0072,2025-09-30,0.2306400376992801
AOI-0072,2025-10-03,0.16299375765052526
AOI-0072,2025-10-13,0.16012271838249775
AOI-0073,2010-06-26,0.6084752834818934
AOI-0073,2010-07-12,0.4927285020205402
AOI-0073,2011-04-07,0.27651346649480774
AOI-0073,2011-07-14,0.5250687976409766
AOI-0073,2011-09-14,0.38792406202545193
AOI-0073,2012-04-22,0.4830642108722399
AOI-0073,2012-04-27,0.3774826496713508
AOI-0073,2012-05-24,0.6518187038229017
AOI-0073,2012-09-29,0.30267124603915085
AOI-0073,2013-04-03,0.2482021297865455
AOI-0073,2013-06-10,0.5421525563000054
AOI-0073,2013-06-25,0.5314866756794934
AOI-0073,2013-07-12,0.5450083650460757
AOI-0073,2013-07-28,0.5293047220373267
AOI-0073,2013-09-30,0.4454827555159115
AOI-0073,2014-05-27,0.5391635924088243
AOI-0073,2014-07-12,0.7342343260629097
AOI-0073,2014-07-30,0.6583416524398327
AOI-0073,2014-08-13,0.46942498119117526
AOI-0073,2014-09-14,0.3982567745374729
AOI-0073,2014-10-10,0.23430200149459313
AOI-0073,2015-05-22,0.3804516937160299
AOI-0073,2015-05-30,0.4173811509489321
AOI-0073,2015-06-10,0.5801666591493503
AOI-0073,2015-06-15,0.4577101884580657
AOI-0073,2015-07-01,0.596998750687342
AOI-0073,2015-07-09,0.6161477526970922
AOI-0073,2015-08-26,0.35585559851194226
AOI-0073,2015-10-05,0.23313185424075739
AOI-0073,2016-04-06,0.5793681826101922
AOI-0073,2017-04-23,0.28379169198490173
AOI-0073,2017-06-04,0.3677012905044734
AOI-0073,2017-06-12,0.46829219265357047
AOI-0073,2017-07-06,0.7502117001916581
AOI-0073,2017-07-18,0.7478480025266694
AOI-0073,2017-08-07,0.6936543467409042
AOI-0073,2017-08-12,0.66245452831116
AOI-0073,2017-10-11,0.2944106735587853
AOI-0073,2017-10-16,0.3216259723795758
AOI-0073,2018-04-16,0.16586720195742596
AOI-0073,2019-05-17,0.3033939966276623
AOI-0073,2019-05-19,0.27532810741057934
AOI-0073,2019-06-03,0.5057798584294305
AOI-0073,2019-07-13,0.6772971660348078
AOI-0073,2019-08-07,0.6570797092205314
AOI-0073,2019-08-12,0.580691709226481
AOI-0073,2019-09-06,0.3433678015588067
AOI-0073,2019-09-11,0.3345563211044061
AOI-0073,2019-09-15,0.30119491897730294
AOI-0073,2019-09-16,0.30025047070952343
AOI-0073,2019-09-28,0.2548571439934959
AOI-0073,2019-10-16,0.28609095490002395
AOI-0073,2019-10-26,0.22145020751864372
AOI-0073,2020-04-05,0.15291780411989392
AOI-0073,2020-04-15,0.09754067916825561
AOI-0073,2020-04-22,0.3844391597257997
AOI-0073,2020-05-18,0.5947257792932734
AOI-0073,2020-07-04,0.2966146998318314
AOI-0073,2020-07-06,0.3193975576978878
AOI-0073,2020-07-24,0.2012523913401416
AOI-0073,2020-07-29,0.17491083312917127
AOI-0073,2020-08-12,0.26183115475828456
AOI-0073,2020-09-01,0.23119115042296712
AOI-0073,2020-09-20,0.1686689498453563
AOI-0073,2020-10-20,0.2233127120396223
AOI-0073,2020-10-26,0.1754828382317727
AOI-0073,2021-05-06,0.2239840480204252
AOI-0073,2021-05-13,0.1852641953572749
AOI-0073,2021-05-15,0.2177074039000552
AOI-0073,2021-06-29,0.7059095284882451
AOI-0073,2021-07-25,0.7508300937259661
AOI-0073,2021-08-02,0.6964022376832861
AOI-0073,2021-09-07,0.3358876731245028
AOI-0073,2021-09-14,0.31720373655227657
AOI-0073,2021-09-15,0.2803662038435851
AOI-0073,2022-04-23,0.3059695439272403
AOI-0073,2022-04-25,0.2060799850839649
AOI-0073,2022-06-04,0.2786379061437026
AOI-0073,2022-06-07,0.24485789080584205
AOI-0073,2022-06-09,0.255619913448054
AOI-0073,2022-06-14,0.4024464332517979
AOI-0073,2022-07-05,0.7908926985547335
AOI-0073,2022-07-07,0.7513812063083103
AOI-0073,2022-09-10,0.3656279224502416
AOI-0073,2022-09-30,0.3458842677756633
AOI-0073,2023-04-02,0.22832809012904975
AOI-0073,2023-04-28,0.26821357201952234
AOI-0073,2023-05-03,0.28462994571139777
AOI-0073,2023-05-05,0.28738074668657454
AOI-0073,2023-05-13,0.3484989055926812
AOI-0073,2023-06-04,0.5413934203097324
AOI-0073,2023-06-07,0.557686370969629
AOI-0073,2023-07-25,0.3238803359069363
AOI-0073,2023-07-31,0.23980742004543834
AOI-0073,2023-08-06,0.2563589223041413
AOI-0073,2023-08-16,0.23865563564515094
AOI-0073,2023-08-28,0.23032538820842902
AOI-0073,2023-09-07,0.20068800135827713
AOI-0073,2023-09-12,0.21247128449389854
AOI-0073,2023-09-29,0.21533394094298958
AOI-0073,2023-10-11,0.2627909681667209
AOI-0073,2023-10-15,0.25620089557836934
AOI-0073,2024-04-14,0.45584376715847214
AOI-0073,2024-04-20,0.582014461932512
AOI-0073,2024-05-06,0.6469288722080018
AOI-0073,2024-05-07,0.660114257596506
AOI-0073,2024-06-23,0.3650192882136763
AOI-0073,2024-07-03,0.2443791553817182
AOI-0073,2024-07-11,0.3880659614795138
AOI-0073,2024-07-13,0.24790294745610822
AOI-0073,2024-07-21,0.2382935502297755
AOI-0073,2024-07-25,0.23475792460931094
AOI-0073,2024-08-12,0.24255361760689043
AOI-0073,2024-08-28,0.2544205663050359
AOI-0073,2024-09-01,0.1782298015357513
AOI-0073,2024-09-13,0.22443922238454372
AOI-0073,2024-09-29,0.21887487644654158
AOI-0073,2025-04-07,0.2576955149334388
AOI-0073,2025-04-15,0.21042470224766124
AOI-0073,2025-04-19,0.1835911149770455
AOI-0073,2025-04-22,0.20040467469537065
AOI-0073,2025-04-23,0.2717136868932365
AOI-0073,2025-04-29,0.19465530901652767
AOI-0073,2025-05-11,0.22387208380764748
AOI-0073,2025-05-22,0.22995031321822923
AOI-0073,2025-05-29,0.21968620561339197
AOI-0073,2025-06-03,0.3185888476561566
AOI-0073,2025-06-30,0.7704908671218363
AOI-0073,2025-07-06,0.7858917572030896
AOI-0073,2025-07-08,0.7842311673978877
AOI-0073,2025-07-28,0.703208338527835
AOI-0073,2025-08-05,0.700539387242397
AOI-0073,2025-08-07,0.7089685304717727
AOI-0073,2025-08-22,0.47786169854672844
AOI-0073,2025-08-27,0.40601967293374824
AOI-0073,2025-09-22,0.3151323652355046
AOI-0074,2010-07-12,0.3806010205994789
AOI-0074,2010-08-29,0.31090208179951556
AOI-0074,2011-05-27,0.31632352296119615
AOI-0074,2011-06-20,0.6012734183802384
AOI-0074,2011-06-26,0.781406849431157
AOI-0074,2011-07-06,0.7545081910586033
AOI-0074,2011-09-24,0.2748774974307705
AOI-0074,2013-06-25,0.4410515271764973
AOI-0074,2013-07-03,0.35952680437866175
AOI-0074,2013-07-11,0.3289083278270885
AOI-0074,2013-08-13,0.35327886195635716
AOI-0074,2014-07-14,0.8033430057157759
AOI-0074,2014-07-28,0.6558068288403992
AOI-0074,2014-09-14,0.3210200293079218
AOI-0074,2014-10-16,0.25465983330710273
AOI-0074,2015-04-23,0.28723598259613875
AOI-0074,2015-04-28,0.20825775755492812
AOI-0074,2015-07-25,0.6928730550252733
AOI-0074,2015-10-16,0.2517918393028487
AOI-0074,2015-10-29,0.1860599290503776
AOI-0074,2016-08-12,0.344655385869879
AOI-0074,2016-08-20,0.24603385116446022
AOI-0074,2017-04-23,0.2813870447126016
AOI-0074,2017-05-04,0.2254333186291606
AOI-0074,2017-05-06,0.205761503244402
AOI-0074,2017-06-04,0.39391858919660167
AOI-0074,2017-06-05,0.37727366553396235
AOI-0074,2017-06-10,0.6438001415791714
AOI-0074,2017-06-20,0.5524942569751428
AOI-0074,2017-06-26,0.78753845864137
AOI-0074,2017-07-18,0.7396668265478711
AOI-0074,2017-08-07,0.6713710455001212
AOI-0074,2017-08-17,0.532129235513442
AOI-0074,2017-09-16,0.30999910433722966
AOI-0074,2017-10-11,0.2583145927619389
AOI-0074,2017-10-16,0.27898972478469264
AOI-0074,2018-04-04,0.16792878584881502
AOI-0074,2018-04-23,0.32794530139525696
AOI-0074,2018-05-06,0.27128483598896586
AOI-0074,2018-05-11,0.30783542613583675
AOI-0074,2018-05-22,0.35108344139135045
AOI-0074,2018-05-26,0.35410421564986205
AOI-0074,2018-05-30,0.37710456304049944
AOI-0074,2018-07-13,0.7145550410981706
AOI-0074,2018-08-18,0.7519037394424752
AOI-0074,2018-09-14,0.36764339394535744
AOI-0074,2018-09-19,0.3618216408117736
AOI-0074,2018-09-30,0.30823126833512626
AOI-0074,2019-04-23,0.23674011056117567
AOI-0074,2019-05-04,0.21435222009566557
AOI-0074,2019-05-14,0.2330191258646292
AOI-0074,2019-05-16,0.23029943835503103
AOI-0074,2019-05-31,0.44510443264633626
AOI-0074,2019-06-13,0.6709006639845738
AOI-0074,2019-07-13,0.6922229682169776
AOI-0074,2019-08-05,0.6188454797859569
AOI-0074,2019-08-09,0.5674002912141918
AOI-0074,2019-09-14,0.3076453630108253
AOI-0074,2020-04-09,0.17973811258217556
AOI-0074,2020-07-06,0.26225406398817475
AOI-0074,2020-07-22,0.22845943303517516
AOI-0074,2020-08-07,0.2169743492843399
AOI-0074,2020-08-26,0.18911804013572883
AOI-0074,2020-09-07,0.14397686024625939
AOI-0074,2020-09-08,0.1815817530222594
AOI-0074,2020-09-12,0.15534691549145652
AOI-0074,2020-10-07,0.15293653157607584
AOI-0074,2020-10-12,0.13502834943180364
AOI-0074,2020-10-18,0.21489898522232184
AOI-0074,2020-10-22,0.13364864406033056
AOI-0074,2021-04-25,0.2019396345890035
AOI-0074,2021-06-23,0.6254223591386056
AOI-0074,2021-06-27,0.6452269043070922
AOI-0074,2021-07-17,0.7181023434123769
AOI-0074,2021-08-03,0.5747161922800386
AOI-0074,2021-08-06,0.5559648397478417
AOI-0074,2021-08-19,0.4505299301700286
AOI-0074,2021-09-03,0.3375526411232918
AOI-0074,2021-10-06,0.2060073999279371
AOI-0074,2021-10-17,0.20508888338110695
AOI-0074,2021-10-20,0.22017437760919936
AOI-0074,2021-10-27,0.2233788745562141
AOI-0074,2022-05-30,0.2189577972450286
AOI-0074,2022-07-12,0.732963547543957
AOI-0074,2022-08-29,0.5047374827776291
AOI-0074,2022-10-16,0.29735416713935314
AOI-0074,2023-04-28,0.22925941774566455
AOI-0074,2023-05-30,0.40850569144030524
AOI-0074,2023-06-09,0.5957397272909974
AOI-0074,2023-06-19,0.42691189565606924
AOI-0074,2023-07-14,0.24464253032591948
AOI-0074,2023-08-16,0.24641247892386975
AOI-0074,2023-09-14,0.2225961788330774
AOI-0074,2023-10-11,0.26348338185504006
AOI-0074,2024-04-17,0.5118988920376774
AOI-0074,2024-05-08,0.6713560101983618
AOI-0074,2024-05-09,0.6255611046516041
AOI-0074,2024-06-06,0.5315265455045519
AOI-0074,2024-07-08,0.24257010384196567
AOI-0074,2024-07-18,0.22985531723221014
AOI-0074,2024-07-27,0.2953425144849622
AOI-0074,2024-08-12,0.23352254326734428
AOI-0074,2024-08-28,0.23962547163566178
AOI-0074,2024-09-04,0.183154392082347
AOI-0074,2024-09-09,0.17591477368883038
AOI-0074,2025-04-07,0.2124819865292507
AOI-0074,2025-04-15,0.18267673780720967
AOI-0074,2025-05-12,0.2020874403026632
AOI-0074,2025-05-14,0.1809942340088765
AOI-0074,2025-06-01,0.3289872551543958
AOI-0074,2025-06-10,0.5742143680311396
AOI-0074,2025-07-06,0.799741214952428
AOI-0074,2025-07-16,0.6878966902900151
AOI-0074,2025-08-05,0.6659973951422029
AOI-0074,2025-08-19,0.4635102606203697
AOI-0074,2025-09-08,0.22565289936434169
AOI-0074,2025-09-22,0.2747921262579148
AOI-0074,2025-10-01,0.2268383422049894
AOI-0074,2025-10-26,0.22245635262671742
AOI-0075,2025-04-07,0.3429899049301179
AOI-0075,2025-04-12,0.20378157563831859
AOI-0075,2025-07-12,0.6214773247441654
AOI-0075,2025-07-18,0.5193725158539945
AOI-0075,2025-08-21,0.5242509655839355
AOI-0075,2025-08-30,0.4379739311769189
AOI-0075,2025-09-08,0.4427469495876363
AOI-0075,2025-09-16,0.33534361100409527
AOI-0075,2025-09-21,0.28525762654253056
AOI-0075,2025-10-29,0.30888739299891854
AOI-0076,2025-04-19,0.19719400039613003
AOI-0076,2025-05-01,0.2355469218277022
AOI-0076,2025-05-11,0.2640194202483677
AOI-0076,2025-05-25,0.6170026004316851
AOI-0076,2025-07-10,0.8118181757198293
AOI-0076,2025-07-31,0.7207544670226294
AOI-0076,2025-08-21,0.41443891733810834
AOI-0076,2025-08-27,0.33806017360219964
AOI-0076,2025-09-01,0.29064083944401436
AOI-0076,2025-09-21,0.22254480402387222
AOI-0076,2025-09-22,0.27270281894885817
AOI-0076,2025-10-01,0.2122603578651368
AOI-0076,2025-10-04,0.21551951050093968
AOI-0077,2025-05-09,0.7473284989127242
AOI-0077,2025-06-06,0.5726993108306029
AOI-0077,2025-06-21,0.4752338304125158
AOI-0077,2025-07-12,0.3684255512832162
AOI-0077,2025-08-22,0.16952193850165334
AOI-0077,2025-08-27,0.16322168305703402
AOI-0077,2025-08-30,0.21079016173232684
AOI-0077,2025-09-11,0.17670402796281812
AOI-0077,2025-09-22,0.23174644335983977
AOI-0078,2025-05-02,0.7531627532388988
AOI-0078,2025-05-25,0.7493635460264954
AOI-0078,2025-06-01,0.6542848355937492
AOI-0078,2025-06-03,0.6769961432736541
AOI-0078,2025-06-06,0.6423971969412072
AOI-0078,2025-06-10,0.5691029661637428
AOI-0078,2025-07-04,0.2562510068660412
AOI-0078,2025-07-10,0.18483290486641413
AOI-0078,2025-07-11,0.20543776147519505
AOI-0078,2025-07-13,0.16672894899763085
AOI-0078,2025-08-10,0.1754470290663874
AOI-0078,2025-08-15,0.1996280669622198
AOI-0078,2025-09-08,0.1773342193941214
AOI-0078,2025-10-04,0.26461356138593384
