anon_polygon_id,date,primary_ndvi_pred
AOI-0001,2010-08-29,0.22675580189710282
AOI-0001,2010-10-25,0.17222092669427955
AOI-0001,2011-06-13,0.653544784052735
AOI-0001,2011-09-18,0.27041498456074275
AOI-0001,2011-09-26,0.2856936749596719
AOI-0001,2011-09-30,0.3946357590702789
AOI-0001,2012-05-24,0.7135140322976344
AOI-0001,2012-07-09,0.23664162621974685
AOI-0001,2012-07-11,0.3220498536421542
AOI-0001,2012-08-10,0.17685267970127244
AOI-0001,2012-08-12,0.3175958781143367
AOI-0001,2012-10-15,0.373197487473229
AOI-0001,2013-05-01,0.8356906207122864
AOI-0001,2013-07-12,0.32865463754490043
AOI-0001,2013-09-30,0.5591411047487667
AOI-0001,2014-04-18,0.24047464242474356
AOI-0001,2014-05-25,0.666908938238219
AOI-0001,2014-06-26,0.8266205057162433
AOI-0001,2014-07-15,0.7301284661426288
AOI-0001,2014-07-28,0.5817083231171097
AOI-0001,2014-08-09,0.3701257675704208
AOI-0001,2014-08-13,0.36695430176185667
AOI-0001,2014-10-03,0.20991587136915363
AOI-0001,2014-10-16,0.2951794037860291
AOI-0001,2015-04-13,0.4274953141759308
AOI-0001,2015-08-11,0.21984136398949378
AOI-0001,2015-08-12,0.2077874189642785
AOI-0001,2015-08-27,0.2283639013061909
AOI-0001,2015-09-20,0.19264060716203216
AOI-0001,2015-09-28,0.20671311395514713
AOI-0001,2016-06-27,0.293395394200215
AOI-0001,2016-07-04,0.2948514192480952
AOI-0001,2016-07-20,0.329387124510994
AOI-0001,2016-07-27,0.36608242114012196
AOI-0001,2016-08-29,0.3042156432771095
AOI-0001,2016-08-30,0.26510713769849936
AOI-0001,2016-09-15,0.4933852874070648
AOI-0001,2016-09-29,0.6961919259991661
AOI-0001,2017-05-12,0.7312461944697196
AOI-0001,2017-06-29,0.5628451937753333
AOI-0001,2017-07-12,0.4591982900494844
AOI-0001,2017-08-09,0.29642135934773445
AOI-0001,2017-08-29,0.2610252196506519
AOI-0001,2017-09-08,0.22523363329778578
AOI-0001,2017-09-14,0.2787170096482333
AOI-0001,2018-04-05,0.48763334248499046
AOI-0001,2018-04-23,0.7968676327724962
AOI-0001,2018-05-01,0.8018929684003104
AOI-0001,2018-06-08,0.689046417340481
AOI-0001,2018-07-12,0.2885963085515951
AOI-0001,2018-09-28,0.17660061561598647
AOI-0001,2018-10-13,0.17564634223509062
AOI-0001,2019-05-11,0.522311447102765
AOI-0001,2019-05-31,0.7175859661060713
AOI-0001,2019-06-04,0.7165642827045233
AOI-0001,2019-06-05,0.6966444259565865
AOI-0001,2019-06-25,0.37914936930224874
AOI-0001,2019-07-12,0.4407180531174486
AOI-0001,2019-07-22,0.41427439958935147
AOI-0001,2019-07-29,0.42884360520316434
AOI-0001,2019-08-30,0.238025955952429
AOI-0001,2019-09-07,0.24660823136225346
AOI-0001,2019-09-08,0.22510067945937087
AOI-0001,2019-09-18,0.1542894694784696
AOI-0001,2020-04-03,0.5182888772719426
AOI-0001,2020-04-26,0.6963987385982129
AOI-0001,2020-05-30,0.8199632400940978
AOI-0001,2020-06-09,0.7545008128890085
AOI-0001,2020-07-14,0.15505470374111774
AOI-0001,2020-07-23,0.23869071552463483
AOI-0001,2020-07-27,0.25526432657016274
AOI-0001,2020-08-08,0.20425075556980246
AOI-0001,2020-09-01,0.30786751805894197
AOI-0001,2020-09-02,0.2907118122334008
AOI-0001,2020-09-12,0.23337748766955546
AOI-0001,2020-09-22,0.22459855345804364
AOI-0001,2020-09-29,0.25083854391474947
AOI-0001,2020-10-11,0.2002665382266882
AOI-0001,2020-10-12,0.17709927946374415
AOI-0001,2020-10-19,0.1721162791194692
AOI-0001,2021-05-15,0.526670002423744
AOI-0001,2021-05-20,0.5102468084045892
AOI-0001,2021-06-10,0.6737881320935937
AOI-0001,2021-07-02,0.6500723434462866
AOI-0001,2021-07-24,0.6410981981593338
AOI-0001,2021-09-17,0.2165393074284686
AOI-0001,2022-04-25,0.6448596550742669
AOI-0001,2022-06-03,0.7756175870232012
AOI-0001,2022-09-02,0.24942321992301328
AOI-0001,2022-09-30,0.2660942989025199
AOI-0001,2022-10-01,0.22704806006092482
AOI-0001,2022-10-17,0.19146749486345935
AOI-0001,2023-05-25,0.8407794224635406
AOI-0001,2023-06-23,0.8205531940085155
AOI-0001,2023-07-15,0.25352777036264196
AOI-0001,2023-07-29,0.18804828672445617
AOI-0001,2023-08-03,0.22500925787815826
AOI-0001,2023-08-08,0.20272716870889707
AOI-0001,2023-08-13,0.27468658931415524
AOI-0001,2023-08-17,0.2540426056601058
AOI-0001,2023-08-28,0.21342217649352854
AOI-0001,2023-08-29,0.29154915386338
AOI-0001,2023-09-12,0.22366759551015475
AOI-0001,2024-04-06,0.7479203094171313
AOI-0001,2024-05-24,0.7789334183106155
AOI-0001,2024-06-01,0.7246130807209444
AOI-0001,2024-06-03,0.7076051377036036
AOI-0001,2024-06-09,0.6240005312152836
AOI-0001,2024-06-13,0.5858102806695534
AOI-0001,2024-06-17,0.5763893275706194
AOI-0001,2024-06-23,0.3720051582663646
AOI-0001,2024-06-25,0.41394470049495335
AOI-0001,2024-07-03,0.2771513143618789
AOI-0001,2024-09-11,0.16301670901803578
AOI-0001,2024-09-13,0.21349865786812627
AOI-0001,2024-09-16,0.15969369275350687
AOI-0001,2024-09-29,0.21902801792095347
AOI-0001,2025-04-23,0.42728016973822197
AOI-0001,2025-05-03,0.381255409966887
AOI-0001,2025-06-03,0.43702190664028195
AOI-0001,2025-06-27,0.6042736800365636
AOI-0001,2025-07-05,0.5396442842176454
AOI-0001,2025-07-12,0.4616646153505214
AOI-0001,2025-07-13,0.41438152749725443
AOI-0001,2025-07-23,0.40002910892421384
AOI-0001,2025-07-28,0.3609833142495642
AOI-0001,2025-07-29,0.3917480049888645
AOI-0001,2025-08-02,0.3036191307535221
AOI-0001,2025-10-28,0.23315492947152547
AOI-0002,2025-05-03,0.8257501212967833
AOI-0002,2025-06-03,0.5253139026258967
AOI-0002,2025-06-26,0.42291998033332256
AOI-0002,2025-07-29,0.24631302694209023
AOI-0002,2025-08-02,0.17606010268727196
AOI-0002,2025-08-13,0.24959156333222263
AOI-0002,2025-08-19,0.16687668907146241
AOI-0003,2025-04-01,0.5148734245231907
AOI-0003,2025-04-18,0.8448052477207048
AOI-0003,2025-04-19,0.8472523994701567
AOI-0003,2025-05-06,0.8137559513393072
AOI-0003,2025-06-04,0.7528361059129798
AOI-0003,2025-06-13,0.5750970396538557
AOI-0003,2025-07-07,0.20761054240021212
AOI-0003,2025-07-13,0.19833483257455836
AOI-0003,2025-07-15,0.1814001403087258
AOI-0003,2025-08-04,0.2215566067521631
AOI-0003,2025-08-07,0.1718608313491679
AOI-0003,2025-08-14,0.18848554862068007
AOI-0003,2025-08-22,0.15670029295763266
AOI-0003,2025-08-23,0.2022022741572337
AOI-0004,2025-04-23,0.678784652213551
AOI-0004,2025-05-04,0.6152004092484653
AOI-0004,2025-05-24,0.6730076370266471
AOI-0004,2025-05-25,0.7369173099012807
AOI-0004,2025-06-30,0.5899456994322957
AOI-0004,2025-07-12,0.494644506518231
AOI-0004,2025-07-23,0.47327240380883634
AOI-0004,2025-08-02,0.4009809719668325
AOI-0004,2025-09-14,0.38760429294178944
AOI-0004,2025-09-23,0.32483359147010066
AOI-0005,2025-05-01,0.6536865755596681
AOI-0005,2025-05-03,0.6755934000758436
AOI-0005,2025-05-14,0.5075151610188535
AOI-0005,2025-06-11,0.60505204605748
AOI-0005,2025-07-21,0.4248771155842086
AOI-0005,2025-08-17,0.2909331940994918
AOI-0005,2025-09-01,0.24829056615565953
AOI-0006,2025-04-01,0.2058740651926001
AOI-0006,2025-05-09,0.41910876171252376
AOI-0006,2025-05-25,0.5948642699111133
AOI-0006,2025-07-28,0.3984488506916691
AOI-0006,2025-08-09,0.2772710213356105
AOI-0006,2025-08-22,0.24392237705071879
AOI-0006,2025-08-30,0.2660822259226506
AOI-0006,2025-09-07,0.21240049941115177
AOI-0006,2025-10-28,0.22069547227938097
AOI-0007,2025-04-01,0.1938158495549565
AOI-0007,2025-04-18,0.26237037214851056
AOI-0007,2025-04-29,0.3575756709479937
AOI-0007,2025-05-01,0.36769029737285475
AOI-0007,2025-06-26,0.3382754819488901
AOI-0007,2025-07-28,0.15731670691196906
AOI-0007,2025-08-13,0.23186490168566343
AOI-0007,2025-08-14,0.1516749565408713
AOI-0007,2025-08-16,0.1798967127328888
AOI-0007,2025-09-11,0.1567463297924682
AOI-0007,2025-09-26,0.18471749546331426
AOI-0008,2025-04-17,0.8802015000614197
AOI-0008,2025-04-24,0.7849365746615062
AOI-0008,2025-05-19,0.8096199204522404
AOI-0008,2025-07-08,0.23326507630128887
AOI-0008,2025-07-15,0.17057029899850606
AOI-0008,2025-07-17,0.1933769933551715
AOI-0008,2025-08-13,0.24343867554335102
AOI-0008,2025-09-01,0.14376597587438156
AOI-0008,2025-09-30,0.24215769816156243
AOI-0008,2025-10-16,0.24305433081860112
AOI-0009,2025-04-01,0.7112578078821198
AOI-0009,2025-04-23,0.8136664319847128
AOI-0009,2025-05-04,0.8397237547104697
AOI-0009,2025-06-30,0.1779379888150284
AOI-0009,2025-07-05,0.1835027975640187
AOI-0009,2025-07-10,0.16977148928055033
AOI-0009,2025-07-25,0.17399391542304773
AOI-0009,2025-08-12,0.17203784513972684
AOI-0009,2025-08-17,0.1834095197855049
AOI-0009,2025-08-22,0.1614945733300143
AOI-0009,2025-08-24,0.1602684403050305
AOI-0009,2025-09-14,0.2213138434019695
AOI-0009,2025-09-16,0.18564303117003952
AOI-0009,2025-09-25,0.18156823985232662
AOI-0009,2025-10-03,0.2131072600555631
AOI-0010,2010-06-19,0.3632898468843057
AOI-0010,2010-08-06,0.23429870442157938
AOI-0010,2010-08-22,0.2020073245079573
AOI-0010,2011-06-14,0.5264212919504769
AOI-0010,2011-07-12,0.3648934606098968
AOI-0010,2011-08-09,0.27248346150870373
AOI-0010,2011-08-13,0.3475327585759386
AOI-0010,2011-09-10,0.23309865774439123
AOI-0010,2012-04-13,0.27270664323470684
AOI-0010,2012-08-03,0.22382323754290995
AOI-0010,2013-04-16,0.6902655067637488
AOI-0010,2013-05-25,0.6581715805950403
AOI-0010,2013-06-26,0.34265279401955523
AOI-0010,2013-07-12,0.32429835228793197
AOI-0010,2014-05-29,0.6687328938135977
AOI-0010,2014-06-06,0.5889616498557786
AOI-0010,2014-06-10,0.4792642849360888
AOI-0010,2014-08-29,0.2449448779338981
AOI-0010,2014-09-30,0.27640336527769166
AOI-0010,2015-04-07,0.314426126444554
AOI-0010,2015-04-14,0.22294220619041294
AOI-0010,2015-05-25,0.34848397514638696
AOI-0010,2015-10-07,0.16844770535222198
AOI-0010,2016-07-27,0.36495388776395166
AOI-0010,2016-08-12,0.31718148296285015
AOI-0010,2016-09-13,0.27690261580120756
AOI-0010,2017-04-03,0.30456391456159215
AOI-0010,2017-04-07,0.5249139103157311
AOI-0010,2017-08-01,0.15867597474892517
AOI-0010,2017-08-04,0.167955351744107
AOI-0010,2017-08-13,0.22732868480224155
AOI-0010,2017-08-29,0.2198995486763982
AOI-0010,2018-05-16,0.8195800989922499
AOI-0010,2018-07-28,0.2640288867623128
AOI-0010,2018-08-28,0.166042973945112
AOI-0010,2018-09-14,0.218577350795359
AOI-0010,2019-04-06,0.3286163394374845
AOI-0010,2019-04-28,0.7097293238237016
AOI-0010,2019-05-19,0.8465309044909873
AOI-0010,2019-06-20,0.2225702494747829
AOI-0010,2019-06-26,0.2461470174012872
AOI-0010,2019-06-27,0.17100459270493107
AOI-0010,2019-07-20,0.16213011037926514
AOI-0010,2019-08-13,0.29529013069457644
AOI-0010,2019-08-19,0.16141065439180632
AOI-0010,2019-08-21,0.16689457848359485
AOI-0010,2019-09-23,0.16209628637523615
AOI-0010,2020-06-06,0.35489012078477394
AOI-0010,2020-06-09,0.39120708590816944
AOI-0010,2020-07-16,0.17127936960263937
AOI-0010,2020-07-19,0.15169646047202792
AOI-0010,2020-07-26,0.13964968978967945
AOI-0010,2020-07-31,0.15543922373612157
AOI-0010,2020-09-09,0.180603532449538
AOI-0010,2020-09-13,0.23893546599260912
AOI-0010,2020-09-19,0.12602090346455058
AOI-0010,2020-09-27,0.15151229262838972
AOI-0010,2021-05-05,0.3235798623650843
AOI-0010,2021-05-09,0.4863693257947465
AOI-0010,2021-07-28,0.3067150540233199
AOI-0010,2021-08-05,0.23577417057228992
AOI-0010,2021-09-04,0.29882411541695714
AOI-0010,2021-09-17,0.3343483464631248
AOI-0010,2021-10-27,0.3570799913658334
AOI-0010,2022-06-06,0.7105070683753132
AOI-0010,2022-06-10,0.6366939801688667
AOI-0010,2022-06-11,0.6988898667661513
AOI-0010,2022-07-17,0.26914681634118015
AOI-0010,2022-07-28,0.3393209876746699
AOI-0010,2022-09-08,0.29174716948670065
AOI-0010,2023-04-02,0.44512991619501596
AOI-0010,2023-04-27,0.6504763595227958
AOI-0010,2023-06-08,0.7290596368700661
AOI-0010,2023-06-16,0.5998037420684966
AOI-0010,2023-08-23,0.23807478902701268
AOI-0010,2023-08-30,0.2318474346111441
AOI-0010,2023-09-19,0.25790568996410856
AOI-0010,2024-04-04,0.5850072549632724
AOI-0010,2024-04-26,0.7336498219847987
AOI-0010,2024-05-08,0.7607194411356545
AOI-0010,2024-05-21,0.7262844333830921
AOI-0010,2024-06-18,0.22385751252398653
AOI-0010,2024-06-20,0.20573480053801574
AOI-0010,2024-07-08,0.19362390212448538
AOI-0010,2024-07-15,0.1652357040734252
AOI-0010,2024-08-12,0.22371196536215407
AOI-0010,2024-09-06,0.18292018463748916
AOI-0010,2024-09-28,0.18377043484440592
AOI-0010,2024-10-01,0.17428508650166655
AOI-0010,2024-10-15,0.2586900699532149
AOI-0010,2024-10-23,0.19601770264624926
AOI-0010,2025-04-16,0.3746159422195858
AOI-0010,2025-04-18,0.4058793195443298
AOI-0010,2025-05-09,0.7892668589292366
AOI-0010,2025-06-05,0.5279582415611829
AOI-0010,2025-06-07,0.47573796713061606
AOI-0010,2025-06-28,0.2148120385668831
AOI-0010,2025-07-05,0.15585976769593907
AOI-0010,2025-07-06,0.18385988283559757
AOI-0010,2025-07-07,0.16257105016018075
AOI-0010,2025-07-25,0.13868022314734785
AOI-0010,2025-07-30,0.15077998936349687
AOI-0010,2025-08-16,0.20301028783015174
AOI-0010,2025-08-27,0.17261255882420876
AOI-0010,2025-09-16,0.2218864598029133
AOI-0010,2025-09-30,0.2987336376567478
AOI-0010,2025-10-05,0.21369041036520517
AOI-0011,2025-04-07,0.6512366781816425
AOI-0011,2025-04-17,0.797233384552304
AOI-0011,2025-04-23,0.8535756766542426
AOI-0011,2025-04-28,0.7748877314450696
AOI-0011,2025-05-24,0.8089630958542072
AOI-0011,2025-06-03,0.588238408968955
AOI-0011,2025-07-12,0.30151774285158217
AOI-0011,2025-08-06,0.2112424681696118
AOI-0011,2025-08-14,0.23538912467960654
AOI-0011,2025-08-19,0.21068639774416856
AOI-0011,2025-08-27,0.17270765887105755
AOI-0011,2025-09-30,0.25338572120917513
AOI-0011,2025-10-03,0.1758223932709197
AOI-0011,2025-10-05,0.16224284433625824
AOI-0012,2025-04-01,0.24266297584774824
AOI-0012,2025-04-28,0.46698288398484133
AOI-0012,2025-05-16,0.7252698696261016
AOI-0012,2025-06-03,0.6514516772700398
AOI-0012,2025-06-05,0.573020683994554
AOI-0012,2025-06-15,0.31533410651027827
AOI-0012,2025-06-26,0.30628327639140873
AOI-0012,2025-07-10,0.17450238685290415
AOI-0012,2025-07-18,0.14059921276076445
AOI-0012,2025-07-30,0.15353959474054582
AOI-0013,2010-04-16,0.7041920566544606
AOI-0013,2010-06-10,0.4823417921846054
AOI-0013,2010-06-19,0.3650958029892488
AOI-0013,2010-10-24,0.20982991778764146
AOI-0013,2011-04-18,0.22839295183919106
AOI-0013,2011-04-26,0.2433009338424257
AOI-0013,2012-05-08,0.5471652489097543
AOI-0013,2012-06-23,0.5670003150892964
AOI-0013,2012-08-12,0.4967917251515126
AOI-0013,2013-04-16,0.2889796026531823
AOI-0013,2013-04-24,0.2864917157377441
AOI-0013,2013-05-02,0.30640689868617776
AOI-0013,2013-05-09,0.46068546813757083
AOI-0013,2013-06-11,0.45172976953800625
AOI-0013,2013-07-12,0.5454893080564545
AOI-0013,2013-07-28,0.48656756254758565
AOI-0013,2014-05-29,0.4620351481760702
AOI-0013,2014-06-10,0.4796439671460087
AOI-0013,2014-07-28,0.431341874766639
AOI-0013,2014-08-01,0.3072596177214107
AOI-0013,2014-08-08,0.32825208830029184
AOI-0013,2014-08-13,0.42917753661792746
AOI-0013,2015-05-09,0.5487214725197561
AOI-0013,2015-05-23,0.4977523548523549
AOI-0013,2015-07-12,0.5437293573015454
AOI-0013,2015-08-20,0.3618931420727126
AOI-0013,2015-10-07,0.34112085377627344
AOI-0013,2015-10-16,0.3909119445242369
AOI-0013,2016-05-09,0.4750719516254173
AOI-0013,2016-05-10,0.46332564624308825
AOI-0013,2016-08-12,0.6447148699626507
AOI-0013,2016-08-21,0.6685539664673914
AOI-0013,2016-09-13,0.648777810006488
AOI-0013,2016-10-09,0.5068332840936252
AOI-0013,2017-04-11,0.24796194468978258
AOI-0013,2017-04-28,0.3602177367804295
AOI-0013,2017-05-01,0.35099475831317223
AOI-0013,2017-05-21,0.6042888778179049
AOI-0013,2017-05-29,0.5958133172843094
AOI-0013,2017-06-30,0.6597468050498295
AOI-0013,2017-07-27,0.46577831862140034
AOI-0013,2017-08-08,0.4707638872505152
AOI-0013,2017-08-24,0.42344682244203985
AOI-0013,2017-09-13,0.42663816889917805
AOI-0013,2017-09-17,0.4606925589415402
AOI-0013,2017-09-30,0.461202495358941
AOI-0013,2018-05-25,0.5232746830185206
AOI-0013,2018-06-08,0.40686192086209516
AOI-0013,2018-06-15,0.35471791914162826
AOI-0013,2018-07-12,0.43948519299247696
AOI-0013,2018-08-13,0.43962228094026873
AOI-0013,2018-08-27,0.4073476155512325
AOI-0013,2018-09-28,0.39200873850621415
AOI-0013,2018-10-06,0.39616435756812973
AOI-0013,2019-04-01,0.24652989802090616
AOI-0013,2019-05-06,0.41861884056222703
AOI-0013,2019-06-02,0.3827867069373852
AOI-0013,2019-06-05,0.425927764729352
AOI-0013,2019-06-12,0.4669258668430527
AOI-0013,2019-06-25,0.3739827031116677
AOI-0013,2019-07-17,0.4348352113670572
AOI-0013,2019-07-28,0.5709570749435229
AOI-0013,2019-08-24,0.4401725274633685
AOI-0013,2019-08-31,0.48252853227454395
AOI-0013,2019-09-08,0.45761200678464947
AOI-0013,2019-09-13,0.4585810417321246
AOI-0013,2019-10-02,0.4565564607421901
AOI-0013,2019-10-10,0.5300178338264727
AOI-0013,2019-10-17,0.4601200300463978
AOI-0013,2020-04-22,0.4150297853695253
AOI-0013,2020-05-12,0.37616077919101976
AOI-0013,2020-06-24,0.4927510537284078
AOI-0013,2020-06-26,0.4877542682575556
AOI-0013,2020-08-12,0.42477626383306344
AOI-0013,2020-08-15,0.4126003880315209
AOI-0013,2020-08-16,0.42851219020225595
AOI-0013,2020-08-20,0.3691598799312034
AOI-0013,2020-10-27,0.2659762983605837
AOI-0013,2021-04-23,0.44993696787807336
AOI-0013,2021-06-10,0.6003729035406753
AOI-0013,2021-06-11,0.5495840031954987
AOI-0013,2021-06-21,0.5156468166392693
AOI-0013,2021-07-12,0.553375321453018
AOI-0013,2021-07-14,0.5153398047593603
AOI-0013,2021-08-20,0.49607324804845887
AOI-0013,2021-10-14,0.4210518807373624
AOI-0013,2021-10-16,0.47496810440788906
AOI-0013,2022-04-02,0.4694445116396664
AOI-0013,2022-04-17,0.5511727045572851
AOI-0013,2022-04-24,0.5681876757854805
AOI-0013,2022-04-25,0.5626519064208646
AOI-0013,2022-06-10,0.5528775264752912
AOI-0013,2022-06-16,0.3861851027100696
AOI-0013,2022-06-26,0.5271186424009752
AOI-0013,2022-07-05,0.5423182128773807
AOI-0013,2022-07-17,0.5778217440853214
AOI-0013,2022-07-22,0.5544679273740446
AOI-0013,2022-08-14,0.5836663952421162
AOI-0013,2022-09-14,0.46518541636567545
AOI-0013,2022-10-07,0.3741074497569437
AOI-0013,2022-10-14,0.3396979161743539
AOI-0013,2023-04-10,0.4491737852995555
AOI-0013,2023-06-21,0.5419996766711291
AOI-0013,2023-06-29,0.5607251871054076
AOI-0013,2023-07-06,0.4723548616744266
AOI-0013,2023-07-12,0.5246678176442522
AOI-0013,2023-07-24,0.5106661500231557
AOI-0013,2023-08-05,0.5068466109149293
AOI-0013,2023-08-20,0.5039971945471711
AOI-0013,2023-08-23,0.516521821972382
AOI-0013,2023-08-26,0.49742779491618616
AOI-0013,2023-09-11,0.500688535089427
AOI-0013,2023-09-14,0.5229714163352724
AOI-0013,2023-09-24,0.4944813483641293
AOI-0013,2023-10-05,0.4424120962135609
AOI-0013,2023-10-14,0.3772853154133848
AOI-0013,2023-10-17,0.3356874975552412
AOI-0013,2023-10-19,0.35926744385748655
AOI-0013,2024-04-26,0.4276799335566396
AOI-0013,2024-05-04,0.4756437860073423
AOI-0013,2024-05-23,0.5247770143025425
AOI-0013,2024-05-24,0.5616474471675276
AOI-0013,2024-06-30,0.5320628281676703
AOI-0013,2024-07-02,0.578968942942577
AOI-0013,2024-07-11,0.4957840166627315
AOI-0013,2024-07-26,0.4068617906225153
AOI-0013,2024-07-27,0.4352657113983096
AOI-0013,2024-08-09,0.5086582296051826
AOI-0013,2024-08-11,0.5572292876646526
AOI-0013,2024-09-03,0.46221812575859383
AOI-0013,2024-09-06,0.47115445256723437
AOI-0013,2024-09-26,0.43044621924315885
AOI-0013,2024-10-08,0.36968539587848026
AOI-0013,2025-04-01,0.4544633683158505
AOI-0013,2025-04-28,0.5543401015793957
AOI-0013,2025-05-16,0.5019098255246196
AOI-0013,2025-05-19,0.5076723675049228
AOI-0013,2025-05-24,0.5087482404091229
AOI-0013,2025-07-07,0.4824312854302208
AOI-0013,2025-07-08,0.4771097090902414
AOI-0013,2025-07-14,0.5034213554042999
AOI-0013,2025-07-21,0.5214551610226025
AOI-0013,2025-07-27,0.5554341873805666
AOI-0013,2025-08-15,0.5275384978453179
AOI-0013,2025-09-03,0.449204697564536
AOI-0013,2025-09-07,0.5140649735163383
AOI-0014,2010-04-07,0.5907166584092719
AOI-0014,2010-04-24,0.6999936950028138
AOI-0014,2010-06-10,0.7473074898242202
AOI-0014,2010-09-23,0.20240750842226343
AOI-0014,2011-04-19,0.21625015256847768
AOI-0014,2011-04-26,0.232272990183246
AOI-0014,2011-05-09,0.6244954777079028
AOI-0014,2011-05-28,0.6580171669420709
AOI-0014,2011-06-14,0.7283429614602246
AOI-0014,2011-08-01,0.4373646793922438
AOI-0014,2011-09-14,0.2708310856870386
AOI-0014,2011-09-17,0.21265507476625806
AOI-0014,2011-10-27,0.30104379085774724
AOI-0014,2012-05-06,0.6671830725817961
AOI-0014,2012-06-25,0.36861890214198473
AOI-0014,2012-08-28,0.2810465609634607
AOI-0014,2012-09-04,0.199023886547343
AOI-0014,2012-09-11,0.20781211839792538
AOI-0014,2012-09-27,0.19089631705928767
AOI-0014,2013-05-09,0.39692447847940615
AOI-0014,2013-06-11,0.5553675432267603
AOI-0014,2013-06-19,0.6201423217840856
AOI-0014,2013-07-28,0.6978989257092865
AOI-0014,2013-09-14,0.3937219822353417
AOI-0014,2013-09-23,0.25211439755715864
AOI-0014,2014-06-26,0.46084400749921306
AOI-0014,2014-06-29,0.36329997151440235
AOI-0014,2014-08-17,0.2086328073275732
AOI-0014,2014-09-30,0.2876032502963076
AOI-0014,2014-10-27,0.21716271199178308
AOI-0014,2015-04-14,0.36373616776661766
AOI-0014,2015-06-16,0.6316494019722558
AOI-0014,2015-06-26,0.4746402496347565
AOI-0014,2015-07-12,0.4579200394526569
AOI-0014,2015-07-27,0.3331436254449009
AOI-0014,2015-08-28,0.22695581339838752
AOI-0014,2016-04-22,0.3865201486093001
AOI-0014,2016-05-09,0.33247899041705753
AOI-0014,2016-06-03,0.6267256795540128
AOI-0014,2016-06-19,0.8417383702205672
AOI-0014,2016-08-13,0.49058340035058984
AOI-0014,2016-08-30,0.3047227219965374
AOI-0014,2017-04-26,0.7771119274896047
AOI-0014,2017-04-28,0.8130202096645969
AOI-0014,2017-05-21,0.8885261260993667
AOI-0014,2017-05-29,0.8785059600997687
AOI-0014,2017-07-23,0.2858460976318066
AOI-0014,2017-07-31,0.2230831463300627
AOI-0014,2017-08-06,0.1347387500091226
AOI-0014,2017-08-21,0.14331117910808738
AOI-0014,2017-09-10,0.17691137668992002
AOI-0014,2017-09-30,0.2434054293685613
AOI-0014,2017-10-08,0.1712681223215446
AOI-0014,2018-04-07,0.5679113278805235
AOI-0014,2018-05-03,0.7546476075054065
AOI-0014,2018-06-24,0.2790098150590233
AOI-0014,2018-07-18,0.24136936413617222
AOI-0014,2018-08-27,0.21441348256693898
AOI-0014,2018-10-06,0.2054540885929809
AOI-0014,2019-04-01,0.2794413731073129
AOI-0014,2019-04-21,0.17989234229341367
AOI-0014,2019-05-01,0.21237827213189453
AOI-0014,2019-05-09,0.6045008235649306
AOI-0014,2019-05-27,0.6899043757411996
AOI-0014,2019-05-28,0.6462845347679229
AOI-0014,2019-06-04,0.7641857031900823
AOI-0014,2019-06-11,0.866141573214439
AOI-0014,2019-06-15,0.8512532388246841
AOI-0014,2019-06-22,0.7219074591192741
AOI-0014,2019-07-06,0.6575791568775006
AOI-0014,2019-08-14,0.34290551336922026
AOI-0014,2019-08-26,0.21300204089371166
AOI-0014,2020-04-06,0.6522972299486883
AOI-0014,2020-04-07,0.6735007845329316
AOI-0014,2020-04-17,0.6935912256410762
AOI-0014,2020-04-22,0.7339701214158966
AOI-0014,2020-04-25,0.7172325707203229
AOI-0014,2020-05-15,0.6792704454089245
AOI-0014,2020-05-17,0.6575282083556184
AOI-0014,2020-06-04,0.6981861222939899
AOI-0014,2020-06-25,0.34581163896189937
AOI-0014,2020-07-11,0.2838470754963165
AOI-0014,2020-07-27,0.26125879817265674
AOI-0014,2020-08-16,0.2114980369214007
AOI-0014,2020-09-09,0.14833544410585864
AOI-0014,2020-09-24,0.14422229369769343
AOI-0014,2021-04-07,0.4575775805205468
AOI-0014,2021-04-29,0.6945459056572298
AOI-0014,2021-05-25,0.8228190917535955
AOI-0014,2021-08-13,0.2616614287612199
AOI-0014,2021-08-18,0.13675867116402776
AOI-0014,2021-09-14,0.20756003782108484
AOI-0014,2021-10-12,0.18080884848904044
AOI-0014,2021-10-14,0.21032998829183808
AOI-0014,2022-05-15,0.2591395967245915
AOI-0014,2022-05-26,0.39054088913444107
AOI-0014,2022-05-27,0.3257045345419411
AOI-0014,2022-06-24,0.7141609897370479
AOI-0014,2022-07-14,0.8081073925756396
AOI-0014,2022-07-24,0.7538391805052684
AOI-0014,2022-08-22,0.33015790544911994
AOI-0014,2022-08-29,0.29136758652501216
AOI-0014,2022-09-02,0.2078874407847939
AOI-0014,2022-09-08,0.22324728946409958
AOI-0014,2022-09-14,0.2392598285001746
AOI-0014,2023-06-07,0.8493876314749711
AOI-0014,2023-08-10,0.19812458789582577
AOI-0014,2024-04-04,0.6489931139929654
AOI-0014,2024-05-08,0.8405985037854511
AOI-0014,2024-05-09,0.8315873535435129
AOI-0014,2024-05-21,0.8185812674732103
AOI-0014,2024-05-23,0.8369761297418673
AOI-0014,2024-06-08,0.5647661577874997
AOI-0014,2024-07-25,0.14942650093270496
AOI-0014,2024-08-11,0.19265572495754502
AOI-0014,2024-09-01,0.16284835428013128
AOI-0014,2024-09-08,0.13564629359930114
AOI-0014,2024-09-11,0.14055789691091325
AOI-0014,2024-09-18,0.13808124033588282
AOI-0014,2024-09-29,0.21100739092363544
AOI-0014,2024-10-07,0.17660690413064675
AOI-0014,2024-10-30,0.20471816508835483
AOI-0014,2025-04-23,0.37484557831999776
AOI-0014,2025-05-01,0.19519487297995652
AOI-0014,2025-05-27,0.4225292936718998
AOI-0014,2025-06-13,0.40458230698760156
AOI-0014,2025-08-12,0.2676301012333598
AOI-0014,2025-08-15,0.30576025875448426
AOI-0014,2025-08-24,0.19490340660985625
AOI-0014,2025-09-11,0.1476498028972351
AOI-0014,2025-09-14,0.23209099723731902
AOI-0014,2025-09-23,0.1947047057516884
AOI-0014,2025-09-24,0.2139965153608067
AOI-0015,2025-05-04,0.3427971304191206
AOI-0015,2025-05-27,0.47644758054895786
AOI-0015,2025-06-07,0.42993381020904015
AOI-0015,2025-07-03,0.3843893227219449
AOI-0015,2025-07-05,0.37202504884191423
AOI-0015,2025-07-08,0.31961004468979415
AOI-0015,2025-07-13,0.2529932914611157
AOI-0015,2025-07-15,0.2250010892046016
AOI-0015,2025-07-18,0.23286018994182967
AOI-0015,2025-07-21,0.28679587373753135
AOI-0015,2025-07-23,0.2387462939602837
AOI-0015,2025-09-07,0.2004592705193392
AOI-0015,2025-10-13,0.1886315501342662
AOI-0015,2025-10-16,0.2728378428720202
AOI-0015,2025-10-18,0.22027819613173705
AOI-0016,2025-04-19,0.2384416274681507
AOI-0016,2025-05-25,0.5452119745255335
AOI-0016,2025-06-11,0.6380828842110803
AOI-0016,2025-06-26,0.7891825360397335
AOI-0016,2025-07-10,0.7946016744894465
AOI-0016,2025-07-17,0.7487606428802533
AOI-0016,2025-07-18,0.7486589906012643
AOI-0016,2025-08-19,0.36870727344017545
AOI-0016,2025-08-29,0.3719678481243675
AOI-0016,2025-10-17,0.26061528055468514
AOI-0017,2010-06-10,0.5743475760085448
AOI-0017,2010-07-29,0.5803387944541147
AOI-0017,2010-09-23,0.33220452781709936
AOI-0017,2011-04-18,0.30942956302468844
AOI-0017,2011-09-17,0.5208673915617633
AOI-0017,2011-09-26,0.5153273009727249
AOI-0017,2011-09-30,0.5358490606951735
AOI-0017,2011-10-11,0.48796149745009715
AOI-0017,2011-10-27,0.4804655733239134
AOI-0017,2012-07-18,0.5899648648867178
AOI-0017,2012-07-27,0.5091013292920509
AOI-0017,2012-08-28,0.46095742202395534
AOI-0017,2012-09-29,0.47338430615560845
AOI-0017,2013-05-25,0.6644750305194622
AOI-0017,2013-07-12,0.562303256843776
AOI-0017,2013-08-14,0.4179150438911597
AOI-0017,2013-09-14,0.6351351148201251
AOI-0017,2013-09-30,0.6338747378625124
AOI-0017,2013-10-09,0.6285013954575953
AOI-0017,2013-10-25,0.6071244662383343
AOI-0017,2014-04-23,0.6867764700028371
AOI-0017,2014-06-06,0.5689640890427747
AOI-0017,2014-07-24,0.39164942064767205
AOI-0017,2014-10-04,0.37136922767558256
AOI-0017,2015-04-23,0.5187623591731648
AOI-0017,2015-04-30,0.40783129445922434
AOI-0017,2015-07-11,0.6983366246524509
AOI-0017,2015-07-27,0.6358459133307988
AOI-0017,2015-08-03,0.5931553167269551
AOI-0017,2015-08-29,0.4550179620280324
AOI-0017,2015-10-16,0.45032951663260623
AOI-0017,2016-04-06,0.5516918556591093
AOI-0017,2016-04-07,0.4291225373721357
AOI-0017,2016-06-18,0.6174289878675989
AOI-0017,2016-07-05,0.5483779939683366
AOI-0017,2016-07-27,0.5975323616274951
AOI-0017,2016-08-21,0.569476090628245
AOI-0017,2016-09-15,0.5229411316420195
AOI-0017,2016-10-15,0.5264158744779026
AOI-0017,2016-10-17,0.46384640945023786
AOI-0017,2017-06-06,0.6454827038100109
AOI-0017,2017-07-31,0.6304081996941996
AOI-0017,2017-08-01,0.6129696812914286
AOI-0017,2017-09-02,0.5319843377175429
AOI-0017,2018-04-05,0.4494633068567958
AOI-0017,2018-05-09,0.6862763426043552
AOI-0017,2018-05-23,0.6610365562960144
AOI-0017,2018-06-20,0.5205055958511576
AOI-0017,2018-07-11,0.4428894434457145
AOI-0017,2018-07-12,0.5152773394214879
AOI-0017,2019-04-25,0.4668936554617232
AOI-0017,2019-04-28,0.41866087389352274
AOI-0017,2019-05-13,0.5322946340081326
AOI-0017,2019-05-18,0.6213741014112387
AOI-0017,2019-05-28,0.6899211319515507
AOI-0017,2019-06-04,0.6563897405697734
AOI-0017,2019-06-12,0.7112617631479339
AOI-0017,2019-06-17,0.6521038978685537
AOI-0017,2019-07-17,0.6344319064859407
AOI-0017,2019-08-06,0.6227310544765231
AOI-0017,2019-08-11,0.5721780077062611
AOI-0017,2019-08-24,0.4325295613254542
AOI-0017,2019-08-29,0.5335633079404237
AOI-0017,2019-08-31,0.4865681160078475
AOI-0017,2019-09-13,0.4478145421740483
AOI-0017,2020-04-25,0.3124642602646713
AOI-0017,2020-04-30,0.34257441624486273
AOI-0017,2020-05-08,0.6558187426809958
AOI-0017,2020-06-06,0.6188565342421908
AOI-0017,2020-06-26,0.5059298039992232
AOI-0017,2020-07-26,0.39487020118768873
AOI-0017,2020-08-18,0.4326106737213044
AOI-0017,2020-09-02,0.3940720767739971
AOI-0017,2020-09-04,0.3442138493935538
AOI-0017,2020-09-09,0.4014577043096492
AOI-0017,2020-09-10,0.37596031414156655
AOI-0017,2020-09-19,0.3910310874529893
AOI-0017,2020-10-12,0.37021250619613383
AOI-0017,2021-04-07,0.3887264968525926
AOI-0017,2021-05-20,0.5475492019317926
AOI-0017,2021-07-02,0.6795304586637543
AOI-0017,2021-08-29,0.5487286836737412
AOI-0017,2021-09-04,0.5060359138030811
AOI-0017,2021-09-27,0.5085062751618786
AOI-0017,2021-10-06,0.33910754658720466
AOI-0017,2021-10-27,0.4980207629389882
AOI-0017,2022-04-17,0.6073266077381673
AOI-0017,2022-04-23,0.6829520211723076
AOI-0017,2022-05-26,0.6961242283123744
AOI-0017,2022-05-27,0.6779431088623452
AOI-0017,2022-06-03,0.653104837640055
AOI-0017,2022-06-11,0.5894734984819542
AOI-0017,2022-06-30,0.5983967946630263
AOI-0017,2022-07-12,0.5712996450938305
AOI-0017,2022-07-19,0.5597030098052048
AOI-0017,2022-07-24,0.542253236414027
AOI-0017,2022-08-07,0.5531729580944379
AOI-0017,2022-08-14,0.5603750775784216
AOI-0017,2022-08-15,0.5155127304120132
AOI-0017,2022-08-23,0.5223757462585724
AOI-0017,2022-08-30,0.4993763087712677
AOI-0017,2022-09-17,0.4273595203216364
AOI-0017,2022-10-19,0.5104961849835011
AOI-0017,2023-04-02,0.49758721718457766
AOI-0017,2023-05-06,0.6191290302436981
AOI-0017,2023-06-11,0.6410781239619324
AOI-0017,2023-06-19,0.6503690698759313
AOI-0017,2023-06-22,0.6488229306302928
AOI-0017,2023-07-24,0.636460892916755
AOI-0017,2023-09-19,0.46922434813259106
AOI-0017,2023-10-12,0.28422862386944864
AOI-0017,2023-10-16,0.4051923768774592
AOI-0017,2023-10-21,0.29571322477776374
AOI-0017,2024-04-04,0.40005946521608843
AOI-0017,2024-06-05,0.26934086005801
AOI-0017,2024-06-13,0.18338453561364318
AOI-0017,2024-06-28,0.22330007217075185
AOI-0017,2024-07-19,0.231830013298861
AOI-0017,2024-08-22,0.1821181041663003
AOI-0017,2024-09-01,0.24396423629447625
AOI-0017,2024-09-21,0.2498231491627838
AOI-0017,2024-09-29,0.27993938675459307
AOI-0017,2024-10-08,0.17462363685507482
AOI-0017,2024-10-22,0.2210864230009517
AOI-0017,2025-05-04,0.8566336923462439
AOI-0017,2025-05-27,0.7591198986985815
AOI-0017,2025-06-07,0.6355652299131584
AOI-0017,2025-06-28,0.331121319635257
AOI-0017,2025-07-07,0.2909298556572858
AOI-0017,2025-08-23,0.21507863185784307
AOI-0017,2025-09-01,0.15634859135158333
AOI-0017,2025-10-02,0.25524149729645546
AOI-0018,2025-04-19,0.8044368863666865
AOI-0018,2025-05-27,0.6785557296950504
AOI-0018,2025-06-13,0.2954025216394808
AOI-0018,2025-06-15,0.2948066046931688
AOI-0018,2025-07-05,0.24229339671843447
AOI-0018,2025-07-07,0.25356969516034633
AOI-0018,2025-07-14,0.29255111131313155
AOI-0018,2025-07-21,0.30177165910928283
AOI-0018,2025-08-19,0.17308217775696566
AOI-0018,2025-08-27,0.17349648336101545
AOI-0018,2025-09-08,0.15330573653159746
AOI-0018,2025-09-24,0.23003214106275852
AOI-0018,2025-10-17,0.24899086714234886
AOI-0019,2025-04-14,0.48838867303687505
AOI-0019,2025-04-17,0.5438942579850518
AOI-0019,2025-04-28,0.5538688193075685
AOI-0019,2025-05-14,0.5669450133770401
AOI-0019,2025-05-25,0.6655430692032698
AOI-0019,2025-06-15,0.42161218471122786
AOI-0019,2025-06-27,0.4198037871138277
AOI-0019,2025-06-30,0.3357627132649368
AOI-0019,2025-07-10,0.3255521901552504
AOI-0019,2025-07-14,0.30169343661017045
AOI-0019,2025-08-14,0.3155835989718981
AOI-0019,2025-08-31,0.20021917765316943
AOI-0019,2025-09-15,0.2223139858965035
AOI-0019,2025-09-23,0.20887861343741393
AOI-0019,2025-09-24,0.22661014621003625
AOI-0019,2025-10-18,0.19222564610032558
AOI-0020,2025-04-18,0.2578500586252275
AOI-0020,2025-04-23,0.45639407356256223
AOI-0020,2025-05-03,0.4309077148077898
AOI-0020,2025-06-03,0.6277875060727519
AOI-0020,2025-06-11,0.4714859738098245
AOI-0020,2025-07-12,0.4305346879539137
AOI-0020,2025-07-21,0.33785741045649287
AOI-0020,2025-07-29,0.31249348739007987
AOI-0020,2025-07-30,0.28119532094331057
AOI-0020,2025-08-19,0.257669220960715
AOI-0020,2025-10-13,0.07001792425367631
AOI-0021,2025-04-28,0.410827341257874
AOI-0021,2025-05-27,0.5677930903755894
AOI-0021,2025-06-03,0.5873895944423437
AOI-0021,2025-07-06,0.3671147034051134
AOI-0021,2025-07-18,0.3313781173966392
AOI-0021,2025-07-29,0.32566631808739605
AOI-0021,2025-08-07,0.2595675836594158
AOI-0021,2025-08-22,0.23727286788272073
AOI-0021,2025-08-30,0.2634290377764166
AOI-0021,2025-09-15,0.2255418166997804
AOI-0021,2025-09-24,0.2518676168919895
AOI-0021,2025-10-03,0.1963602711723945
AOI-0022,2025-04-01,0.5091024718851506
AOI-0022,2025-05-03,0.8489063916385341
AOI-0022,2025-05-06,0.7641400115204418
AOI-0022,2025-05-25,0.8192651537348306
AOI-0022,2025-05-28,0.8105887659895972
AOI-0022,2025-07-08,0.21149557752411713
AOI-0022,2025-07-17,0.1613612837584915
AOI-0022,2025-07-21,0.18507944195588943
AOI-0022,2025-08-27,0.15376081684898926
AOI-0022,2025-08-31,0.16003695903904677
AOI-0022,2025-09-23,0.17394582138308712
AOI-0022,2025-09-24,0.19390072183861112
AOI-0022,2025-09-30,0.24308513056890152
AOI-0023,2025-04-16,0.20304440578266766
AOI-0023,2025-04-17,0.2431694572002127
AOI-0023,2025-04-24,0.19306337932731632
AOI-0023,2025-05-01,0.16759650641274906
AOI-0023,2025-05-04,0.22936233881821735
AOI-0023,2025-06-27,0.7661857062784145
AOI-0023,2025-07-05,0.7154714770763874
AOI-0023,2025-07-14,0.3865169818807241
AOI-0023,2025-07-15,0.3499523765364695
AOI-0023,2025-08-14,0.16029955306511406
AOI-0023,2025-08-22,0.14389194255793258
AOI-0023,2025-08-30,0.19335787278666833
AOI-0023,2025-09-21,0.15319071178689803
AOI-0023,2025-09-23,0.16544957529928578
AOI-0023,2025-10-17,0.23640083630640693
AOI-0024,2025-04-07,0.32705496815663493
AOI-0024,2025-04-23,0.33491483456636056
AOI-0024,2025-05-25,0.45068836718986954
AOI-0024,2025-05-28,0.2621500324388098
AOI-0024,2025-06-05,0.3118272102622003
AOI-0024,2025-07-03,0.5920183266800628
AOI-0024,2025-07-21,0.36587078234999815
AOI-0024,2025-07-25,0.3545656519537072
AOI-0024,2025-08-06,0.32876280013520903
AOI-0024,2025-08-09,0.2948223258394269
AOI-0024,2025-09-14,0.2761922389084776
AOI-0024,2025-09-21,0.19533245650843284
AOI-0024,2025-09-30,0.23061073615178812
AOI-0024,2025-10-02,0.1745114997705341
AOI-0024,2025-10-18,0.16506758161601343
AOI-0025,2025-04-14,0.17670310285030955
AOI-0025,2025-04-23,0.3286766679958832
AOI-0025,2025-04-24,0.20150682239263568
AOI-0025,2025-04-29,0.2228869089493819
AOI-0025,2025-05-09,0.30839658718166185
AOI-0025,2025-06-03,0.20832233487995316
AOI-0025,2025-06-13,0.2254239929819021
AOI-0025,2025-06-27,0.1589535369509963
AOI-0025,2025-07-21,0.1766302217183683
AOI-0025,2025-08-07,0.14657864682861554
AOI-0025,2025-08-30,0.20390233820590575
AOI-0025,2025-09-07,0.19223049969307485
AOI-0025,2025-09-14,0.24365962060460938
AOI-0025,2025-10-17,0.44243029249709587
AOI-0026,2025-04-07,0.6784419096670967
AOI-0026,2025-04-24,0.819174417405457
AOI-0026,2025-05-09,0.9075406638992474
AOI-0026,2025-06-13,0.645659223109701
AOI-0026,2025-07-08,0.2616012413844016
AOI-0026,2025-07-10,0.2624762956134212
AOI-0026,2025-07-12,0.2796117702340737
AOI-0026,2025-07-13,0.25051246909267755
AOI-0026,2025-07-18,0.19378747428000087
AOI-0026,2025-07-30,0.14369088643882183
AOI-0026,2025-08-19,0.12329729732624278
AOI-0026,2025-09-08,0.12833511549882143
AOI-0026,2025-09-23,0.14977617423041903
AOI-0026,2025-09-30,0.3400484947475216
AOI-0027,2025-04-16,0.7546333777549838
AOI-0027,2025-04-24,0.7485864104869698
AOI-0027,2025-06-13,0.4592271227741751
AOI-0027,2025-06-27,0.390705630407002
AOI-0027,2025-07-05,0.3109039498503668
AOI-0027,2025-07-12,0.38276453015372713
AOI-0027,2025-07-13,0.24266016341967653
AOI-0027,2025-07-23,0.20806593995661418
AOI-0027,2025-07-29,0.30698700724279315
AOI-0027,2025-08-19,0.2740968741248451
AOI-0027,2025-08-30,0.2691974073476351
AOI-0027,2025-09-16,0.25901578756041654
AOI-0027,2025-10-16,0.5585967628995194
AOI-0028,2010-04-07,0.764631955190014
AOI-0028,2010-04-15,0.7491645904698129
AOI-0028,2010-10-24,0.18295037843904716
AOI-0028,2011-05-25,0.5405102385590215
AOI-0028,2011-07-28,0.6067151256963995
AOI-0028,2011-08-08,0.5885192898917858
AOI-0028,2011-10-11,0.24343230493027762
AOI-0028,2012-04-22,0.775125329327211
AOI-0028,2012-09-27,0.17269116921736766
AOI-0028,2012-10-15,0.22957778903870096
AOI-0028,2013-04-07,0.26319607386171817
AOI-0028,2013-06-10,0.32680988623544904
AOI-0028,2013-06-26,0.2829492627023588
AOI-0028,2013-08-29,0.2885566390974538
AOI-0028,2014-04-07,0.6733246943731662
AOI-0028,2014-05-04,0.9131271755050372
AOI-0028,2014-07-28,0.27070586978618144
AOI-0028,2014-10-11,0.18567883197120155
AOI-0028,2015-04-13,0.2037214014008953
AOI-0028,2015-08-27,0.3717773220989973
AOI-0028,2015-09-28,0.18193162886532793
AOI-0028,2016-04-07,0.6915046327975394
AOI-0028,2016-04-23,0.7540014139000235
AOI-0028,2016-06-09,0.6532437797094651
AOI-0028,2016-06-10,0.634407106789932
AOI-0028,2016-06-25,0.32184801973280397
AOI-0028,2016-07-27,0.3178504502811653
AOI-0028,2016-09-06,0.1874713495268515
AOI-0028,2017-04-26,0.28116536132761644
AOI-0028,2017-07-23,0.23590241664440936
AOI-0028,2017-08-09,0.171041414726953
AOI-0028,2017-08-13,0.25257514552464844
AOI-0028,2017-08-29,0.23225269576297725
AOI-0028,2017-09-17,0.22414423853486354
AOI-0028,2018-05-11,0.8423120071841007
AOI-0028,2018-08-19,0.2031576570311449
AOI-0028,2018-08-29,0.21986647637868112
AOI-0028,2018-09-12,0.22102800785610244
AOI-0028,2018-10-08,0.15277366421252073
AOI-0028,2019-04-06,0.1335471260029893
AOI-0028,2019-05-02,0.2753157534624847
AOI-0028,2019-05-25,0.3762380782670292
AOI-0028,2019-06-27,0.18357452474234146
AOI-0028,2019-08-09,0.20239781031064116
AOI-0028,2019-08-24,0.15123196332971744
AOI-0028,2019-10-17,0.5279425174391186
AOI-0028,2020-04-25,0.8158205900042897
AOI-0028,2020-05-04,0.8814327976230281
AOI-0028,2020-05-08,0.8431567620590504
AOI-0028,2020-05-30,0.8448984772096466
AOI-0028,2020-07-14,0.18503615433640613
AOI-0028,2020-08-03,0.14424907324151665
AOI-0028,2020-08-08,0.16897240826053583
AOI-0028,2020-09-02,0.15807868795488556
AOI-0028,2020-09-13,0.20907451367533958
AOI-0028,2021-06-14,0.7131023094206299
AOI-0028,2021-06-16,0.7317753068591074
AOI-0028,2021-06-24,0.8327947880944206
AOI-0028,2021-06-26,0.8783232270759661
AOI-0028,2021-07-24,0.7386421752341089
AOI-0028,2021-10-27,0.2591714799781775
AOI-0028,2022-04-07,0.7058630318159154
AOI-0028,2022-04-23,0.8747740501930626
AOI-0028,2022-06-09,0.896416093736176
AOI-0028,2022-06-29,0.3492937603873355
AOI-0028,2022-07-28,0.21167301161079
AOI-0028,2022-08-03,0.12675733576821763
AOI-0028,2022-08-08,0.13602101080729526
AOI-0028,2022-08-30,0.14740998958907064
AOI-0028,2022-10-01,0.21144208551314814
AOI-0028,2023-04-07,0.30379478166239
AOI-0028,2023-04-11,0.21128433709987826
AOI-0028,2023-05-05,0.22984502699986004
AOI-0028,2023-05-09,0.4866620860372206
AOI-0028,2023-06-09,0.24091737675608607
AOI-0028,2023-08-06,0.18784935531491675
AOI-0028,2023-08-23,0.14884235720264222
AOI-0028,2023-08-29,0.21397442506673586
AOI-0028,2023-09-22,0.17393858914119975
AOI-0028,2023-09-24,0.17242472242096268
AOI-0028,2023-09-30,0.33777234285371593
AOI-0028,2024-05-07,0.8993211195517794
AOI-0028,2024-05-23,0.8240964514831988
AOI-0028,2024-05-24,0.7926262739718516
AOI-0028,2024-07-27,0.199103766965344
AOI-0028,2024-08-03,0.16481871485206112
AOI-0028,2024-08-12,0.189649009415189
AOI-0028,2024-09-11,0.1309425963116463
AOI-0028,2024-09-16,0.13420151672787595
AOI-0028,2025-04-07,0.4034976016744626
AOI-0028,2025-05-24,0.606155706229942
AOI-0028,2025-05-31,0.6453126918870813
AOI-0028,2025-06-11,0.6691049321594295
AOI-0028,2025-06-26,0.5483886147643863
AOI-0028,2025-06-27,0.5300141034633422
AOI-0028,2025-07-10,0.27974221333802196
AOI-0028,2025-07-13,0.24988969555183965
AOI-0028,2025-07-23,0.1707885397921674
AOI-0028,2025-08-13,0.2275352988981124
AOI-0028,2025-09-08,0.13564631287479023
AOI-0028,2025-09-11,0.1290455069912863
AOI-0028,2025-10-16,0.2505249784842094
AOI-0028,2025-10-28,0.2391916541834326
AOI-0029,2025-04-04,0.5384322407337407
AOI-0029,2025-04-24,0.8024184969041114
AOI-0029,2025-06-08,0.7088518563924102
AOI-0029,2025-06-10,0.6333843904223712
AOI-0029,2025-06-11,0.6612509981481577
AOI-0029,2025-06-13,0.6293383848912403
AOI-0029,2025-07-29,0.17220124868300643
AOI-0029,2025-08-02,0.12084000073049189
AOI-0029,2025-08-19,0.12005400922996773
AOI-0029,2025-09-11,0.1294404070165714
AOI-0029,2025-09-16,0.15514878120238354
AOI-0030,2025-04-21,0.5295472610194354
AOI-0030,2025-04-24,0.5913622827462568
AOI-0030,2025-06-10,0.7081326326213422
AOI-0030,2025-08-07,0.6293618967199728
AOI-0031,2010-06-04,0.5612750727648663
AOI-0031,2010-09-14,0.189195483779584
AOI-0031,2011-04-23,0.3140176994297133
AOI-0031,2011-06-10,0.49028206153350645
AOI-0031,2011-07-09,0.2293159413431739
AOI-0031,2011-08-11,0.2131263077527983
AOI-0031,2011-08-18,0.1922492750103224
AOI-0031,2011-08-19,0.1801822828043148
AOI-0031,2011-09-19,0.220632860934541
AOI-0031,2012-04-06,0.2605736272606096
AOI-0031,2012-04-15,0.16968392357721873
AOI-0031,2013-04-07,0.5523582214415007
AOI-0031,2013-05-09,0.6319327010875986
AOI-0031,2013-05-12,0.5891120493615271
AOI-0031,2013-05-25,0.5020883585003493
AOI-0031,2013-06-12,0.2502659845299532
AOI-0031,2013-06-28,0.19643565637536872
AOI-0031,2013-07-23,0.20953141841510553
AOI-0031,2013-08-13,0.26838761902930525
AOI-0031,2013-10-16,0.32127240583671407
AOI-0031,2014-05-23,0.35416950210307724
AOI-0031,2014-06-23,0.27557008804374444
AOI-0031,2014-07-17,0.14385374302982845
AOI-0031,2014-07-28,0.1990458642829158
AOI-0031,2014-08-02,0.14547121806175356
AOI-0031,2014-08-13,0.19543372342607557
AOI-0031,2014-10-14,0.15918713126029474
AOI-0031,2015-09-22,0.20395748624767354
AOI-0031,2015-10-16,0.2118613972752707
AOI-0031,2016-04-01,0.2501551008577778
AOI-0031,2016-04-17,0.4018443883817717
AOI-0031,2016-04-22,0.6143992808915425
AOI-0031,2016-05-03,0.5993216412454485
AOI-0031,2016-05-24,0.7077941139465918
AOI-0031,2016-06-09,0.586748867464564
AOI-0031,2016-06-12,0.5686373709369905
AOI-0031,2016-06-20,0.34645845880407433
AOI-0031,2016-06-25,0.3195458099486314
AOI-0031,2016-07-30,0.22861438269959836
AOI-0031,2017-05-06,0.7365232644416819
AOI-0031,2017-06-07,0.713953583158864
AOI-0031,2017-08-03,0.184625829281994
AOI-0031,2017-08-13,0.19837328092568873
AOI-0031,2017-09-04,0.1651039332358138
AOI-0031,2017-09-22,0.2682970287419772
AOI-0031,2018-04-23,0.5982742289797649
AOI-0031,2018-05-02,0.6762343181147092
AOI-0031,2018-05-18,0.6231490379524547
AOI-0031,2018-06-03,0.30430216820501504
AOI-0031,2018-06-10,0.33272135306375733
AOI-0031,2018-06-11,0.2634247123347197
AOI-0031,2018-07-13,0.25400422631098063
AOI-0031,2018-09-06,0.200850843226285
AOI-0031,2018-09-14,0.21596756224869332
AOI-0031,2018-10-07,0.165992221214086
AOI-0031,2018-10-12,0.20298440648519928
AOI-0031,2019-04-10,0.5001555317630666
AOI-0031,2019-06-14,0.21394592125521633
AOI-0031,2019-06-22,0.14076970013592083
AOI-0031,2019-07-09,0.15639657908545693
AOI-0031,2019-07-23,0.2679223808019697
AOI-0031,2019-08-08,0.4266595727069176
AOI-0031,2019-08-31,0.21496648725989842
AOI-0031,2019-09-17,0.16907653637339026
AOI-0031,2019-10-03,0.2690030234056247
AOI-0031,2019-10-10,0.3418021940056745
AOI-0031,2019-10-12,0.22633103321940515
AOI-0031,2019-10-22,0.5178439111675435
AOI-0031,2020-04-13,0.4559108919682024
AOI-0031,2020-06-01,0.49784630373553934
AOI-0031,2020-06-06,0.5238997830153287
AOI-0031,2020-07-11,0.16174185331344185
AOI-0031,2020-07-18,0.1264841291896168
AOI-0031,2020-07-28,0.1220625944090753
AOI-0031,2020-08-07,0.13470528730413092
AOI-0031,2020-08-17,0.13970212811150243
AOI-0031,2020-08-22,0.1271138854424308
AOI-0031,2020-09-27,0.13498019932359498
AOI-0031,2020-10-13,0.10998244540651501
AOI-0031,2020-10-19,0.07716781731184971
AOI-0031,2020-10-21,0.13714990973765478
AOI-0031,2021-04-07,0.24358660279053435
AOI-0031,2021-05-17,0.28419018563206855
AOI-0031,2021-06-11,0.14279205212977703
AOI-0031,2021-07-01,0.13702744131788094
AOI-0031,2021-07-16,0.13165766620619726
AOI-0031,2021-07-21,0.11847337448344605
AOI-0031,2021-08-06,0.15147544212635491
AOI-0031,2021-08-25,0.11913622619149745
AOI-0031,2021-08-30,0.11982166654236087
AOI-0031,2022-05-14,0.8300214281311327
AOI-0031,2022-06-10,0.7016959401405851
AOI-0031,2022-06-11,0.7294897479170875
AOI-0031,2022-06-20,0.44278410121977096
AOI-0031,2022-06-21,0.4171727606440826
AOI-0031,2022-07-08,0.16729818843180466
AOI-0031,2022-07-12,0.2114456780274191
AOI-0031,2022-09-08,0.12267804162421929
AOI-0031,2022-09-09,0.11386065049577976
AOI-0031,2022-09-10,0.13017798906629813
AOI-0031,2022-09-11,0.12781712513498966
AOI-0031,2022-09-26,0.130379128767417
AOI-0031,2022-09-29,0.13307389524852176
AOI-0031,2023-04-04,0.32428462070620473
AOI-0031,2023-04-27,0.37838788824347486
AOI-0031,2023-05-17,0.4361123611075207
AOI-0031,2023-06-17,0.294534541724014
AOI-0031,2023-06-23,0.2667141175627373
AOI-0031,2023-06-26,0.3071600620179451
AOI-0031,2023-07-11,0.2823737653147452
AOI-0031,2023-08-15,0.22000142052576352
AOI-0031,2023-09-19,0.18166440811117168
AOI-0031,2023-09-20,0.2139988984312293
AOI-0031,2023-09-30,0.23567531031501782
AOI-0031,2023-10-15,0.18489894138989857
AOI-0031,2023-10-24,0.18907624225482794
AOI-0031,2024-05-03,0.20891633444864077
AOI-0031,2024-06-02,0.19204399662754054
AOI-0031,2024-07-02,0.15923093066011612
AOI-0031,2024-07-10,0.11601949493503547
AOI-0031,2024-07-13,0.13715853530362032
AOI-0031,2024-08-09,0.11601446243837979
AOI-0031,2024-08-16,0.1447375887539759
AOI-0031,2024-08-26,0.14598261862397227
AOI-0031,2025-04-19,0.4879404672933222
AOI-0031,2025-04-23,0.5975175199433999
AOI-0031,2025-06-21,0.4571709228909814
AOI-0031,2025-07-12,0.23792887817661318
AOI-0031,2025-07-15,0.19777296626114454
AOI-0031,2025-08-06,0.17248796753268622
AOI-0031,2025-08-09,0.13526229199379447
AOI-0031,2025-09-08,0.12650800325220812
AOI-0031,2025-09-15,0.1607797962475549
AOI-0031,2025-09-17,0.14893723533723757
AOI-0031,2025-10-02,0.20767571223283204
AOI-0031,2025-10-22,0.2599119643021366
AOI-0032,2010-06-04,0.2697245142224721
AOI-0032,2010-06-10,0.2714944715806171
AOI-0032,2010-06-20,0.1990637596114325
AOI-0032,2010-07-12,0.20747333250655609
AOI-0032,2010-08-16,0.13780435979898317
AOI-0032,2010-09-14,0.18279850560690072
AOI-0032,2010-09-30,0.2161764071127104
AOI-0032,2011-07-12,0.2881770842157252
AOI-0032,2011-08-29,0.28292852762473525
AOI-0032,2011-09-11,0.16930310931615603
AOI-0032,2011-09-28,0.1870116731882283
AOI-0032,2012-04-06,0.27901926897495416
AOI-0032,2012-05-01,0.32739650465776504
AOI-0032,2012-06-25,0.3150148304582059
AOI-0032,2012-10-08,0.13147250264486715
AOI-0032,2013-05-19,0.4705864997047119
AOI-0032,2013-05-20,0.4545220245936081
AOI-0032,2013-06-10,0.33873569357366673
AOI-0032,2013-06-12,0.2906903330390561
AOI-0032,2013-06-13,0.28458733559679567
AOI-0032,2013-07-22,0.32176148941233507
AOI-0032,2013-07-30,0.33520349523225634
AOI-0032,2013-08-13,0.289557177750479
AOI-0032,2013-08-29,0.24896704949419318
AOI-0032,2013-09-14,0.2561716343580229
AOI-0032,2014-06-16,0.25296345361566386
AOI-0032,2014-06-26,0.23781420631292124
AOI-0032,2014-07-12,0.18640292314000226
AOI-0032,2014-09-03,0.13961991183290784
AOI-0032,2015-04-23,0.2637665762963672
AOI-0032,2015-06-18,0.49263143209438814
AOI-0032,2015-07-13,0.2888954056773834
AOI-0032,2015-09-15,0.17172238825695108
AOI-0032,2015-09-23,0.18135373033277805
AOI-0032,2015-09-30,0.21213538833418608
AOI-0032,2016-04-06,0.2534207867553382
AOI-0032,2016-04-10,0.17449794770489233
AOI-0032,2016-05-03,0.25009241143983446
AOI-0032,2016-06-09,0.3645347538660276
AOI-0032,2016-06-28,0.20491701991288916
AOI-0032,2016-07-15,0.16715170904640328
AOI-0032,2016-07-30,0.1882187075028814
AOI-0032,2016-08-16,0.1600792557753396
AOI-0032,2016-09-09,0.15807981298363455
AOI-0032,2016-10-18,0.3710465557727748
AOI-0032,2017-04-04,0.41869851682810283
AOI-0032,2017-04-28,0.7049540136101853
AOI-0032,2017-05-09,0.7740463120164358
AOI-0032,2017-07-02,0.22666927560960023
AOI-0032,2017-08-02,0.16489468399623938
AOI-0032,2017-08-11,0.12069264195289348
AOI-0032,2017-08-19,0.13482750893706755
AOI-0032,2017-08-27,0.17751738241699624
AOI-0032,2017-09-03,0.14734507506816885
AOI-0032,2017-09-12,0.16110715711814194
AOI-0032,2018-04-15,0.18488075362989742
AOI-0032,2018-06-10,0.22060792443925462
AOI-0032,2018-06-19,0.135518939763388
AOI-0032,2018-09-14,0.19444062617868504
AOI-0032,2018-09-23,0.15954510179364362
AOI-0032,2018-09-30,0.2178257136860852
AOI-0032,2018-10-07,0.160620791714676
AOI-0032,2018-10-12,0.2458958044662402
AOI-0032,2019-04-26,0.7128702534174123
AOI-0032,2019-04-28,0.6923840761464043
AOI-0032,2019-05-18,0.8182111846250756
AOI-0032,2019-05-20,0.8072893010811953
AOI-0032,2019-05-30,0.6634958162722514
AOI-0032,2019-06-14,0.31438038222489467
AOI-0032,2019-06-19,0.18152867141319712
AOI-0032,2019-07-23,0.16356895198765456
AOI-0032,2019-09-25,0.12806281919484028
AOI-0032,2019-10-05,0.15315544004110962
AOI-0032,2019-10-11,0.2183784755439674
AOI-0032,2019-10-25,0.37198979419887085
AOI-0032,2019-10-28,0.3520723010613399
AOI-0032,2020-05-27,0.42844245075718473
AOI-0032,2020-05-30,0.38663410699257766
AOI-0032,2020-06-24,0.21328769286428534
AOI-0032,2020-06-26,0.17561485596037008
AOI-0032,2020-08-05,0.1295324465367336
AOI-0032,2020-08-07,0.12930549175056968
AOI-0032,2020-09-13,0.15996958388101104
AOI-0032,2020-09-28,0.1211750017346659
AOI-0032,2020-09-29,0.17339845344179103
AOI-0032,2020-10-05,0.11690449400405223
AOI-0032,2020-10-06,0.12355534500175479
AOI-0032,2020-10-24,0.149817237973369
AOI-0032,2021-04-04,0.0599089123387023
AOI-0032,2021-04-23,0.26608080791488087
AOI-0032,2021-05-01,0.25892448422792524
AOI-0032,2021-05-25,0.2871862050525973
AOI-0032,2021-06-18,0.1623838011601877
AOI-0032,2021-07-01,0.14563973061592334
AOI-0032,2021-07-18,0.14708949649859754
AOI-0032,2021-09-06,0.1699101098608263
AOI-0032,2021-09-15,0.1566063003243322
AOI-0032,2021-10-08,0.32990386445614317
AOI-0032,2022-04-26,0.7640927567144692
AOI-0032,2022-05-09,0.8407079157860264
AOI-0032,2022-05-13,0.8495794784669203
AOI-0032,2022-05-29,0.8411428901036333
AOI-0032,2022-06-06,0.7368970581878267
AOI-0032,2022-06-13,0.6013823650752933
AOI-0032,2022-06-30,0.3188774908163373
AOI-0032,2022-08-01,0.14170837302306172
AOI-0032,2022-08-02,0.09600291477891955
AOI-0032,2022-08-15,0.09461179320164267
AOI-0032,2022-08-24,0.14062626976413117
AOI-0032,2022-08-29,0.16186803276037676
AOI-0032,2022-09-11,0.1351373213390418
AOI-0032,2023-04-07,0.27734566863337085
AOI-0032,2023-04-12,0.17946017806432163
AOI-0032,2023-05-12,0.22687894657862842
AOI-0032,2023-05-15,0.21915711173531266
AOI-0032,2023-05-24,0.31523002122610555
AOI-0032,2023-06-06,0.40424300638964644
AOI-0032,2023-06-18,0.5434746361110616
AOI-0032,2023-07-26,0.2818253361330574
AOI-0032,2023-07-28,0.31652848834447544
AOI-0032,2023-08-08,0.23435330853156675
AOI-0032,2023-09-01,0.2279228904394669
AOI-0032,2023-09-11,0.21747088619410654
AOI-0032,2023-09-24,0.18145180652262355
AOI-0032,2024-04-07,0.22004429446684073
AOI-0032,2024-05-06,0.19631976072932159
AOI-0032,2024-06-03,0.21474366505136283
AOI-0032,2024-07-12,0.13377625021515627
AOI-0032,2024-07-25,0.14242592527720216
AOI-0032,2024-07-30,0.13678815816570336
AOI-0032,2024-08-22,0.1495885912306842
AOI-0032,2024-08-30,0.15289343764006597
AOI-0032,2024-09-13,0.15927901031685615
AOI-0032,2024-09-18,0.14075390286418976
AOI-0032,2024-10-05,0.1264373170654556
AOI-0032,2024-10-15,0.22045577148694678
AOI-0032,2024-10-23,0.12779787095343814
AOI-0032,2025-05-06,0.7305499059478187
AOI-0032,2025-05-28,0.7109275485917332
AOI-0032,2025-06-30,0.2823719823938459
AOI-0032,2025-07-07,0.20547304521724974
AOI-0032,2025-07-10,0.1821940858626946
AOI-0032,2025-08-13,0.189430357818049
AOI-0032,2025-08-16,0.13974655543441888
AOI-0032,2025-08-24,0.15073373068406556
AOI-0032,2025-08-31,0.15827996751047071
AOI-0032,2025-09-03,0.13104653408471156
AOI-0032,2025-10-08,0.15853283254724826
AOI-0033,2025-04-28,0.17383162349419432
AOI-0033,2025-05-20,0.3481175764364307
AOI-0033,2025-06-10,0.6724927449670413
AOI-0033,2025-06-22,0.7236095532224723
AOI-0033,2025-07-05,0.4801036031727492
AOI-0033,2025-07-10,0.3156084512034852
AOI-0033,2025-09-15,0.2862513886904462
AOI-0034,2025-04-25,0.2069136993884866
AOI-0034,2025-05-06,0.18238420255959437
AOI-0034,2025-05-09,0.2984456205644117
AOI-0034,2025-06-10,0.22854914192390643
AOI-0034,2025-06-15,0.17370559059102886
AOI-0034,2025-06-21,0.20663971142248522
AOI-0034,2025-07-07,0.12013371741584533
AOI-0034,2025-07-10,0.13733917001505686
AOI-0034,2025-07-16,0.17119527200258658
AOI-0034,2025-08-31,0.16086563511935353
AOI-0034,2025-09-13,0.14563476565220462
AOI-0034,2025-09-23,0.13879178850920412
AOI-0034,2025-10-02,0.274663530008131
AOI-0034,2025-10-16,0.5372709506913821
AOI-0035,2025-05-16,0.16444942215102212
AOI-0035,2025-05-20,0.20120383517698678
AOI-0035,2025-06-05,0.1934918133556934
AOI-0035,2025-06-07,0.1450451846561126
AOI-0035,2025-06-10,0.22463928061319638
AOI-0035,2025-07-30,0.1196713545636855
AOI-0035,2025-08-31,0.1432330707060978
AOI-0035,2025-09-26,0.1732174965216173
AOI-0035,2025-09-28,0.13425326635990892
AOI-0035,2025-10-02,0.20842594136128934
AOI-0035,2025-10-30,0.5828105647761982
AOI-0036,2025-05-16,0.6192713585445949
AOI-0036,2025-07-16,0.2380159887807945
AOI-0036,2025-08-01,0.16571332894212684
AOI-0036,2025-08-09,0.1372744538837424
AOI-0036,2025-08-23,0.1641551520557201
AOI-0036,2025-10-02,0.1921960747334075
AOI-0037,2025-04-07,0.5332335765808247
AOI-0037,2025-04-16,0.5027235615199053
AOI-0037,2025-05-23,0.6398075445037825
AOI-0037,2025-06-30,0.33388638764442286
AOI-0037,2025-07-14,0.31592604206273506
AOI-0037,2025-07-23,0.2619121594269727
AOI-0037,2025-08-09,0.22115738363463866
AOI-0037,2025-08-16,0.2263708456670088
AOI-0037,2025-09-12,0.19853922616721045
AOI-0037,2025-09-13,0.18534131647784033
AOI-0037,2025-09-23,0.19754800209967127
AOI-0037,2025-09-26,0.2126400695830882
AOI-0037,2025-09-30,0.2685321327207301
AOI-0037,2025-10-05,0.20079614984275757
AOI-0038,2025-04-07,0.45513931982019906
AOI-0038,2025-04-25,0.4940853872668805
AOI-0038,2025-06-14,0.4591098319893241
AOI-0038,2025-07-10,0.1780303057895018
AOI-0038,2025-07-15,0.19363771135931887
AOI-0038,2025-08-14,0.17684866529525994
AOI-0038,2025-09-02,0.20475650229534179
AOI-0038,2025-10-05,0.1888039403089237
AOI-0038,2025-10-08,0.17454465025527602
AOI-0038,2025-10-16,0.2905586932991391
AOI-0039,2025-05-04,0.713652127580939
AOI-0039,2025-05-08,0.6267360448357532
AOI-0039,2025-05-28,0.6074410275287017
AOI-0039,2025-07-10,0.42324712495727884
AOI-0039,2025-08-06,0.3011787622342001
AOI-0039,2025-08-24,0.35510353692648594
AOI-0039,2025-09-08,0.2954694643507049
AOI-0039,2025-09-12,0.3143212438262213
AOI-0039,2025-09-14,0.3778800677113584
AOI-0039,2025-09-26,0.31100998211328307
AOI-0039,2025-10-23,0.37197615201684364
AOI-0040,2025-04-02,0.31342666387508394
AOI-0040,2025-04-03,0.31867962524176396
AOI-0040,2025-05-06,0.7424280763599054
AOI-0040,2025-06-07,0.6778781237934955
AOI-0040,2025-07-08,0.22078031145885596
AOI-0040,2025-09-12,0.1418587810248711
AOI-0040,2025-09-13,0.12896858792403823
AOI-0040,2025-09-28,0.1413739609628792
AOI-0040,2025-09-30,0.217852930261085
AOI-0040,2025-10-02,0.17604176254863946
AOI-0041,2025-04-23,0.6291454329230705
AOI-0041,2025-05-20,0.6031287400601972
AOI-0041,2025-06-22,0.3633204038893293
AOI-0041,2025-06-27,0.3659916716603586
AOI-0041,2025-07-23,0.26131456968079597
AOI-0041,2025-08-19,0.20243934606745626
AOI-0041,2025-09-30,0.3102567123191512
AOI-0042,2025-04-18,0.17318871438156005
AOI-0042,2025-05-04,0.15827196733879476
AOI-0042,2025-06-13,0.1599745594467707
AOI-0042,2025-07-14,0.15356437402434303
AOI-0042,2025-07-16,0.14608420692163004
AOI-0042,2025-07-24,0.14961488811610407
AOI-0042,2025-08-17,0.15461196366020172
AOI-0042,2025-08-19,0.11893147132301926
AOI-0042,2025-08-24,0.12193655466222261
AOI-0042,2025-08-29,0.1667638682590573
AOI-0042,2025-09-15,0.13907715129968254
AOI-0042,2025-09-17,0.14365748089870523
AOI-0042,2025-10-02,0.18152806161748508
AOI-0043,2025-04-24,0.20243600326381356
AOI-0043,2025-04-29,0.2334070787818257
AOI-0043,2025-05-31,0.21785399766208163
AOI-0043,2025-06-08,0.20263764331281997
AOI-0043,2025-06-15,0.14573426525710043
AOI-0043,2025-06-17,0.1437945662608717
AOI-0043,2025-06-25,0.1420236510516193
AOI-0043,2025-07-07,0.19541637971698356
AOI-0043,2025-07-13,0.1539578378024687
AOI-0043,2025-08-12,0.141077871002829
AOI-0043,2025-09-24,0.20538599301204713
AOI-0043,2025-10-13,0.14886862948149068
AOI-0043,2025-10-15,0.16281447020416756
AOI-0044,2010-04-16,0.23039158307450752
AOI-0044,2010-04-25,0.2558648645209973
AOI-0044,2010-05-09,0.4851117910443729
AOI-0044,2010-05-18,0.36118782991338605
AOI-0044,2010-06-12,0.4282801000149361
AOI-0044,2010-06-20,0.3965422743832327
AOI-0044,2010-06-28,0.4816885511911546
AOI-0044,2010-07-29,0.2320801079654316
AOI-0044,2010-08-06,0.1877684889320612
AOI-0044,2010-10-16,0.23957449912804807
AOI-0044,2010-10-25,0.173999853615467
AOI-0044,2011-07-16,0.665591771867389
AOI-0044,2011-08-01,0.34363810308013454
AOI-0044,2011-08-02,0.31346814927946803
AOI-0044,2011-10-16,0.3671786828781963
AOI-0044,2012-04-06,0.3259180274880234
AOI-0044,2012-05-08,0.6512938183258251
AOI-0044,2013-05-02,0.2312071383839463
AOI-0044,2013-05-03,0.23555792394881891
AOI-0044,2013-05-11,0.2820496288455146
AOI-0044,2014-04-07,0.36795502144904535
AOI-0044,2014-06-06,0.2594356798304849
AOI-0044,2014-06-14,0.20619217330285816
AOI-0044,2014-06-23,0.20918012690752366
AOI-0044,2014-08-02,0.1759669232137116
AOI-0044,2014-08-09,0.1707257927012184
AOI-0044,2014-08-29,0.2186782446765567
AOI-0044,2014-09-18,0.18184098767808965
AOI-0044,2014-09-19,0.1712622906495798
AOI-0044,2014-10-04,0.19494148524610788
AOI-0044,2014-10-12,0.155848133337811
AOI-0044,2014-10-28,0.17892020522712584
AOI-0044,2014-10-29,0.18166441653128068
AOI-0044,2015-06-26,0.5000429394247954
AOI-0044,2015-07-27,0.2536099570283005
AOI-0044,2015-07-28,0.29832097380684863
AOI-0044,2015-08-29,0.2345229891570165
AOI-0044,2015-10-08,0.2087417213917692
AOI-0044,2015-10-16,0.28143851869849257
AOI-0044,2016-04-08,0.4829988911294228
AOI-0044,2016-05-08,0.8099273719117847
AOI-0044,2016-05-11,0.8316921571456392
AOI-0044,2016-06-20,0.38081755220006214
AOI-0044,2016-06-25,0.3765472943632168
AOI-0044,2016-07-13,0.27787898773511865
AOI-0044,2016-07-27,0.3302726364026876
AOI-0044,2016-09-07,0.20489322292745346
AOI-0044,2016-09-13,0.2404484383846695
AOI-0044,2016-10-02,0.20589580659279264
AOI-0044,2016-10-26,0.21041050968613023
AOI-0044,2017-04-03,0.17559115288678456
AOI-0044,2017-04-04,0.17719837416956286
AOI-0044,2017-04-12,0.22427005757823787
AOI-0044,2017-06-27,0.22523252007562983
AOI-0044,2017-06-30,0.21162518222998675
AOI-0044,2017-08-10,0.17429337880827311
AOI-0044,2017-09-14,0.22942713168502554
AOI-0044,2018-04-06,0.5260361709722754
AOI-0044,2018-07-12,0.25779218530391107
AOI-0044,2018-07-19,0.16516706979766588
AOI-0044,2018-09-30,0.22304944324741716
AOI-0044,2019-04-25,0.3588769991869207
AOI-0044,2019-04-26,0.37268633042215094
AOI-0044,2019-06-02,0.6844955878197677
AOI-0044,2019-06-12,0.4906258818816973
AOI-0044,2019-06-20,0.3314360635456586
AOI-0044,2019-08-13,0.41346512214372555
AOI-0044,2019-09-10,0.17639529629710646
AOI-0044,2019-09-15,0.15271454805229012
AOI-0044,2019-09-16,0.19080777077509034
AOI-0044,2019-10-10,0.17531934711664446
AOI-0044,2020-04-17,0.1595806167589881
AOI-0044,2020-04-22,0.2649294827007057
AOI-0044,2020-05-17,0.1903821445643046
AOI-0044,2020-06-30,0.2084055452544205
AOI-0044,2020-08-10,0.1412081741458634
AOI-0044,2020-09-09,0.15240206993317337
AOI-0044,2020-09-10,0.14494050191036179
AOI-0044,2020-09-26,0.12510125966143767
AOI-0044,2020-09-29,0.17509832384360424
AOI-0044,2020-10-14,0.14322984886490323
AOI-0044,2020-10-21,0.1433690001455245
AOI-0044,2021-05-12,0.7106878879185982
AOI-0044,2021-05-17,0.7388925454740475
AOI-0044,2021-05-25,0.7093011575207442
AOI-0044,2021-07-16,0.21503591412828676
AOI-0044,2021-07-21,0.1561912451513832
AOI-0044,2021-09-30,0.21376611075118213
AOI-0044,2021-10-07,0.15359835116819712
AOI-0044,2022-05-27,0.7705419256038711
AOI-0044,2022-06-06,0.7152946479034261
AOI-0044,2022-06-12,0.7080547478766122
AOI-0044,2022-07-07,0.20645782760952608
AOI-0044,2022-08-10,0.23716814976777373
AOI-0044,2022-08-13,0.2911738727703613
AOI-0044,2022-08-24,0.2730288327784225
AOI-0044,2022-09-25,0.17927170599126208
AOI-0044,2022-09-30,0.2548236147650405
AOI-0044,2023-04-02,0.1704633618993061
AOI-0044,2023-04-07,0.3011462072246634
AOI-0044,2023-06-06,0.21584945528983995
AOI-0044,2023-06-30,0.18865175422702657
AOI-0044,2023-07-05,0.18074995456656834
AOI-0044,2023-07-09,0.17375848654423617
AOI-0044,2023-07-11,0.15838898851212443
AOI-0044,2023-07-16,0.15708628850569356
AOI-0044,2023-07-25,0.21423015637106346
AOI-0044,2023-08-05,0.15713859903170518
AOI-0044,2023-08-25,0.15436655117943063
AOI-0044,2023-09-30,0.2704713435892593
AOI-0044,2023-10-14,0.2552144989853391
AOI-0044,2024-04-06,0.8116136074035072
AOI-0044,2024-04-14,0.8364770965432573
AOI-0044,2024-06-05,0.5615898845530832
AOI-0044,2024-09-06,0.1414543441768565
AOI-0044,2024-09-21,0.14507931979157795
AOI-0044,2025-04-02,0.1530618068950791
AOI-0044,2025-05-20,0.22013554552345235
AOI-0044,2025-07-06,0.18940480783538324
AOI-0044,2025-07-10,0.13914820836424313
AOI-0044,2025-08-14,0.1541541439919758
AOI-0044,2025-09-23,0.15816149894873638
AOI-0044,2025-10-03,0.17368416124849873
AOI-0044,2025-10-15,0.1595196273295424
AOI-0045,2025-04-26,0.24055490935127058
AOI-0045,2025-06-15,0.1618996223975334
AOI-0045,2025-06-27,0.16987304822116406
AOI-0045,2025-06-29,0.2051703484164998
AOI-0045,2025-07-31,0.1846672859537047
AOI-0045,2025-08-13,0.20629698682884734
AOI-0045,2025-08-15,0.18752888249292676
AOI-0045,2025-08-16,0.14201614055527628
AOI-0045,2025-09-30,0.22864045917972214
AOI-0045,2025-10-15,0.15706253168723633
AOI-0046,2010-06-26,0.3097587800295531
AOI-0046,2010-07-12,0.3616727797969374
AOI-0046,2010-09-14,0.4085302047925744
AOI-0046,2011-05-30,0.3090938910035293
AOI-0046,2011-08-17,0.19092268132004941
AOI-0046,2012-04-22,0.44397308115016787
AOI-0046,2012-04-29,0.30645267503907053
AOI-0046,2012-06-09,0.5640522620448327
AOI-0046,2013-04-25,0.23115914943251825
AOI-0046,2013-05-09,0.4578567381141848
AOI-0046,2013-06-11,0.5833935535484343
AOI-0046,2013-06-27,0.36410546478255496
AOI-0046,2013-07-21,0.2953696402403888
AOI-0046,2013-07-28,0.35604068970572694
AOI-0046,2013-07-30,0.27957607426700143
AOI-0046,2014-05-25,0.746974156105016
AOI-0046,2014-05-29,0.7776175056435127
AOI-0046,2014-07-01,0.30314164422512535
AOI-0046,2014-07-12,0.32397271103773845
AOI-0046,2014-08-01,0.18777536213077672
AOI-0046,2014-08-25,0.14602261205760503
AOI-0046,2014-09-19,0.15723593566329988
AOI-0046,2015-05-17,0.26154242510628656
AOI-0046,2015-07-12,0.3458116678217435
AOI-0046,2015-09-22,0.20690387959568954
AOI-0046,2015-10-16,0.3313645212263522
AOI-0046,2016-05-02,0.8142760915405076
AOI-0046,2016-05-10,0.8296266370417675
AOI-0046,2016-05-18,0.8518659951702228
AOI-0046,2016-06-03,0.6894288921820986
AOI-0046,2016-06-09,0.6484562198926169
AOI-0046,2016-07-13,0.1910842057414763
AOI-0046,2016-07-30,0.23407893450904926
AOI-0046,2016-10-02,0.2264530126992939
AOI-0046,2016-10-17,0.3048422518741162
AOI-0046,2016-10-25,0.3123902429144866
AOI-0046,2017-04-13,0.4397263799620938
AOI-0046,2017-06-27,0.4235679217687001
AOI-0046,2017-07-02,0.3402878512619939
AOI-0046,2017-07-24,0.21848425145188566
AOI-0046,2017-08-09,0.16774509169184043
AOI-0046,2017-08-21,0.14744439389771027
AOI-0046,2017-09-10,0.2113728672516899
AOI-0046,2017-09-15,0.2862927453231206
AOI-0046,2017-10-12,0.25217797515505097
AOI-0046,2018-05-09,0.3663785882312096
AOI-0046,2018-06-01,0.2306928350944495
AOI-0046,2018-07-20,0.1927390498164987
AOI-0046,2018-08-20,0.1701722816207616
AOI-0046,2018-08-29,0.21747598996138126
AOI-0046,2018-10-15,0.1657390413204715
AOI-0046,2018-10-24,0.1951775030908495
AOI-0046,2019-04-01,0.21113746263861305
AOI-0046,2019-04-18,0.32491280746324647
AOI-0046,2019-05-19,0.7809928831921514
AOI-0046,2019-08-01,0.2394485055221535
AOI-0046,2019-09-01,0.20169330659316306
AOI-0046,2019-10-20,0.4873634475075768
AOI-0046,2020-04-04,0.7797758014601337
AOI-0046,2020-04-07,0.7966427223728658
AOI-0046,2020-05-08,0.8197565570421811
AOI-0046,2020-05-24,0.7986310119722163
AOI-0046,2020-06-09,0.6919887572435294
AOI-0046,2020-09-10,0.14847742868176206
AOI-0046,2020-09-13,0.20112556791547467
AOI-0046,2020-09-26,0.1289199177644462
AOI-0046,2020-10-21,0.14407955948857176
AOI-0046,2021-05-02,0.5420738977968176
AOI-0046,2021-05-25,0.7800788046956869
AOI-0046,2021-07-11,0.29166165985626386
AOI-0046,2021-07-28,0.29207207060405305
AOI-0046,2021-08-13,0.38580429450642045
AOI-0046,2021-08-20,0.22057286469013931
AOI-0046,2021-08-29,0.3983072726770961
AOI-0046,2021-09-06,0.5201530746783745
AOI-0046,2022-06-05,0.2468278135424566
AOI-0046,2022-07-24,0.1907314571325619
AOI-0046,2022-07-29,0.17123194810467574
AOI-0046,2022-07-30,0.2317805657642114
AOI-0046,2022-08-24,0.21966276723621975
AOI-0046,2022-08-30,0.1498592622903659
AOI-0046,2023-04-02,0.5353005477553827
AOI-0046,2023-04-29,0.8321251176462002
AOI-0046,2023-05-06,0.8783518257105187
AOI-0046,2023-06-21,0.6078773100660347
AOI-0046,2023-06-24,0.4706812534343252
AOI-0046,2023-07-22,0.24176933548133211
AOI-0046,2023-07-25,0.2636211082504827
AOI-0046,2023-08-13,0.21425788102247806
AOI-0046,2023-08-18,0.16163797594439583
AOI-0046,2023-08-25,0.17025091747383495
AOI-0046,2023-08-27,0.18011922854055168
AOI-0046,2023-08-28,0.14850244796871098
AOI-0046,2023-10-13,0.19428374039640428
AOI-0046,2023-10-29,0.2977269285432741
AOI-0046,2024-04-06,0.6930358227914393
AOI-0046,2024-05-08,0.8430889090629052
AOI-0046,2024-05-09,0.840332241611612
AOI-0046,2024-06-01,0.7996482252767222
AOI-0046,2024-06-09,0.5384566816172147
AOI-0046,2024-07-03,0.2086842571250806
AOI-0046,2024-07-19,0.1589915185344964
AOI-0046,2024-08-09,0.14069876430219935
AOI-0046,2024-08-20,0.18568604177419223
AOI-0046,2024-08-28,0.20453453614349285
AOI-0046,2024-09-13,0.18468346211176864
AOI-0046,2024-09-22,0.1754872226137706
AOI-0046,2024-10-13,0.1154211898053871
AOI-0046,2025-06-30,0.7259194245706397
AOI-0046,2025-07-15,0.4415007314875379
AOI-0046,2025-08-07,0.4168154365267669
AOI-0046,2025-08-15,0.40630854537706557
AOI-0046,2025-09-24,0.20129368692622987
AOI-0046,2025-10-02,0.1910023583566139
AOI-0047,2025-05-08,0.751380259766193
AOI-0047,2025-05-16,0.768730524018284
AOI-0047,2025-05-25,0.7181023989770595
AOI-0047,2025-06-15,0.3703683166563901
AOI-0047,2025-07-17,0.15939314700717133
AOI-0047,2025-07-18,0.15261559204017966
AOI-0047,2025-09-03,0.1357316518523932
AOI-0047,2025-10-15,0.15524846598502365
AOI-0047,2025-10-16,0.22674087225849343
AOI-0048,2025-04-07,0.6843757126676004
AOI-0048,2025-04-17,0.7003482617747951
AOI-0048,2025-05-09,0.6896666330561785
AOI-0048,2025-09-17,0.16972834869386905
AOI-0048,2025-09-24,0.17926583037218674
AOI-0049,2025-05-04,0.7583491668556309
AOI-0049,2025-06-26,0.33352255926778246
AOI-0049,2025-06-27,0.2363655870524818
AOI-0049,2025-07-29,0.22412023539621823
AOI-0049,2025-08-06,0.18055532637816452
AOI-0049,2025-08-12,0.17015868377181934
AOI-0049,2025-08-17,0.16606448816710995
AOI-0049,2025-09-06,0.16536800666034498
AOI-0049,2025-09-14,0.24270474641908568
AOI-0049,2025-09-26,0.20686799823193458
AOI-0049,2025-09-30,0.297829725563609
AOI-0049,2025-10-08,0.2102423689993284
AOI-0049,2025-10-16,0.2670004982979923
AOI-0049,2025-10-28,0.2584595930449619
AOI-0050,2025-04-14,0.2912087205550405
AOI-0050,2025-04-15,0.34049880394848636
AOI-0050,2025-05-25,0.6228216818526481
AOI-0050,2025-06-27,0.4856130596541758
AOI-0050,2025-08-07,0.2805355516349618
AOI-0050,2025-08-09,0.27974119351246124
AOI-0050,2025-08-13,0.43736507504798583
AOI-0050,2025-08-17,0.2758131736132308
AOI-0050,2025-09-07,0.3491915633149676
AOI-0050,2025-09-30,0.41312590133776383
AOI-0050,2025-10-17,0.36806152987338964
AOI-0050,2025-10-28,0.34359778339955077
AOI-0051,2010-06-09,0.6906093213438376
AOI-0051,2011-06-04,0.5272480050146076
AOI-0051,2011-06-05,0.5095981667502947
AOI-0051,2011-06-12,0.6478723580091754
AOI-0051,2011-06-13,0.648654143531656
AOI-0051,2011-09-01,0.5719823944347516
AOI-0051,2011-10-11,0.41703326758129633
AOI-0051,2012-04-27,0.49456676785884635
AOI-0051,2012-05-22,0.6146496164722204
AOI-0051,2012-08-12,0.4600025213029843
AOI-0051,2012-08-26,0.34893617960153206
AOI-0051,2012-08-28,0.446566271603062
AOI-0051,2012-09-18,0.355649952231485
AOI-0051,2012-10-13,0.37581966186490445
AOI-0051,2013-05-01,0.7537457730182596
AOI-0051,2013-07-19,0.4164797939809327
AOI-0051,2013-07-28,0.5671999233690663
AOI-0051,2013-08-29,0.4765438573057688
AOI-0051,2013-10-07,0.4709030445636945
AOI-0051,2013-10-16,0.5243484719825526
AOI-0051,2014-04-18,0.7723688446470659
AOI-0051,2014-06-05,0.6726067664903901
AOI-0051,2014-06-10,0.5913796046173823
AOI-0051,2014-06-28,0.5009386659974954
AOI-0051,2014-09-08,0.3845055594990381
AOI-0051,2014-09-16,0.3921490196983571
AOI-0051,2015-04-07,0.3099984207283281
AOI-0051,2015-05-23,0.7241892468495501
AOI-0051,2015-06-10,0.7245804732395706
AOI-0051,2015-06-15,0.7212197125753753
AOI-0051,2015-06-26,0.687513724902945
AOI-0051,2015-09-14,0.3889058599023822
AOI-0051,2015-09-20,0.31337927147783595
AOI-0051,2015-10-06,0.2570380812831282
AOI-0051,2016-04-06,0.6212105455230417
AOI-0051,2016-06-25,0.5316443847975528
AOI-0051,2016-07-12,0.4323843713454416
AOI-0051,2016-08-28,0.45688544457062263
AOI-0051,2016-09-14,0.3439297682230415
AOI-0051,2016-09-29,0.41099131299811464
AOI-0051,2016-10-24,-0.11081118696011477
AOI-0051,2017-05-28,0.5413725618108781
AOI-0051,2017-06-21,0.6747067280956979
AOI-0051,2017-06-28,0.6450693756215341
AOI-0051,2017-07-06,0.6280467934282667
AOI-0051,2017-07-23,0.6429410299618933
AOI-0051,2017-09-25,0.3220622425217355
AOI-0051,2017-09-30,0.38523439206042565
AOI-0051,2017-10-16,0.32426349672741217
AOI-0051,2018-04-11,0.4377026302213897
AOI-0051,2018-04-28,0.6276813269365525
AOI-0051,2018-04-29,0.6357413359129792
AOI-0051,2018-05-30,0.7194013875626247
AOI-0051,2018-06-26,0.4194061155200138
AOI-0051,2018-07-02,0.27037031104953385
AOI-0051,2018-08-02,0.3375871134355789
AOI-0051,2018-08-18,0.33268567566064994
AOI-0051,2018-09-14,0.362493317931473
AOI-0051,2018-09-19,0.2945031752418193
AOI-0051,2018-10-14,0.2484090306120184
AOI-0051,2019-05-17,0.834789514716846
AOI-0051,2019-05-31,0.7503505897199908
AOI-0051,2019-06-25,0.27564348890368123
AOI-0051,2019-06-30,0.25894908732654925
AOI-0051,2019-07-29,0.3301177149332575
AOI-0051,2019-08-05,0.3325456368432473
AOI-0051,2019-08-13,0.36581361404871215
AOI-0051,2019-08-22,0.28949994978692317
AOI-0051,2019-09-13,0.27875490289986793
AOI-0051,2019-10-16,0.369981437369447
AOI-0051,2020-04-26,0.4293273758340288
AOI-0051,2020-06-09,0.7376505567308198
AOI-0051,2020-07-04,0.48392067026395186
AOI-0051,2020-07-27,0.44755813759566077
AOI-0051,2020-08-31,0.343660221803133
AOI-0051,2020-09-07,0.2523016991973476
AOI-0051,2020-10-27,0.15395060256424703
AOI-0051,2021-05-06,0.7555374349496189
AOI-0051,2021-06-23,0.49203335476943777
AOI-0051,2021-07-19,0.31604264617819466
AOI-0051,2021-07-28,0.4247192156160587
AOI-0051,2021-08-23,0.36511757145988
AOI-0051,2021-08-28,0.36489234657776376
AOI-0051,2021-08-29,0.4514981298672752
AOI-0051,2021-09-03,0.3774218826212405
AOI-0051,2021-09-07,0.3241410689488603
AOI-0051,2021-10-02,0.3520400394918265
AOI-0051,2021-10-21,0.2907616980471702
AOI-0051,2022-05-09,0.6165149304064673
AOI-0051,2022-05-26,0.507866980484129
AOI-0051,2022-05-27,0.4486340696505882
AOI-0051,2022-06-11,0.6381616697768048
AOI-0051,2022-06-19,0.6971545569676433
AOI-0051,2022-06-30,0.7635909467913814
AOI-0051,2022-07-09,0.7646680581547898
AOI-0051,2022-07-12,0.7292415955026385
AOI-0051,2022-07-22,0.7302627341566269
AOI-0051,2022-07-24,0.7527811751566751
AOI-0051,2022-07-29,0.699808633012994
AOI-0051,2022-08-13,0.6840939250404734
AOI-0051,2022-08-28,0.5059392372551745
AOI-0051,2022-09-06,0.5002075780077734
AOI-0051,2022-09-14,0.47601006272393354
AOI-0051,2022-10-07,0.38376982153474454
AOI-0051,2022-10-15,0.34000188970708883
AOI-0051,2023-04-23,0.8163076882047974
AOI-0051,2023-07-31,0.31023249021828153
AOI-0051,2023-08-28,0.3577557878289719
AOI-0051,2023-09-09,0.3506272979065617
AOI-0051,2023-09-27,0.3739949014393491
AOI-0051,2023-10-04,0.3594227351592416
AOI-0051,2024-04-05,0.32035047612616796
AOI-0051,2024-05-04,0.38763883160744317
AOI-0051,2024-05-22,0.49999835021023176
AOI-0051,2024-06-03,0.5361831470603523
AOI-0051,2024-06-23,0.4945729626175202
AOI-0051,2024-07-28,0.31477448740621294
AOI-0051,2024-08-27,0.29231270576144464
AOI-0051,2024-09-03,0.23071481905895508
AOI-0051,2024-10-01,0.2108337867257223
AOI-0051,2024-10-05,0.23519648508843247
AOI-0051,2024-10-06,0.21773459594589037
AOI-0051,2024-10-15,0.3723266740478939
AOI-0051,2025-05-09,0.8276576847227484
AOI-0051,2025-06-10,0.5564862426729918
AOI-0051,2025-06-27,0.36121979282740263
AOI-0051,2025-07-05,0.3215874894686119
AOI-0051,2025-07-10,0.21244370141485908
AOI-0051,2025-08-05,0.19432911349659437
AOI-0051,2025-08-12,0.18121207320943028
AOI-0051,2025-09-15,0.20679260184395748
AOI-0051,2025-09-16,0.20062487776402665
AOI-0052,2025-04-19,0.186315387050416
AOI-0052,2025-06-08,0.34138063260024937
AOI-0052,2025-06-11,0.45734121363107577
AOI-0052,2025-07-05,0.6537272559503882
AOI-0052,2025-07-18,0.3692048002580414
AOI-0052,2025-08-22,0.1434664059960835
AOI-0052,2025-08-27,0.1450810549468964
AOI-0052,2025-09-06,0.13879914541717234
AOI-0052,2025-09-14,0.21748532435067885
AOI-0052,2025-10-17,0.2868013367656439
AOI-0053,2025-04-11,0.7340386321295622
AOI-0053,2025-04-14,0.7679250759979749
AOI-0053,2025-04-16,0.7706429698311081
AOI-0053,2025-04-19,0.7737470396727275
AOI-0053,2025-04-23,0.8808971633565268
AOI-0053,2025-06-26,0.3561606633439529
AOI-0053,2025-07-28,0.1844042753662646
AOI-0053,2025-08-02,0.1676642592255904
AOI-0053,2025-08-09,0.14713281069143558
AOI-0053,2025-08-12,0.14315538214849624
AOI-0053,2025-08-29,0.18084595841519172
AOI-0053,2025-09-01,0.12734397206120807
AOI-0053,2025-09-07,0.18278784637253606
AOI-0053,2025-09-11,0.13929619283483372
AOI-0053,2025-09-14,0.22742425532193974
AOI-0053,2025-09-15,0.1555538368862646
AOI-0053,2025-09-21,0.1409028185247436
AOI-0053,2025-09-26,0.16811057924926734
AOI-0053,2025-10-28,0.2502691626039473
AOI-0054,2025-04-11,0.5241000655494804
AOI-0054,2025-04-19,0.6089677418327825
AOI-0054,2025-05-04,0.78008268734834
AOI-0054,2025-06-03,0.7945967362507741
AOI-0054,2025-07-28,0.642588593160482
AOI-0054,2025-08-12,0.6860083207949889
AOI-0054,2025-09-21,0.6562564253422329
AOI-0054,2025-09-30,0.6638483011591544
AOI-0054,2025-10-16,0.5827865964305221
AOI-0055,2025-04-01,0.3281500889014804
AOI-0055,2025-04-11,0.4080417211947611
AOI-0055,2025-05-09,0.5355713414511709
AOI-0055,2025-07-04,0.5183807438491776
AOI-0055,2025-07-05,0.4982138283881021
AOI-0055,2025-07-08,0.4921801211114002
AOI-0055,2025-07-23,0.43560037468909013
AOI-0055,2025-08-17,0.3386633442099503
AOI-0055,2025-09-14,0.42623162976649825
AOI-0055,2025-09-22,0.4320072093060897
AOI-0056,2025-04-23,0.8341885299527717
AOI-0056,2025-05-24,0.7785484461290297
AOI-0056,2025-06-10,0.5109300623282851
AOI-0056,2025-06-19,0.4015202871795317
AOI-0056,2025-07-18,0.15470147969170045
AOI-0056,2025-07-23,0.1727498737082625
AOI-0056,2025-08-09,0.17694575908151244
AOI-0056,2025-09-06,0.19080906796466005
AOI-0056,2025-09-08,0.17751232449669957
AOI-0056,2025-10-16,0.2695922951257407
AOI-0057,2025-05-04,0.7958785897695678
AOI-0057,2025-05-09,0.7555344824952199
AOI-0057,2025-05-19,0.5109240418740831
AOI-0057,2025-06-26,0.3524130418761781
AOI-0057,2025-06-27,0.2542493406493699
AOI-0057,2025-07-10,0.20806702408150046
AOI-0057,2025-07-13,0.1836785115676844
AOI-0057,2025-07-18,0.17892791534983976
AOI-0057,2025-08-05,0.18845095311415938
AOI-0057,2025-08-27,0.14531241396590863
AOI-0057,2025-09-01,0.1508225987422369
AOI-0057,2025-09-21,0.1592896465384231
AOI-0058,2010-04-23,0.3633078897854516
AOI-0058,2010-08-13,0.41065057563438007
AOI-0058,2010-08-29,0.3761489202765243
AOI-0058,2010-09-05,0.3161528333254584
AOI-0058,2011-04-02,0.3232506738705856
AOI-0058,2011-04-26,0.5494408457911025
AOI-0058,2011-06-12,0.7409472696568293
AOI-0058,2011-07-15,0.5095242536651424
AOI-0058,2011-08-29,0.43277693143728474
AOI-0058,2011-09-01,0.3252162555599659
AOI-0058,2011-10-02,0.34671179427505056
AOI-0058,2011-10-27,0.35376285011534375
AOI-0058,2012-04-22,0.5713124810543205
AOI-0058,2012-06-09,0.69103224088434
AOI-0058,2012-06-23,0.633007615208575
AOI-0058,2012-07-11,0.5648611005696924
AOI-0058,2012-08-12,0.4556730036346945
AOI-0058,2012-09-11,0.3856526610004276
AOI-0058,2013-04-07,0.386027583265385
AOI-0058,2013-04-23,0.4680600376680645
AOI-0058,2013-05-09,0.5286256222674586
AOI-0058,2013-06-09,0.49483136659279786
AOI-0058,2013-06-10,0.6589988515359007
AOI-0058,2013-07-11,0.7054633579363607
AOI-0058,2013-07-19,0.6941425176997827
AOI-0058,2013-08-28,0.25668893771484974
AOI-0058,2013-10-16,0.4767838939873126
AOI-0058,2013-10-24,0.33503035368841616
AOI-0058,2014-04-25,0.7810190264578151
AOI-0058,2014-06-05,0.7760666344419602
AOI-0058,2014-06-10,0.6695673786653491
AOI-0058,2014-09-14,0.33952609023672986
AOI-0058,2015-04-28,0.4033236557766124
AOI-0058,2015-05-09,0.6578245299396538
AOI-0058,2015-09-03,0.47467584319241035
AOI-0058,2015-09-27,0.48164199253049056
AOI-0058,2016-04-06,0.717974409686177
AOI-0058,2016-04-30,0.8181138747733661
AOI-0058,2016-06-09,0.836847357652845
AOI-0058,2016-07-27,0.5592472239462887
AOI-0058,2016-07-28,0.4567355723061374
AOI-0058,2016-08-13,0.48346348633264286
AOI-0058,2017-04-25,0.8097057672889868
AOI-0058,2017-07-15,0.2517294302059875
AOI-0058,2017-09-13,0.21122918312106995
AOI-0058,2017-09-16,0.2435726946700796
AOI-0058,2018-05-15,0.7240076323322228
AOI-0058,2018-07-26,0.5315453183796857
AOI-0058,2018-08-02,0.5021611398016872
AOI-0058,2019-04-23,0.8600003904835913
AOI-0058,2019-05-25,0.8266521015141617
AOI-0058,2019-06-25,0.28875229225568844
AOI-0058,2019-06-27,0.28590049396697
AOI-0058,2019-07-04,0.28614445051741233
AOI-0058,2019-08-30,0.20951598121193277
AOI-0058,2019-09-28,0.14180367822383835
AOI-0058,2019-09-30,0.22653139956713558
AOI-0058,2020-04-17,0.419039099345629
AOI-0058,2020-05-04,0.5242816283197631
AOI-0058,2020-06-05,0.6649046743653871
AOI-0058,2020-06-29,0.6057574262105468
AOI-0058,2020-07-06,0.5188735979165782
AOI-0058,2020-07-22,0.429873742708811
AOI-0058,2020-07-30,0.4192640045721353
AOI-0058,2020-08-07,0.37816767042743593
AOI-0058,2020-08-12,0.4055899716991026
AOI-0058,2020-08-23,0.3382871880207959
AOI-0058,2020-08-28,0.3858532642789526
AOI-0058,2020-09-24,0.3051421230800183
AOI-0058,2020-10-27,0.30415722717870364
AOI-0058,2021-04-15,0.5904504116700128
AOI-0058,2021-05-09,0.7129846720088158
AOI-0058,2021-05-31,0.7061884767197509
AOI-0058,2021-07-09,0.6461352107810039
AOI-0058,2021-07-14,0.5226117290700938
AOI-0058,2021-07-25,0.4603345489291728
AOI-0058,2021-08-13,0.48351351909326135
AOI-0058,2021-08-28,0.3407500614601696
AOI-0058,2021-09-27,0.4984402132798317
AOI-0058,2022-06-10,0.8047866844118866
AOI-0058,2022-06-18,0.7977045701342552
AOI-0058,2022-07-04,0.2666051153687827
AOI-0058,2022-07-12,0.3502369473945643
AOI-0058,2022-07-17,0.2545391864994771
AOI-0058,2022-07-29,0.1707885159569852
AOI-0058,2022-09-14,0.2919512722266814
AOI-0058,2023-05-09,0.7443293791556524
AOI-0058,2023-05-20,0.6022060542688222
AOI-0058,2023-06-28,0.7604545052229379
AOI-0058,2023-08-17,0.5227869512981026
AOI-0058,2023-09-02,0.4295671046216851
AOI-0058,2023-09-10,0.49730411108340056
AOI-0058,2023-09-27,0.5232138218485074
AOI-0058,2023-10-12,0.48203760534306733
AOI-0058,2024-04-09,0.7253655274928551
AOI-0058,2024-05-09,0.7676084080479302
AOI-0058,2024-06-03,0.6205354993168395
AOI-0058,2024-06-23,0.35777326932428083
AOI-0058,2024-06-28,0.31414744132616756
AOI-0058,2024-07-09,0.3621182056937823
AOI-0058,2024-07-26,0.25848172687365367
AOI-0058,2024-07-27,0.31307810337695413
AOI-0058,2024-08-18,0.2811860832702865
AOI-0058,2024-08-27,0.19997262706946786
AOI-0058,2024-08-28,0.30055002270386166
AOI-0058,2024-09-21,0.2118645322650146
AOI-0058,2024-09-28,0.21469825871673998
AOI-0058,2024-10-01,0.20866064555271324
AOI-0058,2024-10-30,0.21837611391285564
AOI-0058,2025-04-07,0.5351649781610147
AOI-0058,2025-04-16,0.5151519972946526
AOI-0058,2025-04-24,0.5562953972135012
AOI-0058,2025-07-18,0.3359432033254036
AOI-0058,2025-07-28,0.3169134935357724
AOI-0058,2025-08-02,0.25093718411322796
AOI-0058,2025-08-06,0.26414878961757693
AOI-0058,2025-08-09,0.22191282361740725
AOI-0058,2025-08-12,0.19924157321570646
AOI-0058,2025-08-14,0.19197127543274248
AOI-0058,2025-09-14,0.2622550815774765
AOI-0058,2025-09-22,0.22023157813412628
AOI-0059,2010-06-26,0.7937437752738146
AOI-0059,2010-07-19,0.694315885963014
AOI-0059,2010-08-28,0.28505716648226886
AOI-0059,2011-04-23,0.7209757204627265
AOI-0059,2011-05-27,0.6619695694434572
AOI-0059,2011-05-28,0.6961449431762237
AOI-0059,2011-06-12,0.657472708696753
AOI-0059,2011-06-26,0.7332900921013976
AOI-0059,2011-07-07,0.7393311875681976
AOI-0059,2011-07-28,0.4844305860241473
AOI-0059,2011-08-08,0.5178873101874626
AOI-0059,2011-08-23,0.512968648490629
AOI-0059,2012-04-04,0.5657430549367464
AOI-0059,2012-08-12,0.42482111670040973
AOI-0059,2012-08-26,0.27588821973887534
AOI-0059,2012-09-11,0.2715969054088221
AOI-0059,2012-10-13,0.3429487667567118
AOI-0059,2013-05-09,0.8592734143256994
AOI-0059,2013-06-18,0.29695633363457125
AOI-0059,2013-07-20,0.22088597065698945
AOI-0059,2013-08-13,0.30173842691739394
AOI-0059,2013-08-21,0.22801988145451463
AOI-0059,2013-10-16,0.40673625628717613
AOI-0059,2014-05-09,0.8728335507650336
AOI-0059,2014-10-27,0.6617235912153405
AOI-0059,2015-04-13,0.24437431775454266
AOI-0059,2015-05-22,0.3957283896763553
AOI-0059,2015-06-07,0.7311816176481747
AOI-0059,2015-08-02,0.7998102811012633
AOI-0059,2015-08-10,0.7330146959939092
AOI-0059,2015-08-29,0.584471502987835
AOI-0059,2015-09-27,0.506300697169151
AOI-0059,2015-09-30,0.39384175887231987
AOI-0059,2016-05-25,0.9098787068363704
AOI-0059,2016-07-04,0.3757014839471383
AOI-0059,2016-09-14,0.2491409187686019
AOI-0059,2016-10-24,0.2601874552701896
AOI-0059,2017-04-02,0.5595606342993469
AOI-0059,2017-05-06,0.8515245189241015
AOI-0059,2017-05-27,0.8776199199200633
AOI-0059,2017-06-04,0.8973352054399522
AOI-0059,2017-06-10,0.8183461529881616
AOI-0059,2017-07-12,0.3441457793698416
AOI-0059,2017-07-23,0.31960941543171195
AOI-0059,2017-07-28,0.38794574772887086
AOI-0059,2017-08-13,0.2956636286572931
AOI-0059,2017-08-29,0.2931963193926372
AOI-0059,2017-09-24,0.21617813616903317
AOI-0059,2018-04-07,0.4193737890509054
AOI-0059,2018-05-22,0.3958722307103165
AOI-0059,2018-05-31,0.4172613996905564
AOI-0059,2018-07-09,0.6072857084940672
AOI-0059,2018-07-18,0.5046348996153874
AOI-0059,2018-07-26,0.47691497176391057
AOI-0059,2018-08-02,0.4141608850091616
AOI-0059,2018-08-10,0.3744919316061633
AOI-0059,2018-08-13,0.3367051792392226
AOI-0059,2018-10-06,0.21680294327153085
AOI-0059,2019-04-11,0.6200876880717949
AOI-0059,2019-04-21,0.7082581529353902
AOI-0059,2019-04-23,0.7490111973393428
AOI-0059,2019-05-21,0.9017630247733658
AOI-0059,2019-06-02,0.8202386049456573
AOI-0059,2019-06-05,0.8013150790196512
AOI-0059,2019-06-10,0.7498588066121833
AOI-0059,2019-06-15,0.5052926942525103
AOI-0059,2019-06-30,0.21118067373420735
AOI-0059,2019-07-29,0.2640485456714771
AOI-0059,2019-08-21,0.16638732675044024
AOI-0059,2019-08-24,0.17460205958456804
AOI-0059,2019-09-03,0.1613474689170616
AOI-0059,2019-10-13,0.24458934863260526
AOI-0059,2019-10-24,0.22811106736983283
AOI-0059,2020-04-09,0.2314728583074297
AOI-0059,2020-04-18,0.2373965138542874
AOI-0059,2020-04-25,0.1941548475854706
AOI-0059,2020-05-08,0.5707592642163852
AOI-0059,2020-05-12,0.30553555842002716
AOI-0059,2020-06-05,0.6540684523912261
AOI-0059,2020-07-11,0.6926694447082203
AOI-0059,2020-07-30,0.6891408448610302
AOI-0059,2020-10-26,0.14274797984153223
AOI-0059,2021-06-19,0.6404139110515512
AOI-0059,2021-06-23,0.6254172506728717
AOI-0059,2021-06-29,0.3870495518332132
AOI-0059,2021-07-28,0.35469724578349526
AOI-0059,2021-07-29,0.21803829165863614
AOI-0059,2021-08-18,0.38254385423783394
AOI-0059,2021-08-28,0.5595811534231998
AOI-0059,2021-09-07,0.71134780743261
AOI-0059,2021-09-17,0.7050169446848837
AOI-0059,2021-09-28,0.3549612279194616
AOI-0059,2021-09-30,0.35101978074916174
AOI-0059,2021-10-16,0.3331575483318664
AOI-0059,2022-04-15,0.22605628448352805
AOI-0059,2022-06-10,0.787309398474278
AOI-0059,2022-06-11,0.7904240933052276
AOI-0059,2022-07-20,0.8060376458312231
AOI-0059,2022-08-18,0.6790794631927811
AOI-0059,2022-09-27,0.40508119337125237
AOI-0059,2022-10-08,0.44878860202370596
AOI-0059,2023-05-13,0.8858965694432696
AOI-0059,2023-05-25,0.8549513659198906
AOI-0059,2023-06-18,0.8267141057405497
AOI-0059,2023-07-16,0.22941016779570886
AOI-0059,2023-07-29,0.20027850537979253
AOI-0059,2023-09-30,0.28627287005805274
AOI-0059,2023-10-12,0.203229467647353
AOI-0059,2023-10-16,0.29982579756041366
AOI-0059,2024-04-04,0.24794339403742222
AOI-0059,2024-04-13,0.2496892228806244
AOI-0059,2024-04-22,0.4215412371436175
AOI-0059,2024-05-19,0.23423532878951803
AOI-0059,2024-06-09,0.669890353934794
AOI-0059,2024-07-13,0.33790039501562213
AOI-0059,2024-07-17,0.3776473545900603
AOI-0059,2024-07-27,0.2717794789447332
AOI-0059,2024-09-11,0.1828361485257248
AOI-0059,2025-04-01,0.5354003494055335
AOI-0059,2025-04-23,0.8328497844094971
AOI-0059,2025-05-01,0.8564869483144267
AOI-0059,2025-05-09,0.7992931027928993
AOI-0059,2025-05-17,0.8135522853532947
AOI-0059,2025-06-10,0.44502996442604037
AOI-0059,2025-08-29,0.17798254205253503
AOI-0059,2025-09-07,0.19794120619222824
AOI-0059,2025-10-08,0.18147316237876068
AOI-0059,2025-10-28,0.2366275092402598
AOI-0060,2025-04-14,0.7538941289644366
AOI-0060,2025-04-29,0.8164409576178526
AOI-0060,2025-06-03,0.44214832163304124
AOI-0060,2025-07-04,0.5673900533558707
AOI-0060,2025-07-05,0.5145046689994631
AOI-0060,2025-07-21,0.31420800633787516
AOI-0060,2025-08-05,0.22482223768798043
AOI-0060,2025-08-29,0.23362194869984804
AOI-0060,2025-08-30,0.20157507497214197
AOI-0060,2025-09-01,0.1611102823803904
AOI-0060,2025-09-11,0.16048053689945335
AOI-0061,2010-04-23,0.38371637257600266
AOI-0061,2010-05-26,0.6757223983526252
AOI-0061,2010-06-11,0.7481438447997064
AOI-0061,2011-06-30,0.5444398423159145
AOI-0061,2011-07-28,0.4705542525200339
AOI-0061,2011-09-18,0.30593550437741435
AOI-0061,2011-09-26,0.34691083623950986
AOI-0061,2012-04-06,0.3769960123433056
AOI-0061,2012-05-24,0.7015698034825465
AOI-0061,2012-08-28,0.44933092382942413
AOI-0061,2012-09-04,0.40499624589024774
AOI-0061,2012-10-22,0.2223902572562584
AOI-0061,2013-04-16,0.6264486901790087
AOI-0061,2013-06-10,0.6436831417039511
AOI-0061,2013-06-26,0.4957026510045777
AOI-0061,2013-08-29,0.29453290267812166
AOI-0061,2013-09-14,0.30175212960212117
AOI-0061,2013-10-09,0.20727519789415616
AOI-0061,2014-04-27,0.8047087468175561
AOI-0061,2014-06-26,0.4463425192431228
AOI-0061,2014-07-28,0.305152936838713
AOI-0061,2015-04-07,0.31725323724906546
AOI-0061,2015-05-08,0.2741133730863713
AOI-0061,2015-09-29,0.2768016223175409
AOI-0061,2016-04-22,0.7577284797016263
AOI-0061,2016-06-19,0.6823812145260981
AOI-0061,2016-06-27,0.48827777225471547
AOI-0061,2016-07-13,0.43372148903541685
AOI-0061,2017-04-03,0.1490209748315899
AOI-0061,2017-05-25,0.6047388857659504
AOI-0061,2017-07-02,0.8488248799201187
AOI-0061,2017-07-27,0.7717572113867031
AOI-0061,2017-08-11,0.527079733728738
AOI-0061,2017-09-02,0.27003690711062633
AOI-0061,2018-04-07,0.7660320876088345
AOI-0061,2018-06-10,0.7270211968375554
AOI-0061,2019-04-09,0.2655435190446029
AOI-0061,2019-05-13,0.3196975685414659
AOI-0061,2019-05-21,0.3906314222613768
AOI-0061,2019-05-25,0.7325304988889998
AOI-0061,2019-06-27,0.7611918419825968
AOI-0061,2019-07-12,0.7210385371563992
AOI-0061,2019-08-21,0.6213852963954716
AOI-0061,2019-09-14,0.2945501162341631
AOI-0061,2019-09-23,0.14735986603320636
AOI-0061,2019-10-18,0.2410436791863114
AOI-0061,2019-10-20,0.22938448417882795
AOI-0061,2020-04-17,0.38171169749712697
AOI-0061,2020-05-24,0.6812173669688464
AOI-0061,2020-07-16,0.2785991345116709
AOI-0061,2020-07-19,0.26309421141558814
AOI-0061,2020-07-24,0.2639093687400085
AOI-0061,2020-07-27,0.3713225544344375
AOI-0061,2020-08-08,0.22215608232092138
AOI-0061,2020-08-17,0.2830473452697041
AOI-0061,2020-08-18,0.2515041632351786
AOI-0061,2020-08-23,0.2314900209779643
AOI-0061,2020-09-18,0.20020862560117747
AOI-0061,2020-10-17,0.14755783134457262
AOI-0061,2020-10-29,0.08781447311368326
AOI-0061,2021-05-05,0.8924067172486486
AOI-0061,2021-05-08,0.9163547476762676
AOI-0061,2021-05-15,0.9025649854068125
AOI-0061,2021-07-21,0.19746450934817175
AOI-0061,2021-07-24,0.18684952349331985
AOI-0061,2021-08-04,0.3324153548380482
AOI-0061,2021-08-28,0.34583802002296676
AOI-0061,2021-08-29,0.38459013403087683
AOI-0061,2021-10-29,0.03350022963575694
AOI-0061,2022-04-09,0.24928338157608404
AOI-0061,2022-05-09,0.4451974262346612
AOI-0061,2022-05-22,0.4239922914667616
AOI-0061,2022-05-25,0.566254064499781
AOI-0061,2022-05-27,0.44016736424513364
AOI-0061,2022-06-12,0.8269997623158446
AOI-0061,2022-06-29,0.831937499862003
AOI-0061,2022-07-06,0.8470048584402458
AOI-0061,2022-07-21,0.8302734136950918
AOI-0061,2022-07-22,0.7966094863144199
AOI-0061,2022-07-28,0.8010601903965326
AOI-0061,2022-08-23,0.38997705702204466
AOI-0061,2023-04-07,0.6495627118501911
AOI-0061,2023-04-25,0.611535737107684
AOI-0061,2023-05-05,0.6569657320134876
AOI-0061,2023-05-06,0.6712901613739911
AOI-0061,2023-05-17,0.7037501345835483
AOI-0061,2023-06-06,0.79398054997045
AOI-0061,2023-06-21,0.7517257124899352
AOI-0061,2023-07-17,0.4724148271746881
AOI-0061,2023-07-21,0.4549331158814096
AOI-0061,2023-07-27,0.4832103988877025
AOI-0061,2023-09-24,0.1784821971048303
AOI-0061,2023-10-14,0.15498306949092416
AOI-0061,2023-10-29,0.21394847470457978
AOI-0061,2024-04-29,0.43605569925706783
AOI-0061,2024-05-01,0.4441761070912268
AOI-0061,2024-05-08,0.6147675155844106
AOI-0061,2024-06-20,0.46533701593672144
AOI-0061,2024-07-15,0.373011384551715
AOI-0061,2024-08-09,0.3044677038352678
AOI-0061,2024-08-12,0.3633816683497296
AOI-0061,2024-09-06,0.2105134914615237
AOI-0061,2024-09-26,0.17059635516498903
AOI-0061,2024-10-07,0.22995048308416044
AOI-0061,2025-04-16,0.6608636866642926
AOI-0061,2025-04-19,0.7269192186672853
AOI-0061,2025-05-28,0.8440823737368212
AOI-0061,2025-06-28,0.537183951369567
AOI-0061,2025-07-07,0.38588296181125387
AOI-0061,2025-07-10,0.3387886387158487
AOI-0061,2025-07-28,0.22023588143206965
AOI-0061,2025-08-16,0.22487765568853008
AOI-0061,2025-08-29,0.2663953757489693
AOI-0061,2025-09-24,0.3079270469615491
AOI-0061,2025-09-26,0.3209498140602963
AOI-0061,2025-10-16,0.33620840173523375
AOI-0062,2010-04-24,0.7563022791905718
AOI-0062,2010-05-09,0.8365003246540484
AOI-0062,2010-05-26,0.8422313785750729
AOI-0062,2010-08-13,0.26095640165535205
AOI-0062,2010-10-16,0.34385289542048714
AOI-0062,2011-06-14,0.6877998183827871
AOI-0062,2011-07-28,0.45842309437100986
AOI-0062,2011-10-16,0.5008130728946775
AOI-0062,2012-06-09,0.6408270018312634
AOI-0062,2012-08-28,0.2787326220207765
AOI-0062,2012-09-04,0.18642692591985002
AOI-0062,2012-09-13,0.26676109952747845
AOI-0062,2013-04-23,0.38022098692452116
AOI-0062,2013-07-12,0.721705213203025
AOI-0062,2013-07-28,0.7124830879632689
AOI-0062,2013-09-14,0.37431590268613535
AOI-0062,2013-10-16,0.3216004831837117
AOI-0062,2014-06-30,0.3200586211415471
AOI-0062,2014-10-04,0.3843462858227832
AOI-0062,2015-04-22,0.654601424953501
AOI-0062,2015-05-09,0.6997506696058864
AOI-0062,2015-09-05,0.19787345348071622
AOI-0062,2015-09-21,0.2274080124843995
AOI-0062,2016-05-08,0.8941085756949643
AOI-0062,2016-07-11,0.3451377904614069
AOI-0062,2016-07-27,0.344805439121954
AOI-0062,2016-09-13,0.25496241903115685
AOI-0062,2016-10-25,0.28688339005739294
AOI-0062,2017-04-07,0.3153722975760469
AOI-0062,2017-07-28,0.7000873315595275
AOI-0062,2017-09-15,0.1667265616233611
AOI-0062,2018-04-06,0.6347717927969106
AOI-0062,2018-04-07,0.6854013900313017
AOI-0062,2018-06-02,0.8064198862169683
AOI-0062,2018-06-25,0.34332426765979335
AOI-0062,2018-07-28,0.30443777536206296
AOI-0062,2018-08-28,0.19733965272781095
AOI-0062,2019-04-08,0.1703559320238099
AOI-0062,2019-04-11,0.16145396993906647
AOI-0062,2019-06-17,0.6983090998594008
AOI-0062,2019-07-06,0.7230181266679347
AOI-0062,2019-08-09,0.7245284139614151
AOI-0062,2019-08-23,0.43547524997780634
AOI-0062,2019-09-23,0.13197097454777892
AOI-0062,2019-10-18,0.18276135131674281
AOI-0062,2019-10-23,0.25981767586932203
AOI-0062,2019-10-28,0.22155257185474656
AOI-0062,2020-04-30,0.7759624770497773
AOI-0062,2020-05-30,0.7897488342631492
AOI-0062,2020-06-16,0.5165213413196976
AOI-0062,2020-07-26,0.13409552320643925
AOI-0062,2020-08-18,0.16677990404848236
AOI-0062,2020-08-20,0.159430361906548
AOI-0062,2020-08-23,0.1679435063754956
AOI-0062,2020-08-25,0.16897001851588095
AOI-0062,2020-09-07,0.13442317805118004
AOI-0062,2020-09-09,0.14930019690002364
AOI-0062,2020-10-07,0.1749605278442939
AOI-0062,2020-10-15,0.2432979016801133
AOI-0062,2021-04-23,0.32630988195035054
AOI-0062,2021-05-05,0.23301378927393862
AOI-0062,2021-05-08,0.21207329295342053
AOI-0062,2021-05-12,0.19219900870612364
AOI-0062,2021-06-06,0.32313427897870844
AOI-0062,2021-06-10,0.6524744334568352
AOI-0062,2021-07-01,0.7051156371486947
AOI-0062,2021-07-26,0.7385736245824608
AOI-0062,2021-07-29,0.7226390444279769
AOI-0062,2021-09-12,0.2093788725913263
AOI-0062,2021-09-13,0.27891016356682385
AOI-0062,2021-09-19,0.20314804893030294
AOI-0062,2021-09-27,0.2026952760926536
AOI-0062,2021-09-29,0.19477947618846125
AOI-0062,2021-10-07,0.17475321866958463
AOI-0062,2021-10-16,0.2871650986176548
AOI-0062,2022-04-10,0.7191799219441714
AOI-0062,2022-04-27,0.8429206359407772
AOI-0062,2022-05-11,0.8798120039952453
AOI-0062,2022-05-25,0.8766283618849595
AOI-0062,2022-07-21,0.20756239960052983
AOI-0062,2022-07-24,0.19033339991954565
AOI-0062,2022-08-23,0.17223726366618117
AOI-0062,2022-09-14,0.23086537127354884
AOI-0062,2022-09-18,0.16012509151778692
AOI-0062,2022-09-30,0.21656667977712438
AOI-0062,2022-10-19,0.14811150844327234
AOI-0062,2023-05-17,0.33422440920693436
AOI-0062,2023-06-18,0.8795894336727464
AOI-0062,2023-06-24,0.8593387923422682
AOI-0062,2023-07-14,0.7942607996528603
AOI-0062,2023-08-05,0.47225603245559045
AOI-0062,2023-08-25,0.14764304757956945
AOI-0062,2023-09-17,0.15719537485038282
AOI-0062,2023-10-12,0.19585150717126562
AOI-0062,2023-10-16,0.25010159279562
AOI-0062,2024-04-22,0.9050845396266471
AOI-0062,2024-06-03,0.8078935587318444
AOI-0062,2024-06-08,0.7396154949676559
AOI-0062,2024-06-23,0.24525044851508665
AOI-0062,2024-07-30,0.11931786590936186
AOI-0062,2024-08-04,0.15258565324204626
AOI-0062,2024-08-12,0.201920696640015
AOI-0062,2024-09-06,0.13433205322438738
AOI-0062,2024-10-26,0.15803059843386755
AOI-0062,2025-04-01,0.2265033429951063
AOI-0062,2025-04-07,0.3491223228761239
AOI-0062,2025-04-11,0.25413316382411466
AOI-0062,2025-04-24,0.2313281829963023
AOI-0062,2025-04-29,0.2753923349899057
AOI-0062,2025-05-28,0.49757433259314165
AOI-0062,2025-06-28,0.7692980914638148
AOI-0062,2025-07-06,0.8124723428922628
AOI-0062,2025-07-07,0.7773491945483387
AOI-0062,2025-07-15,0.5183267862282729
AOI-0062,2025-07-25,0.4240819783268114
AOI-0062,2025-08-02,0.28820228829045325
AOI-0062,2025-08-17,0.24801750506038017
AOI-0062,2025-09-24,0.2134454336923361
AOI-0062,2025-09-30,0.2834240266223121
AOI-0062,2025-10-08,0.1863190595827042
AOI-0062,2025-10-13,0.19019436432398465
AOI-0063,2025-04-14,0.2407890055425308
AOI-0063,2025-04-19,0.22274078546811077
AOI-0063,2025-04-23,0.37217584521912184
AOI-0063,2025-04-24,0.2412928475763498
AOI-0063,2025-05-06,0.2033633637215023
AOI-0063,2025-05-25,0.6014413533453005
AOI-0063,2025-06-05,0.7453629579615262
AOI-0063,2025-06-25,0.8503276728187723
AOI-0063,2025-06-28,0.8189640380173066
AOI-0063,2025-06-30,0.8034350203465621
AOI-0063,2025-07-06,0.8004976453696938
AOI-0063,2025-07-07,0.7906743957634269
AOI-0063,2025-07-22,0.523829744778618
AOI-0063,2025-08-23,0.40601947993689685
AOI-0063,2025-09-13,0.24338418889598823
AOI-0063,2025-09-14,0.31398808669322553
AOI-0064,2025-04-14,0.4389872149650248
AOI-0064,2025-04-23,0.568554367216023
AOI-0064,2025-04-24,0.4182812960418254
AOI-0064,2025-06-03,0.754097809671077
AOI-0064,2025-06-05,0.745606627404377
AOI-0064,2025-06-26,0.4595006645050592
AOI-0064,2025-06-27,0.3817496356526421
AOI-0064,2025-06-28,0.3642378408852683
AOI-0064,2025-07-10,0.24962054870070036
AOI-0064,2025-08-12,0.13193413672389503
AOI-0064,2025-08-19,0.17013337225320926
AOI-0064,2025-08-27,0.1683502586675715
AOI-0064,2025-08-31,0.20840721721028274
AOI-0064,2025-09-13,0.18063593521810728
AOI-0064,2025-10-06,0.19484718220100702
AOI-0064,2025-10-13,0.18070427924717034
AOI-0065,2025-04-19,0.438559765271239
AOI-0065,2025-05-01,0.4885174882399672
AOI-0065,2025-06-04,0.5340150052447818
AOI-0065,2025-06-05,0.5157781646406052
AOI-0065,2025-06-08,0.530725677056503
AOI-0065,2025-06-26,0.655584403808789
AOI-0065,2025-07-15,0.4241179822586662
AOI-0065,2025-07-18,0.4232520300170806
AOI-0065,2025-08-07,0.22198932146486727
AOI-0065,2025-08-17,0.21394551847053656
AOI-0065,2025-09-14,0.3007445378899935
AOI-0065,2025-09-25,0.20355245706698974
AOI-0065,2025-09-30,0.3340174565883617
AOI-0065,2025-10-08,0.2215139169606174
AOI-0066,2025-06-05,0.5146567595898419
AOI-0066,2025-07-05,0.7810535820519654
AOI-0066,2025-07-15,0.6910681869340143
AOI-0066,2025-07-25,0.5267036091579278
AOI-0066,2025-07-27,0.5040900550018912
AOI-0066,2025-08-14,0.29079031395263083
AOI-0066,2025-09-01,0.1660964271740809
AOI-0067,2010-04-25,0.17795536762078518
AOI-0067,2010-06-20,0.18577390123787502
AOI-0067,2010-06-26,0.2507599840557866
AOI-0067,2010-07-13,0.1762143067581686
AOI-0067,2010-07-21,0.16281363010284747
AOI-0067,2010-08-06,0.16523632714247788
AOI-0067,2010-08-07,0.14415027695469196
AOI-0067,2010-08-15,0.14461058599875953
AOI-0067,2010-09-23,0.15247213652551372
AOI-0067,2010-10-09,0.15916554216669937
AOI-0067,2011-05-09,0.3276523676665275
AOI-0067,2011-05-14,0.1832707710938214
AOI-0067,2011-09-03,0.3320526524143119
AOI-0067,2011-09-19,0.3093507328259305
AOI-0067,2012-05-08,0.38148316272719374
AOI-0067,2012-06-09,0.23337144469995752
AOI-0067,2012-07-27,0.15736239889671194
AOI-0067,2012-09-29,0.1742907491359698
AOI-0067,2013-07-30,0.2340254702602193
AOI-0067,2013-08-29,0.39932665969192666
AOI-0067,2014-05-21,0.19333773155683948
AOI-0067,2014-05-25,0.299237438969458
AOI-0067,2014-06-06,0.2030258513907598
AOI-0067,2014-06-07,0.20270992761633955
AOI-0067,2014-07-01,0.19244005348164267
AOI-0067,2014-07-16,0.19067005040793986
AOI-0067,2014-07-17,0.15798500891747494
AOI-0067,2014-09-14,0.224135332126122
AOI-0067,2014-10-12,0.13895403889459332
AOI-0067,2015-04-15,0.17152977960590615
AOI-0067,2015-05-09,0.2894259226463682
AOI-0067,2015-06-02,0.2111474133903488
AOI-0067,2015-06-18,0.2534139241338053
AOI-0067,2015-07-12,0.4549468157375468
AOI-0067,2015-07-20,0.3734086634484815
AOI-0067,2015-08-29,0.462815176439777
AOI-0067,2015-09-14,0.3710536539274564
AOI-0067,2015-09-29,0.2526032156954896
AOI-0067,2016-05-03,0.246529578809947
AOI-0067,2016-05-10,0.2598396990095506
AOI-0067,2016-05-11,0.262450833887309
AOI-0067,2016-06-25,0.2418311922009707
AOI-0067,2016-07-14,0.1835713048635077
AOI-0067,2016-07-27,0.382114723530227
AOI-0067,2016-09-29,0.27371269764223655
AOI-0067,2016-10-25,0.19921798883721478
AOI-0067,2017-04-04,0.16966196813508147
AOI-0067,2017-04-28,0.16386296306528916
AOI-0067,2017-05-05,0.16866746429605536
AOI-0067,2017-06-07,0.2796036088049804
AOI-0067,2017-07-09,0.4577468047927822
AOI-0067,2017-07-25,0.5209263182509692
AOI-0067,2017-08-02,0.5742757740513509
AOI-0067,2017-08-11,0.5594971670368455
AOI-0067,2017-08-13,0.5247906148284758
AOI-0067,2017-08-29,0.49535589259963936
AOI-0067,2017-09-14,0.44581953860912577
AOI-0067,2017-09-20,0.40306811766892675
AOI-0067,2018-04-06,0.1943544981896344
AOI-0067,2018-04-23,0.24506507887493398
AOI-0067,2018-05-25,0.24315734849739204
AOI-0067,2018-07-11,0.17750893173057097
AOI-0067,2018-08-29,0.21397523349787984
AOI-0067,2019-05-08,0.7222907989331281
AOI-0067,2019-05-28,0.7880655982630758
AOI-0067,2019-06-12,0.4869410111286201
AOI-0067,2019-07-12,0.26313754928466354
AOI-0067,2019-07-14,0.20482687503223584
AOI-0067,2019-07-28,0.40977435069112683
AOI-0067,2019-08-08,0.4085247153451041
AOI-0067,2019-08-11,0.3655729832697873
AOI-0067,2019-08-29,0.2998871863712155
AOI-0067,2019-09-05,0.26230239431705205
AOI-0067,2019-09-16,0.2726446627434691
AOI-0067,2019-09-24,0.28944269708080594
AOI-0067,2019-10-02,0.29805764536171003
AOI-0067,2019-10-03,0.29306591004110616
AOI-0067,2019-10-15,0.29573554580264805
AOI-0067,2020-04-22,0.21129547285666792
AOI-0067,2020-04-27,0.13519408417307038
AOI-0067,2020-05-02,0.11917969545032836
AOI-0067,2020-05-08,0.2924506394036297
AOI-0067,2020-07-06,0.6248740522860834
AOI-0067,2020-07-25,0.39185573541109175
AOI-0067,2020-07-26,0.4029278955205223
AOI-0067,2020-07-27,0.437841435945869
AOI-0067,2020-08-25,0.3529647520046292
AOI-0067,2020-10-15,0.25896203208894664
AOI-0067,2021-05-16,0.2818245408680876
AOI-0067,2021-06-06,0.6263199268774248
AOI-0067,2021-06-16,0.6854732191581717
AOI-0067,2021-06-18,0.6901672982460759
AOI-0067,2021-07-04,0.4245499522248719
AOI-0067,2021-08-30,0.29457542686311117
AOI-0067,2021-09-09,0.3094679805117207
AOI-0067,2021-10-09,0.19137963061103913
AOI-0067,2022-04-02,0.1259145402056849
AOI-0067,2022-04-23,0.26313434712131495
AOI-0067,2022-04-26,0.1932952301990413
AOI-0067,2022-06-01,0.21561843113083334
AOI-0067,2022-07-01,0.5736403961123184
AOI-0067,2022-08-23,0.42866867536855646
AOI-0067,2022-08-24,0.43374173820499806
AOI-0067,2022-08-29,0.4136924181049371
AOI-0067,2022-09-01,0.32815119175958424
AOI-0067,2022-09-25,0.3497765951940908
AOI-0067,2022-10-09,0.3151305398800623
AOI-0067,2022-10-14,0.30333544136404733
AOI-0067,2023-04-23,0.3019160609513417
AOI-0067,2023-05-31,0.23024840046123313
AOI-0067,2023-06-30,0.6614762980023444
AOI-0067,2023-07-12,0.6441684747142368
AOI-0067,2023-07-21,0.5888529949617263
AOI-0067,2023-07-27,0.5073196751974387
AOI-0067,2023-08-26,0.3114026126092594
AOI-0067,2023-09-24,0.20045933639580882
AOI-0067,2023-09-27,0.21039147192104715
AOI-0067,2023-10-05,0.2682516013247719
AOI-0067,2023-10-13,0.21657243303053156
AOI-0067,2024-04-01,0.15039591890486342
AOI-0067,2024-04-11,0.22054202990127084
AOI-0067,2024-05-09,0.429945432479633
AOI-0067,2024-05-24,0.657590628796085
AOI-0067,2024-07-05,0.25435409958416233
AOI-0067,2024-07-10,0.2508761626296386
AOI-0067,2024-08-29,0.133002656905527
AOI-0067,2024-09-06,0.1498720883865676
AOI-0067,2024-09-23,0.13952059324577332
AOI-0067,2025-04-17,0.18512399698655052
AOI-0067,2025-04-23,0.2195509324135534
AOI-0067,2025-04-28,0.14316720353817225
AOI-0067,2025-06-05,0.12858051623554426
AOI-0067,2025-06-21,0.26932208320562656
AOI-0067,2025-06-26,0.4353188975505198
AOI-0067,2025-07-05,0.41884011507642704
AOI-0067,2025-07-14,0.48452250347769377
AOI-0067,2025-07-15,0.4422630287994216
AOI-0067,2025-08-06,0.5661507770089628
AOI-0067,2025-09-01,0.4257569642361832
AOI-0067,2025-09-23,0.27694912307287195
AOI-0067,2025-10-03,0.22011240276394603
AOI-0068,2010-04-16,0.14794382839504933
AOI-0068,2010-05-02,0.16582951967556842
AOI-0068,2010-05-09,0.2986221409889689
AOI-0068,2010-06-20,0.16653692126979067
AOI-0068,2010-07-13,0.16231702623508742
AOI-0068,2010-07-14,0.1360385586733221
AOI-0068,2010-07-28,0.21295199809040066
AOI-0068,2010-08-07,0.15750252256418235
AOI-0068,2010-08-29,0.18764326239373752
AOI-0068,2011-04-07,0.4621786041052732
AOI-0068,2011-05-30,0.5983422002014
AOI-0068,2011-06-15,0.40337334526924196
AOI-0068,2011-06-23,0.27712483837430996
AOI-0068,2011-07-16,0.20624921128764523
AOI-0068,2011-08-09,0.1824411257363242
AOI-0068,2011-09-03,0.17121876864606111
AOI-0068,2012-07-27,0.16948324098506184
AOI-0068,2012-08-03,0.13949745011257805
AOI-0068,2012-10-22,0.18102113932346353
AOI-0068,2013-06-19,0.27674257440450994
AOI-0068,2013-06-27,0.2428786543770055
AOI-0068,2013-07-28,0.25505457101853446
AOI-0068,2014-04-27,0.4457476004681472
AOI-0068,2014-07-28,0.1906803824532476
AOI-0068,2014-08-17,0.16234699846865772
AOI-0068,2014-08-25,0.1345930352154244
AOI-0068,2014-10-05,0.1339749522919656
AOI-0068,2014-10-16,0.19730516813011956
AOI-0068,2014-10-29,0.15306377271304566
AOI-0068,2015-06-09,0.3422022473586397
AOI-0068,2015-07-27,0.27117803475782065
AOI-0068,2015-08-04,0.25098701983759847
AOI-0068,2016-05-02,0.3232168279952448
AOI-0068,2016-05-11,0.31340949093415077
AOI-0068,2016-07-14,0.3285547487091063
AOI-0068,2016-08-28,0.2802225677147482
AOI-0068,2016-09-13,0.2668795640205594
AOI-0068,2016-09-29,0.3474394252539812
AOI-0068,2017-05-14,0.5400211123380082
AOI-0068,2017-06-10,0.4996870631969954
AOI-0068,2017-06-22,0.3942350656897843
AOI-0068,2017-06-27,0.284248691377001
AOI-0068,2017-07-12,0.2572498899834007
AOI-0068,2017-08-02,0.19481365321395594
AOI-0068,2017-08-11,0.13413445832578721
AOI-0068,2017-08-13,0.19962568678103493
AOI-0068,2017-09-02,0.11319476818904632
AOI-0068,2017-09-03,0.18947692399571198
AOI-0068,2018-04-28,0.27201977899322477
AOI-0068,2018-05-09,0.4123595142878406
AOI-0068,2018-06-07,0.20937707314441573
AOI-0068,2018-07-11,0.1466039510636319
AOI-0068,2018-08-28,0.13812717783049944
AOI-0068,2018-09-06,0.14461015788878406
AOI-0068,2018-09-21,0.14183827524909592
AOI-0068,2019-05-25,0.6161521842914924
AOI-0068,2019-05-28,0.5753074665942236
AOI-0068,2019-06-28,0.19091205445894277
AOI-0068,2019-08-07,0.23769713413690227
AOI-0068,2019-09-01,0.1873211157810584
AOI-0068,2019-09-05,0.15946005746263042
AOI-0068,2019-09-15,0.16265209843218464
AOI-0068,2019-09-24,0.22217773331079102
AOI-0068,2019-09-25,0.2156195457931095
AOI-0068,2019-09-30,0.3076717315526546
AOI-0068,2019-10-02,0.2710023679611282
AOI-0068,2019-10-25,0.31213467889244617
AOI-0068,2020-04-02,0.2916615061161479
AOI-0068,2020-04-06,0.3775355693143488
AOI-0068,2020-04-12,0.2893035616106461
AOI-0068,2020-04-19,0.3008124513615693
AOI-0068,2020-06-26,0.19139058482808693
AOI-0068,2020-07-27,0.17822739393349676
AOI-0068,2020-07-31,0.13610165396368926
AOI-0068,2020-09-03,0.1616035712878833
AOI-0068,2020-10-05,0.13991895519155953
AOI-0068,2020-10-20,0.15784260124327634
AOI-0068,2021-05-01,0.3036564131256643
AOI-0068,2021-05-16,0.4404717601854461
AOI-0068,2021-06-11,0.4500744208250988
AOI-0068,2021-06-16,0.43463610435293515
AOI-0068,2021-07-19,0.2389459771976527
AOI-0068,2021-07-31,0.1706864708864146
AOI-0068,2021-09-30,0.40033422084025516
AOI-0068,2022-04-02,0.2872609896946494
AOI-0068,2022-04-12,0.33387513213233416
AOI-0068,2022-04-23,0.5430695248458104
AOI-0068,2022-05-12,0.5000136022490885
AOI-0068,2022-05-27,0.3963597663982696
AOI-0068,2022-06-08,0.365128808531629
AOI-0068,2022-06-20,0.23857684737571455
AOI-0068,2022-07-01,0.18792049173270464
AOI-0068,2022-07-14,0.14707959894775227
AOI-0068,2022-07-30,0.17797233086984182
AOI-0068,2022-08-15,0.16251374297673143
AOI-0068,2023-04-03,0.4536545237854446
AOI-0068,2023-04-17,0.48235916778644694
AOI-0068,2023-05-09,0.6486613483669541
AOI-0068,2023-06-06,0.5161388535044993
AOI-0068,2023-06-30,0.267212431493956
AOI-0068,2023-07-05,0.23219456531963228
AOI-0068,2023-08-03,0.2370750331003212
AOI-0068,2023-08-13,0.294906366732717
AOI-0068,2023-09-03,0.342218690617416
AOI-0068,2023-09-24,0.3137692237322166
AOI-0068,2023-10-06,0.3140531806323576
AOI-0068,2023-10-11,0.28949986816859924
AOI-0068,2024-05-01,0.24718407696655256
AOI-0068,2024-05-09,0.1990038407804887
AOI-0068,2024-06-15,0.14824234016837995
AOI-0068,2024-08-05,0.16808910341842867
AOI-0068,2024-08-09,0.11548869451666838
AOI-0068,2024-08-19,0.145760453832278
AOI-0068,2024-08-28,0.1886894403027609
AOI-0068,2024-09-08,0.13770109860531346
AOI-0068,2024-09-14,0.17610739435942022
AOI-0068,2024-09-29,0.1992407617749822
AOI-0068,2024-10-13,0.1489569189930612
AOI-0068,2025-05-08,0.6756585314821282
AOI-0068,2025-05-11,0.6941368205546327
AOI-0068,2025-05-20,0.7104620031224018
AOI-0068,2025-06-10,0.4294971241147191
AOI-0068,2025-06-15,0.3486654939975779
AOI-0068,2025-06-17,0.33481355828766696
AOI-0068,2025-06-30,0.20834817172450584
AOI-0068,2025-07-22,0.202935305320094
AOI-0068,2025-07-28,0.2231698071251371
AOI-0068,2025-08-13,0.2463783234202873
AOI-0068,2025-08-14,0.17533030948371098
AOI-0068,2025-08-23,0.21067551522453015
AOI-0068,2025-08-24,0.16830020388824815
AOI-0068,2025-09-08,0.17920428173576947
AOI-0068,2025-09-14,0.26476665667485355
AOI-0068,2025-09-24,0.22373061895550464
AOI-0069,2025-04-16,0.14489365982663632
AOI-0069,2025-04-21,0.1783616687479099
AOI-0069,2025-04-23,0.29387547061303687
AOI-0069,2025-05-01,0.15950089590280583
AOI-0069,2025-05-11,0.2580190348800371
AOI-0069,2025-05-25,0.5059995483557742
AOI-0069,2025-05-28,0.42734520429670114
AOI-0069,2025-06-10,0.42809809594844384
AOI-0069,2025-06-25,0.2903152528329519
AOI-0069,2025-06-26,0.34688060050109565
AOI-0069,2025-07-05,0.19290110767164606
AOI-0069,2025-07-06,0.22839900763265944
AOI-0069,2025-07-22,0.13742405575123437
AOI-0069,2025-08-07,0.15122779059072705
AOI-0069,2025-08-14,0.14903669576113032
AOI-0069,2025-09-01,0.11673620064302044
AOI-0069,2025-09-14,0.1989126183886816
AOI-0069,2025-09-24,0.16704070486372768
AOI-0069,2025-09-25,0.14465069304643774
AOI-0069,2025-09-28,0.13069263747242077
AOI-0070,2025-05-11,0.2700518557560623
AOI-0070,2025-05-25,0.38445244083504876
AOI-0070,2025-06-07,0.216215525793104
AOI-0070,2025-06-10,0.2707214641563963
AOI-0070,2025-06-25,0.19970154214579558
AOI-0070,2025-07-12,0.24084084445852208
AOI-0070,2025-08-24,0.15681436824358252
AOI-0070,2025-08-31,0.16646667855409605
AOI-0070,2025-09-25,0.16222714586077924
AOI-0070,2025-10-02,0.1942873556701379
AOI-0070,2025-10-13,0.18366908949958707
AOI-0070,2025-10-23,0.21832409201310707
AOI-0071,2025-04-16,0.333549203852286
AOI-0071,2025-04-18,0.3635558500756399
AOI-0071,2025-04-21,0.36476063963483674
AOI-0071,2025-05-25,0.48507907907991465
AOI-0071,2025-06-26,0.6334404917826801
AOI-0071,2025-07-06,0.5972688346130057
AOI-0071,2025-07-07,0.5375248062319825
AOI-0071,2025-07-12,0.45366699005505234
AOI-0071,2025-08-13,0.4282973459053988
AOI-0071,2025-08-23,0.3901951317908618
AOI-0071,2025-08-24,0.36354929522650575
AOI-0071,2025-08-26,0.36766917201619415
AOI-0071,2025-08-29,0.36175309860573523
AOI-0071,2025-09-01,0.37520905430089535
AOI-0071,2025-09-15,0.30939023930546833
AOI-0071,2025-09-28,0.2878705161541817
AOI-0072,2025-05-08,0.7132576169361559
AOI-0072,2025-06-04,0.6713717929897195
AOI-0072,2025-07-05,0.16967020631770058
AOI-0072,2025-07-06,0.21148737972019982
AOI-0072,2025-07-14,0.18849922270605593
AOI-0072,2025-07-17,0.14174360607811837
AOI-0072,2025-08-07,0.16811716167525378
AOI-0072,2025-08-19,0.15681803341145198
AOI-0072,2025-08-29,0.215007759870552
AOI-0072,2025-09-03,0.14292153724653317
AOI-0072,2025-09-15,0.15554937987922982
AOI-0072,2025-09-16,0.1592914767975686
AOI-0072,2025-09-30,0.22828416067058915
AOI-0072,2025-10-03,0.1489159319740226
AOI-0072,2025-10-13,0.14462888663793083
AOI-0073,2010-06-26,0.5877115931541217
AOI-0073,2010-07-12,0.49763718508229604
AOI-0073,2011-04-07,0.2831744384753234
AOI-0073,2011-07-14,0.5251914908716424
AOI-0073,2011-09-14,0.385600542197673
AOI-0073,2012-04-22,0.46143537627070974
AOI-0073,2012-04-27,0.40524540221832595
AOI-0073,2012-05-24,0.6337831032551633
AOI-0073,2012-09-29,0.29960083292842427
AOI-0073,2013-04-03,0.25738787496836996
AOI-0073,2013-06-10,0.5363370580111088
AOI-0073,2013-06-25,0.510499177117545
AOI-0073,2013-07-12,0.5629537241666834
AOI-0073,2013-07-28,0.5157879253041412
AOI-0073,2013-09-30,0.4452940635393475
AOI-0073,2014-05-27,0.5235732945478548
AOI-0073,2014-07-12,0.7307234263970926
AOI-0073,2014-07-30,0.6144767911973607
AOI-0073,2014-08-13,0.4693998732271644
AOI-0073,2014-09-14,0.41033018665721377
AOI-0073,2014-10-10,0.2371618323939045
AOI-0073,2015-05-22,0.3749868295354154
AOI-0073,2015-05-30,0.4195953044877121
AOI-0073,2015-06-10,0.570743372510561
AOI-0073,2015-06-15,0.46174972196010255
AOI-0073,2015-07-01,0.5574524492159625
AOI-0073,2015-07-09,0.6020787991543518
AOI-0073,2015-08-26,0.36623736030952225
AOI-0073,2015-10-05,0.22487709836903197
AOI-0073,2016-04-06,0.5687361609194371
AOI-0073,2017-04-23,0.25578460894902655
AOI-0073,2017-06-04,0.3748742913244578
AOI-0073,2017-06-12,0.44215246312629775
AOI-0073,2017-07-06,0.7225867279553027
AOI-0073,2017-07-18,0.7657965840273762
AOI-0073,2017-08-07,0.7022230688627868
AOI-0073,2017-08-12,0.6609452768138975
AOI-0073,2017-10-11,0.3030684382283857
AOI-0073,2017-10-16,0.32488020517668414
AOI-0073,2018-04-16,0.16574754557244675
AOI-0073,2019-05-17,0.3077894490271805
AOI-0073,2019-05-19,0.27632128044485904
AOI-0073,2019-06-03,0.47685006318916456
AOI-0073,2019-07-13,0.6518905814057615
AOI-0073,2019-08-07,0.6719211864515358
AOI-0073,2019-08-12,0.5658953236225949
AOI-0073,2019-09-06,0.3509133891348681
AOI-0073,2019-09-11,0.35520583829888674
AOI-0073,2019-09-15,0.32009188775611924
AOI-0073,2019-09-16,0.32980042861120795
AOI-0073,2019-09-28,0.2701766464547648
AOI-0073,2019-10-16,0.28737753592877113
AOI-0073,2019-10-26,0.21109010891427318
AOI-0073,2020-04-05,0.14864552788642377
AOI-0073,2020-04-15,0.0946444668881671
AOI-0073,2020-04-22,0.3781396164942554
AOI-0073,2020-05-18,0.6090044968001934
AOI-0073,2020-07-04,0.306089866878313
AOI-0073,2020-07-06,0.3199511829726275
AOI-0073,2020-07-24,0.22350219534415997
AOI-0073,2020-07-29,0.18720654034040876
AOI-0073,2020-08-12,0.264925907858207
AOI-0073,2020-09-01,0.24080198873053105
AOI-0073,2020-09-20,0.16938473303236917
AOI-0073,2020-10-20,0.2202724571599301
AOI-0073,2020-10-26,0.18390339669471814
AOI-0073,2021-05-06,0.22018763967691474
AOI-0073,2021-05-13,0.19461239730700133
AOI-0073,2021-05-15,0.20970686833326085
AOI-0073,2021-06-29,0.6956780480237218
AOI-0073,2021-07-25,0.7416543349939976
AOI-0073,2021-08-02,0.6768885099895854
AOI-0073,2021-09-07,0.3242825000034328
AOI-0073,2021-09-14,0.3176831780011715
AOI-0073,2021-09-15,0.29555424525316804
AOI-0073,2022-04-23,0.31148085983099244
AOI-0073,2022-04-25,0.2128069494539827
AOI-0073,2022-06-04,0.2842556776930903
AOI-0073,2022-06-07,0.26697063355965395
AOI-0073,2022-06-09,0.25825713368527453
AOI-0073,2022-06-14,0.3939410283301473
AOI-0073,2022-07-05,0.7800589622122258
AOI-0073,2022-07-07,0.7262549145496893
AOI-0073,2022-09-10,0.3613961565223439
AOI-0073,2022-09-30,0.3478142097426361
AOI-0073,2023-04-02,0.23761697463871118
AOI-0073,2023-04-28,0.26284066983028875
AOI-0073,2023-05-03,0.28968092464949263
AOI-0073,2023-05-05,0.26819895979276653
AOI-0073,2023-05-13,0.3585727228207606
AOI-0073,2023-06-04,0.5356411002201815
AOI-0073,2023-06-07,0.5400930054960721
AOI-0073,2023-07-25,0.33492467298152034
AOI-0073,2023-07-31,0.24705494367319158
AOI-0073,2023-08-06,0.24778643038958817
AOI-0073,2023-08-16,0.23133530809410538
AOI-0073,2023-08-28,0.23512880031221783
AOI-0073,2023-09-07,0.21359077771235463
AOI-0073,2023-09-12,0.22002072478813262
AOI-0073,2023-09-29,0.21684264258285138
AOI-0073,2023-10-11,0.2675271191930254
AOI-0073,2023-10-15,0.26062235343688367
AOI-0073,2024-04-14,0.45575306514258124
AOI-0073,2024-04-20,0.5627886932947397
AOI-0073,2024-05-06,0.6312680277629016
AOI-0073,2024-05-07,0.6474588410311812
AOI-0073,2024-06-23,0.3756028974012816
AOI-0073,2024-07-03,0.24173239243810724
AOI-0073,2024-07-11,0.3836067534186498
AOI-0073,2024-07-13,0.2605925277082367
AOI-0073,2024-07-21,0.2595610458916331
AOI-0073,2024-07-25,0.25150237741225234
AOI-0073,2024-08-12,0.26797177343063405
AOI-0073,2024-08-28,0.25734633499983145
AOI-0073,2024-09-01,0.1902274191241354
AOI-0073,2024-09-13,0.24413240431600292
AOI-0073,2024-09-29,0.22326940463842948
AOI-0073,2025-04-07,0.23978594850687213
AOI-0073,2025-04-15,0.20591316606976634
AOI-0073,2025-04-19,0.17834304729361314
AOI-0073,2025-04-22,0.21201780864839367
AOI-0073,2025-04-23,0.2748262919011566
AOI-0073,2025-04-29,0.1882412563864053
AOI-0073,2025-05-11,0.2362877324611804
AOI-0073,2025-05-22,0.2550842753500672
AOI-0073,2025-05-29,0.23892932743364498
AOI-0073,2025-06-03,0.30605297188607
AOI-0073,2025-06-30,0.7370825235951824
AOI-0073,2025-07-06,0.7655534339582708
AOI-0073,2025-07-08,0.742778738372968
AOI-0073,2025-07-28,0.6801746313294397
AOI-0073,2025-08-05,0.700057391002237
AOI-0073,2025-08-07,0.7077068124339904
AOI-0073,2025-08-22,0.46723657270791963
AOI-0073,2025-08-27,0.3929634894232166
AOI-0073,2025-09-22,0.31387895099514096
AOI-0074,2010-07-12,0.36534554535908226
AOI-0074,2010-08-29,0.31736076330519924
AOI-0074,2011-05-27,0.3051664679669382
AOI-0074,2011-06-20,0.574952219392968
AOI-0074,2011-06-26,0.7342828227224963
AOI-0074,2011-07-06,0.6979594752558161
AOI-0074,2011-09-24,0.3031034547413526
AOI-0074,2013-06-25,0.42721533716180116
AOI-0074,2013-07-03,0.3482575043004574
AOI-0074,2013-07-11,0.3241190801983132
AOI-0074,2013-08-13,0.3612011685380568
AOI-0074,2014-07-14,0.772510349586928
AOI-0074,2014-07-28,0.6372392420988555
AOI-0074,2014-09-14,0.3308514892168084
AOI-0074,2014-10-16,0.2648647514038307
AOI-0074,2015-04-23,0.30153573708194675
AOI-0074,2015-04-28,0.2061954242498535
AOI-0074,2015-07-25,0.6738255301350161
AOI-0074,2015-10-16,0.24815726005134184
AOI-0074,2015-10-29,0.20347771447919782
AOI-0074,2016-08-12,0.3280922238072174
AOI-0074,2016-08-20,0.2488384478063963
AOI-0074,2017-04-23,0.25539637677509097
AOI-0074,2017-05-04,0.23987594585414862
AOI-0074,2017-05-06,0.21691555783037705
AOI-0074,2017-06-04,0.4122104980777613
AOI-0074,2017-06-05,0.390671431815354
AOI-0074,2017-06-10,0.644291197764938
AOI-0074,2017-06-20,0.5325651915825357
AOI-0074,2017-06-26,0.7701125713076437
AOI-0074,2017-07-18,0.7578391493637108
AOI-0074,2017-08-07,0.667136218047001
AOI-0074,2017-08-17,0.5192352850200551
AOI-0074,2017-09-16,0.313969844606986
AOI-0074,2017-10-11,0.269075774469405
AOI-0074,2017-10-16,0.2873304569064036
AOI-0074,2018-04-04,0.1931502965692886
AOI-0074,2018-04-23,0.3137030458600225
AOI-0074,2018-05-06,0.28594898550697234
AOI-0074,2018-05-11,0.32284145924762725
AOI-0074,2018-05-22,0.3822878678675392
AOI-0074,2018-05-26,0.3489406426604784
AOI-0074,2018-05-30,0.3557272316359074
AOI-0074,2018-07-13,0.6727894949255262
AOI-0074,2018-08-18,0.763413893965144
AOI-0074,2018-09-14,0.3644145161660237
AOI-0074,2018-09-19,0.37096053235962584
AOI-0074,2018-09-30,0.31461140788450714
AOI-0074,2019-04-23,0.25223254420420504
AOI-0074,2019-05-04,0.2755195867621242
AOI-0074,2019-05-14,0.2774316646764507
AOI-0074,2019-05-16,0.22538090367993668
AOI-0074,2019-05-31,0.45474918766250894
AOI-0074,2019-06-13,0.6428055972973218
AOI-0074,2019-07-13,0.6624167074222516
AOI-0074,2019-08-05,0.6495705834055365
AOI-0074,2019-08-09,0.5747877619856222
AOI-0074,2019-09-14,0.3128049261940292
AOI-0074,2020-04-09,0.1924338928453588
AOI-0074,2020-07-06,0.2647164020140177
AOI-0074,2020-07-22,0.23359342022842505
AOI-0074,2020-08-07,0.219699358330454
AOI-0074,2020-08-26,0.20724821373451469
AOI-0074,2020-09-07,0.15063806963062926
AOI-0074,2020-09-08,0.20000025833498086
AOI-0074,2020-09-12,0.16892951856361177
AOI-0074,2020-10-07,0.15478373148942487
AOI-0074,2020-10-12,0.13310591908471414
AOI-0074,2020-10-18,0.22496711891037183
AOI-0074,2020-10-22,0.14135932321261563
AOI-0074,2021-04-25,0.22752574568603562
AOI-0074,2021-06-23,0.582039925988299
AOI-0074,2021-06-27,0.5885125088340477
AOI-0074,2021-07-17,0.6946668114379104
AOI-0074,2021-08-03,0.5658852019074254
AOI-0074,2021-08-06,0.5627395099965319
AOI-0074,2021-08-19,0.46745226829252573
AOI-0074,2021-09-03,0.3715914407302986
AOI-0074,2021-10-06,0.21876076984725074
AOI-0074,2021-10-17,0.2029401903984927
AOI-0074,2021-10-20,0.2164566617097701
AOI-0074,2021-10-27,0.2122784991041651
AOI-0074,2022-05-30,0.23047357628103393
AOI-0074,2022-07-12,0.7033974562902789
AOI-0074,2022-08-29,0.4930188119965155
AOI-0074,2022-10-16,0.28688520681658514
AOI-0074,2023-04-28,0.2291770837855775
AOI-0074,2023-05-30,0.3929937724223908
AOI-0074,2023-06-09,0.571530657977058
AOI-0074,2023-06-19,0.41312321663195234
AOI-0074,2023-07-14,0.2601489075494484
AOI-0074,2023-08-16,0.2593324109206414
AOI-0074,2023-09-14,0.236709801198828
AOI-0074,2023-10-11,0.25634748899198007
AOI-0074,2024-04-17,0.4963254248021036
AOI-0074,2024-05-08,0.6501027790742339
AOI-0074,2024-05-09,0.6132454373355181
AOI-0074,2024-06-06,0.5458544456606457
AOI-0074,2024-07-08,0.23494151799811133
AOI-0074,2024-07-18,0.24191678310192405
AOI-0074,2024-07-27,0.28743477897791303
AOI-0074,2024-08-12,0.26283354050382024
AOI-0074,2024-08-28,0.24508079355069717
AOI-0074,2024-09-04,0.19342366675357153
AOI-0074,2024-09-09,0.18660441097175776
AOI-0074,2025-04-07,0.21686181223215675
AOI-0074,2025-04-15,0.19853305174486857
AOI-0074,2025-05-12,0.21473673214396402
AOI-0074,2025-05-14,0.1876038848255059
AOI-0074,2025-06-01,0.3530804751598129
AOI-0074,2025-06-10,0.5814402875398264
AOI-0074,2025-07-06,0.8013335831664862
AOI-0074,2025-07-16,0.6688475372676347
AOI-0074,2025-08-05,0.6743497724728164
AOI-0074,2025-08-19,0.4636942971339252
AOI-0074,2025-09-08,0.23141473061018514
AOI-0074,2025-09-22,0.2748455073759126
AOI-0074,2025-10-01,0.2307778772880963
AOI-0074,2025-10-26,0.21967286279319737
AOI-0075,2025-04-07,0.3115488156798822
AOI-0075,2025-04-12,0.19065803303101644
AOI-0075,2025-07-12,0.6345441665545785
AOI-0075,2025-07-18,0.5078012912165322
AOI-0075,2025-08-21,0.5149733437013962
AOI-0075,2025-08-30,0.438303116317486
AOI-0075,2025-09-08,0.43671370708024826
AOI-0075,2025-09-16,0.3286737607076419
AOI-0075,2025-09-21,0.2932373358087008
AOI-0075,2025-10-29,0.29369918882883933
AOI-0076,2025-04-19,0.1920415870194913
AOI-0076,2025-05-01,0.2356975832082872
AOI-0076,2025-05-11,0.2629289620344686
AOI-0076,2025-05-25,0.5947934561042609
AOI-0076,2025-07-10,0.8109536282998316
AOI-0076,2025-07-31,0.7320551629020045
AOI-0076,2025-08-21,0.3994759282957159
AOI-0076,2025-08-27,0.3461397329562934
AOI-0076,2025-09-01,0.2967135074278588
AOI-0076,2025-09-21,0.22407268267632963
AOI-0076,2025-09-22,0.2840595128558564
AOI-0076,2025-10-01,0.21451575004400095
AOI-0076,2025-10-04,0.2167841234394615
AOI-0077,2025-05-09,0.7704220174883658
AOI-0077,2025-06-06,0.5629446255330847
AOI-0077,2025-06-21,0.47002849274921144
AOI-0077,2025-07-12,0.35934612010195766
AOI-0077,2025-08-22,0.16984473974319958
AOI-0077,2025-08-27,0.17222437862483594
AOI-0077,2025-08-30,0.21934551712142433
AOI-0077,2025-09-11,0.1717541586381296
AOI-0077,2025-09-22,0.24354583418518477
AOI-0078,2025-05-02,0.8296085372714654
AOI-0078,2025-05-25,0.8112917701641077
AOI-0078,2025-06-01,0.6822266463995016
AOI-0078,2025-06-03,0.6776535722884963
AOI-0078,2025-06-06,0.6402607986944852
AOI-0078,2025-06-10,0.5955865736039624
AOI-0078,2025-07-04,0.2645495228851309
AOI-0078,2025-07-10,0.19573272465207833
AOI-0078,2025-07-11,0.2125810574612955
AOI-0078,2025-07-13,0.18675190657470686
AOI-0078,2025-08-10,0.17765143003745337
AOI-0078,2025-08-15,0.21652801833188584
AOI-0078,2025-09-08,0.17608520582979764
AOI-0078,2025-10-04,0.26093586693871446
