anon_polygon_id,date,primary_ndvi_true
AOI-0001,2010-08-29,0.208414689698599
AOI-0001,2010-10-25,0.19236398914519393
AOI-0001,2011-06-13,0.6506220711450493
AOI-0001,2011-09-18,0.25455777969462645
AOI-0001,2011-09-26,0.2619215196524411
AOI-0001,2011-09-30,0.41179312619065983
AOI-0001,2012-05-24,0.6951507135016247
AOI-0001,2012-07-09,0.24353565618577708
AOI-0001,2012-07-11,0.331751578039773
AOI-0001,2012-08-10,0.16090340373611492
AOI-0001,2012-08-12,0.2936648187371781
AOI-0001,2012-10-15,0.370259102533463
AOI-0001,2013-05-01,0.8368404997951239
AOI-0001,2013-07-12,0.32481134200727163
AOI-0001,2013-09-30,0.5562942703899891
AOI-0001,2014-04-18,0.2569544353288699
AOI-0001,2014-05-25,0.6672810988591757
AOI-0001,2014-06-26,0.8040222798220445
AOI-0001,2014-07-15,0.730461563736104
AOI-0001,2014-07-28,0.5610110857402879
AOI-0001,2014-08-09,0.3344577026200965
AOI-0001,2014-08-13,0.35459550650757726
AOI-0001,2014-10-03,0.2001537038440859
AOI-0001,2014-10-16,0.3065905744087742
AOI-0001,2015-04-13,0.4494642873287123
AOI-0001,2015-08-11,0.22334107867244535
AOI-0001,2015-08-12,0.20472046049600864
AOI-0001,2015-08-27,0.2273802951085491
AOI-0001,2015-09-20,0.18573038323760097
AOI-0001,2015-09-28,0.21722398323089617
AOI-0001,2016-06-27,0.2670018251477116
AOI-0001,2016-07-04,0.2693059186109088
AOI-0001,2016-07-20,0.2816161080091597
AOI-0001,2016-07-27,0.3546836014360786
AOI-0001,2016-08-29,0.2951368717485885
AOI-0001,2016-08-30,0.24773476410741152
AOI-0001,2016-09-15,0.4191782328226816
AOI-0001,2016-09-29,0.6887034526326994
AOI-0001,2017-05-12,0.7474289907954723
AOI-0001,2017-06-29,0.5661275253453646
AOI-0001,2017-07-12,0.4703942661110092
AOI-0001,2017-08-09,0.3033031720187228
AOI-0001,2017-08-29,0.2501196483588954
AOI-0001,2017-09-08,0.20764463710078504
AOI-0001,2017-09-14,0.27847933254222124
AOI-0001,2018-04-05,0.5144945037656047
AOI-0001,2018-04-23,0.8031077115774736
AOI-0001,2018-05-01,0.8135365654287853
AOI-0001,2018-06-08,0.6969153940669085
AOI-0001,2018-07-12,0.2993065273764107
AOI-0001,2018-09-28,0.1519164513449594
AOI-0001,2018-10-13,0.19301896594087806
AOI-0001,2019-05-11,0.4912297384822509
AOI-0001,2019-05-31,0.730515944650548
AOI-0001,2019-06-04,0.7422383663394729
AOI-0001,2019-06-05,0.7241824151268845
AOI-0001,2019-06-25,0.3727666927068095
AOI-0001,2019-07-12,0.4606687350639149
AOI-0001,2019-07-22,0.41493035671188494
AOI-0001,2019-07-29,0.460089515465135
AOI-0001,2019-08-30,0.24227372553250126
AOI-0001,2019-09-07,0.2392168824526673
AOI-0001,2019-09-08,0.2161446036378066
AOI-0001,2019-09-18,0.11831487991783023
AOI-0001,2020-04-03,0.5498091780836403
AOI-0001,2020-04-26,0.6895874035692504
AOI-0001,2020-05-30,0.8206559572200374
AOI-0001,2020-06-09,0.7833942202710198
AOI-0001,2020-07-14,0.14330142921674674
AOI-0001,2020-07-23,0.2357056469835503
AOI-0001,2020-07-27,0.25924655580681855
AOI-0001,2020-08-08,0.185398889180844
AOI-0001,2020-09-01,0.3090535757549124
AOI-0001,2020-09-02,0.27339845067259333
AOI-0001,2020-09-12,0.23023126328792853
AOI-0001,2020-09-22,0.2228503353702016
AOI-0001,2020-09-29,0.24581501029660505
AOI-0001,2020-10-11,0.19033847757121689
AOI-0001,2020-10-12,0.16903577653432728
AOI-0001,2020-10-19,0.1655987100556518
AOI-0001,2021-05-15,0.5275175650935204
AOI-0001,2021-05-20,0.49925023331541935
AOI-0001,2021-06-10,0.6714294466758931
AOI-0001,2021-07-02,0.6408438680597986
AOI-0001,2021-07-24,0.6753921555018338
AOI-0001,2021-09-17,0.22205899492871875
AOI-0001,2022-04-25,0.6856859116944214
AOI-0001,2022-06-03,0.8175432744685415
AOI-0001,2022-09-02,0.25427778607859813
AOI-0001,2022-09-30,0.27267177196838865
AOI-0001,2022-10-01,0.25137373030508214
AOI-0001,2022-10-17,0.2139533203228916
AOI-0001,2023-05-25,0.8280456416833755
AOI-0001,2023-06-23,0.8318925897255707
AOI-0001,2023-07-15,0.25262469874068894
AOI-0001,2023-07-29,0.1684802214937795
AOI-0001,2023-08-03,0.20474681146292442
AOI-0001,2023-08-08,0.20746257972934046
AOI-0001,2023-08-13,0.2217292883997818
AOI-0001,2023-08-17,0.2790453270775689
AOI-0001,2023-08-28,0.21224759520943823
AOI-0001,2023-08-29,0.2745963347684521
AOI-0001,2023-09-12,0.2253943167768143
AOI-0001,2024-04-06,0.7653738011667789
AOI-0001,2024-05-24,0.7629203563279131
AOI-0001,2024-06-01,0.7282613855941967
AOI-0001,2024-06-03,0.7161438130531134
AOI-0001,2024-06-09,0.5889561852159859
AOI-0001,2024-06-13,0.5625876122296222
AOI-0001,2024-06-17,0.5715065314144951
AOI-0001,2024-06-23,0.354346503511936
AOI-0001,2024-06-25,0.3804779271350984
AOI-0001,2024-07-03,0.2735422282689547
AOI-0001,2024-09-11,0.14418044321629703
AOI-0001,2024-09-13,0.20187241141168363
AOI-0001,2024-09-16,0.15349230055758817
AOI-0001,2024-09-29,0.2065980919605853
AOI-0001,2025-04-23,0.47648037081660444
AOI-0001,2025-05-03,0.37801634965329955
AOI-0001,2025-06-03,0.4508251320087253
AOI-0001,2025-06-27,0.6394499267966944
AOI-0001,2025-07-05,0.5675235560080167
AOI-0001,2025-07-12,0.45318142274328593
AOI-0001,2025-07-13,0.4250160800011945
AOI-0001,2025-07-23,0.36863442577723815
AOI-0001,2025-07-28,0.3379960283025661
AOI-0001,2025-07-29,0.3826894614089558
AOI-0001,2025-08-02,0.2839143108652832
AOI-0001,2025-10-28,0.2768331068566437
AOI-0002,2025-05-03,0.8343444426049315
AOI-0002,2025-06-03,0.5508693957762804
AOI-0002,2025-06-26,0.4597346937926202
AOI-0002,2025-07-29,0.25901504137807396
AOI-0002,2025-08-02,0.17874212871330963
AOI-0002,2025-08-13,0.2569760039716647
AOI-0002,2025-08-19,0.16334362264696406
AOI-0003,2025-04-01,0.521623202721037
AOI-0003,2025-04-18,0.8463837722159457
AOI-0003,2025-04-19,0.8654000871822762
AOI-0003,2025-05-06,0.813229985525672
AOI-0003,2025-06-04,0.7676287918023504
AOI-0003,2025-06-13,0.6057515061826837
AOI-0003,2025-07-07,0.18862903258813712
AOI-0003,2025-07-13,0.19453434262638908
AOI-0003,2025-07-15,0.167994659611618
AOI-0003,2025-08-04,0.18543446026945207
AOI-0003,2025-08-07,0.17748614337962842
AOI-0003,2025-08-14,0.18386082136299864
AOI-0003,2025-08-22,0.15414850679260148
AOI-0003,2025-08-23,0.2017135378102186
AOI-0004,2025-04-23,0.680587068328583
AOI-0004,2025-05-04,0.6202313103755689
AOI-0004,2025-05-24,0.7056253550598123
AOI-0004,2025-05-25,0.730671067823564
AOI-0004,2025-06-30,0.6097610603315857
AOI-0004,2025-07-12,0.49139628422305465
AOI-0004,2025-07-23,0.4679166272754173
AOI-0004,2025-08-02,0.4117737555046967
AOI-0004,2025-09-14,0.3768259074368189
AOI-0004,2025-09-23,0.3318614816285079
AOI-0005,2025-05-01,0.6701991438394732
AOI-0005,2025-05-03,0.6822502669375248
AOI-0005,2025-05-14,0.5340971877407023
AOI-0005,2025-06-11,0.6239339928372585
AOI-0005,2025-07-21,0.4451835000491864
AOI-0005,2025-08-17,0.3065897096470565
AOI-0005,2025-09-01,0.24753983418303005
AOI-0006,2025-04-01,0.2277179864035066
AOI-0006,2025-05-09,0.4549854856311521
AOI-0006,2025-05-25,0.6212901571896984
AOI-0006,2025-07-28,0.4076304644589762
AOI-0006,2025-08-09,0.32780990637263896
AOI-0006,2025-08-22,0.3188156976843994
AOI-0006,2025-08-30,0.31634038853045315
AOI-0006,2025-09-07,0.265661624356653
AOI-0006,2025-10-28,0.2587496308442857
AOI-0007,2025-04-01,0.1734280512866852
AOI-0007,2025-04-18,0.2452437176734861
AOI-0007,2025-04-29,0.33208630538451206
AOI-0007,2025-05-01,0.3637174129696521
AOI-0007,2025-06-26,0.32938325513599753
AOI-0007,2025-07-28,0.13733921844297892
AOI-0007,2025-08-13,0.23845569361048358
AOI-0007,2025-08-14,0.15791196673260594
AOI-0007,2025-08-16,0.16874174906994246
AOI-0007,2025-09-11,0.15779211165904689
AOI-0007,2025-09-26,0.17629996813304577
AOI-0008,2025-04-17,0.840616782250121
AOI-0008,2025-04-24,0.7847097477780159
AOI-0008,2025-05-19,0.8266046075874459
AOI-0008,2025-07-08,0.2040146012745805
AOI-0008,2025-07-15,0.16368872144129626
AOI-0008,2025-07-17,0.17380138449473226
AOI-0008,2025-08-13,0.24077998772997683
AOI-0008,2025-09-01,0.14151485954850287
AOI-0008,2025-09-30,0.24595810977401006
AOI-0008,2025-10-16,0.22524315971239045
AOI-0009,2025-04-01,0.6911266617548919
AOI-0009,2025-04-23,0.8114470110169906
AOI-0009,2025-05-04,0.8503998549689428
AOI-0009,2025-06-30,0.18143310955225003
AOI-0009,2025-07-05,0.201479572972612
AOI-0009,2025-07-10,0.17324980970068538
AOI-0009,2025-07-25,0.16704405017322693
AOI-0009,2025-08-12,0.1618655764974602
AOI-0009,2025-08-17,0.18044149131437626
AOI-0009,2025-08-22,0.16708040305836788
AOI-0009,2025-08-24,0.14463076645694797
AOI-0009,2025-09-14,0.24343322217401697
AOI-0009,2025-09-16,0.1878846908006214
AOI-0009,2025-09-25,0.16430555491841758
AOI-0009,2025-10-03,0.2028198270520313
AOI-0010,2010-06-19,0.37221125306055125
AOI-0010,2010-08-06,0.23012858985930582
AOI-0010,2010-08-22,0.21029408472251407
AOI-0010,2011-06-14,0.5225537035878025
AOI-0010,2011-07-12,0.3692568831029099
AOI-0010,2011-08-09,0.258967134017386
AOI-0010,2011-08-13,0.3386144529067941
AOI-0010,2011-09-10,0.22651804666348202
AOI-0010,2012-04-13,0.27629871536286893
AOI-0010,2012-08-03,0.22556257844160407
AOI-0010,2013-04-16,0.7281339320045755
AOI-0010,2013-05-25,0.6460466081981253
AOI-0010,2013-06-26,0.3266095594175749
AOI-0010,2013-07-12,0.31344667757211286
AOI-0010,2014-05-29,0.6804011716797314
AOI-0010,2014-06-06,0.5803156814226598
AOI-0010,2014-06-10,0.4400689748159973
AOI-0010,2014-08-29,0.2512427556937469
AOI-0010,2014-09-30,0.2616602760939866
AOI-0010,2015-04-07,0.30371253203188553
AOI-0010,2015-04-14,0.2276006858385774
AOI-0010,2015-05-25,0.34444666516371153
AOI-0010,2015-10-07,0.1969168521853427
AOI-0010,2016-07-27,0.353015651799479
AOI-0010,2016-08-12,0.317548924542455
AOI-0010,2016-09-13,0.274783242694614
AOI-0010,2017-04-03,0.32115348951482103
AOI-0010,2017-04-07,0.5166859574960123
AOI-0010,2017-08-01,0.14988683298294275
AOI-0010,2017-08-04,0.16264697014969115
AOI-0010,2017-08-13,0.24058554574769508
AOI-0010,2017-08-29,0.21950408399515214
AOI-0010,2018-05-16,0.861337311537201
AOI-0010,2018-07-28,0.2603315190133268
AOI-0010,2018-08-28,0.18387298253071668
AOI-0010,2018-09-14,0.21800388088165548
AOI-0010,2019-04-06,0.36654573931637924
AOI-0010,2019-04-28,0.7384451918489926
AOI-0010,2019-05-19,0.8763621062419372
AOI-0010,2019-06-20,0.2191815904935717
AOI-0010,2019-06-26,0.25060717121107107
AOI-0010,2019-06-27,0.16270273000729615
AOI-0010,2019-07-20,0.17045144484272995
AOI-0010,2019-08-13,0.30413946987189094
AOI-0010,2019-08-19,0.1779808009376803
AOI-0010,2019-08-21,0.18532154337169046
AOI-0010,2019-09-23,0.1703387120316318
AOI-0010,2020-06-06,0.3436258450742373
AOI-0010,2020-06-09,0.3974329104827379
AOI-0010,2020-07-16,0.1524349553855857
AOI-0010,2020-07-19,0.15406610927072517
AOI-0010,2020-07-26,0.13803148937272633
AOI-0010,2020-07-31,0.1578416616839085
AOI-0010,2020-09-09,0.18207653780212033
AOI-0010,2020-09-13,0.25316698593356707
AOI-0010,2020-09-19,0.12243045525110861
AOI-0010,2020-09-27,0.15097513239693014
AOI-0010,2021-05-05,0.357515561346016
AOI-0010,2021-05-09,0.49557212330635053
AOI-0010,2021-07-28,0.2920445457511288
AOI-0010,2021-08-05,0.23612388945159313
AOI-0010,2021-09-04,0.3267052896705799
AOI-0010,2021-09-17,0.3612439227305175
AOI-0010,2021-10-27,0.36299954962179126
AOI-0010,2022-06-06,0.7250785971294939
AOI-0010,2022-06-10,0.6174739715643353
AOI-0010,2022-06-11,0.7155854508956251
AOI-0010,2022-07-17,0.2891058940441002
AOI-0010,2022-07-28,0.3394539776238608
AOI-0010,2022-09-08,0.3063045455458283
AOI-0010,2023-04-02,0.507346325544461
AOI-0010,2023-04-27,0.6843001405170086
AOI-0010,2023-06-08,0.7488123106916343
AOI-0010,2023-06-16,0.6241975544471836
AOI-0010,2023-08-23,0.2487872853520759
AOI-0010,2023-08-30,0.24622657202649506
AOI-0010,2023-09-19,0.27270390925806615
AOI-0010,2024-04-04,0.6010688738473734
AOI-0010,2024-04-26,0.7570922384086358
AOI-0010,2024-05-08,0.7750758728908655
AOI-0010,2024-05-21,0.7526194884022847
AOI-0010,2024-06-18,0.24008412726643466
AOI-0010,2024-06-20,0.2123045095774019
AOI-0010,2024-07-08,0.19490643972000785
AOI-0010,2024-07-15,0.17424679514818936
AOI-0010,2024-08-12,0.20002604455351486
AOI-0010,2024-09-06,0.20433458305685281
AOI-0010,2024-09-28,0.19845930417085825
AOI-0010,2024-10-01,0.19992436992248633
AOI-0010,2024-10-15,0.2627223868719048
AOI-0010,2024-10-23,0.1978142868832501
AOI-0010,2025-04-16,0.40014090040568345
AOI-0010,2025-04-18,0.42896752537041893
AOI-0010,2025-05-09,0.7758512111796597
AOI-0010,2025-06-05,0.5350471892021328
AOI-0010,2025-06-07,0.487472892942747
AOI-0010,2025-06-28,0.19695593523688296
AOI-0010,2025-07-05,0.18866192717761404
AOI-0010,2025-07-06,0.22104241938737165
AOI-0010,2025-07-07,0.17225951949115195
AOI-0010,2025-07-25,0.14791619777745585
AOI-0010,2025-07-30,0.15862482406757378
AOI-0010,2025-08-16,0.19354408537249562
AOI-0010,2025-08-27,0.17707901159911765
AOI-0010,2025-09-16,0.2219583201931719
AOI-0010,2025-09-30,0.30089366059797834
AOI-0010,2025-10-05,0.23060316275975806
AOI-0011,2025-04-07,0.6964838032558036
AOI-0011,2025-04-17,0.7776726369774106
AOI-0011,2025-04-23,0.8378894799347263
AOI-0011,2025-04-28,0.8096734527872377
AOI-0011,2025-05-24,0.8127746768020236
AOI-0011,2025-06-03,0.5843168157418112
AOI-0011,2025-07-12,0.2883539522120252
AOI-0011,2025-08-06,0.22091782524344356
AOI-0011,2025-08-14,0.22525050740739758
AOI-0011,2025-08-19,0.20912292876597
AOI-0011,2025-08-27,0.17382266131328974
AOI-0011,2025-09-30,0.2594415063600588
AOI-0011,2025-10-03,0.16771863811295998
AOI-0011,2025-10-05,0.15360231638072042
AOI-0012,2025-04-01,0.23587975927527258
AOI-0012,2025-04-28,0.4683955218739844
AOI-0012,2025-05-16,0.7442623853898239
AOI-0012,2025-06-03,0.6726861905240497
AOI-0012,2025-06-05,0.5743983380311039
AOI-0012,2025-06-15,0.2821111715369048
AOI-0012,2025-06-26,0.30006281700001997
AOI-0012,2025-07-10,0.18146725725810217
AOI-0012,2025-07-18,0.13834330086231286
AOI-0012,2025-07-30,0.15894964833290695
AOI-0013,2010-04-16,0.7206673040593481
AOI-0013,2010-06-10,0.4995291318036361
AOI-0013,2010-06-19,0.3766183386938316
AOI-0013,2010-10-24,0.26658843554056
AOI-0013,2011-04-18,0.2408787868827746
AOI-0013,2011-04-26,0.26157308199246465
AOI-0013,2012-05-08,0.5515866398153422
AOI-0013,2012-06-23,0.5419779637011406
AOI-0013,2012-08-12,0.45320347373819103
AOI-0013,2013-04-16,0.29195205422331694
AOI-0013,2013-04-24,0.31273308713400366
AOI-0013,2013-05-02,0.31899382566887263
AOI-0013,2013-05-09,0.4824383574524801
AOI-0013,2013-06-11,0.468827746568861
AOI-0013,2013-07-12,0.5093851352396553
AOI-0013,2013-07-28,0.43725347064050557
AOI-0013,2014-05-29,0.455781144379957
AOI-0013,2014-06-10,0.4990163335903326
AOI-0013,2014-07-28,0.3982681880532908
AOI-0013,2014-08-01,0.3393281980889236
AOI-0013,2014-08-08,0.3407204879150503
AOI-0013,2014-08-13,0.3860599630662846
AOI-0013,2015-05-09,0.5662496412084136
AOI-0013,2015-05-23,0.495061976625336
AOI-0013,2015-07-12,0.5117381296429717
AOI-0013,2015-08-20,0.40500476126066404
AOI-0013,2015-10-07,0.38707976545397593
AOI-0013,2015-10-16,0.34340190970288154
AOI-0013,2016-05-09,0.48023487479946814
AOI-0013,2016-05-10,0.4699728149812293
AOI-0013,2016-08-12,0.576678633695177
AOI-0013,2016-08-21,0.6847611225285731
AOI-0013,2016-09-13,0.5743674193477584
AOI-0013,2016-10-09,0.5461144706028679
AOI-0013,2017-04-11,0.25376757605353456
AOI-0013,2017-04-28,0.36999199384328046
AOI-0013,2017-05-01,0.37617753256706027
AOI-0013,2017-05-21,0.6039391702072596
AOI-0013,2017-05-29,0.579430284519019
AOI-0013,2017-06-30,0.6770627551619626
AOI-0013,2017-07-27,0.49189013239713475
AOI-0013,2017-08-08,0.48992370630614385
AOI-0013,2017-08-24,0.4440520210964249
AOI-0013,2017-09-13,0.45607937144393185
AOI-0013,2017-09-17,0.4833565198984634
AOI-0013,2017-09-30,0.40508737125313254
AOI-0013,2018-05-25,0.5382630772344246
AOI-0013,2018-06-08,0.4249920549729756
AOI-0013,2018-06-15,0.346231778993856
AOI-0013,2018-07-12,0.43005909348007343
AOI-0013,2018-08-13,0.40664021325997246
AOI-0013,2018-08-27,0.434735445932223
AOI-0013,2018-09-28,0.41197252268537154
AOI-0013,2018-10-06,0.435219574343774
AOI-0013,2019-04-01,0.2740850701305055
AOI-0013,2019-05-06,0.42537942020816755
AOI-0013,2019-06-02,0.37314173557600866
AOI-0013,2019-06-05,0.4182696133058386
AOI-0013,2019-06-12,0.4799501129178204
AOI-0013,2019-06-25,0.37965660085863295
AOI-0013,2019-07-17,0.45541412295252504
AOI-0013,2019-07-28,0.5254264924977259
AOI-0013,2019-08-24,0.46304314826760085
AOI-0013,2019-08-31,0.5121316129208201
AOI-0013,2019-09-08,0.4915180720080752
AOI-0013,2019-09-13,0.4710141271695064
AOI-0013,2019-10-02,0.5000925255042339
AOI-0013,2019-10-10,0.5612860914808097
AOI-0013,2019-10-17,0.4887639264024462
AOI-0013,2020-04-22,0.4191147570035679
AOI-0013,2020-05-12,0.359585514510373
AOI-0013,2020-06-24,0.46499529016161134
AOI-0013,2020-06-26,0.4948429693399571
AOI-0013,2020-08-12,0.38411856643689485
AOI-0013,2020-08-15,0.43912392570100994
AOI-0013,2020-08-16,0.444962926268628
AOI-0013,2020-08-20,0.39973877220210147
AOI-0013,2020-10-27,0.334230200504121
AOI-0013,2021-04-23,0.464023651662732
AOI-0013,2021-06-10,0.6151566758955482
AOI-0013,2021-06-11,0.5207317066238494
AOI-0013,2021-06-21,0.5038291575968847
AOI-0013,2021-07-12,0.4936188025289245
AOI-0013,2021-07-14,0.5151225187486077
AOI-0013,2021-08-20,0.5060700835116401
AOI-0013,2021-10-14,0.4487824013499083
AOI-0013,2021-10-16,0.4219455381965168
AOI-0013,2022-04-02,0.4788651970869995
AOI-0013,2022-04-17,0.5374576155536933
AOI-0013,2022-04-24,0.5730929122099893
AOI-0013,2022-04-25,0.5587350385887457
AOI-0013,2022-06-10,0.5593055323048703
AOI-0013,2022-06-16,0.392993259164713
AOI-0013,2022-06-26,0.5024252670401
AOI-0013,2022-07-05,0.5422261775319714
AOI-0013,2022-07-17,0.5529693307664821
AOI-0013,2022-07-22,0.5525120672116179
AOI-0013,2022-08-14,0.5704691470716344
AOI-0013,2022-09-14,0.4109663980445135
AOI-0013,2022-10-07,0.42121045316960554
AOI-0013,2022-10-14,0.396263191062988
AOI-0013,2023-04-10,0.47899816844230003
AOI-0013,2023-06-21,0.535854479962779
AOI-0013,2023-06-29,0.5504691496552251
AOI-0013,2023-07-06,0.4921221394218282
AOI-0013,2023-07-12,0.47097026850018375
AOI-0013,2023-07-24,0.5094120499060593
AOI-0013,2023-08-05,0.5309909195819951
AOI-0013,2023-08-20,0.5131395226916385
AOI-0013,2023-08-23,0.5334861465217987
AOI-0013,2023-08-26,0.5096396403418706
AOI-0013,2023-09-11,0.5256122425111559
AOI-0013,2023-09-14,0.4801098683444352
AOI-0013,2023-09-24,0.5230871671741836
AOI-0013,2023-10-05,0.4761432676018183
AOI-0013,2023-10-14,0.4055450626626905
AOI-0013,2023-10-17,0.39068048035591035
AOI-0013,2023-10-19,0.39480081841805
AOI-0013,2024-04-26,0.4269861810326995
AOI-0013,2024-05-04,0.48069528757542873
AOI-0013,2024-05-23,0.5244357434239233
AOI-0013,2024-05-24,0.5647546614232952
AOI-0013,2024-06-30,0.5142750617053131
AOI-0013,2024-07-02,0.5604680690360018
AOI-0013,2024-07-11,0.4497206082071032
AOI-0013,2024-07-26,0.43904036063931856
AOI-0013,2024-07-27,0.41573221286206885
AOI-0013,2024-08-09,0.5143629557248585
AOI-0013,2024-08-11,0.5662156811794614
AOI-0013,2024-09-03,0.48643423440057815
AOI-0013,2024-09-06,0.5084606554982939
AOI-0013,2024-09-26,0.4559856257141519
AOI-0013,2024-10-08,0.39796339514889795
AOI-0013,2025-04-01,0.48835064282473545
AOI-0013,2025-04-28,0.5364729995922075
AOI-0013,2025-05-16,0.4803788317057833
AOI-0013,2025-05-19,0.4900842415762614
AOI-0013,2025-05-24,0.47928282462939276
AOI-0013,2025-07-07,0.5013986825125328
AOI-0013,2025-07-08,0.4773761188905197
AOI-0013,2025-07-14,0.5127311077179887
AOI-0013,2025-07-21,0.5232555494792411
AOI-0013,2025-07-27,0.5540841674141564
AOI-0013,2025-08-15,0.505142618853466
AOI-0013,2025-09-03,0.4683448431394349
AOI-0013,2025-09-07,0.5300409599570011
AOI-0014,2010-04-07,0.5616911275970714
AOI-0014,2010-04-24,0.7347949835693293
AOI-0014,2010-06-10,0.7386840777289364
AOI-0014,2010-09-23,0.1828116574248922
AOI-0014,2011-04-19,0.20904922185613362
AOI-0014,2011-04-26,0.2251054549244349
AOI-0014,2011-05-09,0.658454136873837
AOI-0014,2011-05-28,0.6845925030061812
AOI-0014,2011-06-14,0.7679129728387545
AOI-0014,2011-08-01,0.44057865415501385
AOI-0014,2011-09-14,0.2988223355074013
AOI-0014,2011-09-17,0.20471364677802828
AOI-0014,2011-10-27,0.3021785982139765
AOI-0014,2012-05-06,0.706890667089987
AOI-0014,2012-06-25,0.4046901747740912
AOI-0014,2012-08-28,0.30278212590706133
AOI-0014,2012-09-04,0.20093133041617905
AOI-0014,2012-09-11,0.20312704088294978
AOI-0014,2012-09-27,0.17937359843082618
AOI-0014,2013-05-09,0.4243585443175942
AOI-0014,2013-06-11,0.5680557741432528
AOI-0014,2013-06-19,0.6625438967082463
AOI-0014,2013-07-28,0.6356159068577852
AOI-0014,2013-09-14,0.37912294575334243
AOI-0014,2013-09-23,0.21725348963981536
AOI-0014,2014-06-26,0.4503019627877629
AOI-0014,2014-06-29,0.34139083393721364
AOI-0014,2014-08-17,0.21014046711877302
AOI-0014,2014-09-30,0.29494401628315703
AOI-0014,2014-10-27,0.22855252021754635
AOI-0014,2015-04-14,0.3385682757183514
AOI-0014,2015-06-16,0.715732561051943
AOI-0014,2015-06-26,0.4826926912969273
AOI-0014,2015-07-12,0.4711292627523554
AOI-0014,2015-07-27,0.3346956810835758
AOI-0014,2015-08-28,0.2222102149774114
AOI-0014,2016-04-22,0.45493074830553276
AOI-0014,2016-05-09,0.3286184076396255
AOI-0014,2016-06-03,0.6479553989971394
AOI-0014,2016-06-19,0.8485777151510925
AOI-0014,2016-08-13,0.5031894009838629
AOI-0014,2016-08-30,0.2953771138615378
AOI-0014,2017-04-26,0.7866677674262825
AOI-0014,2017-04-28,0.7867770934538165
AOI-0014,2017-05-21,0.896224526852837
AOI-0014,2017-05-29,0.8912086752197512
AOI-0014,2017-07-23,0.25436283292935946
AOI-0014,2017-07-31,0.2201244489284467
AOI-0014,2017-08-06,0.1242725804781832
AOI-0014,2017-08-21,0.12911537252769
AOI-0014,2017-09-10,0.1569543112061751
AOI-0014,2017-09-30,0.23997896105072555
AOI-0014,2017-10-08,0.15955528946045405
AOI-0014,2018-04-07,0.5680044405438697
AOI-0014,2018-05-03,0.7877114147741406
AOI-0014,2018-06-24,0.25392981983644414
AOI-0014,2018-07-18,0.22513225333156744
AOI-0014,2018-08-27,0.2025585188508622
AOI-0014,2018-10-06,0.21168512636545106
AOI-0014,2019-04-01,0.24808365854165404
AOI-0014,2019-04-21,0.17628699533057543
AOI-0014,2019-05-01,0.21383475474064773
AOI-0014,2019-05-09,0.6302684777722243
AOI-0014,2019-05-27,0.6822887823950334
AOI-0014,2019-05-28,0.6376628276716195
AOI-0014,2019-06-04,0.7977719928636867
AOI-0014,2019-06-11,0.8727351738284577
AOI-0014,2019-06-15,0.864685758833232
AOI-0014,2019-06-22,0.7325833242943177
AOI-0014,2019-07-06,0.635274648814431
AOI-0014,2019-08-14,0.33335020448621444
AOI-0014,2019-08-26,0.19422458605767384
AOI-0014,2020-04-06,0.6634493796968428
AOI-0014,2020-04-07,0.7262746632837861
AOI-0014,2020-04-17,0.7091945161619323
AOI-0014,2020-04-22,0.7029022919273784
AOI-0014,2020-04-25,0.7286347656208036
AOI-0014,2020-05-15,0.6739167495356376
AOI-0014,2020-05-17,0.6534176073555531
AOI-0014,2020-06-04,0.7225512068579981
AOI-0014,2020-06-25,0.3804902286525669
AOI-0014,2020-07-11,0.24385885226420134
AOI-0014,2020-07-27,0.2616893903522416
AOI-0014,2020-08-16,0.2069760106598502
AOI-0014,2020-09-09,0.1571460123127615
AOI-0014,2020-09-24,0.14587192948216848
AOI-0014,2021-04-07,0.48188779109063157
AOI-0014,2021-04-29,0.7090746674347151
AOI-0014,2021-05-25,0.8050879901053188
AOI-0014,2021-08-13,0.296264213868935
AOI-0014,2021-08-18,0.14332019216709382
AOI-0014,2021-09-14,0.16677816377726157
AOI-0014,2021-10-12,0.15351173378448355
AOI-0014,2021-10-14,0.18646614565829692
AOI-0014,2022-05-15,0.24614808009023337
AOI-0014,2022-05-26,0.425074477374488
AOI-0014,2022-05-27,0.3494918909643314
AOI-0014,2022-06-24,0.7001754051672738
AOI-0014,2022-07-14,0.7942910843392957
AOI-0014,2022-07-24,0.7582153518101779
AOI-0014,2022-08-22,0.3613290351170229
AOI-0014,2022-08-29,0.30377744015459357
AOI-0014,2022-09-02,0.187222951640019
AOI-0014,2022-09-08,0.22998309941286055
AOI-0014,2022-09-14,0.22272376873249383
AOI-0014,2023-06-07,0.8737226466593133
AOI-0014,2023-08-10,0.2220722463272214
AOI-0014,2024-04-04,0.712001727758878
AOI-0014,2024-05-08,0.827135833751195
AOI-0014,2024-05-09,0.824262419429667
AOI-0014,2024-05-21,0.8345723428337971
AOI-0014,2024-05-23,0.8425013394341488
AOI-0014,2024-06-08,0.5522949386100824
AOI-0014,2024-07-25,0.14412917457514932
AOI-0014,2024-08-11,0.20951632072429394
AOI-0014,2024-09-01,0.14842432439376
AOI-0014,2024-09-08,0.13612786670101887
AOI-0014,2024-09-11,0.13894630800451846
AOI-0014,2024-09-18,0.1368784077000827
AOI-0014,2024-09-29,0.2171690329120112
AOI-0014,2024-10-07,0.19357246466842923
AOI-0014,2024-10-30,0.2134553352964798
AOI-0014,2025-04-23,0.41580283541201035
AOI-0014,2025-05-01,0.21162516975493514
AOI-0014,2025-05-27,0.44352084201899467
AOI-0014,2025-06-13,0.40516251962988553
AOI-0014,2025-08-12,0.23012251926949656
AOI-0014,2025-08-15,0.30041926594000806
AOI-0014,2025-08-24,0.17788405913616567
AOI-0014,2025-09-11,0.14582101865527822
AOI-0014,2025-09-14,0.252970814237423
AOI-0014,2025-09-23,0.19783119113331685
AOI-0014,2025-09-24,0.2119628925881293
AOI-0015,2025-05-04,0.35079156191298144
AOI-0015,2025-05-27,0.5006237444300803
AOI-0015,2025-06-07,0.43511538508876074
AOI-0015,2025-07-03,0.39377917620660335
AOI-0015,2025-07-05,0.3928991202646961
AOI-0015,2025-07-08,0.3167954743568734
AOI-0015,2025-07-13,0.2572681890812019
AOI-0015,2025-07-15,0.23339045223552216
AOI-0015,2025-07-18,0.24921495378638212
AOI-0015,2025-07-21,0.3000079144290282
AOI-0015,2025-07-23,0.25066172190103736
AOI-0015,2025-09-07,0.21587983301959524
AOI-0015,2025-10-13,0.19978850201382053
AOI-0015,2025-10-16,0.27015631624541436
AOI-0015,2025-10-18,0.2202949672400548
AOI-0016,2025-04-19,0.24905482791525066
AOI-0016,2025-05-25,0.5697115021357266
AOI-0016,2025-06-11,0.6133040122053885
AOI-0016,2025-06-26,0.7901698875607598
AOI-0016,2025-07-10,0.7762470221497093
AOI-0016,2025-07-17,0.7395546985470147
AOI-0016,2025-07-18,0.7513995521666766
AOI-0016,2025-08-19,0.3765822184533145
AOI-0016,2025-08-29,0.3602749576024563
AOI-0016,2025-10-17,0.27493704575109135
AOI-0017,2010-06-10,0.5889564017494802
AOI-0017,2010-07-29,0.5856201160426739
AOI-0017,2010-09-23,0.4064681765558873
AOI-0017,2011-04-18,0.3263464842264789
AOI-0017,2011-09-17,0.5364271045446388
AOI-0017,2011-09-26,0.5259100089364835
AOI-0017,2011-09-30,0.48574220128307244
AOI-0017,2011-10-11,0.5146439545041266
AOI-0017,2011-10-27,0.499865690133277
AOI-0017,2012-07-18,0.6298883791261194
AOI-0017,2012-07-27,0.4543203957346576
AOI-0017,2012-08-28,0.4227000378018554
AOI-0017,2012-09-29,0.4096664453904864
AOI-0017,2013-05-25,0.632618574319782
AOI-0017,2013-07-12,0.5207537985413542
AOI-0017,2013-08-14,0.4772109837281898
AOI-0017,2013-09-14,0.5780199592523668
AOI-0017,2013-09-30,0.5557796278863807
AOI-0017,2013-10-09,0.6501871468449574
AOI-0017,2013-10-25,0.6537526947986134
AOI-0017,2014-04-23,0.7085166508991978
AOI-0017,2014-06-06,0.6103233018615675
AOI-0017,2014-07-24,0.45095400544882136
AOI-0017,2014-10-04,0.42726983083995007
AOI-0017,2015-04-23,0.49453472817031824
AOI-0017,2015-04-30,0.45501621653246416
AOI-0017,2015-07-11,0.724579966144627
AOI-0017,2015-07-27,0.6680646691244575
AOI-0017,2015-08-03,0.6013385375662734
AOI-0017,2015-08-29,0.38783650950692106
AOI-0017,2015-10-16,0.3811202232839517
AOI-0017,2016-04-06,0.5744930674025677
AOI-0017,2016-04-07,0.432569519482429
AOI-0017,2016-06-18,0.639825399110094
AOI-0017,2016-07-05,0.565239578905703
AOI-0017,2016-07-27,0.5232834361497147
AOI-0017,2016-08-21,0.5978183788994124
AOI-0017,2016-09-15,0.5392039173008555
AOI-0017,2016-10-15,0.46848170505111536
AOI-0017,2016-10-17,0.4909070550670218
AOI-0017,2017-06-06,0.6683875080952155
AOI-0017,2017-07-31,0.6474647347709606
AOI-0017,2017-08-01,0.6401879860797718
AOI-0017,2017-09-02,0.5403035279916573
AOI-0017,2018-04-05,0.43896346976852113
AOI-0017,2018-05-09,0.6382066668412358
AOI-0017,2018-05-23,0.657367977595781
AOI-0017,2018-06-20,0.5385796563926936
AOI-0017,2018-07-11,0.5012597124865782
AOI-0017,2018-07-12,0.486042174986326
AOI-0017,2019-04-25,0.4762177207022281
AOI-0017,2019-04-28,0.4367652509400652
AOI-0017,2019-05-13,0.5458444141488277
AOI-0017,2019-05-18,0.6201502721037746
AOI-0017,2019-05-28,0.6874318648925526
AOI-0017,2019-06-04,0.6561544730009062
AOI-0017,2019-06-12,0.7124179278462013
AOI-0017,2019-06-17,0.6477429456888083
AOI-0017,2019-07-17,0.64181961034926
AOI-0017,2019-08-06,0.662005017119827
AOI-0017,2019-08-11,0.6097243596860953
AOI-0017,2019-08-24,0.5002851088366328
AOI-0017,2019-08-29,0.448957859058258
AOI-0017,2019-08-31,0.5178666569531263
AOI-0017,2019-09-13,0.4958631476956556
AOI-0017,2020-04-25,0.32548905589201305
AOI-0017,2020-04-30,0.3782007516535431
AOI-0017,2020-05-08,0.6153067354882
AOI-0017,2020-06-06,0.6264554700657513
AOI-0017,2020-06-26,0.5276584602268457
AOI-0017,2020-07-26,0.4456419835365396
AOI-0017,2020-08-18,0.4855547312050301
AOI-0017,2020-09-02,0.4619236735785228
AOI-0017,2020-09-04,0.41830341445215746
AOI-0017,2020-09-09,0.45061221938078316
AOI-0017,2020-09-10,0.41842754688630496
AOI-0017,2020-09-19,0.4250879230726929
AOI-0017,2020-10-12,0.42707137270760026
AOI-0017,2021-04-07,0.34358252495327785
AOI-0017,2021-05-20,0.5457123932849235
AOI-0017,2021-07-02,0.6779169166134861
AOI-0017,2021-08-29,0.4777335665413782
AOI-0017,2021-09-04,0.5340995240447991
AOI-0017,2021-09-27,0.5056819121055762
AOI-0017,2021-10-06,0.4134905459531034
AOI-0017,2021-10-27,0.4964702242197175
AOI-0017,2022-04-17,0.5936594888444711
AOI-0017,2022-04-23,0.6737278624749565
AOI-0017,2022-05-26,0.6873285931083538
AOI-0017,2022-05-27,0.6693860779287739
AOI-0017,2022-06-03,0.6514666817150309
AOI-0017,2022-06-11,0.6020844760725835
AOI-0017,2022-06-30,0.6145684518599197
AOI-0017,2022-07-12,0.5209978309443605
AOI-0017,2022-07-19,0.5755255661815755
AOI-0017,2022-07-24,0.5689394740952177
AOI-0017,2022-08-07,0.5686093411316885
AOI-0017,2022-08-14,0.5645843678980098
AOI-0017,2022-08-15,0.5331382843965198
AOI-0017,2022-08-23,0.543461053149959
AOI-0017,2022-08-30,0.5262678462405413
AOI-0017,2022-09-17,0.4604801782071469
AOI-0017,2022-10-19,0.4608440182339435
AOI-0017,2023-04-02,0.49404606194417616
AOI-0017,2023-05-06,0.6319696823903745
AOI-0017,2023-06-11,0.6256448866725752
AOI-0017,2023-06-19,0.6440586627474129
AOI-0017,2023-06-22,0.6539200985388821
AOI-0017,2023-07-24,0.640590733725571
AOI-0017,2023-09-19,0.5124156113743242
AOI-0017,2023-10-12,0.3111646872753848
AOI-0017,2023-10-16,0.3721089264672925
AOI-0017,2023-10-21,0.3156100018101896
AOI-0017,2024-04-04,0.4393291873184394
AOI-0017,2024-06-05,0.2668632634529267
AOI-0017,2024-06-13,0.19098654496522333
AOI-0017,2024-06-28,0.22301419176789306
AOI-0017,2024-07-19,0.2758364139377255
AOI-0017,2024-08-22,0.2188708675492871
AOI-0017,2024-09-01,0.257072032533825
AOI-0017,2024-09-21,0.2866723849605751
AOI-0017,2024-09-29,0.24277880066230306
AOI-0017,2024-10-08,0.1929000421543246
AOI-0017,2024-10-22,0.25798157875718314
AOI-0017,2025-05-04,0.8596403465582108
AOI-0017,2025-05-27,0.7913973781873224
AOI-0017,2025-06-07,0.6228063485950315
AOI-0017,2025-06-28,0.38368082076582644
AOI-0017,2025-07-07,0.2855964512542117
AOI-0017,2025-08-23,0.2499204046796177
AOI-0017,2025-09-01,0.1660482137821647
AOI-0017,2025-10-02,0.2866873203689944
AOI-0018,2025-04-19,0.8197331604078855
AOI-0018,2025-05-27,0.6967472694930088
AOI-0018,2025-06-13,0.3139142534527678
AOI-0018,2025-06-15,0.3136888399494914
AOI-0018,2025-07-05,0.23383883597028382
AOI-0018,2025-07-07,0.2311057452911033
AOI-0018,2025-07-14,0.2837905978770463
AOI-0018,2025-07-21,0.3195937969558813
AOI-0018,2025-08-19,0.17106992804342414
AOI-0018,2025-08-27,0.17191196324837088
AOI-0018,2025-09-08,0.13832282533030085
AOI-0018,2025-09-24,0.22870365604762788
AOI-0018,2025-10-17,0.2577174089226456
AOI-0019,2025-04-14,0.491397850945436
AOI-0019,2025-04-17,0.5554477757861711
AOI-0019,2025-04-28,0.5677677547137895
AOI-0019,2025-05-14,0.5910174694104386
AOI-0019,2025-05-25,0.659402183447472
AOI-0019,2025-06-15,0.3940096638513133
AOI-0019,2025-06-27,0.4228830229226678
AOI-0019,2025-06-30,0.3713706595840149
AOI-0019,2025-07-10,0.32203712994056366
AOI-0019,2025-07-14,0.31258690562228053
AOI-0019,2025-08-14,0.32394545022385046
AOI-0019,2025-08-31,0.21386946387077177
AOI-0019,2025-09-15,0.23073303859127345
AOI-0019,2025-09-23,0.2173445111337696
AOI-0019,2025-09-24,0.2382595922400085
AOI-0019,2025-10-18,0.20929640262409044
AOI-0020,2025-04-18,0.2727919356719967
AOI-0020,2025-04-23,0.497851453745239
AOI-0020,2025-05-03,0.4222866355501706
AOI-0020,2025-06-03,0.6605158142442761
AOI-0020,2025-06-11,0.4709274330705745
AOI-0020,2025-07-12,0.45085087551744324
AOI-0020,2025-07-21,0.3527870285810749
AOI-0020,2025-07-29,0.32405842142997526
AOI-0020,2025-07-30,0.29050003708584027
AOI-0020,2025-08-19,0.2534560975266206
AOI-0020,2025-10-13,0.09794685934338197
AOI-0021,2025-04-28,0.39418250174173963
AOI-0021,2025-05-27,0.5364154555204097
AOI-0021,2025-06-03,0.562402744877849
AOI-0021,2025-07-06,0.345524081700538
AOI-0021,2025-07-18,0.3283894553615515
AOI-0021,2025-07-29,0.3306651195011476
AOI-0021,2025-08-07,0.2644106739515135
AOI-0021,2025-08-22,0.23170693545372537
AOI-0021,2025-08-30,0.26590174067928146
AOI-0021,2025-09-15,0.22160459931172097
AOI-0021,2025-09-24,0.25664638857904054
AOI-0021,2025-10-03,0.19752720208264438
AOI-0022,2025-04-01,0.5109723231815555
AOI-0022,2025-05-03,0.8611610390768856
AOI-0022,2025-05-06,0.8122807054037678
AOI-0022,2025-05-25,0.8070115872513061
AOI-0022,2025-05-28,0.8318317542679959
AOI-0022,2025-07-08,0.21891429759655487
AOI-0022,2025-07-17,0.14950976536302166
AOI-0022,2025-07-21,0.20232140724093153
AOI-0022,2025-08-27,0.14280458410398955
AOI-0022,2025-08-31,0.17207469222527616
AOI-0022,2025-09-23,0.16691412632985522
AOI-0022,2025-09-24,0.1918297575951143
AOI-0022,2025-09-30,0.2386578865771936
AOI-0023,2025-04-16,0.2105035095792129
AOI-0023,2025-04-17,0.2390819162351557
AOI-0023,2025-04-24,0.20532672949406197
AOI-0023,2025-05-01,0.18435866319435687
AOI-0023,2025-05-04,0.23156706439411426
AOI-0023,2025-06-27,0.789700360729297
AOI-0023,2025-07-05,0.7443492649689722
AOI-0023,2025-07-14,0.3966922110439355
AOI-0023,2025-07-15,0.34434496882659826
AOI-0023,2025-08-14,0.15255641911369897
AOI-0023,2025-08-22,0.13723398820124783
AOI-0023,2025-08-30,0.1973290407201964
AOI-0023,2025-09-21,0.14226814530186263
AOI-0023,2025-09-23,0.15584476249842907
AOI-0023,2025-10-17,0.24114247539697567
AOI-0024,2025-04-07,0.34234035598807466
AOI-0024,2025-04-23,0.35899454833799177
AOI-0024,2025-05-25,0.5190153016776431
AOI-0024,2025-05-28,0.26350274421864583
AOI-0024,2025-06-05,0.3091623398467081
AOI-0024,2025-07-03,0.5559860230098056
AOI-0024,2025-07-21,0.37800480618893195
AOI-0024,2025-07-25,0.35773215311117845
AOI-0024,2025-08-06,0.338433882146386
AOI-0024,2025-08-09,0.3018559228836673
AOI-0024,2025-09-14,0.2900024763236704
AOI-0024,2025-09-21,0.2002911361448405
AOI-0024,2025-09-30,0.232224374851721
AOI-0024,2025-10-02,0.1880084786337075
AOI-0024,2025-10-18,0.17331793356571532
AOI-0025,2025-04-14,0.1815329860797182
AOI-0025,2025-04-23,0.34663777518424943
AOI-0025,2025-04-24,0.2094019123168001
AOI-0025,2025-04-29,0.21359723017340512
AOI-0025,2025-05-09,0.3501813626156859
AOI-0025,2025-06-03,0.20232598440373764
AOI-0025,2025-06-13,0.21887362786573775
AOI-0025,2025-06-27,0.17916483528453098
AOI-0025,2025-07-21,0.20398566239687324
AOI-0025,2025-08-07,0.1478767210684736
AOI-0025,2025-08-30,0.20854814098879026
AOI-0025,2025-09-07,0.20588585528896355
AOI-0025,2025-09-14,0.27354316145376284
AOI-0025,2025-10-17,0.43552509684671065
AOI-0026,2025-04-07,0.6785351621383113
AOI-0026,2025-04-24,0.8354513937086073
AOI-0026,2025-05-09,0.8994040000643632
AOI-0026,2025-06-13,0.6262589356379499
AOI-0026,2025-07-08,0.23806200375865397
AOI-0026,2025-07-10,0.24067833383159934
AOI-0026,2025-07-12,0.26079951296758136
AOI-0026,2025-07-13,0.23601878319511888
AOI-0026,2025-07-18,0.1750988998276111
AOI-0026,2025-07-30,0.13726784587071159
AOI-0026,2025-08-19,0.12393822463653956
AOI-0026,2025-09-08,0.1208951708091644
AOI-0026,2025-09-23,0.1766633955658556
AOI-0026,2025-09-30,0.32775052804999105
AOI-0027,2025-04-16,0.7588297240087302
AOI-0027,2025-04-24,0.7927347948365009
AOI-0027,2025-06-13,0.4980059760003437
AOI-0027,2025-06-27,0.40793432571045946
AOI-0027,2025-07-05,0.32997868568479793
AOI-0027,2025-07-12,0.36594997098186866
AOI-0027,2025-07-13,0.24402574058170493
AOI-0027,2025-07-23,0.21256494841494267
AOI-0027,2025-07-29,0.30922715640161624
AOI-0027,2025-08-19,0.27246443998537945
AOI-0027,2025-08-30,0.26999238732579706
AOI-0027,2025-09-16,0.25515338416842576
AOI-0027,2025-10-16,0.5804981261637743
AOI-0028,2010-04-07,0.7487593118296951
AOI-0028,2010-04-15,0.7299304224037045
AOI-0028,2010-10-24,0.19775195812390134
AOI-0028,2011-05-25,0.5241909141316757
AOI-0028,2011-07-28,0.58492477505533
AOI-0028,2011-08-08,0.5666425329526648
AOI-0028,2011-10-11,0.24187952302222587
AOI-0028,2012-04-22,0.77106442775467
AOI-0028,2012-09-27,0.1463543529868728
AOI-0028,2012-10-15,0.22281800976253496
AOI-0028,2013-04-07,0.2734470843704117
AOI-0028,2013-06-10,0.31982682180185745
AOI-0028,2013-06-26,0.29156057515695155
AOI-0028,2013-08-29,0.27512171898687016
AOI-0028,2014-04-07,0.6661361911241361
AOI-0028,2014-05-04,0.9418866109826897
AOI-0028,2014-07-28,0.25552577253498765
AOI-0028,2014-10-11,0.19223855165167383
AOI-0028,2015-04-13,0.1891856175335694
AOI-0028,2015-08-27,0.3425854901654606
AOI-0028,2015-09-28,0.17935150292616478
AOI-0028,2016-04-07,0.6930915957827137
AOI-0028,2016-04-23,0.793424589431172
AOI-0028,2016-06-09,0.6355803527367401
AOI-0028,2016-06-10,0.6782643651426642
AOI-0028,2016-06-25,0.333115416484291
AOI-0028,2016-07-27,0.2866759079285565
AOI-0028,2016-09-06,0.18504424573558964
AOI-0028,2017-04-26,0.2813225683626979
AOI-0028,2017-07-23,0.2257345438239942
AOI-0028,2017-08-09,0.1458697399961628
AOI-0028,2017-08-13,0.2346446617270744
AOI-0028,2017-08-29,0.20585057459803338
AOI-0028,2017-09-17,0.22818847373240653
AOI-0028,2018-05-11,0.8654870754953288
AOI-0028,2018-08-19,0.19453902026220068
AOI-0028,2018-08-29,0.21018750218780233
AOI-0028,2018-09-12,0.19673557210873538
AOI-0028,2018-10-08,0.15628872879858804
AOI-0028,2019-04-06,0.1496305004047776
AOI-0028,2019-05-02,0.2796947920018133
AOI-0028,2019-05-25,0.34301638354901914
AOI-0028,2019-06-27,0.1792259011156857
AOI-0028,2019-08-09,0.1976104545319566
AOI-0028,2019-08-24,0.13373142540918925
AOI-0028,2019-10-17,0.5813495572820747
AOI-0028,2020-04-25,0.8485606389650674
AOI-0028,2020-05-04,0.9005226203275027
AOI-0028,2020-05-08,0.8694212413678472
AOI-0028,2020-05-30,0.8551322806653778
AOI-0028,2020-07-14,0.17582709390558687
AOI-0028,2020-08-03,0.1256673159029675
AOI-0028,2020-08-08,0.1523157439064239
AOI-0028,2020-09-02,0.1467320931135405
AOI-0028,2020-09-13,0.206417272971654
AOI-0028,2021-06-14,0.7281708206278953
AOI-0028,2021-06-16,0.7632059184125555
AOI-0028,2021-06-24,0.835632347709804
AOI-0028,2021-06-26,0.8476084598886898
AOI-0028,2021-07-24,0.7648425377564758
AOI-0028,2021-10-27,0.27231528835699254
AOI-0028,2022-04-07,0.6818532656519833
AOI-0028,2022-04-23,0.8756563198865418
AOI-0028,2022-06-09,0.9053645714251382
AOI-0028,2022-06-29,0.3692447923714047
AOI-0028,2022-07-28,0.2112067059169645
AOI-0028,2022-08-03,0.1220694957872365
AOI-0028,2022-08-08,0.13535965027466287
AOI-0028,2022-08-30,0.1545194011670213
AOI-0028,2022-10-01,0.20994423072610058
AOI-0028,2023-04-07,0.32394347474296686
AOI-0028,2023-04-11,0.2272716964716828
AOI-0028,2023-05-05,0.24851720401225372
AOI-0028,2023-05-09,0.47132636463684313
AOI-0028,2023-06-09,0.2281104982068259
AOI-0028,2023-08-06,0.20194640969476127
AOI-0028,2023-08-23,0.13366226705844897
AOI-0028,2023-08-29,0.21600802184798426
AOI-0028,2023-09-22,0.168070784439902
AOI-0028,2023-09-24,0.16891505097938353
AOI-0028,2023-09-30,0.30740316741592233
AOI-0028,2024-05-07,0.9148512239458974
AOI-0028,2024-05-23,0.8297191793107785
AOI-0028,2024-05-24,0.7842427319881996
AOI-0028,2024-07-27,0.19513553728701957
AOI-0028,2024-08-03,0.16862259241762495
AOI-0028,2024-08-12,0.14360098341770602
AOI-0028,2024-09-11,0.12243191062230499
AOI-0028,2024-09-16,0.1353285074470974
AOI-0028,2025-04-07,0.39057456246401695
AOI-0028,2025-05-24,0.6229153388193953
AOI-0028,2025-05-31,0.6137151264982891
AOI-0028,2025-06-11,0.6731335246655025
AOI-0028,2025-06-26,0.5692059936884546
AOI-0028,2025-06-27,0.5592450444204666
AOI-0028,2025-07-10,0.2886774160547636
AOI-0028,2025-07-13,0.24163786092344755
AOI-0028,2025-07-23,0.15745482431514757
AOI-0028,2025-08-13,0.222004863342237
AOI-0028,2025-09-08,0.1250278807760101
AOI-0028,2025-09-11,0.1373148698331614
AOI-0028,2025-10-16,0.25165768003623645
AOI-0028,2025-10-28,0.2462140648691019
AOI-0029,2025-04-04,0.5433033771278529
AOI-0029,2025-04-24,0.8101236031995087
AOI-0029,2025-06-08,0.7384542709365373
AOI-0029,2025-06-10,0.600613611551986
AOI-0029,2025-06-11,0.7182223845069138
AOI-0029,2025-06-13,0.6605265699776147
AOI-0029,2025-07-29,0.18549549214815017
AOI-0029,2025-08-02,0.11614523629276732
AOI-0029,2025-08-19,0.12371181880989485
AOI-0029,2025-09-11,0.1317448598340847
AOI-0029,2025-09-16,0.14986397695090997
AOI-0030,2025-04-21,0.5505374454724749
AOI-0030,2025-04-24,0.5935274877985149
AOI-0030,2025-06-10,0.6973102064989628
AOI-0030,2025-08-07,0.6493389302051291
AOI-0031,2010-06-04,0.5598139599547888
AOI-0031,2010-09-14,0.18968922605221056
AOI-0031,2011-04-23,0.3088155021721674
AOI-0031,2011-06-10,0.49191848943854416
AOI-0031,2011-07-09,0.238889937143635
AOI-0031,2011-08-11,0.2409822869448042
AOI-0031,2011-08-18,0.2060488865110678
AOI-0031,2011-08-19,0.2129273010193548
AOI-0031,2011-09-19,0.24092234142179475
AOI-0031,2012-04-06,0.26246492020315776
AOI-0031,2012-04-15,0.18385985972933813
AOI-0031,2013-04-07,0.5391366557449021
AOI-0031,2013-05-09,0.6480129897717255
AOI-0031,2013-05-12,0.6215031016319154
AOI-0031,2013-05-25,0.48502564977324614
AOI-0031,2013-06-12,0.25513655087176373
AOI-0031,2013-06-28,0.2243555237334919
AOI-0031,2013-07-23,0.2438861423624823
AOI-0031,2013-08-13,0.27441809822667723
AOI-0031,2013-10-16,0.3049013024989238
AOI-0031,2014-05-23,0.3588410261790965
AOI-0031,2014-06-23,0.2958839737374502
AOI-0031,2014-07-17,0.16642235026693672
AOI-0031,2014-07-28,0.2040042928167517
AOI-0031,2014-08-02,0.16567679370602326
AOI-0031,2014-08-13,0.1974416941447488
AOI-0031,2014-10-14,0.16780471180734044
AOI-0031,2015-09-22,0.2231330364970264
AOI-0031,2015-10-16,0.20606921156024713
AOI-0031,2016-04-01,0.2564838577856139
AOI-0031,2016-04-17,0.41319749601524336
AOI-0031,2016-04-22,0.6513247414388129
AOI-0031,2016-05-03,0.650189671463306
AOI-0031,2016-05-24,0.7092650262963678
AOI-0031,2016-06-09,0.5602565754664888
AOI-0031,2016-06-12,0.6156501488691124
AOI-0031,2016-06-20,0.36600436195733443
AOI-0031,2016-06-25,0.31442814582352224
AOI-0031,2016-07-30,0.2650679254774326
AOI-0031,2017-05-06,0.7631714984134292
AOI-0031,2017-06-07,0.7243121498308386
AOI-0031,2017-08-03,0.21740889021345092
AOI-0031,2017-08-13,0.18361345803680293
AOI-0031,2017-09-04,0.19244813691661156
AOI-0031,2017-09-22,0.2760280271186675
AOI-0031,2018-04-23,0.6145145440110389
AOI-0031,2018-05-02,0.6967429915801968
AOI-0031,2018-05-18,0.6384805011639175
AOI-0031,2018-06-03,0.3153752879601184
AOI-0031,2018-06-10,0.2745449571191041
AOI-0031,2018-06-11,0.280241774563629
AOI-0031,2018-07-13,0.2856173405106108
AOI-0031,2018-09-06,0.23380674806357835
AOI-0031,2018-09-14,0.1793841728511662
AOI-0031,2018-10-07,0.1786018635678162
AOI-0031,2018-10-12,0.19826246858804555
AOI-0031,2019-04-10,0.5207039006943671
AOI-0031,2019-06-14,0.21453973022201223
AOI-0031,2019-06-22,0.16122863789664169
AOI-0031,2019-07-09,0.14482912300639972
AOI-0031,2019-07-23,0.2861578895554139
AOI-0031,2019-08-08,0.4600196686233036
AOI-0031,2019-08-31,0.24563550142890644
AOI-0031,2019-09-17,0.1960325017281472
AOI-0031,2019-10-03,0.2763885196395564
AOI-0031,2019-10-10,0.3529406453654518
AOI-0031,2019-10-12,0.2634117224828248
AOI-0031,2019-10-22,0.5305461236885497
AOI-0031,2020-04-13,0.46314912519597107
AOI-0031,2020-06-01,0.5154992016740124
AOI-0031,2020-06-06,0.5367793714032075
AOI-0031,2020-07-11,0.14689563836551026
AOI-0031,2020-07-18,0.12290422156794714
AOI-0031,2020-07-28,0.1303699272390086
AOI-0031,2020-08-07,0.1218963769998084
AOI-0031,2020-08-17,0.13034360100290102
AOI-0031,2020-08-22,0.14224944521500707
AOI-0031,2020-09-27,0.1676660807582454
AOI-0031,2020-10-13,0.1602928997680704
AOI-0031,2020-10-19,0.1026217024332748
AOI-0031,2020-10-21,0.15173862438530208
AOI-0031,2021-04-07,0.21913702631598234
AOI-0031,2021-05-17,0.2671123768524161
AOI-0031,2021-06-11,0.16135304164219685
AOI-0031,2021-07-01,0.14614150918886287
AOI-0031,2021-07-16,0.16146251405754664
AOI-0031,2021-07-21,0.13635114860045727
AOI-0031,2021-08-06,0.1799896091039921
AOI-0031,2021-08-25,0.1559243484438772
AOI-0031,2021-08-30,0.1487325829809773
AOI-0031,2022-05-14,0.8609026136712099
AOI-0031,2022-06-10,0.6587058832695023
AOI-0031,2022-06-11,0.7514217443304886
AOI-0031,2022-06-20,0.42530628990343095
AOI-0031,2022-06-21,0.42414622408155866
AOI-0031,2022-07-08,0.1784938605346947
AOI-0031,2022-07-12,0.21537559955025387
AOI-0031,2022-09-08,0.1346847395521504
AOI-0031,2022-09-09,0.12405797092906765
AOI-0031,2022-09-10,0.15348213893240914
AOI-0031,2022-09-11,0.1316035090558498
AOI-0031,2022-09-26,0.12565667784445636
AOI-0031,2022-09-29,0.1568988709495736
AOI-0031,2023-04-04,0.31763492672687016
AOI-0031,2023-04-27,0.39473487415204705
AOI-0031,2023-05-17,0.45775679059917684
AOI-0031,2023-06-17,0.3020587468134014
AOI-0031,2023-06-23,0.25588434507465996
AOI-0031,2023-06-26,0.29407443499465485
AOI-0031,2023-07-11,0.29591710228717527
AOI-0031,2023-08-15,0.2534225085987255
AOI-0031,2023-09-19,0.19588830975106702
AOI-0031,2023-09-20,0.223945898720581
AOI-0031,2023-09-30,0.22067822854238361
AOI-0031,2023-10-15,0.19089406230882972
AOI-0031,2023-10-24,0.17143851851650363
AOI-0031,2024-05-03,0.19862066888259683
AOI-0031,2024-06-02,0.19243283322589388
AOI-0031,2024-07-02,0.15426490344293642
AOI-0031,2024-07-10,0.12084574050439656
AOI-0031,2024-07-13,0.1753027934628958
AOI-0031,2024-08-09,0.13570626953274267
AOI-0031,2024-08-16,0.14875541641754983
AOI-0031,2024-08-26,0.14412605142213536
AOI-0031,2025-04-19,0.5104664934427164
AOI-0031,2025-04-23,0.6247310237676351
AOI-0031,2025-06-21,0.4857777890129207
AOI-0031,2025-07-12,0.20113385200006684
AOI-0031,2025-07-15,0.2055155858271909
AOI-0031,2025-08-06,0.19447738718357177
AOI-0031,2025-08-09,0.15994144112688163
AOI-0031,2025-09-08,0.13949619653909334
AOI-0031,2025-09-15,0.16641485053108618
AOI-0031,2025-09-17,0.17879836479339253
AOI-0031,2025-10-02,0.21653512194621
AOI-0031,2025-10-22,0.22495629739624257
AOI-0032,2010-06-04,0.25799294683498175
AOI-0032,2010-06-10,0.24696615523245877
AOI-0032,2010-06-20,0.19914417525573472
AOI-0032,2010-07-12,0.20963441633823218
AOI-0032,2010-08-16,0.15430245148441257
AOI-0032,2010-09-14,0.1911336417639081
AOI-0032,2010-09-30,0.21716859115916703
AOI-0032,2011-07-12,0.3013747051081867
AOI-0032,2011-08-29,0.2954645555325041
AOI-0032,2011-09-11,0.18617954697852285
AOI-0032,2011-09-28,0.19570726370073407
AOI-0032,2012-04-06,0.2540380018966
AOI-0032,2012-05-01,0.3205170551595081
AOI-0032,2012-06-25,0.2989019646540667
AOI-0032,2012-10-08,0.15434711344970659
AOI-0032,2013-05-19,0.4898200376109432
AOI-0032,2013-05-20,0.455485290728715
AOI-0032,2013-06-10,0.2946711963877857
AOI-0032,2013-06-12,0.30961935564372833
AOI-0032,2013-06-13,0.32467377033081746
AOI-0032,2013-07-22,0.3285259776098719
AOI-0032,2013-07-30,0.3513229507884005
AOI-0032,2013-08-13,0.296946871257323
AOI-0032,2013-08-29,0.25858707300019246
AOI-0032,2013-09-14,0.2615901302632743
AOI-0032,2014-06-16,0.26400909754680935
AOI-0032,2014-06-26,0.24580008090714586
AOI-0032,2014-07-12,0.19198828897234185
AOI-0032,2014-09-03,0.1465602381144134
AOI-0032,2015-04-23,0.22028465586390064
AOI-0032,2015-06-18,0.4813368529830596
AOI-0032,2015-07-13,0.32158244397076413
AOI-0032,2015-09-15,0.19027270065010612
AOI-0032,2015-09-23,0.20650591548120137
AOI-0032,2015-09-30,0.20407818353844787
AOI-0032,2016-04-06,0.2440637018574967
AOI-0032,2016-04-10,0.1834904938588272
AOI-0032,2016-05-03,0.24055492364020137
AOI-0032,2016-06-09,0.3491763218326056
AOI-0032,2016-06-28,0.2166734584688326
AOI-0032,2016-07-15,0.18287299809316035
AOI-0032,2016-07-30,0.20412538393320773
AOI-0032,2016-08-16,0.17773104118989946
AOI-0032,2016-09-09,0.1934253050151396
AOI-0032,2016-10-18,0.406068098945658
AOI-0032,2017-04-04,0.4074556372575543
AOI-0032,2017-04-28,0.7027862583021817
AOI-0032,2017-05-09,0.7720969590979693
AOI-0032,2017-07-02,0.24207903371220113
AOI-0032,2017-08-02,0.17780845918535768
AOI-0032,2017-08-11,0.14153674180362946
AOI-0032,2017-08-19,0.14311470935471354
AOI-0032,2017-08-27,0.19721915310131397
AOI-0032,2017-09-03,0.15894171360743764
AOI-0032,2017-09-12,0.16278242520075706
AOI-0032,2018-04-15,0.19691221153779445
AOI-0032,2018-06-10,0.16396221734600236
AOI-0032,2018-06-19,0.1629917737045559
AOI-0032,2018-09-14,0.17776284958571031
AOI-0032,2018-09-23,0.1738214901346291
AOI-0032,2018-09-30,0.20305985660352008
AOI-0032,2018-10-07,0.15942836563795504
AOI-0032,2018-10-12,0.22911926280450237
AOI-0032,2019-04-26,0.7088092987123985
AOI-0032,2019-04-28,0.6987042173181784
AOI-0032,2019-05-18,0.8070216359612813
AOI-0032,2019-05-20,0.8053473812891099
AOI-0032,2019-05-30,0.6550468523298895
AOI-0032,2019-06-14,0.2870125835498507
AOI-0032,2019-06-19,0.1623136583449854
AOI-0032,2019-07-23,0.16339081269441122
AOI-0032,2019-09-25,0.1307849382143401
AOI-0032,2019-10-05,0.14720949781728337
AOI-0032,2019-10-11,0.2161598239668152
AOI-0032,2019-10-25,0.37683159563279556
AOI-0032,2019-10-28,0.40217325782607605
AOI-0032,2020-05-27,0.406034862677626
AOI-0032,2020-05-30,0.3924517200007407
AOI-0032,2020-06-24,0.2097135171572068
AOI-0032,2020-06-26,0.1768514572897573
AOI-0032,2020-08-05,0.1283488687991064
AOI-0032,2020-08-07,0.12163440294255767
AOI-0032,2020-09-13,0.17282698409256225
AOI-0032,2020-09-28,0.12989397350601087
AOI-0032,2020-09-29,0.157137011881497
AOI-0032,2020-10-05,0.1237260280030595
AOI-0032,2020-10-06,0.15082671255550054
AOI-0032,2020-10-24,0.15348153474140888
AOI-0032,2021-04-04,0.05246846944136519
AOI-0032,2021-04-23,0.2414149591114954
AOI-0032,2021-05-01,0.25285669772367775
AOI-0032,2021-05-25,0.28466754654952653
AOI-0032,2021-06-18,0.15999668759627297
AOI-0032,2021-07-01,0.15567162995009165
AOI-0032,2021-07-18,0.13608836744290165
AOI-0032,2021-09-06,0.16590305686808943
AOI-0032,2021-09-15,0.17814789082963448
AOI-0032,2021-10-08,0.33715784067003113
AOI-0032,2022-04-26,0.7950487167047956
AOI-0032,2022-05-09,0.8272044183285664
AOI-0032,2022-05-13,0.8599545752080672
AOI-0032,2022-05-29,0.8514922571528661
AOI-0032,2022-06-06,0.7363496510092274
AOI-0032,2022-06-13,0.5836810026773572
AOI-0032,2022-06-30,0.30825571691019044
AOI-0032,2022-08-01,0.16402586547761652
AOI-0032,2022-08-02,0.09246600235971368
AOI-0032,2022-08-15,0.0992722780826148
AOI-0032,2022-08-24,0.16259882121425423
AOI-0032,2022-08-29,0.1709966179138418
AOI-0032,2022-09-11,0.14017575661948362
AOI-0032,2023-04-07,0.25210695091213264
AOI-0032,2023-04-12,0.16936297719734877
AOI-0032,2023-05-12,0.21579700762489473
AOI-0032,2023-05-15,0.22951281895456194
AOI-0032,2023-05-24,0.30648957263791393
AOI-0032,2023-06-06,0.4091091677305996
AOI-0032,2023-06-18,0.5434996021939063
AOI-0032,2023-07-26,0.27353746995505274
AOI-0032,2023-07-28,0.3028852569553644
AOI-0032,2023-08-08,0.25200206104658
AOI-0032,2023-09-01,0.2370341327501336
AOI-0032,2023-09-11,0.22185573990507004
AOI-0032,2023-09-24,0.18721370667616785
AOI-0032,2024-04-07,0.21560111295645237
AOI-0032,2024-05-06,0.21157164996350283
AOI-0032,2024-06-03,0.22858591601765105
AOI-0032,2024-07-12,0.14135026306858592
AOI-0032,2024-07-25,0.14849268101783913
AOI-0032,2024-07-30,0.1278963156943617
AOI-0032,2024-08-22,0.16640908154440462
AOI-0032,2024-08-30,0.16924261509011146
AOI-0032,2024-09-13,0.13771089820704174
AOI-0032,2024-09-18,0.15195703050371245
AOI-0032,2024-10-05,0.13159120086943063
AOI-0032,2024-10-15,0.2170544903319505
AOI-0032,2024-10-23,0.138853778416957
AOI-0032,2025-05-06,0.702608310617606
AOI-0032,2025-05-28,0.7108287454018765
AOI-0032,2025-06-30,0.3092322379889764
AOI-0032,2025-07-07,0.20801208213513975
AOI-0032,2025-07-10,0.19722518865961292
AOI-0032,2025-08-13,0.1858441877990423
AOI-0032,2025-08-16,0.15907443539604296
AOI-0032,2025-08-24,0.14034241205193904
AOI-0032,2025-08-31,0.1592557147155298
AOI-0032,2025-09-03,0.1296141857687154
AOI-0032,2025-10-08,0.17701330827999529
AOI-0033,2025-04-28,0.17583640363069933
AOI-0033,2025-05-20,0.35826874383104135
AOI-0033,2025-06-10,0.6481781651805357
AOI-0033,2025-06-22,0.74007972741799
AOI-0033,2025-07-05,0.4438483484680197
AOI-0033,2025-07-10,0.3351748402555226
AOI-0033,2025-09-15,0.2814065185957145
AOI-0034,2025-04-25,0.2065493867102342
AOI-0034,2025-05-06,0.17785338373629025
AOI-0034,2025-05-09,0.35176079738070665
AOI-0034,2025-06-10,0.1834412708558245
AOI-0034,2025-06-15,0.16286731749369432
AOI-0034,2025-06-21,0.21858323338641092
AOI-0034,2025-07-07,0.12010639332578779
AOI-0034,2025-07-10,0.14103362397587876
AOI-0034,2025-07-16,0.17928542412316656
AOI-0034,2025-08-31,0.15716185383018827
AOI-0034,2025-09-13,0.14838267770302666
AOI-0034,2025-09-23,0.14581565108923938
AOI-0034,2025-10-02,0.2730067859989473
AOI-0034,2025-10-16,0.5524885384766335
AOI-0035,2025-05-16,0.15322533721416765
AOI-0035,2025-05-20,0.20498637599509448
AOI-0035,2025-06-05,0.19507336560761254
AOI-0035,2025-06-07,0.1568145049904728
AOI-0035,2025-06-10,0.16470260910406653
AOI-0035,2025-07-30,0.12675968621711026
AOI-0035,2025-08-31,0.13257533991673853
AOI-0035,2025-09-26,0.19235598499455753
AOI-0035,2025-09-28,0.13972713763077868
AOI-0035,2025-10-02,0.20992361910629218
AOI-0035,2025-10-30,0.6196289109089351
AOI-0036,2025-05-16,0.5912988478643985
AOI-0036,2025-07-16,0.272440321356903
AOI-0036,2025-08-01,0.17314557294625413
AOI-0036,2025-08-09,0.14538356075778402
AOI-0036,2025-08-23,0.16956056623770177
AOI-0036,2025-10-02,0.19016974095453174
AOI-0037,2025-04-07,0.552756327813177
AOI-0037,2025-04-16,0.5163981356810767
AOI-0037,2025-05-23,0.6472217493345933
AOI-0037,2025-06-30,0.36209712470098315
AOI-0037,2025-07-14,0.3162230734233702
AOI-0037,2025-07-23,0.2849725926070988
AOI-0037,2025-08-09,0.24140251224442788
AOI-0037,2025-08-16,0.24605682701818854
AOI-0037,2025-09-12,0.1970751256229333
AOI-0037,2025-09-13,0.19915327348932016
AOI-0037,2025-09-23,0.21313948316714196
AOI-0037,2025-09-26,0.2419531396615631
AOI-0037,2025-09-30,0.2522405506482496
AOI-0037,2025-10-05,0.19765743135067132
AOI-0038,2025-04-07,0.49539593030492035
AOI-0038,2025-04-25,0.52168705535491
AOI-0038,2025-06-14,0.4803521246825212
AOI-0038,2025-07-10,0.2073165558113121
AOI-0038,2025-07-15,0.19191520258748554
AOI-0038,2025-08-14,0.19948642647515036
AOI-0038,2025-09-02,0.22534649458600567
AOI-0038,2025-10-05,0.18533683935427367
AOI-0038,2025-10-08,0.18462404795488557
AOI-0038,2025-10-16,0.3135677761401743
AOI-0039,2025-05-04,0.7603940365270127
AOI-0039,2025-05-08,0.6810945401297012
AOI-0039,2025-05-28,0.6846539629225169
AOI-0039,2025-07-10,0.45806961415216146
AOI-0039,2025-08-06,0.3438428346913045
AOI-0039,2025-08-24,0.3602461574043958
AOI-0039,2025-09-08,0.3225135161468503
AOI-0039,2025-09-12,0.3101204619672085
AOI-0039,2025-09-14,0.3386984018494208
AOI-0039,2025-09-26,0.34286074782830317
AOI-0039,2025-10-23,0.3854051736296641
AOI-0040,2025-04-02,0.3016144716784825
AOI-0040,2025-04-03,0.30593013659035706
AOI-0040,2025-05-06,0.731978716323272
AOI-0040,2025-06-07,0.6991665076219562
AOI-0040,2025-07-08,0.25307679989866866
AOI-0040,2025-09-12,0.1365359412003603
AOI-0040,2025-09-13,0.14083266900401878
AOI-0040,2025-09-28,0.15165464355761316
AOI-0040,2025-09-30,0.20745688263856882
AOI-0040,2025-10-02,0.1808258007895435
AOI-0041,2025-04-23,0.6403195908496901
AOI-0041,2025-05-20,0.6386874617175469
AOI-0041,2025-06-22,0.3681908963359831
AOI-0041,2025-06-27,0.396378638854087
AOI-0041,2025-07-23,0.29453336972651534
AOI-0041,2025-08-19,0.22969438657429608
AOI-0041,2025-09-30,0.2988544859158791
AOI-0042,2025-04-18,0.18459351030422014
AOI-0042,2025-05-04,0.18035608776531306
AOI-0042,2025-06-13,0.18539678193622816
AOI-0042,2025-07-14,0.16144589581603117
AOI-0042,2025-07-16,0.17757206242087506
AOI-0042,2025-07-24,0.1697983156172136
AOI-0042,2025-08-17,0.1635035614209945
AOI-0042,2025-08-19,0.13463917421688812
AOI-0042,2025-08-24,0.12330649218560785
AOI-0042,2025-08-29,0.14150781927729011
AOI-0042,2025-09-15,0.13560528787175027
AOI-0042,2025-09-17,0.15599784038574985
AOI-0042,2025-10-02,0.18642871223776705
AOI-0043,2025-04-24,0.2242117783039698
AOI-0043,2025-04-29,0.21577751381104776
AOI-0043,2025-05-31,0.18828144320525053
AOI-0043,2025-06-08,0.18771640589449867
AOI-0043,2025-06-15,0.13774630770725527
AOI-0043,2025-06-17,0.13593508477858204
AOI-0043,2025-06-25,0.12842440121034224
AOI-0043,2025-07-07,0.1832305812667146
AOI-0043,2025-07-13,0.16431239401217984
AOI-0043,2025-08-12,0.12191733109376021
AOI-0043,2025-09-24,0.20673895379338297
AOI-0043,2025-10-13,0.16218732464134955
AOI-0043,2025-10-15,0.17798912424338825
AOI-0044,2010-04-16,0.21622184026351718
AOI-0044,2010-04-25,0.25977291089038096
AOI-0044,2010-05-09,0.4777402532520237
AOI-0044,2010-05-18,0.34921016598738086
AOI-0044,2010-06-12,0.424513865588959
AOI-0044,2010-06-20,0.39083753000832605
AOI-0044,2010-06-28,0.48020232675950847
AOI-0044,2010-07-29,0.23387136139304032
AOI-0044,2010-08-06,0.1825167189578552
AOI-0044,2010-10-16,0.26607991243863904
AOI-0044,2010-10-25,0.17164824506769066
AOI-0044,2011-07-16,0.6817051097566202
AOI-0044,2011-08-01,0.3525966474619299
AOI-0044,2011-08-02,0.3125082495197007
AOI-0044,2011-10-16,0.38243134515138094
AOI-0044,2012-04-06,0.3186049516886334
AOI-0044,2012-05-08,0.6588069794047221
AOI-0044,2013-05-02,0.2212560770416778
AOI-0044,2013-05-03,0.24035389489336512
AOI-0044,2013-05-11,0.261067308597615
AOI-0044,2014-04-07,0.3893376277303406
AOI-0044,2014-06-06,0.2336439224117414
AOI-0044,2014-06-14,0.23816684489394546
AOI-0044,2014-06-23,0.2279004953847469
AOI-0044,2014-08-02,0.16799790165093287
AOI-0044,2014-08-09,0.17134444445393454
AOI-0044,2014-08-29,0.2358522541874795
AOI-0044,2014-09-18,0.18955227478822334
AOI-0044,2014-09-19,0.16321147556182772
AOI-0044,2014-10-04,0.1999426984121441
AOI-0044,2014-10-12,0.16628729093754765
AOI-0044,2014-10-28,0.20483712349319852
AOI-0044,2014-10-29,0.21141409852560206
AOI-0044,2015-06-26,0.5012594310903183
AOI-0044,2015-07-27,0.26235070674263206
AOI-0044,2015-07-28,0.3140945728126225
AOI-0044,2015-08-29,0.25202833224342047
AOI-0044,2015-10-08,0.20568733709849202
AOI-0044,2015-10-16,0.2633339723655295
AOI-0044,2016-04-08,0.5063836460114064
AOI-0044,2016-05-08,0.8283109250886742
AOI-0044,2016-05-11,0.8523348282835693
AOI-0044,2016-06-20,0.4065640005355134
AOI-0044,2016-06-25,0.367588520225753
AOI-0044,2016-07-13,0.2877124358623719
AOI-0044,2016-07-27,0.36804622589900854
AOI-0044,2016-09-07,0.21900211394548677
AOI-0044,2016-09-13,0.26947176626027336
AOI-0044,2016-10-02,0.21577050340246162
AOI-0044,2016-10-26,0.22811345342723968
AOI-0044,2017-04-03,0.1835713142076735
AOI-0044,2017-04-04,0.19837866927694425
AOI-0044,2017-04-12,0.23198490600248242
AOI-0044,2017-06-27,0.20548618963795534
AOI-0044,2017-06-30,0.2143221204639022
AOI-0044,2017-08-10,0.18058765603561275
AOI-0044,2017-09-14,0.26551342625516455
AOI-0044,2018-04-06,0.5385841305598387
AOI-0044,2018-07-12,0.2617582959417694
AOI-0044,2018-07-19,0.16472530064840157
AOI-0044,2018-09-30,0.22908904053292184
AOI-0044,2019-04-25,0.3693349129771297
AOI-0044,2019-04-26,0.37988760410812433
AOI-0044,2019-06-02,0.6998280097429385
AOI-0044,2019-06-12,0.4696054757528866
AOI-0044,2019-06-20,0.34783086806474967
AOI-0044,2019-08-13,0.44239973220283374
AOI-0044,2019-09-10,0.18249419994052712
AOI-0044,2019-09-15,0.16028884581788605
AOI-0044,2019-09-16,0.19490575596452492
AOI-0044,2019-10-10,0.17377418488851584
AOI-0044,2020-04-17,0.19025296897810587
AOI-0044,2020-04-22,0.18915775502116405
AOI-0044,2020-05-17,0.17742878482589405
AOI-0044,2020-06-30,0.2108338121825513
AOI-0044,2020-08-10,0.13066949682194545
AOI-0044,2020-09-09,0.14897993710991803
AOI-0044,2020-09-10,0.14776414279080527
AOI-0044,2020-09-26,0.12627479577700687
AOI-0044,2020-09-29,0.1632883442543861
AOI-0044,2020-10-14,0.15597005920131407
AOI-0044,2020-10-21,0.15101642357260858
AOI-0044,2021-05-12,0.7226400054984368
AOI-0044,2021-05-17,0.726270562298421
AOI-0044,2021-05-25,0.7246757729215856
AOI-0044,2021-07-16,0.22889176804559383
AOI-0044,2021-07-21,0.15643738207119218
AOI-0044,2021-09-30,0.234988073355338
AOI-0044,2021-10-07,0.16864126562087223
AOI-0044,2022-05-27,0.7306986347955431
AOI-0044,2022-06-06,0.7358352927396861
AOI-0044,2022-06-12,0.7034160463361824
AOI-0044,2022-07-07,0.2188374786817211
AOI-0044,2022-08-10,0.23634874071072765
AOI-0044,2022-08-13,0.27907164182972566
AOI-0044,2022-08-24,0.2875508531777174
AOI-0044,2022-09-25,0.2078732692304246
AOI-0044,2022-09-30,0.2756397389301039
AOI-0044,2023-04-02,0.2079706849897344
AOI-0044,2023-04-07,0.2900489647509825
AOI-0044,2023-06-06,0.22643568228902874
AOI-0044,2023-06-30,0.18822555708722333
AOI-0044,2023-07-05,0.19244097135256483
AOI-0044,2023-07-09,0.2088420040811492
AOI-0044,2023-07-11,0.15308137914271158
AOI-0044,2023-07-16,0.16373938067954055
AOI-0044,2023-07-25,0.21243121815618904
AOI-0044,2023-08-05,0.14927426023409082
AOI-0044,2023-08-25,0.15304881931118006
AOI-0044,2023-09-30,0.2605762326663558
AOI-0044,2023-10-14,0.27282280647751284
AOI-0044,2024-04-06,0.7967094290516519
AOI-0044,2024-04-14,0.8529907702972134
AOI-0044,2024-06-05,0.5938396049616003
AOI-0044,2024-09-06,0.17571306412430426
AOI-0044,2024-09-21,0.16612489793682325
AOI-0044,2025-04-02,0.1982196383285489
AOI-0044,2025-05-20,0.2199955797517787
AOI-0044,2025-07-06,0.21197679682349874
AOI-0044,2025-07-10,0.16179608318080924
AOI-0044,2025-08-14,0.15923892574483584
AOI-0044,2025-09-23,0.15534368916902463
AOI-0044,2025-10-03,0.17099336456444492
AOI-0044,2025-10-15,0.15786983700331203
AOI-0045,2025-04-26,0.2527685154736777
AOI-0045,2025-06-15,0.16298816902432953
AOI-0045,2025-06-27,0.17766302623975944
AOI-0045,2025-06-29,0.2239042200538714
AOI-0045,2025-07-31,0.21183715843077794
AOI-0045,2025-08-13,0.20737377475382726
AOI-0045,2025-08-15,0.2020827781244001
AOI-0045,2025-08-16,0.16224542527258942
AOI-0045,2025-09-30,0.21856340136621333
AOI-0045,2025-10-15,0.1632706893721677
AOI-0046,2010-06-26,0.33363197963182345
AOI-0046,2010-07-12,0.36402981461414424
AOI-0046,2010-09-14,0.4058463844068433
AOI-0046,2011-05-30,0.27659119176997327
AOI-0046,2011-08-17,0.18264495076967785
AOI-0046,2012-04-22,0.44866508764755303
AOI-0046,2012-04-29,0.30056992377929515
AOI-0046,2012-06-09,0.6169593978803588
AOI-0046,2013-04-25,0.237040404851572
AOI-0046,2013-05-09,0.46531920309364977
AOI-0046,2013-06-11,0.5627122349115838
AOI-0046,2013-06-27,0.3764082027255504
AOI-0046,2013-07-21,0.31176635471903225
AOI-0046,2013-07-28,0.3377933830989809
AOI-0046,2013-07-30,0.28127600994216
AOI-0046,2014-05-25,0.7738196121364795
AOI-0046,2014-05-29,0.7820606633606202
AOI-0046,2014-07-01,0.302304974944566
AOI-0046,2014-07-12,0.3335490737408971
AOI-0046,2014-08-01,0.19923019172731868
AOI-0046,2014-08-25,0.15084276073671812
AOI-0046,2014-09-19,0.15491408661931932
AOI-0046,2015-05-17,0.2674189463098678
AOI-0046,2015-07-12,0.36636385116211095
AOI-0046,2015-09-22,0.22796103413255467
AOI-0046,2015-10-16,0.2542181467035469
AOI-0046,2016-05-02,0.8549619469911633
AOI-0046,2016-05-10,0.8597312346320447
AOI-0046,2016-05-18,0.8782723791873097
AOI-0046,2016-06-03,0.7266559316231863
AOI-0046,2016-06-09,0.6680360056968646
AOI-0046,2016-07-13,0.19906453331977264
AOI-0046,2016-07-30,0.25152237152325874
AOI-0046,2016-10-02,0.24852990585932197
AOI-0046,2016-10-17,0.3247104605222134
AOI-0046,2016-10-25,0.32650283692113957
AOI-0046,2017-04-13,0.41507956628956166
AOI-0046,2017-06-27,0.4134661341747124
AOI-0046,2017-07-02,0.3402326390635421
AOI-0046,2017-07-24,0.22755798820887083
AOI-0046,2017-08-09,0.1873657893514434
AOI-0046,2017-08-21,0.15812047667204207
AOI-0046,2017-09-10,0.22856806228306875
AOI-0046,2017-09-15,0.30094091090775266
AOI-0046,2017-10-12,0.3209764830428733
AOI-0046,2018-05-09,0.36084119315536567
AOI-0046,2018-06-01,0.2134621075902202
AOI-0046,2018-07-20,0.20285206501933434
AOI-0046,2018-08-20,0.16935973821410338
AOI-0046,2018-08-29,0.18818720200242145
AOI-0046,2018-10-15,0.18946688686324134
AOI-0046,2018-10-24,0.2051176525307363
AOI-0046,2019-04-01,0.22782553944460437
AOI-0046,2019-04-18,0.33984848925057154
AOI-0046,2019-05-19,0.7981338429804258
AOI-0046,2019-08-01,0.23000423184267507
AOI-0046,2019-09-01,0.2053441948402884
AOI-0046,2019-10-20,0.4219426990759666
AOI-0046,2020-04-04,0.7977613458486348
AOI-0046,2020-04-07,0.8333132949854576
AOI-0046,2020-05-08,0.8295828171073432
AOI-0046,2020-05-24,0.8102988161936538
AOI-0046,2020-06-09,0.6991196686659944
AOI-0046,2020-09-10,0.14854516872823553
AOI-0046,2020-09-13,0.19456093789531434
AOI-0046,2020-09-26,0.12673359850752203
AOI-0046,2020-10-21,0.15745979892166673
AOI-0046,2021-05-02,0.5426514382208688
AOI-0046,2021-05-25,0.79564400629351
AOI-0046,2021-07-11,0.30413906924888606
AOI-0046,2021-07-28,0.28083838159271646
AOI-0046,2021-08-13,0.39588964494153756
AOI-0046,2021-08-20,0.22387977656101313
AOI-0046,2021-08-29,0.4040778441805714
AOI-0046,2021-09-06,0.5276484599191541
AOI-0046,2022-06-05,0.2589057928527178
AOI-0046,2022-07-24,0.1938306783305858
AOI-0046,2022-07-29,0.17221597090790647
AOI-0046,2022-07-30,0.23133321285300282
AOI-0046,2022-08-24,0.22486486564290503
AOI-0046,2022-08-30,0.15304885030251342
AOI-0046,2023-04-02,0.6018344383736245
AOI-0046,2023-04-29,0.8582131282073413
AOI-0046,2023-05-06,0.8980344522759703
AOI-0046,2023-06-21,0.646993629144756
AOI-0046,2023-06-24,0.4835960222105078
AOI-0046,2023-07-22,0.25529307114894606
AOI-0046,2023-07-25,0.2754791960640856
AOI-0046,2023-08-13,0.16889756363572742
AOI-0046,2023-08-18,0.1751842824527802
AOI-0046,2023-08-25,0.17554472038517915
AOI-0046,2023-08-27,0.19941157666372844
AOI-0046,2023-08-28,0.16459700842769523
AOI-0046,2023-10-13,0.21132195743007975
AOI-0046,2023-10-29,0.27568248530507083
AOI-0046,2024-04-06,0.738895314022404
AOI-0046,2024-05-08,0.8769347807095633
AOI-0046,2024-05-09,0.8820705739199848
AOI-0046,2024-06-01,0.7974421128644953
AOI-0046,2024-06-09,0.5151842818820848
AOI-0046,2024-07-03,0.222680754612504
AOI-0046,2024-07-19,0.16959010856044854
AOI-0046,2024-08-09,0.1483024475556764
AOI-0046,2024-08-20,0.20351768334680143
AOI-0046,2024-08-28,0.18626431931242562
AOI-0046,2024-09-13,0.1511205069672875
AOI-0046,2024-09-22,0.20309875777991518
AOI-0046,2024-10-13,0.12685081899912398
AOI-0046,2025-06-30,0.751528522231486
AOI-0046,2025-07-15,0.45326385194908253
AOI-0046,2025-08-07,0.4115472952455912
AOI-0046,2025-08-15,0.4443836042202443
AOI-0046,2025-09-24,0.22239988166713856
AOI-0046,2025-10-02,0.2066672417494161
AOI-0047,2025-05-08,0.7536340095138235
AOI-0047,2025-05-16,0.7648193174012281
AOI-0047,2025-05-25,0.7172336735808348
AOI-0047,2025-06-15,0.3744099222485298
AOI-0047,2025-07-17,0.15654025172744016
AOI-0047,2025-07-18,0.1586477852213738
AOI-0047,2025-09-03,0.13572523234878497
AOI-0047,2025-10-15,0.16228123488704888
AOI-0047,2025-10-16,0.25352814522278705
AOI-0048,2025-04-07,0.6917907419109017
AOI-0048,2025-04-17,0.6982553677818368
AOI-0048,2025-05-09,0.7056965075198414
AOI-0048,2025-09-17,0.19240703928849712
AOI-0048,2025-09-24,0.19183137289408178
AOI-0049,2025-05-04,0.7769242882491334
AOI-0049,2025-06-26,0.35591679183689273
AOI-0049,2025-06-27,0.24128220597686967
AOI-0049,2025-07-29,0.2381142528024591
AOI-0049,2025-08-06,0.19598344325689798
AOI-0049,2025-08-12,0.17799528020037125
AOI-0049,2025-08-17,0.17105880372180185
AOI-0049,2025-09-06,0.17293185965362462
AOI-0049,2025-09-14,0.2564254964904129
AOI-0049,2025-09-26,0.19851784790740326
AOI-0049,2025-09-30,0.3056127316385603
AOI-0049,2025-10-08,0.19410317398133836
AOI-0049,2025-10-16,0.25087479807416047
AOI-0049,2025-10-28,0.2649395495811004
AOI-0050,2025-04-14,0.30416474568163865
AOI-0050,2025-04-15,0.33661133015361977
AOI-0050,2025-05-25,0.6451001865676124
AOI-0050,2025-06-27,0.5175684198614847
AOI-0050,2025-08-07,0.28889291998978833
AOI-0050,2025-08-09,0.2821370508503879
AOI-0050,2025-08-13,0.43348589433576495
AOI-0050,2025-08-17,0.2841410899297381
AOI-0050,2025-09-07,0.3491515389139799
AOI-0050,2025-09-30,0.4189437378852385
AOI-0050,2025-10-17,0.3889049008245612
AOI-0050,2025-10-28,0.3741156055142629
AOI-0051,2010-06-09,0.7073862663229674
AOI-0051,2011-06-04,0.5236526414825757
AOI-0051,2011-06-05,0.534708114964752
AOI-0051,2011-06-12,0.6204801418912977
AOI-0051,2011-06-13,0.6152309952073838
AOI-0051,2011-09-01,0.576765018495528
AOI-0051,2011-10-11,0.40444018650706315
AOI-0051,2012-04-27,0.5090778564084337
AOI-0051,2012-05-22,0.6311529218496217
AOI-0051,2012-08-12,0.47275360590021753
AOI-0051,2012-08-26,0.3363827301168253
AOI-0051,2012-08-28,0.45199322837903083
AOI-0051,2012-09-18,0.34254476284011304
AOI-0051,2012-10-13,0.38556254211192026
AOI-0051,2013-05-01,0.7710482159579293
AOI-0051,2013-07-19,0.4158292499684663
AOI-0051,2013-07-28,0.5127708695110992
AOI-0051,2013-08-29,0.467557915389058
AOI-0051,2013-10-07,0.4770310674127115
AOI-0051,2013-10-16,0.5138303064572866
AOI-0051,2014-04-18,0.7938546738583878
AOI-0051,2014-06-05,0.7278789676563943
AOI-0051,2014-06-10,0.60563207701614
AOI-0051,2014-06-28,0.4859642058883301
AOI-0051,2014-09-08,0.3786840724390377
AOI-0051,2014-09-16,0.39208621005997496
AOI-0051,2015-04-07,0.331006705539287
AOI-0051,2015-05-23,0.7372546144367186
AOI-0051,2015-06-10,0.7232058661464236
AOI-0051,2015-06-15,0.7499294849137476
AOI-0051,2015-06-26,0.666606805550651
AOI-0051,2015-09-14,0.3744401494626048
AOI-0051,2015-09-20,0.31464177879600186
AOI-0051,2015-10-06,0.23674360681822304
AOI-0051,2016-04-06,0.6271138656790912
AOI-0051,2016-06-25,0.5167293465190402
AOI-0051,2016-07-12,0.4194157559496429
AOI-0051,2016-08-28,0.4510357656209411
AOI-0051,2016-09-14,0.34766152545310475
AOI-0051,2016-09-29,0.4158149581886987
AOI-0051,2016-10-24,-0.047771845045117056
AOI-0051,2017-05-28,0.5206891093286585
AOI-0051,2017-06-21,0.6657536848096122
AOI-0051,2017-06-28,0.6427503892995542
AOI-0051,2017-07-06,0.625067742789635
AOI-0051,2017-07-23,0.6421374655668697
AOI-0051,2017-09-25,0.31612729913504406
AOI-0051,2017-09-30,0.36722759176898334
AOI-0051,2017-10-16,0.3403851340250621
AOI-0051,2018-04-11,0.446960593289465
AOI-0051,2018-04-28,0.6427380010243736
AOI-0051,2018-04-29,0.6687391604823971
AOI-0051,2018-05-30,0.7254508316459212
AOI-0051,2018-06-26,0.4339088671389121
AOI-0051,2018-07-02,0.28548313702982836
AOI-0051,2018-08-02,0.31941254376558115
AOI-0051,2018-08-18,0.3212154254320229
AOI-0051,2018-09-14,0.3781068123172568
AOI-0051,2018-09-19,0.31722275262834226
AOI-0051,2018-10-14,0.2666712475646173
AOI-0051,2019-05-17,0.8506268350916704
AOI-0051,2019-05-31,0.7523255704094662
AOI-0051,2019-06-25,0.26559845194450415
AOI-0051,2019-06-30,0.2736475378385667
AOI-0051,2019-07-29,0.34688718686825193
AOI-0051,2019-08-05,0.3550297132535507
AOI-0051,2019-08-13,0.3851184393817543
AOI-0051,2019-08-22,0.287743943839553
AOI-0051,2019-09-13,0.2336583839106691
AOI-0051,2019-10-16,0.37074858860229276
AOI-0051,2020-04-26,0.42166799622667445
AOI-0051,2020-06-09,0.7147226355877414
AOI-0051,2020-07-04,0.47003279987681723
AOI-0051,2020-07-27,0.47884616242806677
AOI-0051,2020-08-31,0.3535321037826415
AOI-0051,2020-09-07,0.23853154797575857
AOI-0051,2020-10-27,0.14663356066381703
AOI-0051,2021-05-06,0.7608594038845213
AOI-0051,2021-06-23,0.5163568634206057
AOI-0051,2021-07-19,0.30773238705259204
AOI-0051,2021-07-28,0.45891988234636366
AOI-0051,2021-08-23,0.353407407165158
AOI-0051,2021-08-28,0.36677135764945185
AOI-0051,2021-08-29,0.470702552759333
AOI-0051,2021-09-03,0.3861224185209014
AOI-0051,2021-09-07,0.30295571913405256
AOI-0051,2021-10-02,0.29785276249348724
AOI-0051,2021-10-21,0.3225875422222295
AOI-0051,2022-05-09,0.6508115198859101
AOI-0051,2022-05-26,0.49439704868711903
AOI-0051,2022-05-27,0.4440983433646936
AOI-0051,2022-06-11,0.6359120706909959
AOI-0051,2022-06-19,0.699446199256199
AOI-0051,2022-06-30,0.7555626324055853
AOI-0051,2022-07-09,0.7766944403970358
AOI-0051,2022-07-12,0.6306854100790324
AOI-0051,2022-07-22,0.7380347053475385
AOI-0051,2022-07-24,0.7780490592029964
AOI-0051,2022-07-29,0.7393881564517701
AOI-0051,2022-08-13,0.5893558536897364
AOI-0051,2022-08-28,0.5122441144490866
AOI-0051,2022-09-06,0.5005705449025385
AOI-0051,2022-09-14,0.4582197881220631
AOI-0051,2022-10-07,0.36602880774781166
AOI-0051,2022-10-15,0.3578211079365643
AOI-0051,2023-04-23,0.8002001444507452
AOI-0051,2023-07-31,0.3467436564751416
AOI-0051,2023-08-28,0.3471815093348488
AOI-0051,2023-09-09,0.3740335571610882
AOI-0051,2023-09-27,0.36908912600095484
AOI-0051,2023-10-04,0.37057208994879776
AOI-0051,2024-04-05,0.3316609358371167
AOI-0051,2024-05-04,0.41386479925945785
AOI-0051,2024-05-22,0.5018649824883472
AOI-0051,2024-06-03,0.5460932733497337
AOI-0051,2024-06-23,0.47442335390135154
AOI-0051,2024-07-28,0.29772421981863934
AOI-0051,2024-08-27,0.26311601740920265
AOI-0051,2024-09-03,0.2546201668733394
AOI-0051,2024-10-01,0.21648893019248144
AOI-0051,2024-10-05,0.26629504938629167
AOI-0051,2024-10-06,0.23056554201120827
AOI-0051,2024-10-15,0.3786299652736301
AOI-0051,2025-05-09,0.7864708539303521
AOI-0051,2025-06-10,0.5040916836336202
AOI-0051,2025-06-27,0.38054824443123403
AOI-0051,2025-07-05,0.32726723673129393
AOI-0051,2025-07-10,0.22828434755966273
AOI-0051,2025-08-05,0.2052277589815396
AOI-0051,2025-08-12,0.18218436918305936
AOI-0051,2025-09-15,0.21049704823429982
AOI-0051,2025-09-16,0.19883300534264062
AOI-0052,2025-04-19,0.17921733171830964
AOI-0052,2025-06-08,0.3258058271038442
AOI-0052,2025-06-11,0.4771098421708331
AOI-0052,2025-07-05,0.6816835615309903
AOI-0052,2025-07-18,0.35835749245130594
AOI-0052,2025-08-22,0.1323900105189022
AOI-0052,2025-08-27,0.14210267047611502
AOI-0052,2025-09-06,0.14614991564471524
AOI-0052,2025-09-14,0.19057936122085678
AOI-0052,2025-10-17,0.28718025930317387
AOI-0053,2025-04-11,0.7486176317185026
AOI-0053,2025-04-14,0.7975730203564575
AOI-0053,2025-04-16,0.772291662693562
AOI-0053,2025-04-19,0.8007521962259921
AOI-0053,2025-04-23,0.8673267144576094
AOI-0053,2025-06-26,0.3571007135406703
AOI-0053,2025-07-28,0.16423194003151204
AOI-0053,2025-08-02,0.1561540590950878
AOI-0053,2025-08-09,0.13536451387382575
AOI-0053,2025-08-12,0.1421907870596774
AOI-0053,2025-08-29,0.16007256559121494
AOI-0053,2025-09-01,0.13101205043085265
AOI-0053,2025-09-07,0.1892243117103109
AOI-0053,2025-09-11,0.1407963891615528
AOI-0053,2025-09-14,0.2215969407224963
AOI-0053,2025-09-15,0.16563956613193304
AOI-0053,2025-09-21,0.14392227541162592
AOI-0053,2025-09-26,0.16544628751949766
AOI-0053,2025-10-28,0.28588051265453335
AOI-0054,2025-04-11,0.5565983333462544
AOI-0054,2025-04-19,0.6538603395881089
AOI-0054,2025-05-04,0.8004138235444173
AOI-0054,2025-06-03,0.8139281534789345
AOI-0054,2025-07-28,0.6558634599716969
AOI-0054,2025-08-12,0.7008754640582598
AOI-0054,2025-09-21,0.6764951180217097
AOI-0054,2025-09-30,0.6652151236403536
AOI-0054,2025-10-16,0.6198962944180402
AOI-0055,2025-04-01,0.3335659412532953
AOI-0055,2025-04-11,0.40731053014031093
AOI-0055,2025-05-09,0.5287565347312093
AOI-0055,2025-07-04,0.5328208392579323
AOI-0055,2025-07-05,0.5137999114744294
AOI-0055,2025-07-08,0.48817103901761827
AOI-0055,2025-07-23,0.42379799541450097
AOI-0055,2025-08-17,0.35813881689604077
AOI-0055,2025-09-14,0.43240423503435005
AOI-0055,2025-09-22,0.44194358443458637
AOI-0056,2025-04-23,0.8352042073551438
AOI-0056,2025-05-24,0.7879544888358956
AOI-0056,2025-06-10,0.4653912770818567
AOI-0056,2025-06-19,0.39356276840533433
AOI-0056,2025-07-18,0.16509195350971329
AOI-0056,2025-07-23,0.16811099612430344
AOI-0056,2025-08-09,0.16520514600288286
AOI-0056,2025-09-06,0.1882303562559692
AOI-0056,2025-09-08,0.1677785501724043
AOI-0056,2025-10-16,0.26364626128798646
AOI-0057,2025-05-04,0.8130016425263601
AOI-0057,2025-05-09,0.7571995667647506
AOI-0057,2025-05-19,0.5258662173886094
AOI-0057,2025-06-26,0.36907411191500294
AOI-0057,2025-06-27,0.2502936215412417
AOI-0057,2025-07-10,0.2045398725038077
AOI-0057,2025-07-13,0.1966107249727718
AOI-0057,2025-07-18,0.19854443503921126
AOI-0057,2025-08-05,0.20081021175595518
AOI-0057,2025-08-27,0.14387842401173886
AOI-0057,2025-09-01,0.15090958717572753
AOI-0057,2025-09-21,0.16602903048170603
AOI-0058,2010-04-23,0.3756291975459194
AOI-0058,2010-08-13,0.45341048148094754
AOI-0058,2010-08-29,0.39714676263303733
AOI-0058,2010-09-05,0.30332200184109265
AOI-0058,2011-04-02,0.30767581915956776
AOI-0058,2011-04-26,0.5121725871870486
AOI-0058,2011-06-12,0.7418230244545743
AOI-0058,2011-07-15,0.5097560048125556
AOI-0058,2011-08-29,0.4509032452737858
AOI-0058,2011-09-01,0.2989967924365432
AOI-0058,2011-10-02,0.30933668190364993
AOI-0058,2011-10-27,0.3383862385426949
AOI-0058,2012-04-22,0.6104622282717412
AOI-0058,2012-06-09,0.6961217997041813
AOI-0058,2012-06-23,0.6382766258492785
AOI-0058,2012-07-11,0.5802236911221883
AOI-0058,2012-08-12,0.4763455567260943
AOI-0058,2012-09-11,0.37715227749744645
AOI-0058,2013-04-07,0.444831546945826
AOI-0058,2013-04-23,0.505395844497519
AOI-0058,2013-05-09,0.5239709833811532
AOI-0058,2013-06-09,0.510618285271246
AOI-0058,2013-06-10,0.659244415578704
AOI-0058,2013-07-11,0.7034262186577268
AOI-0058,2013-07-19,0.6932855739065493
AOI-0058,2013-08-28,0.25113992857704914
AOI-0058,2013-10-16,0.4238902530919946
AOI-0058,2013-10-24,0.2776345436296317
AOI-0058,2014-04-25,0.8040103527397477
AOI-0058,2014-06-05,0.809664999624426
AOI-0058,2014-06-10,0.6890184369376258
AOI-0058,2014-09-14,0.3726580304921085
AOI-0058,2015-04-28,0.3729410000568537
AOI-0058,2015-05-09,0.6913742891033515
AOI-0058,2015-09-03,0.47186115541309404
AOI-0058,2015-09-27,0.4811418947246379
AOI-0058,2016-04-06,0.7703062384706677
AOI-0058,2016-04-30,0.8271468897683535
AOI-0058,2016-06-09,0.8011243535313954
AOI-0058,2016-07-27,0.5605450564836313
AOI-0058,2016-07-28,0.46382736880272213
AOI-0058,2016-08-13,0.49700911755931
AOI-0058,2017-04-25,0.8166309691266184
AOI-0058,2017-07-15,0.26993048166006856
AOI-0058,2017-09-13,0.20994310560613003
AOI-0058,2017-09-16,0.23838496520278574
AOI-0058,2018-05-15,0.7216393333122175
AOI-0058,2018-07-26,0.5165228667385513
AOI-0058,2018-08-02,0.48814728221497355
AOI-0058,2019-04-23,0.8028882013368273
AOI-0058,2019-05-25,0.8042158422025497
AOI-0058,2019-06-25,0.26955198078898424
AOI-0058,2019-06-27,0.28951217306282523
AOI-0058,2019-07-04,0.3038289741667453
AOI-0058,2019-08-30,0.23383214450186196
AOI-0058,2019-09-28,0.1605796981494783
AOI-0058,2019-09-30,0.2821645494529789
AOI-0058,2020-04-17,0.41972258098184134
AOI-0058,2020-05-04,0.5588587268695361
AOI-0058,2020-06-05,0.6535218776225998
AOI-0058,2020-06-29,0.5601327929156993
AOI-0058,2020-07-06,0.516010959355954
AOI-0058,2020-07-22,0.4293043483322824
AOI-0058,2020-07-30,0.4181736889756008
AOI-0058,2020-08-07,0.3782530476479244
AOI-0058,2020-08-12,0.4351961408500334
AOI-0058,2020-08-23,0.3373278844136442
AOI-0058,2020-08-28,0.4117864937477597
AOI-0058,2020-09-24,0.28720247326942105
AOI-0058,2020-10-27,0.24482909155554655
AOI-0058,2021-04-15,0.5322943369160409
AOI-0058,2021-05-09,0.7209460350288446
AOI-0058,2021-05-31,0.7160398803348726
AOI-0058,2021-07-09,0.6347103227018537
AOI-0058,2021-07-14,0.5000100468443609
AOI-0058,2021-07-25,0.46269168439507813
AOI-0058,2021-08-13,0.4799487567055177
AOI-0058,2021-08-28,0.3417628773499031
AOI-0058,2021-09-27,0.48560785516641586
AOI-0058,2022-06-10,0.7815940992021139
AOI-0058,2022-06-18,0.7906266556493834
AOI-0058,2022-07-04,0.27717339073839015
AOI-0058,2022-07-12,0.33562151341984925
AOI-0058,2022-07-17,0.2581245196216908
AOI-0058,2022-07-29,0.1950472557174659
AOI-0058,2022-09-14,0.30663503665304087
AOI-0058,2023-05-09,0.7432187201057286
AOI-0058,2023-05-20,0.5906634462829644
AOI-0058,2023-06-28,0.7877149554152402
AOI-0058,2023-08-17,0.5392260259805067
AOI-0058,2023-09-02,0.4190290770417318
AOI-0058,2023-09-10,0.5000994241089123
AOI-0058,2023-09-27,0.5107829639521334
AOI-0058,2023-10-12,0.49082366819211365
AOI-0058,2024-04-09,0.7554415855231976
AOI-0058,2024-05-09,0.8046524827868082
AOI-0058,2024-06-03,0.626920998442697
AOI-0058,2024-06-23,0.32280891291384095
AOI-0058,2024-06-28,0.31860005466529007
AOI-0058,2024-07-09,0.3590934180214373
AOI-0058,2024-07-26,0.26887807181851636
AOI-0058,2024-07-27,0.35728331695194165
AOI-0058,2024-08-18,0.2849190685578303
AOI-0058,2024-08-27,0.2070866991353129
AOI-0058,2024-08-28,0.33014635368248035
AOI-0058,2024-09-21,0.22165508141447085
AOI-0058,2024-09-28,0.21460136898260043
AOI-0058,2024-10-01,0.2032505819528755
AOI-0058,2024-10-30,0.21098508183801176
AOI-0058,2025-04-07,0.5798583283033502
AOI-0058,2025-04-16,0.504909614623072
AOI-0058,2025-04-24,0.5532222957088099
AOI-0058,2025-07-18,0.31353131254110694
AOI-0058,2025-07-28,0.3110109284005649
AOI-0058,2025-08-02,0.2386364832430496
AOI-0058,2025-08-06,0.26285843079230586
AOI-0058,2025-08-09,0.19735285542803724
AOI-0058,2025-08-12,0.19338977665934698
AOI-0058,2025-08-14,0.19623139998606282
AOI-0058,2025-09-14,0.27538241030216987
AOI-0058,2025-09-22,0.237961247881663
AOI-0059,2010-06-26,0.7886725924048734
AOI-0059,2010-07-19,0.713943984218516
AOI-0059,2010-08-28,0.2644554775906727
AOI-0059,2011-04-23,0.7582063385610543
AOI-0059,2011-05-27,0.7109664233208105
AOI-0059,2011-05-28,0.7284546341505276
AOI-0059,2011-06-12,0.6702292433053478
AOI-0059,2011-06-26,0.7368786433729788
AOI-0059,2011-07-07,0.7836309078118249
AOI-0059,2011-07-28,0.4778231680549016
AOI-0059,2011-08-08,0.5104343917088896
AOI-0059,2011-08-23,0.5189037027611298
AOI-0059,2012-04-04,0.5938254981470873
AOI-0059,2012-08-12,0.46221319391635635
AOI-0059,2012-08-26,0.26640474457577445
AOI-0059,2012-09-11,0.2677782692216493
AOI-0059,2012-10-13,0.35941755134330855
AOI-0059,2013-05-09,0.8524816427298377
AOI-0059,2013-06-18,0.28500892208012263
AOI-0059,2013-07-20,0.23797381088689434
AOI-0059,2013-08-13,0.3063601087287219
AOI-0059,2013-08-21,0.2276238172658088
AOI-0059,2013-10-16,0.40044420142143944
AOI-0059,2014-05-09,0.8985383154319863
AOI-0059,2014-10-27,0.5664879526166259
AOI-0059,2015-04-13,0.25845057169379027
AOI-0059,2015-05-22,0.3665916760493033
AOI-0059,2015-06-07,0.741347362496441
AOI-0059,2015-08-02,0.8258602932718913
AOI-0059,2015-08-10,0.7515937182735095
AOI-0059,2015-08-29,0.5913474973152582
AOI-0059,2015-09-27,0.5082220879119291
AOI-0059,2015-09-30,0.4006389673554129
AOI-0059,2016-05-25,0.9201426319173172
AOI-0059,2016-07-04,0.3763914290232575
AOI-0059,2016-09-14,0.23983043434731105
AOI-0059,2016-10-24,0.2224123998467117
AOI-0059,2017-04-02,0.6099275732391611
AOI-0059,2017-05-06,0.8656356328090101
AOI-0059,2017-05-27,0.8909645226915902
AOI-0059,2017-06-04,0.9137215179248468
AOI-0059,2017-06-10,0.8349973371600177
AOI-0059,2017-07-12,0.3629608495509828
AOI-0059,2017-07-23,0.26950273111465495
AOI-0059,2017-07-28,0.3873624632929946
AOI-0059,2017-08-13,0.3080737398598187
AOI-0059,2017-08-29,0.2854461467529289
AOI-0059,2017-09-24,0.22670715746724568
AOI-0059,2018-04-07,0.3923058960839455
AOI-0059,2018-05-22,0.3974520126557665
AOI-0059,2018-05-31,0.39939791160214033
AOI-0059,2018-07-09,0.6069129815897041
AOI-0059,2018-07-18,0.5108010811944778
AOI-0059,2018-07-26,0.4584592197005258
AOI-0059,2018-08-02,0.4172576012560681
AOI-0059,2018-08-10,0.36475025126434235
AOI-0059,2018-08-13,0.34622929918911166
AOI-0059,2018-10-06,0.23488530085613615
AOI-0059,2019-04-11,0.6378476960871642
AOI-0059,2019-04-21,0.756758482766884
AOI-0059,2019-04-23,0.7416747961177251
AOI-0059,2019-05-21,0.8789844918067246
AOI-0059,2019-06-02,0.8130225957376047
AOI-0059,2019-06-05,0.794945591245423
AOI-0059,2019-06-10,0.7206879812465081
AOI-0059,2019-06-15,0.543619786394751
AOI-0059,2019-06-30,0.21240201283552157
AOI-0059,2019-07-29,0.26916396145169486
AOI-0059,2019-08-21,0.17839306052706733
AOI-0059,2019-08-24,0.14126625535141382
AOI-0059,2019-09-03,0.14884822414719887
AOI-0059,2019-10-13,0.23360120467138407
AOI-0059,2019-10-24,0.2248613304506821
AOI-0059,2020-04-09,0.2188626989380405
AOI-0059,2020-04-18,0.24202123193037942
AOI-0059,2020-04-25,0.15747556141039923
AOI-0059,2020-05-08,0.6212999733377008
AOI-0059,2020-05-12,0.28402206425687726
AOI-0059,2020-06-05,0.6447821024815854
AOI-0059,2020-07-11,0.7177069175109458
AOI-0059,2020-07-30,0.71264905545718
AOI-0059,2020-10-26,0.19400846204401223
AOI-0059,2021-06-19,0.660545960717756
AOI-0059,2021-06-23,0.646409135395324
AOI-0059,2021-06-29,0.3712600793852088
AOI-0059,2021-07-28,0.36899560456069386
AOI-0059,2021-07-29,0.2214562054375006
AOI-0059,2021-08-18,0.35468053002520605
AOI-0059,2021-08-28,0.6034220459089108
AOI-0059,2021-09-07,0.7124446924250024
AOI-0059,2021-09-17,0.7064739825404208
AOI-0059,2021-09-28,0.3901412856355908
AOI-0059,2021-09-30,0.37313444369922294
AOI-0059,2021-10-16,0.3241674319583827
AOI-0059,2022-04-15,0.2536302981824263
AOI-0059,2022-06-10,0.799973165727589
AOI-0059,2022-06-11,0.774473754222032
AOI-0059,2022-07-20,0.8028822450129369
AOI-0059,2022-08-18,0.7151624364034289
AOI-0059,2022-09-27,0.39510629181042706
AOI-0059,2022-10-08,0.4745860419647521
AOI-0059,2023-05-13,0.9058065221981928
AOI-0059,2023-05-25,0.8710562103774194
AOI-0059,2023-06-18,0.8389622439876595
AOI-0059,2023-07-16,0.261929424249806
AOI-0059,2023-07-29,0.1726108705807168
AOI-0059,2023-09-30,0.3060444966528986
AOI-0059,2023-10-12,0.2001964871366076
AOI-0059,2023-10-16,0.28303587443757255
AOI-0059,2024-04-04,0.2746778461399618
AOI-0059,2024-04-13,0.28010349202595686
AOI-0059,2024-04-22,0.42375208496257505
AOI-0059,2024-05-19,0.24335143939221693
AOI-0059,2024-06-09,0.6366375870993879
AOI-0059,2024-07-13,0.32368919674250396
AOI-0059,2024-07-17,0.3652444355372718
AOI-0059,2024-07-27,0.2880822996916357
AOI-0059,2024-09-11,0.17283749615279106
AOI-0059,2025-04-01,0.5757231484170064
AOI-0059,2025-04-23,0.8510074371481955
AOI-0059,2025-05-01,0.8525634112372247
AOI-0059,2025-05-09,0.8204796287381919
AOI-0059,2025-05-17,0.8243172852731869
AOI-0059,2025-06-10,0.43713561647049626
AOI-0059,2025-08-29,0.1457487370822436
AOI-0059,2025-09-07,0.20097406368183393
AOI-0059,2025-10-08,0.18798930160262675
AOI-0059,2025-10-28,0.2562468623362045
AOI-0060,2025-04-14,0.760941345381047
AOI-0060,2025-04-29,0.8225350764576217
AOI-0060,2025-06-03,0.44572761083120366
AOI-0060,2025-07-04,0.5622598346768656
AOI-0060,2025-07-05,0.5440488563210532
AOI-0060,2025-07-21,0.32608377766493923
AOI-0060,2025-08-05,0.2297267558958406
AOI-0060,2025-08-29,0.20683169350408953
AOI-0060,2025-08-30,0.204469472299297
AOI-0060,2025-09-01,0.16028546098259264
AOI-0060,2025-09-11,0.17203366066456804
AOI-0061,2010-04-23,0.3630953079071288
AOI-0061,2010-05-26,0.646470343510276
AOI-0061,2010-06-11,0.7261545035413032
AOI-0061,2011-06-30,0.5225737285350935
AOI-0061,2011-07-28,0.46767640749099343
AOI-0061,2011-09-18,0.2997796730720121
AOI-0061,2011-09-26,0.33088487278212436
AOI-0061,2012-04-06,0.3462432143398447
AOI-0061,2012-05-24,0.7128293744437709
AOI-0061,2012-08-28,0.456679401318771
AOI-0061,2012-09-04,0.40016408432599854
AOI-0061,2012-10-22,0.1866303986978409
AOI-0061,2013-04-16,0.6394124081700658
AOI-0061,2013-06-10,0.6451197691997531
AOI-0061,2013-06-26,0.4902445266473823
AOI-0061,2013-08-29,0.29393252236669754
AOI-0061,2013-09-14,0.3080172192968422
AOI-0061,2013-10-09,0.20871395990183264
AOI-0061,2014-04-27,0.8070554132300582
AOI-0061,2014-06-26,0.42903653843015593
AOI-0061,2014-07-28,0.30000013787642565
AOI-0061,2015-04-07,0.3093171120086986
AOI-0061,2015-05-08,0.2771539847916805
AOI-0061,2015-09-29,0.26090935623210254
AOI-0061,2016-04-22,0.7778041029332186
AOI-0061,2016-06-19,0.6644527150751268
AOI-0061,2016-06-27,0.4837352662554888
AOI-0061,2016-07-13,0.4251255376000222
AOI-0061,2017-04-03,0.15900557430385157
AOI-0061,2017-05-25,0.5722336330462094
AOI-0061,2017-07-02,0.8282013670925714
AOI-0061,2017-07-27,0.768058311504898
AOI-0061,2017-08-11,0.5108231350526021
AOI-0061,2017-09-02,0.25955250538557306
AOI-0061,2018-04-07,0.7509062431969195
AOI-0061,2018-06-10,0.729799462046672
AOI-0061,2019-04-09,0.2437544334459419
AOI-0061,2019-05-13,0.29000988242765496
AOI-0061,2019-05-21,0.3696904284704624
AOI-0061,2019-05-25,0.7182877053119316
AOI-0061,2019-06-27,0.7815025057831465
AOI-0061,2019-07-12,0.7417136342775323
AOI-0061,2019-08-21,0.642163338976377
AOI-0061,2019-09-14,0.28835342428052113
AOI-0061,2019-09-23,0.13125141311878002
AOI-0061,2019-10-18,0.24174479915473301
AOI-0061,2019-10-20,0.25161353738362696
AOI-0061,2020-04-17,0.3872068986288121
AOI-0061,2020-05-24,0.6820387573669782
AOI-0061,2020-07-16,0.27464289493399346
AOI-0061,2020-07-19,0.27519976557387404
AOI-0061,2020-07-24,0.2757803042790551
AOI-0061,2020-07-27,0.3714821742170924
AOI-0061,2020-08-08,0.22339569970400494
AOI-0061,2020-08-17,0.2769713775901417
AOI-0061,2020-08-18,0.24291251084390944
AOI-0061,2020-08-23,0.22345848670442003
AOI-0061,2020-09-18,0.19104319471579925
AOI-0061,2020-10-17,0.14938321657725548
AOI-0061,2020-10-29,0.05952753252494697
AOI-0061,2021-05-05,0.9052358895555352
AOI-0061,2021-05-08,0.9027383656946729
AOI-0061,2021-05-15,0.8935342735151746
AOI-0061,2021-07-21,0.18014103638092793
AOI-0061,2021-07-24,0.1924926500371989
AOI-0061,2021-08-04,0.3100290269949299
AOI-0061,2021-08-28,0.34601712682196656
AOI-0061,2021-08-29,0.3676012864745152
AOI-0061,2021-10-29,0.06072030091095543
AOI-0061,2022-04-09,0.23746659950749083
AOI-0061,2022-05-09,0.42835223411177936
AOI-0061,2022-05-22,0.3893030669273717
AOI-0061,2022-05-25,0.5437716720190049
AOI-0061,2022-05-27,0.4287901469083995
AOI-0061,2022-06-12,0.8188577880228134
AOI-0061,2022-06-29,0.8532233875825074
AOI-0061,2022-07-06,0.8349245260783104
AOI-0061,2022-07-21,0.8172232811144766
AOI-0061,2022-07-22,0.7914489981181843
AOI-0061,2022-07-28,0.7899194921262539
AOI-0061,2022-08-23,0.38497996050716077
AOI-0061,2023-04-07,0.6347872936067716
AOI-0061,2023-04-25,0.6132929790936713
AOI-0061,2023-05-05,0.6862890542016966
AOI-0061,2023-05-06,0.6921687514725431
AOI-0061,2023-05-17,0.6828127102725245
AOI-0061,2023-06-06,0.790750910691574
AOI-0061,2023-06-21,0.7575448302102705
AOI-0061,2023-07-17,0.46869640229665366
AOI-0061,2023-07-21,0.45626367600492584
AOI-0061,2023-07-27,0.48335274170023457
AOI-0061,2023-09-24,0.16708900472092467
AOI-0061,2023-10-14,0.15239762654207767
AOI-0061,2023-10-29,0.17891022466948298
AOI-0061,2024-04-29,0.433597440090026
AOI-0061,2024-05-01,0.43276462653568293
AOI-0061,2024-05-08,0.5829593717368536
AOI-0061,2024-06-20,0.4794411960783612
AOI-0061,2024-07-15,0.373819347714509
AOI-0061,2024-08-09,0.3122006159104375
AOI-0061,2024-08-12,0.34115031681651187
AOI-0061,2024-09-06,0.21140534344099937
AOI-0061,2024-09-26,0.17141611201465204
AOI-0061,2024-10-07,0.22294759243140963
AOI-0061,2025-04-16,0.6615973173263281
AOI-0061,2025-04-19,0.740267650324119
AOI-0061,2025-05-28,0.836555601577592
AOI-0061,2025-06-28,0.5250699090561726
AOI-0061,2025-07-07,0.39897279729609214
AOI-0061,2025-07-10,0.34184905136287325
AOI-0061,2025-07-28,0.18199607894204717
AOI-0061,2025-08-16,0.20069603332705432
AOI-0061,2025-08-29,0.22229437502387647
AOI-0061,2025-09-24,0.31000205198199815
AOI-0061,2025-09-26,0.3222064060793335
AOI-0061,2025-10-16,0.3484229106844084
AOI-0062,2010-04-24,0.8057852663118453
AOI-0062,2010-05-09,0.8401110041780393
AOI-0062,2010-05-26,0.8464475674742774
AOI-0062,2010-08-13,0.23912063334304737
AOI-0062,2010-10-16,0.2989703476413004
AOI-0062,2011-06-14,0.70243622242529
AOI-0062,2011-07-28,0.4275732805168834
AOI-0062,2011-10-16,0.500203379821444
AOI-0062,2012-06-09,0.644727154082813
AOI-0062,2012-08-28,0.2578385312142097
AOI-0062,2012-09-04,0.17161924520350133
AOI-0062,2012-09-13,0.24979159758938235
AOI-0062,2013-04-23,0.40630421331880273
AOI-0062,2013-07-12,0.7097615308743654
AOI-0062,2013-07-28,0.6808488170486083
AOI-0062,2013-09-14,0.3592789424379448
AOI-0062,2013-10-16,0.2979935747378386
AOI-0062,2014-06-30,0.29010033377570255
AOI-0062,2014-10-04,0.39170911420531945
AOI-0062,2015-04-22,0.6633269169899024
AOI-0062,2015-05-09,0.7106776369567277
AOI-0062,2015-09-05,0.19603469657633937
AOI-0062,2015-09-21,0.20974166668524247
AOI-0062,2016-05-08,0.8850972784441543
AOI-0062,2016-07-11,0.3298763546446266
AOI-0062,2016-07-27,0.35137712272771016
AOI-0062,2016-09-13,0.25512033231675396
AOI-0062,2016-10-25,0.2855050816173829
AOI-0062,2017-04-07,0.3298416817263575
AOI-0062,2017-07-28,0.6734942221629179
AOI-0062,2017-09-15,0.16498181772720727
AOI-0062,2018-04-06,0.6980399896773855
AOI-0062,2018-04-07,0.7211425325065033
AOI-0062,2018-06-02,0.827202016641682
AOI-0062,2018-06-25,0.33508945214149244
AOI-0062,2018-07-28,0.2958553706878278
AOI-0062,2018-08-28,0.1939786503701914
AOI-0062,2019-04-08,0.16180025739096993
AOI-0062,2019-04-11,0.17355860087286049
AOI-0062,2019-06-17,0.7065960223477821
AOI-0062,2019-07-06,0.725136653641802
AOI-0062,2019-08-09,0.7334307612043941
AOI-0062,2019-08-23,0.40140651216801826
AOI-0062,2019-09-23,0.10765395205297644
AOI-0062,2019-10-18,0.16200941761093476
AOI-0062,2019-10-23,0.2263963091894979
AOI-0062,2019-10-28,0.21623851348428474
AOI-0062,2020-04-30,0.7739369567610901
AOI-0062,2020-05-30,0.8044375511028844
AOI-0062,2020-06-16,0.518122270680774
AOI-0062,2020-07-26,0.12799430304075132
AOI-0062,2020-08-18,0.1520327564742623
AOI-0062,2020-08-20,0.14018962133481622
AOI-0062,2020-08-23,0.14590744066876185
AOI-0062,2020-08-25,0.15303836395828152
AOI-0062,2020-09-07,0.12645807109480986
AOI-0062,2020-09-09,0.1417579131968311
AOI-0062,2020-10-07,0.15555488955403882
AOI-0062,2020-10-15,0.22751371941784496
AOI-0062,2021-04-23,0.3285493636557658
AOI-0062,2021-05-05,0.20247591970503664
AOI-0062,2021-05-08,0.22656180787328173
AOI-0062,2021-05-12,0.19455443542822703
AOI-0062,2021-06-06,0.32456735113040125
AOI-0062,2021-06-10,0.6328970016188532
AOI-0062,2021-07-01,0.7172885693574204
AOI-0062,2021-07-26,0.747357775607515
AOI-0062,2021-07-29,0.7409643189624113
AOI-0062,2021-09-12,0.19671343516913858
AOI-0062,2021-09-13,0.2666909776869479
AOI-0062,2021-09-19,0.18212044533707247
AOI-0062,2021-09-27,0.19189384459528905
AOI-0062,2021-09-29,0.18193922763566286
AOI-0062,2021-10-07,0.1582170728942922
AOI-0062,2021-10-16,0.2713347090767163
AOI-0062,2022-04-10,0.7470882179690327
AOI-0062,2022-04-27,0.8544980307439054
AOI-0062,2022-05-11,0.895568704211102
AOI-0062,2022-05-25,0.8751491705562001
AOI-0062,2022-07-21,0.19493868322049757
AOI-0062,2022-07-24,0.18705752605636378
AOI-0062,2022-08-23,0.16372186534508024
AOI-0062,2022-09-14,0.2162352360528122
AOI-0062,2022-09-18,0.16654120297253464
AOI-0062,2022-09-30,0.22423877409396048
AOI-0062,2022-10-19,0.15442528453145551
AOI-0062,2023-05-17,0.3403759934471067
AOI-0062,2023-06-18,0.8687776596319444
AOI-0062,2023-06-24,0.8760421498717297
AOI-0062,2023-07-14,0.8151841753352946
AOI-0062,2023-08-05,0.4805552900038917
AOI-0062,2023-08-25,0.14150677612357984
AOI-0062,2023-09-17,0.1547142826769725
AOI-0062,2023-10-12,0.18687213036310077
AOI-0062,2023-10-16,0.23553181198798553
AOI-0062,2024-04-22,0.8847300468563656
AOI-0062,2024-06-03,0.8048367143970571
AOI-0062,2024-06-08,0.7233545687439149
AOI-0062,2024-06-23,0.2338366205448987
AOI-0062,2024-07-30,0.10441954072673842
AOI-0062,2024-08-04,0.13046083644213588
AOI-0062,2024-08-12,0.14692207612963076
AOI-0062,2024-09-06,0.12996092571866477
AOI-0062,2024-10-26,0.15434795805026022
AOI-0062,2025-04-01,0.23213460324333163
AOI-0062,2025-04-07,0.36773142512755974
AOI-0062,2025-04-11,0.24557085039574872
AOI-0062,2025-04-24,0.2421851450669076
AOI-0062,2025-04-29,0.2586384461298289
AOI-0062,2025-05-28,0.48317608347656127
AOI-0062,2025-06-28,0.8147697557044308
AOI-0062,2025-07-06,0.8173554835371823
AOI-0062,2025-07-07,0.7851894566429212
AOI-0062,2025-07-15,0.5240259954534644
AOI-0062,2025-07-25,0.40562490656209194
AOI-0062,2025-08-02,0.2772595063060558
AOI-0062,2025-08-17,0.23821142790860328
AOI-0062,2025-09-24,0.21015759060959385
AOI-0062,2025-09-30,0.2836861396182055
AOI-0062,2025-10-08,0.17117982023125597
AOI-0062,2025-10-13,0.1761418414069142
AOI-0063,2025-04-14,0.2328293846700336
AOI-0063,2025-04-19,0.21351311663031644
AOI-0063,2025-04-23,0.3770032852524142
AOI-0063,2025-04-24,0.24386352138459572
AOI-0063,2025-05-06,0.19377765131613892
AOI-0063,2025-05-25,0.5753344762668129
AOI-0063,2025-06-05,0.7250901623965471
AOI-0063,2025-06-25,0.7983680640210093
AOI-0063,2025-06-28,0.8142999520515917
AOI-0063,2025-06-30,0.7885013777937213
AOI-0063,2025-07-06,0.8051037766422975
AOI-0063,2025-07-07,0.7848866948062525
AOI-0063,2025-07-22,0.5363789332876682
AOI-0063,2025-08-23,0.4052271920558571
AOI-0063,2025-09-13,0.23767952233393225
AOI-0063,2025-09-14,0.3212668655168759
AOI-0064,2025-04-14,0.4632015238048842
AOI-0064,2025-04-23,0.6183427622311782
AOI-0064,2025-04-24,0.42962941576829744
AOI-0064,2025-06-03,0.7468077852453957
AOI-0064,2025-06-05,0.7381341458974903
AOI-0064,2025-06-26,0.46334050675698885
AOI-0064,2025-06-27,0.39780924825388664
AOI-0064,2025-06-28,0.3847630840754754
AOI-0064,2025-07-10,0.23080491143580673
AOI-0064,2025-08-12,0.12707854387343653
AOI-0064,2025-08-19,0.1535476736659402
AOI-0064,2025-08-27,0.14968404511774058
AOI-0064,2025-08-31,0.22247247172078569
AOI-0064,2025-09-13,0.16634465348839667
AOI-0064,2025-10-06,0.18280938368209323
AOI-0064,2025-10-13,0.16936689505059668
AOI-0065,2025-04-19,0.4364875249146109
AOI-0065,2025-05-01,0.46949423343092306
AOI-0065,2025-06-04,0.5345831268959387
AOI-0065,2025-06-05,0.5081515340158855
AOI-0065,2025-06-08,0.5140755961895185
AOI-0065,2025-06-26,0.6600422212776967
AOI-0065,2025-07-15,0.43645798664915364
AOI-0065,2025-07-18,0.4060199423217411
AOI-0065,2025-08-07,0.20882804195480295
AOI-0065,2025-08-17,0.21023265409805444
AOI-0065,2025-09-14,0.2884098084396494
AOI-0065,2025-09-25,0.20215234285340564
AOI-0065,2025-09-30,0.3387206343477866
AOI-0065,2025-10-08,0.22949261120619902
AOI-0066,2025-06-05,0.4880320089285017
AOI-0066,2025-07-05,0.7951933069389883
AOI-0066,2025-07-15,0.7036574275625572
AOI-0066,2025-07-25,0.535264644489953
AOI-0066,2025-07-27,0.49523644197134664
AOI-0066,2025-08-14,0.31329742505023106
AOI-0066,2025-09-01,0.16473079400986293
AOI-0067,2010-04-25,0.16589691414370142
AOI-0067,2010-06-20,0.17996058087654068
AOI-0067,2010-06-26,0.2511104905799764
AOI-0067,2010-07-13,0.1708662096768087
AOI-0067,2010-07-21,0.161588816620319
AOI-0067,2010-08-06,0.16066596836710254
AOI-0067,2010-08-07,0.15542306633772593
AOI-0067,2010-08-15,0.14465990263125364
AOI-0067,2010-09-23,0.16544573787193512
AOI-0067,2010-10-09,0.15409854142541254
AOI-0067,2011-05-09,0.3400785210787603
AOI-0067,2011-05-14,0.20990669408731355
AOI-0067,2011-09-03,0.3273370479300557
AOI-0067,2011-09-19,0.30506140590339426
AOI-0067,2012-05-08,0.35039990532639864
AOI-0067,2012-06-09,0.16413471390180825
AOI-0067,2012-07-27,0.12219879606446692
AOI-0067,2012-09-29,0.145391548119233
AOI-0067,2013-07-30,0.2223180875018429
AOI-0067,2013-08-29,0.3926764906868039
AOI-0067,2014-05-21,0.19589982463877248
AOI-0067,2014-05-25,0.2935200337724006
AOI-0067,2014-06-06,0.18888364695739288
AOI-0067,2014-06-07,0.19939670244117413
AOI-0067,2014-07-01,0.18968049998261968
AOI-0067,2014-07-16,0.1992444131216089
AOI-0067,2014-07-17,0.15940742181679093
AOI-0067,2014-09-14,0.21582085385182087
AOI-0067,2014-10-12,0.14544138100858603
AOI-0067,2015-04-15,0.16623936272957035
AOI-0067,2015-05-09,0.30547247521776827
AOI-0067,2015-06-02,0.20778555567120457
AOI-0067,2015-06-18,0.24290128513196976
AOI-0067,2015-07-12,0.4625302406906737
AOI-0067,2015-07-20,0.38082601637383456
AOI-0067,2015-08-29,0.47026410377670225
AOI-0067,2015-09-14,0.35549699279143165
AOI-0067,2015-09-29,0.2507958572016978
AOI-0067,2016-05-03,0.23931559547548553
AOI-0067,2016-05-10,0.2546417344395362
AOI-0067,2016-05-11,0.2619090520778646
AOI-0067,2016-06-25,0.2535267581380547
AOI-0067,2016-07-14,0.19579440999375566
AOI-0067,2016-07-27,0.37652821158586314
AOI-0067,2016-09-29,0.2680820586928402
AOI-0067,2016-10-25,0.22119109504414772
AOI-0067,2017-04-04,0.15524785607497554
AOI-0067,2017-04-28,0.16039475073602594
AOI-0067,2017-05-05,0.1854116889992687
AOI-0067,2017-06-07,0.29680346221659853
AOI-0067,2017-07-09,0.48676267554904956
AOI-0067,2017-07-25,0.5310498858305296
AOI-0067,2017-08-02,0.599940362924002
AOI-0067,2017-08-11,0.5457082886817758
AOI-0067,2017-08-13,0.5365961624608546
AOI-0067,2017-08-29,0.5311700548897382
AOI-0067,2017-09-14,0.4621937667138181
AOI-0067,2017-09-20,0.4111670507768186
AOI-0067,2018-04-06,0.1926242565180756
AOI-0067,2018-04-23,0.25419642940841986
AOI-0067,2018-05-25,0.23660774858397174
AOI-0067,2018-07-11,0.1879175243243062
AOI-0067,2018-08-29,0.1682149495050071
AOI-0067,2019-05-08,0.7591108879082487
AOI-0067,2019-05-28,0.8323846315935245
AOI-0067,2019-06-12,0.4567821207396165
AOI-0067,2019-07-12,0.27553919492336243
AOI-0067,2019-07-14,0.20967944008836725
AOI-0067,2019-07-28,0.46053082855975275
AOI-0067,2019-08-08,0.4296526702687378
AOI-0067,2019-08-11,0.4009851629471338
AOI-0067,2019-08-29,0.2871097653395475
AOI-0067,2019-09-05,0.2800619466813909
AOI-0067,2019-09-16,0.2830849557625543
AOI-0067,2019-09-24,0.2980588871468064
AOI-0067,2019-10-02,0.322041761364388
AOI-0067,2019-10-03,0.29341443024973196
AOI-0067,2019-10-15,0.30127830314953097
AOI-0067,2020-04-22,0.1743277621107288
AOI-0067,2020-04-27,0.13535039785284478
AOI-0067,2020-05-02,0.13288102688666484
AOI-0067,2020-05-08,0.3170174588386581
AOI-0067,2020-07-06,0.6038026048205363
AOI-0067,2020-07-25,0.42150437943119323
AOI-0067,2020-07-26,0.41631736568994493
AOI-0067,2020-07-27,0.46075487643739244
AOI-0067,2020-08-25,0.37247779014330584
AOI-0067,2020-10-15,0.23567505149438836
AOI-0067,2021-05-16,0.2686607947773834
AOI-0067,2021-06-06,0.6048418139990824
AOI-0067,2021-06-16,0.6876610472021429
AOI-0067,2021-06-18,0.6695888948346582
AOI-0067,2021-07-04,0.4649638937446966
AOI-0067,2021-08-30,0.301494248204108
AOI-0067,2021-09-09,0.336214361978217
AOI-0067,2021-10-09,0.18134145081952557
AOI-0067,2022-04-02,0.13766967835872673
AOI-0067,2022-04-23,0.26194911630162915
AOI-0067,2022-04-26,0.20149949576518894
AOI-0067,2022-06-01,0.19004321179326228
AOI-0067,2022-07-01,0.6158246426742322
AOI-0067,2022-08-23,0.4429645061774885
AOI-0067,2022-08-24,0.45780880042020666
AOI-0067,2022-08-29,0.40694526806014897
AOI-0067,2022-09-01,0.359749854676546
AOI-0067,2022-09-25,0.3466837042211241
AOI-0067,2022-10-09,0.3052934122481366
AOI-0067,2022-10-14,0.2962401302167905
AOI-0067,2023-04-23,0.30332120854497246
AOI-0067,2023-05-31,0.2326712319849696
AOI-0067,2023-06-30,0.6799196579777145
AOI-0067,2023-07-12,0.6529409039829721
AOI-0067,2023-07-21,0.5981822082991681
AOI-0067,2023-07-27,0.4991848868406704
AOI-0067,2023-08-26,0.3213897274261108
AOI-0067,2023-09-24,0.20824956088560775
AOI-0067,2023-09-27,0.22919457745305644
AOI-0067,2023-10-05,0.272098927335418
AOI-0067,2023-10-13,0.2203696015162341
AOI-0067,2024-04-01,0.1631731921250505
AOI-0067,2024-04-11,0.20569725644379913
AOI-0067,2024-05-09,0.44729631575713635
AOI-0067,2024-05-24,0.6410366195484317
AOI-0067,2024-07-05,0.26326058698234456
AOI-0067,2024-07-10,0.25842446899670335
AOI-0067,2024-08-29,0.14424173105994068
AOI-0067,2024-09-06,0.17920416288610932
AOI-0067,2024-09-23,0.13538230860344594
AOI-0067,2025-04-17,0.1844243070963188
AOI-0067,2025-04-23,0.19172356929495127
AOI-0067,2025-04-28,0.136531795002468
AOI-0067,2025-06-05,0.14691087749988505
AOI-0067,2025-06-21,0.2841097147765455
AOI-0067,2025-06-26,0.437647924805884
AOI-0067,2025-07-05,0.44075192895083837
AOI-0067,2025-07-14,0.5007458251557577
AOI-0067,2025-07-15,0.4421620740198333
AOI-0067,2025-08-06,0.5883733162930602
AOI-0067,2025-09-01,0.4462078457592813
AOI-0067,2025-09-23,0.29589873537848366
AOI-0067,2025-10-03,0.2296521022386828
AOI-0068,2010-04-16,0.13950595539945562
AOI-0068,2010-05-02,0.17849471570778033
AOI-0068,2010-05-09,0.3169669869536756
AOI-0068,2010-06-20,0.17493742524164935
AOI-0068,2010-07-13,0.16977999278603992
AOI-0068,2010-07-14,0.14246290245099183
AOI-0068,2010-07-28,0.20094511502221019
AOI-0068,2010-08-07,0.16622400061303558
AOI-0068,2010-08-29,0.17435920926776638
AOI-0068,2011-04-07,0.46480511047586703
AOI-0068,2011-05-30,0.6223114774504889
AOI-0068,2011-06-15,0.39320577874348317
AOI-0068,2011-06-23,0.2844989528406506
AOI-0068,2011-07-16,0.20971529806972547
AOI-0068,2011-08-09,0.18042224939983237
AOI-0068,2011-09-03,0.1828919017892043
AOI-0068,2012-07-27,0.1493531003055163
AOI-0068,2012-08-03,0.15851729411410162
AOI-0068,2012-10-22,0.1931012998857097
AOI-0068,2013-06-19,0.2811989583065911
AOI-0068,2013-06-27,0.25431563256846557
AOI-0068,2013-07-28,0.24206334241288774
AOI-0068,2014-04-27,0.41070281595793195
AOI-0068,2014-07-28,0.18092114490420252
AOI-0068,2014-08-17,0.18103665676571487
AOI-0068,2014-08-25,0.137368836676635
AOI-0068,2014-10-05,0.14452208072969328
AOI-0068,2014-10-16,0.192610512678757
AOI-0068,2014-10-29,0.18339022363476395
AOI-0068,2015-06-09,0.326087251071309
AOI-0068,2015-07-27,0.2855660747889161
AOI-0068,2015-08-04,0.2710334945925564
AOI-0068,2016-05-02,0.3276227808001174
AOI-0068,2016-05-11,0.32413646974714194
AOI-0068,2016-07-14,0.3408249866333503
AOI-0068,2016-08-28,0.27468050987438963
AOI-0068,2016-09-13,0.2629208873831275
AOI-0068,2016-09-29,0.3440341505997063
AOI-0068,2017-05-14,0.5287728026023693
AOI-0068,2017-06-10,0.46599154462888814
AOI-0068,2017-06-22,0.41821910640167603
AOI-0068,2017-06-27,0.29197657630898527
AOI-0068,2017-07-12,0.24910657340807954
AOI-0068,2017-08-02,0.20177777387640045
AOI-0068,2017-08-11,0.14400382512786417
AOI-0068,2017-08-13,0.2007899298668939
AOI-0068,2017-09-02,0.1254752206837732
AOI-0068,2017-09-03,0.19903085030225492
AOI-0068,2018-04-28,0.28120765863589303
AOI-0068,2018-05-09,0.41387630926341257
AOI-0068,2018-06-07,0.20964287267557974
AOI-0068,2018-07-11,0.181064776662322
AOI-0068,2018-08-28,0.1635156756480879
AOI-0068,2018-09-06,0.16946575603297162
AOI-0068,2018-09-21,0.1391833405658384
AOI-0068,2019-05-25,0.6394487947958953
AOI-0068,2019-05-28,0.5982787433810578
AOI-0068,2019-06-28,0.21701180683988758
AOI-0068,2019-08-07,0.24833792933579363
AOI-0068,2019-09-01,0.19000577270068672
AOI-0068,2019-09-05,0.16740089985729922
AOI-0068,2019-09-15,0.17889566753628525
AOI-0068,2019-09-24,0.24161267800772526
AOI-0068,2019-09-25,0.22054306407882351
AOI-0068,2019-09-30,0.3092767096076898
AOI-0068,2019-10-02,0.2863525707676943
AOI-0068,2019-10-25,0.3095483609742331
AOI-0068,2020-04-02,0.3065597990010617
AOI-0068,2020-04-06,0.36425755595920767
AOI-0068,2020-04-12,0.3091953418815371
AOI-0068,2020-04-19,0.3143239718884496
AOI-0068,2020-06-26,0.18777444298560547
AOI-0068,2020-07-27,0.17245016488255577
AOI-0068,2020-07-31,0.14846493116058163
AOI-0068,2020-09-03,0.14810255098788072
AOI-0068,2020-10-05,0.13614609107484418
AOI-0068,2020-10-20,0.18903289248437483
AOI-0068,2021-05-01,0.2976010159256336
AOI-0068,2021-05-16,0.4415272619585329
AOI-0068,2021-06-11,0.4831250793474148
AOI-0068,2021-06-16,0.4674614543346434
AOI-0068,2021-07-19,0.270714010152622
AOI-0068,2021-07-31,0.18740837809663896
AOI-0068,2021-09-30,0.4184145603722998
AOI-0068,2022-04-02,0.3032697691302781
AOI-0068,2022-04-12,0.28682919412896174
AOI-0068,2022-04-23,0.5361552285760515
AOI-0068,2022-05-12,0.5108484417553568
AOI-0068,2022-05-27,0.3809416309592584
AOI-0068,2022-06-08,0.36832036873756147
AOI-0068,2022-06-20,0.25679243031143684
AOI-0068,2022-07-01,0.18501981690505354
AOI-0068,2022-07-14,0.160572755002274
AOI-0068,2022-07-30,0.1940201419767759
AOI-0068,2022-08-15,0.1670820124400106
AOI-0068,2023-04-03,0.474264697267477
AOI-0068,2023-04-17,0.5172895718981059
AOI-0068,2023-05-09,0.6576561696305764
AOI-0068,2023-06-06,0.526685840167356
AOI-0068,2023-06-30,0.2843848550752603
AOI-0068,2023-07-05,0.26383868733054616
AOI-0068,2023-08-03,0.2608127069597017
AOI-0068,2023-08-13,0.27287692082912823
AOI-0068,2023-09-03,0.36635262774642713
AOI-0068,2023-09-24,0.33652797623041375
AOI-0068,2023-10-06,0.33418617402061596
AOI-0068,2023-10-11,0.3025777738201267
AOI-0068,2024-05-01,0.2813232416834129
AOI-0068,2024-05-09,0.2176350004056338
AOI-0068,2024-06-15,0.16308344946323397
AOI-0068,2024-08-05,0.19230344641002103
AOI-0068,2024-08-09,0.11398171031227278
AOI-0068,2024-08-19,0.15403328999106342
AOI-0068,2024-08-28,0.15883348758198992
AOI-0068,2024-09-08,0.15064440185636646
AOI-0068,2024-09-14,0.19415347540553612
AOI-0068,2024-09-29,0.18582191459704372
AOI-0068,2024-10-13,0.14594985823127887
AOI-0068,2025-05-08,0.6814636008089943
AOI-0068,2025-05-11,0.6959090524181927
AOI-0068,2025-05-20,0.7107509661931812
AOI-0068,2025-06-10,0.4088009065674806
AOI-0068,2025-06-15,0.3318304727300453
AOI-0068,2025-06-17,0.30233408718245997
AOI-0068,2025-06-30,0.22370173284303618
AOI-0068,2025-07-22,0.20479335746133717
AOI-0068,2025-07-28,0.2391775316158573
AOI-0068,2025-08-13,0.22974153924068832
AOI-0068,2025-08-14,0.19597045571021385
AOI-0068,2025-08-23,0.22219749048402382
AOI-0068,2025-08-24,0.16828115468897098
AOI-0068,2025-09-08,0.1610987810232591
AOI-0068,2025-09-14,0.23718020366645623
AOI-0068,2025-09-24,0.23499440644805056
AOI-0069,2025-04-16,0.1689425621713414
AOI-0069,2025-04-21,0.1778356360214494
AOI-0069,2025-04-23,0.249416198011238
AOI-0069,2025-05-01,0.1749063859146241
AOI-0069,2025-05-11,0.2470093596595873
AOI-0069,2025-05-25,0.5069021474207274
AOI-0069,2025-05-28,0.43606622440495085
AOI-0069,2025-06-10,0.38027119159499073
AOI-0069,2025-06-25,0.2671807594386855
AOI-0069,2025-06-26,0.2882971691443512
AOI-0069,2025-07-05,0.1820368231122917
AOI-0069,2025-07-06,0.24060908882620285
AOI-0069,2025-07-22,0.15371395819864375
AOI-0069,2025-08-07,0.17018990650637256
AOI-0069,2025-08-14,0.14694881309442143
AOI-0069,2025-09-01,0.14662793700668122
AOI-0069,2025-09-14,0.1965066332055699
AOI-0069,2025-09-24,0.17708546116508367
AOI-0069,2025-09-25,0.16156219932793495
AOI-0069,2025-09-28,0.14383712990112596
AOI-0070,2025-05-11,0.29587550432717435
AOI-0070,2025-05-25,0.39355458868375204
AOI-0070,2025-06-07,0.21275727947694842
AOI-0070,2025-06-10,0.21408563180498236
AOI-0070,2025-06-25,0.186812512840355
AOI-0070,2025-07-12,0.23443588708640378
AOI-0070,2025-08-24,0.15387757836006208
AOI-0070,2025-08-31,0.18594479994723503
AOI-0070,2025-09-25,0.16874690246992588
AOI-0070,2025-10-02,0.2009865253819853
AOI-0070,2025-10-13,0.1876922143679339
AOI-0070,2025-10-23,0.23878553045130047
AOI-0071,2025-04-16,0.3480849931890358
AOI-0071,2025-04-18,0.352107063924741
AOI-0071,2025-04-21,0.34803358992179956
AOI-0071,2025-05-25,0.5973147183475576
AOI-0071,2025-06-26,0.6465314901859605
AOI-0071,2025-07-06,0.6164792605969966
AOI-0071,2025-07-07,0.5409988525988952
AOI-0071,2025-07-12,0.48850804498428063
AOI-0071,2025-08-13,0.4584839457384814
AOI-0071,2025-08-23,0.43657142450847836
AOI-0071,2025-08-24,0.3857878435763449
AOI-0071,2025-08-26,0.37859443810569154
AOI-0071,2025-08-29,0.37754287427485783
AOI-0071,2025-09-01,0.3982905792318857
AOI-0071,2025-09-15,0.3393656467766699
AOI-0071,2025-09-28,0.31259135147086636
AOI-0072,2025-05-08,0.7725296507007184
AOI-0072,2025-06-04,0.6870973439102052
AOI-0072,2025-07-05,0.17118878017583872
AOI-0072,2025-07-06,0.2306052823129127
AOI-0072,2025-07-14,0.19724015431033692
AOI-0072,2025-07-17,0.14023712354135165
AOI-0072,2025-08-07,0.17460708845210948
AOI-0072,2025-08-19,0.1656529332930576
AOI-0072,2025-08-29,0.19394848196512274
AOI-0072,2025-09-03,0.1393236200058015
AOI-0072,2025-09-15,0.1482133391912176
AOI-0072,2025-09-16,0.15653039179037528
AOI-0072,2025-09-30,0.22665256938791656
AOI-0072,2025-10-03,0.1600591462503245
AOI-0072,2025-10-13,0.15738588325557168
AOI-0073,2010-06-26,0.6106624538264429
AOI-0073,2010-07-12,0.48949994500280575
AOI-0073,2011-04-07,0.27465514556075193
AOI-0073,2011-07-14,0.5242653481347592
AOI-0073,2011-09-14,0.3894425417704018
AOI-0073,2012-04-22,0.4830535053867453
AOI-0073,2012-04-27,0.3786010237193811
AOI-0073,2012-05-24,0.6539142928179009
AOI-0073,2012-09-29,0.3040707143884947
AOI-0073,2013-04-03,0.25047032114444995
AOI-0073,2013-06-10,0.5416439808842112
AOI-0073,2013-06-25,0.5329682177721589
AOI-0073,2013-07-12,0.544940544944109
AOI-0073,2013-07-28,0.5291684544556432
AOI-0073,2013-09-30,0.4466718659197058
AOI-0073,2014-05-27,0.5406414814071293
AOI-0073,2014-07-12,0.7346997087147823
AOI-0073,2014-07-30,0.660762634526296
AOI-0073,2014-08-13,0.4705298852185892
AOI-0073,2014-09-14,0.39899563893694046
AOI-0073,2014-10-10,0.2340767529853235
AOI-0073,2015-05-22,0.38042338577785967
AOI-0073,2015-05-30,0.4169501216123297
AOI-0073,2015-06-10,0.579487525382396
AOI-0073,2015-06-15,0.45617371224135
AOI-0073,2015-07-01,0.6009299192253222
AOI-0073,2015-07-09,0.616618880641973
AOI-0073,2015-08-26,0.3574444143319846
AOI-0073,2015-10-05,0.233140615211489
AOI-0073,2016-04-06,0.580782087410187
AOI-0073,2017-04-23,0.28454475133072193
AOI-0073,2017-06-04,0.3693450457924952
AOI-0073,2017-06-12,0.46896347118206594
AOI-0073,2017-07-06,0.7542081585740084
AOI-0073,2017-07-18,0.7461849074392568
AOI-0073,2017-08-07,0.6955202928619107
AOI-0073,2017-08-12,0.6650580453636096
AOI-0073,2017-10-11,0.2933546099521541
AOI-0073,2017-10-16,0.3223491009830821
AOI-0073,2018-04-16,0.16764969752630857
AOI-0073,2019-05-17,0.30391209423766125
AOI-0073,2019-05-19,0.27489195727460697
AOI-0073,2019-06-03,0.5076482859891384
AOI-0073,2019-07-13,0.6797874456995081
AOI-0073,2019-08-07,0.6581372344037905
AOI-0073,2019-08-12,0.5832482708700465
AOI-0073,2019-09-06,0.3420056356112747
AOI-0073,2019-09-11,0.3329797968631833
AOI-0073,2019-09-15,0.3008958383857233
AOI-0073,2019-09-16,0.2995178173111536
AOI-0073,2019-09-28,0.2515976703937826
AOI-0073,2019-10-16,0.28308389962130437
AOI-0073,2019-10-26,0.22096711448573583
AOI-0073,2020-04-05,0.15546470821644226
AOI-0073,2020-04-15,0.09492820886230041
AOI-0073,2020-04-22,0.38621344433197063
AOI-0073,2020-05-18,0.5892883155329923
AOI-0073,2020-07-04,0.2942454653715699
AOI-0073,2020-07-06,0.31819649891378804
AOI-0073,2020-07-24,0.19975724304619413
AOI-0073,2020-07-29,0.17487652894258623
AOI-0073,2020-08-12,0.257385755336174
AOI-0073,2020-09-01,0.23093037067597658
AOI-0073,2020-09-20,0.1676754657325522
AOI-0073,2020-10-20,0.22303097887696086
AOI-0073,2020-10-26,0.17580426236176944
AOI-0073,2021-05-06,0.22469351313957492
AOI-0073,2021-05-13,0.18342831399185922
AOI-0073,2021-05-15,0.21820440377617334
AOI-0073,2021-06-29,0.705977499740824
AOI-0073,2021-07-25,0.7520327635317566
AOI-0073,2021-08-02,0.6964741814633584
AOI-0073,2021-09-07,0.3354279339650011
AOI-0073,2021-09-14,0.31547813687663856
AOI-0073,2021-09-15,0.27887121864857023
AOI-0073,2022-04-23,0.30391992570800536
AOI-0073,2022-04-25,0.20369621997912868
AOI-0073,2022-06-04,0.2769036284452502
AOI-0073,2022-06-07,0.24141035880692738
AOI-0073,2022-06-09,0.25435842591976565
AOI-0073,2022-06-14,0.4030239249488012
AOI-0073,2022-07-05,0.7917593398955711
AOI-0073,2022-07-07,0.7511671083928821
AOI-0073,2022-09-10,0.3642262610413476
AOI-0073,2022-09-30,0.34677255093277126
AOI-0073,2023-04-02,0.22785157399918307
AOI-0073,2023-04-28,0.26743211378701026
AOI-0073,2023-05-03,0.2830904201532962
AOI-0073,2023-05-05,0.2869875763345676
AOI-0073,2023-05-13,0.34811175572618186
AOI-0073,2023-06-04,0.544141647606047
AOI-0073,2023-06-07,0.5603406421293885
AOI-0073,2023-07-25,0.32329542585116033
AOI-0073,2023-07-31,0.2409165729299364
AOI-0073,2023-08-06,0.2559829234200036
AOI-0073,2023-08-16,0.23797550208153176
AOI-0073,2023-08-28,0.22940991281793863
AOI-0073,2023-09-07,0.20088727157595399
AOI-0073,2023-09-12,0.21248529951904463
AOI-0073,2023-09-29,0.21413094174467245
AOI-0073,2023-10-11,0.26221083676970525
AOI-0073,2023-10-15,0.25654276246750435
AOI-0073,2024-04-14,0.45715223453563036
AOI-0073,2024-04-20,0.5863477945876822
AOI-0073,2024-05-06,0.649752218620801
AOI-0073,2024-05-07,0.6637071078340813
AOI-0073,2024-06-23,0.3638452672394422
AOI-0073,2024-07-03,0.24447778548892438
AOI-0073,2024-07-11,0.38729734297863716
AOI-0073,2024-07-13,0.24796456124050706
AOI-0073,2024-07-21,0.2368184799618712
AOI-0073,2024-07-25,0.23462510703359496
AOI-0073,2024-08-12,0.23574505933949644
AOI-0073,2024-08-28,0.25281929915999346
AOI-0073,2024-09-01,0.17676363334260412
AOI-0073,2024-09-13,0.22411183840395532
AOI-0073,2024-09-29,0.21629364250627767
AOI-0073,2025-04-07,0.2561465954984874
AOI-0073,2025-04-15,0.21012512665977265
AOI-0073,2025-04-19,0.1818305511416815
AOI-0073,2025-04-22,0.2001464036165561
AOI-0073,2025-04-23,0.26844018573136985
AOI-0073,2025-04-29,0.19382474290072094
AOI-0073,2025-05-11,0.22315060356300898
AOI-0073,2025-05-22,0.22725196125175226
AOI-0073,2025-05-29,0.21631770331040978
AOI-0073,2025-06-03,0.3192076750375469
AOI-0073,2025-06-30,0.7745462447766664
AOI-0073,2025-07-06,0.78569078214176
AOI-0073,2025-07-08,0.7859392575627168
AOI-0073,2025-07-28,0.7083681661354481
AOI-0073,2025-08-05,0.6983326063699485
AOI-0073,2025-08-07,0.7086703115461387
AOI-0073,2025-08-22,0.4770771830075162
AOI-0073,2025-08-27,0.40654233849639654
AOI-0073,2025-09-22,0.31586324884342476
AOI-0074,2010-07-12,0.3798652626910792
AOI-0074,2010-08-29,0.3109745456411506
AOI-0074,2011-05-27,0.3135622420127253
AOI-0074,2011-06-20,0.6056891048385581
AOI-0074,2011-06-26,0.7840815149291247
AOI-0074,2011-07-06,0.7579568300349308
AOI-0074,2011-09-24,0.27232996611667604
AOI-0074,2013-06-25,0.4402638729017556
AOI-0074,2013-07-03,0.3542928153132309
AOI-0074,2013-07-11,0.3264871691805374
AOI-0074,2013-08-13,0.3536515511205253
AOI-0074,2014-07-14,0.8024957929783204
AOI-0074,2014-07-28,0.658588003455247
AOI-0074,2014-09-14,0.3215933628724238
AOI-0074,2014-10-16,0.25413291885008515
AOI-0074,2015-04-23,0.28216645993192147
AOI-0074,2015-04-28,0.2072568016665771
AOI-0074,2015-07-25,0.6983827635714076
AOI-0074,2015-10-16,0.25186478449484667
AOI-0074,2015-10-29,0.18824368072125044
AOI-0074,2016-08-12,0.3438079035531919
AOI-0074,2016-08-20,0.24506792849675776
AOI-0074,2017-04-23,0.2783161155909475
AOI-0074,2017-05-04,0.22482181762287076
AOI-0074,2017-05-06,0.20497283406323036
AOI-0074,2017-06-04,0.3930027154110784
AOI-0074,2017-06-05,0.3754518497217793
AOI-0074,2017-06-10,0.6445673683716407
AOI-0074,2017-06-20,0.5556992490065712
AOI-0074,2017-06-26,0.789406801936122
AOI-0074,2017-07-18,0.7367879185383835
AOI-0074,2017-08-07,0.6740341651216452
AOI-0074,2017-08-17,0.5306979190960986
AOI-0074,2017-09-16,0.3089352763183908
AOI-0074,2017-10-11,0.25664963883526803
AOI-0074,2017-10-16,0.27979910386064366
AOI-0074,2018-04-04,0.17306729120601852
AOI-0074,2018-04-23,0.32413209091456363
AOI-0074,2018-05-06,0.2699020203184711
AOI-0074,2018-05-11,0.3060234969172387
AOI-0074,2018-05-22,0.3496998818454133
AOI-0074,2018-05-26,0.35217383231924687
AOI-0074,2018-05-30,0.3771290005865342
AOI-0074,2018-07-13,0.7145833136378743
AOI-0074,2018-08-18,0.7512294853673827
AOI-0074,2018-09-14,0.36894909487723576
AOI-0074,2018-09-19,0.3613752576639989
AOI-0074,2018-09-30,0.30758130582864934
AOI-0074,2019-04-23,0.2309118028553273
AOI-0074,2019-05-04,0.21146868371246808
AOI-0074,2019-05-14,0.23026746292728378
AOI-0074,2019-05-16,0.22965828973910643
AOI-0074,2019-05-31,0.4442575358965767
AOI-0074,2019-06-13,0.6748779314679668
AOI-0074,2019-07-13,0.6955336600647349
AOI-0074,2019-08-05,0.6223660820230176
AOI-0074,2019-08-09,0.5698293081738074
AOI-0074,2019-09-14,0.30657224030918984
AOI-0074,2020-04-09,0.1779548390383545
AOI-0074,2020-07-06,0.2618373674717408
AOI-0074,2020-07-22,0.2273646831348891
AOI-0074,2020-08-07,0.21543715501562316
AOI-0074,2020-08-26,0.1857478686562103
AOI-0074,2020-09-07,0.14252936227019863
AOI-0074,2020-09-08,0.18001976441346487
AOI-0074,2020-09-12,0.1548633525960747
AOI-0074,2020-10-07,0.15255269870651994
AOI-0074,2020-10-12,0.13497050555018464
AOI-0074,2020-10-18,0.21528971133604308
AOI-0074,2020-10-22,0.1357215061062837
AOI-0074,2021-04-25,0.20162946869173395
AOI-0074,2021-06-23,0.6272317251977195
AOI-0074,2021-06-27,0.6480229536866755
AOI-0074,2021-07-17,0.7223977958688313
AOI-0074,2021-08-03,0.5756493274969591
AOI-0074,2021-08-06,0.5573847973218544
AOI-0074,2021-08-19,0.44888314395419276
AOI-0074,2021-09-03,0.33728605245660587
AOI-0074,2021-10-06,0.20580861905157383
AOI-0074,2021-10-17,0.20468897952954693
AOI-0074,2021-10-20,0.22004165303213333
AOI-0074,2021-10-27,0.22229995532509636
AOI-0074,2022-05-30,0.2186373331398421
AOI-0074,2022-07-12,0.737976750304683
AOI-0074,2022-08-29,0.5050458832608247
AOI-0074,2022-10-16,0.2973533469047201
AOI-0074,2023-04-28,0.22776644349548436
AOI-0074,2023-05-30,0.409871598318386
AOI-0074,2023-06-09,0.5986371216581593
AOI-0074,2023-06-19,0.42512802576422787
AOI-0074,2023-07-14,0.24441496408266303
AOI-0074,2023-08-16,0.24459922974417844
AOI-0074,2023-09-14,0.22126434098412692
AOI-0074,2023-10-11,0.262119231197379
AOI-0074,2024-04-17,0.5165802829146913
AOI-0074,2024-05-08,0.6713195444190722
AOI-0074,2024-05-09,0.627521104612104
AOI-0074,2024-06-06,0.5331832746418854
AOI-0074,2024-07-08,0.24227187890043805
AOI-0074,2024-07-18,0.23050372977141592
AOI-0074,2024-07-27,0.29095836476688175
AOI-0074,2024-08-12,0.22877886641519565
AOI-0074,2024-08-28,0.23655519647883624
AOI-0074,2024-09-04,0.18115842916478483
AOI-0074,2024-09-09,0.17419340510844933
AOI-0074,2025-04-07,0.2037577261502168
AOI-0074,2025-04-15,0.18245793315299916
AOI-0074,2025-05-12,0.20068646293936507
AOI-0074,2025-05-14,0.18100515592628502
AOI-0074,2025-06-01,0.32834362813060697
AOI-0074,2025-06-10,0.5730751891308251
AOI-0074,2025-07-06,0.7991254900045602
AOI-0074,2025-07-16,0.6893515060339278
AOI-0074,2025-08-05,0.6664694794940444
AOI-0074,2025-08-19,0.462123068575643
AOI-0074,2025-09-08,0.2238565151389088
AOI-0074,2025-09-22,0.2740022564104949
AOI-0074,2025-10-01,0.22558441239305008
AOI-0074,2025-10-26,0.22420606070043791
AOI-0075,2025-04-07,0.34327530630652997
AOI-0075,2025-04-12,0.20382424498134105
AOI-0075,2025-07-12,0.6230393948980355
AOI-0075,2025-07-18,0.5205476641296066
AOI-0075,2025-08-21,0.5266092187169024
AOI-0075,2025-08-30,0.4381093843901747
AOI-0075,2025-09-08,0.4421359406753382
AOI-0075,2025-09-16,0.3356398337689792
AOI-0075,2025-09-21,0.2851552728055923
AOI-0075,2025-10-29,0.30933563111738177
AOI-0076,2025-04-19,0.1960991296208587
AOI-0076,2025-05-01,0.23515761209104485
AOI-0076,2025-05-11,0.2644618320191314
AOI-0076,2025-05-25,0.6154424477547276
AOI-0076,2025-07-10,0.8109721787938846
AOI-0076,2025-07-31,0.7191001309400357
AOI-0076,2025-08-21,0.4165734832378976
AOI-0076,2025-08-27,0.33902426420515147
AOI-0076,2025-09-01,0.2894147449151809
AOI-0076,2025-09-21,0.2226730120996956
AOI-0076,2025-09-22,0.2731043888658912
AOI-0076,2025-10-01,0.2117520128757701
AOI-0076,2025-10-04,0.21541472068231615
AOI-0077,2025-05-09,0.7493590323347123
AOI-0077,2025-06-06,0.57233809726205
AOI-0077,2025-06-21,0.47563524660652917
AOI-0077,2025-07-12,0.36782614965181293
AOI-0077,2025-08-22,0.1690434524334699
AOI-0077,2025-08-27,0.16290803548297514
AOI-0077,2025-08-30,0.20753863066800632
AOI-0077,2025-09-11,0.17675893764569517
AOI-0077,2025-09-22,0.2299884959744286
AOI-0078,2025-05-02,0.7444095542924971
AOI-0078,2025-05-25,0.7486055680506031
AOI-0078,2025-06-01,0.6568721924693847
AOI-0078,2025-06-03,0.6800906366240439
AOI-0078,2025-06-06,0.6438528110120689
AOI-0078,2025-06-10,0.5647200442779079
AOI-0078,2025-07-04,0.2579515032451209
AOI-0078,2025-07-10,0.18467298198903806
AOI-0078,2025-07-11,0.2044529402095836
AOI-0078,2025-07-13,0.16714158909797178
AOI-0078,2025-08-10,0.17501578333319118
AOI-0078,2025-08-15,0.20015696519940523
AOI-0078,2025-09-08,0.17465216979976683
AOI-0078,2025-10-04,0.2634424684920079
