anon_polygon_id,date,primary_ndvi_true
AOI-0001,2010-08-29,0.2081066324166462
AOI-0001,2010-10-25,0.19309038822819416
AOI-0001,2011-06-13,0.6515229200043618
AOI-0001,2011-09-18,0.25277705140360407
AOI-0001,2011-09-26,0.26050738081736985
AOI-0001,2011-09-30,0.41315984925647353
AOI-0001,2012-05-24,0.6964841442730173
AOI-0001,2012-07-09,0.24424799965456614
AOI-0001,2012-07-11,0.33149865241759335
AOI-0001,2012-08-10,0.1606635905818677
AOI-0001,2012-08-12,0.29292452305034095
AOI-0001,2012-10-15,0.37179621326677037
AOI-0001,2013-05-01,0.8381931059923041
AOI-0001,2013-07-12,0.32238868584842273
AOI-0001,2013-09-30,0.5546055244536756
AOI-0001,2014-04-18,0.25703519822557713
AOI-0001,2014-05-25,0.6660943982458496
AOI-0001,2014-06-26,0.8041593630068142
AOI-0001,2014-07-15,0.7304092037970277
AOI-0001,2014-07-28,0.5608762635038713
AOI-0001,2014-08-09,0.3303832882353056
AOI-0001,2014-08-13,0.3542475819568994
AOI-0001,2014-10-03,0.19941755360455918
AOI-0001,2014-10-16,0.3058582298305248
AOI-0001,2015-04-13,0.45173071386860664
AOI-0001,2015-08-11,0.2249241248585719
AOI-0001,2015-08-12,0.20518123872630165
AOI-0001,2015-08-27,0.22933093825659154
AOI-0001,2015-09-20,0.1859472327384182
AOI-0001,2015-09-28,0.21841166307422796
AOI-0001,2016-06-27,0.26615237796044955
AOI-0001,2016-07-04,0.2684271006363604
AOI-0001,2016-07-20,0.2802749006963037
AOI-0001,2016-07-27,0.3532276129520888
AOI-0001,2016-08-29,0.296455511991636
AOI-0001,2016-08-30,0.2464806324034997
AOI-0001,2016-09-15,0.41387994456650257
AOI-0001,2016-09-29,0.6866979395750308
AOI-0001,2017-05-12,0.7494780332255725
AOI-0001,2017-06-29,0.5647946651929958
AOI-0001,2017-07-12,0.4714537414472533
AOI-0001,2017-08-09,0.3035224997861272
AOI-0001,2017-08-29,0.2503868679607083
AOI-0001,2017-09-08,0.20794097427825425
AOI-0001,2017-09-14,0.2787033895365569
AOI-0001,2018-04-05,0.5165508167366
AOI-0001,2018-04-23,0.8038638648290711
AOI-0001,2018-05-01,0.814164645103433
AOI-0001,2018-06-08,0.6982954202041901
AOI-0001,2018-07-12,0.2982025903641214
AOI-0001,2018-09-28,0.15026806090399608
AOI-0001,2018-10-13,0.1936501107738945
AOI-0001,2019-05-11,0.4925893411381736
AOI-0001,2019-05-31,0.7333614840202098
AOI-0001,2019-06-04,0.7448001194428113
AOI-0001,2019-06-05,0.7269978265899987
AOI-0001,2019-06-25,0.3718412154754166
AOI-0001,2019-07-12,0.4597158243153978
AOI-0001,2019-07-22,0.4140056295464801
AOI-0001,2019-07-29,0.4611742307826188
AOI-0001,2019-08-30,0.2427444904727558
AOI-0001,2019-09-07,0.23956780783546294
AOI-0001,2019-09-08,0.21582008213385745
AOI-0001,2019-09-18,0.1154545519567709
AOI-0001,2020-04-03,0.5505147941543697
AOI-0001,2020-04-26,0.6903202666845049
AOI-0001,2020-05-30,0.8210304510568444
AOI-0001,2020-06-09,0.7858618602628786
AOI-0001,2020-07-14,0.14290249329446497
AOI-0001,2020-07-23,0.23603410634561964
AOI-0001,2020-07-27,0.2580216979297122
AOI-0001,2020-08-08,0.1856918113862723
AOI-0001,2020-09-01,0.30878992325288623
AOI-0001,2020-09-02,0.27324809167172887
AOI-0001,2020-09-12,0.23067945219917582
AOI-0001,2020-09-22,0.22359354882700472
AOI-0001,2020-09-29,0.245525378839576
AOI-0001,2020-10-11,0.18933912261652777
AOI-0001,2020-10-12,0.16717380572071072
AOI-0001,2020-10-19,0.16446802654481132
AOI-0001,2021-05-15,0.5285762726777525
AOI-0001,2021-05-20,0.49914530643642685
AOI-0001,2021-06-10,0.6713020526161005
AOI-0001,2021-07-02,0.6428212757463319
AOI-0001,2021-07-24,0.6762207795405526
AOI-0001,2021-09-17,0.22178319008791492
AOI-0001,2022-04-25,0.6867429573768847
AOI-0001,2022-06-03,0.8180149810669348
AOI-0001,2022-09-02,0.2549911896135411
AOI-0001,2022-09-30,0.27208130793861074
AOI-0001,2022-10-01,0.2523961906508411
AOI-0001,2022-10-17,0.21484458215417954
AOI-0001,2023-05-25,0.8257547692349768
AOI-0001,2023-06-23,0.8313983802064787
AOI-0001,2023-07-15,0.2535368183413177
AOI-0001,2023-07-29,0.16829519053255176
AOI-0001,2023-08-03,0.20417168248218925
AOI-0001,2023-08-08,0.20717572234465764
AOI-0001,2023-08-13,0.21249652577588918
AOI-0001,2023-08-17,0.280016012550793
AOI-0001,2023-08-28,0.21270236986970087
AOI-0001,2023-08-29,0.27340345566338126
AOI-0001,2023-09-12,0.2256238157915385
AOI-0001,2024-04-06,0.7657016898819167
AOI-0001,2024-05-24,0.7640757482232066
AOI-0001,2024-06-01,0.728756173536322
AOI-0001,2024-06-03,0.7167877448655775
AOI-0001,2024-06-09,0.5902953114420987
AOI-0001,2024-06-13,0.5614176954771423
AOI-0001,2024-06-17,0.5727790303439867
AOI-0001,2024-06-23,0.3543836576204548
AOI-0001,2024-06-25,0.3826620913774418
AOI-0001,2024-07-03,0.27424038563697145
AOI-0001,2024-09-11,0.14405184863996837
AOI-0001,2024-09-13,0.20118764654153476
AOI-0001,2024-09-16,0.15350333120613843
AOI-0001,2024-09-29,0.20494529554510876
AOI-0001,2025-04-23,0.4747364631479152
AOI-0001,2025-05-03,0.3778837689383412
AOI-0001,2025-06-03,0.45216015364350887
AOI-0001,2025-06-27,0.6404754028591682
AOI-0001,2025-07-05,0.5681343974816986
AOI-0001,2025-07-12,0.4549207756917265
AOI-0001,2025-07-13,0.42708209617655946
AOI-0001,2025-07-23,0.36524357052023526
AOI-0001,2025-07-28,0.33690088195314694
AOI-0001,2025-07-29,0.38482888079687955
AOI-0001,2025-08-02,0.28434366299370833
AOI-0001,2025-10-28,0.2848672671842979
AOI-0002,2025-05-03,0.8343360277949055
AOI-0002,2025-06-03,0.5509492615303923
AOI-0002,2025-06-26,0.4585801067896921
AOI-0002,2025-07-29,0.2585475482561806
AOI-0002,2025-08-02,0.17853089582715548
AOI-0002,2025-08-13,0.2565622000192164
AOI-0002,2025-08-19,0.16251150358923502
AOI-0003,2025-04-01,0.5149747811009049
AOI-0003,2025-04-18,0.8475157135914687
AOI-0003,2025-04-19,0.8672869733716234
AOI-0003,2025-05-06,0.814496504943527
AOI-0003,2025-06-04,0.7678768037298572
AOI-0003,2025-06-13,0.6069733683609904
AOI-0003,2025-07-07,0.1879666862516221
AOI-0003,2025-07-13,0.1952896329455399
AOI-0003,2025-07-15,0.1676788034954514
AOI-0003,2025-08-04,0.18319973756087396
AOI-0003,2025-08-07,0.17734594082029356
AOI-0003,2025-08-14,0.18326816500701149
AOI-0003,2025-08-22,0.15410948321022075
AOI-0003,2025-08-23,0.2025082019999152
AOI-0004,2025-04-23,0.6806983814129337
AOI-0004,2025-05-04,0.6210161222363892
AOI-0004,2025-05-24,0.7115549564737934
AOI-0004,2025-05-25,0.730640438724559
AOI-0004,2025-06-30,0.612499524330277
AOI-0004,2025-07-12,0.49177916901746993
AOI-0004,2025-07-23,0.46771402084957264
AOI-0004,2025-08-02,0.41246012338634896
AOI-0004,2025-09-14,0.3763068978613855
AOI-0004,2025-09-23,0.3331489583462621
AOI-0005,2025-05-01,0.6726455744245617
AOI-0005,2025-05-03,0.6849973674040539
AOI-0005,2025-05-14,0.533963222840421
AOI-0005,2025-06-11,0.6244178165660011
AOI-0005,2025-07-21,0.44682691487186504
AOI-0005,2025-08-17,0.30580787041670915
AOI-0005,2025-09-01,0.24644509783762122
AOI-0006,2025-04-01,0.228611169755056
AOI-0006,2025-05-09,0.4581280281157271
AOI-0006,2025-05-25,0.6216885676716843
AOI-0006,2025-07-28,0.40582620072791925
AOI-0006,2025-08-09,0.3314910512019242
AOI-0006,2025-08-22,0.3243868547919706
AOI-0006,2025-08-30,0.32260232566870656
AOI-0006,2025-09-07,0.27006122866783305
AOI-0006,2025-10-28,0.2625221216049914
AOI-0007,2025-04-01,0.17167551810563167
AOI-0007,2025-04-18,0.2444632013924606
AOI-0007,2025-04-29,0.3309726185040792
AOI-0007,2025-05-01,0.3636076397455681
AOI-0007,2025-06-26,0.32846488255743683
AOI-0007,2025-07-28,0.1336244967416373
AOI-0007,2025-08-13,0.23871678733228627
AOI-0007,2025-08-14,0.1583882893309664
AOI-0007,2025-08-16,0.16833344754390495
AOI-0007,2025-09-11,0.1576791088203809
AOI-0007,2025-09-26,0.17600942864223362
AOI-0008,2025-04-17,0.8391514361684715
AOI-0008,2025-04-24,0.7870777904212782
AOI-0008,2025-05-19,0.8281930191066601
AOI-0008,2025-07-08,0.20272229466929004
AOI-0008,2025-07-15,0.16339191329989913
AOI-0008,2025-07-17,0.17346272748596353
AOI-0008,2025-08-13,0.24128024685221364
AOI-0008,2025-09-01,0.14125733524567594
AOI-0008,2025-09-30,0.24635951443543783
AOI-0008,2025-10-16,0.22302889522975297
AOI-0009,2025-04-01,0.6841313120589761
AOI-0009,2025-04-23,0.8127062052936328
AOI-0009,2025-05-04,0.8519162973430535
AOI-0009,2025-06-30,0.18097894546395707
AOI-0009,2025-07-05,0.20274120151875302
AOI-0009,2025-07-10,0.17297233824980615
AOI-0009,2025-07-25,0.16631812150591987
AOI-0009,2025-08-12,0.1620578984509405
AOI-0009,2025-08-17,0.1795039132583411
AOI-0009,2025-08-22,0.1674212464949365
AOI-0009,2025-08-24,0.14323807530856933
AOI-0009,2025-09-14,0.2447447335837041
AOI-0009,2025-09-16,0.1879467717746663
AOI-0009,2025-09-25,0.162839459594322
AOI-0009,2025-10-03,0.2012251930332664
AOI-0010,2010-06-19,0.3717244281270935
AOI-0010,2010-08-06,0.22835756208343902
AOI-0010,2010-08-22,0.20812475942799435
AOI-0010,2011-06-14,0.5217712000043413
AOI-0010,2011-07-12,0.3689837265132905
AOI-0010,2011-08-09,0.25720904701255154
AOI-0010,2011-08-13,0.3383219379517448
AOI-0010,2011-09-10,0.22459943460365003
AOI-0010,2012-04-13,0.2750111140146089
AOI-0010,2012-08-03,0.22444928827654434
AOI-0010,2013-04-16,0.732889372182742
AOI-0010,2013-05-25,0.6470026183132374
AOI-0010,2013-06-26,0.32487939953911765
AOI-0010,2013-07-12,0.31189696465919825
AOI-0010,2014-05-29,0.6820342273863095
AOI-0010,2014-06-06,0.5792508172418134
AOI-0010,2014-06-10,0.4394783619774677
AOI-0010,2014-08-29,0.2510813281018503
AOI-0010,2014-09-30,0.26143812011766426
AOI-0010,2015-04-07,0.2993959132136321
AOI-0010,2015-04-14,0.2289252937295462
AOI-0010,2015-05-25,0.33969994558488265
AOI-0010,2015-10-07,0.19705926441575036
AOI-0010,2016-07-27,0.35023222571759416
AOI-0010,2016-08-12,0.31651030577248457
AOI-0010,2016-09-13,0.27448377742508784
AOI-0010,2017-04-03,0.32188372820664557
AOI-0010,2017-04-07,0.5147215743475877
AOI-0010,2017-08-01,0.14914311747315365
AOI-0010,2017-08-04,0.16156305682771074
AOI-0010,2017-08-13,0.2416412097692534
AOI-0010,2017-08-29,0.21890156284684295
AOI-0010,2018-05-16,0.8631118884796981
AOI-0010,2018-07-28,0.26004068218235404
AOI-0010,2018-08-28,0.18449764198482752
AOI-0010,2018-09-14,0.21702151148627272
AOI-0010,2019-04-06,0.3678011579347467
AOI-0010,2019-04-28,0.7410496911965195
AOI-0010,2019-05-19,0.8784130432633162
AOI-0010,2019-06-20,0.21816536937179057
AOI-0010,2019-06-26,0.24999732218046314
AOI-0010,2019-06-27,0.16258697457660962
AOI-0010,2019-07-20,0.1689754837773964
AOI-0010,2019-08-13,0.3038544883702524
AOI-0010,2019-08-19,0.178024590774006
AOI-0010,2019-08-21,0.18572338922457138
AOI-0010,2019-09-23,0.1707454193935669
AOI-0010,2020-06-06,0.3425205468501268
AOI-0010,2020-06-09,0.39862093585413727
AOI-0010,2020-07-16,0.15096310432049065
AOI-0010,2020-07-19,0.15273790686507935
AOI-0010,2020-07-26,0.13666499306693453
AOI-0010,2020-07-31,0.15782976910242133
AOI-0010,2020-09-09,0.18170345783138772
AOI-0010,2020-09-13,0.25362176454467755
AOI-0010,2020-09-19,0.12214769763588976
AOI-0010,2020-09-27,0.15016087319097762
AOI-0010,2021-05-05,0.35930300438276913
AOI-0010,2021-05-09,0.4906091052463684
AOI-0010,2021-07-28,0.29116733239693793
AOI-0010,2021-08-05,0.23719041637436503
AOI-0010,2021-09-04,0.3265814831715645
AOI-0010,2021-09-17,0.3626016591622949
AOI-0010,2021-10-27,0.3649067187046129
AOI-0010,2022-06-06,0.7262447341487518
AOI-0010,2022-06-10,0.6157693208334057
AOI-0010,2022-06-11,0.7173805703450351
AOI-0010,2022-07-17,0.290181259606842
AOI-0010,2022-07-28,0.33858894053059174
AOI-0010,2022-09-08,0.30664706010912485
AOI-0010,2023-04-02,0.5082428760112777
AOI-0010,2023-04-27,0.6867829618069331
AOI-0010,2023-06-08,0.7505245110344857
AOI-0010,2023-06-16,0.6238029143839633
AOI-0010,2023-08-23,0.24907965569018617
AOI-0010,2023-08-30,0.24763153132120647
AOI-0010,2023-09-19,0.27258830456147487
AOI-0010,2024-04-04,0.6017702466291741
AOI-0010,2024-04-26,0.7597939026724435
AOI-0010,2024-05-08,0.7751683302845597
AOI-0010,2024-05-21,0.755158951570539
AOI-0010,2024-06-18,0.2404711898504701
AOI-0010,2024-06-20,0.21353585535766237
AOI-0010,2024-07-08,0.19519365755850301
AOI-0010,2024-07-15,0.17462552765655687
AOI-0010,2024-08-12,0.19621649380038106
AOI-0010,2024-09-06,0.2049247280337265
AOI-0010,2024-09-28,0.1998169545718093
AOI-0010,2024-10-01,0.2007695456054058
AOI-0010,2024-10-15,0.2608826974560465
AOI-0010,2024-10-23,0.19941496472538678
AOI-0010,2025-04-16,0.40117840045360137
AOI-0010,2025-04-18,0.43010562682097964
AOI-0010,2025-05-09,0.7755804808738023
AOI-0010,2025-06-05,0.5343438828183836
AOI-0010,2025-06-07,0.48602992747562845
AOI-0010,2025-06-28,0.19754935265594378
AOI-0010,2025-07-05,0.1888761492076866
AOI-0010,2025-07-06,0.22194328182704287
AOI-0010,2025-07-07,0.17119675799728923
AOI-0010,2025-07-25,0.14774820398116095
AOI-0010,2025-07-30,0.15859105442880847
AOI-0010,2025-08-16,0.1931678211813125
AOI-0010,2025-08-27,0.1772860615193129
AOI-0010,2025-09-16,0.22209039772998848
AOI-0010,2025-09-30,0.2999178644157678
AOI-0010,2025-10-05,0.2311643739475546
AOI-0011,2025-04-07,0.6974078701347574
AOI-0011,2025-04-17,0.7766646360101249
AOI-0011,2025-04-23,0.8374148464735284
AOI-0011,2025-04-28,0.8136801005250629
AOI-0011,2025-05-24,0.8156210473191929
AOI-0011,2025-06-03,0.5855717580724449
AOI-0011,2025-07-12,0.2876727793450755
AOI-0011,2025-08-06,0.22197074098590133
AOI-0011,2025-08-14,0.22456180747429963
AOI-0011,2025-08-19,0.20902858307279928
AOI-0011,2025-08-27,0.17405686029225287
AOI-0011,2025-09-30,0.26023113786899704
AOI-0011,2025-10-03,0.16723338654371997
AOI-0011,2025-10-05,0.15264186193804924
AOI-0012,2025-04-01,0.23254928462501392
AOI-0012,2025-04-28,0.4692327355617941
AOI-0012,2025-05-16,0.7473456646794676
AOI-0012,2025-06-03,0.6758306798432875
AOI-0012,2025-06-05,0.5747047003340455
AOI-0012,2025-06-15,0.2808436287539019
AOI-0012,2025-06-26,0.2992999159163339
AOI-0012,2025-07-10,0.18074057031213814
AOI-0012,2025-07-18,0.1371685574889387
AOI-0012,2025-07-30,0.15863547663568808
AOI-0013,2010-04-16,0.7233858146244206
AOI-0013,2010-06-10,0.501277895547121
AOI-0013,2010-06-19,0.3785883764975962
AOI-0013,2010-10-24,0.2707738569140787
AOI-0013,2011-04-18,0.24323518275042297
AOI-0013,2011-04-26,0.2635666458185877
AOI-0013,2012-05-08,0.5518532438591831
AOI-0013,2012-06-23,0.5426319026009229
AOI-0013,2012-08-12,0.4486107418367703
AOI-0013,2013-04-16,0.2934164722635333
AOI-0013,2013-04-24,0.31532473606588596
AOI-0013,2013-05-02,0.3205108336737324
AOI-0013,2013-05-09,0.4814777890563143
AOI-0013,2013-06-11,0.46979013440440487
AOI-0013,2013-07-12,0.5054155250606253
AOI-0013,2013-07-28,0.4344054390802827
AOI-0013,2014-05-29,0.4560547903917414
AOI-0013,2014-06-10,0.5024375722036041
AOI-0013,2014-07-28,0.39575158507697955
AOI-0013,2014-08-01,0.34095870424821983
AOI-0013,2014-08-08,0.3412278638218318
AOI-0013,2014-08-13,0.38045766692769
AOI-0013,2015-05-09,0.5659254095442621
AOI-0013,2015-05-23,0.4962131935199014
AOI-0013,2015-07-12,0.5095590430263702
AOI-0013,2015-08-20,0.40729124744607936
AOI-0013,2015-10-07,0.39237089852895735
AOI-0013,2015-10-16,0.33566025421661044
AOI-0013,2016-05-09,0.48094077044788214
AOI-0013,2016-05-10,0.4709731942930989
AOI-0013,2016-08-12,0.571823655496458
AOI-0013,2016-08-21,0.685503213591433
AOI-0013,2016-09-13,0.569924021643073
AOI-0013,2016-10-09,0.5496333269422847
AOI-0013,2017-04-11,0.25578451176530137
AOI-0013,2017-04-28,0.3720017068004948
AOI-0013,2017-05-01,0.3781587523363828
AOI-0013,2017-05-21,0.6032412796571828
AOI-0013,2017-05-29,0.5783343199526604
AOI-0013,2017-06-30,0.6760426060503427
AOI-0013,2017-07-27,0.4941888443062473
AOI-0013,2017-08-08,0.4915131588630156
AOI-0013,2017-08-24,0.4455483811090793
AOI-0013,2017-09-13,0.45983902404097093
AOI-0013,2017-09-17,0.48559678283693725
AOI-0013,2017-09-30,0.39890413105016137
AOI-0013,2018-05-25,0.5406654159737934
AOI-0013,2018-06-08,0.4240920467466709
AOI-0013,2018-06-15,0.3467413469872251
AOI-0013,2018-07-12,0.42984979150614894
AOI-0013,2018-08-13,0.40215241324799994
AOI-0013,2018-08-27,0.4372895380914685
AOI-0013,2018-09-28,0.41497850441488005
AOI-0013,2018-10-06,0.43877683425652747
AOI-0013,2019-04-01,0.27564911008150483
AOI-0013,2019-05-06,0.42609288768409337
AOI-0013,2019-06-02,0.37199499903111766
AOI-0013,2019-06-05,0.4163663739877778
AOI-0013,2019-06-12,0.47940462125159833
AOI-0013,2019-06-25,0.3767357876316481
AOI-0013,2019-07-17,0.4578448368670564
AOI-0013,2019-07-28,0.5218684510575569
AOI-0013,2019-08-24,0.46596423898450934
AOI-0013,2019-08-31,0.5122134326579623
AOI-0013,2019-09-08,0.4929439088436839
AOI-0013,2019-09-13,0.47326795913860265
AOI-0013,2019-10-02,0.503943572311425
AOI-0013,2019-10-10,0.5616174940062776
AOI-0013,2019-10-17,0.49319423634721976
AOI-0013,2020-04-22,0.4180001599382546
AOI-0013,2020-05-12,0.3583969281166483
AOI-0013,2020-06-24,0.46458149876701627
AOI-0013,2020-06-26,0.4961747627081025
AOI-0013,2020-08-12,0.3799594182034371
AOI-0013,2020-08-15,0.44306572911672737
AOI-0013,2020-08-16,0.4474352418136402
AOI-0013,2020-08-20,0.40439749305172246
AOI-0013,2020-10-27,0.33872808035768365
AOI-0013,2021-04-23,0.4634599892409901
AOI-0013,2021-06-10,0.6151046447021985
AOI-0013,2021-06-11,0.5163823849905855
AOI-0013,2021-06-21,0.5031091901309889
AOI-0013,2021-07-12,0.48920708735847224
AOI-0013,2021-07-14,0.5138981500022904
AOI-0013,2021-08-20,0.5071592122627048
AOI-0013,2021-10-14,0.4534283376245762
AOI-0013,2021-10-16,0.41559177523245866
AOI-0013,2022-04-02,0.48073929193482634
AOI-0013,2022-04-17,0.5352766912568309
AOI-0013,2022-04-24,0.5720782474442079
AOI-0013,2022-04-25,0.556891873760568
AOI-0013,2022-06-10,0.5617455474530992
AOI-0013,2022-06-16,0.39292361045396795
AOI-0013,2022-06-26,0.502262083491191
AOI-0013,2022-07-05,0.5408864242984879
AOI-0013,2022-07-17,0.5487024611225044
AOI-0013,2022-07-22,0.5518391699622983
AOI-0013,2022-08-14,0.5680972716619521
AOI-0013,2022-09-14,0.40447429853247024
AOI-0013,2022-10-07,0.4269923250230659
AOI-0013,2022-10-14,0.40252966335317797
AOI-0013,2023-04-10,0.48109831192668706
AOI-0013,2023-06-21,0.5315196273676955
AOI-0013,2023-06-29,0.5489267043901566
AOI-0013,2023-07-06,0.4911759707187521
AOI-0013,2023-07-12,0.46611928833299604
AOI-0013,2023-07-24,0.509153576669968
AOI-0013,2023-08-05,0.5315988826300279
AOI-0013,2023-08-20,0.5145737095324369
AOI-0013,2023-08-23,0.5351083322404159
AOI-0013,2023-08-26,0.5111125166072114
AOI-0013,2023-09-11,0.5260354935498982
AOI-0013,2023-09-14,0.4752608643830621
AOI-0013,2023-09-24,0.5257937418051535
AOI-0013,2023-10-05,0.47847194727864933
AOI-0013,2023-10-14,0.4090237077187709
AOI-0013,2023-10-17,0.39614914555371045
AOI-0013,2023-10-19,0.3997275221263057
AOI-0013,2024-04-26,0.4281919505455018
AOI-0013,2024-05-04,0.48227899649618133
AOI-0013,2024-05-23,0.5240239957975729
AOI-0013,2024-05-24,0.5643335235942243
AOI-0013,2024-06-30,0.5146308654291571
AOI-0013,2024-07-02,0.5600133291975947
AOI-0013,2024-07-11,0.44675288867681595
AOI-0013,2024-07-26,0.4406609873900616
AOI-0013,2024-07-27,0.41309837203807215
AOI-0013,2024-08-09,0.51566711320976
AOI-0013,2024-08-11,0.5665553091575158
AOI-0013,2024-09-03,0.48694890695935994
AOI-0013,2024-09-06,0.5104658251117064
AOI-0013,2024-09-26,0.4571252733723342
AOI-0013,2024-10-08,0.4002396680374003
AOI-0013,2025-04-01,0.4891332561781019
AOI-0013,2025-04-28,0.5366090593759669
AOI-0013,2025-05-16,0.47835488976613066
AOI-0013,2025-05-19,0.4885141270932346
AOI-0013,2025-05-24,0.4780958701080949
AOI-0013,2025-07-07,0.5021741904128572
AOI-0013,2025-07-08,0.4774964236246295
AOI-0013,2025-07-14,0.5140902333570445
AOI-0013,2025-07-21,0.5232876235200935
AOI-0013,2025-07-27,0.5540009735971971
AOI-0013,2025-08-15,0.5060461722182856
AOI-0013,2025-09-03,0.47024873218828056
AOI-0013,2025-09-07,0.530598417543784
AOI-0014,2010-04-07,0.5615735244765091
AOI-0014,2010-04-24,0.7376850489148581
AOI-0014,2010-06-10,0.7386840008591399
AOI-0014,2010-09-23,0.18066743178941805
AOI-0014,2011-04-19,0.2079531920112167
AOI-0014,2011-04-26,0.22283429744721164
AOI-0014,2011-05-09,0.6588809896426788
AOI-0014,2011-05-28,0.6897583110414347
AOI-0014,2011-06-14,0.7713462196122709
AOI-0014,2011-08-01,0.4385813613891798
AOI-0014,2011-09-14,0.2995401916352179
AOI-0014,2011-09-17,0.20336749799328946
AOI-0014,2011-10-27,0.3043003192359886
AOI-0014,2012-05-06,0.7109225462399186
AOI-0014,2012-06-25,0.4069780764124797
AOI-0014,2012-08-28,0.30392429378516195
AOI-0014,2012-09-04,0.19942000385923003
AOI-0014,2012-09-11,0.2013796415587474
AOI-0014,2012-09-27,0.17760191031831837
AOI-0014,2013-05-09,0.4248059825996501
AOI-0014,2013-06-11,0.5705285991323877
AOI-0014,2013-06-19,0.6652239404616714
AOI-0014,2013-07-28,0.6309447952164784
AOI-0014,2013-09-14,0.37916991036260955
AOI-0014,2013-09-23,0.21439994553440736
AOI-0014,2014-06-26,0.4520308494315773
AOI-0014,2014-06-29,0.33856945617700207
AOI-0014,2014-08-17,0.21008600894694301
AOI-0014,2014-09-30,0.29431675702048393
AOI-0014,2014-10-27,0.22944539233343092
AOI-0014,2015-04-14,0.3366097099159316
AOI-0014,2015-06-16,0.7165884131285278
AOI-0014,2015-06-26,0.4841668160143609
AOI-0014,2015-07-12,0.4720250302452719
AOI-0014,2015-07-27,0.332360815509148
AOI-0014,2015-08-28,0.22085007763896466
AOI-0014,2016-04-22,0.45905529711099646
AOI-0014,2016-05-09,0.32830371287740195
AOI-0014,2016-06-03,0.651411749429674
AOI-0014,2016-06-19,0.8496505837843253
AOI-0014,2016-08-13,0.5037598683297372
AOI-0014,2016-08-30,0.29430258296831735
AOI-0014,2017-04-26,0.7885079882564888
AOI-0014,2017-04-28,0.7872966711591415
AOI-0014,2017-05-21,0.8964467137967392
AOI-0014,2017-05-29,0.8901691918142127
AOI-0014,2017-07-23,0.2518209935588616
AOI-0014,2017-07-31,0.21970392665061803
AOI-0014,2017-08-06,0.12320779235250402
AOI-0014,2017-08-21,0.12893536427314484
AOI-0014,2017-09-10,0.15683541116263575
AOI-0014,2017-09-30,0.23966431947988953
AOI-0014,2017-10-08,0.15843797750171615
AOI-0014,2018-04-07,0.5675185777135127
AOI-0014,2018-05-03,0.7897072827123153
AOI-0014,2018-06-24,0.2515594449202484
AOI-0014,2018-07-18,0.22290611296266744
AOI-0014,2018-08-27,0.20054493503342014
AOI-0014,2018-10-06,0.21046167123103796
AOI-0014,2019-04-01,0.24715494990983694
AOI-0014,2019-04-21,0.17535292860489338
AOI-0014,2019-05-01,0.21291222395299664
AOI-0014,2019-05-09,0.630667837137508
AOI-0014,2019-05-27,0.6842176399377392
AOI-0014,2019-05-28,0.6405813543225561
AOI-0014,2019-06-04,0.7985115264519045
AOI-0014,2019-06-11,0.8728604807313565
AOI-0014,2019-06-15,0.8658265530738316
AOI-0014,2019-06-22,0.7316229980753145
AOI-0014,2019-07-06,0.6353249701474568
AOI-0014,2019-08-14,0.33277489175158814
AOI-0014,2019-08-26,0.19252984449686653
AOI-0014,2020-04-06,0.662740509165869
AOI-0014,2020-04-07,0.7283325193692783
AOI-0014,2020-04-17,0.7096217750034031
AOI-0014,2020-04-22,0.7013820649467692
AOI-0014,2020-04-25,0.7302363643431943
AOI-0014,2020-05-15,0.6727536427463471
AOI-0014,2020-05-17,0.6549521328768272
AOI-0014,2020-06-04,0.7249913752416395
AOI-0014,2020-06-25,0.3830000461796629
AOI-0014,2020-07-11,0.24042775092395693
AOI-0014,2020-07-27,0.26299900602926507
AOI-0014,2020-08-16,0.20658090616299785
AOI-0014,2020-09-09,0.15636480942966183
AOI-0014,2020-09-24,0.1456422333692858
AOI-0014,2021-04-07,0.48185954219664284
AOI-0014,2021-04-29,0.7109955989911272
AOI-0014,2021-05-25,0.8021082052781606
AOI-0014,2021-08-13,0.29764813262516515
AOI-0014,2021-08-18,0.14253151429295274
AOI-0014,2021-09-14,0.16265114674515774
AOI-0014,2021-10-12,0.15176903021767515
AOI-0014,2021-10-14,0.18493866354031963
AOI-0014,2022-05-15,0.24465865182870367
AOI-0014,2022-05-26,0.42538962143132486
AOI-0014,2022-05-27,0.34866671840298546
AOI-0014,2022-06-24,0.7005261155178539
AOI-0014,2022-07-14,0.7920385631380695
AOI-0014,2022-07-24,0.7569432536483998
AOI-0014,2022-08-22,0.3605773947224156
AOI-0014,2022-08-29,0.30403019028769246
AOI-0014,2022-09-02,0.18666285197600385
AOI-0014,2022-09-08,0.229605196547282
AOI-0014,2022-09-14,0.22044329802444126
AOI-0014,2023-06-07,0.874548749323794
AOI-0014,2023-08-10,0.22241603001050217
AOI-0014,2024-04-04,0.7144609726984663
AOI-0014,2024-05-08,0.8241372478199954
AOI-0014,2024-05-09,0.8254213662126929
AOI-0014,2024-05-21,0.8355438353569594
AOI-0014,2024-05-23,0.8434204041160357
AOI-0014,2024-06-08,0.55176507909416
AOI-0014,2024-07-25,0.14340349633010327
AOI-0014,2024-08-11,0.21004466345478973
AOI-0014,2024-09-01,0.14769591665272994
AOI-0014,2024-09-08,0.13624922135761303
AOI-0014,2024-09-11,0.13927982022227356
AOI-0014,2024-09-18,0.13714950711650878
AOI-0014,2024-09-29,0.21732445694572305
AOI-0014,2024-10-07,0.19380690946565504
AOI-0014,2024-10-30,0.21320089257110356
AOI-0014,2025-04-23,0.4187869666986108
AOI-0014,2025-05-01,0.21094562668932013
AOI-0014,2025-05-27,0.44397229428166896
AOI-0014,2025-06-13,0.40284644055552693
AOI-0014,2025-08-12,0.2299466097601027
AOI-0014,2025-08-15,0.3005215328591035
AOI-0014,2025-08-24,0.17744944379832314
AOI-0014,2025-09-11,0.14536963524623925
AOI-0014,2025-09-14,0.25494693570585775
AOI-0014,2025-09-23,0.19770538054849063
AOI-0014,2025-09-24,0.21232082830930998
AOI-0015,2025-05-04,0.35064412774219933
AOI-0015,2025-05-27,0.5013852169791565
AOI-0015,2025-06-07,0.43482357476317646
AOI-0015,2025-07-03,0.39551434409231323
AOI-0015,2025-07-05,0.39663789023440793
AOI-0015,2025-07-08,0.31549254628187196
AOI-0015,2025-07-13,0.2577556362218092
AOI-0015,2025-07-15,0.23324230008255836
AOI-0015,2025-07-18,0.25193886553762007
AOI-0015,2025-07-21,0.2999064076881919
AOI-0015,2025-07-23,0.2516706388559592
AOI-0015,2025-09-07,0.21557575002527726
AOI-0015,2025-10-13,0.20157591803320576
AOI-0015,2025-10-16,0.267342785970123
AOI-0015,2025-10-18,0.22077335546494734
AOI-0016,2025-04-19,0.24862424689070292
AOI-0016,2025-05-25,0.5716788286803643
AOI-0016,2025-06-11,0.6170863883941916
AOI-0016,2025-06-26,0.7903537256103284
AOI-0016,2025-07-10,0.7745339274087721
AOI-0016,2025-07-17,0.7393322594450968
AOI-0016,2025-07-18,0.752010654917369
AOI-0016,2025-08-19,0.37626879200174007
AOI-0016,2025-08-29,0.35621529061098534
AOI-0016,2025-10-17,0.2746231623176659
AOI-0017,2010-06-10,0.5867795911880556
AOI-0017,2010-07-29,0.5849488969439667
AOI-0017,2010-09-23,0.4153650806613677
AOI-0017,2011-04-18,0.3292357933476479
AOI-0017,2011-09-17,0.5360276234702129
AOI-0017,2011-09-26,0.5246891008334185
AOI-0017,2011-09-30,0.47853187868342717
AOI-0017,2011-10-11,0.5167516724182804
AOI-0017,2011-10-27,0.503410674129501
AOI-0017,2012-07-18,0.6309803313297573
AOI-0017,2012-07-27,0.4481190012105851
AOI-0017,2012-08-28,0.41522172831578164
AOI-0017,2012-09-29,0.39967728498590716
AOI-0017,2013-05-25,0.6258937555444694
AOI-0017,2013-07-12,0.5180445586290595
AOI-0017,2013-08-14,0.48491123962917515
AOI-0017,2013-09-14,0.570190759290315
AOI-0017,2013-09-30,0.5474234399408581
AOI-0017,2013-10-09,0.6503377196602187
AOI-0017,2013-10-25,0.6550221737400339
AOI-0017,2014-04-23,0.7097847773734595
AOI-0017,2014-06-06,0.6110362783103684
AOI-0017,2014-07-24,0.45563435786559403
AOI-0017,2014-10-04,0.4351092771954983
AOI-0017,2015-04-23,0.4932450768973941
AOI-0017,2015-04-30,0.458692238167827
AOI-0017,2015-07-11,0.7233759483061113
AOI-0017,2015-07-27,0.6688169648533695
AOI-0017,2015-08-03,0.601905277710973
AOI-0017,2015-08-29,0.37814235295704146
AOI-0017,2015-10-16,0.37051291742825343
AOI-0017,2016-04-06,0.5754970360332757
AOI-0017,2016-04-07,0.4325078375300688
AOI-0017,2016-06-18,0.6405664534025385
AOI-0017,2016-07-05,0.5661215319540264
AOI-0017,2016-07-27,0.5154059058219077
AOI-0017,2016-08-21,0.5995975213356164
AOI-0017,2016-09-15,0.5387521885855444
AOI-0017,2016-10-15,0.4614005769404651
AOI-0017,2016-10-17,0.49102440544422465
AOI-0017,2017-06-06,0.6678657026574886
AOI-0017,2017-07-31,0.6477677620401983
AOI-0017,2017-08-01,0.6417851854410653
AOI-0017,2017-09-02,0.5385774544783516
AOI-0017,2018-04-05,0.4390986017538872
AOI-0017,2018-05-09,0.6319617086583009
AOI-0017,2018-05-23,0.658455617601415
AOI-0017,2018-06-20,0.5397040820644377
AOI-0017,2018-07-11,0.5083697489412297
AOI-0017,2018-07-12,0.48309476308158256
AOI-0017,2019-04-25,0.47755516778710433
AOI-0017,2019-04-28,0.4376551164285727
AOI-0017,2019-05-13,0.5464394281877963
AOI-0017,2019-05-18,0.6194049884791084
AOI-0017,2019-05-28,0.6859796550827787
AOI-0017,2019-06-04,0.6553877784357761
AOI-0017,2019-06-12,0.7109596942960164
AOI-0017,2019-06-17,0.646397271098265
AOI-0017,2019-07-17,0.6421100481294012
AOI-0017,2019-08-06,0.6634010858557398
AOI-0017,2019-08-11,0.6109000087548407
AOI-0017,2019-08-24,0.5101884262366325
AOI-0017,2019-08-29,0.4407849522949535
AOI-0017,2019-08-31,0.5202563340742874
AOI-0017,2019-09-13,0.5010835868485242
AOI-0017,2020-04-25,0.3261211643942797
AOI-0017,2020-04-30,0.37982703406812834
AOI-0017,2020-05-08,0.6091481569779599
AOI-0017,2020-06-06,0.626725271965001
AOI-0017,2020-06-26,0.529529951983489
AOI-0017,2020-07-26,0.45255610056416273
AOI-0017,2020-08-18,0.48839830617741725
AOI-0017,2020-09-02,0.47214120590358244
AOI-0017,2020-09-04,0.42885125561817783
AOI-0017,2020-09-09,0.46046828407555096
AOI-0017,2020-09-10,0.4259525918951245
AOI-0017,2020-09-19,0.42786565971053836
AOI-0017,2020-10-12,0.4372757538919016
AOI-0017,2021-04-07,0.33912448361385794
AOI-0017,2021-05-20,0.5458731949036818
AOI-0017,2021-07-02,0.6777223504691401
AOI-0017,2021-08-29,0.4697201895973771
AOI-0017,2021-09-04,0.5347095763028156
AOI-0017,2021-09-27,0.5027480114895575
AOI-0017,2021-10-06,0.42153398856069774
AOI-0017,2021-10-27,0.4929301975481504
AOI-0017,2022-04-17,0.5919861712135989
AOI-0017,2022-04-23,0.6755208043180533
AOI-0017,2022-05-26,0.6857002197810808
AOI-0017,2022-05-27,0.6671217423639993
AOI-0017,2022-06-03,0.6496315553196392
AOI-0017,2022-06-11,0.600957331434037
AOI-0017,2022-06-30,0.6149601712058925
AOI-0017,2022-07-12,0.5175142313003689
AOI-0017,2022-07-19,0.574124506917548
AOI-0017,2022-07-24,0.5690633138802746
AOI-0017,2022-08-07,0.5666100179998166
AOI-0017,2022-08-14,0.5624210419854083
AOI-0017,2022-08-15,0.5320717190455098
AOI-0017,2022-08-23,0.542152379318086
AOI-0017,2022-08-30,0.5285484170370015
AOI-0017,2022-09-17,0.46188467942457645
AOI-0017,2022-10-19,0.45568183887540814
AOI-0017,2023-04-02,0.4903223459424523
AOI-0017,2023-05-06,0.6315892961109671
AOI-0017,2023-06-11,0.6223491024771668
AOI-0017,2023-06-19,0.643562355259274
AOI-0017,2023-06-22,0.654082822150176
AOI-0017,2023-07-24,0.6387954752616047
AOI-0017,2023-09-19,0.5145068209860894
AOI-0017,2023-10-12,0.31442343608061285
AOI-0017,2023-10-16,0.3676531618451761
AOI-0017,2023-10-21,0.318550675152294
AOI-0017,2024-04-04,0.43610392997587777
AOI-0017,2024-06-05,0.26440879328554034
AOI-0017,2024-06-13,0.18959356668662955
AOI-0017,2024-06-28,0.22302045920263486
AOI-0017,2024-07-19,0.27866252365862687
AOI-0017,2024-08-22,0.21946030865162716
AOI-0017,2024-09-01,0.25756073114855393
AOI-0017,2024-09-21,0.2882884636646689
AOI-0017,2024-09-29,0.23808055720328042
AOI-0017,2024-10-08,0.19419159776134864
AOI-0017,2024-10-22,0.2602436528395435
AOI-0017,2025-05-04,0.8608031050346868
AOI-0017,2025-05-27,0.7900048785886198
AOI-0017,2025-06-07,0.6220581106522713
AOI-0017,2025-06-28,0.3897020035859954
AOI-0017,2025-07-07,0.2871514787708371
AOI-0017,2025-08-23,0.2515572965614914
AOI-0017,2025-09-01,0.16758803651869592
AOI-0017,2025-10-02,0.2890445955780514
AOI-0018,2025-04-19,0.8212571457987732
AOI-0018,2025-05-27,0.7000954297122439
AOI-0018,2025-06-13,0.3129145780155408
AOI-0018,2025-06-15,0.314911716013919
AOI-0018,2025-07-05,0.23486088877552228
AOI-0018,2025-07-07,0.23009611076265873
AOI-0018,2025-07-14,0.2839037086861001
AOI-0018,2025-07-21,0.32128247739909266
AOI-0018,2025-08-19,0.1702186367605845
AOI-0018,2025-08-27,0.17210852291823828
AOI-0018,2025-09-08,0.1354729283182955
AOI-0018,2025-09-24,0.2275382538643608
AOI-0018,2025-10-17,0.25755163119778823
AOI-0019,2025-04-14,0.49349260220296187
AOI-0019,2025-04-17,0.5565885984456739
AOI-0019,2025-04-28,0.5698793795452309
AOI-0019,2025-05-14,0.5941971590584949
AOI-0019,2025-05-25,0.6555825480160584
AOI-0019,2025-06-15,0.3905007358586489
AOI-0019,2025-06-27,0.42249077002352114
AOI-0019,2025-06-30,0.371989298183861
AOI-0019,2025-07-10,0.3209472490003048
AOI-0019,2025-07-14,0.31173966965880084
AOI-0019,2025-08-14,0.3240959604471788
AOI-0019,2025-08-31,0.213621043982306
AOI-0019,2025-09-15,0.22969620697416096
AOI-0019,2025-09-23,0.21645728751285875
AOI-0019,2025-09-24,0.23872621400338268
AOI-0019,2025-10-18,0.20948116886334947
AOI-0020,2025-04-18,0.27476909184747395
AOI-0020,2025-04-23,0.5014570127704506
AOI-0020,2025-05-03,0.42100837339066655
AOI-0020,2025-06-03,0.6650075145504999
AOI-0020,2025-06-11,0.4744416640967755
AOI-0020,2025-07-12,0.4549830613225265
AOI-0020,2025-07-21,0.3534495681104076
AOI-0020,2025-07-29,0.32434538086118847
AOI-0020,2025-07-30,0.2901227626496943
AOI-0020,2025-08-19,0.25323041147300773
AOI-0020,2025-10-13,0.09572950524599047
AOI-0021,2025-04-28,0.39424780754848937
AOI-0021,2025-05-27,0.5352526308052249
AOI-0021,2025-06-03,0.5633745140794281
AOI-0021,2025-07-06,0.3433158986144516
AOI-0021,2025-07-18,0.3306967436592437
AOI-0021,2025-07-29,0.33208678537173164
AOI-0021,2025-08-07,0.26531475003069493
AOI-0021,2025-08-22,0.2324183830409769
AOI-0021,2025-08-30,0.2663139680654145
AOI-0021,2025-09-15,0.22181209123620296
AOI-0021,2025-09-24,0.25749965107115735
AOI-0021,2025-10-03,0.19852086809961483
AOI-0022,2025-04-01,0.5085194046854472
AOI-0022,2025-05-03,0.8618056017932274
AOI-0022,2025-05-06,0.8163119954403829
AOI-0022,2025-05-25,0.804567429621849
AOI-0022,2025-05-28,0.8338785732225215
AOI-0022,2025-07-08,0.2202069902596189
AOI-0022,2025-07-17,0.14738647595198323
AOI-0022,2025-07-21,0.20412958481301066
AOI-0022,2025-08-27,0.14068502156866877
AOI-0022,2025-08-31,0.17146158426641686
AOI-0022,2025-09-23,0.1650775969588536
AOI-0022,2025-09-24,0.19168410395502583
AOI-0022,2025-09-30,0.2374969794447742
AOI-0023,2025-04-16,0.21179007322745055
AOI-0023,2025-04-17,0.23852188317295725
AOI-0023,2025-04-24,0.20701312073061479
AOI-0023,2025-05-01,0.1862561597422333
AOI-0023,2025-05-04,0.2326478881599402
AOI-0023,2025-06-27,0.7917018705003214
AOI-0023,2025-07-05,0.7455373254848257
AOI-0023,2025-07-14,0.39694046175867626
AOI-0023,2025-07-15,0.3448919069102868
AOI-0023,2025-08-14,0.15136557802193434
AOI-0023,2025-08-22,0.13625090299799525
AOI-0023,2025-08-30,0.19719016513217838
AOI-0023,2025-09-21,0.14044177144525338
AOI-0023,2025-09-23,0.15338248251990502
AOI-0023,2025-10-17,0.2416246652195822
AOI-0024,2025-04-07,0.34308076836678136
AOI-0024,2025-04-23,0.35805602441005524
AOI-0024,2025-05-25,0.5227988897620576
AOI-0024,2025-05-28,0.264964961669008
AOI-0024,2025-06-05,0.3091496048972166
AOI-0024,2025-07-03,0.5505739057460702
AOI-0024,2025-07-21,0.37881781223979705
AOI-0024,2025-07-25,0.35935230671228513
AOI-0024,2025-08-06,0.3393407803490713
AOI-0024,2025-08-09,0.30422906942526473
AOI-0024,2025-09-14,0.2905768153808832
AOI-0024,2025-09-21,0.20093761667093468
AOI-0024,2025-09-30,0.23136943479672697
AOI-0024,2025-10-02,0.18649147073144623
AOI-0024,2025-10-18,0.1726928038257476
AOI-0025,2025-04-14,0.1816896731974597
AOI-0025,2025-04-23,0.3464261280062577
AOI-0025,2025-04-24,0.20953209201075623
AOI-0025,2025-04-29,0.21323211061380076
AOI-0025,2025-05-09,0.35332273470093817
AOI-0025,2025-06-03,0.20389373044219897
AOI-0025,2025-06-13,0.21891862132496318
AOI-0025,2025-06-27,0.18069336870097844
AOI-0025,2025-07-21,0.2053611442067457
AOI-0025,2025-08-07,0.14730487152957347
AOI-0025,2025-08-30,0.20774405350237776
AOI-0025,2025-09-07,0.20605674905687762
AOI-0025,2025-09-14,0.27616360193006134
AOI-0025,2025-10-17,0.43763331245787046
AOI-0026,2025-04-07,0.6807991400231165
AOI-0026,2025-04-24,0.8370608592487815
AOI-0026,2025-05-09,0.8982722191755306
AOI-0026,2025-06-13,0.6260993493736836
AOI-0026,2025-07-08,0.23658741636607367
AOI-0026,2025-07-10,0.23927719794293936
AOI-0026,2025-07-12,0.2599204668416302
AOI-0026,2025-07-13,0.23666067895585394
AOI-0026,2025-07-18,0.17409823777625702
AOI-0026,2025-07-30,0.13670272548806828
AOI-0026,2025-08-19,0.12347478537386054
AOI-0026,2025-09-08,0.11939602585255696
AOI-0026,2025-09-23,0.17783697920462407
AOI-0026,2025-09-30,0.32822402108837445
AOI-0027,2025-04-16,0.7602527365993058
AOI-0027,2025-04-24,0.7960746376859548
AOI-0027,2025-06-13,0.4986490960039581
AOI-0027,2025-06-27,0.4112558894367123
AOI-0027,2025-07-05,0.332969994215781
AOI-0027,2025-07-12,0.3652407573292541
AOI-0027,2025-07-13,0.24436683822000044
AOI-0027,2025-07-23,0.21292475584251716
AOI-0027,2025-07-29,0.30938984953370036
AOI-0027,2025-08-19,0.27286408900329695
AOI-0027,2025-08-30,0.2692671104854224
AOI-0027,2025-09-16,0.2555468960078513
AOI-0027,2025-10-16,0.5801346722046093
AOI-0028,2010-04-07,0.7497511872797261
AOI-0028,2010-04-15,0.731989162282859
AOI-0028,2010-10-24,0.200756627451703
AOI-0028,2011-05-25,0.5203629043275985
AOI-0028,2011-07-28,0.5849190873300409
AOI-0028,2011-08-08,0.5653543467149136
AOI-0028,2011-10-11,0.24097088472818637
AOI-0028,2012-04-22,0.7721068981779943
AOI-0028,2012-09-27,0.14563460227437483
AOI-0028,2012-10-15,0.2214108940276659
AOI-0028,2013-04-07,0.2711642877221228
AOI-0028,2013-06-10,0.31689123344699394
AOI-0028,2013-06-26,0.287846285720503
AOI-0028,2013-08-29,0.27478107334235496
AOI-0028,2014-04-07,0.6652755914642816
AOI-0028,2014-05-04,0.9423519192594716
AOI-0028,2014-07-28,0.2552960919093854
AOI-0028,2014-10-11,0.1912319104492851
AOI-0028,2015-04-13,0.1895616205212555
AOI-0028,2015-08-27,0.3426855385356503
AOI-0028,2015-09-28,0.17877538765685896
AOI-0028,2016-04-07,0.69454017058341
AOI-0028,2016-04-23,0.7962095498690606
AOI-0028,2016-06-09,0.6369517836073617
AOI-0028,2016-06-10,0.6830330288047052
AOI-0028,2016-06-25,0.330837125168615
AOI-0028,2016-07-27,0.28356595556139963
AOI-0028,2016-09-06,0.18536992431372254
AOI-0028,2017-04-26,0.2798941403916184
AOI-0028,2017-07-23,0.22615886395419452
AOI-0028,2017-08-09,0.14476443618345547
AOI-0028,2017-08-13,0.23466777632114508
AOI-0028,2017-08-29,0.20455846785675305
AOI-0028,2017-09-17,0.22780296389103377
AOI-0028,2018-05-11,0.8682676763190578
AOI-0028,2018-08-19,0.19431115491165696
AOI-0028,2018-08-29,0.20952023140611875
AOI-0028,2018-09-12,0.19564336257617845
AOI-0028,2018-10-08,0.1563778688359655
AOI-0028,2019-04-06,0.14971721154605178
AOI-0028,2019-05-02,0.2794458842800444
AOI-0028,2019-05-25,0.339595228000099
AOI-0028,2019-06-27,0.17949670357790606
AOI-0028,2019-08-09,0.19757497892126852
AOI-0028,2019-08-24,0.13243996798647417
AOI-0028,2019-10-17,0.5825195397244753
AOI-0028,2020-04-25,0.8517248443897864
AOI-0028,2020-05-04,0.9025870920644952
AOI-0028,2020-05-08,0.8706459516679871
AOI-0028,2020-05-30,0.8554811565523432
AOI-0028,2020-07-14,0.17572679633144328
AOI-0028,2020-08-03,0.12382989801053987
AOI-0028,2020-08-08,0.15253646169544485
AOI-0028,2020-09-02,0.14629815400617754
AOI-0028,2020-09-13,0.2065375448629714
AOI-0028,2021-06-14,0.7329910640784081
AOI-0028,2021-06-16,0.765741687730921
AOI-0028,2021-06-24,0.837308798176876
AOI-0028,2021-06-26,0.849043817478292
AOI-0028,2021-07-24,0.7655783919249673
AOI-0028,2021-10-27,0.2725689400910937
AOI-0028,2022-04-07,0.681317145618561
AOI-0028,2022-04-23,0.8767401348417075
AOI-0028,2022-06-09,0.9061319703544645
AOI-0028,2022-06-29,0.3677562248776611
AOI-0028,2022-07-28,0.21020139593893936
AOI-0028,2022-08-03,0.12221168987368453
AOI-0028,2022-08-08,0.13547473330378224
AOI-0028,2022-08-30,0.15501650929571933
AOI-0028,2022-10-01,0.20926057127762435
AOI-0028,2023-04-07,0.32206959808499036
AOI-0028,2023-04-11,0.228247457557528
AOI-0028,2023-05-05,0.24894134196572545
AOI-0028,2023-05-09,0.46732860775814794
AOI-0028,2023-06-09,0.22738129626805312
AOI-0028,2023-08-06,0.20339455058739236
AOI-0028,2023-08-23,0.13259241114013143
AOI-0028,2023-08-29,0.2157573909115008
AOI-0028,2023-09-22,0.167999351187147
AOI-0028,2023-09-24,0.1688218867331955
AOI-0028,2023-09-30,0.30458988145655697
AOI-0028,2024-05-07,0.9156668556131299
AOI-0028,2024-05-23,0.8312629307588879
AOI-0028,2024-05-24,0.7851243287994345
AOI-0028,2024-07-27,0.1944087688864425
AOI-0028,2024-08-03,0.1700468747061986
AOI-0028,2024-08-12,0.14046237715570076
AOI-0028,2024-09-11,0.12262039516249983
AOI-0028,2024-09-16,0.1354874982809639
AOI-0028,2025-04-07,0.390595994649304
AOI-0028,2025-05-24,0.6245340841629817
AOI-0028,2025-05-31,0.6129481948541792
AOI-0028,2025-06-11,0.6743665615665183
AOI-0028,2025-06-26,0.5701158679606055
AOI-0028,2025-06-27,0.5609638288246014
AOI-0028,2025-07-10,0.2875368926445873
AOI-0028,2025-07-13,0.24201224823138057
AOI-0028,2025-07-23,0.15757935847162374
AOI-0028,2025-08-13,0.2216280298988249
AOI-0028,2025-09-08,0.12370144683398346
AOI-0028,2025-09-11,0.13762078130002986
AOI-0028,2025-10-16,0.24794752755416555
AOI-0028,2025-10-28,0.2499162382510628
AOI-0029,2025-04-04,0.542502301555495
AOI-0029,2025-04-24,0.8114289976715947
AOI-0029,2025-06-08,0.7408371136554188
AOI-0029,2025-06-10,0.5990049967647204
AOI-0029,2025-06-11,0.7217354923318388
AOI-0029,2025-06-13,0.6623238766623303
AOI-0029,2025-07-29,0.18581215172619087
AOI-0029,2025-08-02,0.11420512900331962
AOI-0029,2025-08-19,0.12255838599788224
AOI-0029,2025-09-11,0.13222397491098783
AOI-0029,2025-09-16,0.14989294420745403
AOI-0030,2025-04-21,0.5521927765762965
AOI-0030,2025-04-24,0.5923572225635165
AOI-0030,2025-06-10,0.6933415198551774
AOI-0030,2025-08-07,0.6513578347169205
AOI-0031,2010-06-04,0.5551464034650402
AOI-0031,2010-09-14,0.1893647424974177
AOI-0031,2011-04-23,0.30125517275472713
AOI-0031,2011-06-10,0.4920320479944376
AOI-0031,2011-07-09,0.23941325090472212
AOI-0031,2011-08-11,0.24421724334982647
AOI-0031,2011-08-18,0.20635908630763689
AOI-0031,2011-08-19,0.21581296425494725
AOI-0031,2011-09-19,0.24270497868768995
AOI-0031,2012-04-06,0.2583526676070675
AOI-0031,2012-04-15,0.1867246606376703
AOI-0031,2013-04-07,0.5387332844741686
AOI-0031,2013-05-09,0.6523306056130854
AOI-0031,2013-05-12,0.6226661908978534
AOI-0031,2013-05-25,0.48384404286757077
AOI-0031,2013-06-12,0.25642847114133677
AOI-0031,2013-06-28,0.22771157978514114
AOI-0031,2013-07-23,0.24757658488051817
AOI-0031,2013-08-13,0.2737688153607087
AOI-0031,2013-10-16,0.30213435584067627
AOI-0031,2014-05-23,0.3604700492060828
AOI-0031,2014-06-23,0.29675798789979935
AOI-0031,2014-07-17,0.16892554759967446
AOI-0031,2014-07-28,0.20354512068521557
AOI-0031,2014-08-02,0.1677193989691269
AOI-0031,2014-08-13,0.1959111978534899
AOI-0031,2014-10-14,0.16937584055305666
AOI-0031,2015-09-22,0.22489834539745054
AOI-0031,2015-10-16,0.20292795596195665
AOI-0031,2016-04-01,0.2579391230781687
AOI-0031,2016-04-17,0.4144783142439328
AOI-0031,2016-04-22,0.6536271260548664
AOI-0031,2016-05-03,0.654634337321967
AOI-0031,2016-05-24,0.7110667828743723
AOI-0031,2016-06-09,0.5613205078740645
AOI-0031,2016-06-12,0.6177281968603762
AOI-0031,2016-06-20,0.3654915013347722
AOI-0031,2016-06-25,0.3116694891464753
AOI-0031,2016-07-30,0.26931257969449157
AOI-0031,2017-05-06,0.7636390417595127
AOI-0031,2017-06-07,0.7242884030414923
AOI-0031,2017-08-03,0.22158550532289817
AOI-0031,2017-08-13,0.181185940772885
AOI-0031,2017-09-04,0.19467434218230412
AOI-0031,2017-09-22,0.2756037098846905
AOI-0031,2018-04-23,0.6156683721971359
AOI-0031,2018-05-02,0.6991248117173485
AOI-0031,2018-05-18,0.6408546493772026
AOI-0031,2018-06-03,0.3165450330199338
AOI-0031,2018-06-10,0.26557742674510687
AOI-0031,2018-06-11,0.28345365346837753
AOI-0031,2018-07-13,0.290515157268937
AOI-0031,2018-09-06,0.23689820352047267
AOI-0031,2018-09-14,0.17321820168955876
AOI-0031,2018-10-07,0.17776534132524632
AOI-0031,2018-10-12,0.19740103725526337
AOI-0031,2019-04-10,0.5264894138841716
AOI-0031,2019-06-14,0.2157588426763139
AOI-0031,2019-06-22,0.16220617387509834
AOI-0031,2019-07-09,0.14004487006567773
AOI-0031,2019-07-23,0.2875561309491013
AOI-0031,2019-08-08,0.4634590273458917
AOI-0031,2019-08-31,0.24875980589939856
AOI-0031,2019-09-17,0.19686401069945245
AOI-0031,2019-10-03,0.2771377409187249
AOI-0031,2019-10-10,0.355913707654346
AOI-0031,2019-10-12,0.258926751035524
AOI-0031,2019-10-22,0.5363151581869547
AOI-0031,2020-04-13,0.4641952754267824
AOI-0031,2020-06-01,0.5177053552290276
AOI-0031,2020-06-06,0.5383864500637244
AOI-0031,2020-07-11,0.1450426813298168
AOI-0031,2020-07-18,0.12466111949315126
AOI-0031,2020-07-28,0.13221358148539525
AOI-0031,2020-08-07,0.12016045809043548
AOI-0031,2020-08-17,0.12873267302844787
AOI-0031,2020-08-22,0.14268776706478142
AOI-0031,2020-09-27,0.17036898136405443
AOI-0031,2020-10-13,0.16390207092081108
AOI-0031,2020-10-19,0.10382867860112142
AOI-0031,2020-10-21,0.1543133006319786
AOI-0031,2021-04-07,0.21765689009087416
AOI-0031,2021-05-17,0.266389071452247
AOI-0031,2021-06-11,0.16190472845591583
AOI-0031,2021-07-01,0.14650648299321534
AOI-0031,2021-07-16,0.16479354117141576
AOI-0031,2021-07-21,0.13791033471716552
AOI-0031,2021-08-06,0.1810507762835527
AOI-0031,2021-08-25,0.15829374725084427
AOI-0031,2021-08-30,0.14998995447525337
AOI-0031,2022-05-14,0.8633325873701322
AOI-0031,2022-06-10,0.6565597322152334
AOI-0031,2022-06-11,0.7510364926667721
AOI-0031,2022-06-20,0.42267908941370963
AOI-0031,2022-06-21,0.4260556629641582
AOI-0031,2022-07-08,0.1796267070538679
AOI-0031,2022-07-12,0.21448121952738186
AOI-0031,2022-09-08,0.1329977016071961
AOI-0031,2022-09-09,0.12432683516163603
AOI-0031,2022-09-10,0.15402905404392903
AOI-0031,2022-09-11,0.131166979511621
AOI-0031,2022-09-26,0.12501714157953778
AOI-0031,2022-09-29,0.15862031741001162
AOI-0031,2023-04-04,0.31812311661869513
AOI-0031,2023-04-27,0.39636170356360506
AOI-0031,2023-05-17,0.46011667532646866
AOI-0031,2023-06-17,0.3010333798218079
AOI-0031,2023-06-23,0.25329568249300166
AOI-0031,2023-06-26,0.2919673989624696
AOI-0031,2023-07-11,0.29643931059896617
AOI-0031,2023-08-15,0.25546268980041736
AOI-0031,2023-09-19,0.19773659121355344
AOI-0031,2023-09-20,0.22390093293757332
AOI-0031,2023-09-30,0.21764106323467525
AOI-0031,2023-10-15,0.19069796204410921
AOI-0031,2023-10-24,0.1703846586714442
AOI-0031,2024-05-03,0.19768223841652366
AOI-0031,2024-06-02,0.19159129275991463
AOI-0031,2024-07-02,0.1526829786024654
AOI-0031,2024-07-10,0.12114458989970851
AOI-0031,2024-07-13,0.17883003082528426
AOI-0031,2024-08-09,0.1371431497758535
AOI-0031,2024-08-16,0.14881917975589248
AOI-0031,2024-08-26,0.14219838280917482
AOI-0031,2025-04-19,0.5132290606254756
AOI-0031,2025-04-23,0.6292357597448939
AOI-0031,2025-06-21,0.48798248312457115
AOI-0031,2025-07-12,0.19593471646018717
AOI-0031,2025-07-15,0.20704452386510416
AOI-0031,2025-08-06,0.19537389978532413
AOI-0031,2025-08-09,0.16095069677796373
AOI-0031,2025-09-08,0.1373321760975442
AOI-0031,2025-09-15,0.16667415148102682
AOI-0031,2025-09-17,0.18077502049842273
AOI-0031,2025-10-02,0.21484236829048242
AOI-0031,2025-10-22,0.22007500041962058
AOI-0032,2010-06-04,0.2548149743239666
AOI-0032,2010-06-10,0.24326490904396406
AOI-0032,2010-06-20,0.1979181374686588
AOI-0032,2010-07-12,0.2100878596802272
AOI-0032,2010-08-16,0.15623166998134144
AOI-0032,2010-09-14,0.19203379964931935
AOI-0032,2010-09-30,0.21690479004670776
AOI-0032,2011-07-12,0.3031379077040778
AOI-0032,2011-08-29,0.2975592720668933
AOI-0032,2011-09-11,0.18735389002146732
AOI-0032,2011-09-28,0.1969771267868181
AOI-0032,2012-04-06,0.2506887643684478
AOI-0032,2012-05-01,0.3209973109422155
AOI-0032,2012-06-25,0.2949316030669981
AOI-0032,2012-10-08,0.1559480134567923
AOI-0032,2013-05-19,0.4937172540445239
AOI-0032,2013-05-20,0.4552482238403516
AOI-0032,2013-06-10,0.28850137534966197
AOI-0032,2013-06-12,0.31246849463991866
AOI-0032,2013-06-13,0.33128029861772534
AOI-0032,2013-07-22,0.3295344207184407
AOI-0032,2013-07-30,0.35536895004384533
AOI-0032,2013-08-13,0.29758850839782774
AOI-0032,2013-08-29,0.2595018950924614
AOI-0032,2013-09-14,0.2607397363866341
AOI-0032,2014-06-16,0.26603626598896385
AOI-0032,2014-06-26,0.2474247182791504
AOI-0032,2014-07-12,0.19263896843119133
AOI-0032,2014-09-03,0.1469491996457132
AOI-0032,2015-04-23,0.21244326622100052
AOI-0032,2015-06-18,0.4771684763231918
AOI-0032,2015-07-13,0.32549839347930065
AOI-0032,2015-09-15,0.19222954086755983
AOI-0032,2015-09-23,0.20983806362906982
AOI-0032,2015-09-30,0.20283186733123162
AOI-0032,2016-04-06,0.24078634679593724
AOI-0032,2016-04-10,0.18603968280216585
AOI-0032,2016-05-03,0.23907462169387036
AOI-0032,2016-06-09,0.3473354718698499
AOI-0032,2016-06-28,0.2187716040237769
AOI-0032,2016-07-15,0.18574928216643793
AOI-0032,2016-07-30,0.20700601721306167
AOI-0032,2016-08-16,0.18070494191325012
AOI-0032,2016-09-09,0.1978196239528968
AOI-0032,2016-10-18,0.41184522130821244
AOI-0032,2017-04-04,0.4079200758445752
AOI-0032,2017-04-28,0.701837265144555
AOI-0032,2017-05-09,0.769726655512561
AOI-0032,2017-07-02,0.24316650645390064
AOI-0032,2017-08-02,0.17977582849745685
AOI-0032,2017-08-11,0.14286362487738127
AOI-0032,2017-08-19,0.14312886559317514
AOI-0032,2017-08-27,0.1997165698013809
AOI-0032,2017-09-03,0.15876075292501896
AOI-0032,2017-09-12,0.16256758776016966
AOI-0032,2018-04-15,0.1997482488197493
AOI-0032,2018-06-10,0.15266428126306197
AOI-0032,2018-06-19,0.16640273797003802
AOI-0032,2018-09-14,0.1744124160052313
AOI-0032,2018-09-23,0.1744747596520417
AOI-0032,2018-09-30,0.19712213115125482
AOI-0032,2018-10-07,0.1569412961109024
AOI-0032,2018-10-12,0.2269592851994663
AOI-0032,2019-04-26,0.7051547816048362
AOI-0032,2019-04-28,0.695956812856817
AOI-0032,2019-05-18,0.8060189473183867
AOI-0032,2019-05-20,0.8031377611873622
AOI-0032,2019-05-30,0.6532913075685531
AOI-0032,2019-06-14,0.28842564062319864
AOI-0032,2019-06-19,0.15829687020227065
AOI-0032,2019-07-23,0.16254113479880966
AOI-0032,2019-09-25,0.1300992011974977
AOI-0032,2019-10-05,0.14642568820574015
AOI-0032,2019-10-11,0.21499797321110384
AOI-0032,2019-10-25,0.3775938968261547
AOI-0032,2019-10-28,0.4091361441292032
AOI-0032,2020-05-27,0.404862545665241
AOI-0032,2020-05-30,0.3932088720512722
AOI-0032,2020-06-24,0.2121129351372948
AOI-0032,2020-06-26,0.17832441802641183
AOI-0032,2020-08-05,0.12812298997462823
AOI-0032,2020-08-07,0.12067510987754944
AOI-0032,2020-09-13,0.1731427754400181
AOI-0032,2020-09-28,0.13138978441296556
AOI-0032,2020-09-29,0.15441093118394145
AOI-0032,2020-10-05,0.12213042569762197
AOI-0032,2020-10-06,0.15244972278154587
AOI-0032,2020-10-24,0.15453070706381244
AOI-0032,2021-04-04,0.05172892451855866
AOI-0032,2021-04-23,0.23696380553941415
AOI-0032,2021-05-01,0.253931971921636
AOI-0032,2021-05-25,0.2833909393476884
AOI-0032,2021-06-18,0.1585795606274718
AOI-0032,2021-07-01,0.1573635196680107
AOI-0032,2021-07-18,0.13406362302430555
AOI-0032,2021-09-06,0.16588584090971864
AOI-0032,2021-09-15,0.17917954723517623
AOI-0032,2021-10-08,0.3372326858014014
AOI-0032,2022-04-26,0.7931922594174741
AOI-0032,2022-05-09,0.8239397012788711
AOI-0032,2022-05-13,0.8596060723058885
AOI-0032,2022-05-29,0.8519637546930056
AOI-0032,2022-06-06,0.7349233172410644
AOI-0032,2022-06-13,0.5820979991412452
AOI-0032,2022-06-30,0.30592018838567575
AOI-0032,2022-08-01,0.16651875757522028
AOI-0032,2022-08-02,0.0909463308596256
AOI-0032,2022-08-15,0.0999882168677481
AOI-0032,2022-08-24,0.16454644842947652
AOI-0032,2022-08-29,0.1714733354249156
AOI-0032,2022-09-11,0.13971875595156363
AOI-0032,2023-04-07,0.24783967260680811
AOI-0032,2023-04-12,0.16830630172127684
AOI-0032,2023-05-12,0.21380442557198626
AOI-0032,2023-05-15,0.23115351239690754
AOI-0032,2023-05-24,0.3070763802431487
AOI-0032,2023-06-06,0.410624366299004
AOI-0032,2023-06-18,0.5442870625785149
AOI-0032,2023-07-26,0.2733527466233956
AOI-0032,2023-07-28,0.30079541337779986
AOI-0032,2023-08-08,0.2562171388973695
AOI-0032,2023-09-01,0.23722960417132333
AOI-0032,2023-09-11,0.2210556127175759
AOI-0032,2023-09-24,0.18768108387703308
AOI-0032,2024-04-07,0.21536151559811326
AOI-0032,2024-05-06,0.21540480471099918
AOI-0032,2024-06-03,0.23141770423500618
AOI-0032,2024-07-12,0.1423709745697514
AOI-0032,2024-07-25,0.1485360960401379
AOI-0032,2024-07-30,0.12670789659989348
AOI-0032,2024-08-22,0.16730750954780427
AOI-0032,2024-08-30,0.17154228585644635
AOI-0032,2024-09-13,0.1346609643467792
AOI-0032,2024-09-18,0.15290311481684665
AOI-0032,2024-10-05,0.13049633801896918
AOI-0032,2024-10-15,0.21585870229886273
AOI-0032,2024-10-23,0.1389379574556689
AOI-0032,2025-05-06,0.6984264172518
AOI-0032,2025-05-28,0.7082227134783353
AOI-0032,2025-06-30,0.31270628325815164
AOI-0032,2025-07-07,0.20806135540222417
AOI-0032,2025-07-10,0.19943997202516453
AOI-0032,2025-08-13,0.1851981182572191
AOI-0032,2025-08-16,0.16069311172957462
AOI-0032,2025-08-24,0.1388059192623482
AOI-0032,2025-08-31,0.15801069937710044
AOI-0032,2025-09-03,0.12941579344481963
AOI-0032,2025-10-08,0.17851952292066914
AOI-0033,2025-04-28,0.17437905114984326
AOI-0033,2025-05-20,0.360140636016498
AOI-0033,2025-06-10,0.6424173438220525
AOI-0033,2025-06-22,0.740245453332587
AOI-0033,2025-07-05,0.4374287692416725
AOI-0033,2025-07-10,0.33804243077665885
AOI-0033,2025-09-15,0.28002792360103157
AOI-0034,2025-04-25,0.20718265652202622
AOI-0034,2025-05-06,0.17705562118226104
AOI-0034,2025-05-09,0.35845363040374123
AOI-0034,2025-06-10,0.17489282132643738
AOI-0034,2025-06-15,0.163071341312696
AOI-0034,2025-06-21,0.22166782670051371
AOI-0034,2025-07-07,0.1196936191718493
AOI-0034,2025-07-10,0.14284752891904565
AOI-0034,2025-07-16,0.18238091270742518
AOI-0034,2025-08-31,0.15585805953660903
AOI-0034,2025-09-13,0.1490602262711556
AOI-0034,2025-09-23,0.14498283132122325
AOI-0034,2025-10-02,0.2733734836792881
AOI-0034,2025-10-16,0.5558160829459502
AOI-0035,2025-05-16,0.15205633232224064
AOI-0035,2025-05-20,0.20531542557057172
AOI-0035,2025-06-05,0.19703791708846782
AOI-0035,2025-06-07,0.1572662152728908
AOI-0035,2025-06-10,0.15052667370416914
AOI-0035,2025-07-30,0.12730294487525942
AOI-0035,2025-08-31,0.1307728682542384
AOI-0035,2025-09-26,0.19569679995758524
AOI-0035,2025-09-28,0.1400842004030527
AOI-0035,2025-10-02,0.208827230967973
AOI-0035,2025-10-30,0.6234666024855434
AOI-0036,2025-05-16,0.5872222169494382
AOI-0036,2025-07-16,0.2767891584590269
AOI-0036,2025-08-01,0.17336960123523815
AOI-0036,2025-08-09,0.14572670341034386
AOI-0036,2025-08-23,0.16852212573419428
AOI-0036,2025-10-02,0.18788270872715945
AOI-0037,2025-04-07,0.5614032873595106
AOI-0037,2025-04-16,0.5217499792419832
AOI-0037,2025-05-23,0.6506318538494588
AOI-0037,2025-06-30,0.36563600027740734
AOI-0037,2025-07-14,0.3181099175137535
AOI-0037,2025-07-23,0.28883945656840726
AOI-0037,2025-08-09,0.2440745172049821
AOI-0037,2025-08-16,0.24835369560057802
AOI-0037,2025-09-12,0.19750209735215116
AOI-0037,2025-09-13,0.20055187685148224
AOI-0037,2025-09-23,0.2150280084252038
AOI-0037,2025-09-26,0.2464322384015556
AOI-0037,2025-09-30,0.2504354653869117
AOI-0037,2025-10-05,0.19777894912266417
AOI-0038,2025-04-07,0.5024418879150535
AOI-0038,2025-04-25,0.5252358690526351
AOI-0038,2025-06-14,0.4846658842535575
AOI-0038,2025-07-10,0.21143501832003353
AOI-0038,2025-07-15,0.1936075079721352
AOI-0038,2025-08-14,0.20154797236431019
AOI-0038,2025-09-02,0.22725073930954995
AOI-0038,2025-10-05,0.18524797166625318
AOI-0038,2025-10-08,0.18437971211511975
AOI-0038,2025-10-16,0.319701380445666
AOI-0039,2025-05-04,0.7650339225216942
AOI-0039,2025-05-08,0.6875142754761415
AOI-0039,2025-05-28,0.6930335515480037
AOI-0039,2025-07-10,0.4619279315208951
AOI-0039,2025-08-06,0.34722468565628656
AOI-0039,2025-08-24,0.3600081106083369
AOI-0039,2025-09-08,0.32312068566161933
AOI-0039,2025-09-12,0.30692859888501295
AOI-0039,2025-09-14,0.33011512934267895
AOI-0039,2025-09-26,0.3434952825523215
AOI-0039,2025-10-23,0.384012396569591
AOI-0040,2025-04-02,0.3037297164387145
AOI-0040,2025-04-03,0.30831861502005437
AOI-0040,2025-05-06,0.732568979100953
AOI-0040,2025-06-07,0.6988074321847481
AOI-0040,2025-07-08,0.25833179784709304
AOI-0040,2025-09-12,0.1354643038703456
AOI-0040,2025-09-13,0.14197248569980936
AOI-0040,2025-09-28,0.1520225911946647
AOI-0040,2025-09-30,0.2066807709971818
AOI-0040,2025-10-02,0.17995723728302204
AOI-0041,2025-04-23,0.6387248718871409
AOI-0041,2025-05-20,0.6424883069748974
AOI-0041,2025-06-22,0.36691796516142117
AOI-0041,2025-06-27,0.39731988567499393
AOI-0041,2025-07-23,0.297311076674609
AOI-0041,2025-08-19,0.23038500271387458
AOI-0041,2025-09-30,0.29489403633927563
AOI-0042,2025-04-18,0.18688023086065947
AOI-0042,2025-05-04,0.1818637570864215
AOI-0042,2025-06-13,0.19048364318321276
AOI-0042,2025-07-14,0.16188327450917608
AOI-0042,2025-07-16,0.18192758145088386
AOI-0042,2025-07-24,0.1718441589698895
AOI-0042,2025-08-17,0.16411739861711483
AOI-0042,2025-08-19,0.13567957137612327
AOI-0042,2025-08-24,0.12322497551059884
AOI-0042,2025-08-29,0.1404320491003594
AOI-0042,2025-09-15,0.13460425508160004
AOI-0042,2025-09-17,0.15719251396229145
AOI-0042,2025-10-02,0.18512609432698435
AOI-0043,2025-04-24,0.22523095749784564
AOI-0043,2025-04-29,0.2119403806050384
AOI-0043,2025-05-31,0.18422712992812293
AOI-0043,2025-06-08,0.18557888410964465
AOI-0043,2025-06-15,0.13518502772616928
AOI-0043,2025-06-17,0.1332183789173973
AOI-0043,2025-06-25,0.12540537517068576
AOI-0043,2025-07-07,0.18344860066004567
AOI-0043,2025-07-13,0.16753289976553484
AOI-0043,2025-08-12,0.11915406698069073
AOI-0043,2025-09-24,0.20598001352514791
AOI-0043,2025-10-13,0.1625569343351864
AOI-0043,2025-10-15,0.1784134057937357
AOI-0044,2010-04-16,0.21612403391135182
AOI-0044,2010-04-25,0.25595286616292395
AOI-0044,2010-05-09,0.47526237576541025
AOI-0044,2010-05-18,0.3426470485463204
AOI-0044,2010-06-12,0.4195615164807729
AOI-0044,2010-06-20,0.3867937459709405
AOI-0044,2010-06-28,0.4787892276600533
AOI-0044,2010-07-29,0.23166743167711723
AOI-0044,2010-08-06,0.18011832188232618
AOI-0044,2010-10-16,0.26842381059781717
AOI-0044,2010-10-25,0.172096598576347
AOI-0044,2011-07-16,0.6820965336529012
AOI-0044,2011-08-01,0.35232595042929915
AOI-0044,2011-08-02,0.31171025447615436
AOI-0044,2011-10-16,0.3854000550388132
AOI-0044,2012-04-06,0.3157064940563622
AOI-0044,2012-05-08,0.660841010380134
AOI-0044,2013-05-02,0.218430209356949
AOI-0044,2013-05-03,0.24101243394817615
AOI-0044,2013-05-11,0.25743361611927573
AOI-0044,2014-04-07,0.38918893899442253
AOI-0044,2014-06-06,0.22882426015785162
AOI-0044,2014-06-14,0.2385599376233696
AOI-0044,2014-06-23,0.2279571940564674
AOI-0044,2014-08-02,0.16663351074402266
AOI-0044,2014-08-09,0.17140422841911068
AOI-0044,2014-08-29,0.23710753067945642
AOI-0044,2014-09-18,0.18803927448388374
AOI-0044,2014-09-19,0.16255713330687857
AOI-0044,2014-10-04,0.198357636832941
AOI-0044,2014-10-12,0.16593229626481568
AOI-0044,2014-10-28,0.20751426335373732
AOI-0044,2014-10-29,0.21431307360688198
AOI-0044,2015-06-26,0.5111559682000751
AOI-0044,2015-07-27,0.262126594790601
AOI-0044,2015-07-28,0.3180071508139069
AOI-0044,2015-08-29,0.254939951518424
AOI-0044,2015-10-08,0.2066426372333726
AOI-0044,2015-10-16,0.26234296080387765
AOI-0044,2016-04-08,0.5049659511797585
AOI-0044,2016-05-08,0.8295691687454264
AOI-0044,2016-05-11,0.8522585838640157
AOI-0044,2016-06-20,0.4071721962263819
AOI-0044,2016-06-25,0.3682411751786279
AOI-0044,2016-07-13,0.28861389695527967
AOI-0044,2016-07-27,0.37511211311411996
AOI-0044,2016-09-07,0.22007417893070458
AOI-0044,2016-09-13,0.27297874018846247
AOI-0044,2016-10-02,0.21516945175429528
AOI-0044,2016-10-26,0.22860925341008206
AOI-0044,2017-04-03,0.1850071031959401
AOI-0044,2017-04-04,0.20279281074576933
AOI-0044,2017-04-12,0.23173735444734347
AOI-0044,2017-06-27,0.2005576869345471
AOI-0044,2017-06-30,0.2128327638394876
AOI-0044,2017-08-10,0.18070916353619626
AOI-0044,2017-09-14,0.2687063773419715
AOI-0044,2018-04-06,0.5395673246458623
AOI-0044,2018-07-12,0.26348624139820137
AOI-0044,2018-07-19,0.1666201678459632
AOI-0044,2018-09-30,0.22825172296073584
AOI-0044,2019-04-25,0.3700128563855396
AOI-0044,2019-04-26,0.38030305461484637
AOI-0044,2019-06-02,0.6979526622541251
AOI-0044,2019-06-12,0.46572912426051977
AOI-0044,2019-06-20,0.350099826374786
AOI-0044,2019-08-13,0.44787586381947186
AOI-0044,2019-09-10,0.18340266345242862
AOI-0044,2019-09-15,0.16024126060882493
AOI-0044,2019-09-16,0.19419245149617398
AOI-0044,2019-10-10,0.17252847320025277
AOI-0044,2020-04-17,0.1930271111740997
AOI-0044,2020-04-22,0.1758105970347148
AOI-0044,2020-05-17,0.17441403323912336
AOI-0044,2020-06-30,0.21131894981048807
AOI-0044,2020-08-10,0.12996096815626765
AOI-0044,2020-09-09,0.1478346552745449
AOI-0044,2020-09-10,0.14611173366188107
AOI-0044,2020-09-26,0.12449086088423579
AOI-0044,2020-09-29,0.16142848758437442
AOI-0044,2020-10-14,0.15816504753054533
AOI-0044,2020-10-21,0.1533841727293171
AOI-0044,2021-05-12,0.7241033561308512
AOI-0044,2021-05-17,0.7279448897472687
AOI-0044,2021-05-25,0.7283899394232017
AOI-0044,2021-07-16,0.22850334088219781
AOI-0044,2021-07-21,0.15749435008934246
AOI-0044,2021-09-30,0.23553336534232275
AOI-0044,2021-10-07,0.1692688738685478
AOI-0044,2022-05-27,0.7267072988637671
AOI-0044,2022-06-06,0.7362512482552285
AOI-0044,2022-06-12,0.7009004928592055
AOI-0044,2022-07-07,0.21901400004940336
AOI-0044,2022-08-10,0.23490132484360252
AOI-0044,2022-08-13,0.2793543966740387
AOI-0044,2022-08-24,0.28799374325632965
AOI-0044,2022-09-25,0.20857573266960797
AOI-0044,2022-09-30,0.27738565451675473
AOI-0044,2023-04-02,0.21026186194006138
AOI-0044,2023-04-07,0.2852999769268581
AOI-0044,2023-06-06,0.22281263626061387
AOI-0044,2023-06-30,0.18631525439245428
AOI-0044,2023-07-05,0.19285853480320078
AOI-0044,2023-07-09,0.21357606463395448
AOI-0044,2023-07-11,0.1526566463878127
AOI-0044,2023-07-16,0.16420478647321954
AOI-0044,2023-07-25,0.20951228489983442
AOI-0044,2023-08-05,0.14849923187440994
AOI-0044,2023-08-25,0.15300566301277904
AOI-0044,2023-09-30,0.2565534825256235
AOI-0044,2023-10-14,0.2713594990141711
AOI-0044,2024-04-06,0.7981532939999972
AOI-0044,2024-04-14,0.8541344654225524
AOI-0044,2024-06-05,0.5939342221034097
AOI-0044,2024-09-06,0.17966933554804235
AOI-0044,2024-09-21,0.16919924769464517
AOI-0044,2025-04-02,0.20301352976169518
AOI-0044,2025-05-20,0.2215857091646641
AOI-0044,2025-07-06,0.21490235856586642
AOI-0044,2025-07-10,0.16396191723449519
AOI-0044,2025-08-14,0.15967826940338434
AOI-0044,2025-09-23,0.15297838525023244
AOI-0044,2025-10-03,0.17161980924472123
AOI-0044,2025-10-15,0.15709062318533393
AOI-0045,2025-04-26,0.25797224162714666
AOI-0045,2025-06-15,0.1626587477305398
AOI-0045,2025-06-27,0.17820172030626452
AOI-0045,2025-06-29,0.2260523410550004
AOI-0045,2025-07-31,0.2137947126625154
AOI-0045,2025-08-13,0.2062814539313499
AOI-0045,2025-08-15,0.20052553905266196
AOI-0045,2025-08-16,0.1626187218422141
AOI-0045,2025-09-30,0.21563983426967115
AOI-0045,2025-10-15,0.1613274462705495
AOI-0046,2010-06-26,0.3343786082537313
AOI-0046,2010-07-12,0.3633628800624486
AOI-0046,2010-09-14,0.4085536068650187
AOI-0046,2011-05-30,0.2706613671175818
AOI-0046,2011-08-17,0.18021666636412828
AOI-0046,2012-04-22,0.45035736944438476
AOI-0046,2012-04-29,0.29999323181351306
AOI-0046,2012-06-09,0.6211687886657333
AOI-0046,2013-04-25,0.23530626108703986
AOI-0046,2013-05-09,0.462296048917569
AOI-0046,2013-06-11,0.556351526154152
AOI-0046,2013-06-27,0.37663369285598697
AOI-0046,2013-07-21,0.3122798950515262
AOI-0046,2013-07-28,0.33772185818005235
AOI-0046,2013-07-30,0.2819974483250395
AOI-0046,2014-05-25,0.7798345549332258
AOI-0046,2014-05-29,0.7813505666488167
AOI-0046,2014-07-01,0.30037821511229706
AOI-0046,2014-07-12,0.3349218634025331
AOI-0046,2014-08-01,0.19994313532141889
AOI-0046,2014-08-25,0.15012779738051493
AOI-0046,2014-09-19,0.15373054536783853
AOI-0046,2015-05-17,0.26574818905126896
AOI-0046,2015-07-12,0.3675982188083067
AOI-0046,2015-09-22,0.22894906796370323
AOI-0046,2015-10-16,0.25043322743303686
AOI-0046,2016-05-02,0.854672043922111
AOI-0046,2016-05-10,0.8588966160002826
AOI-0046,2016-05-18,0.8797137204367586
AOI-0046,2016-06-03,0.7267105933744048
AOI-0046,2016-06-09,0.6749077293217309
AOI-0046,2016-07-13,0.19773579375374659
AOI-0046,2016-07-30,0.2536248026376489
AOI-0046,2016-10-02,0.2485567756503095
AOI-0046,2016-10-17,0.3250738378721436
AOI-0046,2016-10-25,0.32760556200161844
AOI-0046,2017-04-13,0.41313826909304896
AOI-0046,2017-06-27,0.40828177470233307
AOI-0046,2017-07-02,0.3396278413976703
AOI-0046,2017-07-24,0.22795965893289913
AOI-0046,2017-08-09,0.19001724279179938
AOI-0046,2017-08-21,0.15803522924392474
AOI-0046,2017-09-10,0.22740552812290207
AOI-0046,2017-09-15,0.3028901781477632
AOI-0046,2017-10-12,0.3240156396931246
AOI-0046,2018-05-09,0.35520457659228305
AOI-0046,2018-06-01,0.20946291120205876
AOI-0046,2018-07-20,0.2035943790604332
AOI-0046,2018-08-20,0.16708394636675786
AOI-0046,2018-08-29,0.1835551650098201
AOI-0046,2018-10-15,0.18928068061390269
AOI-0046,2018-10-24,0.20826669610552354
AOI-0046,2019-04-01,0.23056218329957884
AOI-0046,2019-04-18,0.3440037094945133
AOI-0046,2019-05-19,0.7955659182048381
AOI-0046,2019-08-01,0.22962525397871206
AOI-0046,2019-09-01,0.20468153209105316
AOI-0046,2019-10-20,0.41350636326931284
AOI-0046,2020-04-04,0.7953705382315673
AOI-0046,2020-04-07,0.8326443847080015
AOI-0046,2020-05-08,0.8295824113580712
AOI-0046,2020-05-24,0.8112783590234879
AOI-0046,2020-06-09,0.702809352000774
AOI-0046,2020-09-10,0.14646091306047118
AOI-0046,2020-09-13,0.1936369921143611
AOI-0046,2020-09-26,0.1250837955022861
AOI-0046,2020-10-21,0.16037528343111834
AOI-0046,2021-05-02,0.5400990889999481
AOI-0046,2021-05-25,0.7983481160794587
AOI-0046,2021-07-11,0.30453765495415897
AOI-0046,2021-07-28,0.27967649208274165
AOI-0046,2021-08-13,0.3982345551981116
AOI-0046,2021-08-20,0.2237908787852069
AOI-0046,2021-08-29,0.4023798014453342
AOI-0046,2021-09-06,0.5337129497311139
AOI-0046,2022-06-05,0.2620783713625191
AOI-0046,2022-07-24,0.19471815715785282
AOI-0046,2022-07-29,0.17208162452583564
AOI-0046,2022-07-30,0.2310189789974935
AOI-0046,2022-08-24,0.22424981008063358
AOI-0046,2022-08-30,0.15240231558141876
AOI-0046,2023-04-02,0.6051384769585606
AOI-0046,2023-04-29,0.8592186867124555
AOI-0046,2023-05-06,0.8951229682001517
AOI-0046,2023-06-21,0.6479773988367556
AOI-0046,2023-06-24,0.480286972371197
AOI-0046,2023-07-22,0.25573342015701095
AOI-0046,2023-07-25,0.27459319907898366
AOI-0046,2023-08-13,0.16359735938986267
AOI-0046,2023-08-18,0.17585691436489712
AOI-0046,2023-08-25,0.17633295010263633
AOI-0046,2023-08-27,0.20128492812236534
AOI-0046,2023-08-28,0.16553054843495044
AOI-0046,2023-10-13,0.2115579959205817
AOI-0046,2023-10-29,0.27632508390877425
AOI-0046,2024-04-06,0.7398467969147614
AOI-0046,2024-05-08,0.8753425561741831
AOI-0046,2024-05-09,0.8821332978780277
AOI-0046,2024-06-01,0.7937792984345521
AOI-0046,2024-06-09,0.5177044343717532
AOI-0046,2024-07-03,0.22387732421505607
AOI-0046,2024-07-19,0.16993970102533434
AOI-0046,2024-08-09,0.14777263428241236
AOI-0046,2024-08-20,0.20327348015695346
AOI-0046,2024-08-28,0.1825047416656649
AOI-0046,2024-09-13,0.14832152304920052
AOI-0046,2024-09-22,0.2049823201301791
AOI-0046,2024-10-13,0.12701706679414423
AOI-0046,2025-06-30,0.7548844187935312
AOI-0046,2025-07-15,0.45178594184705717
AOI-0046,2025-08-07,0.4084839015115363
AOI-0046,2025-08-15,0.44467637600609305
AOI-0046,2025-09-24,0.22207918335506924
AOI-0046,2025-10-02,0.20516043533276526
AOI-0047,2025-05-08,0.7579552010290992
AOI-0047,2025-05-16,0.767313803628515
AOI-0047,2025-05-25,0.7209869260298528
AOI-0047,2025-06-15,0.37324080639581364
AOI-0047,2025-07-17,0.15495352551458602
AOI-0047,2025-07-18,0.15817245087774826
AOI-0047,2025-09-03,0.1346062850551263
AOI-0047,2025-10-15,0.15977306183125312
AOI-0047,2025-10-16,0.2570252195175201
AOI-0048,2025-04-07,0.6923878559838779
AOI-0048,2025-04-17,0.6965287032732528
AOI-0048,2025-05-09,0.7103519113963208
AOI-0048,2025-09-17,0.1951607914012843
AOI-0048,2025-09-24,0.19207439132894027
AOI-0049,2025-05-04,0.7807368947571152
AOI-0049,2025-06-26,0.3545103012746166
AOI-0049,2025-06-27,0.24184053112061046
AOI-0049,2025-07-29,0.23762190392125318
AOI-0049,2025-08-06,0.1972786369412932
AOI-0049,2025-08-12,0.17840924194830082
AOI-0049,2025-08-17,0.17036866492396613
AOI-0049,2025-09-06,0.17244155418827198
AOI-0049,2025-09-14,0.2575329242971937
AOI-0049,2025-09-26,0.19730969072219084
AOI-0049,2025-09-30,0.30698869070117385
AOI-0049,2025-10-08,0.19244914640448513
AOI-0049,2025-10-16,0.2447982220125159
AOI-0049,2025-10-28,0.2689123434724352
AOI-0050,2025-04-14,0.30337123741902056
AOI-0050,2025-04-15,0.3362221929152748
AOI-0050,2025-05-25,0.6457097752073914
AOI-0050,2025-06-27,0.5202892182637998
AOI-0050,2025-08-07,0.29014582595486804
AOI-0050,2025-08-09,0.28257514014442275
AOI-0050,2025-08-13,0.4323971966553811
AOI-0050,2025-08-17,0.2843910872839161
AOI-0050,2025-09-07,0.34889023036615313
AOI-0050,2025-09-30,0.41804544319336573
AOI-0050,2025-10-17,0.3910829004918377
AOI-0050,2025-10-28,0.37898764286389264
AOI-0051,2010-06-09,0.7082219833552836
AOI-0051,2011-06-04,0.5222269005459462
AOI-0051,2011-06-05,0.5348038286523767
AOI-0051,2011-06-12,0.6215339000856605
AOI-0051,2011-06-13,0.6145794739931448
AOI-0051,2011-09-01,0.5767504625094433
AOI-0051,2011-10-11,0.406713030614499
AOI-0051,2012-04-27,0.5117047998720459
AOI-0051,2012-05-22,0.6322237293425791
AOI-0051,2012-08-12,0.47420278881209516
AOI-0051,2012-08-26,0.3357839674640745
AOI-0051,2012-08-28,0.4529635426065684
AOI-0051,2012-09-18,0.3442323828003523
AOI-0051,2012-10-13,0.387582492068081
AOI-0051,2013-05-01,0.7725966214728455
AOI-0051,2013-07-19,0.41493875645459616
AOI-0051,2013-07-28,0.5125944828540847
AOI-0051,2013-08-29,0.46831238719683826
AOI-0051,2013-10-07,0.4790889042860246
AOI-0051,2013-10-16,0.5145533468979778
AOI-0051,2014-04-18,0.7947733310422846
AOI-0051,2014-06-05,0.7299641196667714
AOI-0051,2014-06-10,0.6057109171146804
AOI-0051,2014-06-28,0.48515397419223505
AOI-0051,2014-09-08,0.38009558083692924
AOI-0051,2014-09-16,0.39352134507394476
AOI-0051,2015-04-07,0.3293766219223417
AOI-0051,2015-05-23,0.737661714477463
AOI-0051,2015-06-10,0.720639431209729
AOI-0051,2015-06-15,0.749143731740692
AOI-0051,2015-06-26,0.6636217434732793
AOI-0051,2015-09-14,0.3742600259815359
AOI-0051,2015-09-20,0.3139654280100189
AOI-0051,2015-10-06,0.2354131507196061
AOI-0051,2016-04-06,0.6246790045739098
AOI-0051,2016-06-25,0.5149170222064865
AOI-0051,2016-07-12,0.4172174788710436
AOI-0051,2016-08-28,0.45286332496292164
AOI-0051,2016-09-14,0.3478338111962458
AOI-0051,2016-09-29,0.41548259329325
AOI-0051,2016-10-24,-0.04498451476119301
AOI-0051,2017-05-28,0.5173921603280697
AOI-0051,2017-06-21,0.663518830427003
AOI-0051,2017-06-28,0.641917018049842
AOI-0051,2017-07-06,0.6246658484384735
AOI-0051,2017-07-23,0.6398788176467048
AOI-0051,2017-09-25,0.3161266292764227
AOI-0051,2017-09-30,0.3683153734806767
AOI-0051,2017-10-16,0.341527980621115
AOI-0051,2018-04-11,0.44827081159307125
AOI-0051,2018-04-28,0.6462595050739404
AOI-0051,2018-04-29,0.6708727296404097
AOI-0051,2018-05-30,0.7263172636079819
AOI-0051,2018-06-26,0.4347071130845264
AOI-0051,2018-07-02,0.28588789442818135
AOI-0051,2018-08-02,0.3188235769807809
AOI-0051,2018-08-18,0.32112501969704355
AOI-0051,2018-09-14,0.3787534845525999
AOI-0051,2018-09-19,0.3200055070974783
AOI-0051,2018-10-14,0.26753214116912544
AOI-0051,2019-05-17,0.8512404520842312
AOI-0051,2019-05-31,0.7542967004002429
AOI-0051,2019-06-25,0.2624030771600454
AOI-0051,2019-06-30,0.2733793265044566
AOI-0051,2019-07-29,0.3477277023163035
AOI-0051,2019-08-05,0.3562650395010717
AOI-0051,2019-08-13,0.3872466965479477
AOI-0051,2019-08-22,0.28868787350430797
AOI-0051,2019-09-13,0.23144062810900046
AOI-0051,2019-10-16,0.3701327871243873
AOI-0051,2020-04-26,0.423869542097372
AOI-0051,2020-06-09,0.7129647029184687
AOI-0051,2020-07-04,0.4685730401651576
AOI-0051,2020-07-27,0.483757783943956
AOI-0051,2020-08-31,0.3556598818940786
AOI-0051,2020-09-07,0.23665392942715113
AOI-0051,2020-10-27,0.14467540736199425
AOI-0051,2021-05-06,0.7619810558696205
AOI-0051,2021-06-23,0.5155445752931015
AOI-0051,2021-07-19,0.3053029062400396
AOI-0051,2021-07-28,0.4624722518195341
AOI-0051,2021-08-23,0.3507395934075299
AOI-0051,2021-08-28,0.3663081487316438
AOI-0051,2021-08-29,0.4721816677188931
AOI-0051,2021-09-03,0.3864883232139127
AOI-0051,2021-09-07,0.30066069873063783
AOI-0051,2021-10-02,0.2942279846549897
AOI-0051,2021-10-21,0.32436347007359784
AOI-0051,2022-05-09,0.648663479086898
AOI-0051,2022-05-26,0.49314384239554226
AOI-0051,2022-05-27,0.44290079792429043
AOI-0051,2022-06-11,0.6350013748472424
AOI-0051,2022-06-19,0.6967926411612376
AOI-0051,2022-06-30,0.7553786296855328
AOI-0051,2022-07-09,0.7773440499485089
AOI-0051,2022-07-12,0.6244763037643073
AOI-0051,2022-07-22,0.7376173594887873
AOI-0051,2022-07-24,0.7787434387492539
AOI-0051,2022-07-29,0.7388258960648048
AOI-0051,2022-08-13,0.5845235781259968
AOI-0051,2022-08-28,0.5135394395506127
AOI-0051,2022-09-06,0.5021600051738154
AOI-0051,2022-09-14,0.4581001528319392
AOI-0051,2022-10-07,0.3641430143152206
AOI-0051,2022-10-15,0.3595054836779391
AOI-0051,2023-04-23,0.7959624787683388
AOI-0051,2023-07-31,0.34798502062121417
AOI-0051,2023-08-28,0.34716176080420197
AOI-0051,2023-09-09,0.37455546382177934
AOI-0051,2023-09-27,0.36962753288874367
AOI-0051,2023-10-04,0.37230034183857746
AOI-0051,2024-04-05,0.3339082132370603
AOI-0051,2024-05-04,0.41305874000269055
AOI-0051,2024-05-22,0.5041363773232469
AOI-0051,2024-06-03,0.5453068063103781
AOI-0051,2024-06-23,0.4741691524322607
AOI-0051,2024-07-28,0.29553668503305597
AOI-0051,2024-08-27,0.2625038500095109
AOI-0051,2024-09-03,0.25534167001322233
AOI-0051,2024-10-01,0.21548165722434934
AOI-0051,2024-10-05,0.2674041051032084
AOI-0051,2024-10-06,0.2312250915754498
AOI-0051,2024-10-15,0.37863298656134226
AOI-0051,2025-05-09,0.783147340987837
AOI-0051,2025-06-10,0.5004062907754979
AOI-0051,2025-06-27,0.38352728152487237
AOI-0051,2025-07-05,0.3293317458682816
AOI-0051,2025-07-10,0.22673765078712538
AOI-0051,2025-08-05,0.20738943721081118
AOI-0051,2025-08-12,0.18276171787396026
AOI-0051,2025-09-15,0.21250768738312892
AOI-0051,2025-09-16,0.19977567160259813
AOI-0052,2025-04-19,0.18014001395141413
AOI-0052,2025-06-08,0.32484225835306024
AOI-0052,2025-06-11,0.4799996054334881
AOI-0052,2025-07-05,0.6826781306449619
AOI-0052,2025-07-18,0.35821905734065584
AOI-0052,2025-08-22,0.13287845939489829
AOI-0052,2025-08-27,0.14291635066965408
AOI-0052,2025-09-06,0.14652738387736525
AOI-0052,2025-09-14,0.18659562423979942
AOI-0052,2025-10-17,0.28874070406267455
AOI-0053,2025-04-11,0.751327832525063
AOI-0053,2025-04-14,0.8016320153125721
AOI-0053,2025-04-16,0.7728859571377831
AOI-0053,2025-04-19,0.8051734310002575
AOI-0053,2025-04-23,0.8660183366169817
AOI-0053,2025-06-26,0.35618210647095333
AOI-0053,2025-07-28,0.1576267379765601
AOI-0053,2025-08-02,0.15457425741802347
AOI-0053,2025-08-09,0.13426982676119126
AOI-0053,2025-08-12,0.1430412948118144
AOI-0053,2025-08-29,0.1562423349389321
AOI-0053,2025-09-01,0.13069860341426826
AOI-0053,2025-09-07,0.19008221418198123
AOI-0053,2025-09-11,0.14103342184583634
AOI-0053,2025-09-14,0.22127860472952582
AOI-0053,2025-09-15,0.1667092525357357
AOI-0053,2025-09-21,0.14433976441514323
AOI-0053,2025-09-26,0.16569594346921784
AOI-0053,2025-10-28,0.29425948962874815
AOI-0054,2025-04-11,0.5590417211993715
AOI-0054,2025-04-19,0.6552991852173324
AOI-0054,2025-05-04,0.8030499698846025
AOI-0054,2025-06-03,0.8148665474339762
AOI-0054,2025-07-28,0.6611929935003309
AOI-0054,2025-08-12,0.7016747338991111
AOI-0054,2025-09-21,0.6813902436777625
AOI-0054,2025-09-30,0.6660017837262564
AOI-0054,2025-10-16,0.6202063258027891
AOI-0055,2025-04-01,0.3301961377257057
AOI-0055,2025-04-11,0.40787040524474427
AOI-0055,2025-05-09,0.5297398858730966
AOI-0055,2025-07-04,0.5349180809353998
AOI-0055,2025-07-05,0.5161930232868603
AOI-0055,2025-07-08,0.4889903913322231
AOI-0055,2025-07-23,0.42360578128820675
AOI-0055,2025-08-17,0.3588920478957595
AOI-0055,2025-09-14,0.43026272044762753
AOI-0055,2025-09-22,0.44365144253044153
AOI-0056,2025-04-23,0.8344987338846156
AOI-0056,2025-05-24,0.790935194723108
AOI-0056,2025-06-10,0.458414286377761
AOI-0056,2025-06-19,0.3944123715649288
AOI-0056,2025-07-18,0.16505743352377233
AOI-0056,2025-07-23,0.1682004703046661
AOI-0056,2025-08-09,0.1645215748545427
AOI-0056,2025-09-06,0.18842107712519837
AOI-0056,2025-09-08,0.1652350606919099
AOI-0056,2025-10-16,0.2615207466449612
AOI-0057,2025-05-04,0.81606062320864
AOI-0057,2025-05-09,0.7587520665922803
AOI-0057,2025-05-19,0.5264405264789532
AOI-0057,2025-06-26,0.3679007767049006
AOI-0057,2025-06-27,0.2510104118548883
AOI-0057,2025-07-10,0.20410623718612914
AOI-0057,2025-07-13,0.19681783938663147
AOI-0057,2025-07-18,0.1982839787498249
AOI-0057,2025-08-05,0.20205111013537844
AOI-0057,2025-08-27,0.1435611372718164
AOI-0057,2025-09-01,0.1495133670230942
AOI-0057,2025-09-21,0.16610677429090295
AOI-0058,2010-04-23,0.3726918470854902
AOI-0058,2010-08-13,0.45693958501982235
AOI-0058,2010-08-29,0.39903906916259696
AOI-0058,2010-09-05,0.30160930986233153
AOI-0058,2011-04-02,0.3048858510063304
AOI-0058,2011-04-26,0.514284210849556
AOI-0058,2011-06-12,0.7411507168792562
AOI-0058,2011-07-15,0.5093445973820169
AOI-0058,2011-08-29,0.4546392226339695
AOI-0058,2011-09-01,0.29770546004614096
AOI-0058,2011-10-02,0.30798472366217056
AOI-0058,2011-10-27,0.3385168661547554
AOI-0058,2012-04-22,0.6113073424505654
AOI-0058,2012-06-09,0.6972677930856138
AOI-0058,2012-06-23,0.6387675777793353
AOI-0058,2012-07-11,0.5826591140917253
AOI-0058,2012-08-12,0.48084460255833406
AOI-0058,2012-09-11,0.37594133504979826
AOI-0058,2013-04-07,0.44536359768807465
AOI-0058,2013-04-23,0.5043548659075596
AOI-0058,2013-05-09,0.5214380574254018
AOI-0058,2013-06-09,0.5119263816927498
AOI-0058,2013-06-10,0.6573612085637802
AOI-0058,2013-07-11,0.7043749397623031
AOI-0058,2013-07-19,0.6945081544928681
AOI-0058,2013-08-28,0.25036216593131627
AOI-0058,2013-10-16,0.4258070988396154
AOI-0058,2013-10-24,0.2761125794475712
AOI-0058,2014-04-25,0.8062619568887884
AOI-0058,2014-06-05,0.8106032106560903
AOI-0058,2014-06-10,0.6887729754593521
AOI-0058,2014-09-14,0.3742103721589348
AOI-0058,2015-04-28,0.3703057320701945
AOI-0058,2015-05-09,0.6899526547303366
AOI-0058,2015-09-03,0.47178149102816463
AOI-0058,2015-09-27,0.4821998337553391
AOI-0058,2016-04-06,0.7706718603489275
AOI-0058,2016-04-30,0.82748641113306
AOI-0058,2016-06-09,0.7994049144808606
AOI-0058,2016-07-27,0.561871739367405
AOI-0058,2016-07-28,0.4643323770843281
AOI-0058,2016-08-13,0.4952164637732735
AOI-0058,2017-04-25,0.8177515293726322
AOI-0058,2017-07-15,0.270809472563766
AOI-0058,2017-09-13,0.20903254000787347
AOI-0058,2017-09-16,0.2385316703548276
AOI-0058,2018-05-15,0.7212190291531346
AOI-0058,2018-07-26,0.5157783630859554
AOI-0058,2018-08-02,0.4880175658278621
AOI-0058,2019-04-23,0.8007793332578342
AOI-0058,2019-05-25,0.802708801656261
AOI-0058,2019-06-25,0.2672123664016282
AOI-0058,2019-06-27,0.2906789681541683
AOI-0058,2019-07-04,0.30297832776861433
AOI-0058,2019-08-30,0.23505691845061336
AOI-0058,2019-09-28,0.16049240138567933
AOI-0058,2019-09-30,0.2809237733522327
AOI-0058,2020-04-17,0.4200832732345954
AOI-0058,2020-05-04,0.5603241343003201
AOI-0058,2020-06-05,0.6510643554748317
AOI-0058,2020-06-29,0.5564814591059544
AOI-0058,2020-07-06,0.5145643307871285
AOI-0058,2020-07-22,0.4290364905194209
AOI-0058,2020-07-30,0.4179850767328403
AOI-0058,2020-08-07,0.37827866009084976
AOI-0058,2020-08-12,0.4368028454569619
AOI-0058,2020-08-23,0.33585448573857246
AOI-0058,2020-08-28,0.4133483077874705
AOI-0058,2020-09-24,0.2865375488282085
AOI-0058,2020-10-27,0.2429909670922849
AOI-0058,2021-04-15,0.5304948776711614
AOI-0058,2021-05-09,0.720994738530915
AOI-0058,2021-05-31,0.7151705468007719
AOI-0058,2021-07-09,0.6327946936841273
AOI-0058,2021-07-14,0.4970761031716801
AOI-0058,2021-07-25,0.46270661858904955
AOI-0058,2021-08-13,0.48356893485364605
AOI-0058,2021-08-28,0.34184244423226967
AOI-0058,2021-09-27,0.4838579573613978
AOI-0058,2022-06-10,0.7809797719554611
AOI-0058,2022-06-18,0.7895895368583765
AOI-0058,2022-07-04,0.2758388051265617
AOI-0058,2022-07-12,0.3341954780581817
AOI-0058,2022-07-17,0.2591308897018285
AOI-0058,2022-07-29,0.19622057115875138
AOI-0058,2022-09-14,0.3056449955908868
AOI-0058,2023-05-09,0.7396583504340827
AOI-0058,2023-05-20,0.589408148434007
AOI-0058,2023-06-28,0.7869400050502355
AOI-0058,2023-08-17,0.5378669612265687
AOI-0058,2023-09-02,0.41896414394340986
AOI-0058,2023-09-10,0.5004203289148034
AOI-0058,2023-09-27,0.5096124051590186
AOI-0058,2023-10-12,0.491595216098996
AOI-0058,2024-04-09,0.7572217941983167
AOI-0058,2024-05-09,0.8061131348072968
AOI-0058,2024-06-03,0.6246133317480687
AOI-0058,2024-06-23,0.32143427811393643
AOI-0058,2024-06-28,0.31550704489577247
AOI-0058,2024-07-09,0.35980597448598545
AOI-0058,2024-07-26,0.2697462212308365
AOI-0058,2024-07-27,0.35720209285074367
AOI-0058,2024-08-18,0.28530127610367406
AOI-0058,2024-08-27,0.20691920686338683
AOI-0058,2024-08-28,0.3304897703573228
AOI-0058,2024-09-21,0.2224358180925721
AOI-0058,2024-09-28,0.2165846714605363
AOI-0058,2024-10-01,0.20268281164993546
AOI-0058,2024-10-30,0.2098773897252504
AOI-0058,2025-04-07,0.5803834904968802
AOI-0058,2025-04-16,0.5058122523702282
AOI-0058,2025-04-24,0.5517184138318126
AOI-0058,2025-07-18,0.3109034502913121
AOI-0058,2025-07-28,0.30654060537023464
AOI-0058,2025-08-02,0.23761073701925822
AOI-0058,2025-08-06,0.2649986780023094
AOI-0058,2025-08-09,0.19664705620311998
AOI-0058,2025-08-12,0.19330087853668892
AOI-0058,2025-08-14,0.19630431044299812
AOI-0058,2025-09-14,0.27500334280278615
AOI-0058,2025-09-22,0.23847195837391924
AOI-0059,2010-06-26,0.7893499103893137
AOI-0059,2010-07-19,0.715965327735212
AOI-0059,2010-08-28,0.2630966163834522
AOI-0059,2011-04-23,0.7616408655302978
AOI-0059,2011-05-27,0.7116004671828138
AOI-0059,2011-05-28,0.731019833697684
AOI-0059,2011-06-12,0.6731068666282508
AOI-0059,2011-06-26,0.7397901906665383
AOI-0059,2011-07-07,0.7849909644432452
AOI-0059,2011-07-28,0.48029538319441234
AOI-0059,2011-08-08,0.5120932978069785
AOI-0059,2011-08-23,0.5205971246382857
AOI-0059,2012-04-04,0.5933816981889399
AOI-0059,2012-08-12,0.46518593813730497
AOI-0059,2012-08-26,0.2642768843891735
AOI-0059,2012-09-11,0.2663421574330327
AOI-0059,2012-10-13,0.36072435074673925
AOI-0059,2013-05-09,0.8537930833324706
AOI-0059,2013-06-18,0.2821237859075786
AOI-0059,2013-07-20,0.23931964147366247
AOI-0059,2013-08-13,0.30337568284126454
AOI-0059,2013-08-21,0.2280282255997526
AOI-0059,2013-10-16,0.39990584649016453
AOI-0059,2014-05-09,0.89980146959363
AOI-0059,2014-10-27,0.5621721106870294
AOI-0059,2015-04-13,0.25736264031914524
AOI-0059,2015-05-22,0.3659530297189506
AOI-0059,2015-06-07,0.7438729118387006
AOI-0059,2015-08-02,0.8277254645276972
AOI-0059,2015-08-10,0.7532478385127936
AOI-0059,2015-08-29,0.593745268267472
AOI-0059,2015-09-27,0.5093897711511456
AOI-0059,2015-09-30,0.4007372847288539
AOI-0059,2016-05-25,0.9193890987598723
AOI-0059,2016-07-04,0.37640437298291807
AOI-0059,2016-09-14,0.2391700139861947
AOI-0059,2016-10-24,0.22096779095890942
AOI-0059,2017-04-02,0.607572488739495
AOI-0059,2017-05-06,0.8648898365750755
AOI-0059,2017-05-27,0.8888400647932383
AOI-0059,2017-06-04,0.9122074505649139
AOI-0059,2017-06-10,0.8364783106263678
AOI-0059,2017-07-12,0.36395892748562814
AOI-0059,2017-07-23,0.26875199436800956
AOI-0059,2017-07-28,0.3891509589911493
AOI-0059,2017-08-13,0.3085803753290115
AOI-0059,2017-08-29,0.28225631481656027
AOI-0059,2017-09-24,0.22716622148010793
AOI-0059,2018-04-07,0.3892089894822927
AOI-0059,2018-05-22,0.3973829094894684
AOI-0059,2018-05-31,0.3985184919510828
AOI-0059,2018-07-09,0.610480737894611
AOI-0059,2018-07-18,0.5110998613253537
AOI-0059,2018-07-26,0.4575267807915103
AOI-0059,2018-08-02,0.4182282889039869
AOI-0059,2018-08-10,0.3654259613116051
AOI-0059,2018-08-13,0.346433059841095
AOI-0059,2018-10-06,0.2350243950056807
AOI-0059,2019-04-11,0.638128200221602
AOI-0059,2019-04-21,0.7590729784426035
AOI-0059,2019-04-23,0.7420132606751791
AOI-0059,2019-05-21,0.8755965557489311
AOI-0059,2019-06-02,0.808794192414198
AOI-0059,2019-06-05,0.7913565436205224
AOI-0059,2019-06-10,0.7232328365612399
AOI-0059,2019-06-15,0.5439085747238451
AOI-0059,2019-06-30,0.21092553675967038
AOI-0059,2019-07-29,0.2701295427347993
AOI-0059,2019-08-21,0.17781428595600374
AOI-0059,2019-08-24,0.13970638669772814
AOI-0059,2019-09-03,0.14836312607881055
AOI-0059,2019-10-13,0.2325331288006856
AOI-0059,2019-10-24,0.22591885892054306
AOI-0059,2020-04-09,0.21994648850387233
AOI-0059,2020-04-18,0.2419224850271833
AOI-0059,2020-04-25,0.1578481601761421
AOI-0059,2020-05-08,0.622490154589944
AOI-0059,2020-05-12,0.2818169073887636
AOI-0059,2020-06-05,0.6461842400079207
AOI-0059,2020-07-11,0.7210164109380692
AOI-0059,2020-07-30,0.7154449873553024
AOI-0059,2020-10-26,0.19374890654481175
AOI-0059,2021-06-19,0.6624180411215456
AOI-0059,2021-06-23,0.6487459783834285
AOI-0059,2021-06-29,0.3666992723665469
AOI-0059,2021-07-28,0.36960798190965405
AOI-0059,2021-07-29,0.22086684049029628
AOI-0059,2021-08-18,0.3541909332590863
AOI-0059,2021-08-28,0.6025787474834439
AOI-0059,2021-09-07,0.7107050568170169
AOI-0059,2021-09-17,0.7033565415987288
AOI-0059,2021-09-28,0.39093932201528325
AOI-0059,2021-09-30,0.3719697050386948
AOI-0059,2021-10-16,0.3210013467240926
AOI-0059,2022-04-15,0.2550019113441988
AOI-0059,2022-06-10,0.801905846454327
AOI-0059,2022-06-11,0.7731966270546026
AOI-0059,2022-07-20,0.8033313121238694
AOI-0059,2022-08-18,0.7166855152346537
AOI-0059,2022-09-27,0.393531262811535
AOI-0059,2022-10-08,0.4768826547323755
AOI-0059,2023-05-13,0.9053513495879623
AOI-0059,2023-05-25,0.8735310932944653
AOI-0059,2023-06-18,0.8387625478947537
AOI-0059,2023-07-16,0.26408056215768594
AOI-0059,2023-07-29,0.17076880117727966
AOI-0059,2023-09-30,0.30643913189879357
AOI-0059,2023-10-12,0.20029636883813826
AOI-0059,2023-10-16,0.2797907346185391
AOI-0059,2024-04-04,0.27479047413048147
AOI-0059,2024-04-13,0.28123951304195777
AOI-0059,2024-04-22,0.41951840898285
AOI-0059,2024-05-19,0.24243460071841455
AOI-0059,2024-06-09,0.6378731015290571
AOI-0059,2024-07-13,0.32225695468819066
AOI-0059,2024-07-17,0.3668670879392157
AOI-0059,2024-07-27,0.2866994435507532
AOI-0059,2024-09-11,0.17343510422955466
AOI-0059,2025-04-01,0.5712183726991998
AOI-0059,2025-04-23,0.8527451449193642
AOI-0059,2025-05-01,0.8510805630642599
AOI-0059,2025-05-09,0.821890089292455
AOI-0059,2025-05-17,0.8229300217537192
AOI-0059,2025-06-10,0.43341156146312304
AOI-0059,2025-08-29,0.14058335847838987
AOI-0059,2025-09-07,0.20093839370247077
AOI-0059,2025-10-08,0.18690671091807867
AOI-0059,2025-10-28,0.26333123853246393
AOI-0060,2025-04-14,0.763664346773317
AOI-0060,2025-04-29,0.8244884499659301
AOI-0060,2025-06-03,0.44715493200562045
AOI-0060,2025-07-04,0.5634151631353477
AOI-0060,2025-07-05,0.5464201697786691
AOI-0060,2025-07-21,0.3265726810787974
AOI-0060,2025-08-05,0.230436927738095
AOI-0060,2025-08-29,0.20112037672856536
AOI-0060,2025-08-30,0.20441100136357057
AOI-0060,2025-09-01,0.1602623996455808
AOI-0060,2025-09-11,0.1723855888380776
AOI-0061,2010-04-23,0.3601788748257289
AOI-0061,2010-05-26,0.644104225221226
AOI-0061,2010-06-11,0.7259075201472612
AOI-0061,2011-06-30,0.519128590988454
AOI-0061,2011-07-28,0.46508372712833834
AOI-0061,2011-09-18,0.29874192177708364
AOI-0061,2011-09-26,0.32942623613792626
AOI-0061,2012-04-06,0.3427838733418707
AOI-0061,2012-05-24,0.7146546268487267
AOI-0061,2012-08-28,0.4578589998953194
AOI-0061,2012-09-04,0.39909913093206467
AOI-0061,2012-10-22,0.1861096911135891
AOI-0061,2013-04-16,0.6384421097408337
AOI-0061,2013-06-10,0.644728075138921
AOI-0061,2013-06-26,0.48798971624975873
AOI-0061,2013-08-29,0.293117587609695
AOI-0061,2013-09-14,0.3074885283563069
AOI-0061,2013-10-09,0.20826026456888255
AOI-0061,2014-04-27,0.8062014552456472
AOI-0061,2014-06-26,0.42816073446141306
AOI-0061,2014-07-28,0.29791498529181504
AOI-0061,2015-04-07,0.30583010689433654
AOI-0061,2015-05-08,0.2767617525132615
AOI-0061,2015-09-29,0.25923390673948454
AOI-0061,2016-04-22,0.7790939854144149
AOI-0061,2016-06-19,0.6646475422840608
AOI-0061,2016-06-27,0.4827115852603991
AOI-0061,2016-07-13,0.4245895804728847
AOI-0061,2017-04-03,0.16020100019327202
AOI-0061,2017-05-25,0.5692636480041827
AOI-0061,2017-07-02,0.8256532738620055
AOI-0061,2017-07-27,0.7687490539114541
AOI-0061,2017-08-11,0.5087823667755824
AOI-0061,2017-09-02,0.25807300429981067
AOI-0061,2018-04-07,0.7523330961528615
AOI-0061,2018-06-10,0.7294746165174919
AOI-0061,2019-04-09,0.24231550238068594
AOI-0061,2019-05-13,0.28860463417283433
AOI-0061,2019-05-21,0.3691048516995989
AOI-0061,2019-05-25,0.7195613658506145
AOI-0061,2019-06-27,0.7812621802069465
AOI-0061,2019-07-12,0.7436775012025686
AOI-0061,2019-08-21,0.6423654003381211
AOI-0061,2019-09-14,0.2882011423513214
AOI-0061,2019-09-23,0.130738689990177
AOI-0061,2019-10-18,0.24159988022198858
AOI-0061,2019-10-20,0.25228054175034353
AOI-0061,2020-04-17,0.3880616915774848
AOI-0061,2020-05-24,0.6840495614180007
AOI-0061,2020-07-16,0.2751951890067419
AOI-0061,2020-07-19,0.2747813768527409
AOI-0061,2020-07-24,0.2761710164993728
AOI-0061,2020-07-27,0.3712903764356414
AOI-0061,2020-08-08,0.22441255358934223
AOI-0061,2020-08-17,0.27702663966613617
AOI-0061,2020-08-18,0.2424440699553354
AOI-0061,2020-08-23,0.22300195971178557
AOI-0061,2020-09-18,0.19098925352378748
AOI-0061,2020-10-17,0.1492759481988464
AOI-0061,2020-10-29,0.05787644332515956
AOI-0061,2021-05-05,0.9065259648719086
AOI-0061,2021-05-08,0.901003979894098
AOI-0061,2021-05-15,0.8920934289195621
AOI-0061,2021-07-21,0.1803151208510961
AOI-0061,2021-07-24,0.1920199697958491
AOI-0061,2021-08-04,0.3104449987002849
AOI-0061,2021-08-28,0.34674137612504363
AOI-0061,2021-08-29,0.36676502048695
AOI-0061,2021-10-29,0.05992331881871727
AOI-0061,2022-04-09,0.23658000698203324
AOI-0061,2022-05-09,0.4243110093145677
AOI-0061,2022-05-22,0.3882687364499744
AOI-0061,2022-05-25,0.5388818079791492
AOI-0061,2022-05-27,0.42888445509030243
AOI-0061,2022-06-12,0.8195445087581792
AOI-0061,2022-06-29,0.852904680424838
AOI-0061,2022-07-06,0.8336114467085852
AOI-0061,2022-07-21,0.8165586979379943
AOI-0061,2022-07-22,0.7901957686971164
AOI-0061,2022-07-28,0.7910112743156474
AOI-0061,2022-08-23,0.38536447948900127
AOI-0061,2023-04-07,0.6348025879897949
AOI-0061,2023-04-25,0.6114960699774643
AOI-0061,2023-05-05,0.686366824063324
AOI-0061,2023-05-06,0.6907372327791717
AOI-0061,2023-05-17,0.68084872934697
AOI-0061,2023-06-06,0.7905385869795977
AOI-0061,2023-06-21,0.7575834940775578
AOI-0061,2023-07-17,0.4699599798776032
AOI-0061,2023-07-21,0.4564473525343866
AOI-0061,2023-07-27,0.48441233040258763
AOI-0061,2023-09-24,0.1663785988938523
AOI-0061,2023-10-14,0.15207394423694734
AOI-0061,2023-10-29,0.1771755877980666
AOI-0061,2024-04-29,0.4345631142051393
AOI-0061,2024-05-01,0.43319174854825954
AOI-0061,2024-05-08,0.5784514889307953
AOI-0061,2024-06-20,0.4801067426947096
AOI-0061,2024-07-15,0.3756645055577471
AOI-0061,2024-08-09,0.31383279134912806
AOI-0061,2024-08-12,0.33781287691994766
AOI-0061,2024-09-06,0.21140941302100938
AOI-0061,2024-09-26,0.17086621188641943
AOI-0061,2024-10-07,0.2226026031659307
AOI-0061,2025-04-16,0.6605031354759106
AOI-0061,2025-04-19,0.7398093141092679
AOI-0061,2025-05-28,0.8366764372649478
AOI-0061,2025-06-28,0.5260289235826043
AOI-0061,2025-07-07,0.4009157253888206
AOI-0061,2025-07-10,0.3418522678959698
AOI-0061,2025-07-28,0.17499803024013538
AOI-0061,2025-08-16,0.2007368897171692
AOI-0061,2025-08-29,0.2173089858629052
AOI-0061,2025-09-24,0.31083169524782256
AOI-0061,2025-09-26,0.3228383137876443
AOI-0061,2025-10-16,0.3471462694191348
AOI-0062,2010-04-24,0.8089435811730168
AOI-0062,2010-05-09,0.8405009952408385
AOI-0062,2010-05-26,0.8466507530555887
AOI-0062,2010-08-13,0.2400471987884782
AOI-0062,2010-10-16,0.300065012156606
AOI-0062,2011-06-14,0.7033579175456266
AOI-0062,2011-07-28,0.424570632795141
AOI-0062,2011-10-16,0.49839789573364995
AOI-0062,2012-06-09,0.6458305010456612
AOI-0062,2012-08-28,0.2581644702472222
AOI-0062,2012-09-04,0.1713985052927557
AOI-0062,2012-09-13,0.24929004562266205
AOI-0062,2013-04-23,0.40480888861395636
AOI-0062,2013-07-12,0.712217205856581
AOI-0062,2013-07-28,0.6819365373423895
AOI-0062,2013-09-14,0.35832190176633877
AOI-0062,2013-10-16,0.29804884779675467
AOI-0062,2014-06-30,0.28530258513005746
AOI-0062,2014-10-04,0.3912029147337127
AOI-0062,2015-04-22,0.6654648209208941
AOI-0062,2015-05-09,0.7125385082124703
AOI-0062,2015-09-05,0.1951854782595585
AOI-0062,2015-09-21,0.20955011260737394
AOI-0062,2016-05-08,0.8874149407497813
AOI-0062,2016-07-11,0.32829954982323384
AOI-0062,2016-07-27,0.3492910132953579
AOI-0062,2016-09-13,0.2554690322460386
AOI-0062,2016-10-25,0.28388292697541834
AOI-0062,2017-04-07,0.32629446708775484
AOI-0062,2017-07-28,0.6746679299550497
AOI-0062,2017-09-15,0.1654311247364599
AOI-0062,2018-04-06,0.7011295868745724
AOI-0062,2018-04-07,0.7239283067027036
AOI-0062,2018-06-02,0.8274659104409164
AOI-0062,2018-06-25,0.3343677759622551
AOI-0062,2018-07-28,0.2949400430550706
AOI-0062,2018-08-28,0.193335610420209
AOI-0062,2019-04-08,0.16139526725344358
AOI-0062,2019-04-11,0.17338690589077654
AOI-0062,2019-06-17,0.7073503052341616
AOI-0062,2019-07-06,0.7235418552527332
AOI-0062,2019-08-09,0.7345677557125513
AOI-0062,2019-08-23,0.4008621902310969
AOI-0062,2019-09-23,0.10748133071420106
AOI-0062,2019-10-18,0.16202368807131737
AOI-0062,2019-10-23,0.2256620565129718
AOI-0062,2019-10-28,0.21774023266188694
AOI-0062,2020-04-30,0.7776301317084664
AOI-0062,2020-05-30,0.8050564764508705
AOI-0062,2020-06-16,0.515722082471851
AOI-0062,2020-07-26,0.12757263094153184
AOI-0062,2020-08-18,0.1507180200579339
AOI-0062,2020-08-20,0.13961035831954058
AOI-0062,2020-08-23,0.14481008111424076
AOI-0062,2020-08-25,0.1526032729839546
AOI-0062,2020-09-07,0.12665463773118532
AOI-0062,2020-09-09,0.1410264941167714
AOI-0062,2020-10-07,0.1556442361425439
AOI-0062,2020-10-15,0.2267999477725176
AOI-0062,2021-04-23,0.3266110593144921
AOI-0062,2021-05-05,0.2012273622223711
AOI-0062,2021-05-08,0.22712377499044165
AOI-0062,2021-05-12,0.1950185149393066
AOI-0062,2021-06-06,0.3244721724277217
AOI-0062,2021-06-10,0.6315357569675449
AOI-0062,2021-07-01,0.7197505819540511
AOI-0062,2021-07-26,0.7470027862562436
AOI-0062,2021-07-29,0.7419537739660247
AOI-0062,2021-09-12,0.19491789693291386
AOI-0062,2021-09-13,0.2668617933560502
AOI-0062,2021-09-19,0.18070785473118797
AOI-0062,2021-09-27,0.19099065974861648
AOI-0062,2021-09-29,0.18148499784676655
AOI-0062,2021-10-07,0.15728300258208563
AOI-0062,2021-10-16,0.2697030032517406
AOI-0062,2022-04-10,0.7483032068766096
AOI-0062,2022-04-27,0.856644681785997
AOI-0062,2022-05-11,0.895801103425779
AOI-0062,2022-05-25,0.8770241655126059
AOI-0062,2022-07-21,0.19519905791452888
AOI-0062,2022-07-24,0.1859417099427336
AOI-0062,2022-08-23,0.16324219388994607
AOI-0062,2022-09-14,0.21465287545055395
AOI-0062,2022-09-18,0.16620819010288285
AOI-0062,2022-09-30,0.22332999402329423
AOI-0062,2022-10-19,0.15433518675216165
AOI-0062,2023-05-17,0.3413267259087436
AOI-0062,2023-06-18,0.8683780430681077
AOI-0062,2023-06-24,0.8771026602017983
AOI-0062,2023-07-14,0.8163583797148695
AOI-0062,2023-08-05,0.48071829766013874
AOI-0062,2023-08-25,0.14152042586367625
AOI-0062,2023-09-17,0.1546620587295365
AOI-0062,2023-10-12,0.18619745011101918
AOI-0062,2023-10-16,0.2344028515829291
AOI-0062,2024-04-22,0.8868612353603956
AOI-0062,2024-06-03,0.8048293030425039
AOI-0062,2024-06-08,0.7246479437210045
AOI-0062,2024-06-23,0.23408854348035807
AOI-0062,2024-07-30,0.10442437229489426
AOI-0062,2024-08-04,0.13085656493739986
AOI-0062,2024-08-12,0.14216234286617876
AOI-0062,2024-09-06,0.12980040423011927
AOI-0062,2024-10-26,0.15280176827686626
AOI-0062,2025-04-01,0.23125450737714087
AOI-0062,2025-04-07,0.36698627509633996
AOI-0062,2025-04-11,0.2448067011215072
AOI-0062,2025-04-24,0.2410386984865731
AOI-0062,2025-04-29,0.2570673242389044
AOI-0062,2025-05-28,0.4830973405177966
AOI-0062,2025-06-28,0.8158781870177184
AOI-0062,2025-07-06,0.8179604577178148
AOI-0062,2025-07-07,0.785759757635599
AOI-0062,2025-07-15,0.5241268826106026
AOI-0062,2025-07-25,0.4063627051729413
AOI-0062,2025-08-02,0.2770545117934694
AOI-0062,2025-08-17,0.23819404182650972
AOI-0062,2025-09-24,0.21024569615191707
AOI-0062,2025-09-30,0.28303517763579494
AOI-0062,2025-10-08,0.17049383430560172
AOI-0062,2025-10-13,0.1737395341130615
AOI-0063,2025-04-14,0.23206187582152088
AOI-0063,2025-04-19,0.2135921200736752
AOI-0063,2025-04-23,0.37516466036175483
AOI-0063,2025-04-24,0.24358200974870844
AOI-0063,2025-05-06,0.19283902912893885
AOI-0063,2025-05-25,0.571291697618775
AOI-0063,2025-06-05,0.7254957094774688
AOI-0063,2025-06-25,0.7989424013613637
AOI-0063,2025-06-28,0.8146857723519645
AOI-0063,2025-06-30,0.7893589454606791
AOI-0063,2025-07-06,0.8059502604222526
AOI-0063,2025-07-07,0.7846376407507505
AOI-0063,2025-07-22,0.5373441943266666
AOI-0063,2025-08-23,0.40585695175882214
AOI-0063,2025-09-13,0.23628912702199656
AOI-0063,2025-09-14,0.3219479844436998
AOI-0064,2025-04-14,0.46271529046858584
AOI-0064,2025-04-23,0.6188911364043059
AOI-0064,2025-04-24,0.42953582742759183
AOI-0064,2025-06-03,0.7477683474571368
AOI-0064,2025-06-05,0.7383980298178616
AOI-0064,2025-06-26,0.46315865423759217
AOI-0064,2025-06-27,0.40044656018647695
AOI-0064,2025-06-28,0.3857115503143435
AOI-0064,2025-07-10,0.2292607826681535
AOI-0064,2025-08-12,0.126744698489335
AOI-0064,2025-08-19,0.1519923886007392
AOI-0064,2025-08-27,0.14870709231383616
AOI-0064,2025-08-31,0.22320720051982887
AOI-0064,2025-09-13,0.1641548624771856
AOI-0064,2025-10-06,0.18084654630400807
AOI-0064,2025-10-13,0.16879602146117278
AOI-0065,2025-04-19,0.4368553014797463
AOI-0065,2025-05-01,0.46903744114431334
AOI-0065,2025-06-04,0.5342597476116044
AOI-0065,2025-06-05,0.5070738114392335
AOI-0065,2025-06-08,0.5132988719858553
AOI-0065,2025-06-26,0.6612319182727943
AOI-0065,2025-07-15,0.43737536187224013
AOI-0065,2025-07-18,0.405806897228453
AOI-0065,2025-08-07,0.20915157748596383
AOI-0065,2025-08-17,0.20975151236906375
AOI-0065,2025-09-14,0.2887740892564234
AOI-0065,2025-09-25,0.20083149739105982
AOI-0065,2025-09-30,0.33830870043546457
AOI-0065,2025-10-08,0.2295072575209316
AOI-0066,2025-06-05,0.48617219239592485
AOI-0066,2025-07-05,0.7978179944173465
AOI-0066,2025-07-15,0.7053702134850245
AOI-0066,2025-07-25,0.5363393294361921
AOI-0066,2025-07-27,0.4952748284127436
AOI-0066,2025-08-14,0.3128315472919747
AOI-0066,2025-09-01,0.16342325058845772
AOI-0067,2010-04-25,0.1646259224823823
AOI-0067,2010-06-20,0.17852816804342228
AOI-0067,2010-06-26,0.2510272442698911
AOI-0067,2010-07-13,0.16776295327215726
AOI-0067,2010-07-21,0.1596024837128799
AOI-0067,2010-08-06,0.15756684298152734
AOI-0067,2010-08-07,0.15437051622852066
AOI-0067,2010-08-15,0.1421197034002916
AOI-0067,2010-09-23,0.16458717367869957
AOI-0067,2010-10-09,0.15430024461690267
AOI-0067,2011-05-09,0.3414663262735552
AOI-0067,2011-05-14,0.21098353477133186
AOI-0067,2011-09-03,0.3261464259496094
AOI-0067,2011-09-19,0.3037239676091969
AOI-0067,2012-05-08,0.34866444706927846
AOI-0067,2012-06-09,0.1572836715624437
AOI-0067,2012-07-27,0.11553582439153476
AOI-0067,2012-09-29,0.14480192667145605
AOI-0067,2013-07-30,0.22004066826807817
AOI-0067,2013-08-29,0.39192971204129873
AOI-0067,2014-05-21,0.1944163364473512
AOI-0067,2014-05-25,0.2938099296757456
AOI-0067,2014-06-06,0.18588526495941443
AOI-0067,2014-06-07,0.19772259263116698
AOI-0067,2014-07-01,0.18878348747629403
AOI-0067,2014-07-16,0.19856400541256516
AOI-0067,2014-07-17,0.15783146880618523
AOI-0067,2014-09-14,0.2139946558279669
AOI-0067,2014-10-12,0.14466653745055136
AOI-0067,2015-04-15,0.16664075763068661
AOI-0067,2015-05-09,0.3061961571396203
AOI-0067,2015-06-02,0.2053328546538018
AOI-0067,2015-06-18,0.24240767994275553
AOI-0067,2015-07-12,0.4648896823063049
AOI-0067,2015-07-20,0.3832168524402748
AOI-0067,2015-08-29,0.4732554090227777
AOI-0067,2015-09-14,0.3543196179999963
AOI-0067,2015-09-29,0.24917024239315858
AOI-0067,2016-05-03,0.23776905286795882
AOI-0067,2016-05-10,0.25417622800793926
AOI-0067,2016-05-11,0.2621519632457501
AOI-0067,2016-06-25,0.25294283239059945
AOI-0067,2016-07-14,0.19568224451371238
AOI-0067,2016-07-27,0.3766340412096523
AOI-0067,2016-09-29,0.26935764757322694
AOI-0067,2016-10-25,0.22307961353320327
AOI-0067,2017-04-04,0.15690551968022567
AOI-0067,2017-04-28,0.16026455138888626
AOI-0067,2017-05-05,0.18515996028000753
AOI-0067,2017-06-07,0.2937517206364414
AOI-0067,2017-07-09,0.49073063448292725
AOI-0067,2017-07-25,0.5287819546764444
AOI-0067,2017-08-02,0.6031173500364551
AOI-0067,2017-08-11,0.5433767072734308
AOI-0067,2017-08-13,0.540707300070487
AOI-0067,2017-08-29,0.5376815505733588
AOI-0067,2017-09-14,0.4649716984975152
AOI-0067,2017-09-20,0.4115832987064755
AOI-0067,2018-04-06,0.193797528184811
AOI-0067,2018-04-23,0.25720140093782823
AOI-0067,2018-05-25,0.23431679280725737
AOI-0067,2018-07-11,0.18773940827064878
AOI-0067,2018-08-29,0.16111385412021406
AOI-0067,2019-05-08,0.7615830361403756
AOI-0067,2019-05-28,0.8346461107617644
AOI-0067,2019-06-12,0.4553278826154423
AOI-0067,2019-07-12,0.27550184419479684
AOI-0067,2019-07-14,0.2108538664152398
AOI-0067,2019-07-28,0.46657536864310756
AOI-0067,2019-08-08,0.43241719027390213
AOI-0067,2019-08-11,0.4072281170938663
AOI-0067,2019-08-29,0.28542746322656704
AOI-0067,2019-09-05,0.28302754746242753
AOI-0067,2019-09-16,0.28282705664340185
AOI-0067,2019-09-24,0.29966290866479306
AOI-0067,2019-10-02,0.3243777743692301
AOI-0067,2019-10-03,0.29044138365519057
AOI-0067,2019-10-15,0.301906394258221
AOI-0067,2020-04-22,0.1660271055595935
AOI-0067,2020-04-27,0.1354531141989388
AOI-0067,2020-05-02,0.1309462991534561
AOI-0067,2020-05-08,0.3184253922957113
AOI-0067,2020-07-06,0.5962894894896243
AOI-0067,2020-07-25,0.4253706640116514
AOI-0067,2020-07-26,0.4195127581398735
AOI-0067,2020-07-27,0.4662532614255249
AOI-0067,2020-08-25,0.3758619451164031
AOI-0067,2020-10-15,0.2332699044556014
AOI-0067,2021-05-16,0.2655018191127526
AOI-0067,2021-06-06,0.6024227394351752
AOI-0067,2021-06-16,0.6904568967209234
AOI-0067,2021-06-18,0.668799071611672
AOI-0067,2021-07-04,0.4678234561279293
AOI-0067,2021-08-30,0.3024135671708377
AOI-0067,2021-09-09,0.3406185277866623
AOI-0067,2021-10-09,0.18038408662599384
AOI-0067,2022-04-02,0.14134041460006952
AOI-0067,2022-04-23,0.2602379784582194
AOI-0067,2022-04-26,0.20114570570520107
AOI-0067,2022-06-01,0.1897625405047346
AOI-0067,2022-07-01,0.6209897554735129
AOI-0067,2022-08-23,0.4410571695883203
AOI-0067,2022-08-24,0.45985984516850176
AOI-0067,2022-08-29,0.40691923562269167
AOI-0067,2022-09-01,0.3603711675728065
AOI-0067,2022-09-25,0.3458912887464853
AOI-0067,2022-10-09,0.30462552429493744
AOI-0067,2022-10-14,0.29738475893578264
AOI-0067,2023-04-23,0.3034572404103422
AOI-0067,2023-05-31,0.23059922010184541
AOI-0067,2023-06-30,0.6813368412000205
AOI-0067,2023-07-12,0.6559003886488868
AOI-0067,2023-07-21,0.5972145278388168
AOI-0067,2023-07-27,0.49836980925836794
AOI-0067,2023-08-26,0.322396027808209
AOI-0067,2023-09-24,0.208310857590444
AOI-0067,2023-09-27,0.2317083779474372
AOI-0067,2023-10-05,0.2719631793326722
AOI-0067,2023-10-13,0.22017999783224354
AOI-0067,2024-04-01,0.16165104422712118
AOI-0067,2024-04-11,0.20433403455494337
AOI-0067,2024-05-09,0.4470517034505079
AOI-0067,2024-05-24,0.6428411410373717
AOI-0067,2024-07-05,0.265706382136395
AOI-0067,2024-07-10,0.2601024570850585
AOI-0067,2024-08-29,0.1438188791779759
AOI-0067,2024-09-06,0.1827343604294241
AOI-0067,2024-09-23,0.13565595097600444
AOI-0067,2025-04-17,0.18472715260618836
AOI-0067,2025-04-23,0.18815382077565118
AOI-0067,2025-04-28,0.13621967533709223
AOI-0067,2025-06-05,0.14861820968218373
AOI-0067,2025-06-21,0.28859944314564606
AOI-0067,2025-06-26,0.4388949605307242
AOI-0067,2025-07-05,0.44463337461890334
AOI-0067,2025-07-14,0.5070899479663304
AOI-0067,2025-07-15,0.4472813432492202
AOI-0067,2025-08-06,0.584968997960629
AOI-0067,2025-09-01,0.4448874154492584
AOI-0067,2025-09-23,0.2967996204327471
AOI-0067,2025-10-03,0.2309928678946798
AOI-0068,2010-04-16,0.139056981393515
AOI-0068,2010-05-02,0.17813032324986708
AOI-0068,2010-05-09,0.3176632233092159
AOI-0068,2010-06-20,0.17361245412032633
AOI-0068,2010-07-13,0.16803909105358142
AOI-0068,2010-07-14,0.1435273451001429
AOI-0068,2010-07-28,0.20089679121429735
AOI-0068,2010-08-07,0.16848109759750796
AOI-0068,2010-08-29,0.17316019328318102
AOI-0068,2011-04-07,0.4645639957988717
AOI-0068,2011-05-30,0.623957893903375
AOI-0068,2011-06-15,0.39220204474542036
AOI-0068,2011-06-23,0.2839085354053184
AOI-0068,2011-07-16,0.20965736773999405
AOI-0068,2011-08-09,0.17893142458065375
AOI-0068,2011-09-03,0.18508335503138887
AOI-0068,2012-07-27,0.14741561625727684
AOI-0068,2012-08-03,0.15920668168713126
AOI-0068,2012-10-22,0.1936979095601054
AOI-0068,2013-06-19,0.2813493658410718
AOI-0068,2013-06-27,0.25484162195566135
AOI-0068,2013-07-28,0.240894598481391
AOI-0068,2014-04-27,0.40610465450306227
AOI-0068,2014-07-28,0.18035369132212115
AOI-0068,2014-08-17,0.18209430134819043
AOI-0068,2014-08-25,0.13731109857284995
AOI-0068,2014-10-05,0.14235254184247087
AOI-0068,2014-10-16,0.19039508679138908
AOI-0068,2014-10-29,0.18518665793227643
AOI-0068,2015-06-09,0.3209916000243005
AOI-0068,2015-07-27,0.2861453097423964
AOI-0068,2015-08-04,0.27316794616820733
AOI-0068,2016-05-02,0.33009321921536966
AOI-0068,2016-05-11,0.3257812048051295
AOI-0068,2016-07-14,0.343518476125245
AOI-0068,2016-08-28,0.2724207464192026
AOI-0068,2016-09-13,0.26129403914251337
AOI-0068,2016-09-29,0.34081450337656316
AOI-0068,2017-05-14,0.5285273363807785
AOI-0068,2017-06-10,0.46106864066888936
AOI-0068,2017-06-22,0.42064597144882493
AOI-0068,2017-06-27,0.28911444605063946
AOI-0068,2017-07-12,0.24821754822162312
AOI-0068,2017-08-02,0.2024168117651882
AOI-0068,2017-08-11,0.1448087121745819
AOI-0068,2017-08-13,0.20084078861880478
AOI-0068,2017-09-02,0.1227167402374253
AOI-0068,2017-09-03,0.20013725707118965
AOI-0068,2018-04-28,0.2849522920553075
AOI-0068,2018-05-09,0.4152728720939508
AOI-0068,2018-06-07,0.20926645043087594
AOI-0068,2018-07-11,0.18335708887852034
AOI-0068,2018-08-28,0.1644552679760362
AOI-0068,2018-09-06,0.17207143772783096
AOI-0068,2018-09-21,0.13635806028572184
AOI-0068,2019-05-25,0.6433790039712456
AOI-0068,2019-05-28,0.5974560806249934
AOI-0068,2019-06-28,0.21798938081767874
AOI-0068,2019-08-07,0.2477550730727743
AOI-0068,2019-09-01,0.18974211673671218
AOI-0068,2019-09-05,0.16799175849508735
AOI-0068,2019-09-15,0.18015644484526736
AOI-0068,2019-09-24,0.24280679001454789
AOI-0068,2019-09-25,0.2193325305647753
AOI-0068,2019-09-30,0.3083259008317026
AOI-0068,2019-10-02,0.28745366360074276
AOI-0068,2019-10-25,0.3077103517661147
AOI-0068,2020-04-02,0.30769717254326967
AOI-0068,2020-04-06,0.36145566722683226
AOI-0068,2020-04-12,0.30979913521620345
AOI-0068,2020-04-19,0.3148968764167876
AOI-0068,2020-06-26,0.18889532279896915
AOI-0068,2020-07-27,0.17231365273372928
AOI-0068,2020-07-31,0.15003597186835171
AOI-0068,2020-09-03,0.14554081035476737
AOI-0068,2020-10-05,0.1340305292010268
AOI-0068,2020-10-20,0.19087435078469042
AOI-0068,2021-05-01,0.30075182345389945
AOI-0068,2021-05-16,0.4351915268792283
AOI-0068,2021-06-11,0.48501354591291784
AOI-0068,2021-06-16,0.47013185605650926
AOI-0068,2021-07-19,0.2749220642837667
AOI-0068,2021-07-31,0.18765452228062396
AOI-0068,2021-09-30,0.4198268891793706
AOI-0068,2022-04-02,0.3074662568215792
AOI-0068,2022-04-12,0.28012906438436436
AOI-0068,2022-04-23,0.5358807674056384
AOI-0068,2022-05-12,0.5098611006161585
AOI-0068,2022-05-27,0.38015020141879247
AOI-0068,2022-06-08,0.36844331791265966
AOI-0068,2022-06-20,0.2555340037463059
AOI-0068,2022-07-01,0.18633878946791216
AOI-0068,2022-07-14,0.1618129347568744
AOI-0068,2022-07-30,0.19410558507106537
AOI-0068,2022-08-15,0.16796977874031754
AOI-0068,2023-04-03,0.4765626570309678
AOI-0068,2023-04-17,0.5237399570405279
AOI-0068,2023-05-09,0.6608156959778719
AOI-0068,2023-06-06,0.5259614428542212
AOI-0068,2023-06-30,0.2844159523025811
AOI-0068,2023-07-05,0.2654364611951154
AOI-0068,2023-08-03,0.26282056920190516
AOI-0068,2023-08-13,0.27116416532581455
AOI-0068,2023-09-03,0.369366099850064
AOI-0068,2023-09-24,0.3369471660521494
AOI-0068,2023-10-06,0.3357957930301264
AOI-0068,2023-10-11,0.302892892563157
AOI-0068,2024-05-01,0.28403410774866683
AOI-0068,2024-05-09,0.21832219825388863
AOI-0068,2024-06-15,0.1645786617233878
AOI-0068,2024-08-05,0.19533564380778268
AOI-0068,2024-08-09,0.11284524550134914
AOI-0068,2024-08-19,0.15470962713007724
AOI-0068,2024-08-28,0.15558609918974867
AOI-0068,2024-09-08,0.1520079017366169
AOI-0068,2024-09-14,0.1953836826780706
AOI-0068,2024-09-29,0.1812317666939728
AOI-0068,2024-10-13,0.14549629743017106
AOI-0068,2025-05-08,0.6850870226765448
AOI-0068,2025-05-11,0.6970011172715794
AOI-0068,2025-05-20,0.7132777436261756
AOI-0068,2025-06-10,0.40547917196980104
AOI-0068,2025-06-15,0.3276060321848582
AOI-0068,2025-06-17,0.2972545980440671
AOI-0068,2025-06-30,0.2246667360598333
AOI-0068,2025-07-22,0.20404914473092264
AOI-0068,2025-07-28,0.2468856582843813
AOI-0068,2025-08-13,0.22755457968989173
AOI-0068,2025-08-14,0.19770974751355996
AOI-0068,2025-08-23,0.22219216142239506
AOI-0068,2025-08-24,0.16663694834073609
AOI-0068,2025-09-08,0.1579314184202387
AOI-0068,2025-09-14,0.2344219436548603
AOI-0068,2025-09-24,0.2339893825079774
AOI-0069,2025-04-16,0.17095289115855644
AOI-0069,2025-04-21,0.17725255866785225
AOI-0069,2025-04-23,0.24354912359602335
AOI-0069,2025-05-01,0.17700089448740214
AOI-0069,2025-05-11,0.24497989892197275
AOI-0069,2025-05-25,0.5065205068338979
AOI-0069,2025-05-28,0.43621439447606153
AOI-0069,2025-06-10,0.37368012999106043
AOI-0069,2025-06-25,0.2655487574537904
AOI-0069,2025-06-26,0.28316748821068516
AOI-0069,2025-07-05,0.1810311143681846
AOI-0069,2025-07-06,0.24304480619477195
AOI-0069,2025-07-22,0.15450232301173109
AOI-0069,2025-08-07,0.1728582481924801
AOI-0069,2025-08-14,0.14675203455524594
AOI-0069,2025-09-01,0.14925312047273634
AOI-0069,2025-09-14,0.1962726512175408
AOI-0069,2025-09-24,0.17810854916859364
AOI-0069,2025-09-25,0.1639610412860261
AOI-0069,2025-09-28,0.14488110449130095
AOI-0070,2025-05-11,0.29710877393978863
AOI-0070,2025-05-25,0.394987620980305
AOI-0070,2025-06-07,0.21044925315074395
AOI-0070,2025-06-10,0.20144031385693303
AOI-0070,2025-06-25,0.18468422039178306
AOI-0070,2025-07-12,0.23398495012226941
AOI-0070,2025-08-24,0.15296849884656621
AOI-0070,2025-08-31,0.187530786373233
AOI-0070,2025-09-25,0.16890466145144767
AOI-0070,2025-10-02,0.1987994568203223
AOI-0070,2025-10-13,0.18818265516590008
AOI-0070,2025-10-23,0.24141330275622355
AOI-0071,2025-04-16,0.34888723891093953
AOI-0071,2025-04-18,0.35051036733630575
AOI-0071,2025-04-21,0.342523251904062
AOI-0071,2025-05-25,0.6114443964602012
AOI-0071,2025-06-26,0.6522859551865124
AOI-0071,2025-07-06,0.6174703428492642
AOI-0071,2025-07-07,0.5386424685088158
AOI-0071,2025-07-12,0.49588768264014893
AOI-0071,2025-08-13,0.4643094267060375
AOI-0071,2025-08-23,0.44014429308126146
AOI-0071,2025-08-24,0.3874427078234015
AOI-0071,2025-08-26,0.37620491550196705
AOI-0071,2025-08-29,0.3774293629193823
AOI-0071,2025-09-01,0.3989831154271256
AOI-0071,2025-09-15,0.340864928498753
AOI-0071,2025-09-28,0.31270658179074146
AOI-0072,2025-05-08,0.7775254097685786
AOI-0072,2025-06-04,0.6871450738224179
AOI-0072,2025-07-05,0.16904063417355286
AOI-0072,2025-07-06,0.2308835352514192
AOI-0072,2025-07-14,0.19567431939609903
AOI-0072,2025-07-17,0.13684896780409123
AOI-0072,2025-08-07,0.17395252449720644
AOI-0072,2025-08-19,0.1642344664582164
AOI-0072,2025-08-29,0.19121547694530422
AOI-0072,2025-09-03,0.13666150884314218
AOI-0072,2025-09-15,0.14340317281087017
AOI-0072,2025-09-16,0.15324007112858434
AOI-0072,2025-09-30,0.2236619681543939
AOI-0072,2025-10-03,0.15785818770017393
AOI-0072,2025-10-13,0.15533325691037714
AOI-0073,2010-06-26,0.6123028315848551
AOI-0073,2010-07-12,0.4870785272395049
AOI-0073,2011-04-07,0.27326140486021006
AOI-0073,2011-07-14,0.5236627610050962
AOI-0073,2011-09-14,0.3905814015791142
AOI-0073,2012-04-22,0.48304547627262434
AOI-0073,2012-04-27,0.37943980425540386
AOI-0073,2012-05-24,0.6554859845641502
AOI-0073,2012-09-29,0.3051203156505026
AOI-0073,2013-04-03,0.2521714646628783
AOI-0073,2013-06-10,0.5412625493223655
AOI-0073,2013-06-25,0.534079374341658
AOI-0073,2013-07-12,0.5448896798676339
AOI-0073,2013-07-28,0.5290662537693805
AOI-0073,2013-09-30,0.44756369872255153
AOI-0073,2014-05-27,0.5417498981558582
AOI-0073,2014-07-12,0.7350487457036868
AOI-0073,2014-07-30,0.6625783710911436
AOI-0073,2014-08-13,0.4713585632391496
AOI-0073,2014-09-14,0.3995497872365411
AOI-0073,2014-10-10,0.23390781660337123
AOI-0073,2015-05-22,0.38040215482423195
AOI-0073,2015-05-30,0.4166268496098779
AOI-0073,2015-06-10,0.5789781750571802
AOI-0073,2015-06-15,0.4550213550788132
AOI-0073,2015-07-01,0.6038782956288075
AOI-0073,2015-07-09,0.6169722266006336
AOI-0073,2015-08-26,0.3586360261970164
AOI-0073,2015-10-05,0.23314718593953768
AOI-0073,2016-04-06,0.5818425160101831
AOI-0073,2017-04-23,0.2851095458400871
AOI-0073,2017-06-04,0.3705778622585116
AOI-0073,2017-06-12,0.4694669300784376
AOI-0073,2017-07-06,0.7572055023607711
AOI-0073,2017-07-18,0.7449375861236973
AOI-0073,2017-08-07,0.6969197524526657
AOI-0073,2017-08-12,0.6670106831529468
AOI-0073,2017-10-11,0.29256256224718075
AOI-0073,2017-10-16,0.32289144743571185
AOI-0073,2018-04-16,0.16898656920297053
AOI-0073,2019-05-17,0.3043006674451605
AOI-0073,2019-05-19,0.27456484467262765
AOI-0073,2019-06-03,0.5090496066589192
AOI-0073,2019-07-13,0.6816551554480333
AOI-0073,2019-08-07,0.6589303782912347
AOI-0073,2019-08-12,0.5851656921027207
AOI-0073,2019-09-06,0.34098401115062577
AOI-0073,2019-09-11,0.3317974036822662
AOI-0073,2019-09-15,0.30067152794203855
AOI-0073,2019-09-16,0.29896832726237627
AOI-0073,2019-09-28,0.24915306519399763
AOI-0073,2019-10-16,0.28082860816226474
AOI-0073,2019-10-26,0.2206047947110549
AOI-0073,2020-04-05,0.1573748862888535
AOI-0073,2020-04-15,0.09296885613283401
AOI-0073,2020-04-22,0.3875441577865989
AOI-0073,2020-05-18,0.5852102177127816
AOI-0073,2020-07-04,0.29246853952637375
AOI-0073,2020-07-06,0.31729570482571323
AOI-0073,2020-07-24,0.19863588182573352
AOI-0073,2020-07-29,0.17485080080264745
AOI-0073,2020-08-12,0.2540517057695911
AOI-0073,2020-09-01,0.23073478586573365
AOI-0073,2020-09-20,0.16693035264794914
AOI-0073,2020-10-20,0.2228196790049648
AOI-0073,2020-10-26,0.17604533045926699
AOI-0073,2021-05-06,0.22522561197893717
AOI-0073,2021-05-13,0.18205140296779745
AOI-0073,2021-05-15,0.21857715368326197
AOI-0073,2021-06-29,0.7060284781802583
AOI-0073,2021-07-25,0.7529347658860994
AOI-0073,2021-08-02,0.6965281392984125
AOI-0073,2021-09-07,0.33508312959537484
AOI-0073,2021-09-14,0.31418393711991
AOI-0073,2021-09-15,0.27774997975230903
AOI-0073,2022-04-23,0.3023827120435792
AOI-0073,2022-04-25,0.20190839615050152
AOI-0073,2022-06-04,0.2756029201714109
AOI-0073,2022-06-07,0.2388247098077414
AOI-0073,2022-06-09,0.2534123102735494
AOI-0073,2022-06-14,0.40345704372155367
AOI-0073,2022-07-05,0.7924093209011992
AOI-0073,2022-07-07,0.751006534956311
AOI-0073,2022-09-10,0.3631750149846771
AOI-0073,2022-09-30,0.34743876330060225
AOI-0073,2023-04-02,0.22749418690178305
AOI-0073,2023-04-28,0.2668460201126262
AOI-0073,2023-05-03,0.28193577598472
AOI-0073,2023-05-05,0.2866926985705624
AOI-0073,2023-05-13,0.34782139332630735
AOI-0073,2023-06-04,0.546202818078283
AOI-0073,2023-06-07,0.562331345499208
AOI-0073,2023-07-25,0.3228567433093283
AOI-0073,2023-07-31,0.24174843759330994
AOI-0073,2023-08-06,0.25570092425690033
AOI-0073,2023-08-16,0.2374654019088174
AOI-0073,2023-08-28,0.22872330627507084
AOI-0073,2023-09-07,0.20103672423921162
AOI-0073,2023-09-12,0.21249581078790422
AOI-0073,2023-09-29,0.2132286923459346
AOI-0073,2023-10-11,0.2617757382219435
AOI-0073,2023-10-15,0.25679916263435565
AOI-0073,2024-04-14,0.45813358506849905
AOI-0073,2024-04-20,0.5895977940790597
AOI-0073,2024-05-06,0.6518697284304005
AOI-0073,2024-05-07,0.6664017455122627
AOI-0073,2024-06-23,0.36296475150876667
AOI-0073,2024-07-03,0.244551758069329
AOI-0073,2024-07-11,0.38672087910297964
AOI-0073,2024-07-13,0.24801077157880616
AOI-0073,2024-07-21,0.23571217726094296
AOI-0073,2024-07-25,0.234525493851808
AOI-0073,2024-08-12,0.23063864063895095
AOI-0073,2024-08-28,0.25161834880121164
AOI-0073,2024-09-01,0.17566400719774372
AOI-0073,2024-09-13,0.22386630041851405
AOI-0073,2024-09-29,0.21435771705107973
AOI-0073,2025-04-07,0.2549849059222738
AOI-0073,2025-04-15,0.2099004449688562
AOI-0073,2025-04-19,0.1805101282651585
AOI-0073,2025-04-22,0.19995270030744522
AOI-0073,2025-04-23,0.2659850598599699
AOI-0073,2025-04-29,0.19320181831386588
AOI-0073,2025-05-11,0.2226094933795301
AOI-0073,2025-05-22,0.22522819727689455
AOI-0073,2025-05-29,0.21379132658317312
AOI-0073,2025-06-03,0.31967179557358955
AOI-0073,2025-06-30,0.777587778017789
AOI-0073,2025-07-06,0.7855400508457628
AOI-0073,2025-07-08,0.7872203251863386
AOI-0073,2025-07-28,0.7122380368411577
AOI-0073,2025-08-05,0.6966775207156123
AOI-0073,2025-08-07,0.7084466473519131
AOI-0073,2025-08-22,0.47648879635310704
AOI-0073,2025-08-27,0.4069343376683827
AOI-0073,2025-09-22,0.3164114115493649
AOI-0074,2010-07-12,0.3793134442597793
AOI-0074,2010-08-29,0.31102889352237695
AOI-0074,2011-05-27,0.3114912813013722
AOI-0074,2011-06-20,0.6090008696822978
AOI-0074,2011-06-26,0.7860875140526004
AOI-0074,2011-07-06,0.7605433092671763
AOI-0074,2011-09-24,0.2704193176311052
AOI-0074,2013-06-25,0.43967313219569937
AOI-0074,2013-07-03,0.3503673235141578
AOI-0074,2013-07-11,0.32467130019562407
AOI-0074,2013-08-13,0.3539310679936514
AOI-0074,2014-07-14,0.8018603834252288
AOI-0074,2014-07-28,0.660673884416383
AOI-0074,2014-09-14,0.3220233630458003
AOI-0074,2014-10-16,0.253737733007322
AOI-0074,2015-04-23,0.2783643179337585
AOI-0074,2015-04-28,0.20650608475031382
AOI-0074,2015-07-25,0.7025150449810083
AOI-0074,2015-10-16,0.2519194933888451
AOI-0074,2015-10-29,0.18988149447440505
AOI-0074,2016-08-12,0.34317229181567666
AOI-0074,2016-08-20,0.24434348649598095
AOI-0074,2017-04-23,0.27601291874970685
AOI-0074,2017-05-04,0.22436319186815337
AOI-0074,2017-05-06,0.2043813321773516
AOI-0074,2017-06-04,0.3923158100719359
AOI-0074,2017-06-05,0.37408548786264206
AOI-0074,2017-06-10,0.6451427884659927
AOI-0074,2017-06-20,0.5581029930301424
AOI-0074,2017-06-26,0.790808059407186
AOI-0074,2017-07-18,0.7346287375312679
AOI-0074,2017-08-07,0.6760315048377882
AOI-0074,2017-08-17,0.529624431783091
AOI-0074,2017-09-16,0.3081374053042617
AOI-0074,2017-10-11,0.25540092339026493
AOI-0074,2017-10-16,0.2804061381676069
AOI-0074,2018-04-04,0.17692117022392118
AOI-0074,2018-04-23,0.32127218305404365
AOI-0074,2018-05-06,0.2688649085656001
AOI-0074,2018-05-11,0.3046645500032902
AOI-0074,2018-05-22,0.34866221218596044
AOI-0074,2018-05-26,0.3507260448212855
AOI-0074,2018-05-30,0.3771473287460603
AOI-0074,2018-07-13,0.7146045180426521
AOI-0074,2018-08-18,0.7507237948110631
AOI-0074,2018-09-14,0.36992837057614447
AOI-0074,2018-09-19,0.36104047030316794
AOI-0074,2018-09-30,0.3070938339487917
AOI-0074,2019-04-23,0.22654057207594105
AOI-0074,2019-05-04,0.20930603142506998
AOI-0074,2019-05-14,0.22820371572427472
AOI-0074,2019-05-16,0.22917742827716298
AOI-0074,2019-05-31,0.44362236333425703
AOI-0074,2019-06-13,0.6778608820805115
AOI-0074,2019-07-13,0.698016678950553
AOI-0074,2019-08-05,0.6250065337008132
AOI-0074,2019-08-09,0.5716510708935192
AOI-0074,2019-09-14,0.30576739828296323
AOI-0074,2020-04-09,0.1766173838804887
AOI-0074,2020-07-06,0.2615248450844153
AOI-0074,2020-07-22,0.2265436207096746
AOI-0074,2020-08-07,0.21428425931408562
AOI-0074,2020-08-26,0.1832202400465714
AOI-0074,2020-09-07,0.14144373878815308
AOI-0074,2020-09-08,0.17884827295686895
AOI-0074,2020-09-12,0.15450068042453832
AOI-0074,2020-10-07,0.15226482405435304
AOI-0074,2020-10-12,0.13492712263897036
AOI-0074,2020-10-18,0.21558275592133402
AOI-0074,2020-10-22,0.13727615264074858
AOI-0074,2021-04-25,0.2013968442687818
AOI-0074,2021-06-23,0.6285887497420549
AOI-0074,2021-06-27,0.6501199907213631
AOI-0074,2021-07-17,0.7256193852111721
AOI-0074,2021-08-03,0.5763491789096495
AOI-0074,2021-08-06,0.5584497655023639
AOI-0074,2021-08-19,0.4476480542923159
AOI-0074,2021-09-03,0.33708611095659147
AOI-0074,2021-10-06,0.20565953339430135
AOI-0074,2021-10-17,0.2043890516408769
AOI-0074,2021-10-20,0.21994210959933383
AOI-0074,2021-10-27,0.22149076590175804
AOI-0074,2022-05-30,0.2183969850609522
AOI-0074,2022-07-12,0.7417366523752276
AOI-0074,2022-08-29,0.5052771836232213
AOI-0074,2022-10-16,0.29735273172874527
AOI-0074,2023-04-28,0.2266467128078492
AOI-0074,2023-05-30,0.4108960284769465
AOI-0074,2023-06-09,0.6008101674335307
AOI-0074,2023-06-19,0.4237901233453468
AOI-0074,2023-07-14,0.24424428940022067
AOI-0074,2023-08-16,0.24323929285940996
AOI-0074,2023-09-14,0.22026546259741406
AOI-0074,2023-10-11,0.2610961182041332
AOI-0074,2024-04-17,0.5200913260724517
AOI-0074,2024-05-08,0.6712921950846049
AOI-0074,2024-05-09,0.6289911045824789
AOI-0074,2024-06-06,0.5344258214948856
AOI-0074,2024-07-08,0.24204821019429232
AOI-0074,2024-07-18,0.23099003917582028
AOI-0074,2024-07-27,0.2876702524783214
AOI-0074,2024-08-12,0.22522110877608417
AOI-0074,2024-08-28,0.2342524901112171
AOI-0074,2024-09-04,0.1796614569766132
AOI-0074,2024-09-09,0.17290237867316355
AOI-0074,2025-04-07,0.1972145308659414
AOI-0074,2025-04-15,0.18229382966234128
AOI-0074,2025-05-12,0.19963572991689144
AOI-0074,2025-05-14,0.18101334736434144
AOI-0074,2025-06-01,0.3278609078627653
AOI-0074,2025-06-10,0.5722208049555894
AOI-0074,2025-07-06,0.7986636962936594
AOI-0074,2025-07-16,0.6904426178418622
AOI-0074,2025-08-05,0.6668235427579255
AOI-0074,2025-08-19,0.46108267454209795
AOI-0074,2025-09-08,0.22250922696983416
AOI-0074,2025-09-22,0.27340985402493
AOI-0074,2025-10-01,0.22464396503409556
AOI-0074,2025-10-26,0.22551834175572827
AOI-0075,2025-04-07,0.343489357338839
AOI-0075,2025-04-12,0.2038562469886079
AOI-0075,2025-07-12,0.624210947513438
AOI-0075,2025-07-18,0.5214290253363156
AOI-0075,2025-08-21,0.5283779085666275
AOI-0075,2025-08-30,0.43821097430011663
AOI-0075,2025-09-08,0.44167768399111457
AOI-0075,2025-09-16,0.3358620008426422
AOI-0075,2025-09-21,0.2850785075028886
AOI-0075,2025-10-29,0.30967180970622915
AOI-0076,2025-04-19,0.1952779765394052
AOI-0076,2025-05-01,0.23486562978855183
AOI-0076,2025-05-11,0.26479364084720425
AOI-0076,2025-05-25,0.6142723332470095
AOI-0076,2025-07-10,0.810337681099426
AOI-0076,2025-07-31,0.7178593788780904
AOI-0076,2025-08-21,0.41817440766273956
AOI-0076,2025-08-27,0.3397473321573653
AOI-0076,2025-09-01,0.2884951740185558
AOI-0076,2025-09-21,0.2227691681565631
AOI-0076,2025-09-22,0.273405566303666
AOI-0076,2025-10-01,0.2113707541337451
AOI-0076,2025-10-04,0.2153361283183485
AOI-0077,2025-05-09,0.7508819324012034
AOI-0077,2025-06-06,0.5720671870856353
AOI-0077,2025-06-21,0.47593630875203924
AOI-0077,2025-07-12,0.36737659842826054
AOI-0077,2025-08-22,0.16868458788233234
AOI-0077,2025-08-27,0.162672799802431
AOI-0077,2025-08-30,0.20509998236976595
AOI-0077,2025-09-11,0.17680011990785294
AOI-0077,2025-09-22,0.22867003543537023
AOI-0078,2025-05-02,0.7378446550826959
AOI-0078,2025-05-25,0.7480370845686838
AOI-0078,2025-06-01,0.6588127101261112
AOI-0078,2025-06-03,0.6824115066368364
AOI-0078,2025-06-06,0.6449445215652153
AOI-0078,2025-06-10,0.5614328528635318
AOI-0078,2025-07-04,0.2592268755294307
AOI-0078,2025-07-10,0.18455303983100602
AOI-0078,2025-07-11,0.203714324260375
AOI-0078,2025-07-13,0.16745106917322744
AOI-0078,2025-08-10,0.174692349033294
AOI-0078,2025-08-15,0.2005536388772943
AOI-0078,2025-09-08,0.17264063260400092
AOI-0078,2025-10-04,0.2625641488215635
