anon_polygon_id,date,primary_ndvi_true
AOI-0001,2010-08-29,0.20573306320280507
AOI-0001,2010-10-25,0.1921892362047723
AOI-0001,2011-06-13,0.6438549906609726
AOI-0001,2011-09-18,0.26398677174858354
AOI-0001,2011-09-26,0.26921637878721183
AOI-0001,2011-09-30,0.4075782764900261
AOI-0001,2012-05-24,0.6833419966482208
AOI-0001,2012-07-09,0.24030175532843676
AOI-0001,2012-07-11,0.3324720538103158
AOI-0001,2012-08-10,0.15737844058090816
AOI-0001,2012-08-12,0.2934969742750691
AOI-0001,2012-10-15,0.3639380845061591
AOI-0001,2013-05-01,0.828702389435913
AOI-0001,2013-07-12,0.3362991657425074
AOI-0001,2013-09-30,0.5647012903441793
AOI-0001,2014-04-18,0.26294746631335597
AOI-0001,2014-05-25,0.6721392289383348
AOI-0001,2014-06-26,0.8036506666410368
AOI-0001,2014-07-15,0.7286084419164698
AOI-0001,2014-07-28,0.5577232390420108
AOI-0001,2014-08-09,0.34630526273363815
AOI-0001,2014-08-13,0.35186144749876974
AOI-0001,2014-10-03,0.20363982840593192
AOI-0001,2014-10-16,0.31227950969126983
AOI-0001,2015-04-13,0.43584617095839645
AOI-0001,2015-08-11,0.21512629390431673
AOI-0001,2015-08-12,0.2020567990215728
AOI-0001,2015-08-27,0.2171860665978691
AOI-0001,2015-09-20,0.1842713545677598
AOI-0001,2015-09-28,0.21458222595441007
AOI-0001,2016-06-27,0.2676091772643163
AOI-0001,2016-07-04,0.2695946676397689
AOI-0001,2016-07-20,0.28230021730769705
AOI-0001,2016-07-27,0.3596367587349213
AOI-0001,2016-08-29,0.28569930725573783
AOI-0001,2016-08-30,0.2519274274955587
AOI-0001,2016-09-15,0.4402402691780332
AOI-0001,2016-09-29,0.69779946602539
AOI-0001,2017-05-12,0.7361423194245457
AOI-0001,2017-06-29,0.5737760711600525
AOI-0001,2017-07-12,0.466543360257082
AOI-0001,2017-08-09,0.3036302875564185
AOI-0001,2017-08-29,0.24473541063460091
AOI-0001,2017-09-08,0.20436920526915728
AOI-0001,2017-09-14,0.2744468591099876
AOI-0001,2018-04-05,0.5050791119797043
AOI-0001,2018-04-23,0.8012256083860921
AOI-0001,2018-05-01,0.8146250895282312
AOI-0001,2018-06-08,0.6876753701851951
AOI-0001,2018-07-12,0.3053335137924365
AOI-0001,2018-09-28,0.15632938801991192
AOI-0001,2018-10-13,0.194217061689484
AOI-0001,2019-05-11,0.4739972229190463
AOI-0001,2019-05-31,0.7159030738899507
AOI-0001,2019-06-04,0.7331072360256855
AOI-0001,2019-06-05,0.7128951912377988
AOI-0001,2019-06-25,0.3812764346047722
AOI-0001,2019-07-12,0.4660749003173712
AOI-0001,2019-07-22,0.4237575350898766
AOI-0001,2019-07-29,0.4598225013996455
AOI-0001,2019-08-30,0.2382169634458846
AOI-0001,2019-09-07,0.23451164080458078
AOI-0001,2019-09-08,0.2152179888350593
AOI-0001,2019-09-18,0.1274044938858146
AOI-0001,2020-04-03,0.550298989421749
AOI-0001,2020-04-26,0.6846086153636204
AOI-0001,2020-05-30,0.8168349505121406
AOI-0001,2020-06-09,0.7712217487515348
AOI-0001,2020-07-14,0.1408300148701045
AOI-0001,2020-07-23,0.23204474928789018
AOI-0001,2020-07-27,0.26166152537970466
AOI-0001,2020-08-08,0.18189579615378815
AOI-0001,2020-09-01,0.3114637775373594
AOI-0001,2020-09-02,0.27331385606995706
AOI-0001,2020-09-12,0.22607094727104293
AOI-0001,2020-09-22,0.2183233907749656
AOI-0001,2020-09-29,0.24604824494618932
AOI-0001,2020-10-11,0.19257413954239333
AOI-0001,2020-10-12,0.1787495817891556
AOI-0001,2020-10-19,0.17135745856692727
AOI-0001,2021-05-15,0.5240943666351867
AOI-0001,2021-05-20,0.5005375060442276
AOI-0001,2021-06-10,0.6726824724409264
AOI-0001,2021-07-02,0.629363634245301
AOI-0001,2021-07-24,0.6772982708194297
AOI-0001,2021-09-17,0.22512928740645094
AOI-0001,2022-04-25,0.6863356498993274
AOI-0001,2022-06-03,0.8233689167499475
AOI-0001,2022-09-02,0.2531819570582855
AOI-0001,2022-09-30,0.2777546067241008
AOI-0001,2022-10-01,0.25439885764378034
AOI-0001,2022-10-17,0.21355494413761367
AOI-0001,2023-05-25,0.8411161815988581
AOI-0001,2023-06-23,0.8407906927041617
AOI-0001,2023-07-15,0.24450218943309968
AOI-0001,2023-07-29,0.16510668112125731
AOI-0001,2023-08-03,0.20569698812671
AOI-0001,2023-08-08,0.21109964393358638
AOI-0001,2023-08-13,0.2680906321645978
AOI-0001,2023-08-17,0.2811296082238701
AOI-0001,2023-08-28,0.2087959071536203
AOI-0001,2023-08-29,0.27625715575665405
AOI-0001,2023-09-12,0.2240815086764756
AOI-0001,2024-04-06,0.770796732207662
AOI-0001,2024-05-24,0.7530323889331609
AOI-0001,2024-06-01,0.7204477933047038
AOI-0001,2024-06-03,0.710755006707256
AOI-0001,2024-06-09,0.5743313526567861
AOI-0001,2024-06-13,0.5619566715987289
AOI-0001,2024-06-17,0.5588996204660862
AOI-0001,2024-06-23,0.3499237947562671
AOI-0001,2024-06-25,0.36420657899998904
AOI-0001,2024-07-03,0.2663725496284185
AOI-0001,2024-09-11,0.14126495794928798
AOI-0001,2024-09-13,0.20261981228071865
AOI-0001,2024-09-16,0.1516266834241165
AOI-0001,2024-09-29,0.2123657098506902
AOI-0001,2025-04-23,0.4922738923286677
AOI-0001,2025-05-03,0.37999122972873417
AOI-0001,2025-06-03,0.44221928126654925
AOI-0001,2025-06-27,0.6391318572493363
AOI-0001,2025-07-05,0.5635522009820473
AOI-0001,2025-07-12,0.44109961345978893
AOI-0001,2025-07-13,0.41368301553496506
AOI-0001,2025-07-23,0.38022398612152275
AOI-0001,2025-07-28,0.33335265413708104
AOI-0001,2025-07-29,0.3636715854095081
AOI-0001,2025-08-02,0.2769336238440985
AOI-0001,2025-10-28,0.23965510405840534
AOI-0002,2025-05-03,0.8367275856031477
AOI-0002,2025-06-03,0.5504808729636649
AOI-0002,2025-06-26,0.4679096574437276
AOI-0002,2025-07-29,0.2639581988535237
AOI-0002,2025-08-02,0.18129589130767032
AOI-0002,2025-08-13,0.25912028445657
AOI-0002,2025-08-19,0.16718885164083086
AOI-0003,2025-04-01,0.5602693804025579
AOI-0003,2025-04-18,0.8386400427875319
AOI-0003,2025-04-19,0.8547949708614634
AOI-0003,2025-05-06,0.8076846733713696
AOI-0003,2025-06-04,0.7680578294834227
AOI-0003,2025-06-13,0.601362299929833
AOI-0003,2025-07-07,0.19111065914923706
AOI-0003,2025-07-13,0.19140828726029913
AOI-0003,2025-07-15,0.16851503834125783
AOI-0003,2025-08-04,0.19465911254936083
AOI-0003,2025-08-07,0.17751202825810344
AOI-0003,2025-08-14,0.18704243929149025
AOI-0003,2025-08-22,0.15331623988636642
AOI-0003,2025-08-23,0.19716108839189528
AOI-0004,2025-04-23,0.6778448072124819
AOI-0004,2025-05-04,0.616595513958348
AOI-0004,2025-05-24,0.6758216057463138
AOI-0004,2025-05-25,0.7280367778470688
AOI-0004,2025-06-30,0.5943047725228825
AOI-0004,2025-07-12,0.48748254298703253
AOI-0004,2025-07-23,0.4683192971192498
AOI-0004,2025-08-02,0.40895461942091543
AOI-0004,2025-09-14,0.37878015629340284
AOI-0004,2025-09-23,0.32554371785024594
AOI-0005,2025-05-01,0.6592359989897112
AOI-0005,2025-05-03,0.6666780878452037
AOI-0005,2025-05-14,0.5363321533969364
AOI-0005,2025-06-11,0.6230700458212215
AOI-0005,2025-07-21,0.4383356205630389
AOI-0005,2025-08-17,0.3109421071196781
AOI-0005,2025-09-01,0.25475528254262353
AOI-0006,2025-04-01,0.22503761357770793
AOI-0006,2025-05-09,0.4385162589824826
AOI-0006,2025-05-25,0.6211471596830048
AOI-0006,2025-07-28,0.41916047241363574
AOI-0006,2025-08-09,0.3129901689912943
AOI-0006,2025-08-22,0.2949677045021804
AOI-0006,2025-08-30,0.28906453784088115
AOI-0006,2025-09-07,0.248383284477839
AOI-0006,2025-10-28,0.2434275525714672
AOI-0007,2025-04-01,0.17971531296235616
AOI-0007,2025-04-18,0.24605515514837958
AOI-0007,2025-04-29,0.33565256835671936
AOI-0007,2025-05-01,0.3638792101361631
AOI-0007,2025-06-26,0.3301289170362655
AOI-0007,2025-07-28,0.15493099153028023
AOI-0007,2025-08-13,0.23634122859268084
AOI-0007,2025-08-14,0.1562943768438112
AOI-0007,2025-08-16,0.17032952620298997
AOI-0007,2025-09-11,0.15866869524192478
AOI-0007,2025-09-26,0.17771150670837516
AOI-0008,2025-04-17,0.8458003935143522
AOI-0008,2025-04-24,0.7714054402380892
AOI-0008,2025-05-19,0.8219131072516621
AOI-0008,2025-07-08,0.21059104783769117
AOI-0008,2025-07-15,0.16320682792042646
AOI-0008,2025-07-17,0.17357555303511818
AOI-0008,2025-08-13,0.23661065384129537
AOI-0008,2025-09-01,0.14162695072418124
AOI-0008,2025-09-30,0.24356401276370632
AOI-0008,2025-10-16,0.2339997193437314
AOI-0009,2025-04-01,0.7299936676790084
AOI-0009,2025-04-23,0.8053987608142635
AOI-0009,2025-05-04,0.8441305233631151
AOI-0009,2025-06-30,0.1848582462013113
AOI-0009,2025-07-05,0.1964186027581674
AOI-0009,2025-07-10,0.17543067459919118
AOI-0009,2025-07-25,0.1704303026546742
AOI-0009,2025-08-12,0.1604274884271308
AOI-0009,2025-08-17,0.18575332665566158
AOI-0009,2025-08-22,0.1661413378194126
AOI-0009,2025-08-24,0.15163078941497113
AOI-0009,2025-09-14,0.2368996540272585
AOI-0009,2025-09-16,0.18858087743834354
AOI-0009,2025-09-25,0.17190740400293664
AOI-0009,2025-10-03,0.21093900422788855
AOI-0010,2010-06-19,0.3784360955254502
AOI-0010,2010-08-06,0.2403915042769034
AOI-0010,2010-08-22,0.2248053158827006
AOI-0010,2011-06-14,0.5302432384616296
AOI-0010,2011-07-12,0.3706160093205807
AOI-0010,2011-08-09,0.26944673528146224
AOI-0010,2011-08-13,0.3388815739074803
AOI-0010,2011-09-10,0.2391198270006668
AOI-0010,2012-04-13,0.2835769237024891
AOI-0010,2012-08-03,0.2328808851146616
AOI-0010,2013-04-16,0.7061507369436569
AOI-0010,2013-05-25,0.6387398650513272
AOI-0010,2013-06-26,0.3321435364797339
AOI-0010,2013-07-12,0.32005831874793905
AOI-0010,2014-05-29,0.6773666352206801
AOI-0010,2014-06-06,0.588539356891483
AOI-0010,2014-06-10,0.4409266724628723
AOI-0010,2014-08-29,0.2521579357864191
AOI-0010,2014-09-30,0.26216499288418793
AOI-0010,2015-04-07,0.324339688739
AOI-0010,2015-04-14,0.22285620038904766
AOI-0010,2015-05-25,0.36668455187984994
AOI-0010,2015-10-07,0.20106189755587253
AOI-0010,2016-07-27,0.36537594371400106
AOI-0010,2016-08-12,0.32213282461356696
AOI-0010,2016-09-13,0.2768738428923503
AOI-0010,2017-04-03,0.31795544642321855
AOI-0010,2017-04-07,0.527950356179543
AOI-0010,2017-08-01,0.15353318076371336
AOI-0010,2017-08-04,0.16931099748817463
AOI-0010,2017-08-13,0.2343259310251494
AOI-0010,2017-08-29,0.22079428290524902
AOI-0010,2018-05-16,0.8591572277207652
AOI-0010,2018-07-28,0.2602207970862183
AOI-0010,2018-08-28,0.18334706473579895
AOI-0010,2018-09-14,0.22353277019934203
AOI-0010,2019-04-06,0.3648396104174392
AOI-0010,2019-04-28,0.727715457929819
AOI-0010,2019-05-19,0.8729051962178263
AOI-0010,2019-06-20,0.22550534074014222
AOI-0010,2019-06-26,0.251222657343025
AOI-0010,2019-06-27,0.16306621814230746
AOI-0010,2019-07-20,0.1816331676120916
AOI-0010,2019-08-13,0.3050332277927078
AOI-0010,2019-08-19,0.18153309561346057
AOI-0010,2019-08-21,0.18695601195206168
AOI-0010,2019-09-23,0.17183682047790816
AOI-0010,2020-06-06,0.3503296239095139
AOI-0010,2020-06-09,0.3864884419718566
AOI-0010,2020-07-16,0.15968657550528767
AOI-0010,2020-07-19,0.16271872701157575
AOI-0010,2020-07-26,0.1447175529640466
AOI-0010,2020-07-31,0.15718096706337778
AOI-0010,2020-09-09,0.18610653814035447
AOI-0010,2020-09-13,0.2508713675554479
AOI-0010,2020-09-19,0.127052948033112
AOI-0010,2020-09-27,0.1565825725108071
AOI-0010,2021-05-05,0.352770663206108
AOI-0010,2021-05-09,0.5201804556505754
AOI-0010,2021-07-28,0.29308675660431494
AOI-0010,2021-08-05,0.2312201092329258
AOI-0010,2021-09-04,0.3308227136091434
AOI-0010,2021-09-17,0.3597425584682905
AOI-0010,2021-10-27,0.3540647154688337
AOI-0010,2022-06-06,0.7209148306088996
AOI-0010,2022-06-10,0.62455642575958
AOI-0010,2022-06-11,0.7089201948366488
AOI-0010,2022-07-17,0.28731495397356244
AOI-0010,2022-07-28,0.342009917187439
AOI-0010,2022-09-08,0.3073895192105302
AOI-0010,2023-04-02,0.5101719379242667
AOI-0010,2023-04-27,0.6768111996863394
AOI-0010,2023-06-08,0.7431965318502243
AOI-0010,2023-06-16,0.6306820065140671
AOI-0010,2023-08-23,0.24988524042232446
AOI-0010,2023-08-30,0.24094898298622505
AOI-0010,2023-09-19,0.2762692382817416
AOI-0010,2024-04-04,0.6003366148774879
AOI-0010,2024-04-26,0.7454452830315668
AOI-0010,2024-05-08,0.7767087545784191
AOI-0010,2024-05-21,0.7439393652652838
AOI-0010,2024-06-18,0.24120187250599445
AOI-0010,2024-06-20,0.2053832409593301
AOI-0010,2024-07-08,0.1952269985034079
AOI-0010,2024-07-15,0.17302020486563072
AOI-0010,2024-08-12,0.21687798974110434
AOI-0010,2024-09-06,0.2048143938053609
AOI-0010,2024-09-28,0.19307768268753198
AOI-0010,2024-10-01,0.19924864733391104
AOI-0010,2024-10-15,0.2747829344183854
AOI-0010,2024-10-23,0.1885646862576007
AOI-0010,2025-04-16,0.3972609825716942
AOI-0010,2025-04-18,0.42266650885164897
AOI-0010,2025-05-09,0.7750017298131183
AOI-0010,2025-06-05,0.5408078859453664
AOI-0010,2025-06-07,0.4969748955407316
AOI-0010,2025-06-28,0.19263862619555716
AOI-0010,2025-07-05,0.1904437976413882
AOI-0010,2025-07-06,0.21973251233157395
AOI-0010,2025-07-07,0.1778904931171163
AOI-0010,2025-07-25,0.14968867658682125
AOI-0010,2025-07-30,0.15739350752518916
AOI-0010,2025-08-16,0.195660624400344
AOI-0010,2025-08-27,0.17805351454176244
AOI-0010,2025-09-16,0.2231575559915368
AOI-0010,2025-09-30,0.3066534982770596
AOI-0010,2025-10-05,0.23201804926628064
AOI-0011,2025-04-07,0.6905710684495646
AOI-0011,2025-04-17,0.7812576003940556
AOI-0011,2025-04-23,0.8377459031562723
AOI-0011,2025-04-28,0.7891090463559832
AOI-0011,2025-05-24,0.798936169305261
AOI-0011,2025-06-03,0.5785652661021057
AOI-0011,2025-07-12,0.2894099422249517
AOI-0011,2025-08-06,0.21583844962664112
AOI-0011,2025-08-14,0.22951114180849427
AOI-0011,2025-08-19,0.21026232338362463
AOI-0011,2025-08-27,0.17335961773821035
AOI-0011,2025-09-30,0.2559105793035802
AOI-0011,2025-10-03,0.17065873670090445
AOI-0011,2025-10-05,0.15824483350493765
AOI-0012,2025-04-01,0.2521649465704413
AOI-0012,2025-04-28,0.4636696389836851
AOI-0012,2025-05-16,0.7299309301313324
AOI-0012,2025-06-03,0.657503743529668
AOI-0012,2025-06-05,0.5741763379348336
AOI-0012,2025-06-15,0.2875818293334241
AOI-0012,2025-06-26,0.30383057288229914
AOI-0012,2025-07-10,0.18681008017341566
AOI-0012,2025-07-18,0.14471487570173724
AOI-0012,2025-07-30,0.16158886261330146
AOI-0013,2010-04-16,0.7031842767739666
AOI-0013,2010-06-10,0.49120163802568534
AOI-0013,2010-06-19,0.36704754386251354
AOI-0013,2010-10-24,0.2510057094121598
AOI-0013,2011-04-18,0.23060588659326695
AOI-0013,2011-04-26,0.2550329756729662
AOI-0013,2012-05-08,0.5494882092584685
AOI-0013,2012-06-23,0.5364632798115831
AOI-0013,2012-08-12,0.46985460024246356
AOI-0013,2013-04-16,0.2851860769115125
AOI-0013,2013-04-24,0.3024015863235186
AOI-0013,2013-05-02,0.308311487022079
AOI-0013,2013-05-09,0.4887439285506821
AOI-0013,2013-06-11,0.4639590534801644
AOI-0013,2013-07-12,0.5264415360213928
AOI-0013,2013-07-28,0.4448071116445889
AOI-0013,2014-05-29,0.45509411574131614
AOI-0013,2014-06-10,0.4787444119243719
AOI-0013,2014-07-28,0.4046212370382168
AOI-0013,2014-08-01,0.3338781081024186
AOI-0013,2014-08-08,0.3431608277667253
AOI-0013,2014-08-13,0.40857269570599813
AOI-0013,2015-05-09,0.5690441457061075
AOI-0013,2015-05-23,0.49134704172361804
AOI-0013,2015-07-12,0.5167226160774095
AOI-0013,2015-08-20,0.39775592117720343
AOI-0013,2015-10-07,0.3652235600393892
AOI-0013,2015-10-16,0.37847227868075234
AOI-0013,2016-05-09,0.47904824913806976
AOI-0013,2016-05-10,0.46643376497889893
AOI-0013,2016-08-12,0.5934531847743326
AOI-0013,2016-08-21,0.6811299716712972
AOI-0013,2016-09-13,0.5871192542357366
AOI-0013,2016-10-09,0.5328279591903606
AOI-0013,2017-04-11,0.24404359395175512
AOI-0013,2017-04-28,0.36162680437372097
AOI-0013,2017-05-01,0.36988318306706486
AOI-0013,2017-05-21,0.6080746321460361
AOI-0013,2017-05-29,0.5838515900101421
AOI-0013,2017-06-30,0.6823196982049474
AOI-0013,2017-07-27,0.4817975039215956
AOI-0013,2017-08-08,0.48436401472022483
AOI-0013,2017-08-24,0.438704798781772
AOI-0013,2017-09-13,0.43908833399993624
AOI-0013,2017-09-17,0.47252376107711314
AOI-0013,2017-09-30,0.43057157715772487
AOI-0013,2018-05-25,0.527079878432018
AOI-0013,2018-06-08,0.43370725403154836
AOI-0013,2018-06-15,0.3432292134794644
AOI-0013,2018-07-12,0.42731847503800485
AOI-0013,2018-08-13,0.4221336477562206
AOI-0013,2018-08-27,0.4248549388339419
AOI-0013,2018-09-28,0.4013847566890676
AOI-0013,2018-10-06,0.42314082397311653
AOI-0013,2019-04-01,0.2699772110118136
AOI-0013,2019-05-06,0.4211158666343044
AOI-0013,2019-06-02,0.37802667395857487
AOI-0013,2019-06-05,0.42814135039615303
AOI-0013,2019-06-12,0.4853470798114655
AOI-0013,2019-06-25,0.39682411270146245
AOI-0013,2019-07-17,0.4441284975662032
AOI-0013,2019-07-28,0.5364296815461138
AOI-0013,2019-08-24,0.44967545506757917
AOI-0013,2019-08-31,0.5148873557380048
AOI-0013,2019-09-08,0.4868406712379405
AOI-0013,2019-09-13,0.45984627088050334
AOI-0013,2019-10-02,0.4818123073291553
AOI-0013,2019-10-10,0.563574421618524
AOI-0013,2019-10-17,0.469774139691017
AOI-0013,2020-04-22,0.42471989936298793
AOI-0013,2020-05-12,0.36368236259797526
AOI-0013,2020-06-24,0.46877314237569156
AOI-0013,2020-06-26,0.4885772078509651
AOI-0013,2020-08-12,0.3991694213578496
AOI-0013,2020-08-15,0.4213164309194241
AOI-0013,2020-08-16,0.4350178330426378
AOI-0013,2020-08-20,0.3769024073710477
AOI-0013,2020-10-27,0.31903679684355735
AOI-0013,2021-04-23,0.4674686509900676
AOI-0013,2021-06-10,0.6170725533557495
AOI-0013,2021-06-11,0.5416109997901926
AOI-0013,2021-06-21,0.5063734985219883
AOI-0013,2021-07-12,0.5083906515310989
AOI-0013,2021-07-14,0.5215565603148604
AOI-0013,2021-08-20,0.5026275140623747
AOI-0013,2021-10-14,0.4301357259908768
AOI-0013,2021-10-16,0.4518923391951692
AOI-0013,2022-04-02,0.47155746956107014
AOI-0013,2022-04-17,0.5477751878776335
AOI-0013,2022-04-24,0.5819607587013853
AOI-0013,2022-04-25,0.5692526352448817
AOI-0013,2022-06-10,0.5477477711056121
AOI-0013,2022-06-16,0.3938676889311462
AOI-0013,2022-06-26,0.49617711977641715
AOI-0013,2022-07-05,0.5519661962426176
AOI-0013,2022-07-17,0.573524601050841
AOI-0013,2022-07-22,0.5570059406070884
AOI-0013,2022-08-14,0.5847613315828091
AOI-0013,2022-09-14,0.43730075949520136
AOI-0013,2022-10-07,0.3975399390598516
AOI-0013,2022-10-14,0.3691444124129663
AOI-0013,2023-04-10,0.47189088375624544
AOI-0013,2023-06-21,0.5600663280980618
AOI-0013,2023-06-29,0.5595949743826356
AOI-0013,2023-07-06,0.5003811262889438
AOI-0013,2023-07-12,0.4902329801277662
AOI-0013,2023-07-24,0.5103280607824292
AOI-0013,2023-08-05,0.5312628027818056
AOI-0013,2023-08-20,0.506518738839429
AOI-0013,2023-08-23,0.5271266451146912
AOI-0013,2023-08-26,0.5042627274968422
AOI-0013,2023-09-11,0.5254941399755078
AOI-0013,2023-09-14,0.4986443366817995
AOI-0013,2023-09-24,0.5140637086160423
AOI-0013,2023-10-05,0.46724819873923124
AOI-0013,2023-10-14,0.3906669363802258
AOI-0013,2023-10-17,0.36683723740303914
AOI-0013,2023-10-19,0.3731454750095377
AOI-0013,2024-04-26,0.4198161921888463
AOI-0013,2024-05-04,0.47198852239136485
AOI-0013,2024-05-23,0.5274203240348624
AOI-0013,2024-05-24,0.5679826772969305
AOI-0013,2024-06-30,0.5116076985531721
AOI-0013,2024-07-02,0.5620317737021673
AOI-0013,2024-07-11,0.4565628607020303
AOI-0013,2024-07-26,0.435297108249267
AOI-0013,2024-07-27,0.42415670967972097
AOI-0013,2024-08-09,0.5090272077432164
AOI-0013,2024-08-11,0.5666669589670134
AOI-0013,2024-09-03,0.48715498016927256
AOI-0013,2024-09-06,0.499810004362887
AOI-0013,2024-09-26,0.45448357435800046
AOI-0013,2024-10-08,0.3913606476148156
AOI-0013,2025-04-01,0.4872323484304426
AOI-0013,2025-04-28,0.535470889867011
AOI-0013,2025-05-16,0.4878353737976029
AOI-0013,2025-05-19,0.4948886254353144
AOI-0013,2025-05-24,0.48031678979261505
AOI-0013,2025-07-07,0.4996904662995774
AOI-0013,2025-07-08,0.47561412713573037
AOI-0013,2025-07-14,0.5060843967696698
AOI-0013,2025-07-21,0.5227037750333686
AOI-0013,2025-07-27,0.5556273142911342
AOI-0013,2025-08-15,0.49928608258377444
AOI-0013,2025-09-03,0.46084802244084977
AOI-0013,2025-09-07,0.5290394095819606
AOI-0014,2010-04-07,0.5594826792695647
AOI-0014,2010-04-24,0.7237928844251524
AOI-0014,2010-06-10,0.7369326506627557
AOI-0014,2010-09-23,0.19299971444064337
AOI-0014,2011-04-19,0.21504967081013138
AOI-0014,2011-04-26,0.23805557931636506
AOI-0014,2011-05-09,0.6591420196604811
AOI-0014,2011-05-28,0.6596266568984089
AOI-0014,2011-06-14,0.7520088534598962
AOI-0014,2011-08-01,0.4519588968220828
AOI-0014,2011-09-14,0.29699437276085733
AOI-0014,2011-09-17,0.21203537012781412
AOI-0014,2011-10-27,0.29105071912705727
AOI-0014,2012-05-06,0.6876604102782939
AOI-0014,2012-06-25,0.39655561270789574
AOI-0014,2012-08-28,0.2970337712436077
AOI-0014,2012-09-04,0.20930429141399293
AOI-0014,2012-09-11,0.21291260514612698
AOI-0014,2012-09-27,0.18856390066765485
AOI-0014,2013-05-09,0.4215936201177608
AOI-0014,2013-06-11,0.55676349275285
AOI-0014,2013-06-19,0.6510265138241991
AOI-0014,2013-07-28,0.6530717598474373
AOI-0014,2013-09-14,0.377539241049443
AOI-0014,2013-09-23,0.22934122629815362
AOI-0014,2014-06-26,0.44016593494928524
AOI-0014,2014-06-29,0.3550091941474451
AOI-0014,2014-08-17,0.21067134865880166
AOI-0014,2014-09-30,0.29928364390073436
AOI-0014,2014-10-27,0.22491754588422333
AOI-0014,2015-04-14,0.3478895668114034
AOI-0014,2015-06-16,0.7195250032655333
AOI-0014,2015-06-26,0.4753257758864711
AOI-0014,2015-07-12,0.4686795016307926
AOI-0014,2015-07-27,0.34902230137542767
AOI-0014,2015-08-28,0.22965050097275883
AOI-0014,2016-04-22,0.43952801043085504
AOI-0014,2016-05-09,0.3312381529565923
AOI-0014,2016-06-03,0.6345427003571271
AOI-0014,2016-06-19,0.8444943527799278
AOI-0014,2016-08-13,0.5020318709888859
AOI-0014,2016-08-30,0.30232397218942403
AOI-0014,2017-04-26,0.776599327651008
AOI-0014,2017-04-28,0.779878792008261
AOI-0014,2017-05-21,0.8966664274378997
AOI-0014,2017-05-29,0.9003982696004973
AOI-0014,2017-07-23,0.26680335031998365
AOI-0014,2017-07-31,0.22212014414936204
AOI-0014,2017-08-06,0.12688827607932301
AOI-0014,2017-08-21,0.1268548450854875
AOI-0014,2017-09-10,0.1551369494944588
AOI-0014,2017-09-30,0.24034000924834936
AOI-0014,2017-10-08,0.16399188671724882
AOI-0014,2018-04-07,0.5715884824738829
AOI-0014,2018-05-03,0.7802588172728921
AOI-0014,2018-06-24,0.2631095887133866
AOI-0014,2018-07-18,0.23685200587488492
AOI-0014,2018-08-27,0.2138759447478201
AOI-0014,2018-10-06,0.22058727389626365
AOI-0014,2019-04-01,0.2522410701219198
AOI-0014,2019-04-21,0.1793407021613495
AOI-0014,2019-05-01,0.2181326140647641
AOI-0014,2019-05-09,0.6324423116329646
AOI-0014,2019-05-27,0.6728572902217528
AOI-0014,2019-05-28,0.6210112490401414
AOI-0014,2019-06-04,0.7994264620097401
AOI-0014,2019-06-11,0.875308135305293
AOI-0014,2019-06-15,0.8611152726099822
AOI-0014,2019-06-22,0.7359985730268848
AOI-0014,2019-07-06,0.6369055269912656
AOI-0014,2019-08-14,0.33492216039678196
AOI-0014,2019-08-26,0.20127919432813332
AOI-0014,2020-04-06,0.6688639172366223
AOI-0014,2020-04-07,0.7202923080827857
AOI-0014,2020-04-17,0.7088414286928354
AOI-0014,2020-04-22,0.707261652625539
AOI-0014,2020-04-25,0.7193500478589435
AOI-0014,2020-05-15,0.680400024345258
AOI-0014,2020-05-17,0.644783313179265
AOI-0014,2020-06-04,0.711426092631964
AOI-0014,2020-06-25,0.36834196635851646
AOI-0014,2020-07-11,0.25714206384166666
AOI-0014,2020-07-27,0.25305606068650566
AOI-0014,2020-08-16,0.2096339007157251
AOI-0014,2020-09-09,0.1627184938634069
AOI-0014,2020-09-24,0.14796462532606164
AOI-0014,2021-04-07,0.48366548897082373
AOI-0014,2021-04-29,0.7004453465487339
AOI-0014,2021-05-25,0.8207593029661817
AOI-0014,2021-08-13,0.29096105189348703
AOI-0014,2021-08-18,0.14803432665075889
AOI-0014,2021-09-14,0.1847351313286057
AOI-0014,2021-10-12,0.16048636378123812
AOI-0014,2021-10-14,0.19389112474577008
AOI-0014,2022-05-15,0.2523379848880997
AOI-0014,2022-05-26,0.42832695946893945
AOI-0014,2022-05-27,0.35641215541185717
AOI-0014,2022-06-24,0.6969661592627666
AOI-0014,2022-07-14,0.8045992586270336
AOI-0014,2022-07-24,0.7671197109354039
AOI-0014,2022-08-22,0.3680886021605396
AOI-0014,2022-08-29,0.30339689890840393
AOI-0014,2022-09-02,0.18977055023928516
AOI-0014,2022-09-08,0.2339032819850769
AOI-0014,2022-09-14,0.23301409620939958
AOI-0014,2023-06-07,0.8756125230942329
AOI-0014,2023-08-10,0.2209752525315483
AOI-0014,2024-04-04,0.7051530261744003
AOI-0014,2024-05-08,0.842875071632631
AOI-0014,2024-05-09,0.8173100234748146
AOI-0014,2024-05-21,0.8315363803189524
AOI-0014,2024-05-23,0.839323865814075
AOI-0014,2024-06-08,0.5544191170658064
AOI-0014,2024-07-25,0.1468154651765199
AOI-0014,2024-08-11,0.20895481440958125
AOI-0014,2024-09-01,0.15076466758067406
AOI-0014,2024-09-08,0.13367593961190805
AOI-0014,2024-09-11,0.13587180622805267
AOI-0014,2024-09-18,0.13391203512291117
AOI-0014,2024-09-29,0.21540348944273116
AOI-0014,2024-10-07,0.19497173418111846
AOI-0014,2024-10-30,0.2171563201348367
AOI-0014,2025-04-23,0.40300566428230394
AOI-0014,2025-05-01,0.21913658947094974
AOI-0014,2025-05-27,0.44633456397291965
AOI-0014,2025-06-13,0.4184315810733475
AOI-0014,2025-08-12,0.22872515484860168
AOI-0014,2025-08-15,0.3009508955463377
AOI-0014,2025-08-24,0.17785785205071786
AOI-0014,2025-09-11,0.14813276972409775
AOI-0014,2025-09-14,0.24390480428129083
AOI-0014,2025-09-23,0.20119532984732802
AOI-0014,2025-09-24,0.21175834291787674
AOI-0015,2025-05-04,0.3529680184846876
AOI-0015,2025-05-27,0.49675436950623614
AOI-0015,2025-06-07,0.4389340105327689
AOI-0015,2025-07-03,0.3859364846174374
AOI-0015,2025-07-05,0.3737336285659542
AOI-0015,2025-07-08,0.3260443081213457
AOI-0015,2025-07-13,0.2563528557002345
AOI-0015,2025-07-15,0.23466098964331397
AOI-0015,2025-07-18,0.23713141963359957
AOI-0015,2025-07-21,0.3036049862925586
AOI-0015,2025-07-23,0.24725356923256986
AOI-0015,2025-09-07,0.21981130918898317
AOI-0015,2025-10-13,0.19083529296252302
AOI-0015,2025-10-16,0.2837687435062
AOI-0015,2025-10-18,0.21637850801330075
AOI-0016,2025-04-19,0.2515981688196028
AOI-0016,2025-05-25,0.5635069301820829
AOI-0016,2025-06-11,0.5932987617462488
AOI-0016,2025-06-26,0.7910623499974792
AOI-0016,2025-07-10,0.7827412953258198
AOI-0016,2025-07-17,0.7403482063284706
AOI-0016,2025-07-18,0.7474332563582685
AOI-0016,2025-08-19,0.37892634833102157
AOI-0016,2025-08-29,0.38115453887333517
AOI-0016,2025-10-17,0.2792859910212811
AOI-0017,2010-06-10,0.6015261750890007
AOI-0017,2010-07-29,0.5925798361420086
AOI-0017,2010-09-23,0.36811450153948533
AOI-0017,2011-04-18,0.31509226592269995
AOI-0017,2011-09-17,0.5449133553366745
AOI-0017,2011-09-26,0.5357580162052594
AOI-0017,2011-09-30,0.516832327772178
AOI-0017,2011-10-11,0.5066143847428975
AOI-0017,2011-10-27,0.4877769740804127
AOI-0017,2012-07-18,0.6305753875740441
AOI-0017,2012-07-27,0.4801445096964874
AOI-0017,2012-08-28,0.4564856720950633
AOI-0017,2012-09-29,0.45793003913279473
AOI-0017,2013-05-25,0.6691673550482027
AOI-0017,2013-07-12,0.5289297432470332
AOI-0017,2013-08-14,0.44434632502511645
AOI-0017,2013-09-14,0.614180878315498
AOI-0017,2013-09-30,0.5906871410526743
AOI-0017,2013-10-09,0.6524661293944198
AOI-0017,2013-10-25,0.6530547631047625
AOI-0017,2014-04-23,0.7042571547007367
AOI-0017,2014-06-06,0.6097651084319248
AOI-0017,2014-07-24,0.43325644789265166
AOI-0017,2014-10-04,0.3914656618367232
AOI-0017,2015-04-23,0.4970925914570176
AOI-0017,2015-04-30,0.4415820364127608
AOI-0017,2015-07-11,0.7375120919143737
AOI-0017,2015-07-27,0.6697642683558449
AOI-0017,2015-08-03,0.602029949423714
AOI-0017,2015-08-29,0.43162698602549043
AOI-0017,2015-10-16,0.42679604129925175
AOI-0017,2016-04-06,0.570366679316265
AOI-0017,2016-04-07,0.43633133916933714
AOI-0017,2016-06-18,0.6379952652096519
AOI-0017,2016-07-05,0.5656647378350529
AOI-0017,2016-07-27,0.5567895426973747
AOI-0017,2016-08-21,0.5921693065049268
AOI-0017,2016-09-15,0.5445989252160637
AOI-0017,2016-10-15,0.49693511272061996
AOI-0017,2016-10-17,0.4922892834272772
AOI-0017,2017-06-06,0.6729245991283062
AOI-0017,2017-07-31,0.6496848160029607
AOI-0017,2017-08-01,0.6366834147094206
AOI-0017,2017-09-02,0.5500316564720751
AOI-0017,2018-04-05,0.4395715432282856
AOI-0017,2018-05-09,0.6690505689724907
AOI-0017,2018-05-23,0.6499189934030211
AOI-0017,2018-06-20,0.5316998992856327
AOI-0017,2018-07-11,0.47045640170203995
AOI-0017,2018-07-12,0.49739743984574586
AOI-0017,2019-04-25,0.47240028012730856
AOI-0017,2019-04-28,0.43329611907699905
AOI-0017,2019-05-13,0.5415761275877319
AOI-0017,2019-05-18,0.6236169450109232
AOI-0017,2019-05-28,0.6934933337720646
AOI-0017,2019-06-04,0.6614887755155994
AOI-0017,2019-06-12,0.7212245322142611
AOI-0017,2019-06-17,0.6541321190220613
AOI-0017,2019-07-17,0.6404691992753816
AOI-0017,2019-08-06,0.6597674696382544
AOI-0017,2019-08-11,0.6078979226687351
AOI-0017,2019-08-24,0.45500608576339885
AOI-0017,2019-08-29,0.48300411538809096
AOI-0017,2019-08-31,0.5069132315280047
AOI-0017,2019-09-13,0.47390152539165664
AOI-0017,2020-04-25,0.32475515793793086
AOI-0017,2020-04-30,0.3748052503178057
AOI-0017,2020-05-08,0.6441119248679393
AOI-0017,2020-06-06,0.6249688409630014
AOI-0017,2020-06-26,0.5207184008760187
AOI-0017,2020-07-26,0.4121514652755076
AOI-0017,2020-08-18,0.47684198627823093
AOI-0017,2020-09-02,0.4143069361139976
AOI-0017,2020-09-04,0.3687905647215139
AOI-0017,2020-09-09,0.4043061261445654
AOI-0017,2020-09-10,0.38242962948517717
AOI-0017,2020-09-19,0.4139665081731126
AOI-0017,2020-10-12,0.37826621040693253
AOI-0017,2021-04-07,0.36092149836616033
AOI-0017,2021-05-20,0.546100246395974
AOI-0017,2021-07-02,0.680384290051519
AOI-0017,2021-08-29,0.5113268422150817
AOI-0017,2021-09-04,0.5350492461185319
AOI-0017,2021-09-27,0.5224336336203621
AOI-0017,2021-10-06,0.3786143675190243
AOI-0017,2021-10-27,0.5154942653254388
AOI-0017,2022-04-17,0.5994597757042976
AOI-0017,2022-04-23,0.6622697203865278
AOI-0017,2022-05-26,0.6964299952516538
AOI-0017,2022-05-27,0.6816195717444047
AOI-0017,2022-06-03,0.6648237198427038
AOI-0017,2022-06-11,0.6111901439353877
AOI-0017,2022-06-30,0.6155545796046442
AOI-0017,2022-07-12,0.5321922673931161
AOI-0017,2022-07-19,0.5873053198428342
AOI-0017,2022-07-24,0.5730531966770546
AOI-0017,2022-08-07,0.5830207358193221
AOI-0017,2022-08-14,0.5800235093502413
AOI-0017,2022-08-15,0.5411148558878217
AOI-0017,2022-08-23,0.5559453771701044
AOI-0017,2022-08-30,0.5183456732559724
AOI-0017,2022-09-17,0.4567974010138407
AOI-0017,2022-10-19,0.4860138263926661
AOI-0017,2023-04-02,0.5139314302104897
AOI-0017,2023-05-06,0.6366052893036778
AOI-0017,2023-06-11,0.6420875209059721
AOI-0017,2023-06-19,0.6461345606514795
AOI-0017,2023-06-22,0.6532659559717536
AOI-0017,2023-07-24,0.6519834277153589
AOI-0017,2023-09-19,0.5052767027577154
AOI-0017,2023-10-12,0.3001556773636867
AOI-0017,2023-10-16,0.3892249483931932
AOI-0017,2023-10-21,0.3033103777031323
AOI-0017,2024-04-04,0.46299698504490944
AOI-0017,2024-06-05,0.2817811504650331
AOI-0017,2024-06-13,0.19835375607277736
AOI-0017,2024-06-28,0.22421769120193968
AOI-0017,2024-07-19,0.26568120504311826
AOI-0017,2024-08-22,0.2218114835917708
AOI-0017,2024-09-01,0.25794768135017676
AOI-0017,2024-09-21,0.28409137591446704
AOI-0017,2024-09-29,0.2593560848917021
AOI-0017,2024-10-08,0.19042992957071153
AOI-0017,2024-10-22,0.2500009587140902
AOI-0017,2025-05-04,0.8502874742743206
AOI-0017,2025-05-27,0.7996472462982777
AOI-0017,2025-06-07,0.6232445599243326
AOI-0017,2025-06-28,0.3556425085365724
AOI-0017,2025-07-07,0.2767536484402648
AOI-0017,2025-08-23,0.246102606348778
AOI-0017,2025-09-01,0.1607832953272082
AOI-0017,2025-10-02,0.27872013074104407
AOI-0018,2025-04-19,0.8129663892070238
AOI-0018,2025-05-27,0.6808535022743023
AOI-0018,2025-06-13,0.3202697749182407
AOI-0018,2025-06-15,0.3069373762350204
AOI-0018,2025-07-05,0.22877417799186972
AOI-0018,2025-07-07,0.23438541615017353
AOI-0018,2025-07-14,0.2837777350381262
AOI-0018,2025-07-21,0.31248721366018983
AOI-0018,2025-08-19,0.17731827106405632
AOI-0018,2025-08-27,0.1720480588649059
AOI-0018,2025-09-08,0.15205165271888496
AOI-0018,2025-09-24,0.2353289538653304
AOI-0018,2025-10-17,0.26083018803062485
AOI-0019,2025-04-14,0.478717013273959
AOI-0019,2025-04-17,0.551850042397364
AOI-0019,2025-04-28,0.5569397560021241
AOI-0019,2025-05-14,0.5738570023958909
AOI-0019,2025-05-25,0.6829069887064737
AOI-0019,2025-06-15,0.41009113376474327
AOI-0019,2025-06-27,0.42794472866372196
AOI-0019,2025-06-30,0.3718168635186352
AOI-0019,2025-07-10,0.329038003236673
AOI-0019,2025-07-14,0.3201321382467735
AOI-0019,2025-08-14,0.325138025849185
AOI-0019,2025-08-31,0.2172996142866424
AOI-0019,2025-09-15,0.23945091382206074
AOI-0019,2025-09-23,0.22444964161900083
AOI-0019,2025-09-24,0.23718410898251396
AOI-0019,2025-10-18,0.21095819982485606
AOI-0020,2025-04-18,0.2632342983772466
AOI-0020,2025-04-23,0.48225851671959236
AOI-0020,2025-05-03,0.4303684019270644
AOI-0020,2025-06-03,0.6388836151994877
AOI-0020,2025-06-11,0.4523047451987175
AOI-0020,2025-07-12,0.4285818567101055
AOI-0020,2025-07-21,0.3506345113993245
AOI-0020,2025-07-29,0.3232545384546732
AOI-0020,2025-07-30,0.29391675464065237
AOI-0020,2025-08-19,0.2560946796834899
AOI-0020,2025-10-13,0.11059176679258839
AOI-0021,2025-04-28,0.39223854687199783
AOI-0021,2025-05-27,0.5389834686696942
AOI-0021,2025-06-03,0.5541382141227174
AOI-0021,2025-07-06,0.3568712227287989
AOI-0021,2025-07-18,0.31683355599258933
AOI-0021,2025-07-29,0.32431414155690275
AOI-0021,2025-08-07,0.26035623141934866
AOI-0021,2025-08-22,0.22761500058940431
AOI-0021,2025-08-30,0.26400689610180894
AOI-0021,2025-09-15,0.22080133965012913
AOI-0021,2025-09-24,0.25265746544380835
AOI-0021,2025-10-03,0.19171095939427332
AOI-0022,2025-04-01,0.5272395378270113
AOI-0022,2025-05-03,0.858924347238866
AOI-0022,2025-05-06,0.7937649186525728
AOI-0022,2025-05-25,0.8190916752027665
AOI-0022,2025-05-28,0.8230378059087295
AOI-0022,2025-07-08,0.2134153069069093
AOI-0022,2025-07-17,0.1602435000846139
AOI-0022,2025-07-21,0.19426694861413604
AOI-0022,2025-08-27,0.15370879388895584
AOI-0022,2025-08-31,0.17623249857083037
AOI-0022,2025-09-23,0.1770318143993176
AOI-0022,2025-09-24,0.19298351679984968
AOI-0022,2025-09-30,0.2446831894759351
AOI-0023,2025-04-16,0.20373054008601849
AOI-0023,2025-04-17,0.24208346120184918
AOI-0023,2025-04-24,0.19941131982737764
AOI-0023,2025-05-01,0.17589384180527798
AOI-0023,2025-05-04,0.2264143286435129
AOI-0023,2025-06-27,0.7825783823189791
AOI-0023,2025-07-05,0.7404057307675479
AOI-0023,2025-07-14,0.39699517769745934
AOI-0023,2025-07-15,0.34025083675071105
AOI-0023,2025-08-14,0.15966834207010297
AOI-0023,2025-08-22,0.14254664796279579
AOI-0023,2025-08-30,0.19904640161369808
AOI-0023,2025-09-21,0.1517434743453044
AOI-0023,2025-09-23,0.17001798035250829
AOI-0023,2025-10-17,0.2402060102657097
AOI-0024,2025-04-07,0.34229905400628846
AOI-0024,2025-04-23,0.3680731037484584
AOI-0024,2025-05-25,0.5030608021167022
AOI-0024,2025-05-28,0.25632117172450464
AOI-0024,2025-06-05,0.30946099308715647
AOI-0024,2025-07-03,0.582088453137742
AOI-0024,2025-07-21,0.37706293821937
AOI-0024,2025-07-25,0.3488548704732439
AOI-0024,2025-08-06,0.335409859090327
AOI-0024,2025-08-09,0.2894694679579401
AOI-0024,2025-09-14,0.28756239094663916
AOI-0024,2025-09-21,0.1970450383130779
AOI-0024,2025-09-30,0.23742045519418692
AOI-0024,2025-10-02,0.19894584449356204
AOI-0024,2025-10-18,0.17750585566669125
AOI-0025,2025-04-14,0.1813765092124972
AOI-0025,2025-04-23,0.3489523167715663
AOI-0025,2025-04-24,0.21024811880704658
AOI-0025,2025-04-29,0.21574677899056208
AOI-0025,2025-05-09,0.33412703445893793
AOI-0025,2025-06-03,0.19480063279483614
AOI-0025,2025-06-13,0.21842842384436412
AOI-0025,2025-06-27,0.17257939068356376
AOI-0025,2025-07-21,0.19860369593382138
AOI-0025,2025-08-07,0.15094731552586668
AOI-0025,2025-08-30,0.2149395980595654
AOI-0025,2025-09-07,0.2072516539648294
AOI-0025,2025-09-14,0.261398623208793
AOI-0025,2025-10-17,0.42616678003508685
AOI-0026,2025-04-07,0.6638993732824626
AOI-0026,2025-04-24,0.8261663901729617
AOI-0026,2025-05-09,0.9033939427897154
AOI-0026,2025-06-13,0.6278595578987702
AOI-0026,2025-07-08,0.24653990880001386
AOI-0026,2025-07-10,0.25018683660635577
AOI-0026,2025-07-12,0.2631959033191466
AOI-0026,2025-07-13,0.2322687697231059
AOI-0026,2025-07-18,0.1789961770038628
AOI-0026,2025-07-30,0.14056838349452352
AOI-0026,2025-08-19,0.1272156314817827
AOI-0026,2025-09-08,0.12859204909827165
AOI-0026,2025-09-23,0.17229669997392005
AOI-0026,2025-09-30,0.3233567254132597
AOI-0027,2025-04-16,0.7534747829990527
AOI-0027,2025-04-24,0.7786555298322161
AOI-0027,2025-06-13,0.497643544440638
AOI-0027,2025-06-27,0.39275896150900497
AOI-0027,2025-07-05,0.3144233042526156
AOI-0027,2025-07-12,0.3678320952144299
AOI-0027,2025-07-13,0.2425655156358672
AOI-0027,2025-07-23,0.21172384007415868
AOI-0027,2025-07-29,0.30992560578328754
AOI-0027,2025-08-19,0.2695838354761061
AOI-0027,2025-08-30,0.27622361420922187
AOI-0027,2025-09-16,0.2548248520074418
AOI-0027,2025-10-16,0.5822628587354616
AOI-0028,2010-04-07,0.7419517851896538
AOI-0028,2010-04-15,0.7160208897057736
AOI-0028,2010-10-24,0.1817934706573599
AOI-0028,2011-05-25,0.5399031504389797
AOI-0028,2011-07-28,0.5819358986887593
AOI-0028,2011-08-08,0.5698409093367055
AOI-0028,2011-10-11,0.24867860127499017
AOI-0028,2012-04-22,0.7645448582702098
AOI-0028,2012-09-27,0.14825334641756205
AOI-0028,2012-10-15,0.22920303302361028
AOI-0028,2013-04-07,0.28548500668698834
AOI-0028,2013-06-10,0.33200228290568773
AOI-0028,2013-06-26,0.30836149502626353
AOI-0028,2013-08-29,0.27441833515697567
AOI-0028,2014-04-07,0.6692220144410616
AOI-0028,2014-05-04,0.9453214022030122
AOI-0028,2014-07-28,0.2525556995679288
AOI-0028,2014-10-11,0.19893596034797975
AOI-0028,2015-04-13,0.18436586109846373
AOI-0028,2015-08-27,0.341641168759862
AOI-0028,2015-09-28,0.18336464987189335
AOI-0028,2016-04-07,0.6884753674847508
AOI-0028,2016-04-23,0.7860556316329317
AOI-0028,2016-06-09,0.6266733662875258
AOI-0028,2016-06-10,0.6578573319669292
AOI-0028,2016-06-25,0.3477770749617145
AOI-0028,2016-07-27,0.299684786035795
AOI-0028,2016-09-06,0.18245921032232432
AOI-0028,2017-04-26,0.293426966526593
AOI-0028,2017-07-23,0.22202845366507595
AOI-0028,2017-08-09,0.14933601093903734
AOI-0028,2017-08-13,0.22885778865187623
AOI-0028,2017-08-29,0.20852205549220285
AOI-0028,2017-09-17,0.2314091669127457
AOI-0028,2018-05-11,0.8542529315484698
AOI-0028,2018-08-19,0.1943750790694134
AOI-0028,2018-08-29,0.20962116134135317
AOI-0028,2018-09-12,0.20028850176214202
AOI-0028,2018-10-08,0.15516167388445543
AOI-0028,2019-04-06,0.15062011670497857
AOI-0028,2019-05-02,0.2784379312572238
AOI-0028,2019-05-25,0.35446197913822114
AOI-0028,2019-06-27,0.1795293310747873
AOI-0028,2019-08-09,0.1988558181510698
AOI-0028,2019-08-24,0.13884765821185868
AOI-0028,2019-10-17,0.5831176057714959
AOI-0028,2020-04-25,0.837869247645038
AOI-0028,2020-05-04,0.8937182304010173
AOI-0028,2020-05-08,0.8665359124620226
AOI-0028,2020-05-30,0.854007404000326
AOI-0028,2020-07-14,0.17556179157695176
AOI-0028,2020-08-03,0.132703431924134
AOI-0028,2020-08-08,0.1493568025540136
AOI-0028,2020-09-02,0.14757639987334048
AOI-0028,2020-09-13,0.20393254705214206
AOI-0028,2021-06-14,0.7088410906787194
AOI-0028,2021-06-16,0.7572122424133402
AOI-0028,2021-06-24,0.8315199832303832
AOI-0028,2021-06-26,0.8379071232703148
AOI-0028,2021-07-24,0.7650110494083178
AOI-0028,2021-10-27,0.2761396959999919
AOI-0028,2022-04-07,0.6822682857033452
AOI-0028,2022-04-23,0.8698424573506824
AOI-0028,2022-06-09,0.9039521535595564
AOI-0028,2022-06-29,0.38004354949112223
AOI-0028,2022-07-28,0.2143153427571574
AOI-0028,2022-08-03,0.1187845160417878
AOI-0028,2022-08-08,0.13497992269735953
AOI-0028,2022-08-30,0.15501492293616606
AOI-0028,2022-10-01,0.21531993107970984
AOI-0028,2023-04-07,0.33461091579528246
AOI-0028,2023-04-11,0.22707801406075362
AOI-0028,2023-05-05,0.2506569887051175
AOI-0028,2023-05-09,0.4905833895655018
AOI-0028,2023-06-09,0.22994678127246287
AOI-0028,2023-08-06,0.19519339655044265
AOI-0028,2023-08-23,0.13712535255955685
AOI-0028,2023-08-29,0.21554629599127526
AOI-0028,2023-09-22,0.16893925249230649
AOI-0028,2023-09-24,0.1693687184322408
AOI-0028,2023-09-30,0.32045087253169824
AOI-0028,2024-05-07,0.9186845670443604
AOI-0028,2024-05-23,0.8231285476217743
AOI-0028,2024-05-24,0.7770661149464917
AOI-0028,2024-07-27,0.19405641615415747
AOI-0028,2024-08-03,0.15936705406497892
AOI-0028,2024-08-12,0.15268188027978064
AOI-0028,2024-09-11,0.12041167049339808
AOI-0028,2024-09-16,0.13500721519125755
AOI-0028,2025-04-07,0.38814337474089083
AOI-0028,2025-05-24,0.6177381504946134
AOI-0028,2025-05-31,0.6142776324809744
AOI-0028,2025-06-11,0.6673474038417994
AOI-0028,2025-06-26,0.5662197206775164
AOI-0028,2025-06-27,0.5564257928057657
AOI-0028,2025-07-10,0.29652416712644164
AOI-0028,2025-07-13,0.2378529098694201
AOI-0028,2025-07-23,0.15533561680982705
AOI-0028,2025-08-13,0.22154897624936265
AOI-0028,2025-09-08,0.13148130727522217
AOI-0028,2025-09-11,0.1368885956763301
AOI-0028,2025-10-16,0.27100087365461123
AOI-0028,2025-10-28,0.23032712054011492
AOI-0029,2025-04-04,0.5460612821339489
AOI-0029,2025-04-24,0.8041050504765067
AOI-0029,2025-06-08,0.7288113037343471
AOI-0029,2025-06-10,0.6075490664914188
AOI-0029,2025-06-11,0.7032515600401734
AOI-0029,2025-06-13,0.6528298432071553
AOI-0029,2025-07-29,0.18489638473425207
AOI-0029,2025-08-02,0.12686660977496989
AOI-0029,2025-08-19,0.13025126038706128
AOI-0029,2025-09-11,0.12957102275037313
AOI-0029,2025-09-16,0.15045269764568822
AOI-0030,2025-04-21,0.5437726524828009
AOI-0030,2025-04-24,0.5994376353621983
AOI-0030,2025-06-10,0.7185432325867711
AOI-0030,2025-08-07,0.6401850690994013
AOI-0031,2010-06-04,0.5879288323345684
AOI-0031,2010-09-14,0.19174431828089178
AOI-0031,2011-04-23,0.35062046116322687
AOI-0031,2011-06-10,0.4919366270757772
AOI-0031,2011-07-09,0.23895447967610023
AOI-0031,2011-08-11,0.22696691663601581
AOI-0031,2011-08-18,0.20795600247054105
AOI-0031,2011-08-19,0.2023402677867579
AOI-0031,2011-09-19,0.23417690105957653
AOI-0031,2012-04-06,0.28459637668803556
AOI-0031,2012-04-15,0.16979862361911294
AOI-0031,2013-04-07,0.5382244139947912
AOI-0031,2013-05-09,0.6243259351069145
AOI-0031,2013-05-12,0.6182420828313704
AOI-0031,2013-05-25,0.4889743103583421
AOI-0031,2013-06-12,0.24919375642623304
AOI-0031,2013-06-28,0.21034114335141946
AOI-0031,2013-07-23,0.22797153777904705
AOI-0031,2013-08-13,0.27881922280800003
AOI-0031,2013-10-16,0.31881588796751753
AOI-0031,2014-05-23,0.35042599398122426
AOI-0031,2014-06-23,0.2948563894802681
AOI-0031,2014-07-17,0.15605497610140606
AOI-0031,2014-07-28,0.20705563498157586
AOI-0031,2014-08-02,0.15784358722770875
AOI-0031,2014-08-13,0.20674068040754923
AOI-0031,2014-10-14,0.16142061373224043
AOI-0031,2015-09-22,0.2167324064470152
AOI-0031,2015-10-16,0.222480142623837
AOI-0031,2016-04-01,0.2501877453300869
AOI-0031,2016-04-17,0.4074636952454169
AOI-0031,2016-04-22,0.6379273665956035
AOI-0031,2016-05-03,0.6314494990189877
AOI-0031,2016-05-24,0.6982729206942806
AOI-0031,2016-06-09,0.5503863515358282
AOI-0031,2016-06-12,0.606547456626459
AOI-0031,2016-06-20,0.37114423747496716
AOI-0031,2016-06-25,0.32906475751636444
AOI-0031,2016-07-30,0.24525189132679037
AOI-0031,2017-05-06,0.7673756781610807
AOI-0031,2017-06-07,0.7273095219214544
AOI-0031,2017-08-03,0.19824299523264388
AOI-0031,2017-08-13,0.19546272698544187
AOI-0031,2017-09-04,0.1841575094473002
AOI-0031,2017-09-22,0.28153416315952595
AOI-0031,2018-04-23,0.6077452278568081
AOI-0031,2018-05-02,0.6851610395419656
AOI-0031,2018-05-18,0.6265014196902265
AOI-0031,2018-06-03,0.31174654381169886
AOI-0031,2018-06-10,0.3199629549335003
AOI-0031,2018-06-11,0.26377226721680075
AOI-0031,2018-07-13,0.2637602683537315
AOI-0031,2018-09-06,0.22142199638724316
AOI-0031,2018-09-14,0.21056928017478924
AOI-0031,2018-10-07,0.18733778015690827
AOI-0031,2018-10-12,0.20442468251696644
AOI-0031,2019-04-10,0.49165476032630145
AOI-0031,2019-06-14,0.20809374079650064
AOI-0031,2019-06-22,0.159161020876535
AOI-0031,2019-07-09,0.17225984371660527
AOI-0031,2019-07-23,0.28334184265908474
AOI-0031,2019-08-08,0.44375289246888994
AOI-0031,2019-08-31,0.23169197714655218
AOI-0031,2019-09-17,0.1948453682226763
AOI-0031,2019-10-03,0.2740896999402369
AOI-0031,2019-10-10,0.3393795959144465
AOI-0031,2019-10-12,0.29258924961678606
AOI-0031,2019-10-22,0.500412200573586
AOI-0031,2020-04-13,0.4594921566969294
AOI-0031,2020-06-01,0.5060224206750517
AOI-0031,2020-06-06,0.528656490231197
AOI-0031,2020-07-11,0.1549812661333805
AOI-0031,2020-07-18,0.11347556499619843
AOI-0031,2020-07-28,0.1211438725023897
AOI-0031,2020-08-07,0.13037517388845432
AOI-0031,2020-08-17,0.13923859224755167
AOI-0031,2020-08-22,0.14250908222523484
AOI-0031,2020-09-27,0.1571291600105856
AOI-0031,2020-10-13,0.14415236830509054
AOI-0031,2020-10-19,0.09730563666484285
AOI-0031,2020-10-21,0.13790293785363347
AOI-0031,2021-04-07,0.22286443615926987
AOI-0031,2021-05-17,0.2717893242521332
AOI-0031,2021-06-11,0.1629943074238005
AOI-0031,2021-07-01,0.14629991945754717
AOI-0031,2021-07-16,0.14678228736500587
AOI-0031,2021-07-21,0.1305363561816019
AOI-0031,2021-08-06,0.1783015883186275
AOI-0031,2021-08-25,0.14837479091678646
AOI-0031,2021-08-30,0.14655846265058486
AOI-0031,2022-05-14,0.8534931659938666
AOI-0031,2022-06-10,0.6656080678108306
AOI-0031,2022-06-11,0.7573630431703503
AOI-0031,2022-06-20,0.43949417914585726
AOI-0031,2022-06-21,0.41481186592247415
AOI-0031,2022-07-08,0.17386474868806254
AOI-0031,2022-07-12,0.2201364037101255
AOI-0031,2022-09-08,0.14662066580812683
AOI-0031,2022-09-09,0.12509500841412877
AOI-0031,2022-09-10,0.1553290344444728
AOI-0031,2022-09-11,0.13563832756908425
AOI-0031,2022-09-26,0.12983913048297788
AOI-0031,2022-09-29,0.15154798581846807
AOI-0031,2023-04-04,0.3139144118952548
AOI-0031,2023-04-27,0.3870804989533524
AOI-0031,2023-05-17,0.4472903282436084
AOI-0031,2023-06-17,0.31029485559424297
AOI-0031,2023-06-23,0.2704749356304021
AOI-0031,2023-06-26,0.30474554209766164
AOI-0031,2023-07-11,0.2957968465101208
AOI-0031,2023-08-15,0.24737152145206037
AOI-0031,2023-09-19,0.18741692359350304
AOI-0031,2023-09-20,0.22654888114344732
AOI-0031,2023-09-30,0.23619163976545532
AOI-0031,2023-10-15,0.19314162651789735
AOI-0031,2023-10-24,0.17560240921073883
AOI-0031,2024-05-03,0.20331639465992396
AOI-0031,2024-06-02,0.197968574605037
AOI-0031,2024-07-02,0.16426687968708142
AOI-0031,2024-07-10,0.12086121296780569
AOI-0031,2024-07-13,0.16006205799466974
AOI-0031,2024-08-09,0.1308323814054032
AOI-0031,2024-08-16,0.15004696437191217
AOI-0031,2024-08-26,0.1562781541866837
AOI-0031,2025-04-19,0.49786894968385664
AOI-0031,2025-04-23,0.5985883076947875
AOI-0031,2025-06-21,0.47795863097898156
AOI-0031,2025-07-12,0.22611783265431215
AOI-0031,2025-07-15,0.19841753576223906
AOI-0031,2025-08-06,0.19320259679838692
AOI-0031,2025-08-09,0.15827039784692856
AOI-0031,2025-09-08,0.15456371217655493
AOI-0031,2025-09-15,0.1674951854628491
AOI-0031,2025-09-17,0.1715062673646772
AOI-0031,2025-10-02,0.2281482108039794
AOI-0031,2025-10-22,0.25111065437773533
AOI-0032,2010-06-04,0.275810873642724
AOI-0032,2010-06-10,0.26364216914723
AOI-0032,2010-06-20,0.2077376930621576
AOI-0032,2010-07-12,0.20512121693472504
AOI-0032,2010-08-16,0.1457066663451364
AOI-0032,2010-09-14,0.1864713432295767
AOI-0032,2010-09-30,0.21844967243100166
AOI-0032,2011-07-12,0.29164531905496205
AOI-0032,2011-08-29,0.28425423603231653
AOI-0032,2011-09-11,0.1824444550131281
AOI-0032,2011-09-28,0.19119699791485031
AOI-0032,2012-04-06,0.2687632480149692
AOI-0032,2012-05-01,0.3179099910838427
AOI-0032,2012-06-25,0.3167336184012868
AOI-0032,2012-10-08,0.14918039989495638
AOI-0032,2013-05-19,0.472321075684441
AOI-0032,2013-05-20,0.45936530308817597
AOI-0032,2013-06-10,0.32364757290694474
AOI-0032,2013-06-12,0.29559377343271154
AOI-0032,2013-06-13,0.2912875003975938
AOI-0032,2013-07-22,0.3244842249600317
AOI-0032,2013-07-30,0.3305953443737442
AOI-0032,2013-08-13,0.29280767989241896
AOI-0032,2013-08-29,0.25321134906754933
AOI-0032,2013-09-14,0.26643745374451777
AOI-0032,2014-06-16,0.2541415584990053
AOI-0032,2014-06-26,0.23635451710953562
AOI-0032,2014-07-12,0.18801848429281026
AOI-0032,2014-09-03,0.145757639933202
AOI-0032,2015-04-23,0.25968367472535303
AOI-0032,2015-06-18,0.5026869358829409
AOI-0032,2015-07-13,0.30222740208114784
AOI-0032,2015-09-15,0.18270588114294803
AOI-0032,2015-09-23,0.1910927486113737
AOI-0032,2015-09-30,0.2098100006156038
AOI-0032,2016-04-06,0.2607290788184006
AOI-0032,2016-04-10,0.1697230601871978
AOI-0032,2016-05-03,0.2511737691726909
AOI-0032,2016-06-09,0.35560736392939835
AOI-0032,2016-06-28,0.20594454434933607
AOI-0032,2016-07-15,0.1692509994868705
AOI-0032,2016-07-30,0.18935954123788565
AOI-0032,2016-08-16,0.16349296219340875
AOI-0032,2016-09-09,0.17266882286158888
AOI-0032,2016-10-18,0.37721452954581075
AOI-0032,2017-04-04,0.40230593297252104
AOI-0032,2017-04-28,0.7076238938572863
AOI-0032,2017-05-09,0.7861456751337916
AOI-0032,2017-07-02,0.23786489019903959
AOI-0032,2017-08-02,0.1685416407162178
AOI-0032,2017-08-11,0.13677920787694395
AOI-0032,2017-08-19,0.1450892468752974
AOI-0032,2017-08-27,0.18596631771226105
AOI-0032,2017-09-03,0.161834272188393
AOI-0032,2017-09-12,0.16454741990538324
AOI-0032,2018-04-15,0.182617642665484
AOI-0032,2018-06-10,0.2212130534867149
AOI-0032,2018-06-19,0.14646046001119917
AOI-0032,2018-09-14,0.1944385177037988
AOI-0032,2018-09-23,0.17263368046945238
AOI-0032,2018-09-30,0.23506511307226077
AOI-0032,2018-10-07,0.17462581774467928
AOI-0032,2018-10-12,0.24175695517990145
AOI-0032,2019-04-26,0.730764884420744
AOI-0032,2019-04-28,0.7155848644377399
AOI-0032,2019-05-18,0.8114569611451978
AOI-0032,2019-05-20,0.8186161448887361
AOI-0032,2019-05-30,0.6645272086489936
AOI-0032,2019-06-14,0.27698959570220244
AOI-0032,2019-06-19,0.18319701790224527
AOI-0032,2019-07-23,0.17103033889158742
AOI-0032,2019-09-25,0.1353712370932973
AOI-0032,2019-10-05,0.15341504295650416
AOI-0032,2019-10-11,0.2238997622744275
AOI-0032,2019-10-25,0.3743492222763786
AOI-0032,2019-10-28,0.36938123404328016
AOI-0032,2020-05-27,0.41009682563440525
AOI-0032,2020-05-30,0.3880623281118899
AOI-0032,2020-06-24,0.1962652592708778
AOI-0032,2020-06-26,0.1696890373608691
AOI-0032,2020-08-05,0.13021733110041858
AOI-0032,2020-08-07,0.12655048330242652
AOI-0032,2020-09-13,0.17112559339194605
AOI-0032,2020-09-28,0.12364222716011589
AOI-0032,2020-09-29,0.1704918413386127
AOI-0032,2020-10-05,0.13395680749566385
AOI-0032,2020-10-06,0.14481701624192822
AOI-0032,2020-10-24,0.14857060419611348
AOI-0032,2021-04-04,0.05462595650214707
AOI-0032,2021-04-23,0.26247722174230903
AOI-0032,2021-05-01,0.24546040431908922
AOI-0032,2021-05-25,0.2909603943877846
AOI-0032,2021-06-18,0.16756568176822959
AOI-0032,2021-07-01,0.14658156769903405
AOI-0032,2021-07-18,0.14677152243673836
AOI-0032,2021-09-06,0.16687015866083438
AOI-0032,2021-09-15,0.174615710435184
AOI-0032,2021-10-08,0.33890522480341684
AOI-0032,2022-04-26,0.8086357866384806
AOI-0032,2022-05-09,0.8427204026078723
AOI-0032,2022-05-13,0.8621902213809198
AOI-0032,2022-05-29,0.850266069361534
AOI-0032,2022-06-06,0.7453187535552321
AOI-0032,2022-06-13,0.5912107776583135
AOI-0032,2022-06-30,0.32105434390420406
AOI-0032,2022-08-01,0.15365664386424466
AOI-0032,2022-08-02,0.10158352874831998
AOI-0032,2022-08-15,0.09526908758682576
AOI-0032,2022-08-24,0.15388014554916085
AOI-0032,2022-08-29,0.16825620330186616
AOI-0032,2022-09-11,0.1440492138095727
AOI-0032,2023-04-07,0.2713913339892334
AOI-0032,2023-04-12,0.17508096137215612
AOI-0032,2023-05-12,0.2281302764222336
AOI-0032,2023-05-15,0.22101773563854604
AOI-0032,2023-05-24,0.305161556165016
AOI-0032,2023-06-06,0.3998217671345706
AOI-0032,2023-06-18,0.5375665738888347
AOI-0032,2023-07-26,0.2768697560229282
AOI-0032,2023-07-28,0.31349005703838195
AOI-0032,2023-08-08,0.23023858368834713
AOI-0032,2023-09-01,0.23700959732417423
AOI-0032,2023-09-11,0.22721295629822344
AOI-0032,2023-09-24,0.18549737424760257
AOI-0032,2024-04-07,0.21628847484751787
AOI-0032,2024-05-06,0.19030753940910858
AOI-0032,2024-06-03,0.2132827906934253
AOI-0032,2024-07-12,0.13579891220371887
AOI-0032,2024-07-25,0.14868655170517006
AOI-0032,2024-07-30,0.13437600458664728
AOI-0032,2024-08-22,0.16371027789670753
AOI-0032,2024-08-30,0.15847052486143148
AOI-0032,2024-09-13,0.15180798873036544
AOI-0032,2024-09-18,0.14857727332856788
AOI-0032,2024-10-05,0.13912398881881669
AOI-0032,2024-10-15,0.22269778894029038
AOI-0032,2024-10-23,0.1396818346696609
AOI-0032,2025-05-06,0.7232332880095346
AOI-0032,2025-05-28,0.7245455157333363
AOI-0032,2025-06-30,0.2926150475867334
AOI-0032,2025-07-07,0.20889060029731704
AOI-0032,2025-07-10,0.18763355875901164
AOI-0032,2025-08-13,0.18811345199275287
AOI-0032,2025-08-16,0.15168397832038363
AOI-0032,2025-08-24,0.14853293305885198
AOI-0032,2025-08-31,0.16685724944349584
AOI-0032,2025-09-03,0.13171594255333297
AOI-0032,2025-10-08,0.17078808387664
AOI-0033,2025-04-28,0.18439803563236526
AOI-0033,2025-05-20,0.3521311830836942
AOI-0033,2025-06-10,0.6800863817555368
AOI-0033,2025-06-22,0.7417960174153034
AOI-0033,2025-07-05,0.47905378297943224
AOI-0033,2025-07-10,0.32120703840302717
AOI-0033,2025-09-15,0.2904951147966259
AOI-0034,2025-04-25,0.20311776059264672
AOI-0034,2025-05-06,0.1812286773587275
AOI-0034,2025-05-09,0.3153875513711881
AOI-0034,2025-06-10,0.22684028954237964
AOI-0034,2025-06-15,0.16095688122016136
AOI-0034,2025-06-21,0.200490741850579
AOI-0034,2025-07-07,0.12214138896756822
AOI-0034,2025-07-10,0.13130818269324496
AOI-0034,2025-07-16,0.16044400987400678
AOI-0034,2025-08-31,0.1644807186095991
AOI-0034,2025-09-13,0.1454756471403208
AOI-0034,2025-09-23,0.1509557230195112
AOI-0034,2025-10-02,0.2714516836584166
AOI-0034,2025-10-16,0.5345494789572985
AOI-0035,2025-05-16,0.15792397950852696
AOI-0035,2025-05-20,0.2037728887231945
AOI-0035,2025-06-05,0.18508981275651584
AOI-0035,2025-06-07,0.15538944440487418
AOI-0035,2025-06-10,0.23881539080336323
AOI-0035,2025-07-30,0.12451742238081853
AOI-0035,2025-08-31,0.14186342187909984
AOI-0035,2025-09-26,0.176279225194585
AOI-0035,2025-09-28,0.13786618973134598
AOI-0035,2025-10-02,0.21755825978238152
AOI-0035,2025-10-30,0.6033763585158702
AOI-0036,2025-05-16,0.6117626407741442
AOI-0036,2025-07-16,0.25223843535188106
AOI-0036,2025-08-01,0.17208869744802185
AOI-0036,2025-08-09,0.14445810404028733
AOI-0036,2025-08-23,0.17612561496720794
AOI-0036,2025-10-02,0.2028578830550951
AOI-0037,2025-04-07,0.5048698566580636
AOI-0037,2025-04-16,0.4898768328436472
AOI-0037,2025-05-23,0.6282537384117303
AOI-0037,2025-06-30,0.34455699037856635
AOI-0037,2025-07-14,0.30554715598198073
AOI-0037,2025-07-23,0.26485804365411425
AOI-0037,2025-08-09,0.2277849994210005
AOI-0037,2025-08-16,0.23452076967791294
AOI-0037,2025-09-12,0.19408755109647052
AOI-0037,2025-09-13,0.19259888469674769
AOI-0037,2025-09-23,0.2044150753772913
AOI-0037,2025-09-26,0.2202929145592092
AOI-0037,2025-09-30,0.2606746025639807
AOI-0037,2025-10-05,0.19725332460013345
AOI-0038,2025-04-07,0.45840915717235686
AOI-0038,2025-04-25,0.5054002985129754
AOI-0038,2025-06-14,0.45810243959271557
AOI-0038,2025-07-10,0.1880710516280369
AOI-0038,2025-07-15,0.1824220492277189
AOI-0038,2025-08-14,0.18996532085504372
AOI-0038,2025-09-02,0.21644711736200678
AOI-0038,2025-10-05,0.18648533820521015
AOI-0038,2025-10-08,0.1875453199318317
AOI-0038,2025-10-16,0.2799799905532843
AOI-0039,2025-05-04,0.7395239325935573
AOI-0039,2025-05-08,0.649984205206631
AOI-0039,2025-05-28,0.6465236855734179
AOI-0039,2025-07-10,0.4407075011334411
AOI-0039,2025-08-06,0.32970881751529485
AOI-0039,2025-08-24,0.3636294026551636
AOI-0039,2025-09-08,0.3229493555348827
AOI-0039,2025-09-12,0.329439596356185
AOI-0039,2025-09-14,0.383245067788093
AOI-0039,2025-09-26,0.34269550935893234
AOI-0039,2025-10-23,0.3980785628999415
AOI-0040,2025-04-02,0.28994343765261277
AOI-0040,2025-04-03,0.29336307266716827
AOI-0040,2025-05-06,0.7280570156931869
AOI-0040,2025-06-07,0.7036760919167303
AOI-0040,2025-07-08,0.22702516509138698
AOI-0040,2025-09-12,0.14257499005164195
AOI-0040,2025-09-13,0.1357168502436449
AOI-0040,2025-09-28,0.1512215597462323
AOI-0040,2025-09-30,0.20908137926247708
AOI-0040,2025-10-02,0.18658433180160194
AOI-0041,2025-04-23,0.651078054389224
AOI-0041,2025-05-20,0.6209370462712276
AOI-0041,2025-06-22,0.3763600752568011
AOI-0041,2025-06-27,0.39529861697429586
AOI-0041,2025-07-23,0.2833369369117884
AOI-0041,2025-08-19,0.23013329301669397
AOI-0041,2025-09-30,0.32032970149790946
AOI-0042,2025-04-18,0.17297925606321174
AOI-0042,2025-05-04,0.17327543503186807
AOI-0042,2025-06-13,0.15841991092716626
AOI-0042,2025-07-14,0.1596568799168707
AOI-0042,2025-07-16,0.15451900422694057
AOI-0042,2025-07-24,0.1590970725721645
AOI-0042,2025-08-17,0.1620792329411275
AOI-0042,2025-08-19,0.13117377778563852
AOI-0042,2025-08-24,0.12364070218536907
AOI-0042,2025-08-29,0.144683456907616
AOI-0042,2025-09-15,0.1422910909530158
AOI-0042,2025-09-17,0.15063777488814947
AOI-0042,2025-10-02,0.19485456073494314
AOI-0043,2025-04-24,0.22315027219744285
AOI-0043,2025-04-29,0.23729715915742874
AOI-0043,2025-05-31,0.20807696955717864
AOI-0043,2025-06-08,0.1987488047050623
AOI-0043,2025-06-15,0.15091276924089278
AOI-0043,2025-06-17,0.15085515858226048
AOI-0043,2025-06-25,0.14556956588258602
AOI-0043,2025-07-07,0.18047367279883755
AOI-0043,2025-07-13,0.1466007978366646
AOI-0043,2025-08-12,0.13575486969444803
AOI-0043,2025-09-24,0.21215406290671096
AOI-0043,2025-10-13,0.1612637413136933
AOI-0043,2025-10-15,0.17749171748203715
AOI-0044,2010-04-16,0.21707812679839317
AOI-0044,2010-04-25,0.2825767326372247
AOI-0044,2010-05-09,0.49020015123484273
AOI-0044,2010-05-18,0.3871027034060919
AOI-0044,2010-06-12,0.4537132557444472
AOI-0044,2010-06-20,0.41267190819843336
AOI-0044,2010-06-28,0.48896225720769493
AOI-0044,2010-07-29,0.24749654856562445
AOI-0044,2010-08-06,0.19564275270959583
AOI-0044,2010-10-16,0.25529555138323273
AOI-0044,2010-10-25,0.16892524077874427
AOI-0044,2011-07-16,0.6812297078208703
AOI-0044,2011-08-01,0.3565481443511968
AOI-0044,2011-08-02,0.31819946962002804
AOI-0044,2011-10-16,0.370283962987068
AOI-0044,2012-04-06,0.3336610396787785
AOI-0044,2012-05-08,0.647231584493591
AOI-0044,2013-05-02,0.23729150570932125
AOI-0044,2013-05-03,0.23856871488191148
AOI-0044,2013-05-11,0.2824852395994658
AOI-0044,2014-04-07,0.3919542400831471
AOI-0044,2014-06-06,0.258670795440855
AOI-0044,2014-06-14,0.24064094141095854
AOI-0044,2014-06-23,0.2296859653193249
AOI-0044,2014-08-02,0.1758516683113683
AOI-0044,2014-08-09,0.17167502498162512
AOI-0044,2014-08-29,0.23039083829788373
AOI-0044,2014-09-18,0.2006346437286293
AOI-0044,2014-09-19,0.16780071523572906
AOI-0044,2014-10-04,0.20982753314738836
AOI-0044,2014-10-12,0.17052472003064886
AOI-0044,2014-10-28,0.19284133394249311
AOI-0044,2014-10-29,0.19855691594885505
AOI-0044,2015-06-26,0.4456482872743845
AOI-0044,2015-07-27,0.26612460793189735
AOI-0044,2015-07-28,0.2937386932681206
AOI-0044,2015-08-29,0.23727564153906938
AOI-0044,2015-10-08,0.20123205442966796
AOI-0044,2015-10-16,0.2672482050933775
AOI-0044,2016-04-08,0.5160951149443466
AOI-0044,2016-05-08,0.8228319078039003
AOI-0044,2016-05-11,0.8553994731512905
AOI-0044,2016-06-20,0.4070881686799705
AOI-0044,2016-06-25,0.3614433420211833
AOI-0044,2016-07-13,0.2846261428329008
AOI-0044,2016-07-27,0.3311601709779165
AOI-0044,2016-09-07,0.21559799601983695
AOI-0044,2016-09-13,0.25213263112174344
AOI-0044,2016-10-02,0.22006365957854637
AOI-0044,2016-10-26,0.22976490040893663
AOI-0044,2017-04-03,0.1778902399969094
AOI-0044,2017-04-04,0.17716506324858594
AOI-0044,2017-04-12,0.2358178756259996
AOI-0044,2017-06-27,0.23436392372400358
AOI-0044,2017-06-30,0.22432725284161442
AOI-0044,2017-08-10,0.1805259236067937
AOI-0044,2017-09-14,0.2515538339717176
AOI-0044,2018-04-06,0.535477124019478
AOI-0044,2018-07-12,0.25258206582659687
AOI-0044,2018-07-19,0.15339990357288882
AOI-0044,2018-09-30,0.23619191430591086
AOI-0044,2019-04-25,0.3675955333403276
AOI-0044,2019-04-26,0.3801437966086787
AOI-0044,2019-06-02,0.7109409850485212
AOI-0044,2019-06-12,0.4874104331366215
AOI-0044,2019-06-20,0.3361590093028021
AOI-0044,2019-08-13,0.4134380728689833
AOI-0044,2019-09-10,0.1788020972974476
AOI-0044,2019-09-15,0.1624913153729936
AOI-0044,2019-09-16,0.2008963449663114
AOI-0044,2019-10-10,0.18139195255814242
AOI-0044,2020-04-17,0.17835645646041198
AOI-0044,2020-04-22,0.25517481926241503
AOI-0044,2020-05-17,0.19313273349335486
AOI-0044,2020-06-30,0.20846702210251453
AOI-0044,2020-08-10,0.13252489879745102
AOI-0044,2020-09-09,0.15528257221846642
AOI-0044,2020-09-10,0.1585917311728913
AOI-0044,2020-09-26,0.13732867603589638
AOI-0044,2020-09-29,0.172078984095358
AOI-0044,2020-10-14,0.14487517096531316
AOI-0044,2020-10-21,0.13917741527627916
AOI-0044,2021-05-12,0.7168303914911752
AOI-0044,2021-05-17,0.7168642304427382
AOI-0044,2021-05-25,0.7040757725065613
AOI-0044,2021-07-16,0.23214553791902628
AOI-0044,2021-07-21,0.15063643666606963
AOI-0044,2021-09-30,0.23377375375242823
AOI-0044,2021-10-07,0.16686881435846754
AOI-0044,2022-05-27,0.7442370367482871
AOI-0044,2022-06-06,0.7358373262608794
AOI-0044,2022-06-12,0.7173141764292728
AOI-0044,2022-07-07,0.2197977222274562
AOI-0044,2022-08-10,0.24534483829761725
AOI-0044,2022-08-13,0.2743834781351795
AOI-0044,2022-08-24,0.28682379968971267
AOI-0044,2022-09-25,0.20820078787499724
AOI-0044,2022-09-30,0.26854412571885417
AOI-0044,2023-04-02,0.2006940192862112
AOI-0044,2023-04-07,0.316536159030514
AOI-0044,2023-06-06,0.25123749752170776
AOI-0044,2023-06-30,0.19936868782679346
AOI-0044,2023-07-05,0.1906181176429071
AOI-0044,2023-07-09,0.18627768854772633
AOI-0044,2023-07-11,0.15562062335538784
AOI-0044,2023-07-16,0.16078508577055653
AOI-0044,2023-07-25,0.23009955107984859
AOI-0044,2023-08-05,0.15313952591930918
AOI-0044,2023-08-25,0.15296311639786406
AOI-0044,2023-09-30,0.282401460145142
AOI-0044,2023-10-14,0.284448398618809
AOI-0044,2024-04-06,0.784264331118655
AOI-0044,2024-04-14,0.8484873915245061
AOI-0044,2024-06-05,0.5948807019986899
AOI-0044,2024-09-06,0.15700728794109758
AOI-0044,2024-09-21,0.15027671186241603
AOI-0044,2025-04-02,0.17783656112349716
AOI-0044,2025-05-20,0.21064590997396893
AOI-0044,2025-07-06,0.19798389982113868
AOI-0044,2025-07-10,0.15262922471904555
AOI-0044,2025-08-14,0.15805274036989733
AOI-0044,2025-09-23,0.16969615536684612
AOI-0044,2025-10-03,0.16819528953703433
AOI-0044,2025-10-15,0.16262446119634139
AOI-0045,2025-04-26,0.2251998791565234
AOI-0045,2025-06-15,0.16610477766605034
AOI-0045,2025-06-27,0.17719977216228247
AOI-0045,2025-06-29,0.21424623066480697
AOI-0045,2025-07-31,0.20463722936421289
AOI-0045,2025-08-13,0.21289538340386166
AOI-0045,2025-08-15,0.2137379256122434
AOI-0045,2025-08-16,0.16241158190370641
AOI-0045,2025-09-30,0.2341514683076036
AOI-0045,2025-10-15,0.17636546791561292
AOI-0046,2010-06-26,0.3309724912898386
AOI-0046,2010-07-12,0.3693049878790185
AOI-0046,2010-09-14,0.3900984564062461
AOI-0046,2011-05-30,0.3100150246925429
AOI-0046,2011-08-17,0.19724022280479755
AOI-0046,2012-04-22,0.43934234121917665
AOI-0046,2012-04-29,0.30512575526995606
AOI-0046,2012-06-09,0.597675670307193
AOI-0046,2013-04-25,0.24770355804315425
AOI-0046,2013-05-09,0.4852121719749434
AOI-0046,2013-06-11,0.5982483656550894
AOI-0046,2013-06-27,0.37852151552544133
AOI-0046,2013-07-21,0.31212135814343334
AOI-0046,2013-07-28,0.3352984601321317
AOI-0046,2013-07-30,0.277465729933303
AOI-0046,2014-05-25,0.7438505405294894
AOI-0046,2014-05-29,0.7895637217414418
AOI-0046,2014-07-01,0.31450162848712
AOI-0046,2014-07-12,0.32541843449489194
AOI-0046,2014-08-01,0.19605640205721236
AOI-0046,2014-08-25,0.15699284521574658
AOI-0046,2014-09-19,0.16488552929976508
AOI-0046,2015-05-17,0.27981235549291394
AOI-0046,2015-07-12,0.3624600360144215
AOI-0046,2015-09-22,0.22701157024488167
AOI-0046,2015-10-16,0.26232682509097305
AOI-0046,2016-05-02,0.8637385250676768
AOI-0046,2016-05-10,0.8691633830513741
AOI-0046,2016-05-18,0.8760031001265154
AOI-0046,2016-06-03,0.7324371467928636
AOI-0046,2016-06-09,0.6330793041605348
AOI-0046,2016-07-13,0.20877964527945794
AOI-0046,2016-07-30,0.24252853488565138
AOI-0046,2016-10-02,0.25200083155817404
AOI-0046,2016-10-17,0.32535854677361165
AOI-0046,2016-10-25,0.321858580979427
AOI-0046,2017-04-13,0.42423748425061164
AOI-0046,2017-06-27,0.44560955584953976
AOI-0046,2017-07-02,0.34765518732285156
AOI-0046,2017-07-24,0.2269352700781891
AOI-0046,2017-08-09,0.1746478520812437
AOI-0046,2017-08-21,0.16103027938788117
AOI-0046,2017-09-10,0.2377033757789816
AOI-0046,2017-09-15,0.2932830226648484
AOI-0046,2017-10-12,0.3134760994324701
AOI-0046,2018-05-09,0.39577107788776633
AOI-0046,2018-06-01,0.23607229869325871
AOI-0046,2018-07-20,0.20060839727238325
AOI-0046,2018-08-20,0.18355062701096087
AOI-0046,2018-08-29,0.21189083394458974
AOI-0046,2018-10-15,0.1939720521572593
AOI-0046,2018-10-24,0.1881688705759851
AOI-0046,2019-04-01,0.21567384745015272
AOI-0046,2019-04-18,0.32062199036063715
AOI-0046,2019-05-19,0.816313839504841
AOI-0046,2019-08-01,0.23369713597481756
AOI-0046,2019-09-01,0.21128860451680212
AOI-0046,2019-10-20,0.4682354844248909
AOI-0046,2020-04-04,0.8175937937883783
AOI-0046,2020-04-07,0.8445773422963915
AOI-0046,2020-05-08,0.832081443056541
AOI-0046,2020-05-24,0.8082206388470952
AOI-0046,2020-06-09,0.6800856026261263
AOI-0046,2020-09-10,0.16143481497104906
AOI-0046,2020-09-13,0.19844545847683545
AOI-0046,2020-09-26,0.13662668572585013
AOI-0046,2020-10-21,0.14208990597499144
AOI-0046,2021-05-02,0.5578849546021775
AOI-0046,2021-05-25,0.7828298995800789
AOI-0046,2021-07-11,0.3049035464403585
AOI-0046,2021-07-28,0.28463259753671255
AOI-0046,2021-08-13,0.38411737839592763
AOI-0046,2021-08-20,0.22797602153477864
AOI-0046,2021-08-29,0.41439776508379145
AOI-0046,2021-09-06,0.49694972099509765
AOI-0046,2022-06-05,0.24128949216750453
AOI-0046,2022-07-24,0.19033473409718568
AOI-0046,2022-07-29,0.17443982529605193
AOI-0046,2022-07-30,0.2347345841474427
AOI-0046,2022-08-24,0.2312515600323448
AOI-0046,2022-08-30,0.157681260504097
AOI-0046,2023-04-02,0.595931874300292
AOI-0046,2023-04-29,0.8581090463585253
AOI-0046,2023-05-06,0.9200333438680204
AOI-0046,2023-06-21,0.6446064825379393
AOI-0046,2023-06-24,0.5054894146465685
AOI-0046,2023-07-22,0.2560115482141589
AOI-0046,2023-07-25,0.2833775182064677
AOI-0046,2023-08-13,0.19442077422653462
AOI-0046,2023-08-18,0.17437965424538546
AOI-0046,2023-08-25,0.1733888038392996
AOI-0046,2023-08-27,0.19254973027220515
AOI-0046,2023-08-28,0.16140855475301277
AOI-0046,2023-10-13,0.2126197508504494
AOI-0046,2023-10-29,0.26872113279781773
AOI-0046,2024-04-06,0.7391407876189459
AOI-0046,2024-05-08,0.8904781181855314
AOI-0046,2024-05-09,0.8876686303235871
AOI-0046,2024-06-01,0.8207701944348149
AOI-0046,2024-06-09,0.4961786699242845
AOI-0046,2024-07-03,0.21802190937331267
AOI-0046,2024-07-19,0.16895872150545327
AOI-0046,2024-08-09,0.15202731040140627
AOI-0046,2024-08-20,0.20847059810661847
AOI-0046,2024-08-28,0.20469152302180277
AOI-0046,2024-09-13,0.16246324370086873
AOI-0046,2024-09-22,0.19692691594283793
AOI-0046,2024-10-13,0.12832609578087248
AOI-0046,2025-06-30,0.7390904064832344
AOI-0046,2025-07-15,0.46378708228280047
AOI-0046,2025-08-07,0.4299155029126214
AOI-0046,2025-08-15,0.44785988320572107
AOI-0046,2025-09-24,0.2286337578383099
AOI-0046,2025-10-02,0.21749473327654953
AOI-0047,2025-05-08,0.7291574820987747
AOI-0047,2025-05-16,0.749167104732356
AOI-0047,2025-05-25,0.6952219989554393
AOI-0047,2025-06-15,0.37996478243079773
AOI-0047,2025-07-17,0.1653617987843534
AOI-0047,2025-07-18,0.16245530581176282
AOI-0047,2025-09-03,0.1424723906788605
AOI-0047,2025-10-15,0.17831098660055061
AOI-0047,2025-10-16,0.23593983379240158
AOI-0048,2025-04-07,0.6892555422804576
AOI-0048,2025-04-17,0.7087357192986725
AOI-0048,2025-05-09,0.678362195177762
AOI-0048,2025-09-17,0.17993233249780038
AOI-0048,2025-09-24,0.1919226670501805
AOI-0049,2025-05-04,0.7580468527865007
AOI-0049,2025-06-26,0.36539929129526433
AOI-0049,2025-06-27,0.23956057680910184
AOI-0049,2025-07-29,0.2421074302029841
AOI-0049,2025-08-06,0.18961006479935216
AOI-0049,2025-08-12,0.17682474058324502
AOI-0049,2025-08-17,0.17538973661800286
AOI-0049,2025-09-06,0.17751284479083979
AOI-0049,2025-09-14,0.2511953663458876
AOI-0049,2025-09-26,0.206517554259211
AOI-0049,2025-09-30,0.29915150365106224
AOI-0049,2025-10-08,0.20425652686843196
AOI-0049,2025-10-16,0.28391783130414744
AOI-0049,2025-10-28,0.24733813543713695
AOI-0050,2025-04-14,0.30858667149633534
AOI-0050,2025-04-15,0.33665825129270827
AOI-0050,2025-05-25,0.6439767832483102
AOI-0050,2025-06-27,0.5058123493133576
AOI-0050,2025-08-07,0.28310639478174493
AOI-0050,2025-08-09,0.2801447330819686
AOI-0050,2025-08-13,0.43674827555750567
AOI-0050,2025-08-17,0.28387592759728636
AOI-0050,2025-09-07,0.3511004749433708
AOI-0050,2025-09-30,0.42327280817553614
AOI-0050,2025-10-17,0.38048547228511526
AOI-0050,2025-10-28,0.352310128481355
AOI-0051,2010-06-09,0.7041796270851581
AOI-0051,2011-06-04,0.5307169099188374
AOI-0051,2011-06-05,0.5333052604783546
AOI-0051,2011-06-12,0.6119717351515906
AOI-0051,2011-06-13,0.6155605749399291
AOI-0051,2011-09-01,0.5764274432501294
AOI-0051,2011-10-11,0.3920260339790368
AOI-0051,2012-04-27,0.4954761330952662
AOI-0051,2012-05-22,0.6242522618865938
AOI-0051,2012-08-12,0.4628501637926116
AOI-0051,2012-08-26,0.3373575646036994
AOI-0051,2012-08-28,0.4450150377898397
AOI-0051,2012-09-18,0.3331126871160042
AOI-0051,2012-10-13,0.3776063021032749
AOI-0051,2013-05-01,0.7650027116020222
AOI-0051,2013-07-19,0.42288969749902955
AOI-0051,2013-07-28,0.5038869615300413
AOI-0051,2013-08-29,0.46174473706518837
AOI-0051,2013-10-07,0.46715727945577096
AOI-0051,2013-10-16,0.5058965735531691
AOI-0051,2014-04-18,0.7944859093596586
AOI-0051,2014-06-05,0.7211343183312645
AOI-0051,2014-06-10,0.6048554022031495
AOI-0051,2014-06-28,0.48874844598291967
AOI-0051,2014-09-08,0.3714341745112271
AOI-0051,2014-09-16,0.3849038926076708
AOI-0051,2015-04-07,0.3442059574983783
AOI-0051,2015-05-23,0.7336357254120975
AOI-0051,2015-06-10,0.7358189028299477
AOI-0051,2015-06-15,0.7563075619234458
AOI-0051,2015-06-26,0.6770459756699615
AOI-0051,2015-09-14,0.3718744176315079
AOI-0051,2015-09-20,0.32039627546265326
AOI-0051,2015-10-06,0.24330646367762382
AOI-0051,2016-04-06,0.6435109593506305
AOI-0051,2016-06-25,0.5222132371739003
AOI-0051,2016-07-12,0.42657842859875134
AOI-0051,2016-08-28,0.4401083884243187
AOI-0051,2016-09-14,0.34770622548827734
AOI-0051,2016-09-29,0.41618562914441215
AOI-0051,2016-10-24,-0.05397159839919043
AOI-0051,2017-05-28,0.539180702049139
AOI-0051,2017-06-21,0.6786212283563147
AOI-0051,2017-06-28,0.6476971536275336
AOI-0051,2017-07-06,0.6256760450851144
AOI-0051,2017-07-23,0.654249203158922
AOI-0051,2017-09-25,0.31578167502767207
AOI-0051,2017-09-30,0.35739070294902103
AOI-0051,2017-10-16,0.33884046536224977
AOI-0051,2018-04-11,0.4428430833314008
AOI-0051,2018-04-28,0.6230095152372288
AOI-0051,2018-04-29,0.6610613504924334
AOI-0051,2018-05-30,0.7210326877787994
AOI-0051,2018-06-26,0.4314237728174623
AOI-0051,2018-07-02,0.28622008077212063
AOI-0051,2018-08-02,0.32174015947847445
AOI-0051,2018-08-18,0.32166432324519484
AOI-0051,2018-09-14,0.3759121718967051
AOI-0051,2018-09-19,0.30647428960621925
AOI-0051,2018-10-14,0.2675961440836441
AOI-0051,2019-05-17,0.851071967388587
AOI-0051,2019-05-31,0.7393567794135074
AOI-0051,2019-06-25,0.28595960829331396
AOI-0051,2019-06-30,0.27961002295417886
AOI-0051,2019-07-29,0.34746457914660134
AOI-0051,2019-08-05,0.3506466177659917
AOI-0051,2019-08-13,0.3720132415924276
AOI-0051,2019-08-22,0.2833691500390696
AOI-0051,2019-09-13,0.24206305127762864
AOI-0051,2019-10-16,0.3746898477950172
AOI-0051,2020-04-26,0.41144413342439246
AOI-0051,2020-06-09,0.7160218541364458
AOI-0051,2020-07-04,0.4762913172257093
AOI-0051,2020-07-27,0.455717274585119
AOI-0051,2020-08-31,0.3432168031617122
AOI-0051,2020-09-07,0.24740588456200066
AOI-0051,2020-10-27,0.1568631607715907
AOI-0051,2021-05-06,0.7569571508775326
AOI-0051,2021-06-23,0.5301011403385657
AOI-0051,2021-07-19,0.32529001527714985
AOI-0051,2021-07-28,0.44250257405362237
AOI-0051,2021-08-23,0.3692403560324651
AOI-0051,2021-08-28,0.3692666186290134
AOI-0051,2021-08-29,0.46407495678056276
AOI-0051,2021-09-03,0.3888306260412421
AOI-0051,2021-09-07,0.31444561698310325
AOI-0051,2021-10-02,0.31300456030471363
AOI-0051,2021-10-21,0.3188414977856245
AOI-0051,2022-05-09,0.6709315750367817
AOI-0051,2022-05-26,0.5014806469703572
AOI-0051,2022-05-27,0.4500931986472444
AOI-0051,2022-06-11,0.6405278512013527
AOI-0051,2022-06-19,0.71091559992172
AOI-0051,2022-06-30,0.7543415994264238
AOI-0051,2022-07-09,0.7723711235998563
AOI-0051,2022-07-12,0.6518941591339164
AOI-0051,2022-07-22,0.7415954715332087
AOI-0051,2022-07-24,0.7806941475054686
AOI-0051,2022-07-29,0.7447119594774178
AOI-0051,2022-08-13,0.6027903349362472
AOI-0051,2022-08-28,0.5075959653891564
AOI-0051,2022-09-06,0.49243564236650866
AOI-0051,2022-09-14,0.4531285792344694
AOI-0051,2022-10-07,0.3763615713910451
AOI-0051,2022-10-15,0.3538485433536004
AOI-0051,2023-04-23,0.8257854540916159
AOI-0051,2023-07-31,0.3463501997591067
AOI-0051,2023-08-28,0.34386851973423793
AOI-0051,2023-09-09,0.378576521109244
AOI-0051,2023-09-27,0.36515878144581493
AOI-0051,2023-10-04,0.3629042700414634
AOI-0051,2024-04-05,0.32316138285360657
AOI-0051,2024-05-04,0.4226924751738339
AOI-0051,2024-05-22,0.48796909305532
AOI-0051,2024-06-03,0.5488053776416001
AOI-0051,2024-06-23,0.47277720188361394
AOI-0051,2024-07-28,0.31054144796248817
AOI-0051,2024-08-27,0.26370356315643856
AOI-0051,2024-09-03,0.2549340776289659
AOI-0051,2024-10-01,0.22307493217413124
AOI-0051,2024-10-05,0.2668496811115086
AOI-0051,2024-10-06,0.22817120203495567
AOI-0051,2024-10-15,0.3818255714810647
AOI-0051,2025-05-09,0.7968314231693149
AOI-0051,2025-06-10,0.5179337969349099
AOI-0051,2025-06-27,0.36760275405669296
AOI-0051,2025-07-05,0.3176338739037068
AOI-0051,2025-07-10,0.24369222648024516
AOI-0051,2025-08-05,0.19492706336286686
AOI-0051,2025-08-12,0.17812944578924422
AOI-0051,2025-09-15,0.199065935444108
AOI-0051,2025-09-16,0.1925540289643448
AOI-0052,2025-04-19,0.17448704861013503
AOI-0052,2025-06-08,0.3310786662822746
AOI-0052,2025-06-11,0.46309938419564395
AOI-0052,2025-07-05,0.6768719516070567
AOI-0052,2025-07-18,0.3584998058680021
AOI-0052,2025-08-22,0.12781344786257068
AOI-0052,2025-08-27,0.13733155367060665
AOI-0052,2025-09-06,0.1445987655398673
AOI-0052,2025-09-14,0.2088663666404235
AOI-0052,2025-10-17,0.2807461701290288
AOI-0053,2025-04-11,0.7366785503528971
AOI-0053,2025-04-14,0.7787956957620367
AOI-0053,2025-04-16,0.7705727547217163
AOI-0053,2025-04-19,0.7798509391929
AOI-0053,2025-04-23,0.8749679069941231
AOI-0053,2025-06-26,0.35979006690369925
AOI-0053,2025-07-28,0.19579601245256623
AOI-0053,2025-08-02,0.16302585735209027
AOI-0053,2025-08-09,0.14011963386588197
AOI-0053,2025-08-12,0.13722905121392862
AOI-0053,2025-08-29,0.17709104960027527
AOI-0053,2025-09-01,0.13232399441941162
AOI-0053,2025-09-07,0.18521442521218492
AOI-0053,2025-09-11,0.13926059905496144
AOI-0053,2025-09-14,0.22256110221000994
AOI-0053,2025-09-15,0.16027506936980848
AOI-0053,2025-09-21,0.14187725193427775
AOI-0053,2025-09-26,0.16455636153016884
AOI-0053,2025-10-28,0.24255709177334078
AOI-0054,2025-04-11,0.547522656230308
AOI-0054,2025-04-19,0.6501190373064343
AOI-0054,2025-05-04,0.7896458694530055
AOI-0054,2025-06-03,0.8116282248041211
AOI-0054,2025-07-28,0.625152197505977
AOI-0054,2025-08-12,0.6973281208834762
AOI-0054,2025-09-21,0.6527405602855834
AOI-0054,2025-09-30,0.6628118867130288
AOI-0054,2025-10-16,0.6210218099266299
AOI-0055,2025-04-01,0.3530595697137444
AOI-0055,2025-04-11,0.4057264901940109
AOI-0055,2025-05-09,0.5222823080392541
AOI-0055,2025-07-04,0.5230990339990905
AOI-0055,2025-07-05,0.5025176292844404
AOI-0055,2025-07-08,0.48348041015902954
AOI-0055,2025-07-23,0.4238876136772256
AOI-0055,2025-08-17,0.3569515980198011
AOI-0055,2025-09-14,0.44382837684695137
AOI-0055,2025-09-22,0.43375999328688347
AOI-0056,2025-04-23,0.8392184802501731
AOI-0056,2025-05-24,0.7715906763191185
AOI-0056,2025-06-10,0.4998133200061765
AOI-0056,2025-06-19,0.3899843624377947
AOI-0056,2025-07-18,0.16554619921398625
AOI-0056,2025-07-23,0.16725203807421257
AOI-0056,2025-08-09,0.16748378825897917
AOI-0056,2025-09-06,0.18782790521797146
AOI-0056,2025-09-08,0.18099180730239148
AOI-0056,2025-10-16,0.27352185965326375
AOI-0057,2025-05-04,0.7992352832425031
AOI-0057,2025-05-09,0.7507574207601653
AOI-0057,2025-05-19,0.5210931792769127
AOI-0057,2025-06-26,0.37517159879442374
AOI-0057,2025-06-27,0.24668659482206853
AOI-0057,2025-07-10,0.20793517360265396
AOI-0057,2025-07-13,0.19594377510778196
AOI-0057,2025-07-18,0.20132678589096203
AOI-0057,2025-08-05,0.19609803138872303
AOI-0057,2025-08-27,0.1465363854182226
AOI-0057,2025-09-01,0.15966310592897234
AOI-0057,2025-09-21,0.16705046683691846
AOI-0058,2010-04-23,0.39453103849808485
AOI-0058,2010-08-13,0.4381475090713175
AOI-0058,2010-08-29,0.3907494547955884
AOI-0058,2010-09-05,0.31177623815113537
AOI-0058,2011-04-02,0.3250747489786073
AOI-0058,2011-04-26,0.4969837221900591
AOI-0058,2011-06-12,0.7459696691765847
AOI-0058,2011-07-15,0.5151029935020494
AOI-0058,2011-08-29,0.4309990659594349
AOI-0058,2011-09-01,0.303719638761302
AOI-0058,2011-10-02,0.31525782356186716
AOI-0058,2011-10-27,0.33834135927708964
AOI-0058,2012-04-22,0.6102019779744798
AOI-0058,2012-06-09,0.6895479214769876
AOI-0058,2012-06-23,0.6362749407613417
AOI-0058,2012-07-11,0.5673968510264693
AOI-0058,2012-08-12,0.45361027501874895
AOI-0058,2012-09-11,0.3839094111180896
AOI-0058,2013-04-07,0.44636160908136124
AOI-0058,2013-04-23,0.5133280284120505
AOI-0058,2013-05-09,0.5384006475113782
AOI-0058,2013-06-09,0.5097654736148128
AOI-0058,2013-06-10,0.672486215984801
AOI-0058,2013-07-11,0.6959253635858299
AOI-0058,2013-07-19,0.6859112251221905
AOI-0058,2013-08-28,0.25658505945837345
AOI-0058,2013-10-16,0.40587513371769024
AOI-0058,2013-10-24,0.27730578343270224
AOI-0058,2014-04-25,0.7923242879611256
AOI-0058,2014-06-05,0.8117229214094293
AOI-0058,2014-06-10,0.6954303647219209
AOI-0058,2014-09-14,0.3700552037421556
AOI-0058,2015-04-28,0.38740437374894077
AOI-0058,2015-05-09,0.7028574007709614
AOI-0058,2015-09-03,0.47216636432054865
AOI-0058,2015-09-27,0.4737565497147684
AOI-0058,2016-04-06,0.7742801608150013
AOI-0058,2016-04-30,0.8248066582949426
AOI-0058,2016-06-09,0.8063093605744671
AOI-0058,2016-07-27,0.5535102849257454
AOI-0058,2016-07-28,0.464398243838833
AOI-0058,2016-08-13,0.5109778856991585
AOI-0058,2017-04-25,0.8130508391393686
AOI-0058,2017-07-15,0.26971650513916284
AOI-0058,2017-09-13,0.21583108073524782
AOI-0058,2017-09-16,0.23829277573804566
AOI-0058,2018-05-15,0.7264503515498492
AOI-0058,2018-07-26,0.5190022474873567
AOI-0058,2018-08-02,0.48762322151641235
AOI-0058,2019-04-23,0.8079772158226411
AOI-0058,2019-05-25,0.8086912794331785
AOI-0058,2019-06-25,0.28038813222333586
AOI-0058,2019-06-27,0.28488943524412463
AOI-0058,2019-07-04,0.3144542998726135
AOI-0058,2019-08-30,0.23086773804608723
AOI-0058,2019-09-28,0.16331167231271868
AOI-0058,2019-09-30,0.2954112523033844
AOI-0058,2020-04-17,0.4176100682810353
AOI-0058,2020-05-04,0.5571654007004633
AOI-0058,2020-06-05,0.6667731134315802
AOI-0058,2020-06-29,0.5763651462812499
AOI-0058,2020-07-06,0.5239390281736672
AOI-0058,2020-07-22,0.43001833561118774
AOI-0058,2020-07-30,0.41983776495761327
AOI-0058,2020-08-07,0.3792759779509818
AOI-0058,2020-08-12,0.43043785186586536
AOI-0058,2020-08-23,0.34588004812780104
AOI-0058,2020-08-28,0.4073118420876313
AOI-0058,2020-09-24,0.28935478075909016
AOI-0058,2020-10-27,0.2453639848975747
AOI-0058,2021-04-15,0.5343645718188036
AOI-0058,2021-05-09,0.7210094806081877
AOI-0058,2021-05-31,0.7263101427646738
AOI-0058,2021-07-09,0.6428735424724699
AOI-0058,2021-07-14,0.5138022943812299
AOI-0058,2021-07-25,0.4609388926007257
AOI-0058,2021-08-13,0.4604032214831468
AOI-0058,2021-08-28,0.34534704340740857
AOI-0058,2021-09-27,0.4917509186392896
AOI-0058,2022-06-10,0.7825345753979754
AOI-0058,2022-06-18,0.7966905077236792
AOI-0058,2022-07-04,0.28791173435637585
AOI-0058,2022-07-12,0.34256976323312505
AOI-0058,2022-07-17,0.25196260400061804
AOI-0058,2022-07-29,0.19380382407752242
AOI-0058,2022-09-14,0.31622432369033915
AOI-0058,2023-05-09,0.7607994385829161
AOI-0058,2023-05-20,0.597331262285244
AOI-0058,2023-06-28,0.794252156279915
AOI-0058,2023-08-17,0.5510626467880385
AOI-0058,2023-09-02,0.41830455888468726
AOI-0058,2023-09-10,0.49869667900565173
AOI-0058,2023-09-27,0.5160593463054648
AOI-0058,2023-10-12,0.48738100669327267
AOI-0058,2024-04-09,0.7473851860514473
AOI-0058,2024-05-09,0.8018827509747419
AOI-0058,2024-06-03,0.6395272167565762
AOI-0058,2024-06-23,0.3266307455421551
AOI-0058,2024-06-28,0.33445476962703446
AOI-0058,2024-07-09,0.353731132495174
AOI-0058,2024-07-26,0.2662138649868622
AOI-0058,2024-07-27,0.36358193196157623
AOI-0058,2024-08-18,0.28343365368252615
AOI-0058,2024-08-27,0.20955088824269594
AOI-0058,2024-08-28,0.33460995728944143
AOI-0058,2024-09-21,0.2203725308033235
AOI-0058,2024-09-28,0.20393964642479168
AOI-0058,2024-10-01,0.20699184175104493
AOI-0058,2024-10-30,0.21459664982886184
AOI-0058,2025-04-07,0.580022417156238
AOI-0058,2025-04-16,0.4974154897434174
AOI-0058,2025-04-24,0.5637401415366341
AOI-0058,2025-07-18,0.3263018478029632
AOI-0058,2025-07-28,0.33696156928484416
AOI-0058,2025-08-02,0.24212657756134326
AOI-0058,2025-08-06,0.2511355933170658
AOI-0058,2025-08-09,0.1980067895122911
AOI-0058,2025-08-12,0.19274613267933632
AOI-0058,2025-08-14,0.19888808362693441
AOI-0058,2025-09-14,0.2807987128950604
AOI-0058,2025-09-22,0.2388782201022428
AOI-0059,2010-06-26,0.7839959371371212
AOI-0059,2010-07-19,0.7027893503341459
AOI-0059,2010-08-28,0.27074972324970226
AOI-0059,2011-04-23,0.7436618951119757
AOI-0059,2011-05-27,0.717889503274677
AOI-0059,2011-05-28,0.7201860815562463
AOI-0059,2011-06-12,0.6551392645281255
AOI-0059,2011-06-26,0.7228806948329783
AOI-0059,2011-07-07,0.7883092882258559
AOI-0059,2011-07-28,0.46014782749195204
AOI-0059,2011-08-08,0.5007853543439679
AOI-0059,2011-08-23,0.5110848501048604
AOI-0059,2012-04-04,0.5968865471482887
AOI-0059,2012-08-12,0.44644076824590506
AOI-0059,2012-08-26,0.27767773830436226
AOI-0059,2012-09-11,0.2767375103434285
AOI-0059,2012-10-13,0.35874259210749065
AOI-0059,2013-05-09,0.8439209172111383
AOI-0059,2013-06-18,0.30033285427598994
AOI-0059,2013-07-20,0.2330074659944582
AOI-0059,2013-08-13,0.32631847470836123
AOI-0059,2013-08-21,0.225899712807423
AOI-0059,2013-10-16,0.4006776629776276
AOI-0059,2014-05-09,0.8978596470346211
AOI-0059,2014-10-27,0.573505252621331
AOI-0059,2015-04-13,0.2666216807886185
AOI-0059,2015-05-22,0.36761319137109766
AOI-0059,2015-06-07,0.7286648442277027
AOI-0059,2015-08-02,0.8189526649227206
AOI-0059,2015-08-10,0.7422963155709972
AOI-0059,2015-08-29,0.5791686110996829
AOI-0059,2015-09-27,0.502162158672548
AOI-0059,2015-09-30,0.40239169855459556
AOI-0059,2016-05-25,0.9280310946846717
AOI-0059,2016-07-04,0.3783100485343865
AOI-0059,2016-09-14,0.24128274974214764
AOI-0059,2016-10-24,0.21872509009589844
AOI-0059,2017-04-02,0.6344627989269739
AOI-0059,2017-05-06,0.8708496462850575
AOI-0059,2017-05-27,0.9054177875482033
AOI-0059,2017-06-04,0.9266391095230179
AOI-0059,2017-06-10,0.8319154569325864
AOI-0059,2017-07-12,0.3584597606674329
AOI-0059,2017-07-23,0.27171794959232226
AOI-0059,2017-07-28,0.3792332783152712
AOI-0059,2017-08-13,0.30685217556796557
AOI-0059,2017-08-29,0.30069399595198304
AOI-0059,2017-09-24,0.22736570473848855
AOI-0059,2018-04-07,0.4097766783841003
AOI-0059,2018-05-22,0.40451578855817405
AOI-0059,2018-05-31,0.4004490664470406
AOI-0059,2018-07-09,0.5864639803851482
AOI-0059,2018-07-18,0.5103709711917193
AOI-0059,2018-07-26,0.46016845984160504
AOI-0059,2018-08-02,0.4169731676139049
AOI-0059,2018-08-10,0.3621887084681003
AOI-0059,2018-08-13,0.34353205670448805
AOI-0059,2018-10-06,0.23874893958780166
AOI-0059,2019-04-11,0.6363633881578252
AOI-0059,2019-04-21,0.7491260244486257
AOI-0059,2019-04-23,0.7348449139363941
AOI-0059,2019-05-21,0.8933349429574462
AOI-0059,2019-06-02,0.8355594982048653
AOI-0059,2019-06-05,0.8113005345124581
AOI-0059,2019-06-10,0.6962061000228755
AOI-0059,2019-06-15,0.5414737181266781
AOI-0059,2019-06-30,0.22326597540728166
AOI-0059,2019-07-29,0.26896559666672715
AOI-0059,2019-08-21,0.18471179681500582
AOI-0059,2019-08-24,0.14612300720168458
AOI-0059,2019-09-03,0.14882055059228522
AOI-0059,2019-10-13,0.23735489364630663
AOI-0059,2019-10-24,0.22033837197370296
AOI-0059,2020-04-09,0.21070311112140513
AOI-0059,2020-04-18,0.24219113256921396
AOI-0059,2020-04-25,0.14794216887950726
AOI-0059,2020-05-08,0.6211579754551925
AOI-0059,2020-05-12,0.2936806635966111
AOI-0059,2020-06-05,0.6379057242921173
AOI-0059,2020-07-11,0.7010479802438571
AOI-0059,2020-07-30,0.7008550481679434
AOI-0059,2020-10-26,0.19804015232282535
AOI-0059,2021-06-19,0.6498171065100636
AOI-0059,2021-06-23,0.6338856479232089
AOI-0059,2021-06-29,0.39549196675433257
AOI-0059,2021-07-28,0.36502593260365734
AOI-0059,2021-07-29,0.22885645991859865
AOI-0059,2021-08-18,0.35439211066197845
AOI-0059,2021-08-28,0.612856401927088
AOI-0059,2021-09-07,0.7221164513765426
AOI-0059,2021-09-17,0.7228291285403329
AOI-0059,2021-09-28,0.39574854387717845
AOI-0059,2021-09-30,0.3810391780580794
AOI-0059,2021-10-16,0.3428050209741688
AOI-0059,2022-04-15,0.24986860598551333
AOI-0059,2022-06-10,0.7902246049772285
AOI-0059,2022-06-11,0.777366916311585
AOI-0059,2022-07-20,0.8031115341449978
AOI-0059,2022-08-18,0.711133274443274
AOI-0059,2022-09-27,0.40657053622340794
AOI-0059,2022-10-08,0.4684496959427335
AOI-0059,2023-05-13,0.9144770462559839
AOI-0059,2023-05-25,0.8627611586130807
AOI-0059,2023-06-18,0.8469712149690299
AOI-0059,2023-07-16,0.2567439088646393
AOI-0059,2023-07-29,0.17933745786845987
AOI-0059,2023-09-30,0.3052485579241807
AOI-0059,2023-10-12,0.20128016198683255
AOI-0059,2023-10-16,0.30050139830005346
AOI-0059,2024-04-04,0.27914662621071346
AOI-0059,2024-04-13,0.2784877095535086
AOI-0059,2024-04-22,0.444808615466875
AOI-0059,2024-05-19,0.25352564964822155
AOI-0059,2024-06-09,0.6258771617194032
AOI-0059,2024-07-13,0.3300018679433953
AOI-0059,2024-07-17,0.3555074801446125
AOI-0059,2024-07-27,0.29767949800263743
AOI-0059,2024-09-11,0.16971526407119045
AOI-0059,2025-04-01,0.6117273523138491
AOI-0059,2025-04-23,0.8452387767863008
AOI-0059,2025-05-01,0.8627555142184804
AOI-0059,2025-05-09,0.8166413759767271
AOI-0059,2025-05-17,0.8362826040139192
AOI-0059,2025-06-10,0.4538157340731309
AOI-0059,2025-08-29,0.16619295860361144
AOI-0059,2025-09-07,0.20349348715181861
AOI-0059,2025-10-08,0.19524119036964138
AOI-0059,2025-10-28,0.21995565217697205
AOI-0060,2025-04-14,0.7451771366650048
AOI-0060,2025-04-29,0.8116338059885471
AOI-0060,2025-06-03,0.43691923122300347
AOI-0060,2025-07-04,0.555757928960945
AOI-0060,2025-07-05,0.5343827039708746
AOI-0060,2025-07-21,0.3252323741697361
AOI-0060,2025-08-05,0.22671478494358085
AOI-0060,2025-08-29,0.23340197337077126
AOI-0060,2025-08-30,0.20419967869100022
AOI-0060,2025-09-01,0.16002111098041635
AOI-0060,2025-09-11,0.17067781509291935
AOI-0061,2010-04-23,0.37749805208955234
AOI-0061,2010-05-26,0.6600565387577589
AOI-0061,2010-06-11,0.7283464387023966
AOI-0061,2011-06-30,0.5421320157048043
AOI-0061,2011-07-28,0.4813749208705597
AOI-0061,2011-09-18,0.306752304299152
AOI-0061,2011-09-26,0.34111251930990105
AOI-0061,2012-04-06,0.3571770698805484
AOI-0061,2012-05-24,0.7024361787553698
AOI-0061,2012-08-28,0.4487010529180972
AOI-0061,2012-09-04,0.40383385160304475
AOI-0061,2012-10-22,0.18284868693062914
AOI-0061,2013-04-16,0.6457004364813016
AOI-0061,2013-06-10,0.6484039392782266
AOI-0061,2013-06-26,0.5007349964320436
AOI-0061,2013-08-29,0.29805956077305185
AOI-0061,2013-09-14,0.3102308519261934
AOI-0061,2013-10-09,0.21360709311271242
AOI-0061,2014-04-27,0.8109415908723
AOI-0061,2014-06-26,0.4335809102137236
AOI-0061,2014-07-28,0.31034747746461094
AOI-0061,2015-04-07,0.3282933396305484
AOI-0061,2015-05-08,0.2819604336082107
AOI-0061,2015-09-29,0.2701856444028714
AOI-0061,2016-04-22,0.7712202953195542
AOI-0061,2016-06-19,0.6612060014468474
AOI-0061,2016-06-27,0.49005665824895095
AOI-0061,2016-07-13,0.4298503888278413
AOI-0061,2017-04-03,0.154103006977498
AOI-0061,2017-05-25,0.5816179116343393
AOI-0061,2017-07-02,0.8415667391606945
AOI-0061,2017-07-27,0.7636279215630735
AOI-0061,2017-08-11,0.5213465908392011
AOI-0061,2017-09-02,0.26576627596800856
AOI-0061,2018-04-07,0.7412820018028168
AOI-0061,2018-06-10,0.7368767919359528
AOI-0061,2019-04-09,0.24905613275202637
AOI-0061,2019-05-13,0.29440240565707365
AOI-0061,2019-05-21,0.3729755557487099
AOI-0061,2019-05-25,0.7080947473448547
AOI-0061,2019-06-27,0.7851301340125103
AOI-0061,2019-07-12,0.7352471286206416
AOI-0061,2019-08-21,0.6447127042531406
AOI-0061,2019-09-14,0.2881121469652644
AOI-0061,2019-09-23,0.1341064256978493
AOI-0061,2019-10-18,0.24612006312232992
AOI-0061,2019-10-20,0.24922202721694497
AOI-0061,2020-04-17,0.3862241323983775
AOI-0061,2020-05-24,0.6709386548004328
AOI-0061,2020-07-16,0.272568193704271
AOI-0061,2020-07-19,0.27906091319930304
AOI-0061,2020-07-24,0.2747615447470101
AOI-0061,2020-07-27,0.3691418441286108
AOI-0061,2020-08-08,0.21695689170094906
AOI-0061,2020-08-17,0.27617145058940634
AOI-0061,2020-08-18,0.24552349261927628
AOI-0061,2020-08-23,0.2263283226057647
AOI-0061,2020-09-18,0.1900806434249375
AOI-0061,2020-10-17,0.15164446541697718
AOI-0061,2020-10-29,0.06282235892890699
AOI-0061,2021-05-05,0.901713821825878
AOI-0061,2021-05-08,0.912541411797896
AOI-0061,2021-05-15,0.9002525987676471
AOI-0061,2021-07-21,0.17662682743890318
AOI-0061,2021-07-24,0.19502716198758369
AOI-0061,2021-08-04,0.3050797962707052
AOI-0061,2021-08-28,0.3417109565335831
AOI-0061,2021-08-29,0.3698641259418337
AOI-0061,2021-10-29,0.0680751828006672
AOI-0061,2022-04-09,0.24081955698465501
AOI-0061,2022-05-09,0.4461891740874884
AOI-0061,2022-05-22,0.3961018662747574
AOI-0061,2022-05-25,0.5691078542063758
AOI-0061,2022-05-27,0.4321899601147501
AOI-0061,2022-06-12,0.8158201568068983
AOI-0061,2022-06-29,0.8568425769711394
AOI-0061,2022-07-06,0.8412330051537406
AOI-0061,2022-07-21,0.8205558406831117
AOI-0061,2022-07-22,0.7974598632549523
AOI-0061,2022-07-28,0.7885200237708389
AOI-0061,2022-08-23,0.3876300354777919
AOI-0061,2023-04-07,0.6288889447461926
AOI-0061,2023-04-25,0.6241894382730602
AOI-0061,2023-05-05,0.6887685660830282
AOI-0061,2023-05-06,0.7031820135133334
AOI-0061,2023-05-17,0.6882951936319691
AOI-0061,2023-06-06,0.7939179606942345
AOI-0061,2023-06-21,0.7581660438788727
AOI-0061,2023-07-17,0.4632830775620828
AOI-0061,2023-07-21,0.4569330937230998
AOI-0061,2023-07-27,0.47797610197929297
AOI-0061,2023-09-24,0.1690485536847638
AOI-0061,2023-10-14,0.15341680563448531
AOI-0061,2023-10-29,0.18226698724309282
AOI-0061,2024-04-29,0.43016380619103695
AOI-0061,2024-05-01,0.431111925989445
AOI-0061,2024-05-08,0.6035717891897662
AOI-0061,2024-06-20,0.4707915563524267
AOI-0061,2024-07-15,0.3646669875175508
AOI-0061,2024-08-09,0.3036105882914947
AOI-0061,2024-08-12,0.3527884074237822
AOI-0061,2024-09-06,0.2118576465053277
AOI-0061,2024-09-26,0.1745123040626542
AOI-0061,2024-10-07,0.22351046562873342
AOI-0061,2025-04-16,0.6682840537588011
AOI-0061,2025-04-19,0.7478026005716699
AOI-0061,2025-05-28,0.8343896265717892
AOI-0061,2025-06-28,0.5203637815636613
AOI-0061,2025-07-07,0.3877628963792419
AOI-0061,2025-07-10,0.34443943841539226
AOI-0061,2025-07-28,0.21105777619217114
AOI-0061,2025-08-16,0.19793756709562718
AOI-0061,2025-08-29,0.24251056008747945
AOI-0061,2025-09-24,0.3058877372526939
AOI-0061,2025-09-26,0.32015235562019145
AOI-0061,2025-10-16,0.35266401502999717
AOI-0062,2010-04-24,0.7949282940946246
AOI-0062,2010-05-09,0.8384967792271729
AOI-0062,2010-05-26,0.846243391857797
AOI-0062,2010-08-13,0.2282097842016753
AOI-0062,2010-10-16,0.2854651431133972
AOI-0062,2011-06-14,0.6964022746721625
AOI-0062,2011-07-28,0.4392298955329066
AOI-0062,2011-10-16,0.5111671788198686
AOI-0062,2012-06-09,0.6404581322115724
AOI-0062,2012-08-28,0.2506548082686123
AOI-0062,2012-09-04,0.17038981915265045
AOI-0062,2012-09-13,0.247750991554594
AOI-0062,2013-04-23,0.4149977322467469
AOI-0062,2013-07-12,0.6937125735074579
AOI-0062,2013-07-28,0.6700702965721589
AOI-0062,2013-09-14,0.3609687469326519
AOI-0062,2013-10-16,0.2949384419066335
AOI-0062,2014-06-30,0.3149571711669758
AOI-0062,2014-10-04,0.39748615002860266
AOI-0062,2015-04-22,0.6540890447662809
AOI-0062,2015-05-09,0.7019084256916639
AOI-0062,2015-09-05,0.20005555063298427
AOI-0062,2015-09-21,0.20934953579225762
AOI-0062,2016-05-08,0.8740543675894956
AOI-0062,2016-07-11,0.33334715777197577
AOI-0062,2016-07-27,0.3598671255221739
AOI-0062,2016-09-13,0.2512712711376774
AOI-0062,2016-10-25,0.29686183410514494
AOI-0062,2017-04-07,0.3478283374737197
AOI-0062,2017-07-28,0.6661476920837858
AOI-0062,2017-09-15,0.16334282584473228
AOI-0062,2018-04-06,0.6928650268774296
AOI-0062,2018-04-07,0.713760094335155
AOI-0062,2018-06-02,0.8273702741168543
AOI-0062,2018-06-25,0.33923960484630755
AOI-0062,2018-07-28,0.2971764385108227
AOI-0062,2018-08-28,0.1972191462548443
AOI-0062,2019-04-08,0.16114151755832587
AOI-0062,2019-04-11,0.176460702493116
AOI-0062,2019-06-17,0.7037586063067014
AOI-0062,2019-07-06,0.7348071617675672
AOI-0062,2019-08-09,0.727997565398948
AOI-0062,2019-08-23,0.40067963624643255
AOI-0062,2019-09-23,0.10519500131497334
AOI-0062,2019-10-18,0.16041370296684038
AOI-0062,2019-10-23,0.22920420022624008
AOI-0062,2019-10-28,0.20749266792203966
AOI-0062,2020-04-30,0.7541296142171122
AOI-0062,2020-05-30,0.8028818662276175
AOI-0062,2020-06-16,0.5332601105070701
AOI-0062,2020-07-26,0.1275569815978711
AOI-0062,2020-08-18,0.15718576430350492
AOI-0062,2020-08-20,0.1387830761231589
AOI-0062,2020-08-23,0.14856703341722108
AOI-0062,2020-08-25,0.1523537698683965
AOI-0062,2020-09-07,0.12282408145176944
AOI-0062,2020-09-09,0.14495794976058526
AOI-0062,2020-10-07,0.1523371186398299
AOI-0062,2020-10-15,0.22599991497761293
AOI-0062,2021-04-23,0.33604529133967487
AOI-0062,2021-05-05,0.20617095911974365
AOI-0062,2021-05-08,0.22483321160936326
AOI-0062,2021-05-12,0.19371888116108615
AOI-0062,2021-06-06,0.324014703233105
AOI-0062,2021-06-10,0.6367715678248501
AOI-0062,2021-07-01,0.7061630182764966
AOI-0062,2021-07-26,0.7509951742906108
AOI-0062,2021-07-29,0.7387048724807078
AOI-0062,2021-09-12,0.20442413206481244
AOI-0062,2021-09-13,0.26462136156375593
AOI-0062,2021-09-19,0.1870729777192736
AOI-0062,2021-09-27,0.19690294320228002
AOI-0062,2021-09-29,0.1830141491457311
AOI-0062,2021-10-07,0.1610672685336202
AOI-0062,2021-10-16,0.27646242196869697
AOI-0062,2022-04-10,0.7465757194722258
AOI-0062,2022-04-27,0.8447795039950975
AOI-0062,2022-05-11,0.895416730826817
AOI-0062,2022-05-25,0.8690258241172284
AOI-0062,2022-07-21,0.19100790914333238
AOI-0062,2022-07-24,0.1938797109169105
AOI-0062,2022-08-23,0.1645421956634585
AOI-0062,2022-09-14,0.22203947742918875
AOI-0062,2022-09-18,0.1699768680375101
AOI-0062,2022-09-30,0.22668047146947407
AOI-0062,2022-10-19,0.15479769856609554
AOI-0062,2023-05-17,0.3324696410072011
AOI-0062,2023-06-18,0.8715019780601388
AOI-0062,2023-06-24,0.8745263275901722
AOI-0062,2023-07-14,0.8103828895535664
AOI-0062,2023-08-05,0.47884789211737294
AOI-0062,2023-08-25,0.13902737577594088
AOI-0062,2023-09-17,0.15460604727853758
AOI-0062,2023-10-12,0.18894436821188604
AOI-0062,2023-10-16,0.23815833194651076
AOI-0062,2024-04-22,0.8734164678266576
AOI-0062,2024-06-03,0.8038156111436946
AOI-0062,2024-06-08,0.7118130680898045
AOI-0062,2024-06-23,0.23104341673898288
AOI-0062,2024-07-30,0.1002947148574783
AOI-0062,2024-08-04,0.1216068215624157
AOI-0062,2024-08-12,0.16442483820372655
AOI-0062,2024-09-06,0.12913567709357218
AOI-0062,2024-10-26,0.1632547655005403
AOI-0062,2025-04-01,0.23782601765600564
AOI-0062,2025-04-07,0.3731627912370072
AOI-0062,2025-04-11,0.24993750703521486
AOI-0062,2025-04-24,0.2520569667825725
AOI-0062,2025-04-29,0.2662975944459302
AOI-0062,2025-05-28,0.48611312248895705
AOI-0062,2025-06-28,0.8147612709611862
AOI-0062,2025-07-06,0.81801416114163
AOI-0062,2025-07-07,0.7826856492106506
AOI-0062,2025-07-15,0.522573658586388
AOI-0062,2025-07-25,0.39939314572140505
AOI-0062,2025-08-02,0.27536354269834423
AOI-0062,2025-08-17,0.23734859302894143
AOI-0062,2025-09-24,0.20788622431538567
AOI-0062,2025-09-30,0.286436730304515
AOI-0062,2025-10-08,0.1730978200781152
AOI-0062,2025-10-13,0.18730818877778352
AOI-0063,2025-04-14,0.23603517904882787
AOI-0063,2025-04-19,0.21302841031709113
AOI-0063,2025-04-23,0.3844132055078874
AOI-0063,2025-04-24,0.24787224560352675
AOI-0063,2025-05-06,0.19750352562049042
AOI-0063,2025-05-25,0.592749356506816
AOI-0063,2025-06-05,0.7220749734511892
AOI-0063,2025-06-25,0.7931818633977935
AOI-0063,2025-06-28,0.8148566570768825
AOI-0063,2025-06-30,0.7854961335557006
AOI-0063,2025-07-06,0.8039565434593068
AOI-0063,2025-07-07,0.7862006777639003
AOI-0063,2025-07-22,0.530687182727164
AOI-0063,2025-08-23,0.401179307672885
AOI-0063,2025-09-13,0.2438737851757188
AOI-0063,2025-09-14,0.3188444612413023
AOI-0064,2025-04-14,0.46806502161103253
AOI-0064,2025-04-23,0.6178650667879085
AOI-0064,2025-04-24,0.42798607476805545
AOI-0064,2025-06-03,0.7405502471565615
AOI-0064,2025-06-05,0.7356066025800719
AOI-0064,2025-06-26,0.4676180514800967
AOI-0064,2025-06-27,0.3850266364173915
AOI-0064,2025-06-28,0.38180125786665364
AOI-0064,2025-07-10,0.2382114933103502
AOI-0064,2025-08-12,0.12741365288484902
AOI-0064,2025-08-19,0.15951702943431473
AOI-0064,2025-08-27,0.15311818636663987
AOI-0064,2025-08-31,0.22094711489224297
AOI-0064,2025-09-13,0.1752453402182849
AOI-0064,2025-10-06,0.1917573735366755
AOI-0064,2025-10-13,0.16963568260867695
AOI-0065,2025-04-19,0.43559598120823195
AOI-0065,2025-05-01,0.4720273608640177
AOI-0065,2025-06-04,0.5353717010215318
AOI-0065,2025-06-05,0.5119073247937217
AOI-0065,2025-06-08,0.5160099615866532
AOI-0065,2025-06-26,0.6537155911819376
AOI-0065,2025-07-15,0.43112127369772735
AOI-0065,2025-07-18,0.4064804194370718
AOI-0065,2025-08-07,0.20583261303611344
AOI-0065,2025-08-17,0.2127027022658922
AOI-0065,2025-09-14,0.2860387790386379
AOI-0065,2025-09-25,0.209170023851905
AOI-0065,2025-09-30,0.34134952470154356
AOI-0065,2025-10-08,0.22982338278910455
AOI-0066,2025-06-05,0.49591527573852273
AOI-0066,2025-07-05,0.7806462312176067
AOI-0066,2025-07-15,0.692985768365964
AOI-0066,2025-07-25,0.5278212236323432
AOI-0066,2025-07-27,0.4928441928895036
AOI-0066,2025-08-14,0.3159151936425382
AOI-0066,2025-09-01,0.171723302535971
AOI-0067,2010-04-25,0.17204749630639263
AOI-0067,2010-06-20,0.18692566306461547
AOI-0067,2010-06-26,0.2495958594822999
AOI-0067,2010-07-13,0.1897645587174231
AOI-0067,2010-07-21,0.17398506935600652
AOI-0067,2010-08-06,0.17892805253060629
AOI-0067,2010-08-07,0.16338429491591716
AOI-0067,2010-08-15,0.16059400266814053
AOI-0067,2010-09-23,0.17211462878122752
AOI-0067,2010-10-09,0.1528382301469022
AOI-0067,2011-05-09,0.3323892126887963
AOI-0067,2011-05-14,0.20753015247522524
AOI-0067,2011-09-03,0.3347006225214024
AOI-0067,2011-09-19,0.31307917019925635
AOI-0067,2012-05-08,0.3566227103788444
AOI-0067,2012-06-09,0.19374985437116882
AOI-0067,2012-07-27,0.15518742784859246
AOI-0067,2012-09-29,0.14314258898504162
AOI-0067,2013-07-30,0.2355044371202459
AOI-0067,2013-08-29,0.39622021531910995
AOI-0067,2014-05-21,0.207412812249925
AOI-0067,2014-05-25,0.29073103438340464
AOI-0067,2014-06-06,0.20609043429189353
AOI-0067,2014-06-07,0.21082004659596795
AOI-0067,2014-07-01,0.19352574895251562
AOI-0067,2014-07-16,0.20547841623919225
AOI-0067,2014-07-17,0.16954922999840008
AOI-0067,2014-09-14,0.22429525151706456
AOI-0067,2014-10-12,0.1509302049105891
AOI-0067,2015-04-15,0.1633004787381169
AOI-0067,2015-05-09,0.3027118354848177
AOI-0067,2015-06-02,0.22309736139068162
AOI-0067,2015-06-18,0.2449444626467501
AOI-0067,2015-07-12,0.44813034939111307
AOI-0067,2015-07-20,0.3693833486253143
AOI-0067,2015-08-29,0.45373883842500956
AOI-0067,2015-09-14,0.3607735518493628
AOI-0067,2015-09-29,0.2605683339955143
AOI-0067,2016-05-03,0.24765752240302982
AOI-0067,2016-05-10,0.2583675056418248
AOI-0067,2016-05-11,0.2626942172845385
AOI-0067,2016-06-25,0.257394404298845
AOI-0067,2016-07-14,0.1976968537692788
AOI-0067,2016-07-27,0.375781060996259
AOI-0067,2016-09-29,0.2586063034364406
AOI-0067,2016-10-25,0.21322985191836674
AOI-0067,2017-04-04,0.14321862683304318
AOI-0067,2017-04-28,0.1607323879317335
AOI-0067,2017-05-05,0.18944112823599377
AOI-0067,2017-06-07,0.3175467555252457
AOI-0067,2017-07-09,0.4672455290205844
AOI-0067,2017-07-25,0.545220330563869
AOI-0067,2017-08-02,0.5855553931978186
AOI-0067,2017-08-11,0.5588685754893131
AOI-0067,2017-08-13,0.5138357112705787
AOI-0067,2017-08-29,0.4956624680108523
AOI-0067,2017-09-14,0.4481924775286004
AOI-0067,2017-09-20,0.41111672495493257
AOI-0067,2018-04-06,0.1841323138767405
AOI-0067,2018-04-23,0.23623791448852746
AOI-0067,2018-05-25,0.24866401020013074
AOI-0067,2018-07-11,0.18984025676135446
AOI-0067,2018-08-29,0.2028878349723371
AOI-0067,2019-05-08,0.7496187010282602
AOI-0067,2019-05-28,0.8251063467147421
AOI-0067,2019-06-12,0.4615632981593557
AOI-0067,2019-07-12,0.2763768105057716
AOI-0067,2019-07-14,0.20488995934556808
AOI-0067,2019-07-28,0.4300247953793422
AOI-0067,2019-08-08,0.4174119610788246
AOI-0067,2019-08-11,0.3688865014940083
AOI-0067,2019-08-29,0.29353080939728876
AOI-0067,2019-09-05,0.2658001263046625
AOI-0067,2019-09-16,0.2866902151103946
AOI-0067,2019-09-24,0.2906553608313159
AOI-0067,2019-10-02,0.3122487078582611
AOI-0067,2019-10-03,0.31156015298200007
AOI-0067,2019-10-15,0.29988253441831875
AOI-0067,2020-04-22,0.21507933280763153
AOI-0067,2020-04-27,0.13489562489821072
AOI-0067,2020-05-02,0.1456908180144287
AOI-0067,2020-05-08,0.31018911609190397
AOI-0067,2020-07-06,0.6453278254557862
AOI-0067,2020-07-25,0.40294786902164653
AOI-0067,2020-07-26,0.3989432847975595
AOI-0067,2020-07-27,0.42969464879380975
AOI-0067,2020-08-25,0.35505565741159384
AOI-0067,2020-10-15,0.2450718948795839
AOI-0067,2021-05-16,0.2857714568540573
AOI-0067,2021-06-06,0.615871267299372
AOI-0067,2021-06-16,0.6731374403089534
AOI-0067,2021-06-18,0.6714653884708278
AOI-0067,2021-07-04,0.4536105490143015
AOI-0067,2021-08-30,0.29835460371877676
AOI-0067,2021-09-09,0.31504843630981094
AOI-0067,2021-10-09,0.18680446563315478
AOI-0067,2022-04-02,0.11556727413732931
AOI-0067,2022-04-23,0.26995403165194776
AOI-0067,2022-04-26,0.20588330627167684
AOI-0067,2022-06-01,0.18778797266334343
AOI-0067,2022-07-01,0.5901580213148194
AOI-0067,2022-08-23,0.45586508866835584
AOI-0067,2022-08-24,0.4494578229537169
AOI-0067,2022-08-29,0.4065092530487826
AOI-0067,2022-09-01,0.3610380549839224
AOI-0067,2022-09-25,0.35171645056413514
AOI-0067,2022-10-09,0.309240951707443
AOI-0067,2022-10-14,0.2899336804830828
AOI-0067,2023-04-23,0.3020129252238399
AOI-0067,2023-05-31,0.24775342689526306
AOI-0067,2023-06-30,0.673926751229322
AOI-0067,2023-07-12,0.6373728562339592
AOI-0067,2023-07-21,0.6047399366315833
AOI-0067,2023-07-27,0.5036956887855213
AOI-0067,2023-08-26,0.31776012352233357
AOI-0067,2023-09-24,0.20910211636611095
AOI-0067,2023-09-27,0.21709090777536294
AOI-0067,2023-10-05,0.2743084050092761
AOI-0067,2023-10-13,0.2222084554055881
AOI-0067,2024-04-01,0.17305542908124333
AOI-0067,2024-04-11,0.21088670115762106
AOI-0067,2024-05-09,0.4516030021995745
AOI-0067,2024-05-24,0.6275252216602676
AOI-0067,2024-07-05,0.25010986388811
AOI-0067,2024-07-10,0.25141613694440923
AOI-0067,2024-08-29,0.1487408715629087
AOI-0067,2024-09-06,0.16275002910075462
AOI-0067,2024-09-23,0.13351970358138449
AOI-0067,2025-04-17,0.18240764731435863
AOI-0067,2025-04-23,0.20925463995799576
AOI-0067,2025-04-28,0.13693815411031415
AOI-0067,2025-06-05,0.13948388274193585
AOI-0067,2025-06-21,0.25866097698036444
AOI-0067,2025-06-26,0.4289885810921938
AOI-0067,2025-07-05,0.4217519279024616
AOI-0067,2025-07-14,0.4692549926154547
AOI-0067,2025-07-15,0.41373926028457253
AOI-0067,2025-08-06,0.6119016372895507
AOI-0067,2025-09-01,0.4588691289246131
AOI-0067,2025-09-23,0.2938974937282284
AOI-0067,2025-10-03,0.223336130870855
AOI-0068,2010-04-16,0.141760175258033
AOI-0068,2010-05-02,0.18209788347875902
AOI-0068,2010-05-09,0.31463158449402984
AOI-0068,2010-06-20,0.18489338557066665
AOI-0068,2010-07-13,0.1824276861539194
AOI-0068,2010-07-14,0.13710458580170976
AOI-0068,2010-07-28,0.19871961803219007
AOI-0068,2010-08-07,0.15485681080356947
AOI-0068,2010-08-29,0.1782435329291095
AOI-0068,2011-04-07,0.463634594270053
AOI-0068,2011-05-30,0.6158230136432702
AOI-0068,2011-06-15,0.4000574998493003
AOI-0068,2011-06-23,0.28936840141150866
AOI-0068,2011-07-16,0.21132476785706325
AOI-0068,2011-08-09,0.19005066502697926
AOI-0068,2011-09-03,0.17190765465398072
AOI-0068,2012-07-27,0.15587068443355298
AOI-0068,2012-08-03,0.15675702045823636
AOI-0068,2012-10-22,0.1925234823363303
AOI-0068,2013-06-19,0.28268375200726936
AOI-0068,2013-06-27,0.2541950581751025
AOI-0068,2013-07-28,0.24494747889215923
AOI-0068,2014-04-27,0.43244449253666506
AOI-0068,2014-07-28,0.1815026621871983
AOI-0068,2014-08-17,0.17746182050745138
AOI-0068,2014-08-25,0.13858158909064305
AOI-0068,2014-10-05,0.1592509724829386
AOI-0068,2014-10-16,0.20476441789701366
AOI-0068,2014-10-29,0.1771614480165114
AOI-0068,2015-06-09,0.3553334362648783
AOI-0068,2015-07-27,0.28479411266506227
AOI-0068,2015-08-04,0.26177035896026996
AOI-0068,2016-05-02,0.3139327855617072
AOI-0068,2016-05-11,0.3172407748748395
AOI-0068,2016-07-14,0.327580350622321
AOI-0068,2016-08-28,0.28551882318227617
AOI-0068,2016-09-13,0.2706143946214744
AOI-0068,2016-09-29,0.3617480615420022
AOI-0068,2017-05-14,0.529018768221455
AOI-0068,2017-06-10,0.4897000492478616
AOI-0068,2017-06-22,0.4093710099283235
AOI-0068,2017-06-27,0.31047729940521485
AOI-0068,2017-07-12,0.2525526495747982
AOI-0068,2017-08-02,0.1995980610283765
AOI-0068,2017-08-11,0.1411735437370941
AOI-0068,2017-08-13,0.19866692448640197
AOI-0068,2017-09-02,0.1416047758214683
AOI-0068,2017-09-03,0.1946034704840153
AOI-0068,2018-04-28,0.2624698912156711
AOI-0068,2018-05-09,0.4047463375874184
AOI-0068,2018-06-07,0.21375726587768928
AOI-0068,2018-07-11,0.17320031183139856
AOI-0068,2018-08-28,0.16155048812103343
AOI-0068,2018-09-06,0.15843894644122491
AOI-0068,2018-09-21,0.15673349641500148
AOI-0068,2019-05-25,0.618233584245318
AOI-0068,2019-05-28,0.6064849016397124
AOI-0068,2019-06-28,0.21594143036601648
AOI-0068,2019-08-07,0.2538395790292321
AOI-0068,2019-09-01,0.19263763858156893
AOI-0068,2019-09-05,0.1661290759912274
AOI-0068,2019-09-15,0.17304860080186807
AOI-0068,2019-09-24,0.23853040686462507
AOI-0068,2019-09-25,0.23005570108669315
AOI-0068,2019-09-30,0.31506852924558054
AOI-0068,2019-10-02,0.28442641666438123
AOI-0068,2019-10-25,0.321181555095098
AOI-0068,2020-04-02,0.30174223766380737
AOI-0068,2020-04-06,0.37809323043746645
AOI-0068,2020-04-12,0.30817738507744213
AOI-0068,2020-04-19,0.31268520502903885
AOI-0068,2020-06-26,0.18210146559407575
AOI-0068,2020-07-27,0.1704936482743952
AOI-0068,2020-07-31,0.14164222204428686
AOI-0068,2020-09-03,0.16169439874166955
AOI-0068,2020-10-05,0.14914511416323348
AOI-0068,2020-10-20,0.1830312361675003
AOI-0068,2021-05-01,0.2777429731534368
AOI-0068,2021-05-16,0.4800860570310597
AOI-0068,2021-06-11,0.4775162143554071
AOI-0068,2021-06-16,0.45741181373042605
AOI-0068,2021-07-19,0.25130706009615544
AOI-0068,2021-07-31,0.18774314891810093
AOI-0068,2021-09-30,0.41088960701468236
AOI-0068,2022-04-02,0.28069809381966254
AOI-0068,2022-04-12,0.3205749243292795
AOI-0068,2022-04-23,0.5360810277134007
AOI-0068,2022-05-12,0.5172090892088675
AOI-0068,2022-05-27,0.38206482582779955
AOI-0068,2022-06-08,0.36936115089878224
AOI-0068,2022-06-20,0.2678751631748503
AOI-0068,2022-07-01,0.17893060846711276
AOI-0068,2022-07-14,0.15564685121183514
AOI-0068,2022-07-30,0.1967493880671337
AOI-0068,2022-08-15,0.16363221970404082
AOI-0068,2023-04-03,0.46395422947204884
AOI-0068,2023-04-17,0.4858195911697934
AOI-0068,2023-05-09,0.6381299156441704
AOI-0068,2023-06-06,0.5332793361136465
AOI-0068,2023-06-30,0.2877761717043273
AOI-0068,2023-07-05,0.25870187017718244
AOI-0068,2023-08-03,0.2533430675275449
AOI-0068,2023-08-13,0.2789906348980245
AOI-0068,2023-09-03,0.3520580943192365
AOI-0068,2023-09-24,0.33700216235111924
AOI-0068,2023-10-06,0.3284585444798204
AOI-0068,2023-10-11,0.3026894983803144
AOI-0068,2024-05-01,0.2726182271608307
AOI-0068,2024-05-09,0.21759155497281069
AOI-0068,2024-06-15,0.15663161271637374
AOI-0068,2024-08-05,0.17819490874099345
AOI-0068,2024-08-09,0.12043791888672074
AOI-0068,2024-08-19,0.15162929709584316
AOI-0068,2024-08-28,0.17254830715517677
AOI-0068,2024-09-08,0.14492089489476276
AOI-0068,2024-09-14,0.19012341491471255
AOI-0068,2024-09-29,0.20900972514579247
AOI-0068,2024-10-13,0.1499395265403063
AOI-0068,2025-05-08,0.6622934433986613
AOI-0068,2025-05-11,0.6886575869139291
AOI-0068,2025-05-20,0.695797497339794
AOI-0068,2025-06-10,0.4237289402713571
AOI-0068,2025-06-15,0.35516335843272057
AOI-0068,2025-06-17,0.3287141194986572
AOI-0068,2025-06-30,0.2211364611084772
AOI-0068,2025-07-22,0.21095538301216152
AOI-0068,2025-07-28,0.19527627465808425
AOI-0068,2025-08-13,0.2385583425778427
AOI-0068,2025-08-14,0.1884474109682213
AOI-0068,2025-08-23,0.22459478969110797
AOI-0068,2025-08-24,0.17792671281815053
AOI-0068,2025-09-08,0.1785795888848101
AOI-0068,2025-09-14,0.24812075562430846
AOI-0068,2025-09-24,0.24381097967929516
AOI-0069,2025-04-16,0.1595541727393972
AOI-0069,2025-04-21,0.18182991577962646
AOI-0069,2025-04-23,0.2783187870959447
AOI-0069,2025-05-01,0.1640313194980928
AOI-0069,2025-05-11,0.258993546179098
AOI-0069,2025-05-25,0.5088221404572127
AOI-0069,2025-05-28,0.4372142894800658
AOI-0069,2025-06-10,0.4128754414760839
AOI-0069,2025-06-25,0.27466042069861335
AOI-0069,2025-06-26,0.3110422960106766
AOI-0069,2025-07-05,0.1864543163270138
AOI-0069,2025-07-06,0.2283085058627831
AOI-0069,2025-07-22,0.15111215120367658
AOI-0069,2025-08-07,0.156918077559547
AOI-0069,2025-08-14,0.14825979597819952
AOI-0069,2025-09-01,0.13462276031549036
AOI-0069,2025-09-14,0.19722967189681073
AOI-0069,2025-09-24,0.1725357034527894
AOI-0069,2025-09-25,0.14947880347932987
AOI-0069,2025-09-28,0.1390706883566624
AOI-0070,2025-05-11,0.2916253237933168
AOI-0070,2025-05-25,0.3851228402790874
AOI-0070,2025-06-07,0.22569033431823826
AOI-0070,2025-06-10,0.27962845913461487
AOI-0070,2025-06-25,0.19843835657001715
AOI-0070,2025-07-12,0.23617263506163824
AOI-0070,2025-08-24,0.15917734866151423
AOI-0070,2025-08-31,0.17940179103404838
AOI-0070,2025-09-25,0.1697632775862832
AOI-0070,2025-10-02,0.21508747116890112
AOI-0070,2025-10-13,0.18587749734483813
AOI-0070,2025-10-23,0.22595041830000048
AOI-0071,2025-04-16,0.344157953633386
AOI-0071,2025-04-18,0.35912096348154493
AOI-0071,2025-04-21,0.3783687930701216
AOI-0071,2025-05-25,0.5276998824535521
AOI-0071,2025-06-26,0.6161570726928599
AOI-0071,2025-07-06,0.6147254411290742
AOI-0071,2025-07-07,0.5544768513076177
AOI-0071,2025-07-12,0.4495036328615133
AOI-0071,2025-08-13,0.42829476138053213
AOI-0071,2025-08-23,0.4230556955820232
AOI-0071,2025-08-24,0.37982474742554945
AOI-0071,2025-08-26,0.39595986951576023
AOI-0071,2025-08-29,0.3767880995039348
AOI-0071,2025-09-01,0.3976864092367773
AOI-0071,2025-09-15,0.3344981509820973
AOI-0071,2025-09-28,0.31586179660242736
AOI-0072,2025-05-08,0.7484979547251014
AOI-0072,2025-06-04,0.6898414023116353
AOI-0072,2025-07-05,0.18387732747154667
AOI-0072,2025-07-06,0.23133388800790683
AOI-0072,2025-07-14,0.2078642452379158
AOI-0072,2025-07-17,0.15956313033940078
AOI-0072,2025-08-07,0.17996629096924815
AOI-0072,2025-08-19,0.17543642065432186
AOI-0072,2025-08-29,0.20830985870483054
AOI-0072,2025-09-03,0.15538166345702592
AOI-0072,2025-09-15,0.17582193853174438
AOI-0072,2025-09-16,0.17623729323922138
AOI-0072,2025-09-30,0.24421667463960442
AOI-0072,2025-10-03,0.17495668819876783
AOI-0072,2025-10-13,0.17151178615509485
AOI-0073,2010-06-26,0.6030561855160037
AOI-0073,2010-07-12,0.5044102435922813
AOI-0073,2011-04-07,0.2794387986919324
AOI-0073,2011-07-14,0.529633273142983
AOI-0073,2011-09-14,0.3832342934314439
AOI-0073,2012-04-22,0.48207324300679616
AOI-0073,2012-04-27,0.3742648866309996
AOI-0073,2012-05-24,0.6455924739400162
AOI-0073,2012-09-29,0.2980670998573029
AOI-0073,2013-04-03,0.2409875883445347
AOI-0073,2013-06-10,0.5421688218202833
AOI-0073,2013-06-25,0.5312015469919336
AOI-0073,2013-07-12,0.5442316859207372
AOI-0073,2013-07-28,0.532045630086689
AOI-0073,2013-09-30,0.44173560964843633
AOI-0073,2014-05-27,0.5369979347067422
AOI-0073,2014-07-12,0.7328321652158939
AOI-0073,2014-07-30,0.6570239255134518
AOI-0073,2014-08-13,0.4654722182436747
AOI-0073,2014-09-14,0.3950258333304139
AOI-0073,2014-10-10,0.23473829637494023
AOI-0073,2015-05-22,0.3832174920796013
AOI-0073,2015-05-30,0.42225708545191554
AOI-0073,2015-06-10,0.5827082340024861
AOI-0073,2015-06-15,0.46343367410455355
AOI-0073,2015-07-01,0.5903863736439716
AOI-0073,2015-07-09,0.6188185492189751
AOI-0073,2015-08-26,0.3512890409434648
AOI-0073,2015-10-05,0.23463332397094924
AOI-0073,2016-04-06,0.5772144724745226
AOI-0073,2017-04-23,0.2811742926266862
AOI-0073,2017-06-04,0.36639819158618214
AOI-0073,2017-06-12,0.4709924237508075
AOI-0073,2017-07-06,0.7426025433701271
AOI-0073,2017-07-18,0.7520315203798015
AOI-0073,2017-08-07,0.6896255455287442
AOI-0073,2017-08-12,0.6546028658572551
AOI-0073,2017-10-11,0.2994150668854351
AOI-0073,2017-10-16,0.31881953584137396
AOI-0073,2018-04-16,0.16077785917823348
AOI-0073,2019-05-17,0.302310177499327
AOI-0073,2019-05-19,0.2766682919007873
AOI-0073,2019-06-03,0.501887734452851
AOI-0073,2019-07-13,0.6733806419884727
AOI-0073,2019-08-07,0.6545144934302713
AOI-0073,2019-08-12,0.5749006859538432
AOI-0073,2019-09-06,0.34724393563066047
AOI-0073,2019-09-11,0.33838871831409645
AOI-0073,2019-09-15,0.3044908557090232
AOI-0073,2019-09-16,0.3036939936786114
AOI-0073,2019-09-28,0.26531840306562465
AOI-0073,2019-10-16,0.29470257935498245
AOI-0073,2019-10-26,0.2243424422635107
AOI-0073,2020-04-05,0.14750215920168291
AOI-0073,2020-04-15,0.10395251185318016
AOI-0073,2020-04-22,0.37812609436229255
AOI-0073,2020-05-18,0.6108353770928788
AOI-0073,2020-07-04,0.30307636089438994
AOI-0073,2020-07-06,0.3232347454303168
AOI-0073,2020-07-24,0.20422401576431815
AOI-0073,2020-07-29,0.1712698424102304
AOI-0073,2020-08-12,0.27090948267367737
AOI-0073,2020-09-01,0.23099375278546272
AOI-0073,2020-09-20,0.1709880375717773
AOI-0073,2020-10-20,0.22416636615564742
AOI-0073,2020-10-26,0.17359727633226232
AOI-0073,2021-05-06,0.22269069821817933
AOI-0073,2021-05-13,0.19078368499139547
AOI-0073,2021-05-15,0.21788754615648917
AOI-0073,2021-06-29,0.7064690539757792
AOI-0073,2021-07-25,0.7507930112679528
AOI-0073,2021-08-02,0.7006074157169866
AOI-0073,2021-09-07,0.33666547064611796
AOI-0073,2021-09-14,0.3219873838673865
AOI-0073,2021-09-15,0.28508949701601083
AOI-0073,2022-04-23,0.3104727718330538
AOI-0073,2022-04-25,0.2146576344204019
AOI-0073,2022-06-04,0.2840279598185149
AOI-0073,2022-06-07,0.25418759898832693
AOI-0073,2022-06-09,0.2609935100954913
AOI-0073,2022-06-14,0.4003602840360158
AOI-0073,2022-07-05,0.7908364851313295
AOI-0073,2022-07-07,0.7547666959051103
AOI-0073,2022-09-10,0.3703392244767114
AOI-0073,2022-09-30,0.34224274971699137
AOI-0073,2023-04-02,0.22752378695860562
AOI-0073,2023-04-28,0.2720797231542547
AOI-0073,2023-05-03,0.2893913429747673
AOI-0073,2023-05-05,0.290240071992555
AOI-0073,2023-05-13,0.35131664798037887
AOI-0073,2023-06-04,0.5339421370986018
AOI-0073,2023-06-07,0.5548748029715835
AOI-0073,2023-07-25,0.3268102411298326
AOI-0073,2023-07-31,0.23697028443280257
AOI-0073,2023-08-06,0.2601362164472908
AOI-0073,2023-08-16,0.24021848330364537
AOI-0073,2023-08-28,0.23309208453359218
AOI-0073,2023-09-07,0.1992701797075596
AOI-0073,2023-09-12,0.21276634243365583
AOI-0073,2023-09-29,0.2201759256263671
AOI-0073,2023-10-11,0.26628388670706354
AOI-0073,2023-10-15,0.2578928905152812
AOI-0073,2024-04-14,0.45624589838536606
AOI-0073,2024-04-20,0.5740429542483595
AOI-0073,2024-05-06,0.6419893664948731
AOI-0073,2024-05-07,0.6531126020685875
AOI-0073,2024-06-23,0.36926391484714693
AOI-0073,2024-07-03,0.2440628908911513
AOI-0073,2024-07-11,0.3888649405077798
AOI-0073,2024-07-13,0.24518689717254047
AOI-0073,2024-07-21,0.23963245842128955
AOI-0073,2024-07-25,0.2321883673628479
AOI-0073,2024-08-12,0.2587079778627137
AOI-0073,2024-08-28,0.2560237280029526
AOI-0073,2024-09-01,0.18093237357861333
AOI-0073,2024-09-13,0.22249641609235316
AOI-0073,2024-09-29,0.22473534824553434
AOI-0073,2025-04-07,0.26178045137401856
AOI-0073,2025-04-15,0.21124148659613784
AOI-0073,2025-04-19,0.18907895393659907
AOI-0073,2025-04-22,0.1991331196960732
AOI-0073,2025-04-23,0.27908183202891046
AOI-0073,2025-04-29,0.1971716324535991
AOI-0073,2025-05-11,0.22390054434040374
AOI-0073,2025-05-22,0.23533203903908856
AOI-0073,2025-05-29,0.22737047177158218
AOI-0073,2025-06-03,0.31764647400362983
AOI-0073,2025-06-30,0.761062745449143
AOI-0073,2025-07-06,0.7890802561886467
AOI-0073,2025-07-08,0.7827856247347099
AOI-0073,2025-07-28,0.688451228981875
AOI-0073,2025-08-05,0.7079688834051061
AOI-0073,2025-08-07,0.7116072438018686
AOI-0073,2025-08-22,0.4821431991884039
AOI-0073,2025-08-27,0.40392006389692986
AOI-0073,2025-09-22,0.313792407143492
AOI-0074,2010-07-12,0.3849344093182515
AOI-0074,2010-08-29,0.3087914397104181
AOI-0074,2011-05-27,0.32892154199070456
AOI-0074,2011-06-20,0.5920793579586785
AOI-0074,2011-06-26,0.7753715430361079
AOI-0074,2011-07-06,0.7489499465331567
AOI-0074,2011-09-24,0.2826198326451962
AOI-0074,2013-06-25,0.44815640445673915
AOI-0074,2013-07-03,0.3816984394784889
AOI-0074,2013-07-11,0.338996274825335
AOI-0074,2013-08-13,0.3498885124578483
AOI-0074,2014-07-14,0.8108841818320183
AOI-0074,2014-07-28,0.6485073614871387
AOI-0074,2014-09-14,0.31746686409924263
AOI-0074,2014-10-16,0.2556360300622151
AOI-0074,2015-04-23,0.3014548891839166
AOI-0074,2015-04-28,0.21272597598759968
AOI-0074,2015-07-25,0.678785704694399
AOI-0074,2015-10-16,0.25072630114480277
AOI-0074,2015-10-29,0.1773557416639492
AOI-0074,2016-08-12,0.3489478199785464
AOI-0074,2016-08-20,0.2503643476467387
AOI-0074,2017-04-23,0.29225625286335694
AOI-0074,2017-05-04,0.22766112751629022
AOI-0074,2017-05-06,0.2086396890166122
AOI-0074,2017-06-04,0.39946137767120404
AOI-0074,2017-06-05,0.38646342065341144
AOI-0074,2017-06-10,0.6408887140686419
AOI-0074,2017-06-20,0.5480417713577342
AOI-0074,2017-06-26,0.7857636251217893
AOI-0074,2017-07-18,0.7473915659299626
AOI-0074,2017-08-07,0.6644049031362432
AOI-0074,2017-08-17,0.5371296268946614
AOI-0074,2017-09-16,0.3138355732278736
AOI-0074,2017-10-11,0.2637331399763235
AOI-0074,2017-10-16,0.27408214594769953
AOI-0074,2018-04-04,0.1485598711165543
AOI-0074,2018-04-23,0.33905518271278257
AOI-0074,2018-05-06,0.2758745821132975
AOI-0074,2018-05-11,0.31685983363010356
AOI-0074,2018-05-22,0.35587068895805407
AOI-0074,2018-05-26,0.36188378550622097
AOI-0074,2018-05-30,0.3805208487222939
AOI-0074,2018-07-13,0.7217725783077675
AOI-0074,2018-08-18,0.7525937984415098
AOI-0074,2018-09-14,0.36238273297784196
AOI-0074,2018-09-19,0.36262333629800825
AOI-0074,2018-09-30,0.30669486931291917
AOI-0074,2019-04-23,0.25113175718179265
AOI-0074,2019-05-04,0.21698451091050214
AOI-0074,2019-05-14,0.2340375914812199
AOI-0074,2019-05-16,0.2300084137509944
AOI-0074,2019-05-31,0.44719096101002215
AOI-0074,2019-06-13,0.6663996487949437
AOI-0074,2019-07-13,0.6851750168055015
AOI-0074,2019-08-05,0.6076887311659354
AOI-0074,2019-08-09,0.5609193681204333
AOI-0074,2019-09-14,0.3079448564135069
AOI-0074,2020-04-09,0.18159914705687916
AOI-0074,2020-07-06,0.2654863954627634
AOI-0074,2020-07-22,0.22957836438738882
AOI-0074,2020-08-07,0.22073262257422538
AOI-0074,2020-08-26,0.1938433106997957
AOI-0074,2020-09-07,0.14728668672904963
AOI-0074,2020-09-08,0.1828242916576793
AOI-0074,2020-09-12,0.1552942948625063
AOI-0074,2020-10-07,0.15378940556245022
AOI-0074,2020-10-12,0.13499108747102034
AOI-0074,2020-10-18,0.21178193560447234
AOI-0074,2020-10-22,0.12730889246978602
AOI-0074,2021-04-25,0.19729664892556384
AOI-0074,2021-06-23,0.627295094287931
AOI-0074,2021-06-27,0.646491768103897
AOI-0074,2021-07-17,0.7095339283054781
AOI-0074,2021-08-03,0.5754805511635797
AOI-0074,2021-08-06,0.5536208605219294
AOI-0074,2021-08-19,0.45336246408019126
AOI-0074,2021-09-03,0.33138894222139276
AOI-0074,2021-10-06,0.20610004368229135
AOI-0074,2021-10-17,0.20770818586189552
AOI-0074,2021-10-20,0.22170819564451347
AOI-0074,2021-10-27,0.22847700337666027
AOI-0074,2022-05-30,0.21855937627604316
AOI-0074,2022-07-12,0.7209114708615033
AOI-0074,2022-08-29,0.5050852425778929
AOI-0074,2022-10-16,0.29867088422438626
AOI-0074,2023-04-28,0.23429349633572286
AOI-0074,2023-05-30,0.4035463117227327
AOI-0074,2023-06-09,0.5918267384659803
AOI-0074,2023-06-19,0.43612239880873793
AOI-0074,2023-07-14,0.2461542679920389
AOI-0074,2023-08-16,0.24862316055902972
AOI-0074,2023-09-14,0.22391497203690172
AOI-0074,2023-10-11,0.2687308026773213
AOI-0074,2024-04-17,0.49770082432242024
AOI-0074,2024-05-08,0.6748724236279422
AOI-0074,2024-05-09,0.6202574495795306
AOI-0074,2024-06-06,0.5249781007587648
AOI-0074,2024-07-08,0.24407035682075018
AOI-0074,2024-07-18,0.2259642155513331
AOI-0074,2024-07-27,0.3065214018372243
AOI-0074,2024-08-12,0.2448977419512893
AOI-0074,2024-08-28,0.24580005863943577
AOI-0074,2024-09-04,0.18698530204842326
AOI-0074,2024-09-09,0.17990504590621048
AOI-0074,2025-04-07,0.23717833963667956
AOI-0074,2025-04-15,0.18023356611228536
AOI-0074,2025-05-12,0.20312577051574762
AOI-0074,2025-05-14,0.1788684306116993
AOI-0074,2025-06-01,0.3260990649887074
AOI-0074,2025-06-10,0.5757801699317282
AOI-0074,2025-07-06,0.8031254300259644
AOI-0074,2025-07-16,0.6862757842409141
AOI-0074,2025-08-05,0.6640419609491341
AOI-0074,2025-08-19,0.46513285184774583
AOI-0074,2025-09-08,0.23028795801866522
AOI-0074,2025-09-22,0.27732527943465884
AOI-0074,2025-10-01,0.23215759993723833
AOI-0074,2025-10-26,0.21721047267873636
AOI-0075,2025-04-07,0.34579782088858974
AOI-0075,2025-04-12,0.20444708164603403
AOI-0075,2025-07-12,0.6194163570608646
AOI-0075,2025-07-18,0.5172394446809206
AOI-0075,2025-08-21,0.5184179401349213
AOI-0075,2025-08-30,0.43720453119675085
AOI-0075,2025-09-08,0.4465353562043928
AOI-0075,2025-09-16,0.33542567070477164
AOI-0075,2025-09-21,0.28589522182829286
AOI-0075,2025-10-29,0.31156650198884067
AOI-0076,2025-04-19,0.20009500945947842
AOI-0076,2025-05-01,0.23639082743341194
AOI-0076,2025-05-11,0.26288350644013825
AOI-0076,2025-05-25,0.6209173144112227
AOI-0076,2025-07-10,0.8150666420011419
AOI-0076,2025-07-31,0.7250340314730103
AOI-0076,2025-08-21,0.40803599274338964
AOI-0076,2025-08-27,0.3354910238619945
AOI-0076,2025-09-01,0.29493545248977043
AOI-0076,2025-09-21,0.22221449085985398
AOI-0076,2025-09-22,0.27019566547807766
AOI-0076,2025-10-01,0.21458645354702321
AOI-0076,2025-10-04,0.21604529844790962
AOI-0077,2025-05-09,0.7375823639286843
AOI-0077,2025-06-06,0.5716083968048261
AOI-0077,2025-06-21,0.4729538860433796
AOI-0077,2025-07-12,0.369551195925831
AOI-0077,2025-08-22,0.1692250750258605
AOI-0077,2025-08-27,0.16264864692524672
AOI-0077,2025-08-30,0.2177634102550134
AOI-0077,2025-09-11,0.17571586583720367
AOI-0077,2025-09-22,0.23703413912407803
AOI-0078,2025-05-02,0.7730625390503777
AOI-0078,2025-05-25,0.7468327769806026
AOI-0078,2025-06-01,0.6429539391184537
AOI-0078,2025-06-03,0.6658962717910142
AOI-0078,2025-06-06,0.6345915842338491
AOI-0078,2025-06-10,0.5764830462294206
AOI-0078,2025-07-04,0.24804439347289464
AOI-0078,2025-07-10,0.1829222133896557
AOI-0078,2025-07-11,0.20769546952022078
AOI-0078,2025-07-13,0.16281959215218036
AOI-0078,2025-08-10,0.1756635149710314
AOI-0078,2025-08-15,0.19746547714627505
AOI-0078,2025-09-08,0.18619852869058148
AOI-0078,2025-10-04,0.26959857034774515
