anon_polygon_id,date,primary_ndvi_true
AOI-0001,2010-08-29,0.2191412601459926
AOI-0001,2010-10-25,0.18629931790720242
AOI-0001,2011-06-13,0.6452266706991746
AOI-0001,2011-09-18,0.26061731640295327
AOI-0001,2011-09-26,0.2746974460128215
AOI-0001,2011-09-30,0.40885256783143564
AOI-0001,2012-05-24,0.6922431411928365
AOI-0001,2012-07-09,0.23462507417944165
AOI-0001,2012-07-11,0.3360532719420632
AOI-0001,2012-08-10,0.16155420984170007
AOI-0001,2012-08-12,0.30489361970171264
AOI-0001,2012-10-15,0.3739609687396837
AOI-0001,2013-05-01,0.8260166760338455
AOI-0001,2013-07-12,0.3432142463438644
AOI-0001,2013-09-30,0.5667045782104174
AOI-0001,2014-04-18,0.2482555870140705
AOI-0001,2014-05-25,0.6774311469570582
AOI-0001,2014-06-26,0.8060116757211929
AOI-0001,2014-07-15,0.7320486368155251
AOI-0001,2014-07-28,0.5701976135650554
AOI-0001,2014-08-09,0.35260144815792804
AOI-0001,2014-08-13,0.36356789410202534
AOI-0001,2014-10-03,0.20088780747160992
AOI-0001,2014-10-16,0.3114500852170318
AOI-0001,2015-04-13,0.43440602174145154
AOI-0001,2015-08-11,0.2123706808014668
AOI-0001,2015-08-12,0.20018806217417537
AOI-0001,2015-08-27,0.21665846728410998
AOI-0001,2015-09-20,0.18105914396659953
AOI-0001,2015-09-28,0.20817986392192034
AOI-0001,2016-06-27,0.27236019775369075
AOI-0001,2016-07-04,0.27259025628918404
AOI-0001,2016-07-20,0.2937920428437272
AOI-0001,2016-07-27,0.36754812767149025
AOI-0001,2016-08-29,0.28448092500601624
AOI-0001,2016-08-30,0.25066489890559096
AOI-0001,2016-09-15,0.4631949522946822
AOI-0001,2016-09-29,0.68507567254392
AOI-0001,2017-05-12,0.7319281312388376
AOI-0001,2017-06-29,0.5711617393634645
AOI-0001,2017-07-12,0.4700482009132345
AOI-0001,2017-08-09,0.30414367012329957
AOI-0001,2017-08-29,0.25746105174314116
AOI-0001,2017-09-08,0.20716238433085357
AOI-0001,2017-09-14,0.28049890158015695
AOI-0001,2018-04-05,0.4908762974127153
AOI-0001,2018-04-23,0.8002952291809626
AOI-0001,2018-05-01,0.8061683046444866
AOI-0001,2018-06-08,0.691399335616089
AOI-0001,2018-07-12,0.3078558505129581
AOI-0001,2018-09-28,0.1588997292704351
AOI-0001,2018-10-13,0.18933609404287174
AOI-0001,2019-05-11,0.4856787136794496
AOI-0001,2019-05-31,0.7140756728950219
AOI-0001,2019-06-04,0.7241509657393054
AOI-0001,2019-06-05,0.7067300372813675
AOI-0001,2019-06-25,0.3755122373919245
AOI-0001,2019-07-12,0.4698558107559038
AOI-0001,2019-07-22,0.4225268750115067
AOI-0001,2019-07-29,0.45398960508884567
AOI-0001,2019-08-30,0.23655504381172993
AOI-0001,2019-09-07,0.23603190860092654
AOI-0001,2019-09-08,0.21708288049366448
AOI-0001,2019-09-18,0.13723166941907955
AOI-0001,2020-04-03,0.5402142285118625
AOI-0001,2020-04-26,0.6805665332162923
AOI-0001,2020-05-30,0.8161948967843278
AOI-0001,2020-06-09,0.7724195731897621
AOI-0001,2020-07-14,0.15413780701085106
AOI-0001,2020-07-23,0.23632661463156515
AOI-0001,2020-07-27,0.2705216377568854
AOI-0001,2020-08-08,0.18894956824893563
AOI-0001,2020-09-01,0.30700228273301794
AOI-0001,2020-09-02,0.27696502899035746
AOI-0001,2020-09-12,0.22665157771624284
AOI-0001,2020-09-22,0.21934155219170567
AOI-0001,2020-09-29,0.2525775808641842
AOI-0001,2020-10-11,0.1937162849223097
AOI-0001,2020-10-12,0.1790684057493021
AOI-0001,2020-10-19,0.1723418722842485
AOI-0001,2021-05-15,0.5230047404661772
AOI-0001,2021-05-20,0.5015604620954984
AOI-0001,2021-06-10,0.6761153943792327
AOI-0001,2021-07-02,0.6308824291212404
AOI-0001,2021-07-24,0.6673937025548737
AOI-0001,2021-09-17,0.2186098215069542
AOI-0001,2022-04-25,0.6760885869010865
AOI-0001,2022-06-03,0.8066312692184305
AOI-0001,2022-09-02,0.249680824439369
AOI-0001,2022-09-30,0.27407584056130846
AOI-0001,2022-10-01,0.23496183554169306
AOI-0001,2022-10-17,0.20512209202436604
AOI-0001,2023-05-25,0.8428647540039776
AOI-0001,2023-06-23,0.8295038354736916
AOI-0001,2023-07-15,0.24800984257036857
AOI-0001,2023-07-29,0.1724899041611231
AOI-0001,2023-08-03,0.2087977745125241
AOI-0001,2023-08-08,0.209005105504912
AOI-0001,2023-08-13,0.27807137772035234
AOI-0001,2023-08-17,0.26866425550597495
AOI-0001,2023-08-28,0.21136167171736417
AOI-0001,2023-08-29,0.28513817351128884
AOI-0001,2023-09-12,0.2215575988267751
AOI-0001,2024-04-06,0.7746407552668922
AOI-0001,2024-05-24,0.7680796562738881
AOI-0001,2024-06-01,0.7107227575055264
AOI-0001,2024-06-03,0.7020278871881419
AOI-0001,2024-06-09,0.5870556775855161
AOI-0001,2024-06-13,0.5716690222430005
AOI-0001,2024-06-17,0.5709275715941841
AOI-0001,2024-06-23,0.3531295848770693
AOI-0001,2024-06-25,0.37947068385177407
AOI-0001,2024-07-03,0.26794060616919807
AOI-0001,2024-09-11,0.14627299980444172
AOI-0001,2024-09-13,0.21455115867429733
AOI-0001,2024-09-16,0.15222214512637935
AOI-0001,2024-09-29,0.2203107882533564
AOI-0001,2025-04-23,0.4815019427773571
AOI-0001,2025-05-03,0.3727558838179954
AOI-0001,2025-06-03,0.4420907694126061
AOI-0001,2025-06-27,0.6279567031751861
AOI-0001,2025-07-05,0.5614855599647333
AOI-0001,2025-07-12,0.4505862638755192
AOI-0001,2025-07-13,0.41644011334187997
AOI-0001,2025-07-23,0.3857718285926288
AOI-0001,2025-07-28,0.35797272350398646
AOI-0001,2025-07-29,0.3775605296616314
AOI-0001,2025-08-02,0.2860750268178728
AOI-0001,2025-10-28,0.23369877186899352
AOI-0002,2025-05-03,0.8263795842393238
AOI-0002,2025-06-03,0.5428946833167397
AOI-0002,2025-06-26,0.4589428813633373
AOI-0002,2025-07-29,0.2558174190599574
AOI-0002,2025-08-02,0.17690214964705858
AOI-0002,2025-08-13,0.25950787938467645
AOI-0002,2025-08-19,0.16160010372297598
AOI-0003,2025-04-01,0.5438145803335566
AOI-0003,2025-04-18,0.8400839131307358
AOI-0003,2025-04-19,0.8507258326308583
AOI-0003,2025-05-06,0.8033568892110742
AOI-0003,2025-06-04,0.7610838927289192
AOI-0003,2025-06-13,0.5968752384195084
AOI-0003,2025-07-07,0.19940109864868114
AOI-0003,2025-07-13,0.19413648819209017
AOI-0003,2025-07-15,0.17655152697980284
AOI-0003,2025-08-04,0.20652570330553519
AOI-0003,2025-08-07,0.17927667779377823
AOI-0003,2025-08-14,0.1886539633197352
AOI-0003,2025-08-22,0.1556797356745014
AOI-0003,2025-08-23,0.19694160085383006
AOI-0004,2025-04-23,0.6804121630217314
AOI-0004,2025-05-04,0.6108982340154416
AOI-0004,2025-05-24,0.6762233980667893
AOI-0004,2025-05-25,0.7354592993714701
AOI-0004,2025-06-30,0.5977085921016558
AOI-0004,2025-07-12,0.49837503091732316
AOI-0004,2025-07-23,0.4716550236722694
AOI-0004,2025-08-02,0.4082851077474466
AOI-0004,2025-09-14,0.38573520694226154
AOI-0004,2025-09-23,0.32336031182377356
AOI-0005,2025-05-01,0.6537265522192639
AOI-0005,2025-05-03,0.6639161951866264
AOI-0005,2025-05-14,0.5314471395115911
AOI-0005,2025-06-11,0.6188632181429372
AOI-0005,2025-07-21,0.43243450210324674
AOI-0005,2025-08-17,0.3046154812933722
AOI-0005,2025-09-01,0.24575021771488903
AOI-0006,2025-04-01,0.20244443488832764
AOI-0006,2025-05-09,0.4229622401102221
AOI-0006,2025-05-25,0.6104573366005057
AOI-0006,2025-07-28,0.4110298300145934
AOI-0006,2025-08-09,0.2927101751059014
AOI-0006,2025-08-22,0.27074969544421024
AOI-0006,2025-08-30,0.26346998399975
AOI-0006,2025-09-07,0.2207034361270568
AOI-0006,2025-10-28,0.2140329843579053
AOI-0007,2025-04-01,0.1808267594384002
AOI-0007,2025-04-18,0.2556277523647436
AOI-0007,2025-04-29,0.3377117306497028
AOI-0007,2025-05-01,0.36354607390548194
AOI-0007,2025-06-26,0.340454659507801
AOI-0007,2025-07-28,0.16836193887842185
AOI-0007,2025-08-13,0.24274519389759494
AOI-0007,2025-08-14,0.15413155833858874
AOI-0007,2025-08-16,0.17491353466535764
AOI-0007,2025-09-11,0.15806278320135764
AOI-0007,2025-09-26,0.17981690794555313
AOI-0008,2025-04-17,0.8470758202172965
AOI-0008,2025-04-24,0.7713481537142354
AOI-0008,2025-05-19,0.8142859856678397
AOI-0008,2025-07-08,0.21454877621841584
AOI-0008,2025-07-15,0.16932716394919525
AOI-0008,2025-07-17,0.18292737410461496
AOI-0008,2025-08-13,0.2465136309320289
AOI-0008,2025-09-01,0.14383025036248287
AOI-0008,2025-09-30,0.2477451747186338
AOI-0008,2025-10-16,0.24598194035162962
AOI-0009,2025-04-01,0.7293129058920506
AOI-0009,2025-04-23,0.8121437807076441
AOI-0009,2025-05-04,0.8445686764452225
AOI-0009,2025-06-30,0.181583728915846
AOI-0009,2025-07-05,0.19201900467940677
AOI-0009,2025-07-10,0.16922301736681175
AOI-0009,2025-07-25,0.16954875224542243
AOI-0009,2025-08-12,0.15900262447040284
AOI-0009,2025-08-17,0.18152230442054343
AOI-0009,2025-08-22,0.1627808077253177
AOI-0009,2025-08-24,0.15200371790197323
AOI-0009,2025-09-14,0.23574830820210063
AOI-0009,2025-09-16,0.18307821697488727
AOI-0009,2025-09-25,0.1697389670649089
AOI-0009,2025-10-03,0.2065433947869673
AOI-0010,2010-06-19,0.368058944240295
AOI-0010,2010-08-06,0.2376983738213495
AOI-0010,2010-08-22,0.21665823975069917
AOI-0010,2011-06-14,0.5190460906424444
AOI-0010,2011-07-12,0.3713378198359752
AOI-0010,2011-08-09,0.2634182328833609
AOI-0010,2011-08-13,0.34209103820897846
AOI-0010,2011-09-10,0.2323861455430916
AOI-0010,2012-04-13,0.28467278890829645
AOI-0010,2012-08-03,0.2275907926217144
AOI-0010,2013-04-16,0.6977794799070228
AOI-0010,2013-05-25,0.6422574697983643
AOI-0010,2013-06-26,0.33713811932309495
AOI-0010,2013-07-12,0.3253943737281653
AOI-0010,2014-05-29,0.6627658233433641
AOI-0010,2014-06-06,0.5794791719015838
AOI-0010,2014-06-10,0.44485438669478655
AOI-0010,2014-08-29,0.2536198105480691
AOI-0010,2014-09-30,0.2655783617957876
AOI-0010,2015-04-07,0.33166508909279513
AOI-0010,2015-04-14,0.22091353360665217
AOI-0010,2015-05-25,0.36799690156544806
AOI-0010,2015-10-07,0.18943646520442997
AOI-0010,2016-07-27,0.37133643717948533
AOI-0010,2016-08-12,0.3243074585592787
AOI-0010,2016-09-13,0.2784948528470843
AOI-0010,2017-04-03,0.31541362257950917
AOI-0010,2017-04-07,0.5246697178040329
AOI-0010,2017-08-01,0.1518592548610188
AOI-0010,2017-08-04,0.16905426231772522
AOI-0010,2017-08-13,0.23808230686725443
AOI-0010,2017-08-29,0.22699749206260333
AOI-0010,2018-05-16,0.8426229884723748
AOI-0010,2018-07-28,0.2641749283493906
AOI-0010,2018-08-28,0.17506670466467786
AOI-0010,2018-09-14,0.22463663159003072
AOI-0010,2019-04-06,0.3554942527572227
AOI-0010,2019-04-28,0.7233545329105843
AOI-0010,2019-05-19,0.8587221913827344
AOI-0010,2019-06-20,0.2208385415295644
AOI-0010,2019-06-26,0.25573762821871837
AOI-0010,2019-06-27,0.16178073164961626
AOI-0010,2019-07-20,0.17462205071728312
AOI-0010,2019-08-13,0.3069047524102281
AOI-0010,2019-08-19,0.17388968308039746
AOI-0010,2019-08-21,0.17947932056210977
AOI-0010,2019-09-23,0.1668490850585745
AOI-0010,2020-06-06,0.34544659697309077
AOI-0010,2020-06-09,0.39072935526418484
AOI-0010,2020-07-16,0.16509983585868998
AOI-0010,2020-07-19,0.16075345296370014
AOI-0010,2020-07-26,0.14616306514877883
AOI-0010,2020-07-31,0.15802724045439318
AOI-0010,2020-09-09,0.17964417703981442
AOI-0010,2020-09-13,0.2520263552662494
AOI-0010,2020-09-19,0.12211851283753948
AOI-0010,2020-09-27,0.15296408827438301
AOI-0010,2021-05-05,0.3442097069150541
AOI-0010,2021-05-09,0.5181697214102778
AOI-0010,2021-07-28,0.30278721298802197
AOI-0010,2021-08-05,0.23477236777208993
AOI-0010,2021-09-04,0.322676880159025
AOI-0010,2021-09-17,0.34746997064522306
AOI-0010,2021-10-27,0.3495224815355928
AOI-0010,2022-06-06,0.7113445467871977
AOI-0010,2022-06-10,0.6228823911022042
AOI-0010,2022-06-11,0.6987816207454232
AOI-0010,2022-07-17,0.27777362270839706
AOI-0010,2022-07-28,0.3462796593165618
AOI-0010,2022-09-08,0.2998156497555528
AOI-0010,2023-04-02,0.48785991759595215
AOI-0010,2023-04-27,0.6656397171387218
AOI-0010,2023-06-08,0.7274208902585525
AOI-0010,2023-06-16,0.6168956540771501
AOI-0010,2023-08-23,0.2443594369715645
AOI-0010,2023-08-30,0.2372129976604361
AOI-0010,2023-09-19,0.268782861535152
AOI-0010,2024-04-04,0.5957930422043655
AOI-0010,2024-04-26,0.7443313989155224
AOI-0010,2024-05-08,0.7702255957117125
AOI-0010,2024-05-21,0.7325606071265962
AOI-0010,2024-06-18,0.23229051999976863
AOI-0010,2024-06-20,0.2075634596420508
AOI-0010,2024-07-08,0.19374708675550353
AOI-0010,2024-07-15,0.17453968763667227
AOI-0010,2024-08-12,0.22769466931798926
AOI-0010,2024-09-06,0.1963222955104165
AOI-0010,2024-09-28,0.18793669797731688
AOI-0010,2024-10-01,0.19012966426358702
AOI-0010,2024-10-15,0.2717309939904232
AOI-0010,2024-10-23,0.19027253533462976
AOI-0010,2025-04-16,0.39398211396659405
AOI-0010,2025-04-18,0.424816526852845
AOI-0010,2025-05-09,0.7776477488173582
AOI-0010,2025-06-05,0.5318734986607238
AOI-0010,2025-06-07,0.48940499011246447
AOI-0010,2025-06-28,0.19530559536549721
AOI-0010,2025-07-05,0.18235484070742977
AOI-0010,2025-07-06,0.20817335705267323
AOI-0010,2025-07-07,0.17600844274646488
AOI-0010,2025-07-25,0.14830623068927454
AOI-0010,2025-07-30,0.1586044242265392
AOI-0010,2025-08-16,0.1960135577011402
AOI-0010,2025-08-27,0.1735185319754432
AOI-0010,2025-09-16,0.21814873063691725
AOI-0010,2025-09-30,0.306090124714279
AOI-0010,2025-10-05,0.22406269798043119
AOI-0011,2025-04-07,0.6851405535096562
AOI-0011,2025-04-17,0.7805348719408388
AOI-0011,2025-04-23,0.840197601135602
AOI-0011,2025-04-28,0.7821597355435135
AOI-0011,2025-05-24,0.8023009611248326
AOI-0011,2025-06-03,0.5814717343545017
AOI-0011,2025-07-12,0.3015196946123498
AOI-0011,2025-08-06,0.21582271487281984
AOI-0011,2025-08-14,0.23015226823380777
AOI-0011,2025-08-19,0.21205272648520707
AOI-0011,2025-08-27,0.17361225460996957
AOI-0011,2025-09-30,0.2585052464520509
AOI-0011,2025-10-03,0.16985368571890572
AOI-0011,2025-10-05,0.16024978677587579
AOI-0012,2025-04-01,0.24625775469824057
AOI-0012,2025-04-28,0.4611417194533803
AOI-0012,2025-05-16,0.7273615867523269
AOI-0012,2025-06-03,0.6594965219899516
AOI-0012,2025-06-05,0.5716283026751844
AOI-0012,2025-06-15,0.2877151690216335
AOI-0012,2025-06-26,0.30842034676318864
AOI-0012,2025-07-10,0.1765164458521037
AOI-0012,2025-07-18,0.13877409524891146
AOI-0012,2025-07-30,0.15423933369946002
AOI-0013,2010-04-16,0.7035953582814786
AOI-0013,2010-06-10,0.4918448036082084
AOI-0013,2010-06-19,0.36091587139318054
AOI-0013,2010-10-24,0.23859074478782052
AOI-0013,2011-04-18,0.23055159950458187
AOI-0013,2011-04-26,0.2505036063656351
AOI-0013,2012-05-08,0.5513009120288759
AOI-0013,2012-06-23,0.535737677465503
AOI-0013,2012-08-12,0.4782251436583721
AOI-0013,2013-04-16,0.2792567272869204
AOI-0013,2013-04-24,0.29464096233069975
AOI-0013,2013-05-02,0.31161101229571003
AOI-0013,2013-05-09,0.4872336145276752
AOI-0013,2013-06-11,0.4562643681924846
AOI-0013,2013-07-12,0.5320903377045499
AOI-0013,2013-07-28,0.4587139589679485
AOI-0013,2014-05-29,0.44672827358181444
AOI-0013,2014-06-10,0.4798559192144703
AOI-0013,2014-07-28,0.4115803169338845
AOI-0013,2014-08-01,0.32502893646401293
AOI-0013,2014-08-08,0.3307674835218463
AOI-0013,2014-08-13,0.41520326171723126
AOI-0013,2015-05-09,0.5649402463287462
AOI-0013,2015-05-23,0.48569703680424736
AOI-0013,2015-07-12,0.5220413498831895
AOI-0013,2015-08-20,0.3825028754011357
AOI-0013,2015-10-07,0.3519123635078512
AOI-0013,2015-10-16,0.3850899448277926
AOI-0013,2016-05-09,0.4691759084184566
AOI-0013,2016-05-10,0.45785471025232566
AOI-0013,2016-08-12,0.6043366407796577
AOI-0013,2016-08-21,0.6698578461572492
AOI-0013,2016-09-13,0.6012556652340117
AOI-0013,2016-10-09,0.5186486572879299
AOI-0013,2017-04-11,0.24631909334510438
AOI-0013,2017-04-28,0.36189536147059936
AOI-0013,2017-05-01,0.36036125942772446
AOI-0013,2017-05-21,0.6012572288348047
AOI-0013,2017-05-29,0.5793741946536013
AOI-0013,2017-06-30,0.6740371303887117
AOI-0013,2017-07-27,0.4787920134280543
AOI-0013,2017-08-08,0.4756002649835228
AOI-0013,2017-08-24,0.4282165518800542
AOI-0013,2017-09-13,0.43215451185246545
AOI-0013,2017-09-17,0.46510238700925655
AOI-0013,2017-09-30,0.4412519837499827
AOI-0013,2018-05-25,0.5283269387762778
AOI-0013,2018-06-08,0.42140375163878746
AOI-0013,2018-06-15,0.3412958735559447
AOI-0013,2018-07-12,0.43088062479526684
AOI-0013,2018-08-13,0.42901635651388365
AOI-0013,2018-08-27,0.41255843881558496
AOI-0013,2018-09-28,0.3915179552398899
AOI-0013,2018-10-06,0.4063746273815594
AOI-0013,2019-04-01,0.26754328885950873
AOI-0013,2019-05-06,0.42121495718825797
AOI-0013,2019-06-02,0.3733103916503223
AOI-0013,2019-06-05,0.42082349325008583
AOI-0013,2019-06-12,0.4775260210865955
AOI-0013,2019-06-25,0.386147296369031
AOI-0013,2019-07-17,0.44246339065510526
AOI-0013,2019-07-28,0.547139955390477
AOI-0013,2019-08-24,0.4447942789954752
AOI-0013,2019-08-31,0.5085533746376663
AOI-0013,2019-09-08,0.47340696313443253
AOI-0013,2019-09-13,0.4564541808314156
AOI-0013,2019-10-02,0.47549713606871696
AOI-0013,2019-10-10,0.5528437714538009
AOI-0013,2019-10-17,0.46268182314131817
AOI-0013,2020-04-22,0.4296419092500746
AOI-0013,2020-05-12,0.36407211940153184
AOI-0013,2020-06-24,0.46190351418809833
AOI-0013,2020-06-26,0.48630883456903606
AOI-0013,2020-08-12,0.410485551602406
AOI-0013,2020-08-15,0.4178860203976583
AOI-0013,2020-08-16,0.42868367536123453
AOI-0013,2020-08-20,0.37128468945810766
AOI-0013,2020-10-27,0.30229110242123514
AOI-0013,2021-04-23,0.46927405066145705
AOI-0013,2021-06-10,0.6115060955034974
AOI-0013,2021-06-11,0.5399790024722929
AOI-0013,2021-06-21,0.5040170919138015
AOI-0013,2021-07-12,0.5206767541843713
AOI-0013,2021-07-14,0.5170739135719703
AOI-0013,2021-08-20,0.49850227956217064
AOI-0013,2021-10-14,0.4218973220105938
AOI-0013,2021-10-16,0.45796902674745227
AOI-0013,2022-04-02,0.4645160948455613
AOI-0013,2022-04-17,0.5455234473849956
AOI-0013,2022-04-24,0.5737325323298013
AOI-0013,2022-04-25,0.5670160203752488
AOI-0013,2022-06-10,0.5489725708218063
AOI-0013,2022-06-16,0.3884674111694299
AOI-0013,2022-06-26,0.5061969074653577
AOI-0013,2022-07-05,0.5415344304288138
AOI-0013,2022-07-17,0.5694988230298089
AOI-0013,2022-07-22,0.5542243930071201
AOI-0013,2022-08-14,0.575993660288554
AOI-0013,2022-09-14,0.445253864538441
AOI-0013,2022-10-07,0.38263120300272213
AOI-0013,2022-10-14,0.3608425248147338
AOI-0013,2023-04-10,0.46087905095019677
AOI-0013,2023-06-21,0.5505901380382997
AOI-0013,2023-06-29,0.5539071766908382
AOI-0013,2023-07-06,0.48731140718474597
AOI-0013,2023-07-12,0.49729571723057325
AOI-0013,2023-07-24,0.5070146714236349
AOI-0013,2023-08-05,0.5202130209048683
AOI-0013,2023-08-20,0.5015194220514197
AOI-0013,2023-08-23,0.5193405986968304
AOI-0013,2023-08-26,0.49456665358670115
AOI-0013,2023-09-11,0.5163154682426786
AOI-0013,2023-09-14,0.5074871281024639
AOI-0013,2023-09-24,0.501343732286538
AOI-0013,2023-10-05,0.45920240297748943
AOI-0013,2023-10-14,0.3863286589658058
AOI-0013,2023-10-17,0.35910895886095523
AOI-0013,2023-10-19,0.3672000137726239
AOI-0013,2024-04-26,0.4225976710868188
AOI-0013,2024-05-04,0.4673494795660372
AOI-0013,2024-05-23,0.5206687183609034
AOI-0013,2024-05-24,0.5748774448605308
AOI-0013,2024-06-30,0.5151370741732754
AOI-0013,2024-07-02,0.5598042464618407
AOI-0013,2024-07-11,0.46783351739680357
AOI-0013,2024-07-26,0.42513869483025873
AOI-0013,2024-07-27,0.43425022819540127
AOI-0013,2024-08-09,0.506991592084401
AOI-0013,2024-08-11,0.5587160157472789
AOI-0013,2024-09-03,0.47649375110251185
AOI-0013,2024-09-06,0.4886509109119748
AOI-0013,2024-09-26,0.44495066834002533
AOI-0013,2024-10-08,0.3814341207641823
AOI-0013,2025-04-01,0.47479747074285966
AOI-0013,2025-04-28,0.5341825875120728
AOI-0013,2025-05-16,0.4876068134020291
AOI-0013,2025-05-19,0.4969314307707499
AOI-0013,2025-05-24,0.48079885449646687
AOI-0013,2025-07-07,0.4952192071090881
AOI-0013,2025-07-08,0.47225778368633525
AOI-0013,2025-07-14,0.501967243601907
AOI-0013,2025-07-21,0.5181540667039258
AOI-0013,2025-07-27,0.5514368417141926
AOI-0013,2025-08-15,0.4971952088968487
AOI-0013,2025-09-03,0.45496363923240424
AOI-0013,2025-09-07,0.5189224131555893
AOI-0014,2010-04-07,0.567998096579618
AOI-0014,2010-04-24,0.7119434364936039
AOI-0014,2010-06-10,0.7458703805275404
AOI-0014,2010-09-23,0.19273507003757978
AOI-0014,2011-04-19,0.21463088607507924
AOI-0014,2011-04-26,0.23087171731603634
AOI-0014,2011-05-09,0.6580932171480909
AOI-0014,2011-05-28,0.6562532534184755
AOI-0014,2011-06-14,0.7451129852285943
AOI-0014,2011-08-01,0.4467849478052451
AOI-0014,2011-09-14,0.2942721670849452
AOI-0014,2011-09-17,0.20848689443153617
AOI-0014,2011-10-27,0.28626970812513586
AOI-0014,2012-05-06,0.6820168202441917
AOI-0014,2012-06-25,0.3900020457663249
AOI-0014,2012-08-28,0.2995862005128329
AOI-0014,2012-09-04,0.20661788115215654
AOI-0014,2012-09-11,0.20692461314140148
AOI-0014,2012-09-27,0.18422209394902395
AOI-0014,2013-05-09,0.4256623183189323
AOI-0014,2013-06-11,0.5542855633014356
AOI-0014,2013-06-19,0.6444151453923442
AOI-0014,2013-07-28,0.6738979021251528
AOI-0014,2013-09-14,0.38292506282050687
AOI-0014,2013-09-23,0.23295969504195296
AOI-0014,2014-06-26,0.44583037065408426
AOI-0014,2014-06-29,0.35716074039435336
AOI-0014,2014-08-17,0.20957587330002742
AOI-0014,2014-09-30,0.2994161269203785
AOI-0014,2014-10-27,0.22581995913027217
AOI-0014,2015-04-14,0.3496954655043234
AOI-0014,2015-06-16,0.6972546832500702
AOI-0014,2015-06-26,0.47825769751957153
AOI-0014,2015-07-12,0.46325088514512885
AOI-0014,2015-07-27,0.34045862551116685
AOI-0014,2015-08-28,0.22652543708550793
AOI-0014,2016-04-22,0.42729389211860025
AOI-0014,2016-05-09,0.32661547460737783
AOI-0014,2016-06-03,0.6259922593479021
AOI-0014,2016-06-19,0.8407695211146172
AOI-0014,2016-08-13,0.49297770890712234
AOI-0014,2016-08-30,0.2938940588400751
AOI-0014,2017-04-26,0.7707446713211017
AOI-0014,2017-04-28,0.7874859188772886
AOI-0014,2017-05-21,0.8959676857241508
AOI-0014,2017-05-29,0.8937056957095875
AOI-0014,2017-07-23,0.26760645609044903
AOI-0014,2017-07-31,0.21952406272315805
AOI-0014,2017-08-06,0.130370299992501
AOI-0014,2017-08-21,0.13166599850499613
AOI-0014,2017-09-10,0.15814805361079642
AOI-0014,2017-09-30,0.24527136336830335
AOI-0014,2017-10-08,0.16469866360654817
AOI-0014,2018-04-07,0.5724202345213331
AOI-0014,2018-05-03,0.770049077181614
AOI-0014,2018-06-24,0.2667854229963849
AOI-0014,2018-07-18,0.23176878336754697
AOI-0014,2018-08-27,0.2100688326128678
AOI-0014,2018-10-06,0.21286546487067243
AOI-0014,2019-04-01,0.25427066209337384
AOI-0014,2019-04-21,0.18421710255804657
AOI-0014,2019-05-01,0.21602622694406032
AOI-0014,2019-05-09,0.6321853780602352
AOI-0014,2019-05-27,0.6747864063025689
AOI-0014,2019-05-28,0.6265075672194185
AOI-0014,2019-06-04,0.7865576809176039
AOI-0014,2019-06-11,0.8675489801881896
AOI-0014,2019-06-15,0.855502652540321
AOI-0014,2019-06-22,0.7370888232721491
AOI-0014,2019-07-06,0.6329530521254556
AOI-0014,2019-08-14,0.3346028464134528
AOI-0014,2019-08-26,0.20430113696501892
AOI-0014,2020-04-06,0.6661052496672828
AOI-0014,2020-04-07,0.7052571971773747
AOI-0014,2020-04-17,0.7013961502091428
AOI-0014,2020-04-22,0.7162518806395199
AOI-0014,2020-04-25,0.7186463577156856
AOI-0014,2020-05-15,0.6789160352177711
AOI-0014,2020-05-17,0.6490257814303738
AOI-0014,2020-06-04,0.7052256740974179
AOI-0014,2020-06-25,0.37301644585025034
AOI-0014,2020-07-11,0.27286066304686546
AOI-0014,2020-07-27,0.26148706819007167
AOI-0014,2020-08-16,0.2075478470328825
AOI-0014,2020-09-09,0.1575220996814046
AOI-0014,2020-09-24,0.14545391896455415
AOI-0014,2021-04-07,0.48386421633322996
AOI-0014,2021-04-29,0.6961804553511579
AOI-0014,2021-05-25,0.8262702190800055
AOI-0014,2021-08-13,0.2890484309246032
AOI-0014,2021-08-18,0.14188219284530032
AOI-0014,2021-09-14,0.19494941826219842
AOI-0014,2021-10-12,0.16502768163533857
AOI-0014,2021-10-14,0.19551032417048844
AOI-0014,2022-05-15,0.258200079349342
AOI-0014,2022-05-26,0.4156270080017172
AOI-0014,2022-05-27,0.3530213278133134
AOI-0014,2022-06-24,0.6971271608169496
AOI-0014,2022-07-14,0.8048697375373007
AOI-0014,2022-07-24,0.7591544952218211
AOI-0014,2022-08-22,0.3607753406207447
AOI-0014,2022-08-29,0.3037198685543444
AOI-0014,2022-09-02,0.18898782218169768
AOI-0014,2022-09-08,0.2290362260111852
AOI-0014,2022-09-14,0.23807889633372148
AOI-0014,2023-06-07,0.8598528654495917
AOI-0014,2023-08-10,0.21532602818689464
AOI-0014,2024-04-04,0.6814745446623108
AOI-0014,2024-05-08,0.8415324785139857
AOI-0014,2024-05-09,0.8192425150793499
AOI-0014,2024-05-21,0.8325847995879626
AOI-0014,2024-05-23,0.8394036539043095
AOI-0014,2024-06-08,0.5574710683285053
AOI-0014,2024-07-25,0.146302493770735
AOI-0014,2024-08-11,0.20250352496979757
AOI-0014,2024-09-01,0.15170835800630544
AOI-0014,2024-09-08,0.13543517001323294
AOI-0014,2024-09-11,0.1350425362772822
AOI-0014,2024-09-18,0.13539673895302032
AOI-0014,2024-09-29,0.22221929154741865
AOI-0014,2024-10-07,0.18940464705080043
AOI-0014,2024-10-30,0.21390459282533192
AOI-0014,2025-04-23,0.4013298154475608
AOI-0014,2025-05-01,0.20825063766892293
AOI-0014,2025-05-27,0.4384085221468301
AOI-0014,2025-06-13,0.4174457245545076
AOI-0014,2025-08-12,0.2320903458646471
AOI-0014,2025-08-15,0.29950371644568435
AOI-0014,2025-08-24,0.1805988104294604
AOI-0014,2025-09-11,0.14546960092871483
AOI-0014,2025-09-14,0.245229220047733
AOI-0014,2025-09-23,0.19559060642602843
AOI-0014,2025-09-24,0.20757004673288318
AOI-0015,2025-05-04,0.343022345425492
AOI-0015,2025-05-27,0.4856045905691679
AOI-0015,2025-06-07,0.43190721535448057
AOI-0015,2025-07-03,0.3765493846194883
AOI-0015,2025-07-05,0.3662209652101911
AOI-0015,2025-07-08,0.31635256577730686
AOI-0015,2025-07-13,0.24898724797912017
AOI-0015,2025-07-15,0.2312799909738109
AOI-0015,2025-07-18,0.23287062958468888
AOI-0015,2025-07-21,0.29251892454100353
AOI-0015,2025-07-23,0.24076603291481904
AOI-0015,2025-09-07,0.20745719433620946
AOI-0015,2025-10-13,0.18391811736291436
AOI-0015,2025-10-16,0.2809923648556397
AOI-0015,2025-10-18,0.21187228856029938
AOI-0016,2025-04-19,0.23937207330997268
AOI-0016,2025-05-25,0.5543093894284115
AOI-0016,2025-06-11,0.5982715319136793
AOI-0016,2025-06-26,0.779350510332199
AOI-0016,2025-07-10,0.7795391052331613
AOI-0016,2025-07-17,0.7409762032791146
AOI-0016,2025-07-18,0.746036102418084
AOI-0016,2025-08-19,0.3697762944097336
AOI-0016,2025-08-29,0.38294792827544166
AOI-0016,2025-10-17,0.25672384093964334
AOI-0017,2010-06-10,0.6009911245895668
AOI-0017,2010-07-29,0.5841648274362181
AOI-0017,2010-09-23,0.35249837613152374
AOI-0017,2011-04-18,0.31308058305547454
AOI-0017,2011-09-17,0.5307565193528496
AOI-0017,2011-09-26,0.5261250713524623
AOI-0017,2011-09-30,0.521478194742113
AOI-0017,2011-10-11,0.4987945566749815
AOI-0017,2011-10-27,0.4735052404441195
AOI-0017,2012-07-18,0.6137651633505546
AOI-0017,2012-07-27,0.4882153975345808
AOI-0017,2012-08-28,0.46182828443834506
AOI-0017,2012-09-29,0.4630624457774831
AOI-0017,2013-05-25,0.6694323255788629
AOI-0017,2013-07-12,0.540500309556792
AOI-0017,2013-08-14,0.43283440331627004
AOI-0017,2013-09-14,0.6129214651764862
AOI-0017,2013-09-30,0.6021178228302431
AOI-0017,2013-10-09,0.638585151727666
AOI-0017,2013-10-25,0.6332012879383637
AOI-0017,2014-04-23,0.7001690377769514
AOI-0017,2014-06-06,0.5977272640032737
AOI-0017,2014-07-24,0.4170833503951239
AOI-0017,2014-10-04,0.38282456575355495
AOI-0017,2015-04-23,0.5073592276273834
AOI-0017,2015-04-30,0.4294074554865212
AOI-0017,2015-07-11,0.7183714330877661
AOI-0017,2015-07-27,0.6542652887674576
AOI-0017,2015-08-03,0.590270980888866
AOI-0017,2015-08-29,0.44125241721223246
AOI-0017,2015-10-16,0.4396037573620103
AOI-0017,2016-04-06,0.566824223514838
AOI-0017,2016-04-07,0.4306791171888097
AOI-0017,2016-06-18,0.6314886313216004
AOI-0017,2016-07-05,0.5545416353091079
AOI-0017,2016-07-27,0.5660905053519338
AOI-0017,2016-08-21,0.5783211982884212
AOI-0017,2016-09-15,0.530835011426245
AOI-0017,2016-10-15,0.5096568182019346
AOI-0017,2016-10-17,0.4848825485545289
AOI-0017,2017-06-06,0.6653401639877241
AOI-0017,2017-07-31,0.6377616835698137
AOI-0017,2017-08-01,0.6278616508799078
AOI-0017,2017-09-02,0.5435812201933625
AOI-0017,2018-04-05,0.43808522229977176
AOI-0017,2018-05-09,0.6743997502099225
AOI-0017,2018-05-23,0.6499350713677636
AOI-0017,2018-06-20,0.5308709247748764
AOI-0017,2018-07-11,0.4603794838186523
AOI-0017,2018-07-12,0.5037082388034836
AOI-0017,2019-04-25,0.46564950443162506
AOI-0017,2019-04-28,0.43204080239025183
AOI-0017,2019-05-13,0.541093804767146
AOI-0017,2019-05-18,0.6211360684641384
AOI-0017,2019-05-28,0.6914633162892145
AOI-0017,2019-06-04,0.6537130281116953
AOI-0017,2019-06-12,0.7181672143337474
AOI-0017,2019-06-17,0.6526706849885793
AOI-0017,2019-07-17,0.6397583128715535
AOI-0017,2019-08-06,0.6456984227715575
AOI-0017,2019-08-11,0.5963534917960627
AOI-0017,2019-08-24,0.4460357683565825
AOI-0017,2019-08-29,0.49975024107662647
AOI-0017,2019-08-31,0.505660334154817
AOI-0017,2019-09-13,0.4678130513933768
AOI-0017,2020-04-25,0.3243894297834327
AOI-0017,2020-04-30,0.36132961527081414
AOI-0017,2020-05-08,0.6500000980240523
AOI-0017,2020-06-06,0.6243900769152595
AOI-0017,2020-06-26,0.5176385496127496
AOI-0017,2020-07-26,0.4096555912099565
AOI-0017,2020-08-18,0.46109832008995527
AOI-0017,2020-09-02,0.4035794945446267
AOI-0017,2020-09-04,0.3596367898083474
AOI-0017,2020-09-09,0.397875488800269
AOI-0017,2020-09-10,0.3748972580395613
AOI-0017,2020-09-19,0.4053938473351999
AOI-0017,2020-10-12,0.373564016484924
AOI-0017,2021-04-07,0.37107690440214425
AOI-0017,2021-05-20,0.5412191704518504
AOI-0017,2021-07-02,0.6753960194724749
AOI-0017,2021-08-29,0.5213664310028183
AOI-0017,2021-09-04,0.5248809573379973
AOI-0017,2021-09-27,0.5140706261062815
AOI-0017,2021-10-06,0.364699203255415
AOI-0017,2021-10-27,0.5123523895589622
AOI-0017,2022-04-17,0.5993785390993975
AOI-0017,2022-04-23,0.6675558779275544
AOI-0017,2022-05-26,0.6916003733823894
AOI-0017,2022-05-27,0.67909030562242
AOI-0017,2022-06-03,0.6517324356635361
AOI-0017,2022-06-11,0.6001343738972712
AOI-0017,2022-06-30,0.606282031044839
AOI-0017,2022-07-12,0.5407459798498364
AOI-0017,2022-07-19,0.5727117482898892
AOI-0017,2022-07-24,0.5592735128546134
AOI-0017,2022-08-07,0.5686239939403763
AOI-0017,2022-08-14,0.5665585429082354
AOI-0017,2022-08-15,0.5356202561729962
AOI-0017,2022-08-23,0.5416696830816949
AOI-0017,2022-08-30,0.5101163162826312
AOI-0017,2022-09-17,0.4477255456033377
AOI-0017,2022-10-19,0.4920094126935226
AOI-0017,2023-04-02,0.5046831490435696
AOI-0017,2023-05-06,0.6244336832471297
AOI-0017,2023-06-11,0.6344180691503023
AOI-0017,2023-06-19,0.642950352870148
AOI-0017,2023-06-22,0.6486796334736707
AOI-0017,2023-07-24,0.641200086189226
AOI-0017,2023-09-19,0.4971666172424545
AOI-0017,2023-10-12,0.29355456209605363
AOI-0017,2023-10-16,0.4001006612768929
AOI-0017,2023-10-21,0.29909974585068505
AOI-0017,2024-04-04,0.44008069639770325
AOI-0017,2024-06-05,0.2778692928736377
AOI-0017,2024-06-13,0.20019884234672727
AOI-0017,2024-06-28,0.22744813557605104
AOI-0017,2024-07-19,0.25748136471496486
AOI-0017,2024-08-22,0.20910185918951602
AOI-0017,2024-09-01,0.25389541204806204
AOI-0017,2024-09-21,0.2705869081584744
AOI-0017,2024-09-29,0.27142412877181116
AOI-0017,2024-10-08,0.18391776146039515
AOI-0017,2024-10-22,0.24109408257687157
AOI-0017,2025-05-04,0.8468227626396756
AOI-0017,2025-05-27,0.7869962088943555
AOI-0017,2025-06-07,0.627209885799017
AOI-0017,2025-06-28,0.3482879237315991
AOI-0017,2025-07-07,0.2827260268525858
AOI-0017,2025-08-23,0.2356358457815916
AOI-0017,2025-09-01,0.15644526654909907
AOI-0017,2025-10-02,0.26996295039239304
AOI-0018,2025-04-19,0.8117499870231524
AOI-0018,2025-05-27,0.6751764241000876
AOI-0018,2025-06-13,0.3182761451655152
AOI-0018,2025-06-15,0.30795109293819145
AOI-0018,2025-07-05,0.2272865835306323
AOI-0018,2025-07-07,0.24039795255718274
AOI-0018,2025-07-14,0.283158881466659
AOI-0018,2025-07-21,0.3097468811731103
AOI-0018,2025-08-19,0.17365075020907378
AOI-0018,2025-08-27,0.1692555516681992
AOI-0018,2025-09-08,0.14982921947834546
AOI-0018,2025-09-24,0.22885184352760005
AOI-0018,2025-10-17,0.24751352550360414
AOI-0019,2025-04-14,0.48044523027656727
AOI-0019,2025-04-17,0.5470318426197908
AOI-0019,2025-04-28,0.5544047062702713
AOI-0019,2025-05-14,0.5754738712775276
AOI-0019,2025-05-25,0.6776303669562803
AOI-0019,2025-06-15,0.4093083601860302
AOI-0019,2025-06-27,0.4184318159085492
AOI-0019,2025-06-30,0.35656110168614696
AOI-0019,2025-07-10,0.32279166343933224
AOI-0019,2025-07-14,0.3105919370999207
AOI-0019,2025-08-14,0.31804607597681944
AOI-0019,2025-08-31,0.20837000683074827
AOI-0019,2025-09-15,0.23024645072654254
AOI-0019,2025-09-23,0.21366691304203608
AOI-0019,2025-09-24,0.22753332566953582
AOI-0019,2025-10-18,0.20342614080842752
AOI-0020,2025-04-18,0.2621791400248968
AOI-0020,2025-04-23,0.47365624027256137
AOI-0020,2025-05-03,0.42121867358414716
AOI-0020,2025-06-03,0.6343349688704132
AOI-0020,2025-06-11,0.45740257121552147
AOI-0020,2025-07-12,0.42902351724527926
AOI-0020,2025-07-21,0.34043985898515194
AOI-0020,2025-07-29,0.3137610226177539
AOI-0020,2025-07-30,0.28578367753183564
AOI-0020,2025-08-19,0.24803609235601262
AOI-0020,2025-10-13,0.09974414610854836
AOI-0021,2025-04-28,0.39962726332195636
AOI-0021,2025-05-27,0.5458703917890849
AOI-0021,2025-06-03,0.5570626858012705
AOI-0021,2025-07-06,0.35792105526685375
AOI-0021,2025-07-18,0.3227386685858467
AOI-0021,2025-07-29,0.3271975992288475
AOI-0021,2025-08-07,0.2611986974956067
AOI-0021,2025-08-22,0.2299860835110296
AOI-0021,2025-08-30,0.2625403558151114
AOI-0021,2025-09-15,0.222128911316821
AOI-0021,2025-09-24,0.25145645711536935
AOI-0021,2025-10-03,0.19223609853504423
AOI-0022,2025-04-01,0.5148259591653858
AOI-0022,2025-05-03,0.8512365325561901
AOI-0022,2025-05-06,0.7839920752779252
AOI-0022,2025-05-25,0.8154618846756923
AOI-0022,2025-05-28,0.8154377624812627
AOI-0022,2025-07-08,0.20931905006367582
AOI-0022,2025-07-17,0.16151232401993115
AOI-0022,2025-07-21,0.1892899426647679
AOI-0022,2025-08-27,0.1508136012636868
AOI-0022,2025-08-31,0.17015763227031705
AOI-0022,2025-09-23,0.17318657085060102
AOI-0022,2025-09-24,0.19016185213362177
AOI-0022,2025-09-30,0.24271392391905658
AOI-0023,2025-04-16,0.20566239614367682
AOI-0023,2025-04-17,0.24178328872494362
AOI-0023,2025-04-24,0.19555860141616063
AOI-0023,2025-05-01,0.1756055454575359
AOI-0023,2025-05-04,0.22723659571027674
AOI-0023,2025-06-27,0.7743266429415657
AOI-0023,2025-07-05,0.734540498161686
AOI-0023,2025-07-14,0.3888900020133933
AOI-0023,2025-07-15,0.3429575640780995
AOI-0023,2025-08-14,0.15872745066684252
AOI-0023,2025-08-22,0.14232603459112728
AOI-0023,2025-08-30,0.1944165998319118
AOI-0023,2025-09-21,0.1500477817693547
AOI-0023,2025-09-23,0.16459538289329698
AOI-0023,2025-10-17,0.23452735084197787
AOI-0024,2025-04-07,0.3349717847043561
AOI-0024,2025-04-23,0.358046562864487
AOI-0024,2025-05-25,0.4958949758153214
AOI-0024,2025-05-28,0.2511916863386311
AOI-0024,2025-06-05,0.3053873248174128
AOI-0024,2025-07-03,0.58861625620782
AOI-0024,2025-07-21,0.3664799495623567
AOI-0024,2025-07-25,0.34733245469031443
AOI-0024,2025-08-06,0.3312731396932322
AOI-0024,2025-08-09,0.28767983663124885
AOI-0024,2025-09-14,0.2852188877361469
AOI-0024,2025-09-21,0.1893048564034658
AOI-0024,2025-09-30,0.2305353529374387
AOI-0024,2025-10-02,0.1824954896647825
AOI-0024,2025-10-18,0.1659494824571047
AOI-0025,2025-04-14,0.17305353807672685
AOI-0025,2025-04-23,0.3454501953276954
AOI-0025,2025-04-24,0.2041360662159109
AOI-0025,2025-04-29,0.2106932589391791
AOI-0025,2025-05-09,0.3301546550807166
AOI-0025,2025-06-03,0.19291528291254045
AOI-0025,2025-06-13,0.2183260708568179
AOI-0025,2025-06-27,0.16246367135753975
AOI-0025,2025-07-21,0.19004315398417101
AOI-0025,2025-08-07,0.14627628203655657
AOI-0025,2025-08-30,0.20510154075504425
AOI-0025,2025-09-07,0.1970678788616718
AOI-0025,2025-09-14,0.25628799014252873
AOI-0025,2025-10-17,0.4255071690848029
AOI-0026,2025-04-07,0.6774901754351005
AOI-0026,2025-04-24,0.823400997549069
AOI-0026,2025-05-09,0.9087663930682778
AOI-0026,2025-06-13,0.6243918586318473
AOI-0026,2025-07-08,0.24845019075108488
AOI-0026,2025-07-10,0.2493856448014248
AOI-0026,2025-07-12,0.27531120831056183
AOI-0026,2025-07-13,0.2372783195979133
AOI-0026,2025-07-18,0.1884812278418488
AOI-0026,2025-07-30,0.14557338645005413
AOI-0026,2025-08-19,0.13011386398464442
AOI-0026,2025-09-08,0.1327366915178463
AOI-0026,2025-09-23,0.17054549328308563
AOI-0026,2025-09-30,0.3382710882456741
AOI-0027,2025-04-16,0.7459645042577974
AOI-0027,2025-04-24,0.7648791496702608
AOI-0027,2025-06-13,0.482110948270565
AOI-0027,2025-06-27,0.3780008266417931
AOI-0027,2025-07-05,0.31180025850464377
AOI-0027,2025-07-12,0.3739682366016983
AOI-0027,2025-07-13,0.2415882117334732
AOI-0027,2025-07-23,0.20863157923336748
AOI-0027,2025-07-29,0.30724904778046414
AOI-0027,2025-08-19,0.2684494107725068
AOI-0027,2025-08-30,0.26948881048981926
AOI-0027,2025-09-16,0.2502058775784281
AOI-0027,2025-10-16,0.5789422014663702
AOI-0028,2010-04-07,0.752230024263559
AOI-0028,2010-04-15,0.7260781538991551
AOI-0028,2010-10-24,0.176256707410033
AOI-0028,2011-05-25,0.5379134425124058
AOI-0028,2011-07-28,0.5982607510432966
AOI-0028,2011-08-08,0.5749911239171263
AOI-0028,2011-10-11,0.2410626443046961
AOI-0028,2012-04-22,0.763454844127235
AOI-0028,2012-09-27,0.1490298348822729
AOI-0028,2012-10-15,0.23067173022437287
AOI-0028,2013-04-07,0.28201524051003324
AOI-0028,2013-06-10,0.332063734647103
AOI-0028,2013-06-26,0.30680905726945085
AOI-0028,2013-08-29,0.2821777385202084
AOI-0028,2014-04-07,0.6661439835793609
AOI-0028,2014-05-04,0.9325842581360022
AOI-0028,2014-07-28,0.2628592490163066
AOI-0028,2014-10-11,0.19111081532233648
AOI-0028,2015-04-13,0.18714414300525545
AOI-0028,2015-08-27,0.34400415766193987
AOI-0028,2015-09-28,0.17700418602228465
AOI-0028,2016-04-07,0.6877315287655653
AOI-0028,2016-04-23,0.768496497469187
AOI-0028,2016-06-09,0.6318007838676104
AOI-0028,2016-06-10,0.6488762488616665
AOI-0028,2016-06-25,0.3449174481765777
AOI-0028,2016-07-27,0.3082861876739178
AOI-0028,2016-09-06,0.18028932851363416
AOI-0028,2017-04-26,0.27833674181869955
AOI-0028,2017-07-23,0.22147226590881233
AOI-0028,2017-08-09,0.15373949410357468
AOI-0028,2017-08-13,0.24314593870703513
AOI-0028,2017-08-29,0.21984827523737155
AOI-0028,2017-09-17,0.22902179830524502
AOI-0028,2018-05-11,0.8435929962622457
AOI-0028,2018-08-19,0.19237314377215195
AOI-0028,2018-08-29,0.21854430199983385
AOI-0028,2018-09-12,0.2012503444137106
AOI-0028,2018-10-08,0.1519834840751388
AOI-0028,2019-04-06,0.1438691204970766
AOI-0028,2019-05-02,0.2788868446852871
AOI-0028,2019-05-25,0.36179440601803375
AOI-0028,2019-06-27,0.17236579933973903
AOI-0028,2019-08-09,0.19889324578290618
AOI-0028,2019-08-24,0.1412850515841373
AOI-0028,2019-10-17,0.5672263049262225
AOI-0028,2020-04-25,0.8214215029714091
AOI-0028,2020-05-04,0.8840816650062703
AOI-0028,2020-05-08,0.8564884920049746
AOI-0028,2020-05-30,0.8498708203096377
AOI-0028,2020-07-14,0.18057408017425067
AOI-0028,2020-08-03,0.13632699318872168
AOI-0028,2020-08-08,0.15426271461462743
AOI-0028,2020-09-02,0.14983322144577194
AOI-0028,2020-09-13,0.21138262770749824
AOI-0028,2021-06-14,0.6976442896354553
AOI-0028,2021-06-16,0.744591722749804
AOI-0028,2021-06-24,0.8238446773763819
AOI-0028,2021-06-26,0.8486868812335208
AOI-0028,2021-07-24,0.7538670441305211
AOI-0028,2021-10-27,0.2716330182672897
AOI-0028,2022-04-07,0.6861186070225047
AOI-0028,2022-04-23,0.8660287390638698
AOI-0028,2022-06-09,0.8954130626037231
AOI-0028,2022-06-29,0.3696149432824798
AOI-0028,2022-07-28,0.22026594662940702
AOI-0028,2022-08-03,0.12256970118529024
AOI-0028,2022-08-08,0.13199297397605841
AOI-0028,2022-08-30,0.14935466274772752
AOI-0028,2022-10-01,0.2091409642107351
AOI-0028,2023-04-07,0.3256214801382095
AOI-0028,2023-04-11,0.20342995952946982
AOI-0028,2023-05-05,0.23861364069062865
AOI-0028,2023-05-09,0.483742924225471
AOI-0028,2023-06-09,0.22960288553933886
AOI-0028,2023-08-06,0.19226455723630262
AOI-0028,2023-08-23,0.13856652026234414
AOI-0028,2023-08-29,0.21957860102735421
AOI-0028,2023-09-22,0.16747907767780082
AOI-0028,2023-09-24,0.16894408496553417
AOI-0028,2023-09-30,0.3274743164952238
AOI-0028,2024-05-07,0.9013280954167119
AOI-0028,2024-05-23,0.815808409917607
AOI-0028,2024-05-24,0.7871361680289016
AOI-0028,2024-07-27,0.2042021028732905
AOI-0028,2024-08-03,0.15691756052723985
AOI-0028,2024-08-12,0.17223814056606584
AOI-0028,2024-09-11,0.12219691742114275
AOI-0028,2024-09-16,0.13483751038624997
AOI-0028,2025-04-07,0.3931181933801221
AOI-0028,2025-05-24,0.6076612681345018
AOI-0028,2025-05-31,0.6169406754290826
AOI-0028,2025-06-11,0.6647519754351718
AOI-0028,2025-06-26,0.5616151013475312
AOI-0028,2025-06-27,0.5429477681584453
AOI-0028,2025-07-10,0.29016479944238505
AOI-0028,2025-07-13,0.2388985492264152
AOI-0028,2025-07-23,0.15712916726258178
AOI-0028,2025-08-13,0.23245820373367243
AOI-0028,2025-09-08,0.1344523028937239
AOI-0028,2025-09-11,0.13472864201453752
AOI-0028,2025-10-16,0.2759534923926977
AOI-0028,2025-10-28,0.2298534921504442
AOI-0029,2025-04-04,0.5481562582521246
AOI-0029,2025-04-24,0.8074773049672775
AOI-0029,2025-06-08,0.7203755390661054
AOI-0029,2025-06-10,0.6160990377109178
AOI-0029,2025-06-11,0.6933734528502258
AOI-0029,2025-06-13,0.649787639822516
AOI-0029,2025-07-29,0.1789465902640004
AOI-0029,2025-08-02,0.12368003802566836
AOI-0029,2025-08-19,0.12591055412499252
AOI-0029,2025-09-11,0.12472573249856325
AOI-0029,2025-09-16,0.14493000369032621
AOI-0030,2025-04-21,0.5343731927623201
AOI-0030,2025-04-24,0.5914316796412759
AOI-0030,2025-06-10,0.724726530686179
AOI-0030,2025-08-07,0.6347062048187267
AOI-0031,2010-06-04,0.5806640611292685
AOI-0031,2010-09-14,0.19250419099101693
AOI-0031,2011-04-23,0.34402681320734035
AOI-0031,2011-06-10,0.4903044145673509
AOI-0031,2011-07-09,0.23250019918272194
AOI-0031,2011-08-11,0.22237130125107066
AOI-0031,2011-08-18,0.2011082472842889
AOI-0031,2011-08-19,0.19523666554143784
AOI-0031,2011-09-19,0.22757630444648486
AOI-0031,2012-04-06,0.27887951190730026
AOI-0031,2012-04-15,0.16626116990700773
AOI-0031,2013-04-07,0.5444374904417009
AOI-0031,2013-05-09,0.6219128821158921
AOI-0031,2013-05-12,0.611195378195419
AOI-0031,2013-05-25,0.49315172731783297
AOI-0031,2013-06-12,0.2476680299013795
AOI-0031,2013-06-28,0.20246431798802583
AOI-0031,2013-07-23,0.22147500072419476
AOI-0031,2013-08-13,0.2782716219322384
AOI-0031,2013-10-16,0.3177493626271171
AOI-0031,2014-05-23,0.3505459656494288
AOI-0031,2014-06-23,0.2875487667238351
AOI-0031,2014-07-17,0.1506320305961494
AOI-0031,2014-07-28,0.20934941215558817
AOI-0031,2014-08-02,0.15261088743268653
AOI-0031,2014-08-13,0.20681098303711284
AOI-0031,2014-10-14,0.15654992213865807
AOI-0031,2015-09-22,0.2090890241937741
AOI-0031,2015-10-16,0.22228496013447585
AOI-0031,2016-04-01,0.24112195636918488
AOI-0031,2016-04-17,0.4027348858960314
AOI-0031,2016-04-22,0.6390353022557754
AOI-0031,2016-05-03,0.6175341404670368
AOI-0031,2016-05-24,0.6979889913334785
AOI-0031,2016-06-09,0.5651326667769746
AOI-0031,2016-06-12,0.607352267925476
AOI-0031,2016-06-20,0.3681761422769045
AOI-0031,2016-06-25,0.3278199911917132
AOI-0031,2016-07-30,0.24061444813033464
AOI-0031,2017-05-06,0.7502274599728691
AOI-0031,2017-06-07,0.7190659241049651
AOI-0031,2017-08-03,0.19370371960392027
AOI-0031,2017-08-13,0.19987815792217187
AOI-0031,2017-09-04,0.17663202197364433
AOI-0031,2017-09-22,0.27407395528337364
AOI-0031,2018-04-23,0.6056345060850679
AOI-0031,2018-05-02,0.6824771967430439
AOI-0031,2018-05-18,0.624804250027116
AOI-0031,2018-06-03,0.304330791649029
AOI-0031,2018-06-10,0.3287435227465844
AOI-0031,2018-06-11,0.26472075459240585
AOI-0031,2018-07-13,0.2601211006491282
AOI-0031,2018-09-06,0.21168899210789335
AOI-0031,2018-09-14,0.21412677068045066
AOI-0031,2018-10-07,0.175957367871048
AOI-0031,2018-10-12,0.2011117321627356
AOI-0031,2019-04-10,0.48695426901810196
AOI-0031,2019-06-14,0.20899219886031645
AOI-0031,2019-06-22,0.15477654753952147
AOI-0031,2019-07-09,0.16548731592636315
AOI-0031,2019-07-23,0.2721562847623474
AOI-0031,2019-08-08,0.4407089086783614
AOI-0031,2019-08-31,0.22630411625637015
AOI-0031,2019-09-17,0.185849280525066
AOI-0031,2019-10-03,0.2674180555554689
AOI-0031,2019-10-10,0.3318865480317061
AOI-0031,2019-10-12,0.2785973219861044
AOI-0031,2019-10-22,0.49604260870062955
AOI-0031,2020-04-13,0.45100612657206285
AOI-0031,2020-06-01,0.503607927866537
AOI-0031,2020-06-06,0.5312872984514528
AOI-0031,2020-07-11,0.16279978267553336
AOI-0031,2020-07-18,0.11505745969670786
AOI-0031,2020-07-28,0.12204078699228893
AOI-0031,2020-08-07,0.1310173029369037
AOI-0031,2020-08-17,0.1367701441093195
AOI-0031,2020-08-22,0.13731133888434074
AOI-0031,2020-09-27,0.14785858730327453
AOI-0031,2020-10-13,0.13635236178038193
AOI-0031,2020-10-19,0.09540121669908162
AOI-0031,2020-10-21,0.1375856143340779
AOI-0031,2021-04-07,0.2317320756166302
AOI-0031,2021-05-17,0.27039671121235503
AOI-0031,2021-06-11,0.15424156110782342
AOI-0031,2021-07-01,0.14136215656015855
AOI-0031,2021-07-16,0.1428444905939532
AOI-0031,2021-07-21,0.12750193724070055
AOI-0031,2021-08-06,0.17040264611979444
AOI-0031,2021-08-25,0.1390642180952061
AOI-0031,2021-08-30,0.13722733948587482
AOI-0031,2022-05-14,0.8400299163099091
AOI-0031,2022-06-10,0.6729642697851287
AOI-0031,2022-06-11,0.7472477622891734
AOI-0031,2022-06-20,0.43297087840624393
AOI-0031,2022-06-21,0.4131842538991328
AOI-0031,2022-07-08,0.1714538454208837
AOI-0031,2022-07-12,0.22329045248198523
AOI-0031,2022-09-08,0.13618482501142942
AOI-0031,2022-09-09,0.11923151278971578
AOI-0031,2022-09-10,0.1436448660183683
AOI-0031,2022-09-11,0.12840984837664327
AOI-0031,2022-09-26,0.12586228858119503
AOI-0031,2022-09-29,0.1425700347086776
AOI-0031,2023-04-04,0.3121186252903318
AOI-0031,2023-04-27,0.3829498033170658
AOI-0031,2023-05-17,0.4427599738236156
AOI-0031,2023-06-17,0.3016237368107346
AOI-0031,2023-06-23,0.26478096814814256
AOI-0031,2023-06-26,0.3089086104254814
AOI-0031,2023-07-11,0.28931895337292696
AOI-0031,2023-08-15,0.2379882902859536
AOI-0031,2023-09-19,0.18335285158862644
AOI-0031,2023-09-20,0.21951499051340753
AOI-0031,2023-09-30,0.23616630205713812
AOI-0031,2023-10-15,0.18733041001337544
AOI-0031,2023-10-24,0.1767497428107604
AOI-0031,2024-05-03,0.2055508782621318
AOI-0031,2024-06-02,0.19542542026624904
AOI-0031,2024-07-02,0.15887338826385938
AOI-0031,2024-07-10,0.11664355654476272
AOI-0031,2024-07-13,0.15404750460968966
AOI-0031,2024-08-09,0.1263389387976429
AOI-0031,2024-08-16,0.14650295981358677
AOI-0031,2024-08-26,0.14920173573626844
AOI-0031,2025-04-19,0.4946432297026381
AOI-0031,2025-04-23,0.6022965298603801
AOI-0031,2025-06-21,0.47012194060794765
AOI-0031,2025-07-12,0.23141031144373816
AOI-0031,2025-07-15,0.19712489982590445
AOI-0031,2025-08-06,0.1853945459017357
AOI-0031,2025-08-09,0.15117623569892166
AOI-0031,2025-09-08,0.14556627373684725
AOI-0031,2025-09-15,0.1592228758470278
AOI-0031,2025-09-17,0.16107256885184298
AOI-0031,2025-10-02,0.2169596407305499
AOI-0031,2025-10-22,0.24784172979804617
AOI-0032,2010-06-04,0.27145048262915755
AOI-0032,2010-06-10,0.26898637785312485
AOI-0032,2010-06-20,0.20196016053088134
AOI-0032,2010-07-12,0.2099147116379525
AOI-0032,2010-08-16,0.14322340466588085
AOI-0032,2010-09-14,0.18735111543051067
AOI-0032,2010-09-30,0.21891542480630713
AOI-0032,2011-07-12,0.29388517900986144
AOI-0032,2011-08-29,0.28573834108504254
AOI-0032,2011-09-11,0.17684127557578186
AOI-0032,2011-09-28,0.18589844823504628
AOI-0032,2012-04-06,0.273110055083557
AOI-0032,2012-05-01,0.3169995006210623
AOI-0032,2012-06-25,0.32526430688797137
AOI-0032,2012-10-08,0.1401391368812979
AOI-0032,2013-05-19,0.4622784522516812
AOI-0032,2013-05-20,0.4504403210101161
AOI-0032,2013-06-10,0.33091544681740187
AOI-0032,2013-06-12,0.29117925972735015
AOI-0032,2013-06-13,0.28769084580942395
AOI-0032,2013-07-22,0.3190077615469681
AOI-0032,2013-07-30,0.3288585932197924
AOI-0032,2013-08-13,0.2953601072702558
AOI-0032,2013-08-29,0.25515821792924
AOI-0032,2013-09-14,0.26506114112762785
AOI-0032,2014-06-16,0.2523969042185931
AOI-0032,2014-06-26,0.24085264084142982
AOI-0032,2014-07-12,0.1910293944371331
AOI-0032,2014-09-03,0.14266647507433386
AOI-0032,2015-04-23,0.2608051728194268
AOI-0032,2015-06-18,0.5025057498518831
AOI-0032,2015-07-13,0.2993026066851374
AOI-0032,2015-09-15,0.17604870171679027
AOI-0032,2015-09-23,0.18458183987712556
AOI-0032,2015-09-30,0.211766301104185
AOI-0032,2016-04-06,0.26167189266006124
AOI-0032,2016-04-10,0.16966362903234516
AOI-0032,2016-05-03,0.24235760014421243
AOI-0032,2016-06-09,0.3641397055112825
AOI-0032,2016-06-28,0.204626923943184
AOI-0032,2016-07-15,0.16603458768111326
AOI-0032,2016-07-30,0.188456493191506
AOI-0032,2016-08-16,0.16007624041397017
AOI-0032,2016-09-09,0.1675189133613088
AOI-0032,2016-10-18,0.37136851475220906
AOI-0032,2017-04-04,0.4111757833666713
AOI-0032,2017-04-28,0.7039197284320029
AOI-0032,2017-05-09,0.7746318037628457
AOI-0032,2017-07-02,0.23317111222292405
AOI-0032,2017-08-02,0.1654691932773705
AOI-0032,2017-08-11,0.13167875141717128
AOI-0032,2017-08-19,0.1389742525369745
AOI-0032,2017-08-27,0.18109798183936346
AOI-0032,2017-09-03,0.15558938236249104
AOI-0032,2017-09-12,0.16399774181838808
AOI-0032,2018-04-15,0.17739445629754816
AOI-0032,2018-06-10,0.2278635853627149
AOI-0032,2018-06-19,0.1431605510161337
AOI-0032,2018-09-14,0.19857366174853874
AOI-0032,2018-09-23,0.16572971449712237
AOI-0032,2018-09-30,0.23298324464132703
AOI-0032,2018-10-07,0.16520481127185999
AOI-0032,2018-10-12,0.23890399900606327
AOI-0032,2019-04-26,0.7165758795005979
AOI-0032,2019-04-28,0.7062993866031582
AOI-0032,2019-05-18,0.8072009970865551
AOI-0032,2019-05-20,0.8078041906228897
AOI-0032,2019-05-30,0.6625311346356425
AOI-0032,2019-06-14,0.2853610883296544
AOI-0032,2019-06-19,0.1809982114326995
AOI-0032,2019-07-23,0.16169999678560257
AOI-0032,2019-09-25,0.13184768742550088
AOI-0032,2019-10-05,0.14769846945927717
AOI-0032,2019-10-11,0.21838521772299335
AOI-0032,2019-10-25,0.37011340190066944
AOI-0032,2019-10-28,0.35626121333375976
AOI-0032,2020-05-27,0.412445408890368
AOI-0032,2020-05-30,0.38481176188239524
AOI-0032,2020-06-24,0.20087634120357056
AOI-0032,2020-06-26,0.16932544188228854
AOI-0032,2020-08-05,0.12864517530946307
AOI-0032,2020-08-07,0.1256165645244777
AOI-0032,2020-09-13,0.1728916882936846
AOI-0032,2020-09-28,0.11909192617213496
AOI-0032,2020-09-29,0.1738301317528265
AOI-0032,2020-10-05,0.12689825447268865
AOI-0032,2020-10-06,0.13682715856535188
AOI-0032,2020-10-24,0.14825461061166958
AOI-0032,2021-04-04,0.05855427165962467
AOI-0032,2021-04-23,0.2644255891232482
AOI-0032,2021-05-01,0.24931147016813254
AOI-0032,2021-05-25,0.29082940003500884
AOI-0032,2021-06-18,0.16610452688947916
AOI-0032,2021-07-01,0.1449175386881169
AOI-0032,2021-07-18,0.14337488229719544
AOI-0032,2021-09-06,0.1636758722011312
AOI-0032,2021-09-15,0.17060647658291317
AOI-0032,2021-10-08,0.3298712389519763
AOI-0032,2022-04-26,0.7907257655486039
AOI-0032,2022-05-09,0.8371173018051288
AOI-0032,2022-05-13,0.8543889586553299
AOI-0032,2022-05-29,0.8415196163722367
AOI-0032,2022-06-06,0.7370315353176533
AOI-0032,2022-06-13,0.5879304498293859
AOI-0032,2022-06-30,0.31539109265647985
AOI-0032,2022-08-01,0.14731665634797425
AOI-0032,2022-08-02,0.09879050232335222
AOI-0032,2022-08-15,0.09504630245442953
AOI-0032,2022-08-24,0.14855434008441606
AOI-0032,2022-08-29,0.169637355231957
AOI-0032,2022-09-11,0.1395866705544847
AOI-0032,2023-04-07,0.2779874023786895
AOI-0032,2023-04-12,0.17192922866203325
AOI-0032,2023-05-12,0.2181196547574949
AOI-0032,2023-05-15,0.21770311497690248
AOI-0032,2023-05-24,0.29794136496683393
AOI-0032,2023-06-06,0.40069233127099657
AOI-0032,2023-06-18,0.5393896280147101
AOI-0032,2023-07-26,0.26933733092251294
AOI-0032,2023-07-28,0.3138172354774603
AOI-0032,2023-08-08,0.22806949291597817
AOI-0032,2023-09-01,0.2325649150184494
AOI-0032,2023-09-11,0.22075648361530634
AOI-0032,2023-09-24,0.18057403323937857
AOI-0032,2024-04-07,0.2153713908195893
AOI-0032,2024-05-06,0.1931241008154929
AOI-0032,2024-06-03,0.21422440733954481
AOI-0032,2024-07-12,0.13679407630291812
AOI-0032,2024-07-25,0.1450710286479315
AOI-0032,2024-07-30,0.13402426019246091
AOI-0032,2024-08-22,0.15654539720885174
AOI-0032,2024-08-30,0.15435906536974686
AOI-0032,2024-09-13,0.1594531421997882
AOI-0032,2024-09-18,0.14459182764564021
AOI-0032,2024-10-05,0.13306948079763628
AOI-0032,2024-10-15,0.22488053171069666
AOI-0032,2024-10-23,0.13594935617859263
AOI-0032,2025-05-06,0.7237475419897116
AOI-0032,2025-05-28,0.7208608845836647
AOI-0032,2025-06-30,0.2863110508685782
AOI-0032,2025-07-07,0.20412245851079588
AOI-0032,2025-07-10,0.18139488281018232
AOI-0032,2025-08-13,0.1897424099554752
AOI-0032,2025-08-16,0.14690629740940536
AOI-0032,2025-08-24,0.14698978483281397
AOI-0032,2025-08-31,0.16079951376043697
AOI-0032,2025-09-03,0.12835798673027476
AOI-0032,2025-10-08,0.16411414477850103
AOI-0033,2025-04-28,0.17695678057052194
AOI-0033,2025-05-20,0.3423809356650845
AOI-0033,2025-06-10,0.676643919936457
AOI-0033,2025-06-22,0.7362526179081375
AOI-0033,2025-07-05,0.47426176615259014
AOI-0033,2025-07-10,0.3139170712204898
AOI-0033,2025-09-15,0.28162576831018105
AOI-0034,2025-04-25,0.20377074664401099
AOI-0034,2025-05-06,0.18257719359535413
AOI-0034,2025-05-09,0.3145811483101229
AOI-0034,2025-06-10,0.23182550363076765
AOI-0034,2025-06-15,0.16378986359252876
AOI-0034,2025-06-21,0.20204981850819712
AOI-0034,2025-07-07,0.12156191951770987
AOI-0034,2025-07-10,0.13086203860218992
AOI-0034,2025-07-16,0.16347942191348505
AOI-0034,2025-08-31,0.16199040905261206
AOI-0034,2025-09-13,0.14388780713995178
AOI-0034,2025-09-23,0.14599506813481847
AOI-0034,2025-10-02,0.26758842079820766
AOI-0034,2025-10-16,0.5387991029081531
AOI-0035,2025-05-16,0.15954526512495404
AOI-0035,2025-05-20,0.1965538830135355
AOI-0035,2025-06-05,0.1850021436273117
AOI-0035,2025-06-07,0.1519680502350198
AOI-0035,2025-06-10,0.2414742486897054
AOI-0035,2025-07-30,0.12330862849688085
AOI-0035,2025-08-31,0.13965434105853697
AOI-0035,2025-09-26,0.17351259255250412
AOI-0035,2025-09-28,0.13607549311220113
AOI-0035,2025-10-02,0.2110429787763269
AOI-0035,2025-10-30,0.5963294604066389
AOI-0036,2025-05-16,0.6179123062255438
AOI-0036,2025-07-16,0.24706316194792746
AOI-0036,2025-08-01,0.16941108633049645
AOI-0036,2025-08-09,0.14089734693723316
AOI-0036,2025-08-23,0.16933442114460578
AOI-0036,2025-10-02,0.19309252857159068
AOI-0037,2025-04-07,0.52574255470454
AOI-0037,2025-04-16,0.4800057071796262
AOI-0037,2025-05-23,0.6294575023219884
AOI-0037,2025-06-30,0.3379517644382216
AOI-0037,2025-07-14,0.3066546183296172
AOI-0037,2025-07-23,0.26232043223882956
AOI-0037,2025-08-09,0.22444777380746206
AOI-0037,2025-08-16,0.23242547191928678
AOI-0037,2025-09-12,0.19609872644170862
AOI-0037,2025-09-13,0.18989835354122087
AOI-0037,2025-09-23,0.19936985189162681
AOI-0037,2025-09-26,0.2125596725026204
AOI-0037,2025-09-30,0.26988630332874275
AOI-0037,2025-10-05,0.19599112318600082
AOI-0038,2025-04-07,0.46602249370351206
AOI-0038,2025-04-25,0.49648961270481357
AOI-0038,2025-06-14,0.45026033298272355
AOI-0038,2025-07-10,0.18149961089034752
AOI-0038,2025-07-15,0.18858525887902555
AOI-0038,2025-08-14,0.18188121701720633
AOI-0038,2025-09-02,0.20659759900324462
AOI-0038,2025-10-05,0.1853501766060147
AOI-0038,2025-10-08,0.179095411502751
AOI-0038,2025-10-16,0.29026488100914916
AOI-0039,2025-05-04,0.7213990463371763
AOI-0039,2025-05-08,0.6348832205052852
AOI-0039,2025-05-28,0.6253619117627612
AOI-0039,2025-07-10,0.41992457654182713
AOI-0039,2025-08-06,0.3025650895972364
AOI-0039,2025-08-24,0.348392901611465
AOI-0039,2025-09-08,0.29527249332737426
AOI-0039,2025-09-12,0.30850963627498823
AOI-0039,2025-09-14,0.37326060014286544
AOI-0039,2025-09-26,0.3100932376655586
AOI-0039,2025-10-23,0.3667567510535888
AOI-0040,2025-04-02,0.2877718179592952
AOI-0040,2025-04-03,0.2903605283787504
AOI-0040,2025-05-06,0.7299409715146544
AOI-0040,2025-06-07,0.6878627214756654
AOI-0040,2025-07-08,0.21847035105741444
AOI-0040,2025-09-12,0.13880765108634271
AOI-0040,2025-09-13,0.12839523982904472
AOI-0040,2025-09-28,0.14232907127730032
AOI-0040,2025-09-30,0.2131881484030035
AOI-0040,2025-10-02,0.17363473733191548
AOI-0041,2025-04-23,0.6379901671701663
AOI-0041,2025-05-20,0.6071665429858192
AOI-0041,2025-06-22,0.36336033901639636
AOI-0041,2025-06-27,0.37562299316584963
AOI-0041,2025-07-23,0.26591875414513905
AOI-0041,2025-08-19,0.20527124829230506
AOI-0041,2025-09-30,0.31301535490593285
AOI-0042,2025-04-18,0.1701947528513008
AOI-0042,2025-05-04,0.16755717714686483
AOI-0042,2025-06-13,0.15615749046680683
AOI-0042,2025-07-14,0.15657553976001895
AOI-0042,2025-07-16,0.1483864783240868
AOI-0042,2025-07-24,0.15737860687533106
AOI-0042,2025-08-17,0.15517633063036587
AOI-0042,2025-08-19,0.12523722934810372
AOI-0042,2025-08-24,0.12512705361034673
AOI-0042,2025-08-29,0.16730832620359118
AOI-0042,2025-09-15,0.13353453311111443
AOI-0042,2025-09-17,0.14084003087596292
AOI-0042,2025-10-02,0.18428767642429356
AOI-0043,2025-04-24,0.20836589454142862
AOI-0043,2025-04-29,0.22867766902912684
AOI-0043,2025-05-31,0.21460595589487821
AOI-0043,2025-06-08,0.19277138656548032
AOI-0043,2025-06-15,0.15609994118925027
AOI-0043,2025-06-17,0.15509702990925017
AOI-0043,2025-06-25,0.14364208660674907
AOI-0043,2025-07-07,0.1860740726233654
AOI-0043,2025-07-13,0.15181996392688615
AOI-0043,2025-08-12,0.13689175778060833
AOI-0043,2025-09-24,0.20612686942421374
AOI-0043,2025-10-13,0.15438849007855118
AOI-0043,2025-10-15,0.1692430964101057
AOI-0044,2010-04-16,0.21465617772100498
AOI-0044,2010-04-25,0.2664321771402144
AOI-0044,2010-05-09,0.48977416275653035
AOI-0044,2010-05-18,0.36580134867861186
AOI-0044,2010-06-12,0.43606480700934663
AOI-0044,2010-06-20,0.4079347796166462
AOI-0044,2010-06-28,0.48411316068908017
AOI-0044,2010-07-29,0.23612820092114434
AOI-0044,2010-08-06,0.18805886413970946
AOI-0044,2010-10-16,0.25234711223826656
AOI-0044,2010-10-25,0.17170881205428798
AOI-0044,2011-07-16,0.6713168730324693
AOI-0044,2011-08-01,0.3431541473277433
AOI-0044,2011-08-02,0.31104926822953954
AOI-0044,2011-10-16,0.35697699245796477
AOI-0044,2012-04-06,0.3312235536747924
AOI-0044,2012-05-08,0.651560484748566
AOI-0044,2013-05-02,0.22596883077460572
AOI-0044,2013-05-03,0.22742051476373176
AOI-0044,2013-05-11,0.2707822796971494
AOI-0044,2014-04-07,0.3851584395713317
AOI-0044,2014-06-06,0.24828370910708727
AOI-0044,2014-06-14,0.21746854245315653
AOI-0044,2014-06-23,0.21765649553408353
AOI-0044,2014-08-02,0.17354195931205887
AOI-0044,2014-08-09,0.16856240720000548
AOI-0044,2014-08-29,0.2277942074134963
AOI-0044,2014-09-18,0.18420355990050558
AOI-0044,2014-09-19,0.16107157227398128
AOI-0044,2014-10-04,0.19586395643556723
AOI-0044,2014-10-12,0.15704338624928255
AOI-0044,2014-10-28,0.18405803843943358
AOI-0044,2014-10-29,0.18975439647719128
AOI-0044,2015-06-26,0.46789768571031154
AOI-0044,2015-07-27,0.24862343727007682
AOI-0044,2015-07-28,0.2977226251211452
AOI-0044,2015-08-29,0.23693738595128064
AOI-0044,2015-10-08,0.19292172796420234
AOI-0044,2015-10-16,0.2723591777533173
AOI-0044,2016-04-08,0.4986433580569176
AOI-0044,2016-05-08,0.8193183768543043
AOI-0044,2016-05-11,0.8384672418862885
AOI-0044,2016-06-20,0.3917308007583149
AOI-0044,2016-06-25,0.3711962012645964
AOI-0044,2016-07-13,0.2798650882128315
AOI-0044,2016-07-27,0.33388460725229563
AOI-0044,2016-09-07,0.200381264948901
AOI-0044,2016-09-13,0.24987780861151457
AOI-0044,2016-10-02,0.20850925749924829
AOI-0044,2016-10-26,0.2101796111687891
AOI-0044,2017-04-03,0.16787732008647935
AOI-0044,2017-04-04,0.17006707427838091
AOI-0044,2017-04-12,0.21957712652264608
AOI-0044,2017-06-27,0.222483920401988
AOI-0044,2017-06-30,0.2155961864470679
AOI-0044,2017-08-10,0.17452211583340815
AOI-0044,2017-09-14,0.24566851141290022
AOI-0044,2018-04-06,0.5189124245538378
AOI-0044,2018-07-12,0.26157625560625886
AOI-0044,2018-07-19,0.15947391308520584
AOI-0044,2018-09-30,0.23147892212684468
AOI-0044,2019-04-25,0.3590612253977609
AOI-0044,2019-04-26,0.36666325506236563
AOI-0044,2019-06-02,0.6961967036727793
AOI-0044,2019-06-12,0.4866728110045536
AOI-0044,2019-06-20,0.3335644089515868
AOI-0044,2019-08-13,0.4165070552298321
AOI-0044,2019-09-10,0.17172175645768795
AOI-0044,2019-09-15,0.1520647885395047
AOI-0044,2019-09-16,0.18916792451917813
AOI-0044,2019-10-10,0.1719896825771243
AOI-0044,2020-04-17,0.16627307511406697
AOI-0044,2020-04-22,0.2678435119889583
AOI-0044,2020-05-17,0.1928076237476212
AOI-0044,2020-06-30,0.2036231817198613
AOI-0044,2020-08-10,0.13590079301883068
AOI-0044,2020-09-09,0.14690788737051164
AOI-0044,2020-09-10,0.14670504900186127
AOI-0044,2020-09-26,0.12631642015239983
AOI-0044,2020-09-29,0.17816446068321715
AOI-0044,2020-10-14,0.13980903563182598
AOI-0044,2020-10-21,0.13720728969755067
AOI-0044,2021-05-12,0.7073255983805393
AOI-0044,2021-05-17,0.7165476443327101
AOI-0044,2021-05-25,0.7108797449843536
AOI-0044,2021-07-16,0.2268295320321496
AOI-0044,2021-07-21,0.14525326531246854
AOI-0044,2021-09-30,0.22577354987605464
AOI-0044,2021-10-07,0.15224471727875172
AOI-0044,2022-05-27,0.7584011642759246
AOI-0044,2022-06-06,0.7211103832467933
AOI-0044,2022-06-12,0.7090214048307653
AOI-0044,2022-07-07,0.20999825366819092
AOI-0044,2022-08-10,0.2345816350177387
AOI-0044,2022-08-13,0.28602234795336573
AOI-0044,2022-08-24,0.2740586757238389
AOI-0044,2022-09-25,0.18675307433258295
AOI-0044,2022-09-30,0.2624821008766451
AOI-0044,2023-04-02,0.18456006561325786
AOI-0044,2023-04-07,0.3123988374182756
AOI-0044,2023-06-06,0.22303287438872887
AOI-0044,2023-06-30,0.19212909135764555
AOI-0044,2023-07-05,0.18201989741901853
AOI-0044,2023-07-09,0.1775032083799856
AOI-0044,2023-07-11,0.15512645947060175
AOI-0044,2023-07-16,0.1562290546766285
AOI-0044,2023-07-25,0.21383243121489434
AOI-0044,2023-08-05,0.14873675167936193
AOI-0044,2023-08-25,0.14564898426938458
AOI-0044,2023-09-30,0.27975961387590526
AOI-0044,2023-10-14,0.2665455014263681
AOI-0044,2024-04-06,0.8002597259199927
AOI-0044,2024-04-14,0.8402027344308557
AOI-0044,2024-06-05,0.5816359886512014
AOI-0044,2024-09-06,0.1426391054239491
AOI-0044,2024-09-21,0.14366987402840592
AOI-0044,2025-04-02,0.1601677684753821
AOI-0044,2025-05-20,0.20627339718020665
AOI-0044,2025-07-06,0.18985497059468653
AOI-0044,2025-07-10,0.14323885624016383
AOI-0044,2025-08-14,0.1498018363407622
AOI-0044,2025-09-23,0.1589245677502472
AOI-0044,2025-10-03,0.16167444440006962
AOI-0044,2025-10-15,0.15456173333189738
AOI-0045,2025-04-26,0.22644793062455265
AOI-0045,2025-06-15,0.1594631834433222
AOI-0045,2025-06-27,0.16672353888520464
AOI-0045,2025-06-29,0.2021383425607354
AOI-0045,2025-07-31,0.18907771687467104
AOI-0045,2025-08-13,0.21313870022245227
AOI-0045,2025-08-15,0.19422152291665304
AOI-0045,2025-08-16,0.1493020192802335
AOI-0045,2025-09-30,0.23110456447853073
AOI-0045,2025-10-15,0.1597987201625524
AOI-0046,2010-06-26,0.3280100544204711
AOI-0046,2010-07-12,0.3715863319350254
AOI-0046,2010-09-14,0.40159621945896645
AOI-0046,2011-05-30,0.2941815652062832
AOI-0046,2011-08-17,0.18869490033161687
AOI-0046,2012-04-22,0.4429864063144596
AOI-0046,2012-04-29,0.29130123006821274
AOI-0046,2012-06-09,0.5931149774725415
AOI-0046,2013-04-25,0.23474507792014213
AOI-0046,2013-05-09,0.46360322673997506
AOI-0046,2013-06-11,0.5781380861856898
AOI-0046,2013-06-27,0.3613061741759966
AOI-0046,2013-07-21,0.305681399452716
AOI-0046,2013-07-28,0.35298397451390473
AOI-0046,2013-07-30,0.27861511542185735
AOI-0046,2014-05-25,0.740186094384393
AOI-0046,2014-05-29,0.7864354323772955
AOI-0046,2014-07-01,0.30224941650354764
AOI-0046,2014-07-12,0.3309996746243945
AOI-0046,2014-08-01,0.19095165567719363
AOI-0046,2014-08-25,0.1475283271115495
AOI-0046,2014-09-19,0.15434980474624396
AOI-0046,2015-05-17,0.2558158926153805
AOI-0046,2015-07-12,0.35738740243662975
AOI-0046,2015-09-22,0.2140517377958295
AOI-0046,2015-10-16,0.30218324531914126
AOI-0046,2016-05-02,0.8424758399897251
AOI-0046,2016-05-10,0.849193136251616
AOI-0046,2016-05-18,0.8650093577253944
AOI-0046,2016-06-03,0.714878922480591
AOI-0046,2016-06-09,0.6376918767930136
AOI-0046,2016-07-13,0.19820250737026365
AOI-0046,2016-07-30,0.2360286425150461
AOI-0046,2016-10-02,0.2380887319454022
AOI-0046,2016-10-17,0.30868218793554747
AOI-0046,2016-10-25,0.3155940984919297
AOI-0046,2017-04-13,0.430691362917634
AOI-0046,2017-06-27,0.42973217936110825
AOI-0046,2017-07-02,0.3329317455344005
AOI-0046,2017-07-24,0.21902636861767963
AOI-0046,2017-08-09,0.16926102032228413
AOI-0046,2017-08-21,0.1555825626495623
AOI-0046,2017-09-10,0.22313346573562587
AOI-0046,2017-09-15,0.2831794140223756
AOI-0046,2017-10-12,0.2701226548929938
AOI-0046,2018-05-09,0.37637757383403275
AOI-0046,2018-06-01,0.22458733777078868
AOI-0046,2018-07-20,0.19861483514777206
AOI-0046,2018-08-20,0.17405860959377462
AOI-0046,2018-08-29,0.21777199431206778
AOI-0046,2018-10-15,0.17721144019530824
AOI-0046,2018-10-24,0.19045827613035415
AOI-0046,2019-04-01,0.2034089258800375
AOI-0046,2019-04-18,0.3197634658056983
AOI-0046,2019-05-19,0.7954979402844274
AOI-0046,2019-08-01,0.22857778445250865
AOI-0046,2019-09-01,0.2054825904037833
AOI-0046,2019-10-20,0.4665008097575451
AOI-0046,2020-04-04,0.7958887900189152
AOI-0046,2020-04-07,0.8215563946502473
AOI-0046,2020-05-08,0.8183292956697823
AOI-0046,2020-05-24,0.7995408725852816
AOI-0046,2020-06-09,0.6846230084111328
AOI-0046,2020-09-10,0.15113019335445696
AOI-0046,2020-09-13,0.2044220873331853
AOI-0046,2020-09-26,0.12866335906276782
AOI-0046,2020-10-21,0.14361356233362588
AOI-0046,2021-05-02,0.5473471756546546
AOI-0046,2021-05-25,0.7784816615966423
AOI-0046,2021-07-11,0.2922444983793559
AOI-0046,2021-07-28,0.2994188511749548
AOI-0046,2021-08-13,0.38903231726760396
AOI-0046,2021-08-20,0.22200784105310037
AOI-0046,2021-08-29,0.4161508615284599
AOI-0046,2021-09-06,0.5077996565203682
AOI-0046,2022-06-05,0.2420812840398294
AOI-0046,2022-07-24,0.18255761496825318
AOI-0046,2022-07-29,0.1700196626670326
AOI-0046,2022-07-30,0.22799414051178712
AOI-0046,2022-08-24,0.22401628806636686
AOI-0046,2022-08-30,0.1491935428047736
AOI-0046,2023-04-02,0.5508347883184666
AOI-0046,2023-04-29,0.841906459329197
AOI-0046,2023-05-06,0.884947800151722
AOI-0046,2023-06-21,0.6334614230126528
AOI-0046,2023-06-24,0.4899903713136568
AOI-0046,2023-07-22,0.24866179257908352
AOI-0046,2023-07-25,0.27400989947778914
AOI-0046,2023-08-13,0.2115212414396905
AOI-0046,2023-08-18,0.16092285323621844
AOI-0046,2023-08-25,0.16877074284330074
AOI-0046,2023-08-27,0.18459523635466077
AOI-0046,2023-08-28,0.15428227668399094
AOI-0046,2023-10-13,0.20239385397731768
AOI-0046,2023-10-29,0.27229297477453196
AOI-0046,2024-04-06,0.7309511399608806
AOI-0046,2024-05-08,0.8675583588530731
AOI-0046,2024-05-09,0.8555021697082987
AOI-0046,2024-06-01,0.8011536543686602
AOI-0046,2024-06-09,0.5151801532757875
AOI-0046,2024-07-03,0.21007312932620256
AOI-0046,2024-07-19,0.165337324364435
AOI-0046,2024-08-09,0.1474373372566729
AOI-0046,2024-08-20,0.196157219467715
AOI-0046,2024-08-28,0.21163772540557768
AOI-0046,2024-09-13,0.18047261224347014
AOI-0046,2024-09-22,0.18642943656280558
AOI-0046,2024-10-13,0.12013633737913236
AOI-0046,2025-06-30,0.7236948942201418
AOI-0046,2025-07-15,0.45401477764763787
AOI-0046,2025-08-07,0.4201392081619032
AOI-0046,2025-08-15,0.42864250302951445
AOI-0046,2025-09-24,0.21361687998412887
AOI-0046,2025-10-02,0.20142748507825478
AOI-0047,2025-05-08,0.7396087084818814
AOI-0047,2025-05-16,0.7640662433511581
AOI-0047,2025-05-25,0.711385662385457
AOI-0047,2025-06-15,0.38073259477688054
AOI-0047,2025-07-17,0.15986373075114368
AOI-0047,2025-07-18,0.15319464949858402
AOI-0047,2025-09-03,0.13371276390190875
AOI-0047,2025-10-15,0.15964351552758746
AOI-0047,2025-10-16,0.23349713008067893
AOI-0048,2025-04-07,0.677126979345624
AOI-0048,2025-04-17,0.698935251454741
AOI-0048,2025-05-09,0.6795366790420629
AOI-0048,2025-09-17,0.17305726473926228
AOI-0048,2025-09-24,0.1848030422528267
AOI-0049,2025-05-04,0.7522916787913
AOI-0049,2025-06-26,0.35954795094117986
AOI-0049,2025-06-27,0.23173405052084692
AOI-0049,2025-07-29,0.23214599128656757
AOI-0049,2025-08-06,0.18253221905676076
AOI-0049,2025-08-12,0.16923343088373538
AOI-0049,2025-08-17,0.16799962144601568
AOI-0049,2025-09-06,0.16564548410900662
AOI-0049,2025-09-14,0.24624897360742792
AOI-0049,2025-09-26,0.19555143307986445
AOI-0049,2025-09-30,0.294283006135509
AOI-0049,2025-10-08,0.19336714313993772
AOI-0049,2025-10-16,0.2767031996842167
AOI-0049,2025-10-28,0.23367135863664454
AOI-0050,2025-04-14,0.3014280902246579
AOI-0050,2025-04-15,0.335878424583806
AOI-0050,2025-05-25,0.63104661927558
AOI-0050,2025-06-27,0.49116287627084965
AOI-0050,2025-08-07,0.2777646939755916
AOI-0050,2025-08-09,0.2781100790667666
AOI-0050,2025-08-13,0.44151636414406087
AOI-0050,2025-08-17,0.27901161548042547
AOI-0050,2025-09-07,0.34618090883043035
AOI-0050,2025-09-30,0.4224332872797914
AOI-0050,2025-10-17,0.3685535862070023
AOI-0050,2025-10-28,0.34042351258736336
AOI-0051,2010-06-09,0.7002716752115183
AOI-0051,2011-06-04,0.5296125731832926
AOI-0051,2011-06-05,0.5272077982669129
AOI-0051,2011-06-12,0.6115626039651791
AOI-0051,2011-06-13,0.6140877910027073
AOI-0051,2011-09-01,0.5732682867430222
AOI-0051,2011-10-11,0.3899693399005232
AOI-0051,2012-04-27,0.4901620135995616
AOI-0051,2012-05-22,0.6233533618022205
AOI-0051,2012-08-12,0.4680239135489908
AOI-0051,2012-08-26,0.3367102241980321
AOI-0051,2012-08-28,0.4488166592130434
AOI-0051,2012-09-18,0.33276497992846743
AOI-0051,2012-10-13,0.3700847409039884
AOI-0051,2013-05-01,0.7578584300638334
AOI-0051,2013-07-19,0.4179868415388698
AOI-0051,2013-07-28,0.521395050906331
AOI-0051,2013-08-29,0.4672534697494013
AOI-0051,2013-10-07,0.4664652624290613
AOI-0051,2013-10-16,0.5115312173636715
AOI-0051,2014-04-18,0.7824725674285923
AOI-0051,2014-06-05,0.7100393760893282
AOI-0051,2014-06-10,0.6076646438068198
AOI-0051,2014-06-28,0.4864877326629594
AOI-0051,2014-09-08,0.3706235461306661
AOI-0051,2014-09-16,0.38338541887207406
AOI-0051,2015-04-07,0.340833425579942
AOI-0051,2015-05-23,0.7341275501241258
AOI-0051,2015-06-10,0.7307939064930703
AOI-0051,2015-06-15,0.747924994343826
AOI-0051,2015-06-26,0.6870619377006556
AOI-0051,2015-09-14,0.3779861708068077
AOI-0051,2015-09-20,0.3137853501767574
AOI-0051,2015-10-06,0.24441694955454626
AOI-0051,2016-04-06,0.6299106802830189
AOI-0051,2016-06-25,0.5297848677260338
AOI-0051,2016-07-12,0.4239587690687399
AOI-0051,2016-08-28,0.4441493138204403
AOI-0051,2016-09-14,0.3404030126611859
AOI-0051,2016-09-29,0.41780521016743305
AOI-0051,2016-10-24,-0.052036601829883386
AOI-0051,2017-05-28,0.536677873217053
AOI-0051,2017-06-21,0.6720958438075968
AOI-0051,2017-06-28,0.642127745712561
AOI-0051,2017-07-06,0.6257974005114181
AOI-0051,2017-07-23,0.6472683735197777
AOI-0051,2017-09-25,0.3124929778111073
AOI-0051,2017-09-30,0.3681160696104204
AOI-0051,2017-10-16,0.3367366610906908
AOI-0051,2018-04-11,0.4394740369418319
AOI-0051,2018-04-28,0.62163693326196
AOI-0051,2018-04-29,0.649798413776166
AOI-0051,2018-05-30,0.7194286369049294
AOI-0051,2018-06-26,0.4344026269748168
AOI-0051,2018-07-02,0.28217126176224305
AOI-0051,2018-08-02,0.3209551244159605
AOI-0051,2018-08-18,0.3224873120181375
AOI-0051,2018-09-14,0.3784568893492028
AOI-0051,2018-09-19,0.29971668102705334
AOI-0051,2018-10-14,0.2582695782363771
AOI-0051,2019-05-17,0.8453745249422309
AOI-0051,2019-05-31,0.7443443439913205
AOI-0051,2019-06-25,0.2795764355377147
AOI-0051,2019-06-30,0.2730293780382788
AOI-0051,2019-07-29,0.3366784127090719
AOI-0051,2019-08-05,0.3443932151422111
AOI-0051,2019-08-13,0.3781364595412803
AOI-0051,2019-08-22,0.2792094390309202
AOI-0051,2019-09-13,0.2471261282194395
AOI-0051,2019-10-16,0.3738713733711059
AOI-0051,2020-04-26,0.4112623985298266
AOI-0051,2020-06-09,0.7263335222060979
AOI-0051,2020-07-04,0.47982975551938173
AOI-0051,2020-07-27,0.45829236556973785
AOI-0051,2020-08-31,0.34275206074182907
AOI-0051,2020-09-07,0.24789469174846926
AOI-0051,2020-10-27,0.1583430433584269
AOI-0051,2021-05-06,0.7536133141613752
AOI-0051,2021-06-23,0.5173359938781221
AOI-0051,2021-07-19,0.3171409366020597
AOI-0051,2021-07-28,0.4459045477790468
AOI-0051,2021-08-23,0.36471331564843684
AOI-0051,2021-08-28,0.3655412761401409
AOI-0051,2021-08-29,0.4633517437837998
AOI-0051,2021-09-03,0.37682871247145205
AOI-0051,2021-09-07,0.313933867929311
AOI-0051,2021-10-02,0.3173617405413733
AOI-0051,2021-10-21,0.30906415372331486
AOI-0051,2022-05-09,0.6609463281559211
AOI-0051,2022-05-26,0.5006129349658808
AOI-0051,2022-05-27,0.45252677973828154
AOI-0051,2022-06-11,0.6356612609470815
AOI-0051,2022-06-19,0.7049660732801316
AOI-0051,2022-06-30,0.7522769350759497
AOI-0051,2022-07-09,0.7708840908410166
AOI-0051,2022-07-12,0.6718879692026901
AOI-0051,2022-07-22,0.7409206091910205
AOI-0051,2022-07-24,0.7698407158147925
AOI-0051,2022-07-29,0.7321550744976744
AOI-0051,2022-08-13,0.6272626410982779
AOI-0051,2022-08-28,0.5012237363176565
AOI-0051,2022-09-06,0.4953109717550093
AOI-0051,2022-09-14,0.46188610811347597
AOI-0051,2022-10-07,0.3744010541929339
AOI-0051,2022-10-15,0.3448512267181126
AOI-0051,2023-04-23,0.816417657758722
AOI-0051,2023-07-31,0.3354309757743282
AOI-0051,2023-08-28,0.34436103999411
AOI-0051,2023-09-09,0.3715493738646112
AOI-0051,2023-09-27,0.36501209823718495
AOI-0051,2023-10-04,0.36228001531772563
AOI-0051,2024-04-05,0.31947477809361646
AOI-0051,2024-05-04,0.408498652444531
AOI-0051,2024-05-22,0.49196138396239336
AOI-0051,2024-06-03,0.5464604070355917
AOI-0051,2024-06-23,0.47739691293703457
AOI-0051,2024-07-28,0.3074344448130736
AOI-0051,2024-08-27,0.2682137698017359
AOI-0051,2024-09-03,0.24946562490563567
AOI-0051,2024-10-01,0.21864908717309509
AOI-0051,2024-10-05,0.2591755261901369
AOI-0051,2024-10-06,0.22557425005867401
AOI-0051,2024-10-15,0.38200131049255864
AOI-0051,2025-05-09,0.8043009654433405
AOI-0051,2025-06-10,0.5307738139844718
AOI-0051,2025-06-27,0.360911858140808
AOI-0051,2025-07-05,0.3162797048802764
AOI-0051,2025-07-10,0.23275337175470218
AOI-0051,2025-08-05,0.19366857060301199
AOI-0051,2025-08-12,0.18119608776193727
AOI-0051,2025-09-15,0.19808870484933122
AOI-0051,2025-09-16,0.19346571624551873
AOI-0052,2025-04-19,0.175986091187384
AOI-0052,2025-06-08,0.33722884962889005
AOI-0052,2025-06-11,0.47009519681595235
AOI-0052,2025-07-05,0.672161423688995
AOI-0052,2025-07-18,0.364971856259268
AOI-0052,2025-08-22,0.13494064394320301
AOI-0052,2025-08-27,0.14353507308949748
AOI-0052,2025-09-06,0.146616035346511
AOI-0052,2025-09-14,0.2198104664713069
AOI-0052,2025-10-17,0.2855986025004306
AOI-0053,2025-04-11,0.7337030974191421
AOI-0053,2025-04-14,0.7741111155479515
AOI-0053,2025-04-16,0.770901106387585
AOI-0053,2025-04-19,0.7764989080617815
AOI-0053,2025-04-23,0.8760629378036245
AOI-0053,2025-06-26,0.3666544684086352
AOI-0053,2025-07-28,0.20994325439252065
AOI-0053,2025-08-02,0.1691600574509903
AOI-0053,2025-08-09,0.14575428823343087
AOI-0053,2025-08-12,0.1412454579823119
AOI-0053,2025-08-29,0.19291538455071322
AOI-0053,2025-09-01,0.13326604112114682
AOI-0053,2025-09-07,0.18473439845920966
AOI-0053,2025-09-11,0.14079615629492842
AOI-0053,2025-09-14,0.23091836508959226
AOI-0053,2025-09-15,0.16001492653488347
AOI-0053,2025-09-21,0.14154331489282118
AOI-0053,2025-09-26,0.16384537168907473
AOI-0053,2025-10-28,0.24376547950971156
AOI-0054,2025-04-11,0.53527683748147
AOI-0054,2025-04-19,0.6371952390514689
AOI-0054,2025-05-04,0.781977087177026
AOI-0054,2025-06-03,0.807690497777684
AOI-0054,2025-07-28,0.6312264784671106
AOI-0054,2025-08-12,0.695841435708309
AOI-0054,2025-09-21,0.6466938237178389
AOI-0054,2025-09-30,0.6615367732651106
AOI-0054,2025-10-16,0.6159801196602714
AOI-0055,2025-04-01,0.3467928762261018
AOI-0055,2025-04-11,0.40356805777468885
AOI-0055,2025-05-09,0.5257742825774636
AOI-0055,2025-07-04,0.5164046872172419
AOI-0055,2025-07-05,0.49838959868402877
AOI-0055,2025-07-08,0.4846873529328715
AOI-0055,2025-07-23,0.4255537719991939
AOI-0055,2025-08-17,0.3504408802897866
AOI-0055,2025-09-14,0.44317501631852957
AOI-0055,2025-09-22,0.4278019182230784
AOI-0056,2025-04-23,0.8393327708099381
AOI-0056,2025-05-24,0.7720429106747444
AOI-0056,2025-06-10,0.5087428566569226
AOI-0056,2025-06-19,0.3872498573839953
AOI-0056,2025-07-18,0.16426336357298868
AOI-0056,2025-07-23,0.16868155676457394
AOI-0056,2025-08-09,0.17445003586612923
AOI-0056,2025-09-06,0.18574450710494383
AOI-0056,2025-09-08,0.18023767059843646
AOI-0056,2025-10-16,0.27696462031442726
AOI-0057,2025-05-04,0.7949714656023724
AOI-0057,2025-05-09,0.7539897137005193
AOI-0057,2025-05-19,0.5186928371457842
AOI-0057,2025-06-26,0.3729429505487336
AOI-0057,2025-06-27,0.24194378103841713
AOI-0057,2025-07-10,0.20102139485062856
AOI-0057,2025-07-13,0.19223525409164996
AOI-0057,2025-07-18,0.1954374509835584
AOI-0057,2025-08-05,0.1891832069519022
AOI-0057,2025-08-27,0.1397172397460761
AOI-0057,2025-09-01,0.1508107913437281
AOI-0057,2025-09-21,0.15768942713176895
AOI-0058,2010-04-23,0.3958795748023491
AOI-0058,2010-08-13,0.4366958528438665
AOI-0058,2010-08-29,0.392320652459159
AOI-0058,2010-09-05,0.313768759091385
AOI-0058,2011-04-02,0.3199996007004371
AOI-0058,2011-04-26,0.5103150558860141
AOI-0058,2011-06-12,0.7443981794710941
AOI-0058,2011-07-15,0.5091832821185827
AOI-0058,2011-08-29,0.4366730395664622
AOI-0058,2011-09-01,0.30843766833577063
AOI-0058,2011-10-02,0.315302024814122
AOI-0058,2011-10-27,0.3268589589005498
AOI-0058,2012-04-22,0.6055455076880055
AOI-0058,2012-06-09,0.6952681121275238
AOI-0058,2012-06-23,0.6346380156758877
AOI-0058,2012-07-11,0.5734209088767219
AOI-0058,2012-08-12,0.4590714158718948
AOI-0058,2012-09-11,0.38282861085168074
AOI-0058,2013-04-07,0.443429250818955
AOI-0058,2013-04-23,0.5121508668377457
AOI-0058,2013-05-09,0.5411094644808871
AOI-0058,2013-06-09,0.5002752016245975
AOI-0058,2013-06-10,0.6714811257242079
AOI-0058,2013-07-11,0.701557855166946
AOI-0058,2013-07-19,0.6896051516068549
AOI-0058,2013-08-28,0.2525511782786432
AOI-0058,2013-10-16,0.4287756642301296
AOI-0058,2013-10-24,0.29168204705925466
AOI-0058,2014-04-25,0.7904584265531719
AOI-0058,2014-06-05,0.7972876638694439
AOI-0058,2014-06-10,0.6907459019798685
AOI-0058,2014-09-14,0.3660484139541191
AOI-0058,2015-04-28,0.3887774825818381
AOI-0058,2015-05-09,0.6939706363900573
AOI-0058,2015-09-03,0.46953737591553946
AOI-0058,2015-09-27,0.4770937493862215
AOI-0058,2016-04-06,0.759584592334492
AOI-0058,2016-04-30,0.8238105538333624
AOI-0058,2016-06-09,0.814197347619254
AOI-0058,2016-07-27,0.5612462279544927
AOI-0058,2016-07-28,0.459887252058971
AOI-0058,2016-08-13,0.4977279087288945
AOI-0058,2017-04-25,0.8085614139843081
AOI-0058,2017-07-15,0.2615803042258238
AOI-0058,2017-09-13,0.2134588378712444
AOI-0058,2017-09-16,0.23777120043820676
AOI-0058,2018-05-15,0.7221075279000145
AOI-0058,2018-07-26,0.5237842515750577
AOI-0058,2018-08-02,0.4912849114402492
AOI-0058,2019-04-23,0.8252442004626553
AOI-0058,2019-05-25,0.8105301301486428
AOI-0058,2019-06-25,0.2834176286480695
AOI-0058,2019-06-27,0.28450830112658154
AOI-0058,2019-07-04,0.3030097515920846
AOI-0058,2019-08-30,0.22289585087516606
AOI-0058,2019-09-28,0.16144565500128832
AOI-0058,2019-09-30,0.2906631506085528
AOI-0058,2020-04-17,0.42172112912325554
AOI-0058,2020-05-04,0.546219436908607
AOI-0058,2020-06-05,0.6676979132284171
AOI-0058,2020-06-29,0.5853073491705293
AOI-0058,2020-07-06,0.5245643988436844
AOI-0058,2020-07-22,0.4316248811658828
AOI-0058,2020-07-30,0.41966693276865924
AOI-0058,2020-08-07,0.37766692930231777
AOI-0058,2020-08-12,0.4315504876187635
AOI-0058,2020-08-23,0.34507070130564743
AOI-0058,2020-08-28,0.40655368989996166
AOI-0058,2020-09-24,0.29355345218844786
AOI-0058,2020-10-27,0.2646869877842264
AOI-0058,2021-04-15,0.5538443103894205
AOI-0058,2021-05-09,0.7197252669333295
AOI-0058,2021-05-31,0.7149653421323939
AOI-0058,2021-07-09,0.6489567857455312
AOI-0058,2021-07-14,0.5179676305904956
AOI-0058,2021-07-25,0.4643725074159152
AOI-0058,2021-08-13,0.46840952248916096
AOI-0058,2021-08-28,0.33788105857406886
AOI-0058,2021-09-27,0.49682739369466256
AOI-0058,2022-06-10,0.7888888786815611
AOI-0058,2022-06-18,0.7941697657822931
AOI-0058,2022-07-04,0.28300562162492865
AOI-0058,2022-07-12,0.3541660478491621
AOI-0058,2022-07-17,0.2544888991465141
AOI-0058,2022-07-29,0.18646085650809574
AOI-0058,2022-09-14,0.31601237417508005
AOI-0058,2023-05-09,0.7594695936343108
AOI-0058,2023-05-20,0.5969731729088539
AOI-0058,2023-06-28,0.7897549380601866
AOI-0058,2023-08-17,0.5384727844787474
AOI-0058,2023-09-02,0.42176705352591937
AOI-0058,2023-09-10,0.49634817031317396
AOI-0058,2023-09-27,0.5191118671624082
AOI-0058,2023-10-12,0.4876095319345442
AOI-0058,2024-04-09,0.7448148417928261
AOI-0058,2024-05-09,0.7895331082777906
AOI-0058,2024-06-03,0.6379207369874588
AOI-0058,2024-06-23,0.33370591534281
AOI-0058,2024-06-28,0.33610003696370144
AOI-0058,2024-07-09,0.3585572707185822
AOI-0058,2024-07-26,0.2663306008474325
AOI-0058,2024-07-27,0.3636527999233827
AOI-0058,2024-08-18,0.2827845157695528
AOI-0058,2024-08-27,0.20721840254772925
AOI-0058,2024-08-28,0.3312437708134582
AOI-0058,2024-09-21,0.21967018466534508
AOI-0058,2024-09-28,0.2081373578058437
AOI-0058,2024-10-01,0.20623107191562132
AOI-0058,2024-10-30,0.21494393431947692
AOI-0058,2025-04-07,0.5752056510414755
AOI-0058,2025-04-16,0.5079330672375345
AOI-0058,2025-04-24,0.5593109148390483
AOI-0058,2025-07-18,0.330161580692707
AOI-0058,2025-07-28,0.3435647520127479
AOI-0058,2025-08-02,0.24772675890025692
AOI-0058,2025-08-06,0.25601018795409686
AOI-0058,2025-08-09,0.20665781230810887
AOI-0058,2025-08-12,0.19594474842299472
AOI-0058,2025-08-14,0.19277531910084883
AOI-0058,2025-09-14,0.28252507025589557
AOI-0058,2025-09-22,0.2332581691755503
AOI-0059,2010-06-26,0.7898109226946849
AOI-0059,2010-07-19,0.7017043213522729
AOI-0059,2010-08-28,0.2722513536408271
AOI-0059,2011-04-23,0.7390756765831089
AOI-0059,2011-05-27,0.6953108080396309
AOI-0059,2011-05-28,0.7080911387945849
AOI-0059,2011-06-12,0.653188613001893
AOI-0059,2011-06-26,0.7244732260712784
AOI-0059,2011-07-07,0.763320050075986
AOI-0059,2011-07-28,0.47202594661029434
AOI-0059,2011-08-08,0.49723245219395534
AOI-0059,2011-08-23,0.5061522473161307
AOI-0059,2012-04-04,0.597084288056975
AOI-0059,2012-08-12,0.44717522978555274
AOI-0059,2012-08-26,0.2752446593015298
AOI-0059,2012-09-11,0.2725974913021125
AOI-0059,2012-10-13,0.34376288345341155
AOI-0059,2013-05-09,0.8445022106139903
AOI-0059,2013-06-18,0.29420829691327055
AOI-0059,2013-07-20,0.2251870411164064
AOI-0059,2013-08-13,0.3224537746727786
AOI-0059,2013-08-21,0.22330078582919557
AOI-0059,2013-10-16,0.4056557284365172
AOI-0059,2014-05-09,0.8886137771577711
AOI-0059,2014-10-27,0.6264994757665082
AOI-0059,2015-04-13,0.264804868717628
AOI-0059,2015-05-22,0.37545950121098115
AOI-0059,2015-06-07,0.7230036603107097
AOI-0059,2015-08-02,0.8074756761740178
AOI-0059,2015-08-10,0.7366481402409222
AOI-0059,2015-08-29,0.5851046635226548
AOI-0059,2015-09-27,0.5007848529414377
AOI-0059,2015-09-30,0.40209087270773464
AOI-0059,2016-05-25,0.916000168768459
AOI-0059,2016-07-04,0.3686147553436822
AOI-0059,2016-09-14,0.2434364382475616
AOI-0059,2016-10-24,0.23883232439710714
AOI-0059,2017-04-02,0.6066500073255641
AOI-0059,2017-05-06,0.8556568521300387
AOI-0059,2017-05-27,0.8956148969735819
AOI-0059,2017-06-04,0.914443734407472
AOI-0059,2017-06-10,0.8249360798788677
AOI-0059,2017-07-12,0.3588739405148118
AOI-0059,2017-07-23,0.27609256782060965
AOI-0059,2017-07-28,0.3813755018635967
AOI-0059,2017-08-13,0.308237499197503
AOI-0059,2017-08-29,0.30624953708895547
AOI-0059,2017-09-24,0.22139246730455808
AOI-0059,2018-04-07,0.4212451096759514
AOI-0059,2018-05-22,0.3927082601082679
AOI-0059,2018-05-31,0.3968226823666906
AOI-0059,2018-07-09,0.5906757824064998
AOI-0059,2018-07-18,0.5064709049049132
AOI-0059,2018-07-26,0.4655351719018686
AOI-0059,2018-08-02,0.4077201644469129
AOI-0059,2018-08-10,0.35681026388501436
AOI-0059,2018-08-13,0.3488997169368222
AOI-0059,2018-10-06,0.22879336019057223
AOI-0059,2019-04-11,0.6358683089903772
AOI-0059,2019-04-21,0.7343302391989653
AOI-0059,2019-04-23,0.7443170036563426
AOI-0059,2019-05-21,0.8934044439754438
AOI-0059,2019-06-02,0.8248134899356092
AOI-0059,2019-06-05,0.807067302367289
AOI-0059,2019-06-10,0.7178809106587325
AOI-0059,2019-06-15,0.5397691639654787
AOI-0059,2019-06-30,0.2178148320912221
AOI-0059,2019-07-29,0.25855072224874576
AOI-0059,2019-08-21,0.17625213033987475
AOI-0059,2019-08-24,0.1512272792405665
AOI-0059,2019-09-03,0.15192216682058357
AOI-0059,2019-10-13,0.2371914249432641
AOI-0059,2019-10-24,0.22327139674868052
AOI-0059,2020-04-09,0.222771805592616
AOI-0059,2020-04-18,0.24621540242198733
AOI-0059,2020-04-25,0.16011319748424785
AOI-0059,2020-05-08,0.6107576694400879
AOI-0059,2020-05-12,0.2920915886419261
AOI-0059,2020-06-05,0.6333027994827387
AOI-0059,2020-07-11,0.7071261256540265
AOI-0059,2020-07-30,0.6910980354491296
AOI-0059,2020-10-26,0.1930565999039528
AOI-0059,2021-06-19,0.6439615820347635
AOI-0059,2021-06-23,0.6352912779263975
AOI-0059,2021-06-29,0.3935544533210457
AOI-0059,2021-07-28,0.3679635622778323
AOI-0059,2021-07-29,0.21969776964388132
AOI-0059,2021-08-18,0.35762895667587874
AOI-0059,2021-08-28,0.6007959004565849
AOI-0059,2021-09-07,0.7197483735486319
AOI-0059,2021-09-17,0.7166056154521799
AOI-0059,2021-09-28,0.3782328646309016
AOI-0059,2021-09-30,0.3801234025992632
AOI-0059,2021-10-16,0.34602579941968514
AOI-0059,2022-04-15,0.24949714809558116
AOI-0059,2022-06-10,0.7895989123848448
AOI-0059,2022-06-11,0.7768547757958463
AOI-0059,2022-07-20,0.7954841695449791
AOI-0059,2022-08-18,0.7017803545745194
AOI-0059,2022-09-27,0.39877315930551815
AOI-0059,2022-10-08,0.45740986043196136
AOI-0059,2023-05-13,0.898442752467437
AOI-0059,2023-05-25,0.8571254005017125
AOI-0059,2023-06-18,0.8344394530655969
AOI-0059,2023-07-16,0.243958082731072
AOI-0059,2023-07-29,0.18275120832619607
AOI-0059,2023-09-30,0.3073313110169701
AOI-0059,2023-10-12,0.19744208411910302
AOI-0059,2023-10-16,0.3062724336940219
AOI-0059,2024-04-04,0.26741225486747966
AOI-0059,2024-04-13,0.2750235659319869
AOI-0059,2024-04-22,0.4376279595555926
AOI-0059,2024-05-19,0.2434391136443921
AOI-0059,2024-06-09,0.6380952667339096
AOI-0059,2024-07-13,0.3277737301856169
AOI-0059,2024-07-17,0.3603790570081356
AOI-0059,2024-07-27,0.297151060552469
AOI-0059,2024-09-11,0.17104130403360812
AOI-0059,2025-04-01,0.5820529946954226
AOI-0059,2025-04-23,0.8422911804382736
AOI-0059,2025-05-01,0.8512351891884375
AOI-0059,2025-05-09,0.8096259968086515
AOI-0059,2025-05-17,0.8253167485696565
AOI-0059,2025-06-10,0.45889740075682356
AOI-0059,2025-08-29,0.18320494157430722
AOI-0059,2025-09-07,0.19987387574881074
AOI-0059,2025-10-08,0.1900765288264602
AOI-0059,2025-10-28,0.2181273386446323
AOI-0060,2025-04-14,0.7488205994415688
AOI-0060,2025-04-29,0.816392056294406
AOI-0060,2025-06-03,0.4396669394639975
AOI-0060,2025-07-04,0.5566512607350009
AOI-0060,2025-07-05,0.5295495072599128
AOI-0060,2025-07-21,0.32193973376671253
AOI-0060,2025-08-05,0.23137221711760675
AOI-0060,2025-08-29,0.25017979720697103
AOI-0060,2025-08-30,0.20665926368538814
AOI-0060,2025-09-01,0.16318534288306066
AOI-0060,2025-09-11,0.1722073205537406
AOI-0061,2010-04-23,0.3774300382537983
AOI-0061,2010-05-26,0.661884431125376
AOI-0061,2010-06-11,0.7278216948936681
AOI-0061,2011-06-30,0.5395302878806839
AOI-0061,2011-07-28,0.48341924765363764
AOI-0061,2011-09-18,0.304292727112656
AOI-0061,2011-09-26,0.33788944716560065
AOI-0061,2012-04-06,0.37230668718019355
AOI-0061,2012-05-24,0.7067341889500703
AOI-0061,2012-08-28,0.4538788687411607
AOI-0061,2012-09-04,0.4037486928962798
AOI-0061,2012-10-22,0.19909569583103845
AOI-0061,2013-04-16,0.6333352077572502
AOI-0061,2013-06-10,0.6519109440874058
AOI-0061,2013-06-26,0.5049795843476885
AOI-0061,2013-08-29,0.30010350234118816
AOI-0061,2013-09-14,0.31000907649737447
AOI-0061,2013-10-09,0.2075957068937673
AOI-0061,2014-04-27,0.8020732133124577
AOI-0061,2014-06-26,0.4373449017099362
AOI-0061,2014-07-28,0.3136954831069598
AOI-0061,2015-04-07,0.3260068429230111
AOI-0061,2015-05-08,0.277359380217438
AOI-0061,2015-09-29,0.27092267614094573
AOI-0061,2016-04-22,0.7676368892252733
AOI-0061,2016-06-19,0.6635546261419316
AOI-0061,2016-06-27,0.48607506852833926
AOI-0061,2016-07-13,0.42745788766834913
AOI-0061,2017-04-03,0.14981075415557993
AOI-0061,2017-05-25,0.592572847976693
AOI-0061,2017-07-02,0.8393303992767724
AOI-0061,2017-07-27,0.7679102041843401
AOI-0061,2017-08-11,0.5222085455157436
AOI-0061,2017-09-02,0.2674529686541028
AOI-0061,2018-04-07,0.7526496274255405
AOI-0061,2018-06-10,0.7304853751014644
AOI-0061,2019-04-09,0.24769702686222522
AOI-0061,2019-05-13,0.30371406506504933
AOI-0061,2019-05-21,0.37357931166430164
AOI-0061,2019-05-25,0.7165201583149596
AOI-0061,2019-06-27,0.7770477004704154
AOI-0061,2019-07-12,0.7293934175962238
AOI-0061,2019-08-21,0.6350304707808125
AOI-0061,2019-09-14,0.2922054145705123
AOI-0061,2019-09-23,0.13552975220414368
AOI-0061,2019-10-18,0.24090555680497913
AOI-0061,2019-10-20,0.24770976939272135
AOI-0061,2020-04-17,0.37780778143482824
AOI-0061,2020-05-24,0.676287063884481
AOI-0061,2020-07-16,0.27522920651308724
AOI-0061,2020-07-19,0.27719305198182076
AOI-0061,2020-07-24,0.27378286430818455
AOI-0061,2020-07-27,0.37626539861602576
AOI-0061,2020-08-08,0.22026603249618104
AOI-0061,2020-08-17,0.27746533713803334
AOI-0061,2020-08-18,0.2460712370748207
AOI-0061,2020-08-23,0.22732212403862098
AOI-0061,2020-09-18,0.19172060890100953
AOI-0061,2020-10-17,0.1509960529456221
AOI-0061,2020-10-29,0.08059635377807207
AOI-0061,2021-05-05,0.8920226968601039
AOI-0061,2021-05-08,0.9049926037824828
AOI-0061,2021-05-15,0.8999666224381002
AOI-0061,2021-07-21,0.1852111085626626
AOI-0061,2021-07-24,0.19400244857040197
AOI-0061,2021-08-04,0.3088806680074622
AOI-0061,2021-08-28,0.3417644235586829
AOI-0061,2021-08-29,0.3771353999595524
AOI-0061,2021-10-29,0.05919377928646883
AOI-0061,2022-04-09,0.23911189010964323
AOI-0061,2022-05-09,0.45236330686941423
AOI-0061,2022-05-22,0.39445145421176253
AOI-0061,2022-05-25,0.5708380287039571
AOI-0061,2022-05-27,0.4253864681720512
AOI-0061,2022-06-12,0.8121519101604988
AOI-0061,2022-06-29,0.8486036250845305
AOI-0061,2022-07-06,0.8422313867703687
AOI-0061,2022-07-21,0.8211558441833432
AOI-0061,2022-07-22,0.797974292833914
AOI-0061,2022-07-28,0.7925594435425699
AOI-0061,2022-08-23,0.3770844839623846
AOI-0061,2023-04-07,0.6394569643137901
AOI-0061,2023-04-25,0.6196301907240634
AOI-0061,2023-05-05,0.675316043521618
AOI-0061,2023-05-06,0.6861338020236873
AOI-0061,2023-05-17,0.6953589596976597
AOI-0061,2023-06-06,0.7857974239972052
AOI-0061,2023-06-21,0.7524035566002149
AOI-0061,2023-07-17,0.4614734199361658
AOI-0061,2023-07-21,0.4522129879045998
AOI-0061,2023-07-27,0.4754913228665015
AOI-0061,2023-09-24,0.1708612742128426
AOI-0061,2023-10-14,0.15501088639166208
AOI-0061,2023-10-29,0.19430661779872033
AOI-0061,2024-04-29,0.4184145472787077
AOI-0061,2024-05-01,0.42147424144044043
AOI-0061,2024-05-08,0.607436604036439
AOI-0061,2024-06-20,0.4805132898778014
AOI-0061,2024-07-15,0.36657257223409534
AOI-0061,2024-08-09,0.30555397563298126
AOI-0061,2024-08-12,0.36668544119741925
AOI-0061,2024-09-06,0.2090414969280117
AOI-0061,2024-09-26,0.17405807523081698
AOI-0061,2024-10-07,0.2223974886477914
AOI-0061,2025-04-16,0.6624444430899062
AOI-0061,2025-04-19,0.7329178790714607
AOI-0061,2025-05-28,0.8365414406515079
AOI-0061,2025-06-28,0.5217276370128545
AOI-0061,2025-07-07,0.3901050234742969
AOI-0061,2025-07-10,0.33956111467530614
AOI-0061,2025-07-28,0.23084759476979275
AOI-0061,2025-08-16,0.2078619710548861
AOI-0061,2025-08-29,0.25894214395327453
AOI-0061,2025-09-24,0.3037357397324257
AOI-0061,2025-09-26,0.318858874316007
AOI-0061,2025-10-16,0.358457379246835
AOI-0062,2010-04-24,0.7828869467698629
AOI-0062,2010-05-09,0.8429712743413353
AOI-0062,2010-05-26,0.8364762084572973
AOI-0062,2010-08-13,0.23925943313013479
AOI-0062,2010-10-16,0.30663016896404316
AOI-0062,2011-06-14,0.6932487082326956
AOI-0062,2011-07-28,0.44759987462129724
AOI-0062,2011-10-16,0.509097508771386
AOI-0062,2012-06-09,0.6399655930550712
AOI-0062,2012-08-28,0.2607378048057394
AOI-0062,2012-09-04,0.17073187616681593
AOI-0062,2012-09-13,0.2596661085804465
AOI-0062,2013-04-23,0.4075375278738701
AOI-0062,2013-07-12,0.7029961027293633
AOI-0062,2013-07-28,0.6875122872219624
AOI-0062,2013-09-14,0.36967730936418897
AOI-0062,2013-10-16,0.3009614408054413
AOI-0062,2014-06-30,0.30734601667506795
AOI-0062,2014-10-04,0.39022683224903315
AOI-0062,2015-04-22,0.649390245152664
AOI-0062,2015-05-09,0.7038703633660847
AOI-0062,2015-09-05,0.19833928519461405
AOI-0062,2015-09-21,0.20982855432419395
AOI-0062,2016-05-08,0.8771031600241709
AOI-0062,2016-07-11,0.33935607658164535
AOI-0062,2016-07-27,0.36386975450676884
AOI-0062,2016-09-13,0.25788233464877197
AOI-0062,2016-10-25,0.28748100436879126
AOI-0062,2017-04-07,0.34732384735913285
AOI-0062,2017-07-28,0.6755285028700225
AOI-0062,2017-09-15,0.16348706589385267
AOI-0062,2018-04-06,0.6599222882032284
AOI-0062,2018-04-07,0.6936515426836438
AOI-0062,2018-06-02,0.8194809912776871
AOI-0062,2018-06-25,0.3328754258023635
AOI-0062,2018-07-28,0.3022656503376342
AOI-0062,2018-08-28,0.1950200136309373
AOI-0062,2019-04-08,0.1595748997807053
AOI-0062,2019-04-11,0.16878551352842502
AOI-0062,2019-06-17,0.7020587273968991
AOI-0062,2019-07-06,0.7259380771817459
AOI-0062,2019-08-09,0.7245100989999138
AOI-0062,2019-08-23,0.40715478714787956
AOI-0062,2019-09-23,0.11111498389808698
AOI-0062,2019-10-18,0.16421632382801318
AOI-0062,2019-10-23,0.23195761371526571
AOI-0062,2019-10-28,0.21415897465968547
AOI-0062,2020-04-30,0.7597229172085357
AOI-0062,2020-05-30,0.7982290749606926
AOI-0062,2020-06-16,0.526353214085693
AOI-0062,2020-07-26,0.13411599606225913
AOI-0062,2020-08-18,0.16084814314394613
AOI-0062,2020-08-20,0.148380024556243
AOI-0062,2020-08-23,0.15507931083887663
AOI-0062,2020-08-25,0.1577415014606982
AOI-0062,2020-09-07,0.1268943904616583
AOI-0062,2020-09-09,0.14425809954923688
AOI-0062,2020-10-07,0.15781405643088842
AOI-0062,2020-10-15,0.23620569234696867
AOI-0062,2021-04-23,0.33411608105390334
AOI-0062,2021-05-05,0.20657899619453413
AOI-0062,2021-05-08,0.21596123966032252
AOI-0062,2021-05-12,0.19002357688437935
AOI-0062,2021-06-06,0.3240259692801671
AOI-0062,2021-06-10,0.6422447094114029
AOI-0062,2021-07-01,0.700772516278963
AOI-0062,2021-07-26,0.7437510864053728
AOI-0062,2021-07-29,0.7306814172853301
AOI-0062,2021-09-12,0.20713188999465834
AOI-0062,2021-09-13,0.26572894149492293
AOI-0062,2021-09-19,0.19121152154903817
AOI-0062,2021-09-27,0.1947085457631203
AOI-0062,2021-09-29,0.18366083019156215
AOI-0062,2021-10-07,0.16199271751507904
AOI-0062,2021-10-16,0.28285127772986673
AOI-0062,2022-04-10,0.7335097314838654
AOI-0062,2022-04-27,0.8408776058061636
AOI-0062,2022-05-11,0.8882375615536137
AOI-0062,2022-05-25,0.8664476775403869
AOI-0062,2022-07-21,0.1921672990577395
AOI-0062,2022-07-24,0.19145477224734261
AOI-0062,2022-08-23,0.1661897124431802
AOI-0062,2022-09-14,0.23013376888268985
AOI-0062,2022-09-18,0.16567183381758413
AOI-0062,2022-09-30,0.230199706108147
AOI-0062,2022-10-19,0.15245983020318885
AOI-0062,2023-05-17,0.33865520611956945
AOI-0062,2023-06-18,0.8660865127043339
AOI-0062,2023-06-24,0.8639532520323338
AOI-0062,2023-07-14,0.8053573430667437
AOI-0062,2023-08-05,0.4783145851575004
AOI-0062,2023-08-25,0.1420725752095293
AOI-0062,2023-09-17,0.15510612766488494
AOI-0062,2023-10-12,0.18975436145043328
AOI-0062,2023-10-16,0.24473720918343056
AOI-0062,2024-04-22,0.8797626781242094
AOI-0062,2024-06-03,0.8057136256937759
AOI-0062,2024-06-08,0.727431320884799
AOI-0062,2024-06-23,0.23414934615755292
AOI-0062,2024-07-30,0.11042869586251046
AOI-0062,2024-08-04,0.13124004518255084
AOI-0062,2024-08-12,0.18357963807031183
AOI-0062,2024-09-06,0.12939450944746528
AOI-0062,2024-10-26,0.1569278913349596
AOI-0062,2025-04-01,0.23538865217738658
AOI-0062,2025-04-07,0.36570630043219865
AOI-0062,2025-04-11,0.24260784111245076
AOI-0062,2025-04-24,0.23860841874911443
AOI-0062,2025-04-29,0.2602921643949056
AOI-0062,2025-05-28,0.485674890612868
AOI-0062,2025-06-28,0.8017982279549568
AOI-0062,2025-07-06,0.8073787011913742
AOI-0062,2025-07-07,0.7821376024733314
AOI-0062,2025-07-15,0.5236904665704882
AOI-0062,2025-07-25,0.4057809259584965
AOI-0062,2025-08-02,0.28064722169741624
AOI-0062,2025-08-17,0.24077722206175825
AOI-0062,2025-09-24,0.20870840661694545
AOI-0062,2025-09-30,0.28898376179533575
AOI-0062,2025-10-08,0.17499679069981364
AOI-0062,2025-10-13,0.1870597991213096
AOI-0063,2025-04-14,0.24070368285934704
AOI-0063,2025-04-19,0.21781107478644926
AOI-0063,2025-04-23,0.3886846893319258
AOI-0063,2025-04-24,0.248409585050764
AOI-0063,2025-05-06,0.19804137324880502
AOI-0063,2025-05-25,0.6015873940451175
AOI-0063,2025-06-05,0.7306719567689935
AOI-0063,2025-06-25,0.7964652044317116
AOI-0063,2025-06-28,0.807016573108753
AOI-0063,2025-06-30,0.7852902666125751
AOI-0063,2025-07-06,0.7988612954129204
AOI-0063,2025-07-07,0.788884206577255
AOI-0063,2025-07-22,0.5336812435248077
AOI-0063,2025-08-23,0.4045302076664042
AOI-0063,2025-09-13,0.2522290283486704
AOI-0063,2025-09-14,0.3301462436541568
AOI-0064,2025-04-14,0.46298635086583273
AOI-0064,2025-04-23,0.6117232811608887
AOI-0064,2025-04-24,0.4248506752962936
AOI-0064,2025-06-03,0.7393446004034598
AOI-0064,2025-06-05,0.7363663459733495
AOI-0064,2025-06-26,0.4616076411307016
AOI-0064,2025-06-27,0.3766903243973714
AOI-0064,2025-06-28,0.37678506365783176
AOI-0064,2025-07-10,0.23675164013551542
AOI-0064,2025-08-12,0.1283518384417603
AOI-0064,2025-08-19,0.1613437263802719
AOI-0064,2025-08-27,0.15622345247247782
AOI-0064,2025-08-31,0.2176300556798895
AOI-0064,2025-09-13,0.17476205326644456
AOI-0064,2025-10-06,0.19263971719879125
AOI-0064,2025-10-13,0.1712958094319738
AOI-0065,2025-04-19,0.4317291908603961
AOI-0065,2025-05-01,0.4677241171347081
AOI-0065,2025-06-04,0.5309550105295866
AOI-0065,2025-06-05,0.5114985185406526
AOI-0065,2025-06-08,0.5189637796688149
AOI-0065,2025-06-26,0.6558684619682643
AOI-0065,2025-07-15,0.43280932238612885
AOI-0065,2025-07-18,0.409965220478151
AOI-0065,2025-08-07,0.209173132593757
AOI-0065,2025-08-17,0.21249656960283933
AOI-0065,2025-09-14,0.2925860893694506
AOI-0065,2025-09-25,0.21000405922020488
AOI-0065,2025-09-30,0.3434930604049698
AOI-0065,2025-10-08,0.22770914066912382
AOI-0066,2025-06-05,0.5032875919748491
AOI-0066,2025-07-05,0.7876282546892637
AOI-0066,2025-07-15,0.7033091660795109
AOI-0066,2025-07-25,0.5333336462197913
AOI-0066,2025-07-27,0.5008231907215158
AOI-0066,2025-08-14,0.31332369877325617
AOI-0066,2025-09-01,0.16780761799899954
AOI-0067,2010-04-25,0.17258213894666508
AOI-0067,2010-06-20,0.18215245958205298
AOI-0067,2010-06-26,0.25324792888421843
AOI-0067,2010-07-13,0.17565807645242754
AOI-0067,2010-07-21,0.16109097034467695
AOI-0067,2010-08-06,0.1655955101822459
AOI-0067,2010-08-07,0.1508487196287353
AOI-0067,2010-08-15,0.14773883434795013
AOI-0067,2010-09-23,0.15762692239753592
AOI-0067,2010-10-09,0.1480360522757872
AOI-0067,2011-05-09,0.3338406801708518
AOI-0067,2011-05-14,0.19991734665859842
AOI-0067,2011-09-03,0.3268454256050338
AOI-0067,2011-09-19,0.3033738649855208
AOI-0067,2012-05-08,0.36743134096563834
AOI-0067,2012-06-09,0.2122390078091286
AOI-0067,2012-07-27,0.1622714961719363
AOI-0067,2012-09-29,0.15537740698596222
AOI-0067,2013-07-30,0.2319079022329069
AOI-0067,2013-08-29,0.3959637180531194
AOI-0067,2014-05-21,0.19973224310743615
AOI-0067,2014-05-25,0.2986405003226023
AOI-0067,2014-06-06,0.19992861377874996
AOI-0067,2014-06-07,0.1992729321842267
AOI-0067,2014-07-01,0.19573834708512855
AOI-0067,2014-07-16,0.19582593782762972
AOI-0067,2014-07-17,0.16404613217418335
AOI-0067,2014-09-14,0.22591583107377172
AOI-0067,2014-10-12,0.14037671645683136
AOI-0067,2015-04-15,0.16794715764865878
AOI-0067,2015-05-09,0.29818022638334185
AOI-0067,2015-06-02,0.2096021204049629
AOI-0067,2015-06-18,0.24618043591253191
AOI-0067,2015-07-12,0.45794861309779955
AOI-0067,2015-07-20,0.3638019296404811
AOI-0067,2015-08-29,0.45538286034267716
AOI-0067,2015-09-14,0.36068055530670706
AOI-0067,2015-09-29,0.24989202665114513
AOI-0067,2016-05-03,0.2444586713208635
AOI-0067,2016-05-10,0.25823351082467144
AOI-0067,2016-05-11,0.25937418513871036
AOI-0067,2016-06-25,0.2598761774472956
AOI-0067,2016-07-14,0.19642613298360226
AOI-0067,2016-07-27,0.37958773603744445
AOI-0067,2016-09-29,0.263712529845205
AOI-0067,2016-10-25,0.20362275172490577
AOI-0067,2017-04-04,0.15426138573917483
AOI-0067,2017-04-28,0.15860008343796633
AOI-0067,2017-05-05,0.17561653065872906
AOI-0067,2017-06-07,0.298278554347423
AOI-0067,2017-07-09,0.46717842209360794
AOI-0067,2017-07-25,0.5350597901791984
AOI-0067,2017-08-02,0.5806573567057166
AOI-0067,2017-08-11,0.5549617089616423
AOI-0067,2017-08-13,0.5214986550627897
AOI-0067,2017-08-29,0.502778802792516
AOI-0067,2017-09-14,0.44538296210744643
AOI-0067,2017-09-20,0.4000709380911695
AOI-0067,2018-04-06,0.18823123115648993
AOI-0067,2018-04-23,0.24246112810748116
AOI-0067,2018-05-25,0.2543064087736116
AOI-0067,2018-07-11,0.18673627136727664
AOI-0067,2018-08-29,0.20810431586788003
AOI-0067,2019-05-08,0.730729008525156
AOI-0067,2019-05-28,0.8062606700300784
AOI-0067,2019-06-12,0.4705192348893821
AOI-0067,2019-07-12,0.28140293602472144
AOI-0067,2019-07-14,0.1996647937666667
AOI-0067,2019-07-28,0.428681759632208
AOI-0067,2019-08-08,0.40855255313702926
AOI-0067,2019-08-11,0.3643143839110712
AOI-0067,2019-08-29,0.30309887673786257
AOI-0067,2019-09-05,0.2591809718339388
AOI-0067,2019-09-16,0.27354535667158636
AOI-0067,2019-09-24,0.2836220634385446
AOI-0067,2019-10-02,0.29906300020926097
AOI-0067,2019-10-03,0.29854645086266907
AOI-0067,2019-10-15,0.2887872358759692
AOI-0067,2020-04-22,0.22728648270031276
AOI-0067,2020-04-27,0.14002347112728403
AOI-0067,2020-05-02,0.13556148859619976
AOI-0067,2020-05-08,0.30989342781088225
AOI-0067,2020-07-06,0.6449831356761194
AOI-0067,2020-07-25,0.39768045016420456
AOI-0067,2020-07-26,0.40044042643500727
AOI-0067,2020-07-27,0.4406839597220884
AOI-0067,2020-08-25,0.3519648113729704
AOI-0067,2020-10-15,0.2579908599468974
AOI-0067,2021-05-16,0.28066581570168403
AOI-0067,2021-06-06,0.6126422593840686
AOI-0067,2021-06-16,0.6680431403416667
AOI-0067,2021-06-18,0.6753277749032713
AOI-0067,2021-07-04,0.4410007981610103
AOI-0067,2021-08-30,0.28536260734402275
AOI-0067,2021-09-09,0.30182401272940773
AOI-0067,2021-10-09,0.1774262930181317
AOI-0067,2022-04-02,0.12209385955335675
AOI-0067,2022-04-23,0.27360566844711864
AOI-0067,2022-04-26,0.1946069226373748
AOI-0067,2022-06-01,0.19134545944690406
AOI-0067,2022-07-01,0.5877607319158953
AOI-0067,2022-08-23,0.43752884613421833
AOI-0067,2022-08-24,0.43883081589331685
AOI-0067,2022-08-29,0.40902076006333205
AOI-0067,2022-09-01,0.34302287895172523
AOI-0067,2022-09-25,0.3436486548619469
AOI-0067,2022-10-09,0.3024521417358002
AOI-0067,2022-10-14,0.2872575066455893
AOI-0067,2023-04-23,0.30120355116999464
AOI-0067,2023-05-31,0.22987157198427136
AOI-0067,2023-06-30,0.6678185772649838
AOI-0067,2023-07-12,0.6397606673060482
AOI-0067,2023-07-21,0.5982747039688132
AOI-0067,2023-07-27,0.4984392147995666
AOI-0067,2023-08-26,0.30758914452343566
AOI-0067,2023-09-24,0.19985430114568276
AOI-0067,2023-09-27,0.20868965575156476
AOI-0067,2023-10-05,0.2651675982866809
AOI-0067,2023-10-13,0.21500704163277798
AOI-0067,2024-04-01,0.16293058466028035
AOI-0067,2024-04-11,0.20745002864021791
AOI-0067,2024-05-09,0.4422037065396666
AOI-0067,2024-05-24,0.6508247299943375
AOI-0067,2024-07-05,0.25242701104999227
AOI-0067,2024-07-10,0.2509167708903954
AOI-0067,2024-08-29,0.13868074907423658
AOI-0067,2024-09-06,0.14799910516152479
AOI-0067,2024-09-23,0.13158468790671984
AOI-0067,2025-04-17,0.1777345345817403
AOI-0067,2025-04-23,0.21612237922661132
AOI-0067,2025-04-28,0.13463190152698334
AOI-0067,2025-06-05,0.131895865042188
AOI-0067,2025-06-21,0.259951519125067
AOI-0067,2025-06-26,0.4371576472836204
AOI-0067,2025-07-05,0.4166583564740326
AOI-0067,2025-07-14,0.46479940049080276
AOI-0067,2025-07-15,0.4242694675974966
AOI-0067,2025-08-06,0.5925852288723331
AOI-0067,2025-09-01,0.43408453172243205
AOI-0067,2025-09-23,0.2810131291237452
AOI-0067,2025-10-03,0.21809821123089143
AOI-0068,2010-04-16,0.1367113243997763
AOI-0068,2010-05-02,0.17092513369381926
AOI-0068,2010-05-09,0.31030256219731533
AOI-0068,2010-06-20,0.17411329081312538
AOI-0068,2010-07-13,0.16510035681731497
AOI-0068,2010-07-14,0.13523518301937468
AOI-0068,2010-07-28,0.21182700917492905
AOI-0068,2010-08-07,0.15488302849693375
AOI-0068,2010-08-29,0.18845795767583406
AOI-0068,2011-04-07,0.4647287600335453
AOI-0068,2011-05-30,0.6050532907983691
AOI-0068,2011-06-15,0.39232477355835327
AOI-0068,2011-06-23,0.2831791930431255
AOI-0068,2011-07-16,0.20534252755633398
AOI-0068,2011-08-09,0.18183272587507765
AOI-0068,2011-09-03,0.16937371476982804
AOI-0068,2012-07-27,0.1698215641253985
AOI-0068,2012-08-03,0.1486131629267971
AOI-0068,2012-10-22,0.18402959606596175
AOI-0068,2013-06-19,0.2713779727794949
AOI-0068,2013-06-27,0.2417734810593148
AOI-0068,2013-07-28,0.25870921136903424
AOI-0068,2014-04-27,0.43569619406328075
AOI-0068,2014-07-28,0.192186063319244
AOI-0068,2014-08-17,0.17088330531623355
AOI-0068,2014-08-25,0.13171506609581962
AOI-0068,2014-10-05,0.1446929185277355
AOI-0068,2014-10-16,0.20581206747976644
AOI-0068,2014-10-29,0.1665909498098643
AOI-0068,2015-06-09,0.34281906823500763
AOI-0068,2015-07-27,0.27137941731123555
AOI-0068,2015-08-04,0.25255453881605233
AOI-0068,2016-05-02,0.31864801903759166
AOI-0068,2016-05-11,0.3133286000245013
AOI-0068,2016-07-14,0.32423757980233614
AOI-0068,2016-08-28,0.28909938042612365
AOI-0068,2016-09-13,0.27595941455294254
AOI-0068,2016-09-29,0.3587492761692448
AOI-0068,2017-05-14,0.5308052217228697
AOI-0068,2017-06-10,0.4931033879696452
AOI-0068,2017-06-22,0.3945760867921284
AOI-0068,2017-06-27,0.298471948434121
AOI-0068,2017-07-12,0.25916899446080227
AOI-0068,2017-08-02,0.1978501036566452
AOI-0068,2017-08-11,0.13827598881833145
AOI-0068,2017-08-13,0.20906250866821363
AOI-0068,2017-09-02,0.12988871687085526
AOI-0068,2017-09-03,0.1866524652436885
AOI-0068,2018-04-28,0.2615088138036472
AOI-0068,2018-05-09,0.41358016919883156
AOI-0068,2018-06-07,0.20653743408902614
AOI-0068,2018-07-11,0.15922050451832276
AOI-0068,2018-08-28,0.14949234348834242
AOI-0068,2018-09-06,0.1477449095210256
AOI-0068,2018-09-21,0.14116946951929313
AOI-0068,2019-05-25,0.6133847891209744
AOI-0068,2019-05-28,0.5914967317438361
AOI-0068,2019-06-28,0.20152240220336798
AOI-0068,2019-08-07,0.24487849254115682
AOI-0068,2019-09-01,0.18866885753352428
AOI-0068,2019-09-05,0.16097245262405258
AOI-0068,2019-09-15,0.16680219706798816
AOI-0068,2019-09-24,0.22701443078224123
AOI-0068,2019-09-25,0.21986366890837725
AOI-0068,2019-09-30,0.31522587631861465
AOI-0068,2019-10-02,0.2680055414669817
AOI-0068,2019-10-25,0.3156787265165177
AOI-0068,2020-04-02,0.29571459968180946
AOI-0068,2020-04-06,0.3781671086758193
AOI-0068,2020-04-12,0.3006478113513745
AOI-0068,2020-04-19,0.30558993948912533
AOI-0068,2020-06-26,0.1809232510818597
AOI-0068,2020-07-27,0.18297716377661505
AOI-0068,2020-07-31,0.1387520200864475
AOI-0068,2020-09-03,0.16016348814244835
AOI-0068,2020-10-05,0.14192717755179218
AOI-0068,2020-10-20,0.17232770484345397
AOI-0068,2021-05-01,0.28899458658432936
AOI-0068,2021-05-16,0.4529674762413797
AOI-0068,2021-06-11,0.4595771249762799
AOI-0068,2021-06-16,0.44290514359732475
AOI-0068,2021-07-19,0.2440302337560666
AOI-0068,2021-07-31,0.18101883433844426
AOI-0068,2021-09-30,0.40854216296446544
AOI-0068,2022-04-02,0.28316004480557333
AOI-0068,2022-04-12,0.3213768801647871
AOI-0068,2022-04-23,0.5425565266463717
AOI-0068,2022-05-12,0.512514313540269
AOI-0068,2022-05-27,0.3956980521488973
AOI-0068,2022-06-08,0.3641023566530979
AOI-0068,2022-06-20,0.2507007626307091
AOI-0068,2022-07-01,0.17829143168295
AOI-0068,2022-07-14,0.15011264237880187
AOI-0068,2022-07-30,0.18522613534886287
AOI-0068,2022-08-15,0.1619586159249967
AOI-0068,2023-04-03,0.45225692243363286
AOI-0068,2023-04-17,0.4790876272889408
AOI-0068,2023-05-09,0.6427781769634556
AOI-0068,2023-06-06,0.518228425094187
AOI-0068,2023-06-30,0.2769224178427144
AOI-0068,2023-07-05,0.2472145336421423
AOI-0068,2023-08-03,0.24208527982245065
AOI-0068,2023-08-13,0.2934373628835684
AOI-0068,2023-09-03,0.3426895073666432
AOI-0068,2023-09-24,0.32385420343946897
AOI-0068,2023-10-06,0.3164634449110448
AOI-0068,2023-10-11,0.2931089790845976
AOI-0068,2024-05-01,0.2565576399272248
AOI-0068,2024-05-09,0.2042015616322235
AOI-0068,2024-06-15,0.15147253560164764
AOI-0068,2024-08-05,0.174238500316336
AOI-0068,2024-08-09,0.12015322961234526
AOI-0068,2024-08-19,0.14506284411994744
AOI-0068,2024-08-28,0.1862532782338455
AOI-0068,2024-09-08,0.14064513413546523
AOI-0068,2024-09-14,0.1809733035923023
AOI-0068,2024-09-29,0.21566131904217847
AOI-0068,2024-10-13,0.14699481742794124
AOI-0068,2025-05-08,0.6566479621279355
AOI-0068,2025-05-11,0.6882630699364338
AOI-0068,2025-05-20,0.6973714635995628
AOI-0068,2025-06-10,0.42961276392156494
AOI-0068,2025-06-15,0.3473918239638683
AOI-0068,2025-06-17,0.32779094677638726
AOI-0068,2025-06-30,0.21138386299661094
AOI-0068,2025-07-22,0.20273147903207284
AOI-0068,2025-07-28,0.21471072664261875
AOI-0068,2025-08-13,0.24531169886171486
AOI-0068,2025-08-14,0.17900484693625443
AOI-0068,2025-08-23,0.2122029451026572
AOI-0068,2025-08-24,0.17374568942066626
AOI-0068,2025-09-08,0.174635795129237
AOI-0068,2025-09-14,0.25956101385219066
AOI-0068,2025-09-24,0.2300014598150152
AOI-0069,2025-04-16,0.14733873770822892
AOI-0069,2025-04-21,0.17415868318390162
AOI-0069,2025-04-23,0.286895383499188
AOI-0069,2025-05-01,0.1582800049202477
AOI-0069,2025-05-11,0.25489126169976745
AOI-0069,2025-05-25,0.5112144055789483
AOI-0069,2025-05-28,0.43035507505824133
AOI-0069,2025-06-10,0.42655665880097154
AOI-0069,2025-06-25,0.27862453144342236
AOI-0069,2025-06-26,0.33310189102263227
AOI-0069,2025-07-05,0.187089406986218
AOI-0069,2025-07-06,0.22410979825037186
AOI-0069,2025-07-22,0.14328504852599017
AOI-0069,2025-08-07,0.15159304979244942
AOI-0069,2025-08-14,0.14172930506131567
AOI-0069,2025-09-01,0.11986083471897531
AOI-0069,2025-09-14,0.20422238539550416
AOI-0069,2025-09-24,0.166822459822106
AOI-0069,2025-09-25,0.14690960573708406
AOI-0069,2025-09-28,0.13237655058318912
AOI-0070,2025-05-11,0.2832634706852589
AOI-0070,2025-05-25,0.38907844158589516
AOI-0070,2025-06-07,0.21831982666252783
AOI-0070,2025-06-10,0.2838832759123332
AOI-0070,2025-06-25,0.19367469372578194
AOI-0070,2025-07-12,0.24205942375330614
AOI-0070,2025-08-24,0.15317636412937663
AOI-0070,2025-08-31,0.16662882008072638
AOI-0070,2025-09-25,0.15888526168004435
AOI-0070,2025-10-02,0.2001991425989436
AOI-0070,2025-10-13,0.179560555508622
AOI-0070,2025-10-23,0.21870460592054813
AOI-0071,2025-04-16,0.33495990028814376
AOI-0071,2025-04-18,0.3550729082688718
AOI-0071,2025-04-21,0.36014537143953135
AOI-0071,2025-05-25,0.511703178390265
AOI-0071,2025-06-26,0.6168931035908415
AOI-0071,2025-07-06,0.592640446922985
AOI-0071,2025-07-07,0.5387151527620029
AOI-0071,2025-07-12,0.4487004485708132
AOI-0071,2025-08-13,0.4250787567797926
AOI-0071,2025-08-23,0.3977362726353055
AOI-0071,2025-08-24,0.36474987383231045
AOI-0071,2025-08-26,0.3744943003580557
AOI-0071,2025-08-29,0.3791793715820751
AOI-0071,2025-09-01,0.3742569807579585
AOI-0071,2025-09-15,0.3117085982500837
AOI-0071,2025-09-28,0.2930479371057632
AOI-0072,2025-05-08,0.7396806945241884
AOI-0072,2025-06-04,0.6747882450152544
AOI-0072,2025-07-05,0.16911527500961954
AOI-0072,2025-07-06,0.2117831687413409
AOI-0072,2025-07-14,0.18867547073425125
AOI-0072,2025-07-17,0.14566275847401336
AOI-0072,2025-08-07,0.165519656966535
AOI-0072,2025-08-19,0.15468998687051513
AOI-0072,2025-08-29,0.2141258337292812
AOI-0072,2025-09-03,0.13699005674736753
AOI-0072,2025-09-15,0.15119089669195687
AOI-0072,2025-09-16,0.1543108860147661
AOI-0072,2025-09-30,0.23091744369650258
AOI-0072,2025-10-03,0.14991783414556592
AOI-0072,2025-10-13,0.1469797515161664
AOI-0073,2010-06-26,0.6010858098891844
AOI-0073,2010-07-12,0.5010469467690662
AOI-0073,2011-04-07,0.2910120552665261
AOI-0073,2011-07-14,0.5217348923353725
AOI-0073,2011-09-14,0.3842237402616349
AOI-0073,2012-04-22,0.48505275382282126
AOI-0073,2012-04-27,0.37549105521522813
AOI-0073,2012-05-24,0.6473877949763956
AOI-0073,2012-09-29,0.30073914972344934
AOI-0073,2013-04-03,0.24664236947890472
AOI-0073,2013-06-10,0.5509478327673526
AOI-0073,2013-06-25,0.518899447300098
AOI-0073,2013-07-12,0.550137110315469
AOI-0073,2013-07-28,0.5289245358197822
AOI-0073,2013-09-30,0.444155204830699
AOI-0073,2014-05-27,0.5318929731988568
AOI-0073,2014-07-12,0.7357405749489506
AOI-0073,2014-07-30,0.6396952413070109
AOI-0073,2014-08-13,0.46912171062730734
AOI-0073,2014-09-14,0.3996905891366619
AOI-0073,2014-10-10,0.23490509740253643
AOI-0073,2015-05-22,0.37823065592871224
AOI-0073,2015-05-30,0.4165807620939163
AOI-0073,2015-06-10,0.581990245164699
AOI-0073,2015-06-15,0.4615310164343375
AOI-0073,2015-07-01,0.5755129280586918
AOI-0073,2015-07-09,0.606620175303261
AOI-0073,2015-08-26,0.3517637040423441
AOI-0073,2015-10-05,0.22759366179350995
AOI-0073,2016-04-06,0.5700511887527239
AOI-0073,2017-04-23,0.27855418074983
AOI-0073,2017-06-04,0.3601244611078061
AOI-0073,2017-06-12,0.45774351160807947
AOI-0073,2017-07-06,0.7321258093414865
AOI-0073,2017-07-18,0.7530447694285465
AOI-0073,2017-08-07,0.6854474932491622
AOI-0073,2017-08-12,0.6539614168592675
AOI-0073,2017-10-11,0.2920684460619716
AOI-0073,2017-10-16,0.320931369987199
AOI-0073,2018-04-16,0.16526713316283703
AOI-0073,2019-05-17,0.30735747343740355
AOI-0073,2019-05-19,0.2807365625714359
AOI-0073,2019-06-03,0.49642801009951015
AOI-0073,2019-07-13,0.6641933762184842
AOI-0073,2019-08-07,0.6493816740794274
AOI-0073,2019-08-12,0.5630390284487514
AOI-0073,2019-09-06,0.3460333011672537
AOI-0073,2019-09-11,0.3399290196041685
AOI-0073,2019-09-15,0.2977628674276839
AOI-0073,2019-09-16,0.29910877634400007
AOI-0073,2019-09-28,0.26304290861402085
AOI-0073,2019-10-16,0.2961524664238379
AOI-0073,2019-10-26,0.21469244287947692
AOI-0073,2020-04-05,0.15203841509954474
AOI-0073,2020-04-15,0.11284790478868166
AOI-0073,2020-04-22,0.3864706633940015
AOI-0073,2020-05-18,0.6139582909321705
AOI-0073,2020-07-04,0.3019449338286911
AOI-0073,2020-07-06,0.32071704884581004
AOI-0073,2020-07-24,0.2059447185132083
AOI-0073,2020-07-29,0.1793350242404495
AOI-0073,2020-08-12,0.2809671344528534
AOI-0073,2020-09-01,0.23197200350407082
AOI-0073,2020-09-20,0.17209630856115324
AOI-0073,2020-10-20,0.22277740936168744
AOI-0073,2020-10-26,0.17397937743466987
AOI-0073,2021-05-06,0.22320524927823307
AOI-0073,2021-05-13,0.19167057497760936
AOI-0073,2021-05-15,0.21664003196434253
AOI-0073,2021-06-29,0.702538108203525
AOI-0073,2021-07-25,0.7404170678580494
AOI-0073,2021-08-02,0.6869277659597889
AOI-0073,2021-09-07,0.33537040045260785
AOI-0073,2021-09-14,0.3270477657669838
AOI-0073,2021-09-15,0.28394624841334054
AOI-0073,2022-04-23,0.3147261441291119
AOI-0073,2022-04-25,0.2111867060864605
AOI-0073,2022-06-04,0.28290580134809334
AOI-0073,2022-06-07,0.2595595892599915
AOI-0073,2022-06-09,0.2549417159336499
AOI-0073,2022-06-14,0.4008994718995808
AOI-0073,2022-07-05,0.7823676449721114
AOI-0073,2022-07-07,0.740921852453841
AOI-0073,2022-09-10,0.3602604978857094
AOI-0073,2022-09-30,0.3454986103540683
AOI-0073,2023-04-02,0.23354124362630832
AOI-0073,2023-04-28,0.26588235153490886
AOI-0073,2023-05-03,0.2872317098924694
AOI-0073,2023-05-05,0.2856641020777438
AOI-0073,2023-05-13,0.34977030982189394
AOI-0073,2023-06-04,0.5297465057532372
AOI-0073,2023-06-07,0.5395098948626667
AOI-0073,2023-07-25,0.3201424737391702
AOI-0073,2023-07-31,0.23585447213206215
AOI-0073,2023-08-06,0.24883949794147692
AOI-0073,2023-08-16,0.23595843982095055
AOI-0073,2023-08-28,0.2331354639432134
AOI-0073,2023-09-07,0.20203002133313228
AOI-0073,2023-09-12,0.2093418090219566
AOI-0073,2023-09-29,0.21487035870692944
AOI-0073,2023-10-11,0.2592429048479425
AOI-0073,2023-10-15,0.25014642074500937
AOI-0073,2024-04-14,0.45187596115401685
AOI-0073,2024-04-20,0.5650985479494204
AOI-0073,2024-05-06,0.6346045304135078
AOI-0073,2024-05-07,0.6444343767364944
AOI-0073,2024-06-23,0.3687819349951803
AOI-0073,2024-07-03,0.24393829953948343
AOI-0073,2024-07-11,0.3928602145514397
AOI-0073,2024-07-13,0.2518071321732905
AOI-0073,2024-07-21,0.24403705033521098
AOI-0073,2024-07-25,0.2396110660047786
AOI-0073,2024-08-12,0.27261542096782604
AOI-0073,2024-08-28,0.2649782221083422
AOI-0073,2024-09-01,0.18413909952291457
AOI-0073,2024-09-13,0.23638228313625528
AOI-0073,2024-09-29,0.2315763502159485
AOI-0073,2025-04-07,0.26102417908238634
AOI-0073,2025-04-15,0.211431495135707
AOI-0073,2025-04-19,0.18495036399716588
AOI-0073,2025-04-22,0.20162353020635837
AOI-0073,2025-04-23,0.2827987723097256
AOI-0073,2025-04-29,0.19405203989806877
AOI-0073,2025-05-11,0.23066944202786702
AOI-0073,2025-05-22,0.23854975975075127
AOI-0073,2025-05-29,0.23275066558284224
AOI-0073,2025-06-03,0.3147506563017002
AOI-0073,2025-06-30,0.7545257751766339
AOI-0073,2025-07-06,0.7794662299269277
AOI-0073,2025-07-08,0.7707028667158722
AOI-0073,2025-07-28,0.6939330792976249
AOI-0073,2025-08-05,0.7019630206901225
AOI-0073,2025-08-07,0.7068037019563566
AOI-0073,2025-08-22,0.4753217337834144
AOI-0073,2025-08-27,0.40390124701746666
AOI-0073,2025-09-22,0.30865422720212354
AOI-0074,2010-07-12,0.38220325343691663
AOI-0074,2010-08-29,0.3140815024751668
AOI-0074,2011-05-27,0.3179072874842701
AOI-0074,2011-06-20,0.5895649142050875
AOI-0074,2011-06-26,0.7742730061067183
AOI-0074,2011-07-06,0.7347667154377622
AOI-0074,2011-09-24,0.281637364345259
AOI-0074,2013-06-25,0.4390177278095462
AOI-0074,2013-07-03,0.3653792561467448
AOI-0074,2013-07-11,0.33035608034260705
AOI-0074,2013-08-13,0.35364311544636795
AOI-0074,2014-07-14,0.7936513438948689
AOI-0074,2014-07-28,0.6510450790948389
AOI-0074,2014-09-14,0.32395997683661
AOI-0074,2014-10-16,0.26133668133069043
AOI-0074,2015-04-23,0.3062395443542452
AOI-0074,2015-04-28,0.2102312187967558
AOI-0074,2015-07-25,0.6692329145151077
AOI-0074,2015-10-16,0.2561250005389432
AOI-0074,2015-10-29,0.18212447042004828
AOI-0074,2016-08-12,0.34431862953934445
AOI-0074,2016-08-20,0.24416391376858412
AOI-0074,2017-04-23,0.2868690378172732
AOI-0074,2017-05-04,0.2288359202622186
AOI-0074,2017-05-06,0.20763373274165353
AOI-0074,2017-06-04,0.39563574438492344
AOI-0074,2017-06-05,0.3789395594115525
AOI-0074,2017-06-10,0.638169109479521
AOI-0074,2017-06-20,0.5382017821342456
AOI-0074,2017-06-26,0.7770225742585268
AOI-0074,2017-07-18,0.7473464236785679
AOI-0074,2017-08-07,0.6609663658923042
AOI-0074,2017-08-17,0.5323586491276835
AOI-0074,2017-09-16,0.31053907128283365
AOI-0074,2017-10-11,0.2598404981864408
AOI-0074,2017-10-16,0.2794513231628672
AOI-0074,2018-04-04,0.15889171927356183
AOI-0074,2018-04-23,0.3367038943584588
AOI-0074,2018-05-06,0.27831712619895366
AOI-0074,2018-05-11,0.31282289495054244
AOI-0074,2018-05-22,0.35993990099841106
AOI-0074,2018-05-26,0.3587571122647954
AOI-0074,2018-05-30,0.3742404321261375
AOI-0074,2018-07-13,0.704509144169528
AOI-0074,2018-08-18,0.751213529900925
AOI-0074,2018-09-14,0.3651075083079917
AOI-0074,2018-09-19,0.3601245337022076
AOI-0074,2018-09-30,0.31637658240540123
AOI-0074,2019-04-23,0.2594265206484107
AOI-0074,2019-05-04,0.22791192756985473
AOI-0074,2019-05-14,0.2486721664922011
AOI-0074,2019-05-16,0.23362108134694295
AOI-0074,2019-05-31,0.44940764567124797
AOI-0074,2019-06-13,0.6518057829162404
AOI-0074,2019-07-13,0.6768100389918953
AOI-0074,2019-08-05,0.6011822304865226
AOI-0074,2019-08-09,0.557415716466749
AOI-0074,2019-09-14,0.31587532924887124
AOI-0074,2020-04-09,0.18529962282605725
AOI-0074,2020-07-06,0.2620836197225408
AOI-0074,2020-07-22,0.22843581802693777
AOI-0074,2020-08-07,0.2205673105037179
AOI-0074,2020-08-26,0.20087244552731678
AOI-0074,2020-09-07,0.15033557253938504
AOI-0074,2020-09-08,0.18912141703848245
AOI-0074,2020-09-12,0.15708347770969192
AOI-0074,2020-10-07,0.15454567133594307
AOI-0074,2020-10-12,0.1369553657063963
AOI-0074,2020-10-18,0.21526715193733123
AOI-0074,2020-10-22,0.13347373576273472
AOI-0074,2021-04-25,0.2092530348705939
AOI-0074,2021-06-23,0.6122947084509424
AOI-0074,2021-06-27,0.6275208154116406
AOI-0074,2021-07-17,0.6978292036833179
AOI-0074,2021-08-03,0.5671894172584169
AOI-0074,2021-08-06,0.5494320875701503
AOI-0074,2021-08-19,0.45284401941480024
AOI-0074,2021-09-03,0.33898527615590845
AOI-0074,2021-10-06,0.20387741493813485
AOI-0074,2021-10-17,0.20706081783555755
AOI-0074,2021-10-20,0.22148757862460858
AOI-0074,2021-10-27,0.22468154868403856
AOI-0074,2022-05-30,0.22385489914013612
AOI-0074,2022-07-12,0.719082654717448
AOI-0074,2022-08-29,0.5044407654308747
AOI-0074,2022-10-16,0.2949461837865675
AOI-0074,2023-04-28,0.2308293695263745
AOI-0074,2023-05-30,0.4021612688327704
AOI-0074,2023-06-09,0.5824556642288354
AOI-0074,2023-06-19,0.4267223511640017
AOI-0074,2023-07-14,0.24668332587654176
AOI-0074,2023-08-16,0.25090380613722774
AOI-0074,2023-09-14,0.23502783065643634
AOI-0074,2023-10-11,0.26437772388671743
AOI-0074,2024-04-17,0.49484667329043786
AOI-0074,2024-05-08,0.6703740932483664
AOI-0074,2024-05-09,0.6176902942117399
AOI-0074,2024-06-06,0.5286298362363693
AOI-0074,2024-07-08,0.2448143783197621
AOI-0074,2024-07-18,0.2340192494297248
AOI-0074,2024-07-27,0.3106198899196838
AOI-0074,2024-08-12,0.25776039481457086
AOI-0074,2024-08-28,0.25342260013862306
AOI-0074,2024-09-04,0.18839755358359114
AOI-0074,2024-09-09,0.18021127599812087
AOI-0074,2025-04-07,0.2361095094779921
AOI-0074,2025-04-15,0.18325044030835014
AOI-0074,2025-05-12,0.20921228818754986
AOI-0074,2025-05-14,0.1814499509294186
AOI-0074,2025-06-01,0.3381698932343839
AOI-0074,2025-06-10,0.5828184761411324
AOI-0074,2025-07-06,0.7983923554387286
AOI-0074,2025-07-16,0.6782613209917272
AOI-0074,2025-08-05,0.663220315977575
AOI-0074,2025-08-19,0.4675510688693229
AOI-0074,2025-09-08,0.23112478089558058
AOI-0074,2025-09-22,0.2735733389139344
AOI-0074,2025-10-01,0.22950760575085455
AOI-0074,2025-10-26,0.22049640496532477
AOI-0075,2025-04-07,0.33788857331775807
AOI-0075,2025-04-12,0.19815680410362838
AOI-0075,2025-07-12,0.6183330854896371
AOI-0075,2025-07-18,0.5080304489155574
AOI-0075,2025-08-21,0.5110154656920917
AOI-0075,2025-08-30,0.4319851248293796
AOI-0075,2025-09-08,0.4371404571487437
AOI-0075,2025-09-16,0.3272158484081893
AOI-0075,2025-09-21,0.2815186723578736
AOI-0075,2025-10-29,0.3010035640282464
AOI-0076,2025-04-19,0.1979002103427419
AOI-0076,2025-05-01,0.23409876769172866
AOI-0076,2025-05-11,0.26756433494519444
AOI-0076,2025-05-25,0.6251361413908255
AOI-0076,2025-07-10,0.8093683263057802
AOI-0076,2025-07-31,0.7205882847315859
AOI-0076,2025-08-21,0.405104366987484
AOI-0076,2025-08-27,0.33735804061805613
AOI-0076,2025-09-01,0.2942321981002281
AOI-0076,2025-09-21,0.22268121485008865
AOI-0076,2025-09-22,0.2727117365757429
AOI-0076,2025-10-01,0.211900524928724
AOI-0076,2025-10-04,0.2149582605991724
AOI-0077,2025-05-09,0.748897748675757
AOI-0077,2025-06-06,0.5807129370854318
AOI-0077,2025-06-21,0.47099729754539965
AOI-0077,2025-07-12,0.3788868410579785
AOI-0077,2025-08-22,0.1751209975078886
AOI-0077,2025-08-27,0.16929113963080306
AOI-0077,2025-08-30,0.22221862459893388
AOI-0077,2025-09-11,0.17997764922477028
AOI-0077,2025-09-22,0.23927042636215254
AOI-0078,2025-05-02,0.7982287687138548
AOI-0078,2025-05-25,0.7651845694044831
AOI-0078,2025-06-01,0.6636421690430199
AOI-0078,2025-06-03,0.680688971319664
AOI-0078,2025-06-06,0.651265358570549
AOI-0078,2025-06-10,0.5999094356730311
AOI-0078,2025-07-04,0.2553831849926679
AOI-0078,2025-07-10,0.1875565763454518
AOI-0078,2025-07-11,0.2089659867911833
AOI-0078,2025-07-13,0.171131494581022
AOI-0078,2025-08-10,0.17512383880689475
AOI-0078,2025-08-15,0.20150414189497728
AOI-0078,2025-09-08,0.1894282141472718
AOI-0078,2025-10-04,0.27078309776959236
