anon_polygon_id,date,crop_type,v3_prediction,v4_prediction,global_correction_raw,global_blend_weight,tree_correction_raw,tree_blend_weight,v7_prediction
AOI-0005,2010-05-02,озимая пшеница,0.2573785909551606,0.2524141163173413,-0.03130692874510004,0.3,-0.023300625098760734,0.2,0.23836191267405912
AOI-0005,2010-07-28,озимая пшеница,0.3002565765630346,0.3145210366789372,0.027865002101121528,0.3,0.013713887662589677,0.2,0.32562331484179163
AOI-0005,2010-08-05,озимая пшеница,0.22745215418684872,0.25456747699961946,0.032996419477621886,0.3,0.018383308532447497,0.2,0.2681430645493955
AOI-0005,2010-08-29,озимая пшеница,0.2854519491411064,0.2856174751134106,0.01359582521111076,0.3,-0.03916442439180725,0.2,0.2818633377983824
AOI-0005,2010-08-30,озимая пшеница,0.2277423819122335,0.23481843751937231,0.015599255915476427,0.3,-0.005898537657436848,0.2,0.2383185067625279
AOI-0005,2010-09-06,озимая пшеница,0.22795595082431588,0.23983392609348292,0.02006912726947668,0.3,0.0020862001623209205,0.2,0.2462719043067901
AOI-0005,2011-04-02,озимая пшеница,0.2544683058826068,0.2420746330293842,-0.016715631300665123,0.3,-0.03509032980197294,0.2,0.23004187767879009
AOI-0005,2011-06-06,озимая пшеница,0.7683885105683026,0.7582545065811518,0.02467779612570439,0.3,-0.00572548424637934,0.2,0.7645127485695872
AOI-0005,2011-06-26,озимая пшеница,0.5189927113430193,0.5274402836916836,-0.00305929558646405,0.3,-0.013162406647065649,0.2,0.5238900136863313
AOI-0005,2011-09-02,озимая пшеница,0.39374426842098165,0.38568750591435896,-0.008040928160598107,0.3,-0.00977790362350458,0.2,0.3813196467414786
AOI-0005,2012-04-04,озимая пшеница,0.2204097801934333,0.2132277711043361,-0.011528774010448238,0.3,-0.008717114261193424,0.2,0.20802571604896294
AOI-0005,2012-04-29,озимая пшеница,0.5491916458564774,0.5480114663759135,-0.01357708293418997,0.3,0.004193659394069299,0.2,0.5447770733744703
AOI-0005,2012-05-06,озимая пшеница,0.5786065402751602,0.568712130066468,-0.015634014202702117,0.3,-0.019295555251281987,0.2,0.560162814755401
AOI-0005,2012-05-31,озимая пшеница,0.8055370389143817,0.7853013702175962,-0.0058701919731820274,0.3,-0.03562158908428302,0.2,0.7764159948087849
AOI-0005,2012-08-10,озимая пшеница,0.17199735574892863,0.1767056493708986,0.019394898823698412,0.3,0.030934192603800665,0.2,0.18871095753876826
AOI-0005,2012-08-12,озимая пшеница,0.28750767346588907,0.3063889145513922,0.028177871833723896,0.3,0.03456903983273757,0.2,0.3217560840680569
AOI-0005,2013-06-26,озимая пшеница,0.3638001105081094,0.37380665300237437,0.011157021475984352,0.3,-0.0450077848478342,0.2,0.3681522024756028
AOI-0005,2013-07-12,озимая пшеница,0.3358503492980829,0.33848514080703634,0.01023062328555898,0.3,-0.03732412247469384,0.2,0.33408950329776527
AOI-0005,2013-08-21,озимая пшеница,0.43450667383114744,0.42334441233166975,-0.010647577091229612,0.3,0.016977671586395175,0.2,0.4235456735215799
AOI-0005,2013-08-29,озимая пшеница,0.48036224871176975,0.4634386132374736,-0.014006041625024144,0.3,0.00011721505089970337,0.2,0.4592602437601463
AOI-0005,2014-04-18,озимая пшеница,0.42936030597142133,0.4235691770102353,-0.011998525737077582,0.3,-0.00897727717690267,0.2,0.4181741638537315
AOI-0005,2014-04-27,озимая пшеница,0.6046230742519279,0.5913844542718161,-0.017454943891040377,0.3,-0.013417771978194118,0.2,0.5834644167088652
AOI-0005,2014-05-04,озимая пшеница,0.6740760480837557,0.6736938586117284,-0.013945938419582356,0.3,0.012861187399530452,0.2,0.6720823145657597
AOI-0005,2014-05-09,озимая пшеница,0.7947321585601183,0.798749654998305,0.008988782301751253,0.3,-0.01237449394203802,0.2,0.7989713909004228
AOI-0005,2014-06-10,озимая пшеница,0.6935322115620666,0.6902401820027423,-0.029815643318090893,0.3,-0.01787115311134336,0.2,0.6777212583850464
AOI-0005,2014-07-28,озимая пшеница,0.4978513649963212,0.4874814417149095,-0.028352154171625118,0.3,-0.006802528168893843,0.2,0.4776152898296432
AOI-0005,2014-10-03,озимая пшеница,0.2336551233204057,0.23489705886865866,0.011244451357463242,0.3,0.012730000072597078,0.2,0.24081639429041704
AOI-0005,2015-05-23,озимая пшеница,0.7369462268391282,0.7297791780911072,0.0029280503723021047,0.3,-0.013631440680902007,0.2,0.7279313050666174
AOI-0005,2015-06-10,озимая пшеница,0.7591333494407293,0.7565964210856364,-0.018419495769096347,0.3,0.004030577495589238,0.2,0.7518766878540253
AOI-0005,2015-10-06,озимая пшеница,0.20464085347356148,0.1894689735936861,-0.009092063085902349,0.3,-0.011994870831563578,0.2,0.1843423805016027
AOI-0005,2016-04-22,озимая пшеница,0.6397339219210391,0.6646227401685469,0.07456158103190873,0.3,0.04497909198329087,0.2,0.6959870328747778
AOI-0005,2016-05-08,озимая пшеница,0.7812158417117997,0.7883331985151001,0.0007398360426933469,0.3,-0.010196085024526052,0.2,0.7865159323230029
AOI-0005,2016-09-13,озимая пшеница,0.35569588591221457,0.35310179618555176,0.0048594643999773784,0.3,-0.008596182415045653,0.2,0.35284039902253583
AOI-0005,2017-04-11,озимая пшеница,0.2129669739089774,0.19600169467302583,-0.02101254042608782,0.3,-0.017454166888055622,0.2,0.18620709916758835
AOI-0005,2017-04-23,озимая пшеница,0.48359367990006563,0.5101564932590021,0.041823898353910226,0.3,0.005077834197274996,0.2,0.5237192296046302
AOI-0005,2017-04-26,озимая пшеница,0.3480962227025697,0.36706779973524617,0.013639310549031603,0.3,-0.011031541755262983,0.2,0.368953284548903
AOI-0005,2017-07-23,озимая пшеница,0.534734790574307,0.5382697915680204,0.015516949364459989,0.3,0.00837556583309673,0.2,0.5445999895439777
AOI-0005,2017-09-25,озимая пшеница,0.5203578912280967,0.5019254495970024,-0.005442613527500385,0.3,0.006645803179922747,0.2,0.5016218261747368
AOI-0005,2017-10-04,озимая пшеница,0.4656466418079904,0.4469246784922088,0.0011725068919187951,0.3,0.02092548116770237,0.2,0.4514615267933249
AOI-0005,2018-05-01,озимая пшеница,0.6252075584951376,0.6260817173011538,-0.014605374912789442,0.3,0.006967207679576981,0.2,0.6230935463632323
AOI-0005,2018-05-16,озимая пшеница,0.7117448807110541,0.6983848183753795,0.0033247378359883882,0.3,-0.021891671590808213,0.2,0.6950039054080144
AOI-0005,2018-06-01,озимая пшеница,0.679035752969486,0.6710602563274123,0.015405733086694465,0.3,-0.02881946542211416,0.2,0.6699180831689978
AOI-0005,2018-07-10,озимая пшеница,0.41957528348706896,0.4196481208264332,0.005051922874288643,0.3,-0.011722095547519499,0.2,0.4188192785792159
AOI-0005,2018-08-27,озимая пшеница,0.40146773784119116,0.40257460178845306,0.0088101560396339,0.3,0.00705986209398628,0.2,0.40662962101914046
AOI-0005,2018-09-30,озимая пшеница,0.36651448982566115,0.3655356812477491,-0.00016644721504835164,0.3,-0.009004694152099032,0.2,0.3636848082528148
AOI-0005,2019-04-26,озимая пшеница,0.6578801271239308,0.6516209753522106,-0.02313778719041135,0.3,0.013459495999510473,0.2,0.6473715383949893
AOI-0005,2019-05-11,озимая пшеница,0.7864269096755008,0.7665300951833566,-0.02353470703444392,0.3,-0.05003879048921609,0.2,0.7494619249751802
AOI-0005,2019-05-18,озимая пшеница,0.829324318020227,0.8188492784626717,-0.004867693956916631,0.3,-0.028119687814111432,0.2,0.8117650327127744
AOI-0005,2019-05-21,озимая пшеница,0.8015585820325489,0.7921562113499304,-0.013246393995394647,0.3,-0.01192698259914158,0.2,0.7857968966314838
AOI-0005,2019-06-11,озимая пшеница,0.7427508276315531,0.7335326507796607,-0.0025532490502257294,0.3,-0.01891909552347574,0.2,0.7289828569598978
AOI-0005,2019-06-25,озимая пшеница,0.5375941316030323,0.5332849908793144,-0.00487625013525662,0.3,0.011770486488623506,0.2,0.5341762131364621
AOI-0005,2019-07-12,озимая пшеница,0.4564947433769726,0.44161084840214276,-0.009441892492860243,0.3,0.007647732466428731,0.2,0.44030782714757044
AOI-0005,2019-08-23,озимая пшеница,0.3692402605283297,0.35746467154421113,-0.009211325159356687,0.3,-0.003727962492046833,0.2,0.3539556814979947
AOI-0005,2019-08-24,озимая пшеница,0.3682498991980886,0.36660205319802397,-0.010419829369006369,0.3,-0.005539934180817789,0.2,0.36236811755115855
AOI-0005,2019-09-03,озимая пшеница,0.33450041469593905,0.3439233285078175,0.011825827472957004,0.3,0.019729963358191677,0.2,0.3514170694213429
AOI-0005,2019-09-07,озимая пшеница,0.3623694207979836,0.3653777485904889,0.014336414579179314,0.3,0.021910387212434136,0.2,0.3740607504067295
AOI-0005,2019-09-08,озимая пшеница,0.35300295222675926,0.35556148403673005,0.008438004162510674,0.3,0.01320082412895022,0.2,0.3607330501112733
AOI-0005,2019-09-15,озимая пшеница,0.20754771351336843,0.2404068965643109,0.0585707194977039,0.3,0.0732545641145543,0.2,0.27262902523653293
AOI-0005,2020-04-22,озимая пшеница,0.4151824595898991,0.427684579036034,0.026880485795516922,0.3,-0.04865428516594091,0.2,0.42601786774150086
AOI-0005,2020-05-08,озимая пшеница,0.6950345319858744,0.7075973512223304,0.02811861978928563,0.3,0.04226464237376358,0.2,0.7244858656338689
AOI-0005,2020-08-16,озимая пшеница,0.49017167633499203,0.4883347385251961,0.014990732528838036,0.3,0.005371670990283038,0.2,0.4939062924819041
AOI-0005,2020-08-23,озимая пшеница,0.4146866574399404,0.4129590143593507,0.0011380450967496177,0.3,-0.008374693857248336,0.2,0.4116254891169259
AOI-0005,2020-08-24,озимая пшеница,0.4398412064372265,0.43839389099093745,0.003996833880236937,0.3,0.017055944171848778,0.2,0.44300412998937827
AOI-0005,2020-09-02,озимая пшеница,0.35322895469133286,0.3597571059576736,0.013589570192710218,0.3,0.01907234589999083,0.2,0.3676484461954848
AOI-0005,2020-09-17,озимая пшеница,0.27620360725308485,0.2833231218118976,0.01165122978046313,0.3,0.030540456870934058,0.2,0.2929265821202234
AOI-0005,2020-09-29,озимая пшеница,0.2997291474784896,0.2936105921382823,0.011469807244871181,0.3,0.000549352779393385,0.2,0.2971614048676223
AOI-0005,2021-04-21,озимая пшеница,0.4741907563080457,0.47707220448549725,0.017465593539986137,0.3,0.026875759455214136,0.2,0.4876870344385359
AOI-0005,2021-07-12,озимая пшеница,0.49840578340380876,0.487395477324301,-0.028739647312757955,0.3,0.0024515030374762884,0.2,0.4792638837379689
AOI-0005,2021-08-29,озимая пшеница,0.40404189553256564,0.4194951279248199,0.01789947041707848,0.3,0.010803598847343061,0.2,0.4270256888194121
AOI-0005,2021-09-04,озимая пшеница,0.2641002406268201,0.27991195362478144,0.019940817622114894,0.3,0.02945503613630713,0.2,0.29178520613867737
AOI-0005,2021-09-30,озимая пшеница,0.37930590072507037,0.3858414183982059,0.0002515455548479607,0.3,0.014559921491583732,0.2,0.38882886636297703
AOI-0005,2021-10-14,озимая пшеница,0.2830213244852061,0.30125303576955126,0.025846793180834635,0.3,0.047363475347985774,0.2,0.3184797687933988
AOI-0005,2022-05-09,озимая пшеница,0.7915008741140305,0.8022171073722144,0.020251594688318126,0.3,0.0258934535110951,0.2,0.8134712764809289
AOI-0005,2022-05-30,озимая пшеница,0.8324516794051865,0.8379189996330718,-0.00278809269869434,0.3,0.0002190636757117428,0.2,0.8371263845586058
AOI-0005,2022-07-19,озимая пшеница,0.447174040086569,0.45439525147962256,0.006519945829716605,0.3,0.01755241100269869,0.2,0.4598617174290773
AOI-0005,2022-07-21,озимая пшеница,0.4535238237338083,0.44176669166542676,-0.002461629585577518,0.3,0.0005990199116669762,0.2,0.44114800677208693
AOI-0005,2022-07-28,озимая пшеница,0.48750924790561895,0.48632558235788204,-0.010606251926324594,0.3,0.02513815442571018,0.2,0.48817133766512666
AOI-0005,2022-08-03,озимая пшеница,0.45331003201863773,0.4419108385274638,0.004041322561462733,0.3,-0.02114314822783172,0.2,0.4388946056503363
AOI-0005,2022-08-14,озимая пшеница,0.49320322729998634,0.49819179190841867,0.022367950897892636,0.3,0.019208207610299555,0.2,0.5087438186998463
AOI-0005,2022-08-28,озимая пшеница,0.3803706832410703,0.38661240609311026,-0.00046598230382715895,0.3,-0.008925553594480374,0.2,0.384687500683066
AOI-0005,2022-10-01,озимая пшеница,0.3902870158649225,0.4011861315593864,0.018994810626373478,0.3,0.010805269545224396,0.2,0.4090456286563433
AOI-0005,2023-07-14,озимая пшеница,0.5174534608896447,0.5046768528468293,-0.0076338061794246305,0.3,-0.022871389499257336,0.2,0.49781243309315043
AOI-0005,2023-07-29,озимая пшеница,0.5378934369046142,0.5399878592926789,0.00289571282069694,0.3,-0.0016372745497934874,0.2,0.5405291182289294
AOI-0005,2023-08-08,озимая пшеница,0.5078282869806436,0.5135537678377837,0.002494507176021684,0.3,0.0019367303565786093,0.2,0.514689466061906
AOI-0005,2023-08-29,озимая пшеница,0.4448826669227399,0.44906803325816763,-0.006631641108087034,0.3,-0.01361611592382152,0.2,0.4443553177409772
AOI-0005,2023-09-12,озимая пшеница,0.35585933804895864,0.3704227451719169,0.012337248154960928,0.3,0.02650865795774976,0.2,0.37942565120995514
AOI-0005,2023-09-14,озимая пшеница,0.3931432712552193,0.3879772397834668,-0.004718309797459733,0.3,-0.04640941457065953,0.2,0.377279863930097
AOI-0005,2023-09-26,озимая пшеница,0.34658792233169516,0.3580949328454355,0.018809878371491826,0.3,0.015598521656036169,0.2,0.36685760068809026
AOI-0005,2023-10-17,озимая пшеница,0.17405014930353263,0.18315710529161622,0.019837925168709178,0.3,0.03843443567566694,0.2,0.19679536997736236
AOI-0005,2024-05-31,озимая пшеница,0.6955988386411986,0.6926456824691939,0.007484447621473056,0.3,0.012735235867851535,0.2,0.6974380639292062
AOI-0005,2024-06-03,озимая пшеница,0.6809786281793542,0.6890554512521353,0.002582684451790403,0.3,0.01775189567604523,0.2,0.6933806357228814
AOI-0005,2024-07-28,озимая пшеница,0.4060009493131479,0.4144559474198022,0.006664339096143494,0.3,0.011219392056661559,0.2,0.41869912755997757
AOI-0005,2024-08-22,озимая пшеница,0.28380037745597786,0.2904370590871916,0.008688547372208668,0.3,0.0169169971905341,0.2,0.29642702273696103
AOI-0005,2024-08-28,озимая пшеница,0.37476360540265713,0.3728306618687934,-0.007975148968039327,0.3,-0.011632908294376866,0.2,0.3681115355195062
AOI-0005,2024-09-16,озимая пшеница,0.2841992519566233,0.29021262152018196,0.0005107070098929129,0.3,0.03668681743279866,0.2,0.29770319710970955
AOI-0006,2010-04-15,озимая пшеница,0.41066543918566034,0.39601091871987376,-0.03003854167395321,0.3,-0.04032074871896881,0.2,0.378935206473894
AOI-0006,2010-05-09,озимая пшеница,0.8089172214213378,0.7947225372429624,-0.021925831956186356,0.3,-0.012091110003621269,0.2,0.7857265656553822
AOI-0006,2010-07-13,озимая пшеница,0.2693942367977008,0.27776742665762,0.02033770990428552,0.3,0.006267318803256075,0.2,0.28512220338955685
AOI-0006,2010-07-28,озимая пшеница,0.296503462107589,0.30083974012560166,0.024700180606524767,0.3,0.022613895607517368,0.2,0.31277257342906256
AOI-0006,2010-07-29,озимая пшеница,0.21853894430402215,0.22716677770025484,0.027692039207793954,0.3,-0.010973509793117554,0.2,0.23327968750396952
AOI-0006,2010-08-05,озимая пшеница,0.21261539683460723,0.20971389300704196,0.0207946314747571,0.3,-0.0020410651251868443,0.2,0.21554406942443172
AOI-0006,2011-04-02,озимая пшеница,0.13294226684091554,0.11566504536527503,-0.00909913185443163,0.3,0.00673508993196967,0.2,0.11428232379533947
AOI-0006,2011-04-19,озимая пшеница,0.2074998572500549,0.18519030973361783,-0.008060899382229893,0.3,-0.013236705782258901,0.2,0.18012469876249707
AOI-0006,2011-05-21,озимая пшеница,0.27075137918448156,0.25668462340804565,-0.01696821124563379,0.3,-0.05661804356174986,0.2,0.24027055132200556
AOI-0006,2011-07-16,озимая пшеница,0.6821370542961934,0.6780689172434141,0.029807239726568412,0.3,-0.004440740335226431,0.2,0.6861229410943394
AOI-0006,2011-08-08,озимая пшеница,0.4798590438016024,0.4739931350966429,0.0005022821123127621,0.3,0.01644637416907396,0.2,0.47743309456415156
AOI-0006,2011-08-09,озимая пшеница,0.46815591478752694,0.4591851113383556,-0.003861010699893838,0.3,0.00829903786522403,0.2,0.45968661570143227
AOI-0006,2011-10-16,озимая пшеница,0.3162198937648998,0.32960817947719456,0.031896673690839095,0.3,0.038134186949441415,0.2,0.3468040189743346
AOI-0006,2012-04-22,озимая пшеница,0.7620178258170207,0.7727944460815303,0.016015045484980592,0.3,0.03534465484767686,0.2,0.7846678906965598
AOI-0006,2012-06-09,озимая пшеница,0.5320407812586779,0.5303152649792393,-0.01634089138843837,0.3,0.008191820236825334,0.2,0.5270513616100728
AOI-0006,2012-10-15,озимая пшеница,0.26159828529275886,0.2667139307991502,0.023002154329264644,0.3,-0.0004657912988265402,0.2,0.2735214188381643
AOI-0006,2013-07-21,озимая пшеница,0.7251566711220803,0.7360286419651777,0.0335565602732649,0.3,0.015095496042085595,0.2,0.7491147092555743
AOI-0006,2013-08-21,озимая пшеница,0.33906021044146206,0.3369334416619401,0.008470553754980504,0.3,-0.03353706896330846,0.2,0.33276719399577254
AOI-0006,2013-10-24,озимая пшеница,0.22036843226487401,0.23438858298565637,0.03567384824849143,0.3,0.012815346571962274,0.2,0.24765380677459625
AOI-0006,2014-04-07,озимая пшеница,0.6282924262303253,0.6501484511150967,0.05170179113267221,0.3,0.04969477504661392,0.2,0.6755979434642211
AOI-0006,2014-06-13,озимая пшеница,0.38872133465029235,0.39349034735988064,0.021057188210377047,0.3,-0.019295601897217782,0.2,0.39594838344355016
AOI-0006,2014-06-26,озимая пшеница,0.32826222299480806,0.3386454657331839,0.009259748574498947,0.3,0.010472833273996448,0.2,0.3435179569603329
AOI-0006,2014-07-31,озимая пшеница,0.18400045646333535,0.19626124445497192,0.02455106936571182,0.3,0.004614684558112656,0.2,0.20454950217630802
AOI-0006,2014-08-29,озимая пшеница,0.22694878931425722,0.22958149752530949,0.001963892035452536,0.3,0.004369509112609984,0.2,0.23104456695846726
AOI-0006,2015-06-09,озимая пшеница,0.8838624479569152,0.8694303284894278,-0.007818163266789923,0.3,-0.03706811660098448,0.2,0.8596712561891939
AOI-0006,2015-07-26,озимая пшеница,0.2898043262965235,0.2926591432372776,-0.007407582690232273,0.3,-0.03769165736982452,0.2,0.282898536956243
AOI-0006,2015-08-03,озимая пшеница,0.2877808498933233,0.2830131628484547,0.006147041464640874,0.3,-0.0013427915315986447,0.2,0.2845887169815272
AOI-0006,2015-08-11,озимая пшеница,0.2753290073463261,0.27980890353330395,0.004648159694832174,0.3,-0.0042257150195496454,0.2,0.2803582084378437
AOI-0006,2015-08-12,озимая пшеница,0.2590941397117297,0.25438790352632124,-0.003800960317778607,0.3,-0.020488516318784095,0.2,0.24914991216723084
AOI-0006,2015-10-16,озимая пшеница,0.21023744271118214,0.22092389847553537,0.015224566913816965,0.3,0.017461895883439875,0.2,0.22898364772636845
AOI-0006,2016-04-22,озимая пшеница,0.4713570485058074,0.5043570485058074,0.04762436221488654,0.3,0.020289197000856355,0.2,0.5227021965704446
AOI-0006,2016-04-23,озимая пшеница,0.3735979547453943,0.38674175422932827,0.022729323117174818,0.3,-0.031889887374334944,0.2,0.38718257368961373
AOI-0006,2016-05-08,озимая пшеница,0.47151773540780295,0.4858684864661484,0.03024044638605255,0.3,0.0224363983180978,0.2,0.4994279000455837
AOI-0006,2017-04-23,озимая пшеница,0.30031005846691444,0.3333100584669144,0.045923006745017154,0.3,0.05673949854967655,0.2,0.35843486020035487
AOI-0006,2017-05-09,озимая пшеница,0.38873891933539956,0.41592414811721024,0.056323639318024685,0.3,0.08553697566330594,0.2,0.4499286350452788
AOI-0006,2017-07-25,озимая пшеница,0.752957006830903,0.7564155997294841,-0.008859228077461184,0.3,-0.02386595141308886,0.2,0.7489846410236279
AOI-0006,2017-09-01,озимая пшеница,0.26693093114523886,0.2680287115730147,0.0055225886680901485,0.3,0.03556555653549525,0.2,0.27679859948054086
AOI-0006,2017-09-14,озимая пшеница,0.29508890279028965,0.3081715123615182,0.0067742216511846145,0.3,0.012726555106206915,0.2,0.31274908987811495
AOI-0006,2017-10-04,озимая пшеница,0.18368358571223428,0.18085640356607746,0.007790741801761436,0.3,0.006103060226575819,0.2,0.18441423815192104
AOI-0006,2018-06-08,озимая пшеница,0.3841483017051514,0.40003876498473107,-0.0031320026951871917,0.3,-0.026601308233463655,0.2,0.39377890252948217
AOI-0006,2018-08-13,озимая пшеница,0.47101347438665486,0.4680685839965228,-0.04036321720083741,0.3,-0.016332117356225674,0.2,0.45269319536502645
AOI-0006,2018-09-20,озимая пшеница,0.2534193269951803,0.26508035026980453,0.015812957655472373,0.3,0.003415721783000823,0.2,0.2705073819230464
AOI-0006,2018-10-16,озимая пшеница,0.30577158630945295,0.31971650919162364,0.010377205080742562,0.3,0.02335032461540152,0.2,0.3274997356389267
AOI-0006,2019-04-21,озимая пшеница,0.7043860505864481,0.6984413200945475,-0.0032590585868427597,0.3,0.040717710457210975,0.2,0.7056071446099369
AOI-0006,2019-04-23,озимая пшеница,0.798598374608666,0.7995874034419973,-0.0009411485113779107,0.3,0.01571877886144312,0.2,0.8024488146608726
AOI-0006,2019-05-21,озимая пшеница,0.9042365487915789,0.8799291033867034,-0.02018644911896515,0.3,-0.0480032322231939,0.2,0.8642725222063751
AOI-0006,2019-06-27,озимая пшеница,0.22594859694510416,0.230087942622055,0.009628680845794005,0.3,-0.006119614807653851,0.2,0.23175262391426246
AOI-0006,2019-08-22,озимая пшеница,0.17591869528345974,0.18376890940342866,0.025306231881001843,0.3,0.022362285007182587,0.2,0.19583323596916574
AOI-0006,2019-09-03,озимая пшеница,0.14820460328673934,0.14900274570326538,0.01577131965875411,0.3,-0.00024151956681629755,0.2,0.15368583768752836
AOI-0006,2020-04-06,озимая пшеница,0.25218776238156543,0.27698948973566967,0.019157074544732703,0.3,0.05009854221012603,0.2,0.29275632054111467
AOI-0006,2020-04-30,озимая пшеница,0.17501973695055617,0.16222363375955226,0.0017310863778088716,0.3,0.0007799725455017589,0.2,0.1628989541819953
AOI-0006,2020-05-20,озимая пшеница,0.3376019306134928,0.32165155924881755,-0.029155343340423235,0.3,-0.044932050052471695,0.2,0.30391854623619624
AOI-0006,2020-06-05,озимая пшеница,0.5809693828134492,0.594807817854026,0.009772356809016215,0.3,0.030032188597542014,0.2,0.6037459626162393
AOI-0006,2020-08-03,озимая пшеница,0.43617995551907074,0.42958250957074184,0.0011836552064240138,0.3,0.015231984836351003,0.2,0.4329840030999393
AOI-0006,2020-09-01,озимая пшеница,0.36850822683381,0.37154430536101735,0.0007066313058345002,0.3,0.002998797523131939,0.2,0.37235605425739404
AOI-0006,2021-04-06,озимая пшеница,0.243485994912623,0.24364199630272576,-0.009901627371803678,0.3,-0.015327554214930716,0.2,0.2376059972481985
AOI-0006,2021-05-20,озимая пшеница,0.8909341987123082,0.8685261569310724,-0.011358466989677959,0.3,-0.03866614381684721,0.2,0.8573853880707996
AOI-0006,2021-06-16,озимая пшеница,0.8572970589523033,0.8462752641449618,-0.01699462812706559,0.3,-0.06440006908901326,0.2,0.8282968618890394
AOI-0006,2021-08-29,озимая пшеница,0.2221358172540976,0.24452066176191817,0.03391549501930487,0.3,0.056988241217090764,0.2,0.2660929585111278
AOI-0006,2021-10-02,озимая пшеница,0.18588146801110064,0.1917145696317894,-0.003260043337984588,0.3,0.007711329365160477,0.2,0.19227882250342612
AOI-0006,2022-04-24,озимая пшеница,0.8465127845124154,0.8380702560825156,-0.025826886528572675,0.3,-0.028061393308884536,0.2,0.8247099114621669
AOI-0006,2022-06-10,озимая пшеница,0.7621460821006075,0.7653283634021858,-0.05558930401151058,0.3,-0.02521400593501618,0.2,0.7436087710117293
AOI-0006,2022-08-23,озимая пшеница,0.14663137541442844,0.16132029872884265,0.018992137862054618,0.3,-0.008729153091391894,0.2,0.16527210946918067
AOI-0006,2022-09-17,озимая пшеница,0.1613191194190018,0.1601721301883316,-0.0005563541059742201,0.3,0.001484990350198328,0.2,0.16030222202657898
AOI-0006,2022-09-30,озимая пшеница,0.27015340750569267,0.2920541709478273,0.007073752091029826,0.3,0.012286243997455638,0.2,0.2966335453746274
AOI-0006,2022-10-02,озимая пшеница,0.15833565736895916,0.1562392934698151,0.010703797970990764,0.3,0.010893105161925685,0.2,0.16162905389349747
AOI-0006,2022-10-12,озимая пшеница,0.16222406591785496,0.17483533898082734,0.025803368410158973,0.3,0.012241466860437696,0.2,0.18502464287596257
AOI-0006,2023-04-10,озимая пшеница,0.27813587029711717,0.2806082440295083,-0.019611067693070947,0.3,-0.07104025705725116,0.2,0.2605168723101368
AOI-0006,2023-04-23,озимая пшеница,0.48860377266462895,0.521603772664629,0.02456447476223597,0.3,0.026459830858070438,0.2,0.5342650812649139
AOI-0006,2023-05-06,озимая пшеница,0.35019640288412746,0.3459635520159937,-0.0035795810533573507,0.3,-0.023899233487402444,0.2,0.340109831002506
AOI-0006,2023-05-13,озимая пшеница,0.32531501786790695,0.321043824482751,-0.013690943591454612,0.3,-0.04393867569809402,0.2,0.3081488062656958
AOI-0006,2023-06-10,озимая пшеница,0.639933958759338,0.672933958759338,0.027552970688743687,0.3,0.04969666680185898,0.2,0.691139183326333
AOI-0006,2023-06-15,озимая пшеница,0.5131452043642516,0.5254514018686908,0.009157367919146696,0.3,0.01990123962775442,0.2,0.5321788601699856
AOI-0006,2023-07-16,озимая пшеница,0.7660528935948191,0.7778270524669906,0.002090471241546249,0.3,0.03777390059322628,0.2,0.7860089739580998
AOI-0006,2023-08-28,озимая пшеница,0.5468053696805655,0.5493729639411102,-0.005478082164013589,0.3,0.012063886394412604,0.2,0.5501423165707887
AOI-0006,2023-09-02,озимая пшеница,0.41003156277542996,0.40497337565079794,0.005573063842839015,0.3,-0.01592335970143889,0.2,0.4034606228633619
AOI-0006,2023-09-14,озимая пшеница,0.39361744600185394,0.39380553212447933,-0.021088115279915335,0.3,-0.022208047837744948,0.2,0.3830374879729558
AOI-0006,2023-09-18,озимая пшеница,0.3888573710002891,0.40348220744897595,0.0028606615487481645,0.3,0.012703483451374772,0.2,0.40688110260387533
AOI-0006,2023-09-26,озимая пшеница,0.29193747168643147,0.29467072986192827,0.013426682941627025,0.3,0.027719707630157308,0.2,0.3042426762704478
AOI-0006,2023-10-02,озимая пшеница,0.19976513830104675,0.19728162277793967,0.004128906391724173,0.3,0.01864737204372386,0.2,0.2022497691042017
AOI-0006,2023-10-16,озимая пшеница,0.24651806665819748,0.26550623484222685,0.015548172020206679,0.3,-0.0019411183741309408,0.2,0.26978246277346263
AOI-0006,2023-10-17,озимая пшеница,0.1386863222641305,0.13608095585121752,0.01685375139560619,0.3,0.012566896789241647,0.2,0.1436504606277477
AOI-0006,2024-06-03,озимая пшеница,0.7021072343457437,0.7004827313129992,-0.004822198261107603,0.3,0.019187077345765607,0.2,0.70287348730382
AOI-0006,2024-06-24,озимая пшеница,0.3251521178011816,0.3328242399034621,0.014525093843215518,0.3,0.04765116758921936,0.2,0.3467120015742706
AOI-0006,2024-07-03,озимая пшеница,0.20811227018353243,0.2122458341817298,0.007617606173758823,0.3,-0.009651478241842171,0.2,0.212600820385489
AOI-0006,2024-07-13,озимая пшеница,0.1814911634984585,0.18787773371759162,0.004253887568744436,0.3,-0.007675196424087481,0.2,0.18761886070339745
AOI-0006,2024-09-28,озимая пшеница,0.14333197398345096,0.14822474786722972,0.002667274972316833,0.3,0.007982398853469437,0.2,0.15062141012961866
AOI-0006,2024-10-06,озимая пшеница,0.12278448403225795,0.12474088538357757,0.018799245501596788,0.3,0.01917693235030657,0.2,0.13421604550411792
AOI-0006,2024-10-26,озимая пшеница,0.1630792864575316,0.16292631677088884,0.006297146915437189,0.3,0.020721117005207946,0.2,0.16895968424656158
AOI-0009,2010-04-07,озимая пшеница,0.5034909037975234,0.49136205459323523,-0.02826022610420961,0.3,-0.03349006522507581,0.2,0.4761859737169572
AOI-0009,2010-05-18,озимая пшеница,0.7109394492539816,0.7082013716908792,0.002306155770792119,0.3,-0.002770105091503465,0.2,0.7083391974038161
AOI-0009,2010-06-10,озимая пшеница,0.46659815741157024,0.4556808352468982,-0.03819210167062082,0.3,-0.01996576074709943,0.2,0.44023005259629205
AOI-0009,2010-09-14,озимая пшеница,0.25312374792077025,0.2577511352593436,0.021039588217876045,0.3,0.010175389065699987,0.2,0.2660980895378464
AOI-0009,2010-09-30,озимая пшеница,0.23370267683235443,0.2418679373427554,0.031701673749285376,0.3,0.031357458017952027,0.2,0.25764993107113143
AOI-0009,2011-05-25,озимая пшеница,0.5602229042098317,0.5678976381702456,0.06287176926881564,0.3,0.008589850766541528,0.2,0.5884771391041986
AOI-0009,2011-07-12,озимая пшеница,0.6825244688929022,0.6747822226454238,-0.0437206575840943,0.3,-0.02598345146915637,0.2,0.6564693350763642
AOI-0009,2011-07-28,озимая пшеница,0.5969904443529492,0.593341252514679,-0.04707105990462115,0.3,-0.02828670619237118,0.2,0.5735625933048183
AOI-0009,2011-08-17,озимая пшеница,0.3342626515847209,0.33264020503323044,0.00276307015641595,0.3,-0.021584809049517737,0.2,0.3291521642702517
AOI-0009,2011-09-10,озимая пшеница,0.27578312099070285,0.2699051951669829,0.0034197785714204345,0.3,0.0032349035262831125,0.2,0.27157810944366567
AOI-0009,2012-04-29,озимая пшеница,0.5739329951544403,0.5586926018962952,-0.029960876833596498,0.3,0.011184632331429216,0.2,0.5519412653125021
AOI-0009,2012-05-08,озимая пшеница,0.7480261662060735,0.7405758112441615,0.0028563798403326334,0.3,0.0014937758548725071,0.2,0.7417314803672358
AOI-0009,2012-08-12,озимая пшеница,0.3158909414382842,0.32193341581268364,0.01250022104486806,0.3,-0.007147703740011421,0.2,0.3242539413781418
AOI-0009,2012-08-28,озимая пшеница,0.35289462488698925,0.3564742951692269,0.02437082138797082,0.3,0.0033944777727950037,0.2,0.3644644371401772
AOI-0009,2012-09-29,озимая пшеница,0.29982687089494364,0.3074821861134122,0.027128698262860188,0.3,0.029310806095161197,0.2,0.3214829568113025
AOI-0009,2012-10-06,озимая пшеница,0.211498640792345,0.20798078418909535,0.024613767094548423,0.3,0.012331266680200714,0.2,0.21783116765350002
AOI-0009,2013-04-07,озимая пшеница,0.31259223361917243,0.3132541018041118,0.01402501810003487,0.3,0.003538848563508412,0.2,0.31816937694682396
AOI-0009,2013-07-21,озимая пшеница,0.5629775719808484,0.5581908761345371,0.02106466865546728,0.3,0.027238031892236326,0.2,0.5699578831096245
AOI-0009,2013-08-13,озимая пшеница,0.36838391935253806,0.3741242429169779,-0.007031428021557582,0.3,-0.0071027858460710165,0.2,0.3705942573412964
AOI-0009,2013-09-14,озимая пшеница,0.3075403145007151,0.3148025997568662,0.02196710166547475,0.3,0.01748836761655909,0.2,0.3248904037798204
AOI-0009,2014-04-07,озимая пшеница,0.5986299981791476,0.5976725934132117,0.029661095355288828,0.3,-0.01444144301161469,0.2,0.6036826334174754
AOI-0009,2014-04-27,озимая пшеница,0.7759539065737773,0.77586299787786,-0.029933188077371452,0.3,-0.004077378204924198,0.2,0.7660675658136636
AOI-0009,2014-05-29,озимая пшеница,0.8260973132545978,0.8358760928427379,0.01365704075185165,0.3,-0.0024581711159094716,0.2,0.8394815708451115
AOI-0009,2014-06-10,озимая пшеница,0.5620727327601163,0.5552887032652241,-0.009031323407005704,0.3,-0.03170527721077242,0.2,0.5462382508009679
AOI-0009,2014-06-22,озимая пшеница,0.48425701045226116,0.4675739505925545,-0.03127397947619792,0.3,-0.0009599248146281373,0.2,0.45799977178676954
AOI-0009,2014-08-01,озимая пшеница,0.20693751090986595,0.202419541096019,0.005125969363018392,0.3,-0.018439287944235088,0.2,0.2002694743160775
AOI-0009,2014-08-09,озимая пшеница,0.17687231855606816,0.16996239648530428,-0.007520492293942918,0.3,-0.005431795853891442,0.2,0.1666198896263431
AOI-0009,2014-08-17,озимая пшеница,0.15690152906306298,0.15787957745567135,0.01769757567743917,0.3,0.005088829787759515,0.2,0.164206616116455
AOI-0009,2014-08-29,озимая пшеница,0.23575468551364098,0.2415375497816825,0.023079222406031035,0.3,0.03437223944436602,0.2,0.255335764392365
AOI-0009,2015-04-14,озимая пшеница,0.4265500961267503,0.4117015338956864,-0.018037939524262227,0.3,-0.012706660910434653,0.2,0.40374881985632083
AOI-0009,2015-05-24,озимая пшеница,0.8285140119141112,0.826551918908329,-0.01306388720429499,0.3,-0.01839263852994407,0.2,0.8189542250410516
AOI-0009,2015-06-26,озимая пшеница,0.3939171421172182,0.38993843172128395,-0.002595766774206562,0.3,-0.01719338783848027,0.2,0.3857210241213259
AOI-0009,2015-10-07,озимая пшеница,0.20768677207313707,0.20238748447240618,-0.0012226791673922736,0.3,0.016798538654322705,0.2,0.20538038845305304
AOI-0009,2016-05-02,озимая пшеница,0.5805019963678029,0.5798629873957382,-0.0002580157724975827,0.3,0.023803262717522044,0.2,0.5845462352074934
AOI-0009,2016-06-25,озимая пшеница,0.525067437537437,0.5126321467773503,-0.0441836608543564,0.3,-0.03785627674642242,0.2,0.4918057931717588
AOI-0009,2016-07-05,озимая пшеница,0.4126581246640728,0.4003548238980927,-0.002453648723978688,0.3,-0.03269264238453866,0.2,0.39308020080399136
AOI-0009,2016-07-13,озимая пшеница,0.44088899531493125,0.43016703109378385,-0.017637374379586977,0.3,0.01029193709406519,0.2,0.4269342061987208
AOI-0009,2016-10-25,озимая пшеница,0.23549078229953088,0.2389844188098838,0.03519865800180026,0.3,0.010004857531195234,0.2,0.25154498771666295
AOI-0009,2017-04-01,озимая пшеница,0.16272789259098053,0.15698923403762036,-0.014000651622477944,0.3,0.019137103936024795,0.2,0.15661645933808194
AOI-0009,2017-04-23,озимая пшеница,0.6821112037124575,0.6803795891121152,0.036967693204993234,0.3,0.021502074406566787,0.2,0.6957703119549266
AOI-0009,2017-05-21,озимая пшеница,0.8384902633861724,0.8450020723428072,-0.008847093710429282,0.3,-0.019414565226217314,0.2,0.8384650311844349
AOI-0009,2017-07-12,озимая пшеница,0.3313441457480182,0.3317106384869045,0.016705946172236728,0.3,0.00217454849487713,0.2,0.33715733203755094
AOI-0009,2017-07-24,озимая пшеница,0.19884097920264782,0.1988205890183081,0.034178902146958144,0.3,0.015462939151694732,0.2,0.21216684749273448
AOI-0009,2017-08-09,озимая пшеница,0.15744101627924997,0.16115810086961638,0.0068215871045444855,0.3,-0.006150009440535342,0.2,0.16197457511287267
AOI-0009,2017-08-11,озимая пшеница,0.13436176405666347,0.1375234520454424,0.007324093045811293,0.3,0.0060622627321090285,0.2,0.14093313250560757
AOI-0009,2017-08-14,озимая пшеница,0.14945127374097975,0.158674326371412,0.018596288413408667,0.3,0.009744431339475971,0.2,0.1662020991633298
AOI-0009,2017-08-29,озимая пшеница,0.19441539434331534,0.20081097393257646,0.010542272037354073,0.3,0.017424611543416547,0.2,0.207458577852466
AOI-0009,2017-09-05,озимая пшеница,0.13353025488974019,0.13657344982393604,0.024949624935044764,0.3,0.004911658411543288,0.2,0.14504066898675813
AOI-0009,2017-09-13,озимая пшеница,0.1615312298576707,0.16685508618555048,0.016228595667661026,0.3,0.009183599028352443,0.2,0.17356038469151927
AOI-0009,2017-09-15,озимая пшеница,0.14496897323723318,0.1491745700936305,0.01615276198482102,0.3,0.016696529064011655,0.2,0.15735970450187914
AOI-0009,2018-04-14,озимая пшеница,0.437697733859004,0.42067025003254405,-0.03427072522621134,0.3,-0.025585261957313855,0.2,0.4052719800732179
AOI-0009,2018-04-23,озимая пшеница,0.6850796127311143,0.6784935754004328,0.040810107492851654,0.3,0.02365059567491069,0.2,0.6954667267832704
AOI-0009,2018-07-12,озимая пшеница,0.3011076819734373,0.30246682826283006,0.0182961951187851,0.3,-0.006331210856571475,0.2,0.3066894446271513
AOI-0009,2018-09-29,озимая пшеница,0.1702022801161574,0.17001767918741556,0.025948338258847976,0.3,0.018900389419779312,0.2,0.18158225854902582
AOI-0009,2018-09-30,озимая пшеница,0.2157693547236233,0.22271768531746047,0.017206549430186093,0.3,0.031698848340987004,0.2,0.2342194198147137
AOI-0009,2018-10-13,озимая пшеница,0.15042013310375957,0.1556093646369363,0.023054592037079154,0.3,0.019769307741237162,0.2,0.16647960379630747
AOI-0009,2019-04-01,озимая пшеница,0.2080632645072202,0.20674771239724613,0.005069151156473263,0.3,0.018631881310851958,0.2,0.2119948340063585
AOI-0009,2019-04-25,озимая пшеница,0.26406108437570186,0.26982788634160054,0.04026810693453338,0.3,0.0353458131330899,0.2,0.28897748104857857
AOI-0009,2019-05-09,озимая пшеница,0.5612842033398442,0.5688866746984808,0.06863029265196885,0.3,0.01548068608009999,0.2,0.5925718997100914
AOI-0009,2019-05-18,озимая пшеница,0.47856877527295105,0.48129417415890685,0.009053771818937469,0.3,0.02147388665447248,0.2,0.4883050830354826
AOI-0009,2019-05-28,озимая пшеница,0.7221244202973386,0.7168631868360981,-0.01136540610170898,0.3,-0.028101661859604127,0.2,0.7078332326336645
AOI-0009,2019-06-28,озимая пшеница,0.24931082155202644,0.23643642994731803,0.0279346583869108,0.3,0.02447973687362581,0.2,0.24971277483811644
AOI-0009,2019-08-07,озимая пшеница,0.2844024140804329,0.27613588385141574,0.028090805613769653,0.3,0.032380364862127316,0.2,0.2910391985079721
AOI-0009,2019-08-21,озимая пшеница,0.17243993948860903,0.1777057070691877,0.023925259273014064,0.3,0.012737468587592546,0.2,0.18743077856861043
AOI-0009,2019-08-26,озимая пшеница,0.14397135190373217,0.1506246626834225,0.023894950106911127,0.3,0.009454097934068019,0.2,0.15968396730230947
AOI-0009,2019-08-31,озимая пшеница,0.14986939526218027,0.15342233411618128,0.017738828695953005,0.3,0.008378936635161451,0.2,0.16041977005199948
AOI-0009,2019-10-15,озимая пшеница,0.2213325641875173,0.22581171151390353,-0.006887920404441412,0.3,-0.016985841343611894,0.2,0.22034816712384872
AOI-0009,2020-05-13,озимая пшеница,0.7313728656955734,0.7356361137549584,-0.015862109651850722,0.3,-0.005153843734357029,0.2,0.7298467121125318
AOI-0009,2020-05-15,озимая пшеница,0.6904022362016375,0.6777049019165711,-0.031664771541726276,0.3,-0.017644299634377473,0.2,0.6646766105271777
AOI-0009,2020-05-24,озимая пшеница,0.8076397548307884,0.8030630612856022,-0.001110147493809134,0.3,-0.00546187316878904,0.2,0.8016376424037017
AOI-0009,2020-05-27,озимая пшеница,0.7197168497585874,0.7169158398679524,-0.008489772449081123,0.3,-0.011825020698552947,0.2,0.7120039039935174
AOI-0009,2020-05-29,озимая пшеница,0.7443891112289106,0.7420682313319795,-0.012805550464404163,0.3,-0.017081756887000196,0.2,0.7348102148152582
AOI-0009,2020-06-06,озимая пшеница,0.6619673422067193,0.6550134270657002,-0.010792920459152495,0.3,0.0018495289576394695,0.2,0.6521454567194823
AOI-0009,2020-06-11,озимая пшеница,0.5657702339672468,0.5609196765849936,-0.008114173152557125,0.3,-0.012290274665929262,0.2,0.5560273697060406
AOI-0009,2020-06-29,озимая пшеница,0.19097398149440942,0.18940939242803814,0.019981780281932215,0.3,0.003658983922471008,0.2,0.196135723297112
AOI-0009,2020-07-06,озимая пшеница,0.1400996882528606,0.14073562038288745,0.03313164351282905,0.3,0.015958408509478703,0.2,0.1538667951386319
AOI-0009,2020-07-24,озимая пшеница,0.13382218595884598,0.13672676426637353,0.026559221784115097,0.3,0.009888719177471587,0.2,0.1466722746371024
AOI-0009,2020-07-27,озимая пшеница,0.21029931627983384,0.20996443160694242,0.017624800077015442,0.3,0.055533309710481996,0.2,0.22635853357214344
AOI-0009,2020-08-03,озимая пшеница,0.13503103150338241,0.13885155483467446,0.027403962806240103,0.3,0.006421134521690149,0.2,0.1483569705808845
AOI-0009,2020-08-12,озимая пшеница,0.20816406971435686,0.22297295577545406,0.03774913910128625,0.3,0.04606402169209294,0.2,0.24351050184425851
AOI-0009,2020-08-15,озимая пшеница,0.1399054411818002,0.14432773594898052,0.03581829073520388,0.3,0.014780573854880838,0.2,0.15802933794051782
AOI-0009,2020-08-17,озимая пшеница,0.1713103227246111,0.17720313051732425,0.036294988375237085,0.3,0.023100119792892913,0.2,0.19271165098847395
AOI-0009,2020-08-28,озимая пшеница,0.22252658699179118,0.23379992832353472,0.015628336410098944,0.3,0.03354921839219237,0.2,0.24519827292500287
AOI-0009,2020-09-02,озимая пшеница,0.14712791217594917,0.15220371704402322,0.021656586728916866,0.3,0.012421736665225943,0.2,0.16118504039574347
AOI-0009,2020-09-29,озимая пшеница,0.18281443934683284,0.19437179650371966,0.02480460694555638,0.3,0.029071505500501728,0.2,0.2076274796874869
AOI-0009,2020-10-07,озимая пшеница,0.11576253839928952,0.12011938808851892,0.03589696039531255,0.3,0.030003143105473928,0.2,0.1368891048282075
AOI-0009,2020-10-15,озимая пшеница,0.21145684148727273,0.21943253402770135,0.030376944820913732,0.3,0.02802636007659981,0.2,0.23415088948929544
AOI-0009,2021-04-06,озимая пшеница,0.3830808412398229,0.3693792906927175,-0.003826926509558632,0.3,-0.008742431906177925,0.2,0.36648272635861434
AOI-0009,2021-04-30,озимая пшеница,0.8312214908313287,0.8118949355381573,-0.028042674746051068,0.3,-0.08328232892528516,0.2,0.7868256673292848
AOI-0009,2021-05-15,озимая пшеница,0.8512418602012327,0.8396638446623084,-0.014942252437145084,0.3,-0.05208066610045464,0.2,0.824765035711074
AOI-0009,2021-05-16,озимая пшеница,0.8722086576601952,0.869611428102074,-0.0068337294954297035,0.3,-0.036820023096937486,0.2,0.8601973046340576
AOI-0009,2021-07-14,озимая пшеница,0.16738948038259707,0.17069592218002963,0.01163931384693576,0.3,0.005723257526039215,0.2,0.17533236783931822
AOI-0009,2021-07-21,озимая пшеница,0.1425300684967783,0.13956117404132626,0.015865451801388628,0.3,0.017030975533563586,0.2,0.14772700468845557
AOI-0009,2021-07-26,озимая пшеница,0.17995893827852572,0.18120915157689496,0.011121246396122334,0.3,-0.0017206928950945337,0.2,0.18420138691671276
AOI-0009,2021-07-29,озимая пшеница,0.15580645463971915,0.15950502400936936,0.013330791706009083,0.3,0.0009865461273453407,0.2,0.16370157074664116
AOI-0009,2021-08-20,озимая пшеница,0.18269383807929968,0.18249600707096528,0.012488481654697865,0.3,0.002106648674907158,0.2,0.18666388130235606
AOI-0009,2021-09-27,озимая пшеница,0.24087821761115585,0.24402037061623316,0.026137527783812488,0.3,0.029921318639465844,0.2,0.2578458926792701
AOI-0009,2021-10-02,озимая пшеница,0.31253081482190814,0.3173679791225828,-0.0077172361961208155,0.3,0.0029432150564949865,0.2,0.31564145127504556
AOI-0009,2021-10-12,озимая пшеница,0.27754491592547853,0.27797011847182646,-0.002751203995329992,0.3,-0.03960464848515432,0.2,0.2692238275761966
AOI-0009,2021-10-15,озимая пшеница,0.3368902714185124,0.33326549646134124,-0.01930216726146861,0.3,-0.030360649568662412,0.2,0.3214027163691682
AOI-0009,2022-04-02,озимая пшеница,0.4573918905905592,0.4549913977885274,-0.002207899154013323,0.3,0.03476224964870274,0.2,0.4612814779720639
AOI-0009,2022-06-06,озимая пшеница,0.8188311847151744,0.8149282077191291,-0.006357356764087547,0.3,0.007342404780884967,0.2,0.8144894816460798
AOI-0009,2022-06-08,озимая пшеница,0.839145804504155,0.8375151876240099,0.006615637587357216,0.3,-0.014485982128909508,0.2,0.8366026824744351
AOI-0009,2022-06-11,озимая пшеница,0.8153585372607386,0.8106312088047919,0.0031309519804950713,0.3,0.005331307338696848,0.2,0.8126367558666798
AOI-0009,2022-07-12,озимая пшеница,0.2463384395434874,0.23502220472245777,0.0027763621595424852,0.3,0.027108207543501156,0.2,0.24127675487902076
AOI-0009,2022-07-14,озимая пшеница,0.1656420589810068,0.16380873954195993,0.011915942172585254,0.3,0.006971754397789048,0.2,0.1687778730732933
AOI-0009,2022-08-23,озимая пшеница,0.16376724724804778,0.1698809864265753,0.02127895484094575,0.3,0.006362430135575248,0.2,0.17753715890597407
AOI-0009,2022-09-30,озимая пшеница,0.25572068720404495,0.26120356941017336,0.019655859295763255,0.3,0.026313841430589218,0.2,0.2723630954850202
AOI-0009,2022-10-02,озимая пшеница,0.15804897957225444,0.1635345820840697,0.01870761204094985,0.3,0.012000908262603176,0.2,0.1715470473488753
AOI-0009,2022-10-19,озимая пшеница,0.18828199964250592,0.18665784594348084,-0.026122912924138087,0.3,-0.03171519873435373,0.2,0.17247793231936867
AOI-0009,2022-10-22,озимая пшеница,0.18901842644886283,0.19171281466176646,-0.02282150375699177,0.3,-0.038441131770655876,0.2,0.17717813718053776
AOI-0009,2023-05-17,озимая пшеница,0.8665127057290467,0.8574868373062962,-0.006178319376227574,0.3,-0.022267188784228197,0.2,0.8511799037365823
AOI-0009,2023-05-25,озимая пшеница,0.8130149930568354,0.8026276460204964,-0.032742243030273184,0.3,-0.028811925745341506,0.2,0.787042587962346
AOI-0009,2023-06-19,озимая пшеница,0.6656529769280857,0.6637225906501573,0.0021415492045824104,0.3,0.004108875731136034,0.2,0.6651868305577592
AOI-0009,2023-06-26,озимая пшеница,0.4297259987560914,0.4254718648333808,-0.010016155542216017,0.3,-0.013770949778818556,0.2,0.41971282821495226
AOI-0009,2023-07-25,озимая пшеница,0.31760679511665363,0.32194114384166295,0.03414164746836606,0.3,0.022860823900393616,0.2,0.3367558028622515
AOI-0009,2023-08-13,озимая пшеница,0.2851735366383089,0.29006888439713047,0.0029781020061722856,0.3,-0.01659944433613167,0.2,0.28764242613175584
AOI-0009,2023-08-26,озимая пшеница,0.2867757386439955,0.28397978448507344,0.019187983801281182,0.3,0.014629220146143896,0.2,0.2926620236546866
AOI-0009,2023-08-28,озимая пшеница,0.24931071665272636,0.25156579892099207,0.016498347921967613,0.3,0.003378640816807036,0.2,0.2571910314609438
AOI-0009,2023-08-29,озимая пшеница,0.3147422545279406,0.3202210642046637,0.009332411530822437,0.3,-0.0028408663412370716,0.2,0.322452614395663
AOI-0009,2023-09-14,озимая пшеница,0.2565808953870268,0.2614709986745121,-0.008115378806673058,0.3,-0.012874517558279938,0.2,0.2564614815208542
AOI-0009,2023-10-02,озимая пшеница,0.1896522950190771,0.19692801378396682,0.01828099552350917,0.3,0.014365612254561119,0.2,0.2052854348919318
AOI-0009,2023-10-12,озимая пшеница,0.21947023584594227,0.22494246685599503,0.021443683701004437,0.3,0.014716055481173954,0.2,0.23431878306253115
AOI-0009,2024-05-08,озимая пшеница,0.37781256696881904,0.36634391873610656,0.041770588988919964,0.3,0.08972308558427074,0.2,0.39681971254963666
AOI-0009,2024-06-18,озимая пшеница,0.6821432928349875,0.6667049834947106,-0.022708047647084336,0.3,-0.000636912235150348,0.2,0.6597651867535553
AOI-0009,2024-06-23,озимая пшеница,0.6996061774199298,0.6863673297879443,-0.008796707928841154,0.3,-0.014651273626810707,0.2,0.6807980626839298
AOI-0009,2024-06-28,озимая пшеница,0.7034561052936691,0.6926404334370708,-0.009076952324024747,0.3,-0.0024728089456333264,0.2,0.6894227859507367
AOI-0009,2024-07-08,озимая пшеница,0.6230883244449192,0.6179860770159488,-0.0147813926037705,0.3,-0.014902609357019448,0.2,0.6105711373634137
AOI-0009,2024-08-04,озимая пшеница,0.5057716381289996,0.49766796349371156,-0.0033723733947511594,0.3,0.003959852230909598,0.2,0.4974482219214681
AOI-0009,2024-08-09,озимая пшеница,0.5046885415593877,0.5037021679659062,-0.006652067762366757,0.3,0.012476046909444758,0.2,0.5042017570190851
AOI-0009,2024-08-20,озимая пшеница,0.44133384517449314,0.43481188947247373,0.004142232034827466,0.3,0.014046269533773062,0.2,0.4388638129896766
AOI-0009,2024-08-27,озимая пшеница,0.33134665580247663,0.3314816377554863,-0.005408998712012786,0.3,0.006481179461420438,0.2,0.33115517403416656
AOI-0009,2024-09-03,озимая пшеница,0.22376873368240463,0.22397014733890389,0.007870675422225436,0.3,0.014196344465600804,0.2,0.2291706188586917
AOI-0009,2024-09-06,озимая пшеница,0.2331674673659349,0.23280937969005272,0.006331015314232497,0.3,0.012861186151934193,0.2,0.2372809215147093
AOI-0009,2024-09-08,озимая пшеница,0.22228179681464363,0.22167010350474436,-0.0004779526969765661,0.3,0.010944406190146656,0.2,0.2237155989336807
AOI-0009,2024-09-13,озимая пшеница,0.2627457465040111,0.2657848514409924,-0.011290865784709097,0.3,-0.0201091937588592,0.2,0.2583757529538078
AOI-0009,2024-10-08,озимая пшеница,0.17251099064566922,0.17021808478671638,-0.0006249624155037518,0.3,0.0168728927956929,0.2,0.17340517462120383
AOI-0012,2010-07-13,озимая пшеница,0.30775544164004287,0.2975592900405939,-0.003093881819424038,0.3,-0.05515257378048877,0.2,0.28560061073866894
AOI-0012,2010-08-22,озимая пшеница,0.2578148709157275,0.24733571195549553,0.0002448680976222849,0.3,-0.022515453285196673,0.2,0.2429060817277429
AOI-0012,2010-10-25,озимая пшеница,0.30161729568930495,0.3023920390242815,0.006565849540241292,0.3,-0.010334083365297078,0.2,0.3022949772132945
AOI-0012,2011-05-21,озимая пшеница,0.7116525787201372,0.7088188358149274,-0.024285569191839104,0.3,0.04420875531921305,0.2,0.7103749161212184
AOI-0012,2011-07-12,озимая пшеница,0.37210192486454485,0.37183836017802313,0.03508715203789967,0.3,0.013760831133830777,0.2,0.3851166720161592
AOI-0012,2011-08-13,озимая пшеница,0.3128578559834131,0.31870474091466244,0.039132787887812555,0.3,0.05088970706380723,0.2,0.3406225186937677
AOI-0012,2011-09-02,озимая пшеница,0.2980665668024814,0.2890469443125807,0.003159960852167712,0.3,-0.036684602290382465,0.2,0.2826580121101545
AOI-0012,2012-04-22,озимая пшеница,0.3626842041038939,0.3715466700104762,0.04195483018145791,0.3,0.017491152119640956,0.2,0.3876313494888418
AOI-0012,2012-06-09,озимая пшеница,0.41682076596855333,0.40343284827916637,0.02053618927850532,0.3,-0.053055664614544654,0.2,0.39898257213980903
AOI-0012,2012-06-25,озимая пшеница,0.4148002950484157,0.4054908464816428,0.015430215461925412,0.3,-0.032497591993649634,0.2,0.4036203927214905
AOI-0012,2012-08-03,озимая пшеница,0.2917474356625299,0.28023159744047993,-0.005594439756243553,0.3,-0.028632567243575508,0.2,0.27282675206489176
AOI-0012,2012-08-28,озимая пшеница,0.31273877543407747,0.30529743837592493,0.006306125936515518,0.3,-0.0009992946406814124,0.2,0.3069894172287433
AOI-0012,2012-09-13,озимая пшеница,0.30229430887651554,0.2954825306322598,-0.004682466950182019,0.3,-0.0007439397361999414,0.2,0.29392900259996524
AOI-0012,2012-10-06,озимая пшеница,0.2509748208268371,0.24310079980663854,-0.007902612601154008,0.3,-0.010185867826001812,0.2,0.238692842461092
AOI-0012,2013-05-09,озимая пшеница,0.7465079997935519,0.7252463796949189,-0.02058722228708276,0.3,-0.015841920697236337,0.2,0.7159018288693467
AOI-0012,2013-06-10,озимая пшеница,0.4830590212062616,0.4598294095133455,-0.03491202294263333,0.3,-0.06069695930734398,0.2,0.43721641076908674
AOI-0012,2013-07-13,озимая пшеница,0.29000758138362803,0.2921311077229469,0.016534123440932576,0.3,-0.009186577711490975,0.2,0.2952540292129285
AOI-0012,2013-07-29,озимая пшеница,0.25476581354841854,0.25923846556607366,0.007550721385112692,0.3,0.01076070197484555,0.2,0.2636558223765766
AOI-0012,2013-10-09,озимая пшеница,0.29843031331005254,0.2868124568930608,-0.011293115033295463,0.3,-0.007613990335069172,0.2,0.2819017243160583
AOI-0012,2013-10-25,озимая пшеница,0.3462287398320707,0.33129716186256053,-0.027547994561520652,0.3,0.014221436127977933,0.2,0.3258770507196999
AOI-0012,2014-06-06,озимая пшеница,0.5720484803934003,0.5808031847638633,0.011612116419711323,0.3,0.026678792643032218,0.2,0.5896225782183832
AOI-0012,2014-06-22,озимая пшеница,0.2974690169895861,0.2963347227037887,0.016892657483649574,0.3,-0.00972160357722238,0.2,0.2994581992334391
AOI-0012,2014-06-26,озимая пшеница,0.2878338603551673,0.2794252345117515,-0.003220956859299527,0.3,3.20508883155839e-06,0.2,0.27845958847172797
AOI-0012,2014-06-30,озимая пшеница,0.2610709249246289,0.25431931861048584,-0.0012528630986012685,0.3,-0.003609362836051004,0.2,0.2532215871136953
AOI-0012,2014-08-13,озимая пшеница,0.2575307359683761,0.2611641256854288,0.011658935371521295,0.3,0.015293564874375104,0.2,0.2677205192717602
AOI-0012,2014-09-14,озимая пшеница,0.25319918027246324,0.25820351059189817,0.012276261357392602,0.3,0.01368072018824015,0.2,0.264622533036764
AOI-0012,2014-10-16,озимая пшеница,0.2328609152548745,0.24668329177331094,0.03014727145903209,0.3,0.018680858266377894,0.2,0.25946364486429613
AOI-0012,2014-10-28,озимая пшеница,0.1365484745389781,0.15087911125120296,0.0213425793534182,0.3,0.02900973433681551,0.2,0.16308383192459153
AOI-0012,2015-05-25,озимая пшеница,0.39382243715579185,0.39145335037556805,0.033679310215823224,0.3,0.039040810420288966,0.2,0.4093653055243728
AOI-0012,2015-06-09,озимая пшеница,0.3357744267300904,0.34618675633995677,0.012855737799783065,0.3,-0.022721731298174522,0.2,0.3454991314202568
AOI-0012,2015-08-12,озимая пшеница,0.22584584196892124,0.22097102059447066,0.0064054946039406495,0.3,-0.012339291670710162,0.2,0.22042481064151082
AOI-0012,2015-08-13,озимая пшеница,0.28085005124758056,0.27518873358019336,0.004496532397754758,0.3,0.00287567191097817,0.2,0.2771128276817154
AOI-0012,2015-08-20,озимая пшеница,0.23244888853617032,0.229603415730771,0.013719165670365695,0.3,0.003499944026566522,0.2,0.234419154237194
AOI-0012,2015-09-14,озимая пшеница,0.27780703426189945,0.27966398275564247,0.012653154708139849,0.3,0.01478248970418688,0.2,0.2864164271089218
AOI-0012,2016-08-06,озимая пшеница,0.3266485922215489,0.3124626942121445,-0.011058774548415938,0.3,-0.021491525431640852,0.2,0.3048467567612916
AOI-0012,2017-04-03,озимая пшеница,0.2924632138394587,0.31430626382664484,0.0102553865786034,0.3,-0.017271194199236443,0.2,0.31392864096037854
AOI-0012,2017-04-07,озимая пшеница,0.44532547716258275,0.4592429262841395,0.024492360695984535,0.3,-0.0023942925540148888,0.2,0.4661117759821319
AOI-0012,2017-05-06,озимая пшеница,0.6409436539641576,0.6474064397186673,-0.0022475942046225285,0.3,0.04852735147422952,0.2,0.6564376317521264
AOI-0012,2017-07-24,озимая пшеница,0.2060159761960298,0.20685418107994322,0.023936668923053666,0.3,0.017284265113416693,0.2,0.21749203477954265
AOI-0012,2017-08-01,озимая пшеница,0.16586731430244211,0.15626292339777045,0.007525752296251816,0.3,-0.008158900765953478,0.2,0.15688886893345533
AOI-0012,2017-08-04,озимая пшеница,0.17369685280795566,0.1791626396843989,0.018090095800349263,0.3,0.0077155752317756565,0.2,0.18613278347085882
AOI-0012,2017-08-13,озимая пшеница,0.2487638291203816,0.2560294622658093,0.02876462894634475,0.3,0.03849724236581738,0.2,0.2723582994228762
AOI-0012,2017-08-14,озимая пшеница,0.15358454658996856,0.16101073458514445,0.02735854732545948,0.3,0.017778602723331784,0.2,0.17277401932744865
AOI-0012,2017-08-17,озимая пшеница,0.17450377842525502,0.17228785113589845,0.020494496279490165,0.3,0.01583828135272569,0.2,0.18160385629029063
AOI-0012,2017-09-05,озимая пшеница,0.1772441790529588,0.17576680254619959,0.011724613290823794,0.3,0.01593251126881145,0.2,0.182470688787209
AOI-0012,2017-09-08,озимая пшеница,0.1913432169338239,0.19704534544528124,0.018677108579086627,0.3,0.018449464397646883,0.2,0.2063383708985366
AOI-0012,2017-09-30,озимая пшеница,0.2567300165576436,0.26569838013605657,0.01602847384680605,0.3,0.007558836244621834,0.2,0.27201868953902275
AOI-0012,2017-10-04,озимая пшеница,0.19203984949867253,0.1929730349462332,0.013721879918112256,0.3,0.017755757651121175,0.2,0.2006407504518911
AOI-0012,2018-04-11,озимая пшеница,0.5613657004493748,0.5646161692670545,-0.024287134089328647,0.3,0.04678699186946763,0.2,0.5666874274141493
AOI-0012,2018-05-24,озимая пшеница,0.8686841612876123,0.8728474318005035,0.002599387728719653,0.3,-0.057317081046243154,0.2,0.8621638319098708
AOI-0012,2018-05-25,озимая пшеница,0.8246811273751287,0.792167237922515,-0.03973522474194018,0.3,-0.05919348136072842,0.2,0.7684079742277872
AOI-0012,2018-06-09,озимая пшеница,0.5951075272859107,0.5934425448130319,0.0018929027377804506,0.3,0.01948662707034935,0.2,0.5979077410484359
AOI-0012,2018-09-13,озимая пшеница,0.1757875077709402,0.17556418031802762,0.006288954909362006,0.3,0.00048762387198477195,0.2,0.17754839156523317
AOI-0012,2018-09-30,озимая пшеница,0.25736079771916476,0.2619615044130942,0.016432135841458775,0.3,0.011628057443555249,0.2,0.2692167566542429
AOI-0012,2019-04-01,озимая пшеница,0.4000376946031584,0.4247038226366891,0.014423252483609327,0.3,0.024527645071728603,0.2,0.4339363273961176
AOI-0012,2019-06-07,озимая пшеница,0.5639701289586561,0.564428782024917,0.011814586471383042,0.3,0.025315427039195797,0.2,0.573036243374171
AOI-0012,2019-06-17,озимая пшеница,0.2476131667613629,0.2520049887393865,0.01942613386695836,0.3,-0.0010273296601410735,0.2,0.2576273629674458
AOI-0012,2019-06-28,озимая пшеница,0.2004716603340996,0.20887406395914354,0.026804154307441364,0.3,0.02614386311210764,0.2,0.22214408287379747
AOI-0012,2019-07-22,озимая пшеница,0.19303436933762408,0.1696477022594504,-0.02659036547668091,0.3,-0.022585478871352583,0.2,0.1571534968421756
AOI-0012,2019-08-13,озимая пшеница,0.29891291993498326,0.3079854963312556,0.029830568551533754,0.3,0.05536237374879034,0.2,0.3280071416464738
AOI-0012,2019-09-13,озимая пшеница,0.19463382688984776,0.19882327085619822,0.004668320837836124,0.3,0.0022793097781011,0.2,0.20067962906316927
AOI-0012,2020-04-02,озимая пшеница,0.3982278851483153,0.42196011106610776,0.019011682294911122,0.3,0.02732249391989592,0.2,0.4331281145385603
AOI-0012,2020-04-25,озимая пшеница,0.6939838755644472,0.6899561230040645,-0.01936365528237818,0.3,0.018124925023123514,0.2,0.6877720114239758
AOI-0012,2020-05-15,озимая пшеница,0.6526646471004051,0.6462697047104266,-0.01880103660232058,0.3,0.035018031347318124,0.2,0.647632999999194
AOI-0012,2020-06-09,озимая пшеница,0.48932667757492676,0.4651424068306955,-0.008793010615347836,0.3,-0.029654028948565947,0.2,0.456573697856378
AOI-0012,2020-06-26,озимая пшеница,0.19179946061148134,0.19344056012701324,0.011374020419059699,0.3,0.0032317110117226476,0.2,0.19749910845507568
AOI-0012,2020-07-24,озимая пшеница,0.1658876768634455,0.1699589964917895,0.017390836244270614,0.3,0.010213110693058768,0.2,0.17721886950368243
AOI-0012,2020-08-03,озимая пшеница,0.163925536331966,0.1637741687020205,0.020920559164632663,0.3,0.008576815067396836,0.2,0.17176569946488965
AOI-0012,2020-08-05,озимая пшеница,0.16384971395854778,0.17000559739379584,0.023186873048104854,0.3,0.013956207522195802,0.2,0.17975290081266646
AOI-0012,2020-08-12,озимая пшеница,0.2545967409630027,0.2610279856611698,0.01835536954202972,0.3,0.041376997278758924,0.2,0.2748099959795305
AOI-0012,2020-09-09,озимая пшеница,0.15965176745699622,0.16429289078339834,0.019094285681067132,0.3,0.011011301401565695,0.2,0.17222343676803162
AOI-0012,2020-09-12,озимая пшеница,0.15510874565360278,0.15401170173717532,0.007756482286559949,0.3,0.016692645449893344,0.2,0.15967717551312197
AOI-0012,2020-09-22,озимая пшеница,0.14439194791294685,0.14939933893913768,0.018200925584659553,0.3,0.02377021725113445,0.2,0.15961366006476244
AOI-0012,2020-09-26,озимая пшеница,0.1450455347320787,0.14944379465417523,0.021439315620214085,0.3,0.018392382535421154,0.2,0.15955406584732368
AOI-0012,2020-10-17,озимая пшеница,0.161185630629808,0.17119850780877832,0.0007734903611096066,0.3,0.013185490152899233,0.2,0.17406765294769105
AOI-0012,2021-05-08,озимая пшеница,0.3675139636309326,0.3800493883840323,0.009765061818459618,0.3,-0.008652227480694859,0.2,0.3812484614334312
AOI-0012,2021-05-25,озимая пшеница,0.3661997543435946,0.361518390959568,0.04979218661338008,0.3,0.12,0.2,0.40045604694358206
AOI-0012,2021-06-06,озимая пшеница,0.2264363845114721,0.24094756082619573,0.026973893228151694,0.3,0.005795491302822181,0.2,0.2501988270552057
AOI-0012,2021-06-26,озимая пшеница,0.262399091047017,0.26436809128828154,0.016878378282538735,0.3,0.0008018148284506277,0.2,0.2695919677387333
AOI-0012,2021-07-16,озимая пшеница,0.14121136452414185,0.14280191724019653,0.01232487965274658,0.3,0.022765475136753522,0.2,0.15105247616337122
AOI-0012,2021-07-21,озимая пшеница,0.1435889119680096,0.14222338769509466,0.01221180902021594,0.3,0.018328617060110325,0.2,0.1495526538131815
AOI-0012,2021-07-24,озимая пшеница,0.15387832221852904,0.15243989783238074,0.01753221358772083,0.3,0.01553632835609858,0.2,0.1608068275799167
AOI-0012,2021-08-18,озимая пшеница,0.19130362059069356,0.18881373170820218,0.0008079506710173172,0.3,-0.004582720613883435,0.2,0.18813957278673069
AOI-0012,2021-08-25,озимая пшеница,0.17280454570961698,0.18108532710148978,0.022418390931065905,0.3,0.010150949336852781,0.2,0.1898410342481801
AOI-0012,2021-08-30,озимая пшеница,0.2142818410371769,0.209174188912272,0.0004162153367116466,0.3,-0.007673186518075778,0.2,0.20776441620967032
AOI-0012,2021-09-07,озимая пшеница,0.18386222941141545,0.1907112447475885,0.03299295416480273,0.3,0.016184772128943183,0.2,0.20384608542281796
AOI-0012,2022-06-06,озимая пшеница,0.8130334635420841,0.8197861681366893,-0.0049380156496410905,0.3,0.01455562038133661,0.2,0.8212158875180643
AOI-0012,2022-06-19,озимая пшеница,0.6428612972235404,0.6389584852986235,-0.025314495453688895,0.3,0.02074115185766969,0.2,0.6355123670340508
AOI-0012,2022-07-01,озимая пшеница,0.20650600036264052,0.20950205237810154,0.007551653894436486,0.3,-0.002264561204021683,0.2,0.21131463630562813
AOI-0012,2022-07-28,озимая пшеница,0.25635741510827276,0.2630835042099012,0.021392045532662086,0.3,0.04013619090838491,0.2,0.2775283560513768
AOI-0012,2022-08-28,озимая пшеница,0.308290989600049,0.2978113226284219,-0.005125517215265068,0.3,-0.0016363200941903508,0.2,0.2959464034450043
AOI-0012,2022-09-08,озимая пшеница,0.26635543007656365,0.2663186840810789,0.02044406665625815,0.3,0.006307233605188875,0.2,0.2737133507989941
AOI-0012,2022-09-14,озимая пшеница,0.23130435062865262,0.2365491149897495,0.008959506057772865,0.3,0.0065759803884682805,0.2,0.24055216288477502
AOI-0012,2023-04-10,озимая пшеница,0.6610155264377215,0.6750086394583371,-0.025211589908513122,0.3,0.05143190090619469,0.2,0.6777315426670222
AOI-0012,2023-06-06,озимая пшеница,0.7673637647735432,0.778150640535098,0.009437984655883361,0.3,0.0247454908102222,0.2,0.7859311340939075
AOI-0012,2023-06-23,озимая пшеница,0.3686349281918143,0.37822536676454105,0.013819558409496172,0.3,0.005064147303292519,0.2,0.3833840637480484
AOI-0012,2023-07-26,озимая пшеница,0.1633736924422625,0.15665238081437796,0.002439192051083211,0.3,0.0034282592832806332,0.2,0.15806979028635904
AOI-0012,2023-08-05,озимая пшеница,0.15340819906193393,0.14737271375444982,0.006942892350857825,0.3,0.010694647439088384,0.2,0.15159451094752485
AOI-0012,2023-08-15,озимая пшеница,0.1545663347502938,0.1540900241575055,0.008295644334451176,0.3,0.011559978611728904,0.2,0.15889071318018663
AOI-0012,2023-10-07,озимая пшеница,0.17635074565210754,0.18197649053918277,0.01200975126148926,0.3,0.01917365637579264,0.2,0.18941414719278807
AOI-0012,2023-10-11,озимая пшеница,0.22315141440019526,0.23276822854405083,0.015431440907281265,0.3,0.011412173122862102,0.2,0.23968009544080762
AOI-0012,2024-04-01,озимая пшеница,0.5055003544535301,0.5307389771519786,0.006271667182038571,0.3,0.08728827761330432,0.2,0.550078132829251
AOI-0012,2024-04-06,озимая пшеница,0.7257292189776108,0.7158902121172342,-0.04111098861951721,0.3,-0.03540049462554923,0.2,0.6964768166062693
AOI-0012,2024-05-08,озимая пшеница,0.8300894081435453,0.8085006232289121,-0.040427802534027966,0.3,-0.045150088051974395,0.2,0.7873422648583088
AOI-0012,2024-05-09,озимая пшеница,0.8024918522287817,0.7969996287029545,-0.026397641560062437,0.3,-0.04023607072072239,0.2,0.7810331220907913
AOI-0012,2024-06-17,озимая пшеница,0.29300649852855504,0.2942501811753064,0.012903634172246086,0.3,0.014347414217259418,0.2,0.3009907542704321
AOI-0012,2024-07-08,озимая пшеница,0.1517812805279965,0.15101234273644032,0.0025666063474446736,0.3,0.019904190245539445,0.2,0.15576316268978163
AOI-0012,2024-07-10,озимая пшеница,0.15657961533835996,0.16234505226226217,0.013582037540361,0.3,0.013368402509920616,0.2,0.16909334402635462
AOI-0012,2024-07-20,озимая пшеница,0.13840862884447513,0.13131420652112785,-0.00029776207765122836,0.3,0.018929972602257625,0.2,0.13501087241828402
AOI-0012,2024-08-22,озимая пшеница,0.14975441467490697,0.14442224859425054,0.00985005108621331,0.3,0.020095422970653178,0.2,0.15139634851424516
AOI-0012,2024-10-07,озимая пшеница,0.21112497688754864,0.2210120837975992,0.029642646418133512,0.3,0.016438936449128604,0.2,0.23319266501286498
AOI-0012,2024-10-15,озимая пшеница,0.23836090087539472,0.2535562060526116,0.010702678956179098,0.3,0.01110781942238108,0.2,0.2589885736239415
AOI-0016,2010-04-24,озимая пшеница,0.4614509574013681,0.4630111742199593,-0.01066632050769794,0.3,0.023262250761861898,0.2,0.4644637282200223
AOI-0016,2010-08-29,озимая пшеница,0.5727269242660455,0.5655405430147011,-0.022373103738973405,0.3,-0.014811913626166203,0.2,0.555866229167776
AOI-0016,2011-05-09,озимая пшеница,0.6500049962949899,0.641204868772532,0.030507242703605494,0.3,0.04931904966374235,0.2,0.6602208515163621
AOI-0016,2011-06-06,озимая пшеница,0.7930099943856951,0.8009059573672663,0.020624479178120565,0.3,-0.019449581397354948,0.2,0.8032033848412315
AOI-0016,2011-06-10,озимая пшеница,0.7494899352481245,0.7367524199609643,-0.026999889292868198,0.3,-0.03393731888117929,0.2,0.7218649893968679
AOI-0016,2011-06-30,озимая пшеница,0.7029262066803615,0.709260339968816,0.005569738183983081,0.3,-0.0269840375854092,0.2,0.705534453906929
AOI-0016,2011-07-28,озимая пшеница,0.5620771273046944,0.5627640611013373,0.007159204445237902,0.3,-0.0006778380216490011,0.2,0.5647762548305789
AOI-0016,2012-04-29,озимая пшеница,0.6239083024339361,0.6226700107643375,-0.013464504777680245,0.3,-0.01345140849845313,0.2,0.6159403776313428
AOI-0016,2012-07-11,озимая пшеница,0.7210427253988295,0.7066894823236356,-0.04088665633754699,0.3,-0.057366543166674,0.2,0.6829501767890367
AOI-0016,2012-07-27,озимая пшеница,0.6232674949896477,0.6150860395452833,-0.025319766472714212,0.3,-0.026929419981472635,0.2,0.6021042256071745
AOI-0016,2012-09-11,озимая пшеница,0.5236350851065368,0.5318173495043312,0.006048247826798769,0.3,0.04072208442728105,0.2,0.541776240737827
AOI-0016,2012-10-15,озимая пшеница,0.5362823062890902,0.5365350917133024,0.012134684913432201,0.3,-0.027560516278067305,0.2,0.5346633939317186
AOI-0016,2013-06-03,озимая пшеница,0.7502959137676748,0.7509774963058923,0.003129342103417675,0.3,-0.005910015767213276,0.2,0.750734295783475
AOI-0016,2013-07-28,озимая пшеница,0.6981280280841533,0.6895004056813565,-0.029387171916974427,0.3,-0.05921398870510793,0.2,0.6688414563652426
AOI-0016,2013-08-13,озимая пшеница,0.6732408710982826,0.6604555331137881,-0.03538798363243941,0.3,-0.059924160962492735,0.2,0.6378543058315578
AOI-0016,2013-10-24,озимая пшеница,0.5975940383851468,0.6107950046544766,0.00936367135894203,0.3,0.009660140982629156,0.2,0.615536134258685
AOI-0016,2014-04-07,озимая пшеница,0.5107806105858309,0.5029550876860094,0.0004447765925329585,0.3,-0.015515290325610628,0.2,0.4999854625986472
AOI-0016,2014-05-09,озимая пшеница,0.7637035663517151,0.7528444409694698,0.008985309328034211,0.3,-0.010590779675027738,0.2,0.7534218778328745
AOI-0016,2014-05-21,озимая пшеница,0.7936157783702524,0.7937276202594707,0.013495792377972247,0.3,-0.012686191302013239,0.2,0.7952391197124598
AOI-0016,2014-06-29,озимая пшеница,0.665310224223126,0.670684000693023,0.004026377043339667,0.3,-0.01200675394581117,0.2,0.6694905630168627
AOI-0016,2014-07-08,озимая пшеница,0.6251772874938994,0.6286895739063234,0.0020497108388047277,0.3,-0.01680863321908995,0.2,0.6259427605141469
AOI-0016,2014-07-28,озимая пшеница,0.5900763372218547,0.5772229276367495,-0.03360869159475625,0.3,-0.0295864658331638,0.2,0.5612230269916899
AOI-0016,2015-04-06,озимая пшеница,0.32847027792006545,0.34233801680678055,-0.017550026797778177,0.3,-0.0001048765379323731,0.2,0.3370520334598606
AOI-0016,2015-06-24,озимая пшеница,0.6608508816185158,0.6735072516673913,0.028482175889753773,0.3,0.013612088444045087,0.2,0.6847743221231265
AOI-0016,2015-07-12,озимая пшеница,0.6736684180417043,0.6634878342045993,-0.02918253387086556,0.3,-0.04209169447348188,0.2,0.6463147351486433
AOI-0016,2015-10-07,озимая пшеница,0.3596667917192592,0.37608216083658924,0.019572428441693268,0.3,0.07179568254983824,0.2,0.3963130258790649
AOI-0016,2016-05-25,озимая пшеница,0.557791047141041,0.5625348635867781,0.013159659901389929,0.3,0.02183572474333851,0.2,0.5708499065058628
AOI-0016,2016-06-03,озимая пшеница,0.5263219142145648,0.530891343054727,0.006306428201722923,0.3,0.022328861099323152,0.2,0.5372490437351085
AOI-0016,2016-06-19,озимая пшеница,0.4821064770996025,0.4813114376106409,-0.012884059776873878,0.3,0.040774825368077895,0.2,0.4856011847511943
AOI-0016,2016-07-04,озимая пшеница,0.5245341572252686,0.5311295107564517,0.0032785765247724226,0.3,0.04531579832059753,0.2,0.5411762433780029
AOI-0016,2016-07-05,озимая пшеница,0.5697166586267338,0.578612276048063,0.01095850085517287,0.3,0.013675965857022358,0.2,0.5846350194760193
AOI-0016,2016-07-27,озимая пшеница,0.7641943657756028,0.7551831703040811,-0.013383393117895794,0.3,-0.026374833412191396,0.2,0.745893185686274
AOI-0016,2017-04-03,озимая пшеница,0.2661635633457518,0.27032015587968117,-0.00821340335341091,0.3,0.0065167939991852995,0.2,0.26915949367349495
AOI-0016,2017-04-13,озимая пшеница,0.24121085078205934,0.23574835587952545,-0.006648794615952791,0.3,0.010997648585811318,0.2,0.23595324721190186
AOI-0016,2017-08-09,озимая пшеница,0.5296106980224855,0.5303284781030148,0.02356162139621346,0.3,0.025776198905813574,0.2,0.5425522043030415
AOI-0016,2017-08-11,озимая пшеница,0.5035217085397006,0.49537630310825204,0.012891198833956178,0.3,0.00805479879928248,0.2,0.5008546225182954
AOI-0016,2017-08-17,озимая пшеница,0.4861343318280699,0.48789992237564656,-0.00010806537009387229,0.3,0.02879997814392619,0.2,0.49362749839340364
AOI-0016,2017-09-15,озимая пшеница,0.4346887729147139,0.4288343496832206,0.01800945422478523,0.3,0.045489288790574914,0.2,0.4433350437087712
AOI-0016,2018-04-06,озимая пшеница,0.19596559844247755,0.2163399848437319,0.016425472645467436,0.3,0.0008547395744560966,0.2,0.22143857455226335
AOI-0016,2018-04-07,озимая пшеница,0.2809314052760521,0.2913532555632527,0.013646102450394982,0.3,0.044439550420902495,0.2,0.3043349963825517
AOI-0016,2018-04-11,озимая пшеница,0.17017420728257238,0.1744151262761516,0.014876360334902129,0.3,0.007853096687726515,0.2,0.18044865371416755
AOI-0016,2018-05-16,озимая пшеница,0.3187025179337738,0.3216890926200294,0.009722508967840951,0.3,0.0070952440011996035,0.2,0.32602489411062163
AOI-0016,2018-06-02,озимая пшеница,0.28479340706259615,0.2857351255178389,0.004336110791671338,0.3,-0.033069834408378226,0.2,0.2804219918736647
AOI-0016,2019-04-06,озимая пшеница,0.19960361485311612,0.19800346392611012,-0.0052420421706693135,0.3,-0.0042082618114449265,0.2,0.19558919891262036
AOI-0016,2019-04-21,озимая пшеница,0.2373358656330401,0.231466933005363,-0.00046259874110102846,0.3,-0.010285516128980415,0.2,0.22927105015723662
AOI-0016,2019-05-11,озимая пшеница,0.2397038492329665,0.2309008433241007,-0.011349902437599115,0.3,-0.023340046126089135,0.2,0.22282786336760316
AOI-0016,2019-06-26,озимая пшеница,0.7562039076502594,0.7345376350989598,-0.0415895057376884,0.3,-0.03479545123129895,0.2,0.7151016931313935
AOI-0016,2019-07-06,озимая пшеница,0.5539123681860673,0.5639091135011505,0.028871809009505266,0.3,0.06289163002733397,0.2,0.5851489822094689
AOI-0016,2019-07-17,озимая пшеница,0.7291421729156082,0.708989718962659,-0.003925430193976782,0.3,-0.09225374548708472,0.2,0.689361340807049
AOI-0016,2019-07-28,озимая пшеница,0.7607602698193745,0.7420986190999301,-0.06041662215885298,0.3,-0.05545593369132155,0.2,0.7128824457140099
AOI-0016,2019-08-24,озимая пшеница,0.3165906719554046,0.313723572956135,0.02064728683264841,0.3,0.015764726090480855,0.2,0.32307070422402573
AOI-0016,2019-09-13,озимая пшеница,0.2891341886425738,0.28251039325909816,0.012131020665858618,0.3,0.024359005851414466,0.2,0.2910215006291387
AOI-0016,2019-09-23,озимая пшеница,0.13516102774480437,0.15050537301312655,0.052901006905512776,0.3,0.013765968047177479,0.2,0.16912886869421587
AOI-0016,2020-05-04,озимая пшеница,0.2761970988540223,0.27752879555131205,-0.0006657761861089363,0.3,0.017331604901360195,0.2,0.2807953836757514
AOI-0016,2020-06-26,озимая пшеница,0.7046389106877246,0.6855321690797866,-0.00250332518641599,0.3,-0.010341778309753748,0.2,0.6827128158619111
AOI-0016,2020-07-07,озимая пшеница,0.7818932572993953,0.7892880071812445,-0.0014300804321668538,0.3,-0.015110562873510766,0.2,0.7858368704768922
AOI-0016,2020-08-08,озимая пшеница,0.5131499071263635,0.4961597335017156,-0.014093718421695642,0.3,0.011964877153005234,0.2,0.494324593405808
AOI-0016,2020-08-24,озимая пшеница,0.33522301682703115,0.3551189803860831,0.03415643798067991,0.3,0.044179607905134165,0.2,0.37420183336131385
AOI-0016,2020-08-30,озимая пшеница,0.24712461752774728,0.23566076598062224,0.008344177505988742,0.3,-0.0022751421577316268,0.2,0.23770899080087254
AOI-0016,2020-09-17,озимая пшеница,0.16364608029351402,0.16512869987613898,0.017952094105025986,0.3,0.008169909740500952,0.2,0.17214831005574696
AOI-0016,2020-09-19,озимая пшеница,0.10730910735891236,0.1054118692684342,0.0022935495497259832,0.3,0.013151360985170155,0.2,0.10873020633038602
AOI-0016,2020-10-03,озимая пшеница,0.17398588867096293,0.191666690263241,0.021233545861750133,0.3,0.02664585688517319,0.2,0.2033659253988007
AOI-0016,2020-10-17,озимая пшеница,0.15482595463680943,0.14600679497707109,0.016850945977763713,0.3,0.015355912153800222,0.2,0.15413326120116025
AOI-0016,2021-04-02,озимая пшеница,0.2653005750210856,0.27241018851766513,-0.003073235170377427,0.3,-0.01106680179841614,0.2,0.2692748576068687
AOI-0016,2021-04-15,озимая пшеница,0.47092686679042284,0.45933551025196484,-0.0070326668492626835,0.3,0.026443569938864674,0.2,0.46251442418495897
AOI-0016,2021-05-12,озимая пшеница,0.8470939423698273,0.8349260332791311,-0.006407238136095432,0.3,-0.005908187224639162,0.2,0.8318222243933746
AOI-0016,2021-06-14,озимая пшеница,0.8456815411321417,0.8407425041173819,-0.00950633467081553,0.3,-0.04387924154937909,0.2,0.8291147554062616
AOI-0016,2021-07-14,озимая пшеница,0.19197577371487257,0.1894883645609564,0.012737526301589225,0.3,-0.0030263456482651396,0.2,0.19270435332178015
AOI-0016,2021-07-24,озимая пшеница,0.11621011015879776,0.11953370413770434,0.034266778509944265,0.3,-3.532508631966104e-05,0.2,0.1298066726734237
AOI-0016,2021-08-03,озимая пшеница,0.14944894273419373,0.15860163342072717,0.03566638909818386,0.3,-0.0027829511623836053,0.2,0.1687449599177056
AOI-0016,2021-08-29,озимая пшеница,0.22788027047767512,0.24111009991063648,0.04151087626164888,0.3,0.06334682885856914,0.2,0.266232728560845
AOI-0016,2021-09-17,озимая пшеница,0.1524173360647329,0.15997396694169433,0.04208042828642152,0.3,0.003537243186772284,0.2,0.17330554406497523
AOI-0016,2021-09-29,озимая пшеница,0.21545428196483507,0.21454682094989638,-0.0027950339780461976,0.3,0.004340990154777293,0.2,0.21457650878743798
AOI-0016,2021-10-14,озимая пшеница,0.1659908236473815,0.17321944220287103,0.04320306017326449,0.3,0.008509488239577966,0.2,0.18788225790276597
AOI-0016,2022-06-04,озимая пшеница,0.29936610917614237,0.2924665297817552,-0.024296216486982204,0.3,-0.027256703782359958,0.2,0.27972632407918857
AOI-0016,2022-06-06,озимая пшеница,0.3521964086492115,0.34833101282497575,0.002265207855671663,0.3,-0.03178561335185699,0.2,0.34265345251130586
AOI-0016,2022-07-06,озимая пшеница,0.8400273586677223,0.819251772255336,-0.021160962180224157,0.3,-0.037516682120029884,0.2,0.8054001471772627
AOI-0016,2022-07-19,озимая пшеница,0.8030780510294677,0.7884417850461478,-0.015600706273783706,0.3,-0.048340697750614406,0.2,0.7740934336138898
AOI-0016,2022-07-21,озимая пшеница,0.8352526268147069,0.8193228353401746,-0.014622780742763238,0.3,-0.06684808202342661,0.2,0.8015663847126603
AOI-0016,2022-07-29,озимая пшеница,0.7855268187313938,0.7723280090729038,0.0025629655867422845,0.3,-0.027862413080767673,0.2,0.767524416132773
AOI-0016,2022-08-03,озимая пшеница,0.7871327351600292,0.7704257344120073,-0.0069959385600756,0.3,-0.05937668185413547,0.2,0.7564516164731576
AOI-0016,2022-08-05,озимая пшеница,0.7823563777894098,0.7698675339220843,-0.010798278882903769,0.3,-0.04695787490991281,0.2,0.7572364752752306
AOI-0016,2022-08-08,озимая пшеница,0.6548812468655791,0.643163958908014,0.011029040092492105,0.3,-0.0027587573710852673,0.2,0.6459209194615446
AOI-0016,2022-08-13,озимая пшеница,0.5070710156485985,0.48277618717376325,-0.03354592157377022,0.3,-0.03447483418090353,0.2,0.4658174438654515
AOI-0016,2022-08-23,озимая пшеница,0.38620727077173694,0.38471634923271314,0.013887609418623745,0.3,0.014636679413261128,0.2,0.39180996794095246
AOI-0016,2022-09-27,озимая пшеница,0.17220784313123647,0.17982719031466712,0.02500084161239659,0.3,0.004250255989884341,0.2,0.18817749399636297
AOI-0016,2022-10-19,озимая пшеница,0.15851385155776795,0.16361261453021012,0.02205102873009145,0.3,0.006933270582803184,0.2,0.17161457726579818
AOI-0016,2023-04-11,озимая пшеница,0.7255842632368515,0.7394240189442237,-0.01649508702129755,0.3,-0.00703561413705781,0.2,0.7330683700104229
AOI-0016,2023-05-05,озимая пшеница,0.879690369502931,0.867207834040386,-0.01123962714553425,0.3,-0.009725194367432556,0.2,0.8618909070232392
AOI-0016,2023-05-25,озимая пшеница,0.7839000283738393,0.7599087296840549,-0.03826037191886627,0.3,-0.0321255017886367,0.2,0.7420055177506676
AOI-0016,2023-06-07,озимая пшеница,0.7645453038821228,0.7712724028454728,0.016619181505324796,0.3,0.02604187151231065,0.2,0.7814665315995324
AOI-0016,2023-06-11,озимая пшеница,0.5848094849548822,0.6139935197300987,0.03426730093321977,0.3,0.04788323496514498,0.2,0.6338503570030937
AOI-0016,2023-07-16,озимая пшеница,0.2628611879230591,0.2702090858394187,0.02356459289043339,0.3,0.012070495309442495,0.2,0.27969256276843724
AOI-0016,2023-07-17,озимая пшеница,0.2682027605826869,0.28233627074122497,0.01791618168182538,0.3,0.01850988910821873,0.2,0.2914131030674163
AOI-0016,2023-07-24,озимая пшеница,0.3281567968638137,0.3384561433410533,0.019944403787052808,0.3,0.01764761069079071,0.2,0.34796898661532727
AOI-0016,2023-07-28,озимая пшеница,0.37946735677779136,0.3843129193074134,0.030417604432192248,0.3,0.023472148363941202,0.2,0.3981326303098593
AOI-0016,2023-08-17,озимая пшеница,0.1729668980600772,0.19897574772065446,0.0628731419538273,0.3,0.024958765150818296,0.2,0.2228294433369663
AOI-0016,2023-08-25,озимая пшеница,0.1505687284105214,0.15390437801401088,0.0182812071580437,0.3,-0.0022153049588913196,0.2,0.15894567916964572
AOI-0016,2023-09-07,озимая пшеница,0.15945094560811113,0.1608932019290815,0.020140787340071405,0.3,0.00420591157800297,0.2,0.16777662044670352
AOI-0016,2023-09-26,озимая пшеница,0.1975792189584947,0.21789489314999924,0.04275110517036935,0.3,0.020843327679397058,0.2,0.23488889023698944
AOI-0016,2023-10-16,озимая пшеница,0.22187354999921882,0.2288203440685113,0.02517142648064021,0.3,0.033205858343017716,0.2,0.24301294368130688
AOI-0016,2023-10-19,озимая пшеница,0.15229202096438982,0.15901565859024952,0.03920776140564377,0.3,0.01702895605534859,0.2,0.17418377822301237
AOI-0016,2024-04-26,озимая пшеница,0.39580662693399415,0.3874837275602015,-0.015286596735498502,0.3,-0.0014219217865045811,0.2,0.382613364182251
AOI-0016,2024-05-04,озимая пшеница,0.44297998753635076,0.43340109648519115,0.009416392098497157,0.3,0.00684345232908305,0.2,0.43759470458055694
AOI-0016,2024-05-06,озимая пшеница,0.44467196219699023,0.4328471619533481,0.00829879123996105,0.3,0.009081579805307419,0.2,0.4371531152863979
AOI-0016,2024-05-09,озимая пшеница,0.48870898391247886,0.47534672928484406,-0.011364056991122088,0.3,0.01668384932014393,0.2,0.47527428205153627
AOI-0016,2024-06-05,озимая пшеница,0.33362751812553465,0.34382648997063314,0.026072516414622295,0.3,-0.0017862579252660687,0.2,0.3512909933099666
AOI-0016,2024-06-13,озимая пшеница,0.30546982568097114,0.30931776783817083,0.0037758171365297804,0.3,-0.009111677091166878,0.2,0.3086281775608964
AOI-0016,2024-06-24,озимая пшеница,0.2940053492344289,0.3123100021781203,0.034388217326778714,0.3,0.04175763763246154,0.2,0.3309779949026463
AOI-0016,2024-07-10,озимая пшеница,0.24014558339218023,0.23649265045237633,0.005553095671835693,0.3,-0.01894437434501932,0.2,0.23436970428492318
AOI-0016,2024-07-18,озимая пшеница,0.2102779138767194,0.2102302697484394,0.016609866703709307,0.3,0.009567365693177898,0.2,0.21712670289818775
AOI-0016,2024-09-11,озимая пшеница,0.14997963764177796,0.14859433597048474,0.02289052148331785,0.3,0.010355019656002832,0.2,0.15753249634668068
AOI-0016,2024-09-16,озимая пшеница,0.16857091575999902,0.16976901470938988,0.02808450092396769,0.3,0.0008072027054255885,0.2,0.17835580552766528
AOI-0016,2024-10-07,озимая пшеница,0.20534880794671956,0.2235565697804083,0.0426768591067059,0.3,0.021525101195919008,0.2,0.24066464775160387
AOI-0016,2024-10-30,озимая пшеница,0.2216793855900887,0.2331523287494549,0.026940026894022282,0.3,0.015241665050331019,0.2,0.2442826698277278
AOI-0018,2010-07-12,озимая пшеница,0.738045759048201,0.7155877237388046,-0.020937908130574678,0.3,-0.05543303064705786,0.2,0.6982197451702207
AOI-0018,2010-08-29,озимая пшеница,0.5876884824471929,0.570292107840633,-0.039513665550551864,0.3,-0.03471418249284,0.2,0.5514951716768994
AOI-0018,2010-09-30,озимая пшеница,0.47887874880059,0.46184501452082277,-0.02150745252124448,0.3,-0.04777676449082617,0.2,0.4458374258662842
AOI-0018,2011-04-26,озимая пшеница,0.2571154737626804,0.2541672735160122,0.0017011061991896803,0.3,0.03428819966571713,0.2,0.26153524530891253
AOI-0018,2011-05-21,озимая пшеница,0.6261093762859705,0.6152043726553655,-0.01645812864595549,0.3,0.030817567219830044,0.2,0.616430447505545
AOI-0018,2011-05-25,озимая пшеница,0.7880056107157734,0.7725797164473444,0.017314096614584305,0.3,-0.023811685588466615,0.2,0.7730116083140263
AOI-0018,2011-06-22,озимая пшеница,0.8217324603945438,0.8218188038666151,-0.0020148167284218766,0.3,-0.015972919530550654,0.2,0.8180197749419784
AOI-0018,2011-06-26,озимая пшеница,0.7654246572037651,0.73602599056489,-0.04089948818789833,0.3,-0.06295454058144287,0.2,0.7111652359922319
AOI-0018,2011-07-15,озимая пшеница,0.6557334120693884,0.6657542862099287,0.009365791239558104,0.3,-0.005877746280057031,0.2,0.6673884743257847
AOI-0018,2011-07-28,озимая пшеница,0.6331088898018287,0.6221171295097518,-0.008215700457406935,0.3,-0.04309384599196679,0.2,0.6110336501741365
AOI-0018,2011-08-17,озимая пшеница,0.6052000544126349,0.6049234864391568,0.005351739483148423,0.3,-0.00357510310216757,0.2,0.6058139876636679
AOI-0018,2011-10-27,озимая пшеница,0.4180993861947018,0.4263133418172776,0.04086387903414889,0.3,0.05548976199322335,0.2,0.44967045792616694
AOI-0018,2012-04-06,озимая пшеница,0.4367994341787285,0.42916447814348996,-0.011451630819478167,0.3,-0.05286089048526752,0.2,0.41515681080059297
AOI-0018,2012-07-25,озимая пшеница,0.7442562703248429,0.7513227795340439,0.01155294654854851,0.3,-0.021223522880338165,0.2,0.7505439589225409
AOI-0018,2012-07-27,озимая пшеница,0.6682865068956658,0.6427074676782938,-0.047046601202952724,0.3,-0.06398046205618871,0.2,0.6157973949061702
AOI-0018,2012-09-04,озимая пшеница,0.5229903419947307,0.5244955042470528,0.002147232001117599,0.3,0.041914804942777176,0.2,0.5335226348359435
AOI-0018,2012-10-06,озимая пшеница,0.5999027847686331,0.5926465157473351,-0.002965745035968528,0.3,0.009437069143303767,0.2,0.5936442060652053
AOI-0018,2012-10-15,озимая пшеница,0.5821625173863283,0.5551935330612151,0.0039987261220582925,0.3,-0.05205695581744633,0.2,0.5459817597343434
AOI-0018,2013-06-11,озимая пшеница,0.6360697433556688,0.6385069955292911,-0.006500264750502738,0.3,0.0058049884312067965,0.2,0.6377179137903817
AOI-0018,2013-08-13,озимая пшеница,0.7192690989136621,0.6933401965484646,-0.057044418093103046,0.3,-0.05610126667698081,0.2,0.6650066177851376
AOI-0018,2013-08-21,озимая пшеница,0.7066227243080152,0.7071623744648137,0.007525249625371514,0.3,-0.00712499900789738,0.2,0.7079949495508456
AOI-0018,2013-09-22,озимая пшеница,0.5761894917340068,0.5814033926361787,0.013253495420805783,0.3,0.03425839632368974,0.2,0.5922311205271584
AOI-0018,2013-10-16,озимая пшеница,0.6474610101331822,0.6195556840801321,-0.04271726130451646,0.3,-0.08734075436922366,0.2,0.5892723548149325
AOI-0018,2014-05-09,озимая пшеница,0.7678713827614828,0.7428312657083811,-0.0008777466944237351,0.3,-0.06269010985503543,0.2,0.730029919729047
AOI-0018,2014-06-06,озимая пшеница,0.6787319171143066,0.6865225659467417,0.00944962299482741,0.3,0.025261999757700337,0.2,0.69440985279673
AOI-0018,2014-06-10,озимая пшеница,0.6672467384251992,0.6466628020701043,-0.015329386900423816,0.3,-0.05396805912702668,0.2,0.6312703741745718
AOI-0018,2014-09-14,озимая пшеница,0.4797336660993921,0.4667798597509063,-0.01363286002924096,0.3,-0.034872067908938195,0.2,0.4557155881603464
AOI-0018,2015-04-07,озимая пшеница,0.5194701234342617,0.5080059658731026,-0.006911002960386876,0.3,-0.04838271046729177,0.2,0.4962561228915282
AOI-0018,2015-05-23,озимая пшеница,0.7278162426008514,0.7279491703356566,-0.003403305147295153,0.3,-0.025570539644015004,0.2,0.7218140708626651
AOI-0018,2015-05-25,озимая пшеница,0.6865311533223588,0.6646833746053648,-0.017242166005533997,0.3,-0.03549965559537005,0.2,0.6524107936846305
AOI-0018,2015-08-04,озимая пшеница,0.46602088109866446,0.47595002348310794,0.01943023637256598,0.3,0.044641841850077746,0.2,0.4907074627648933
AOI-0018,2015-08-11,озимая пшеница,0.4658895598944296,0.4797034587778567,0.01549374366526498,0.3,0.019358541764033753,0.2,0.48822329023024297
AOI-0018,2015-09-28,озимая пшеница,0.40239400726550956,0.4109488735267842,0.009370529626231415,0.3,0.03116329868840465,0.2,0.4199926921523346
AOI-0018,2016-05-18,озимая пшеница,0.7934047577705723,0.7916162384898582,0.004915232404210883,0.3,0.0012041227015952478,0.2,0.7933316327514405
AOI-0018,2016-06-03,озимая пшеница,0.7387359305155508,0.7458853702579669,0.013170497048057787,0.3,0.02654429541873305,0.2,0.7551453784561307
AOI-0018,2016-06-18,озимая пшеница,0.7264790009210885,0.7299736568481167,0.019582508229786435,0.3,0.004266327482608195,0.2,0.7367016748135743
AOI-0018,2016-07-13,озимая пшеница,0.5815714953491793,0.5855362654739599,-0.010634799038503649,0.3,-0.023476431263906323,0.2,0.5776505395096275
AOI-0018,2016-08-22,озимая пшеница,0.5306966540745532,0.534940296427449,-0.006711788455523604,0.3,0.011618179926785866,0.2,0.5352503958761491
AOI-0018,2016-10-16,озимая пшеница,0.5770377218139404,0.587751278122806,0.02421390078379496,0.3,0.05984555878592911,0.2,0.6069845601151304
AOI-0018,2017-07-12,озимая пшеница,0.6930550239020946,0.6764167771556648,-0.03406332677007873,0.3,-0.06146847920823434,0.2,0.6539040832829943
AOI-0018,2017-08-08,озимая пшеница,0.6523470863072205,0.6584251008203865,0.011795267709902395,0.3,-0.0004932294172187365,0.2,0.6618650352499135
AOI-0018,2017-08-13,озимая пшеница,0.580435562934302,0.5638089674010787,-0.03244668866311227,0.3,-0.02496119435045397,0.2,0.5490827219320542
AOI-0018,2017-09-02,озимая пшеница,0.5854848607505169,0.592014768578088,-0.0033492549189179125,0.3,0.0015463694801096076,0.2,0.5913192659984344
AOI-0018,2017-09-26,озимая пшеница,0.4849875119005568,0.49058041197259694,0.008802878653081513,0.3,0.05178854240526411,0.2,0.5035789840495742
AOI-0018,2017-10-04,озимая пшеница,0.3965434634446835,0.4006548469668776,0.004718775757947566,0.3,0.052943277648211926,0.2,0.41265913522390424
AOI-0018,2017-10-05,озимая пшеница,0.3956777762468858,0.3989961523859046,0.00703451949800411,0.3,0.029016560127521906,0.2,0.4069098202608102
AOI-0018,2017-10-08,озимая пшеница,0.38355642389908284,0.3751278135660969,0.0075665139171111175,0.3,0.001856430933236762,0.2,0.3777690539278776
AOI-0018,2018-06-15,озимая пшеница,0.6070467968037279,0.6044030736439231,0.002524501304090901,0.3,0.029319909351958114,0.2,0.611024405905542
AOI-0018,2018-07-18,озимая пшеница,0.5825075572910425,0.5931905810432525,0.0024685377875382887,0.3,-0.0053381865065581045,0.2,0.5928635050782023
AOI-0018,2018-07-28,озимая пшеница,0.4783780620509212,0.466809043623734,-0.0014816025469759414,0.3,-0.0012540366429392167,0.2,0.4661137555310534
AOI-0018,2018-08-13,озимая пшеница,0.3563887253187332,0.3474944774618124,-0.00010743569416679297,0.3,-0.011677252106488335,0.2,0.3451267963322647
AOI-0018,2018-08-20,озимая пшеница,0.31673620654582246,0.3321560756752816,0.018375185932138972,0.3,0.04275317068192507,0.2,0.34621926559130833
AOI-0018,2018-09-05,озимая пшеница,0.21324012008683757,0.22547235497091722,0.01270826430351258,0.3,0.009520609837117965,0.2,0.2311889562293946
AOI-0018,2018-10-07,озимая пшеница,0.2161998837020607,0.21854459913530822,0.01475687052881838,0.3,0.008209359002415009,0.2,0.22461353209443674
AOI-0018,2019-04-28,озимая пшеница,0.46853511737986236,0.46583721502976655,0.018458659790603026,0.3,0.011985206676094363,0.2,0.47377185430216634
AOI-0018,2019-05-02,озимая пшеница,0.39136811695920976,0.4115746007455202,0.046687939722043124,0.3,0.045886234017138885,0.2,0.434758229465561
AOI-0018,2019-05-06,озимая пшеница,0.30496401331393413,0.30645518112585984,0.021807168855698812,0.3,-0.02748654726804157,0.2,0.3075000223289612
AOI-0018,2019-05-13,озимая пшеница,0.22904434243026112,0.23525690307864147,0.02173903498352901,0.3,0.02550223832486001,0.2,0.24687906123867218
AOI-0018,2019-05-18,озимая пшеница,0.27635325172967695,0.2831358483278305,0.011567674432745745,0.3,-0.024578291001609815,0.2,0.28169049245733224
AOI-0018,2019-05-21,озимая пшеница,0.26820395426590893,0.2684955880837228,0.010831555495681999,0.3,-0.026804735304514587,0.2,0.26638410767152454
AOI-0018,2019-05-25,озимая пшеница,0.4195012055032163,0.4177154521162137,0.04994329672499122,0.3,0.11889474866556107,0.2,0.45647739086682326
AOI-0018,2019-06-25,озимая пшеница,0.2932151905812305,0.2957142804598091,0.010754056669656852,0.3,-0.019472275734649207,0.2,0.2950460423137763
AOI-0018,2019-06-26,озимая пшеница,0.44090454717223093,0.44307782836800746,0.026430551470366295,0.3,0.018375040510319074,0.2,0.4546820019111812
AOI-0018,2019-07-12,озимая пшеница,0.6499941624936167,0.6473844401646337,-0.020043948893636327,0.3,-0.04222380528719173,0.2,0.6329264944391045
AOI-0018,2019-08-29,озимая пшеница,0.5441366886050438,0.5302421718791054,-0.02828577580922063,0.3,-0.027499275163605747,0.2,0.5162565841036181
AOI-0018,2019-09-03,озимая пшеница,0.4462084102723772,0.44767302772564155,0.006037282530884239,0.3,0.0170348862747636,0.2,0.45289118973985953
AOI-0018,2019-09-10,озимая пшеница,0.3335496083540604,0.3389248004845961,0.012603183032125546,0.3,0.005750432704652946,0.2,0.34385584193516433
AOI-0018,2019-10-10,озимая пшеница,0.2716073123773694,0.25874069768116065,0.006016701974737957,0.3,0.02158477845525083,0.2,0.2648626639646322
AOI-0018,2019-10-13,озимая пшеница,0.26749897124620126,0.2546688312489381,0.0070577760820700825,0.3,0.01764697334796391,0.2,0.2603155587431519
AOI-0018,2020-06-11,озимая пшеница,0.5597927789456636,0.5620425622534911,0.025039233423220016,0.3,0.03790177059837586,0.2,0.5771346864001323
AOI-0018,2020-06-25,озимая пшеница,0.31911099429907175,0.3181919272854557,0.006534222528595015,0.3,0.028860587790523206,0.2,0.32592431160213886
AOI-0018,2020-07-14,озимая пшеница,0.1623210017580207,0.1697051803117173,0.017490804865541543,0.3,0.01035048107648236,0.2,0.17702251798667623
AOI-0018,2020-08-20,озимая пшеница,0.1473631229417353,0.15246302628551667,0.02146780512592252,0.3,0.020570729459617028,0.2,0.16301751371521683
AOI-0018,2020-09-02,озимая пшеница,0.15745740205497588,0.16944207121826532,0.02295038663950223,0.3,0.010816354502804798,0.2,0.17849045811067693
AOI-0018,2020-09-04,озимая пшеница,0.12953518918564097,0.136552568110209,0.022197224009619234,0.3,0.02007014941314505,0.2,0.14722576519572375
AOI-0018,2020-09-12,озимая пшеница,0.1845047783960353,0.18057135677188724,0.013034090231331192,0.3,0.005104497764662002,0.2,0.18550248339421901
AOI-0018,2020-09-26,озимая пшеница,0.16511137543128585,0.17324295621902183,0.017259969514238752,0.3,0.009248412618909277,0.2,0.1802706295970753
AOI-0018,2020-10-07,озимая пшеница,0.15644704994766623,0.1522603064382622,0.016347994879768544,0.3,0.01727413952147392,0.2,0.16061953280648752
AOI-0018,2020-10-09,озимая пшеница,0.16020592422016725,0.15711030650095575,0.014962373682773835,0.3,0.014655718909982449,0.2,0.1645301623877844
AOI-0018,2020-10-27,озимая пшеница,0.15773779271390834,0.16585494554675959,0.03341612312465262,0.3,0.03137671503178225,0.2,0.18215512549051183
AOI-0018,2021-04-02,озимая пшеница,0.2326691134842942,0.2272622446524093,0.020597696042783,0.3,0.005264239447693169,0.2,0.23449440135478283
AOI-0018,2021-04-07,озимая пшеница,0.5582537450709701,0.5532673002907633,0.0016701669016203876,0.3,-0.0535748653133669,0.2,0.5430533772985761
AOI-0018,2021-05-09,озимая пшеница,0.843771534393233,0.810771534393233,-0.030831201491025594,0.3,-0.060719886189413444,0.2,0.7893781967080425
AOI-0018,2021-05-12,озимая пшеница,0.8512291677297124,0.8364063419247819,-0.0026744745347252975,0.3,-0.0250530067226363,0.2,0.8305933982198371
AOI-0018,2021-05-20,озимая пшеница,0.8757466788573485,0.856260751110402,-0.017596970335798597,0.3,-0.0275948780203719,0.2,0.8454626844055881
AOI-0018,2021-05-23,озимая пшеница,0.8925595969376192,0.8843724273925659,-0.01651513631601603,0.3,-0.03408682023004529,0.2,0.872600522451752
AOI-0018,2021-06-14,озимая пшеница,0.8364627323976144,0.8257113824106989,-0.014466197133497099,0.3,-0.03265418191888636,0.2,0.8148406868868725
AOI-0018,2021-07-19,озимая пшеница,0.1958779614167875,0.19460722563410146,0.008757620281879354,0.3,0.0017663166223784005,0.2,0.19758777504314096
AOI-0018,2021-07-28,озимая пшеница,0.28029651865332184,0.2881849826394648,0.028085410203008813,0.3,0.08132627690051505,0.2,0.3128758610804705
AOI-0018,2021-08-12,озимая пшеница,0.11473585290727042,0.10222526787901423,-0.034368423577813605,0.3,0.04446072333772292,0.2,0.10080688547321473
AOI-0018,2021-08-23,озимая пшеница,0.21484252134901105,0.2254516732298547,0.014759184733745313,0.3,0.00371822186896468,0.2,0.23062307302377122
AOI-0018,2021-08-25,озимая пшеница,0.2111163972087568,0.22409208511460943,0.01740422627114553,0.3,0.005458480380951322,0.2,0.23040504907214335
AOI-0018,2021-08-29,озимая пшеница,0.31398074175240287,0.3290927365687564,0.017071106784210546,0.3,0.042541222525819655,0.2,0.3427223131091835
AOI-0018,2021-09-13,озимая пшеница,0.22602514272681043,0.25425388739941635,0.037545347341795446,0.3,0.021414002485907677,0.2,0.26980029209913653
AOI-0018,2021-10-27,озимая пшеница,0.2217526665611989,0.2207896415402613,0.01209406555763438,0.3,0.017511898903754687,0.2,0.22792024098830255
AOI-0018,2022-04-05,озимая пшеница,0.1861671480180503,0.19664063343701316,-0.022307824721550597,0.3,0.028997080725026308,0.2,0.19574770216555323
AOI-0018,2022-04-08,озимая пшеница,0.2201227641112627,0.23684307640013003,0.005477997318138477,0.3,0.05095212443147501,0.2,0.24867690048186658
AOI-0018,2022-05-20,озимая пшеница,0.3480707469974681,0.3329614182060022,-0.01775959364868238,0.3,-0.05719713531440444,0.2,0.31619411304851663
AOI-0018,2022-06-04,озимая пшеница,0.3927333554927864,0.4037828894830628,-0.008939607058494801,0.3,-0.023389949666103173,0.2,0.3964230174322937
AOI-0018,2022-06-08,озимая пшеница,0.5334460132825489,0.5439933531247862,0.017272482988618987,0.3,0.02271538265646526,0.2,0.553718174552665
AOI-0018,2022-06-19,озимая пшеница,0.7000623013941136,0.7050452494697091,-0.008539651531659209,0.3,-0.011780212037543208,0.2,0.7001273116027027
AOI-0018,2022-06-24,озимая пшеница,0.7245293790335858,0.722487197695367,-0.022812094437381563,0.3,-0.02295099738971639,0.2,0.7110533698862093
AOI-0018,2022-07-22,озимая пшеница,0.8023783617033302,0.8018852686394526,-0.025011123750005828,0.3,-0.052053051815075566,0.2,0.7839713211514358
AOI-0018,2022-07-30,озимая пшеница,0.8077045295265997,0.7986791643166031,-0.023475559099882675,0.3,-0.04023451705737181,0.2,0.783589593175164
AOI-0018,2022-08-10,озимая пшеница,0.6707773911604207,0.6606421035696745,-0.0015037929815060564,0.3,-0.009123187634649635,0.2,0.6583663281482927
AOI-0018,2022-08-28,озимая пшеница,0.33402646176439854,0.3283885553880802,-0.0006526897660887867,0.3,-0.011236084713019874,0.2,0.3259455315156496
AOI-0018,2022-08-31,озимая пшеница,0.2953018480224665,0.32110040789771094,0.02564819562271626,0.3,0.05263227119287252,0.2,0.33932132082310035
AOI-0018,2022-10-19,озимая пшеница,0.14568698828944518,0.14613859991240583,0.017765345658973624,0.3,0.01868051860119149,0.2,0.15520430733033622
AOI-0018,2023-04-04,озимая пшеница,0.6814350299526566,0.6765097415841171,-0.014162471028569431,0.3,-0.006305970383802026,0.2,0.670999806198786
AOI-0018,2023-04-10,озимая пшеница,0.6684041956704074,0.6665921103004461,-0.02783284470898217,0.3,-0.0011874559786278272,0.2,0.6580047656920258
AOI-0018,2023-05-09,озимая пшеница,0.9045392624326165,0.8715392624326165,-0.04292274212133388,0.3,-0.041918578452696684,0.2,0.8502787241056771
AOI-0018,2023-05-15,озимая пшеница,0.9218585241213364,0.9014621503142802,-0.020588351828804956,0.3,-0.03210635356727498,0.2,0.8888643740521838
AOI-0018,2023-05-25,озимая пшеница,0.8588330868528106,0.8258330868528105,-0.05397939508428357,0.3,-0.07469320516077244,0.2,0.7947006272953709
AOI-0018,2023-06-24,озимая пшеница,0.3742349521110774,0.3715637277005377,0.009737856887994327,0.3,-0.017430338805406686,0.2,0.37099901700585464
AOI-0018,2023-07-06,озимая пшеница,0.33874019592651183,0.32856714724487146,-0.022740543811853652,0.3,-0.04846135632645825,0.2,0.3120527128360237
AOI-0018,2023-07-16,озимая пшеница,0.2561702791540575,0.2736249767165683,0.02036701187451721,0.3,0.02011918241978502,0.2,0.28375891676288045
AOI-0018,2023-07-24,озимая пшеница,0.32016399475800905,0.3437219576316053,0.01861867452326108,0.3,0.04066237361228848,0.2,0.3574400347110413
AOI-0018,2023-08-02,озимая пшеница,0.23543743383410054,0.2545059870933075,0.026855523580715305,0.3,0.07308657049499724,0.2,0.2771799582665216
AOI-0018,2023-08-30,озимая пшеница,0.1992867371820708,0.19785046154511624,6.820394182873238e-07,0.3,-0.012559281209632445,0.2,0.19533880991501523
AOI-0018,2023-09-12,озимая пшеница,0.1568435766634907,0.16526828403815624,0.03647112314003014,0.3,0.024005072902130477,0.2,0.18101063556059138
AOI-0018,2023-09-18,озимая пшеница,0.22020871376471263,0.24437912365295528,0.04133164192487079,0.3,0.017794071702921264,0.2,0.2603374305710008
AOI-0018,2023-10-12,озимая пшеница,0.17866747204116748,0.18615958031996055,0.027963939241169942,0.3,0.004259064689836592,0.2,0.19540057503027886
AOI-0018,2023-10-19,озимая пшеница,0.15781887726589572,0.1639227971822099,0.03458833477174455,0.3,0.024306122615658975,0.2,0.17916052213686504
AOI-0018,2024-04-05,озимая пшеница,0.23307819861174012,0.25622113096172144,0.019558466288520007,0.3,0.05431787768291437,0.2,0.2729522463848604
AOI-0018,2024-04-29,озимая пшеница,0.2419330294947843,0.26674176814241163,0.020603780167286926,0.3,0.0687724054557843,0.2,0.2866773832837545
AOI-0018,2024-05-07,озимая пшеница,0.3985951100408365,0.39258177470460476,-0.026315831489918676,0.3,-0.03399475401588555,0.2,0.37788807445445205
AOI-0018,2024-06-17,озимая пшеница,0.8102981295499071,0.7990641190585788,-0.02757770235381121,0.3,-0.05674705654601851,0.2,0.7794413970432317
AOI-0018,2024-06-25,озимая пшеница,0.6706352325166832,0.6376352325166832,-0.07531149965139261,0.3,-0.04885153195677141,0.2,0.6052714762299112
AOI-0018,2024-06-28,озимая пшеница,0.7349974171373475,0.7282878920193722,-0.015999035631593172,0.3,0.0005093518629819816,0.2,0.7235900517024906
AOI-0018,2024-07-05,озимая пшеница,0.6648494172175636,0.6446087088312119,-0.030436456030471497,0.3,-0.015280440173859261,0.2,0.6324216839872986
AOI-0018,2024-08-03,озимая пшеница,0.5070047605893411,0.5146138474987008,0.01646499188554106,0.3,0.021946451423632843,0.2,0.5239426353490897
AOI-0018,2024-08-20,озимая пшеница,0.302566250102353,0.3210597027801182,0.02191371438156262,0.3,0.05677606118631826,0.2,0.33898902933185066
AOI-0018,2024-09-20,озимая пшеница,0.22052941319515215,0.23263373894395192,0.027947059433442206,0.3,0.017538761196830503,0.2,0.2445256090133507
AOI-0018,2024-09-23,озимая пшеница,0.16247505127955225,0.17209764525511975,0.022040256524593755,0.3,0.04531008541754915,0.2,0.1877717392960077
AOI-0018,2024-10-01,озимая пшеница,0.14386419772232129,0.1381874995260715,0.01518486690162851,0.3,0.030448304338619465,0.2,0.14883262046428394
AOI-0018,2024-10-30,озимая пшеница,0.18687177455555914,0.20339173607744365,0.034777803219647366,0.3,0.028334435773619205,0.2,0.21949196419806172
AOI-0024,2010-04-23,подсолнечник,0.2736696655716858,0.27256803518907935,0.004533970716153417,0.2,0.00907310154196588,0.3,0.2761967597948998
AOI-0024,2010-06-19,подсолнечник,0.3188146320122318,0.3016895379560561,-0.017527441471112164,0.2,-0.043910919155688476,0.3,0.2850107739151271
AOI-0024,2010-07-28,подсолнечник,0.7623778656285443,0.7464149801055743,-0.0536339136078711,0.2,-0.03350587998477007,0.3,0.725636433388569
AOI-0024,2010-10-16,подсолнечник,0.2978763503770546,0.2939110910752868,-0.0030426116206318755,0.2,-0.0031236674559144057,0.3,0.29236546851438605
AOI-0024,2011-06-14,подсолнечник,0.290336385457431,0.2954513693362679,0.04127904301429037,0.2,0.05538792781852031,0.3,0.32032355628468206
AOI-0024,2011-06-26,подсолнечник,0.41448180730613865,0.437051180087862,0.04988408116277988,0.2,0.025500035511618818,0.3,0.4546780069739036
AOI-0024,2011-07-16,подсолнечник,0.45970824316020537,0.4638743493600922,0.006344639535686108,0.2,0.0272494709745456,0.3,0.4733181185595931
AOI-0024,2011-09-14,подсолнечник,0.4787749771732833,0.46789512823840573,-0.026724098678600042,0.2,-0.01803971592445534,0.3,0.45713839372534915
AOI-0024,2011-10-16,подсолнечник,0.38666380284576274,0.40075685821423795,0.02922079404223839,0.2,-0.008958875761474567,0.3,0.40391335429424324
AOI-0024,2012-04-04,подсолнечник,0.1614022103810408,0.1484797118530575,-0.019303091527072633,0.2,0.002592736800287237,0.3,0.14539691458772913
AOI-0024,2012-04-06,подсолнечник,0.33160281938978287,0.33207435946576097,0.01592750339877439,0.2,0.01962294103846232,0.3,0.34114674245705456
AOI-0024,2012-06-23,подсолнечник,0.533052520553168,0.5243071791584308,-0.017701461191310233,0.2,0.007790953788988907,0.3,0.5231041730568655
AOI-0024,2012-07-18,подсолнечник,0.3131326944745479,0.3135915731725865,0.010718576647879906,0.2,0.020418372302109376,0.3,0.3218608001927953
AOI-0024,2012-08-28,подсолнечник,0.27800788341025917,0.2804295432696005,0.01580367534965953,0.2,0.017039730336289704,0.3,0.28870219744041936
AOI-0024,2012-09-04,подсолнечник,0.21429754668217899,0.21658567888016858,0.013818461859026198,0.2,0.005110370255130724,0.3,0.22088248232851304
AOI-0024,2012-09-13,подсолнечник,0.2934552737344054,0.2906748976165135,0.012289740527437996,0.2,0.01695949810053064,0.3,0.2982206951521603
AOI-0024,2012-09-27,подсолнечник,0.2519635043211294,0.2470174588265708,-7.116227176557407e-05,0.2,0.013844660733393169,0.3,0.25115662459223564
AOI-0024,2013-04-16,подсолнечник,0.22064687224546392,0.20831201301774116,-0.008744108033461592,0.2,0.0021583690211920666,0.3,0.20721070211740647
AOI-0024,2013-06-11,подсолнечник,0.40594981477227987,0.39292514431523556,-0.004537444654597342,0.2,-0.0480960318215494,0.3,0.3775888458378513
AOI-0024,2013-07-20,подсолнечник,0.5627554642885102,0.5722216589856374,0.011852761562765789,0.2,0.021563855513059303,0.3,0.5810613679521083
AOI-0024,2013-07-29,подсолнечник,0.49924615521460414,0.508974184977824,0.010151093225322663,0.2,0.0032091435762284523,0.3,0.5119671466957572
AOI-0024,2013-08-22,подсолнечник,0.390914762894746,0.3926605120195446,0.005974251900118182,0.2,0.0296201427118498,0.3,0.4027414052131232
AOI-0024,2013-09-14,подсолнечник,0.42785681163601497,0.4304620772657381,0.008389246244428515,0.2,0.01501163952484504,0.3,0.4366434183720773
AOI-0024,2014-05-09,подсолнечник,0.7699610948176212,0.7886576023162748,0.014633389071555359,0.2,0.015532869038872615,0.3,0.7962441408422477
AOI-0024,2014-07-12,подсолнечник,0.34279234214477683,0.3496852783844868,0.007585538198113636,0.2,0.019422583147787376,0.3,0.3570291609684457
AOI-0024,2014-08-09,подсолнечник,0.16378951668925162,0.17228190045938974,0.011079645696994742,0.2,0.006549862766903505,0.3,0.17646278842885973
AOI-0024,2014-08-16,подсолнечник,0.17822369846502575,0.18563834906421336,0.013980819516266629,0.2,0.006625501249017928,0.3,0.19042216334217207
AOI-0024,2014-09-30,подсолнечник,0.2305094558395843,0.23127641064174834,0.011643795690788165,0.2,0.017673841430931054,0.3,0.23890732220918529
AOI-0024,2014-10-04,подсолнечник,0.19602083826312605,0.20216428887242016,0.02397271879643448,0.2,0.014242722179221559,0.3,0.21123164928547353
AOI-0024,2015-04-14,подсолнечник,0.35069960734904554,0.3294175976021535,-0.045360921787223216,0.2,-0.03788314164887903,0.3,0.30898047075004514
AOI-0024,2015-07-11,подсолнечник,0.324674849216241,0.3323976444431163,0.01348473628006271,0.2,0.029792347802169356,0.3,0.3440322960397797
AOI-0024,2015-07-12,подсолнечник,0.39313392167342687,0.40062385980798043,0.007453312833980483,0.2,0.011254672853358728,0.3,0.40549092423078414
AOI-0024,2015-07-28,подсолнечник,0.40280606726714446,0.40798794456292925,0.0072036044840762,0.2,0.001030666299080813,0.3,0.4097378653494687
AOI-0024,2015-09-29,подсолнечник,0.23203107985687815,0.22719040926538972,-0.005869013151011015,0.2,0.009785097534365782,0.3,0.22895213589549726
AOI-0024,2016-04-08,подсолнечник,0.2737699791227958,0.26676634051939985,-0.0001235817077001244,0.2,0.009659695340092412,0.3,0.26963953277988756
AOI-0024,2016-04-23,подсолнечник,0.3352519934766129,0.33047188924383114,0.0016650099282071043,0.2,-0.012657256462023345,0.3,0.32700771429086556
AOI-0024,2016-06-19,подсолнечник,0.6736372567801138,0.665535165172393,-0.005970492740058997,0.2,3.5116919672994884e-05,0.3,0.6643516017002831
AOI-0024,2016-08-12,подсолнечник,0.7195376341080888,0.7053335983963003,-0.048232660539095605,0.2,-0.03262756956585923,0.3,0.6858987954187235
AOI-0024,2016-08-22,подсолнечник,0.6235091191478523,0.6287888773475071,0.02474773726234655,0.2,-0.002222859995418135,0.3,0.633071566801351
AOI-0024,2016-08-30,подсолнечник,0.46337516237674226,0.4609236054029053,0.013557485268312953,0.2,0.009839570127487287,0.3,0.46658697349481404
AOI-0024,2016-09-14,подсолнечник,0.3832136304124776,0.38566901686671584,0.01765708521488119,0.2,0.032854552707541104,0.3,0.3990567997219544
AOI-0024,2016-10-16,подсолнечник,0.32056245327643473,0.32141888701909943,0.023858126838595613,0.2,0.05567473282528605,0.3,0.34289293223440437
AOI-0024,2017-04-26,подсолнечник,0.5746669221069785,0.5611893134791073,-0.023885293788708777,0.2,0.002509626510574088,0.3,0.5571651426745378
AOI-0024,2017-05-01,подсолнечник,0.596361930748626,0.5888193899342522,-0.008952833432515492,0.2,0.0021561971592615864,0.3,0.5876756823955276
AOI-0024,2017-05-12,подсолнечник,0.8158253940765452,0.8110736263946323,-0.0067916900719601865,0.2,-0.035916255524721094,0.3,0.798940411722824
AOI-0024,2017-05-29,подсолнечник,0.8344209558570065,0.8308397683153855,0.004485539323379186,0.2,-0.022032958841486663,0.3,0.8251269885276153
AOI-0024,2017-06-13,подсолнечник,0.7527422419357228,0.7528306042410008,0.020422568415646724,0.2,0.03543531369472898,0.3,0.7675457120325488
AOI-0024,2017-06-14,подсолнечник,0.74942917809689,0.7483400451053416,0.018360021830495874,0.2,0.02854259392905924,0.3,0.7605748276501585
AOI-0024,2017-06-29,подсолнечник,0.4054683793108627,0.4094648304146774,0.012397713234656785,0.2,-0.007913181740175685,0.3,0.40957041853955606
AOI-0024,2017-07-07,подсолнечник,0.32851105960259247,0.34085910980536416,0.02764671640655868,0.2,0.014172919104041526,0.3,0.3506403288178883
AOI-0024,2017-07-15,подсолнечник,0.28111435518322714,0.2862665902067816,0.004773216026756279,0.2,0.02139624264040598,0.3,0.2936401062042546
AOI-0024,2017-08-01,подсолнечник,0.1808282111858024,0.1846925616011086,0.018001290263550376,0.2,-0.006647320649556201,0.3,0.18629862345895185
AOI-0024,2017-08-04,подсолнечник,0.18266768031225564,0.19241024970665022,0.013467169586491693,0.2,-0.008190669022749893,0.3,0.19264648291712358
AOI-0024,2017-08-08,подсолнечник,0.1936083280941715,0.21394466936125855,0.0404024579449319,0.2,0.023007837675694604,0.3,0.22892751225295332
AOI-0024,2017-08-16,подсолнечник,0.18793432796633314,0.20542283774614806,0.03825696255879855,0.2,0.023457899280934787,0.3,0.2201116000421882
AOI-0024,2017-08-24,подсолнечник,0.20892966360407164,0.2218729120430285,0.03169524198601809,0.2,0.010157557899331975,0.3,0.23125922781003172
AOI-0024,2017-09-02,подсолнечник,0.1749538336093914,0.18018279969055095,0.02298869556543166,0.2,0.010326483724235332,0.3,0.1878784839209079
AOI-0024,2017-09-05,подсолнечник,0.15788836199600903,0.16130662254724015,0.018075525233287006,0.2,0.01062682510435538,0.3,0.16810977512520417
AOI-0024,2017-09-18,подсолнечник,0.1572141374117792,0.15760699453521987,0.011399655779455339,0.2,0.00755340034133153,0.3,0.1621529457935104
AOI-0024,2017-09-30,подсолнечник,0.22557062992159893,0.22519906689917202,0.0063791366156493315,0.2,0.008691341925801923,0.3,0.22908229680004247
AOI-0024,2018-04-14,подсолнечник,0.22804546093955005,0.22095862238610484,-0.0013794496063521773,0.2,-0.004657018495603672,0.3,0.2192856269161533
AOI-0024,2018-06-24,подсолнечник,0.4234860115164534,0.4207409894420282,0.008270228115507467,0.2,-0.024818215096246703,0.3,0.4149495705362557
AOI-0024,2018-06-25,подсолнечник,0.4087909781741275,0.40393074843553706,0.008092510627542506,0.2,-0.022638476625071978,0.3,0.39875770757352397
AOI-0024,2018-08-19,подсолнечник,0.21279783270936076,0.22268898411934418,0.023342336419323196,0.2,0.009744391451699641,0.3,0.2302807688387187
AOI-0024,2018-09-04,подсолнечник,0.18914662874767216,0.19236933844882825,0.01996546419195098,0.2,0.003546398995594111,0.3,0.19742635098589667
AOI-0024,2018-09-29,подсолнечник,0.1999398633700115,0.20627805767936633,0.018170068484926288,0.2,0.011812367546529711,0.3,0.2134557816403105
AOI-0024,2019-04-01,подсолнечник,0.254277680725465,0.2576298238324951,0.015190826417015274,0.2,0.010577412342745344,0.3,0.26384121281872175
AOI-0024,2019-04-21,подсолнечник,0.45129879796692235,0.4462773521647114,-0.007031790911588928,0.2,-0.01852448859898767,0.3,0.43931364740269735
AOI-0024,2019-05-11,подсолнечник,0.6866044245113315,0.7003580636353663,0.025360753087938604,0.2,0.058914060031043346,0.3,0.7231044322622671
AOI-0024,2019-05-28,подсолнечник,0.8841958149788385,0.8737560493921062,-0.010287119481515224,0.2,-0.033807603661811,0.3,0.8615563443972598
AOI-0024,2019-08-23,подсолнечник,0.19501829143307303,0.1977459356567576,0.0094876428860791,0.2,0.005692588145085628,0.3,0.2013512406774991
AOI-0024,2019-08-24,подсолнечник,0.17764955697437332,0.18317685541929393,0.007346110350772085,0.2,0.007113689822622647,0.3,0.18678018443623515
AOI-0024,2019-09-14,подсолнечник,0.26789557927907726,0.26515161373104024,0.007742699010836366,0.2,0.013506146840390235,0.3,0.2707519975853246
AOI-0024,2019-09-15,подсолнечник,0.16779757988026311,0.17017276709612586,0.009572498559701898,0.2,0.010521085186989899,0.3,0.1752435923641632
AOI-0024,2019-09-16,подсолнечник,0.2230477235817567,0.2292503611955902,0.024109454296583784,0.2,0.012187999528781511,0.3,0.2377286519135414
AOI-0024,2019-10-09,подсолнечник,0.33841481301403836,0.35032460957497846,0.03901182403187036,0.2,0.04252870798630094,0.3,0.3708855867772428
AOI-0024,2019-10-26,подсолнечник,0.3384588196307564,0.3535305232790128,0.0443352965767218,0.2,0.05519830522501272,0.3,0.378957074161861
AOI-0024,2020-04-30,подсолнечник,0.21337532458763603,0.20813616116882858,0.006137205666466868,0.2,-0.004574213853506648,0.3,0.20799133814606996
AOI-0024,2020-05-27,подсолнечник,0.2955014597016453,0.27808633988930453,-0.02611089180274861,0.2,-0.046482763957501824,0.3,0.25891933234150427
AOI-0024,2020-07-07,подсолнечник,0.7053986608363559,0.7013583419431215,-0.009260482838909064,0.2,-0.005201324057313361,0.3,0.6979458481581456
AOI-0024,2020-08-09,подсолнечник,0.38744936179449896,0.3931396447134652,0.005176401993136599,0.2,0.028219598074142416,0.3,0.40264080453433526
AOI-0024,2020-08-12,подсолнечник,0.35879576380065126,0.3612553184841383,0.0010424241064820247,0.2,-0.0017564613755969738,0.3,0.3609368648927556
AOI-0024,2020-09-22,подсолнечник,0.10608303259924617,0.12063614189986256,0.03540971071461852,0.2,0.021691631866205242,0.3,0.13422557360264784
AOI-0024,2020-10-15,подсолнечник,0.22671202910260638,0.2340378209525487,0.027167164441262045,0.2,0.034083054225783435,0.3,0.24969617010853612
AOI-0024,2021-06-10,подсолнечник,0.8093291899822297,0.7910783278055789,-0.0632671391825551,0.2,-0.0755128048476717,0.3,0.7557710585147663
AOI-0024,2021-07-12,подсолнечник,0.2787166369053272,0.2821878077602316,0.012480334122804311,0.2,0.045278625443842715,0.3,0.2982674622179453
AOI-0024,2021-08-03,подсолнечник,0.18146771112598456,0.18598836522436638,0.02018707285597612,0.2,-0.005063861523232933,0.3,0.18850662133859172
AOI-0024,2021-08-12,подсолнечник,0.218712365081619,0.22550626915994396,0.0026797314632047648,0.2,0.011425868407161772,0.3,0.22946997597473343
AOI-0024,2021-08-23,подсолнечник,0.20044461074757414,0.21037577131629737,0.023144925401450227,0.2,-0.01123797134325689,0.3,0.21163336499361035
AOI-0024,2021-08-25,подсолнечник,0.19689168935365228,0.206552111972122,0.021091222469106257,0.2,-0.005684305755629547,0.3,0.20906506473925437
AOI-0024,2022-04-05,подсолнечник,0.5217066994062936,0.5167950168856866,-0.0008197231836857199,0.2,0.012796195499143603,0.3,0.5204699308986925
AOI-0024,2022-05-25,подсолнечник,0.8698253438588888,0.8655451504251038,-0.04829232616148841,0.2,-0.018224585539581107,0.3,0.8504193095309318
AOI-0024,2022-06-04,подсолнечник,0.9101428998609423,0.8986497353382642,-0.01913681366238913,0.2,-0.029212766250665566,0.3,0.8860585427305867
AOI-0024,2022-06-30,подсолнечник,0.35182659996891297,0.35363686793365784,0.01586765512743083,0.2,0.008751574273250715,0.3,0.35943587124111925
AOI-0024,2022-07-01,подсолнечник,0.2929526255319769,0.2929851647185566,0.000450443677160889,0.2,-0.0010189728788798276,0.3,0.29276956159032486
AOI-0024,2022-07-17,подсолнечник,0.24106961848901354,0.24788719204056286,0.02166630265805023,0.2,0.018866966115842647,0.3,0.2578805424069257
AOI-0024,2022-08-22,подсолнечник,0.2644424621552011,0.2770152861576689,0.03631377285547868,0.2,0.02751869680089237,0.3,0.29253364976903234
AOI-0024,2022-09-01,подсолнечник,0.30965895646047537,0.31007664966377063,0.004397134141206877,0.2,-0.0003559235102112479,0.3,0.3108492994389486
AOI-0024,2022-09-30,подсолнечник,0.38110975583281215,0.37679724510517165,-0.0022051171738758637,0.2,0.004499318624865805,0.3,0.37770601725785624
AOI-0024,2022-10-01,подсолнечник,0.3410018532540142,0.34711426356835634,0.017768971964889583,0.2,0.015602303077188984,0.3,0.355348748884491
AOI-0024,2023-04-23,подсолнечник,0.427924951847819,0.45301996338031686,0.03716046276487254,0.2,0.09052113715318871,0.3,0.48760839707924797
AOI-0024,2023-04-27,подсолнечник,0.23838563952984854,0.2298507640242488,-0.012021166239980556,0.2,-0.0024997658941356094,0.3,0.22669660100801203
AOI-0024,2023-05-12,подсолнечник,0.35318156398698375,0.3316532493039067,-0.04661108509382496,0.2,-0.04396966552462024,0.3,0.30914013262775564
AOI-0024,2023-05-17,подсолнечник,0.23872578461915772,0.23624714661621196,0.01539100625674121,0.2,0.005868817253817216,0.3,0.24108599304370537
AOI-0024,2023-06-19,подсолнечник,0.5044829209238132,0.5041852869619794,0.0017766535859834393,0.2,-0.010837660498591525,0.3,0.5012893195295987
AOI-0024,2023-07-05,подсолнечник,0.8140613502806333,0.8107449209099048,0.006592042539305028,0.2,-0.05573887366099184,0.3,0.7953416673194683
AOI-0024,2023-07-21,подсолнечник,0.7838797797291626,0.7896789809283908,0.014219509851651008,0.2,0.0029107417228733294,0.3,0.793396105415583
AOI-0024,2023-08-01,подсолнечник,0.829529702588762,0.8259726092067075,-0.0041722727159918494,0.2,-0.06715885579012326,0.3,0.804990497926472
AOI-0024,2023-08-06,подсолнечник,0.8238739127201018,0.8218621603085099,-0.0063800641870677645,0.2,-0.05861272929422998,0.3,0.8030023286828274
AOI-0024,2023-08-13,подсолнечник,0.6860510379996718,0.6652092159603296,-0.05598373043566517,0.2,-0.007674465793207333,0.3,0.6517101301352343
AOI-0024,2023-08-18,подсолнечник,0.6008254346490729,0.6030795268170139,0.0026957696060232296,0.2,-0.0013450892609658679,0.3,0.6032151539599288
AOI-0024,2023-09-22,подсолнечник,0.22690346200608488,0.23004427940435307,0.0073301749026669265,0.2,0.021741181642046935,0.3,0.23803266887750052
AOI-0024,2023-09-29,подсолнечник,0.21823436255552206,0.21497732665046723,-0.0050265198582208305,0.2,0.007581368320140236,0.3,0.21624643317486514
AOI-0024,2023-10-11,подсолнечник,0.19096391951383307,0.20033104499349158,0.0347156868801458,0.2,0.025968392965584786,0.3,0.2150647002591962
AOI-0024,2023-10-12,подсолнечник,0.15640910863334073,0.16195229200868635,0.03043951143051823,0.2,0.026893196988034718,0.3,0.17610815339120042
AOI-0024,2024-04-05,подсолнечник,0.7101374264047295,0.695893365012806,-0.019729352230164945,0.2,-0.020644466129117293,0.3,0.6857541547280378
AOI-0024,2024-04-11,подсолнечник,0.7638989567192528,0.7544657570254713,-0.017939212487794728,0.2,0.0024520325676377908,0.3,0.7516135242982036
AOI-0024,2024-05-23,подсолнечник,0.880958324537156,0.8759690072191637,-0.005135193020108823,0.2,-0.014397016056239085,0.3,0.8706228637982703
AOI-0024,2024-06-24,подсолнечник,0.28829785199137437,0.29082395455428484,0.025299951627186845,0.2,0.04019010840108686,0.3,0.3079409774000483
AOI-0024,2024-06-28,подсолнечник,0.1732735451168441,0.17211089805422344,0.009487964785225598,0.2,0.008529101665263581,0.3,0.17656722151084764
AOI-0024,2024-07-11,подсолнечник,0.23181122290383138,0.2364115218700592,0.010185911952855727,0.2,0.021251335293711548,0.3,0.24482410484874384
AOI-0024,2024-07-15,подсолнечник,0.13241826292454068,0.14194911030708562,0.014149633396894751,0.2,0.01714709045872679,0.3,0.1499231641240826
AOI-0024,2024-07-27,подсолнечник,0.22477650187150366,0.21823716052407569,-0.012209495115154505,0.2,0.008556385041170737,0.3,0.218362177013396
AOI-0024,2024-07-30,подсолнечник,0.13462290215891162,0.13806570436561552,-0.004216178292739454,0.2,0.00327880981810287,0.3,0.1382061116524985
AOI-0024,2024-08-09,подсолнечник,0.12296617963613478,0.13107062804982675,0.008077532423069838,0.2,0.006921516366633839,0.3,0.13476258944443087
AOI-0024,2024-09-21,подсолнечник,0.13180459027004082,0.13099654984795805,0.009491963440532682,0.2,0.020706375685154967,0.3,0.1391068552416111
AOI-0024,2024-10-03,подсолнечник,0.11467056780327878,0.1196161517347562,0.010742240368853,0.2,0.011597306459895576,0.3,0.12524379174649547
AOI-0024,2024-10-08,подсолнечник,0.12810612608410665,0.12890280598364695,-0.002456664253902635,0.2,0.012258781363022678,0.3,0.13208910754177322
AOI-0025,2010-06-02,озимая пшеница,0.5587713126729722,0.5520825834163652,-0.004473392777898987,0.3,0.06535441543839962,0.2,0.5638114486706753
AOI-0025,2011-04-02,озимая пшеница,0.14475758605954808,0.16161642176776983,0.004762972633700219,0.3,0.02552008180128479,0.2,0.16814932991813686
AOI-0025,2011-04-07,озимая пшеница,0.2580151922945986,0.2787663447672435,0.026612455634576596,0.3,0.06468891813558676,0.2,0.29968786508473383
AOI-0025,2011-06-26,озимая пшеница,0.3674468548442924,0.3867174065057508,0.05422156332465435,0.3,0.03195236231761294,0.2,0.4093743479666697
AOI-0025,2011-08-08,озимая пшеница,0.243741631581117,0.231886290072625,0.018007453197231144,0.3,-0.00369837322556935,0.2,0.23654885138668047
AOI-0025,2012-04-04,озимая пшеница,0.459947414576795,0.45437023210072763,-0.016832297830661824,0.3,0.029292602788246174,0.2,0.45517906330917834
AOI-0025,2012-05-24,озимая пшеница,0.6830278161937329,0.6849881672054166,0.021880289177874022,0.3,0.05308332171995006,0.2,0.7021689183027687
AOI-0025,2012-08-26,озимая пшеница,0.20165517064721578,0.1872962907678071,0.011447455510417679,0.3,-0.021968952825590558,0.2,0.1863367368558143
AOI-0025,2013-04-07,озимая пшеница,0.43247382396775724,0.46085019781452635,0.025339718572853564,0.3,0.009183408437766372,0.2,0.47028879507393573
AOI-0025,2013-04-23,озимая пшеница,0.5078801350783928,0.5385113231549662,0.0812353817611857,0.3,0.018344162803379638,0.2,0.5665507702439979
AOI-0025,2013-08-13,озимая пшеница,0.25777057089708877,0.25049394750344894,0.03187051720266373,0.3,0.015322493130466672,0.2,0.2631196012903414
AOI-0025,2013-10-16,озимая пшеница,0.5926318751436709,0.5821584263425132,-0.007245574329446866,0.3,-0.035519163084985414,0.2,0.5728809214266821
AOI-0025,2014-04-18,озимая пшеница,0.85675883070892,0.8595617739818867,-0.0007970269838011674,0.3,0.003852089877098812,0.2,0.8600930838621661
AOI-0025,2014-05-09,озимая пшеница,0.8888179232508691,0.8920531908807943,-0.025746038731026735,0.3,-0.04613808233205901,0.2,0.8751017627950745
AOI-0025,2014-07-28,озимая пшеница,0.3054754532338669,0.3007349212128542,0.022212392713954355,0.3,-0.00324495252608875,0.2,0.30674964852182274
AOI-0025,2014-08-24,озимая пшеница,0.21764066034876817,0.2135590814388663,0.025262603081894177,0.3,-0.003921820449654666,0.2,0.22035349827350362
AOI-0025,2015-04-13,озимая пшеница,0.24231339363442955,0.24157164262044753,-0.01012773040054707,0.3,-0.008781963234407596,0.2,0.2367769308534019
AOI-0025,2015-05-25,озимая пшеница,0.52303847680695,0.5448366569396702,0.012023073713561861,0.3,0.03880720258240967,0.2,0.5562050195702207
AOI-0025,2015-08-13,озимая пшеница,0.2671763846374508,0.26006307585135047,0.028041082510774962,0.3,0.017309603068292354,0.2,0.27193732121824143
AOI-0025,2015-09-14,озимая пшеница,0.23340870771101538,0.23344549147602406,0.02269779342785092,0.3,0.023504139031438543,0.2,0.24495565731066707
AOI-0025,2016-04-06,озимая пшеница,0.6277581800555512,0.651008159419727,0.07009741773215991,0.3,0.036405746900931485,0.2,0.6793185341195613
AOI-0025,2016-05-09,озимая пшеница,0.8421305233591936,0.8505014133923879,0.014335473975063035,0.3,-0.0035719488422265118,0.2,0.8540876658164616
AOI-0025,2016-05-25,озимая пшеница,0.7280079505036848,0.7358441967177051,0.05119862157151924,0.3,0.08709292758267466,0.2,0.7686223687056958
AOI-0025,2016-06-10,озимая пшеница,0.42569417469186505,0.4418350800312782,0.04435491081930404,0.3,-0.0006404561159412279,0.2,0.45501346205388116
AOI-0025,2016-06-18,озимая пшеница,0.384024218703313,0.3855913082269683,0.022928912223289324,0.3,-0.047781379602105004,0.2,0.3829137059735341
AOI-0025,2016-07-11,озимая пшеница,0.3222448640438599,0.32359257810350295,0.009351069928060566,0.3,-0.0056368100425384805,0.2,0.3252705370734134
AOI-0025,2016-07-27,озимая пшеница,0.26971810082146264,0.26287557696299,0.025484788430791747,0.3,0.02553092798372348,0.2,0.27562719908897226
AOI-0025,2016-08-12,озимая пшеница,0.26766936413690107,0.2613135111475835,0.029419111544525093,0.3,0.017865907403114313,0.2,0.2737124260915639
AOI-0025,2016-09-13,озимая пшеница,0.2524888080632604,0.24933898369618715,0.008506524049108559,0.3,0.006932334919097648,0.2,0.2532774078947393
AOI-0025,2016-10-15,озимая пшеница,0.284284080845497,0.28228330609812874,0.0442894345764766,0.3,-0.010108945146512508,0.2,0.2935483474417692
AOI-0025,2016-10-24,озимая пшеница,0.17856322529418336,0.1778277289576482,0.03562336926845084,0.3,0.012425052304604008,0.2,0.19099975019910426
AOI-0025,2017-04-02,озимая пшеница,0.21174901032274365,0.22832858577645085,-0.02204129360045001,0.3,-0.004603285857443082,0.2,0.22079554052482722
AOI-0025,2017-04-23,озимая пшеница,0.3229183683406747,0.35401310274578,0.07186767509087638,0.3,0.0868690452057935,0.2,0.39294721431420165
AOI-0025,2017-05-25,озимая пшеница,0.5259903865477684,0.5589903865477684,0.10010876591979827,0.3,0.10241024447552047,0.2,0.609505065218812
AOI-0025,2017-07-28,озимая пшеница,0.5955497873026993,0.577189757247923,-0.02370013502799408,0.3,-0.041937994246253794,0.2,0.561692117890274
AOI-0025,2017-07-31,озимая пшеница,0.6529217905498113,0.6552755978005882,0.014427793288734909,0.3,0.0496666666075693,0.2,0.6695372691087225
AOI-0025,2017-08-09,озимая пшеница,0.31233816766704037,0.30946256277586554,0.030622832853764624,0.3,0.00525643804367978,0.2,0.3197007002407309
AOI-0025,2017-08-29,озимая пшеница,0.23022364208664445,0.22006817344261823,0.015761508393949037,0.3,-0.013891231705478773,0.2,0.2220183796197072
AOI-0025,2018-07-26,озимая пшеница,0.3175199407914585,0.3114333952156225,0.0013887040183352259,0.3,-0.03209569896845022,0.2,0.3054308666274331
AOI-0025,2018-09-12,озимая пшеница,0.1783447316910015,0.17778706257921692,0.01993210049605822,0.3,0.005966135669597519,0.2,0.1849599198619539
AOI-0025,2019-04-07,озимая пшеница,0.2727486322090896,0.30574863220908965,0.042787581677338614,0.3,0.07500563003325525,0.2,0.33358603271894227
AOI-0025,2019-05-02,озимая пшеница,0.253422774938792,0.2775577844377526,0.05832123739978243,0.3,0.08184971825753029,0.2,0.3114240993091934
AOI-0025,2019-06-27,озимая пшеница,0.17374785728820624,0.17916551441413162,0.02362278156949339,0.3,0.0002651076779140279,0.2,0.18630537042056244
AOI-0025,2019-08-06,озимая пшеница,0.18096922695689974,0.17736752824796811,0.02751805386854803,0.3,-0.009608399075652634,0.2,0.183701264593402
AOI-0025,2019-08-19,озимая пшеница,0.1350130411050883,0.13040119266536318,0.03460874188035804,0.3,-0.0074460628154630944,0.2,0.13929460266637797
AOI-0025,2019-08-22,озимая пшеница,0.18618220298408034,0.19040838045949324,0.044424040538614554,0.3,0.025990008675929842,0.2,0.20893359435626357
AOI-0025,2019-08-29,озимая пшеница,0.19492147024681655,0.1763123002971318,0.02079058154749672,0.3,-0.0018466222563537234,0.2,0.18218015031011006
AOI-0025,2019-09-14,озимая пшеница,0.2026640670739973,0.2062133254201789,0.030610273915454223,0.3,0.030135991529764157,0.2,0.22142360590076798
AOI-0025,2019-09-23,озимая пшеница,0.11626039499218592,0.12033315235343363,0.04158728625256442,0.3,0.010813095838288978,0.2,0.13497195739686077
AOI-0025,2019-10-23,озимая пшеница,0.5890588047260228,0.5858789791222446,-0.0257903030139346,0.3,0.04231340256722837,0.2,0.5866045687315099
AOI-0025,2020-05-30,озимая пшеница,0.877775673512134,0.866770183132689,-0.015536175017156813,0.3,-0.022712301370948554,0.2,0.8575668703533523
AOI-0025,2020-08-13,озимая пшеница,0.1582675984562884,0.15238297185436486,0.020488900802892906,0.3,-0.005037225559425327,0.2,0.15752219698334768
AOI-0025,2020-09-22,озимая пшеница,0.13192636567683433,0.12673064148154492,0.02439927636041461,0.3,0.015711690337115936,0.2,0.1371927624570925
AOI-0025,2020-10-12,озимая пшеница,0.14115560495187163,0.13828374847313368,0.00480383930250394,0.3,-0.0029696681323075807,0.2,0.13913096663742336
AOI-0025,2021-05-31,озимая пшеница,0.7694778801741248,0.7884250205976685,0.04410915608207052,0.3,0.08234206110194979,0.2,0.8181261796426796
AOI-0025,2021-06-24,озимая пшеница,0.642010123843542,0.6521094629325475,-0.0003329760455748577,0.3,0.05331555156186566,0.2,0.662672680431248
AOI-0025,2021-07-14,озимая пшеница,0.1982419687621505,0.18805089652842025,-0.0021383807902878747,0.3,-0.01801655359206484,0.2,0.18380607157292092
AOI-0025,2021-07-28,озимая пшеница,0.2474700673002544,0.24578077026421477,0.025452278611421564,0.3,0.04036916521405548,0.2,0.26149028689045234
AOI-0025,2021-09-14,озимая пшеница,0.24305579658885962,0.2396338796806081,0.018875146501607935,0.3,-0.0016079437560712992,0.2,0.2449748348798762
AOI-0025,2021-10-16,озимая пшеница,0.27844049583973773,0.28051710969111016,0.02992777860731113,0.3,0.02176829042086472,0.2,0.29384910135747644
AOI-0025,2022-06-09,озимая пшеница,0.8699725335186687,0.8744179854876154,-0.005514011591202762,0.3,-0.011725734485415324,0.2,0.8704186351131715
AOI-0025,2022-06-11,озимая пшеница,0.8253430619442982,0.8254136431979711,0.010603832603749561,0.3,0.008354351308799916,0.2,0.8302656632408558
AOI-0025,2022-06-13,озимая пшеница,0.8089073017923254,0.8146464958342666,0.01060180142356883,0.3,-0.011362877535128445,0.2,0.8155544607543116
AOI-0025,2022-06-29,озимая пшеница,0.3238555064356936,0.32854279324659486,0.014072533834352564,0.3,-0.03665131687247985,0.2,0.32543429002240465
AOI-0025,2022-07-21,озимая пшеница,0.14343384443401513,0.13579148840721092,0.03235013674348404,0.3,0.016902643412771198,0.2,0.14887705811281035
AOI-0025,2022-08-13,озимая пшеница,0.1934396496053281,0.17546743869860745,0.018687724548423466,0.3,0.0024545350949441323,0.2,0.18156466308212332
AOI-0025,2022-08-14,озимая пшеница,0.18693089019982012,0.19790924099497853,0.04476820731961277,0.3,0.021428653663857884,0.2,0.21562543392363395
AOI-0025,2022-08-29,озимая пшеница,0.20824101930445038,0.20413210015103783,0.020320947638866372,0.3,0.03243087010169739,0.2,0.21671455846303722
AOI-0025,2022-09-30,озимая пшеница,0.25571466640881113,0.25122544809550995,0.017579235936431716,0.3,0.005617283092199879,0.2,0.25762267549487944
AOI-0025,2023-05-09,озимая пшеница,0.4311747894979564,0.46417478949795643,0.06895120780873568,0.3,0.09906041809251578,0.2,0.5046722354590802
AOI-0025,2023-05-15,озимая пшеница,0.21223969091462502,0.21969113548252842,0.028615219736314677,0.3,0.010113983804439699,0.2,0.23029849816431075
AOI-0025,2023-06-26,озимая пшеница,0.7360719324344058,0.7178325792882649,-0.030136261346719952,0.3,-0.03582528170912519,0.2,0.7016266445424238
AOI-0025,2023-07-16,озимая пшеница,0.7513289057879484,0.7478642121897812,0.016637573701312,0.3,0.01298650657104396,0.2,0.7554527856143836
AOI-0025,2023-08-01,озимая пшеница,0.810464820153864,0.7946432124089009,-0.015707015619765712,0.3,-0.024222042721720443,0.2,0.7850866991786271
AOI-0025,2023-08-13,озимая пшеница,0.7036082584328549,0.680103380367312,-0.05210829775445298,0.3,-0.029787841678537968,0.2,0.6585133227052685
AOI-0025,2023-09-30,озимая пшеница,0.25045608809295045,0.257153222060778,0.02753971340322645,0.3,0.018580086641592244,0.2,0.2691311534100644
AOI-0025,2024-05-07,озимая пшеница,0.8463655222070301,0.8367513853277193,-0.017617805104130174,0.3,-0.003333844088624363,0.2,0.8307992749787554
AOI-0025,2024-05-23,озимая пшеница,0.7943639141387616,0.7874183193008608,-0.013443423801327941,0.3,0.0019062353286271548,0.2,0.7837665392261879
AOI-0025,2024-07-18,озимая пшеница,0.14464536909550446,0.1277555964959573,0.021472385316971276,0.3,0.009495588097293853,0.2,0.13609642971050745
AOI-0025,2024-07-28,озимая пшеница,0.1430618061518168,0.13693786613282694,0.02273396961081799,0.3,0.0038521697441533304,0.2,0.144528490964903
AOI-0025,2024-08-12,озимая пшеница,0.17917697171715324,0.15712192438772607,0.014499948319565015,0.3,-0.014021693025323198,0.2,0.15866757027853096
AOI-0025,2024-08-17,озимая пшеница,0.1420313715761679,0.14024392693500035,0.02613574204246204,0.3,0.0030579769464893955,0.2,0.14869624493703684
AOI-0025,2024-09-16,озимая пшеница,0.13801626217536656,0.13978262390935475,0.011964550695094552,0.3,0.01597742985046196,0.2,0.14656747508797552
AOI-0025,2024-09-26,озимая пшеница,0.11915139219684173,0.1231095970683484,0.027916254448131696,0.3,0.01915416069516531,0.2,0.13531530554182097
AOI-0025,2024-10-11,озимая пшеница,0.11828277290062185,0.1242272714996317,0.028966821772908675,0.3,0.016355407543882684,0.2,0.13618839954028084
AOI-0025,2024-10-30,озимая пшеница,0.14007927522554203,0.1680152328703697,0.04909847038283182,0.3,0.02998439695369352,0.2,0.18874165337595797
AOI-0029,2010-08-13,озимая пшеница,0.20427435709178426,0.20022453057326708,0.019343866152469528,0.3,0.03737475973123806,0.2,0.21350264236525557
AOI-0029,2010-08-29,озимая пшеница,0.17807815823943657,0.1692010409727443,0.004126270301639386,0.3,0.019244359458156914,0.2,0.1742877939548675
AOI-0029,2011-04-26,озимая пшеница,0.42115753292826097,0.38815753292826094,-0.0621061564903772,0.3,-0.029368701921436154,0.2,0.36365194559686054
AOI-0029,2012-05-24,озимая пшеница,0.6048014546113218,0.613990072821961,0.006473606621359683,0.3,0.010984688330665324,0.2,0.618129092474502
AOI-0029,2012-06-09,озимая пшеница,0.6416371289907412,0.6466199578692118,0.008636879839098072,0.3,0.04768214828579597,0.2,0.6587474514781003
AOI-0029,2012-07-27,озимая пшеница,0.36821979811227923,0.3545527726744043,0.0026169766768058137,0.3,-0.006177781582776027,0.2,0.3541023093608909
AOI-0029,2012-09-27,озимая пшеница,0.1768121577271482,0.17055418485990603,-0.007716723287021883,0.3,-0.0014327624539041347,0.2,0.16795261538301864
AOI-0029,2013-04-15,озимая пшеница,0.7515145067850284,0.7447328610244143,-0.03671767650063192,0.3,-0.014087584197069888,0.2,0.7309000412348107
AOI-0029,2013-05-09,озимая пшеница,0.8256003342926843,0.8116901857405243,-0.0368488878805071,0.3,-0.0242755617860067,0.2,0.7957804070191709
AOI-0029,2014-05-20,озимая пшеница,0.38158764548095575,0.3811611901932955,-0.012343322706055496,0.3,-0.05597677915683591,0.2,0.3662628375501117
AOI-0029,2014-06-10,озимая пшеница,0.31740441503716654,0.3259946458469617,0.0344302898045035,0.3,0.02147481742055482,0.2,0.3406186962724237
AOI-0029,2014-07-28,озимая пшеница,0.23371196849035333,0.2235903537445272,0.006521000125035201,0.3,0.013453220547585442,0.2,0.22823729789155486
AOI-0029,2014-08-13,озимая пшеница,0.21323861706855216,0.20183595803196341,0.004926649279394788,0.3,0.014247241815244893,0.2,0.20616340117883084
AOI-0029,2015-04-23,озимая пшеница,0.84154897879352,0.8283438342360763,-0.053811857224916694,0.3,-0.03608964693647605,0.2,0.8049823476813059
AOI-0029,2016-04-07,озимая пшеница,0.27527747082322473,0.2696724086600319,-0.022015724609190362,0.3,-0.05495965947943291,0.2,0.2520757593813882
AOI-0029,2016-06-18,озимая пшеница,0.7954865658973268,0.7947931346763218,-0.002231831667610619,0.3,-0.007752057197768267,0.2,0.792573173736485
AOI-0029,2016-07-04,озимая пшеница,0.7754198769941449,0.771913095185713,-0.0013246249302755987,0.3,-0.009967952781808277,0.2,0.7695221171502687
AOI-0029,2016-08-13,озимая пшеница,0.35171834777670735,0.3539907830999192,0.01654704105016051,0.3,0.00039932590206416036,0.2,0.3590347605953802
AOI-0029,2016-09-29,озимая пшеница,0.3963529400673957,0.39525279810186714,-0.005442265730865022,0.3,0.005849068330899364,0.2,0.3947899320487875
AOI-0029,2017-04-01,озимая пшеница,0.39299146017665115,0.38339965603218357,-0.04276242096076649,0.3,-0.012181649156706201,0.2,0.3681345999126124
AOI-0029,2017-04-07,озимая пшеница,0.7006571653466745,0.7013667688477399,-0.024522973131676052,0.3,-0.018839024591853503,0.2,0.6902420719898663
AOI-0029,2017-05-01,озимая пшеница,0.7136041596242679,0.7036164234893221,-0.010457141331860275,0.3,0.0018960138906528247,0.2,0.7008584838678945
AOI-0029,2017-06-10,озимая пшеница,0.513409526617058,0.5000011137485124,-0.009049526287450507,0.3,0.02058860262956007,0.2,0.5014039763881892
AOI-0029,2017-06-26,озимая пшеница,0.35805930088606464,0.3505529516074476,0.011832221657078392,0.3,0.0004366900507758077,0.2,0.35418995611472626
AOI-0029,2017-08-04,озимая пшеница,0.16201125028095192,0.16154590115880274,0.016772349842889108,0.3,-0.00740921805641741,0.2,0.165095762500386
AOI-0029,2017-08-09,озимая пшеница,0.146212157395704,0.15545078091580064,0.020617913765108794,0.3,0.001569690847519888,0.2,0.16195009321483725
AOI-0029,2017-08-13,озимая пшеница,0.2238957208105954,0.22678268471139873,0.012614989991347778,0.3,0.041390941085375596,0.2,0.23884536992587818
AOI-0029,2017-09-01,озимая пшеница,0.1894056083835723,0.20652046960715492,0.03762760286956565,0.3,0.022874441876841595,0.2,0.22238363884339293
AOI-0029,2017-09-30,озимая пшеница,0.2150889114364615,0.2193068292359612,0.008809941068607812,0.3,0.022696019259469437,0.2,0.22648901540843744
AOI-0029,2018-04-23,озимая пшеница,0.4049327579064389,0.420457754834181,0.036342280120489345,0.3,0.009834976055934874,0.2,0.4333274340815148
AOI-0029,2018-06-16,озимая пшеница,0.18332442646434832,0.18815840740570494,0.04020083927659571,0.3,0.026259332767560206,0.2,0.20547052574219568
AOI-0029,2018-09-12,озимая пшеница,0.17105529656612595,0.16876536921978236,0.004650127281475247,0.3,0.009213138163415499,0.2,0.17200303503690806
AOI-0029,2018-09-18,озимая пшеница,0.15260842987765907,0.15136573414726173,0.001181610235200273,0.3,0.02240358653092065,0.2,0.15620093452400594
AOI-0029,2018-09-30,озимая пшеница,0.2529021978192209,0.24397694467997924,-0.002267960398406452,0.3,-0.00528686897417456,0.2,0.2422391827656224
AOI-0029,2019-04-11,озимая пшеница,0.6114654387182004,0.5997712510763799,-0.04494021662915721,0.3,-0.015863702294875118,0.2,0.5831164456286577
AOI-0029,2019-04-23,озимая пшеница,0.7934809249815358,0.7949573179603256,-0.03559687955535119,0.3,-0.08708627932472679,0.2,0.766860998228775
AOI-0029,2019-06-05,озимая пшеница,0.8658112736097431,0.8620782135041235,-0.009565685685365612,0.3,-0.022569968302567148,0.2,0.8546945141380003
AOI-0029,2019-06-15,озимая пшеница,0.6585994337570744,0.6528742303037204,0.003278147318290019,0.3,0.03065000796368242,0.2,0.6599876760919439
AOI-0029,2019-06-25,озимая пшеница,0.28829066087023214,0.26982800030312193,-0.010501013280529381,0.3,-0.04751125132106467,0.2,0.2571754460547502
AOI-0029,2019-07-25,озимая пшеница,0.1676412578554975,0.16580876145624981,0.011410218121225248,0.3,0.002007869186035932,0.2,0.16963340072982458
AOI-0029,2019-07-28,озимая пшеница,0.24111425165149125,0.22383948999474726,-0.0008424804940306658,0.3,0.030404302050721192,0.2,0.2296676062566823
AOI-0029,2019-09-13,озимая пшеница,0.1533609540205459,0.1529804281449326,0.004031146031040382,0.3,0.016313471643100937,0.2,0.1574524662828649
AOI-0029,2019-09-23,озимая пшеница,0.1046143715829933,0.10959103736401218,0.02159680665642733,0.3,0.0161168274764632,0.2,0.11929344485623303
AOI-0029,2020-04-02,озимая пшеница,0.1505735194365258,0.16618387883907415,0.011815578410713495,0.3,0.026809646971828527,0.2,0.1750904817566539
AOI-0029,2020-04-06,озимая пшеница,0.27994153517449777,0.3039384543967857,0.03121528589397247,0.3,0.058147029094254274,0.2,0.3249324459838283
AOI-0029,2020-05-20,озимая пшеница,0.5600584426616817,0.5365898360787503,-0.03190176131684691,0.3,0.0003010373770832715,0.2,0.5270795151591129
AOI-0029,2020-07-14,озимая пшеница,0.14857202523003782,0.13783204512342034,0.0004782546075676854,0.3,-0.006582847346021957,0.2,0.13665895203648626
AOI-0029,2020-07-23,озимая пшеница,0.1969293468966205,0.2089892927958272,0.029581823991229498,0.3,0.015352765678813255,0.2,0.2209343931289587
AOI-0029,2020-08-03,озимая пшеница,0.13714634855555685,0.1343440225999173,0.014385107571742623,0.3,0.0018650637563998995,0.2,0.13903256762272007
AOI-0029,2020-09-02,озимая пшеница,0.14436764379089023,0.15049364014001784,0.008819108137105628,0.3,0.011726917596082822,0.2,0.1554847561003661
AOI-0029,2020-09-17,озимая пшеница,0.13131204285671497,0.13197884737274135,-0.0023939417149184085,0.3,0.01227569514497739,0.2,0.1337158038872613
AOI-0029,2020-09-25,озимая пшеница,0.17791340400567304,0.18888175562068754,0.01900566911081562,0.3,0.014427691106724608,0.2,0.19746899457527717
AOI-0029,2021-04-21,озимая пшеница,0.5653418326969395,0.5742176276969934,0.0030435176863254755,0.3,0.03507012728365199,0.2,0.5821447084596214
AOI-0029,2021-05-07,озимая пшеница,0.8220320177287244,0.8155824486112244,-0.01900537094756596,0.3,-0.024020092116101146,0.2,0.8050768189037344
AOI-0029,2021-05-23,озимая пшеница,0.934597469699564,0.9461866010099075,-0.013886122034907977,0.3,-0.04246880805197678,0.2,0.9335270027890397
AOI-0029,2021-06-16,озимая пшеница,0.770711662041631,0.7611447566579027,-0.006440679784395729,0.3,-0.053413591121115454,0.2,0.748529834498361
AOI-0029,2021-06-19,озимая пшеница,0.7606179698257471,0.744694220842849,-0.0076560280493708594,0.3,-0.021637303573061074,0.2,0.7380699517134255
AOI-0029,2021-06-26,озимая пшеница,0.5393854205825003,0.5076601337441056,-0.04333701628318091,0.3,-0.07499805071939226,0.2,0.47965941871527285
AOI-0029,2021-07-10,озимая пшеница,0.28587716646616324,0.2870389815930244,0.02126177154080883,0.3,-0.0001099449247182833,0.2,0.2933955240703234
AOI-0029,2021-09-17,озимая пшеница,0.1674357309070693,0.1689200172163621,0.005788686623683548,0.3,0.022852660778529398,0.2,0.17522715535917305
AOI-0029,2021-10-07,озимая пшеница,0.20108743749911323,0.19607066733195866,-0.011511438771840538,0.3,-7.316567611113847e-05,0.2,0.19260260256518427
AOI-0029,2021-10-22,озимая пшеница,0.22049511508561861,0.22873294008982775,-0.0009327708803857663,0.3,0.0034848300471348958,0.2,0.229150074835139
AOI-0029,2021-10-27,озимая пшеница,0.22742351366924882,0.24312331171856955,0.01196056071500778,0.3,0.017620101073045704,0.2,0.25023550014768103
AOI-0029,2022-04-10,озимая пшеница,0.25887368028146235,0.24591473771300495,-0.04366028020879118,0.3,-0.04960105574913989,0.2,0.22289644250053964
AOI-0029,2022-04-15,озимая пшеница,0.30692115721582347,0.2998099384952137,-0.028173471758159433,0.3,-0.029548445678608266,0.2,0.2854482078320442
AOI-0029,2022-06-09,озимая пшеница,0.4519355836974909,0.4277911057712508,-0.011830032302761605,0.3,-0.03378823430115758,0.2,0.4174844492201908
AOI-0029,2022-06-19,озимая пшеница,0.7334169224605331,0.7135490693987042,-0.022852261418607796,0.3,-0.02557975805832215,0.2,0.7015774393614574
AOI-0029,2022-07-05,озимая пшеница,0.7949079234364622,0.7904862553726487,-0.017087578603743114,0.3,-0.026384229774734168,0.2,0.780083135836579
AOI-0029,2022-07-12,озимая пшеница,0.6953709597497105,0.6623709597497105,-0.09324545547739936,0.3,-0.07203577492394755,0.2,0.6199901681217012
AOI-0029,2022-08-03,озимая пшеница,0.6867741512415132,0.6757578699828081,-0.031165428904882355,0.3,-0.00595446750818888,0.2,0.6652173478097055
AOI-0029,2022-08-29,озимая пшеница,0.3661969201345212,0.3477241527876538,-0.022531111589931277,0.3,-0.016468887312271845,0.2,0.33767104184822005
AOI-0029,2022-09-17,озимая пшеница,0.2076905397175165,0.20041742283882288,-0.009910893497500479,0.3,-0.001291759842042866,0.2,0.19718580282116419
AOI-0029,2023-06-30,озимая пшеница,0.42460419392858517,0.4258941072012941,0.01698102762549819,0.3,0.0008275181743103603,0.2,0.43115391912380563
AOI-0029,2023-07-12,озимая пшеница,0.29842695480136033,0.2945490252645258,0.011033288531515625,0.3,0.005534152802926985,0.2,0.2989658423845659
AOI-0029,2023-07-28,озимая пшеница,0.2838329419405156,0.29749988763091967,0.03824508169883393,0.3,0.04577268792283139,0.2,0.31812794972513614
AOI-0029,2023-08-01,озимая пшеница,0.2107043577455442,0.21818152666451074,0.02906899614720881,0.3,0.018559514996675498,0.2,0.2306141285080085
AOI-0029,2023-08-09,озимая пшеница,0.2823224070034519,0.30140566438831234,0.0282445511161153,0.3,0.026011018439330885,0.2,0.31508123341101313
AOI-0029,2023-08-25,озимая пшеница,0.15472547046956628,0.16276022956193167,0.016602368737089746,0.3,0.011310036151049575,0.2,0.17000294741326852
AOI-0029,2023-09-22,озимая пшеница,0.14784271660954557,0.143665051310264,-0.0008431492570727698,0.3,0.020849989949581073,0.2,0.14758210452305837
AOI-0029,2023-09-24,озимая пшеница,0.15649607436844656,0.15440956939572043,-0.0020729302414041638,0.3,0.005760377595446167,0.2,0.15493976584238842
AOI-0029,2024-05-24,озимая пшеница,0.2790892399578113,0.28591090185404144,0.014813302031991427,0.3,0.024807708076332875,0.2,0.29531643407890545
AOI-0029,2024-06-24,озимая пшеница,0.19658083486690173,0.19026613460713432,0.02024495940260702,0.3,0.009851358980732406,0.2,0.1983098942240629
AOI-0029,2024-06-28,озимая пшеница,0.14240988396623966,0.12021534347772266,-0.0003867929882464009,0.3,-0.003994469229018307,0.2,0.11930041173544507
AOI-0029,2024-07-03,озимая пшеница,0.13984107867859474,0.12017459928200487,0.009949902885564115,0.3,0.0028289954307797686,0.2,0.12372536923383005
AOI-0029,2024-07-11,озимая пшеница,0.207304234279444,0.18792479115346736,-0.0034629083231466655,0.3,0.018609719690201837,0.2,0.19060786259456372
AOI-0029,2024-09-28,озимая пшеница,0.1477990781962627,0.15117249096521865,0.0059242024488368504,0.3,0.007320544987274667,0.2,0.15441386069732466
AOI-0034,2010-04-26,пастбища/зерновые,0.2957738163570115,0.2991490139889521,0.013967824343964454,0.15,0.01870184777442541,0.45,0.30966001913903823
AOI-0034,2010-05-28,пастбища/зерновые,0.6049260198513161,0.6123914615191851,0.012989943166805271,0.15,0.010378426958913995,0.45,0.6190102451257171
AOI-0034,2010-06-12,пастбища/зерновые,0.651650289269291,0.6637978144592638,0.0071010152253742674,0.15,0.013478456938101197,0.45,0.6709282723652155
AOI-0034,2010-07-31,пастбища/зерновые,0.20950881646797287,0.21751366090950464,0.013258919625159179,0.15,0.0233603167845904,0.45,0.2300146414063442
AOI-0034,2011-04-07,пастбища/зерновые,0.35297255270392663,0.3620141760045424,0.021850854988003748,0.15,0.007630890070937162,0.45,0.36872570478466465
AOI-0034,2011-04-28,пастбища/зерновые,0.32318378483042776,0.30899149310343277,-0.03875101831720202,0.15,-0.003377508013731964,0.45,0.3016589617496731
AOI-0034,2011-06-16,пастбища/зерновые,0.24317458236277556,0.25844391204690664,0.01992604232225882,0.15,0.014343964350694006,0.45,0.26788760235305775
AOI-0034,2011-06-26,пастбища/зерновые,0.29298696444331385,0.30811037703641503,0.004410493024119983,0.15,0.004143564028364617,0.45,0.3106365548027971
AOI-0034,2011-07-26,пастбища/зерновые,0.17926482715632974,0.19299363625235882,0.020382444167584942,0.15,0.022030816363600957,0.45,0.205964870241117
AOI-0034,2011-08-18,пастбища/зерновые,0.1683631059742377,0.17559887914485406,0.010647835798866082,0.15,0.02491672557524511,0.45,0.18840858102354427
AOI-0034,2011-09-27,пастбища/зерновые,0.2280334465372284,0.24165414999306153,0.021685178233278934,0.15,0.019949215837330978,0.45,0.2538840738548523
AOI-0034,2011-09-30,пастбища/зерновые,0.34327779505310035,0.35407879253092733,0.007996478682559323,0.15,-0.0016252484327747795,0.45,0.3545469025385626
AOI-0034,2012-05-01,пастбища/зерновые,0.5900535539005012,0.5922329052674273,3.178368672212845e-05,0.15,0.03156203708636426,0.45,0.6064405895092995
AOI-0034,2012-05-17,пастбища/зерновые,0.48861207479215213,0.5004730794480002,0.05024974552515817,0.15,0.041771031128887894,0.45,0.5268075052847735
AOI-0034,2012-05-24,пастбища/зерновые,0.4466478844768704,0.45160949914803555,0.007305404956083302,0.15,0.008945413646969158,0.45,0.4567307460325841
AOI-0034,2012-06-09,пастбища/зерновые,0.39034535483546207,0.3828140479118091,-0.0323538952680835,0.15,-0.04489338762060612,0.45,0.3577589391923238
AOI-0034,2012-06-25,пастбища/зерновые,0.34030841225009856,0.3345344136607713,-0.05302780151125766,0.15,-0.02360837341919512,0.45,0.31595647539544486
AOI-0034,2012-07-27,пастбища/зерновые,0.18807550919884558,0.1833495553168471,-0.008446817875359707,0.15,-0.002161768875242755,0.45,0.1811097366416839
AOI-0034,2012-08-12,пастбища/зерновые,0.21291595305644667,0.21692642413020596,0.002681895189105649,0.15,0.0007474063672847358,0.45,0.21766504127384995
AOI-0034,2013-04-02,пастбища/зерновые,0.12610056791407304,0.1290488124072119,0.0057774791183026865,0.15,0.015003349844654363,0.45,0.13666694170505178
AOI-0034,2013-04-18,пастбища/зерновые,0.294172352177281,0.2996365914089205,-0.008852420199273882,0.15,-0.00020109742149873288,0.45,0.29821823453935503
AOI-0034,2013-05-11,пастбища/зерновые,0.3456863302412685,0.3543832765677371,0.009704588858297718,0.15,0.017270090166415085,0.45,0.36361050547136853
AOI-0034,2013-06-13,пастбища/зерновые,0.17505580735598192,0.1859078780919746,0.024472221890176612,0.15,0.01951780571537672,0.45,0.1983617239474206
AOI-0034,2013-06-21,пастбища/зерновые,0.1735932507095298,0.1817235270083554,0.015747407841476626,0.15,0.009704219723616115,0.45,0.18845253706020412
AOI-0034,2013-07-14,пастбища/зерновые,0.17267404429825262,0.17971197417056098,0.0038719157213075494,0.15,0.01869129680138184,0.45,0.18870384508937896
AOI-0034,2013-08-23,пастбища/зерновые,0.1992441461779241,0.20891249695550726,0.01537512063441145,0.15,0.022226620527547664,0.45,0.22122074428806543
AOI-0034,2013-10-10,пастбища/зерновые,0.32130422670943637,0.3271140155270262,0.002358009174725222,0.15,-0.005980608694624018,0.45,0.32477644299065417
AOI-0034,2014-07-10,пастбища/зерновые,0.13412834065668017,0.13896963000257384,0.005570449950828696,0.15,0.018607594399170577,0.45,0.1481786149748249
AOI-0034,2014-10-29,пастбища/зерновые,0.16446470139890937,0.17397632153292975,0.036024846098196915,0.15,0.02472360064868418,0.45,0.19050566873956717
AOI-0034,2015-04-24,пастбища/зерновые,0.21171091710972073,0.20730645719257454,0.002041517933593689,0.15,0.0008649748169671543,0.45,0.2080019235502488
AOI-0034,2015-05-26,пастбища/зерновые,0.19404583784434706,0.2035756362190157,0.031593707563947186,0.15,0.009028801996545075,0.45,0.21237765325205307
AOI-0034,2015-07-04,пастбища/зерновые,0.14596452317698394,0.1519090404466961,0.008677500391574815,0.15,0.022074410438791416,0.45,0.16314415020288844
AOI-0034,2015-08-13,пастбища/зерновые,0.1753016312776873,0.17089151983363787,-0.003461194981522318,0.15,-0.002001999138549701,0.45,0.16947144097406214
AOI-0034,2015-08-29,пастбища/зерновые,0.1751152321400305,0.16879597104144273,-0.0006849976186456093,0.15,-0.0032556041907171574,0.45,0.16722819951282317
AOI-0034,2015-09-07,пастбища/зерновые,0.14007028453394482,0.14969043873031151,0.01871614508216565,0.15,0.024626897889005604,0.45,0.1635799645426889
AOI-0034,2015-09-15,пастбища/зерновые,0.12948869952380415,0.13297444799454752,0.010079256484070816,0.15,0.015535720702122327,0.45,0.1414774107831132
AOI-0034,2015-09-22,пастбища/зерновые,0.14866553926513504,0.15531365814464917,0.012722894184697246,0.15,0.02054331330685595,0.45,0.16646658326043895
AOI-0034,2015-10-08,пастбища/зерновые,0.1555975090576928,0.16372143245195234,0.03056011496530722,0.15,0.0239619639425365,0.45,0.17908833347088987
AOI-0034,2016-06-12,пастбища/зерновые,0.48806022301594254,0.49632049400226896,0.012181454644507865,0.15,0.023057458515253055,0.45,0.508523568530809
AOI-0034,2016-06-21,пастбища/зерновые,0.24676800621671166,0.25666668121193664,0.01810815075385482,0.15,0.02586786720545144,0.45,0.27102344406746803
AOI-0034,2016-07-27,пастбища/зерновые,0.21446342163177592,0.2056744060960587,-0.0071541304088239095,0.15,-0.00014639586407379785,0.45,0.2045354083959019
AOI-0034,2016-08-31,пастбища/зерновые,0.1461072706529035,0.15465460967874317,0.025214085226297808,0.15,0.012618185884961542,0.45,0.16411490611092053
AOI-0034,2016-10-15,пастбища/зерновые,0.2207426418604157,0.22235892668920004,0.02961624392783724,0.15,0.004501983155418247,0.45,0.22882725569831386
AOI-0034,2016-10-26,пастбища/зерновые,0.18555785832891647,0.19221844212729383,0.04198991899733602,0.15,0.008830427546686824,0.45,0.2024906223729033
AOI-0034,2017-04-03,пастбища/зерновые,0.15719179253766258,0.16234346700495103,0.007885704238406347,0.15,0.003568844950089134,0.45,0.1651323028682521
AOI-0034,2017-04-04,пастбища/зерновые,0.15538918227038875,0.15215254466133046,0.0044800733902164895,0.15,0.009161416271898658,0.45,0.15694719299221735
AOI-0034,2017-05-07,пастбища/зерновые,0.22196152613254255,0.22591490056552513,0.004859600637480349,0.15,-0.004397345890974705,0.45,0.22466503501020857
AOI-0034,2017-06-10,пастбища/зерновые,0.28603066396089766,0.2993898528179715,0.019065203379498366,0.15,0.032362795672768604,0.45,0.3168128913776421
AOI-0034,2017-07-17,пастбища/зерновые,0.15866279576305162,0.16890376276446484,0.022944947304043947,0.15,0.015323080970368308,0.45,0.17924089129673718
AOI-0034,2017-07-25,пастбища/зерновые,0.14190330737430631,0.15116151161599917,0.011488493082415046,0.15,0.01442712702589449,0.45,0.15937699274001396
AOI-0034,2017-08-02,пастбища/зерновые,0.1543882079350019,0.16186995080448674,0.020910402818945687,0.15,0.010401597029269979,0.45,0.16968722989050009
AOI-0034,2017-08-06,пастбища/зерновые,0.10618985140374237,0.12099038027375257,0.01925691930447922,0.15,0.018542763729570016,0.45,0.13222316184773095
AOI-0034,2017-08-19,пастбища/зерновые,0.14239553540101382,0.1491490804505413,0.019809987491689256,0.15,0.004440785812578452,0.45,0.15411893218995498
AOI-0034,2017-09-11,пастбища/зерновые,0.14914931621040695,0.16124900337448464,0.03156707033908848,0.15,0.009037978522070405,0.45,0.1700511542602796
AOI-0034,2017-09-28,пастбища/зерновые,0.31317916559598236,0.32329143993893567,0.006202959361832607,0.15,-0.009719268206279035,0.45,0.319848213150385
AOI-0034,2018-04-28,пастбища/зерновые,0.8115049753871518,0.8011314244610728,-0.016309854765093678,0.15,-0.04052196272486449,0.45,0.7804500630201197
AOI-0034,2018-05-17,пастбища/зерновые,0.8329081538648468,0.8340333865834492,-0.001056534891406567,0.15,-0.0345406771000564,0.45,0.8183316016547127
AOI-0034,2018-05-30,пастбища/зерновые,0.7208382788040859,0.7141976043952006,-0.009500906993518615,0.15,-0.03334342084183535,0.45,0.6977679289673469
AOI-0034,2018-06-11,пастбища/зерновые,0.3550097916930257,0.363061380176366,0.0255301057653474,0.15,0.035247409487001474,0.45,0.3827522303103188
AOI-0034,2018-06-27,пастбища/зерновые,0.14825133745725044,0.1579548771960998,0.026394905885006068,0.15,0.016880859653353793,0.45,0.1695104999228599
AOI-0034,2018-09-05,пастбища/зерновые,0.10983558782885572,0.11587317568158496,0.019877934900630004,0.15,0.014307285866749517,0.45,0.12529314455671675
AOI-0034,2019-04-23,пастбища/зерновые,0.21847243434112126,0.2288200547834004,0.015868776398995168,0.15,0.015997017756149073,0.45,0.23839902923351675
AOI-0034,2019-05-18,пастбища/зерновые,0.1549004782275648,0.16697531080418218,0.030853423972908748,0.15,0.009416740533558,0.45,0.1758408576402196
AOI-0034,2019-05-29,пастбища/зерновые,0.18381402428544147,0.19524599602072876,0.039145340674194944,0.15,0.010107996162631059,0.45,0.205666395395042
AOI-0034,2019-06-04,пастбища/зерновые,0.14838174860124306,0.1493196255188813,0.021102301976301845,0.15,0.0019026389640258371,0.45,0.1533411583491382
AOI-0034,2019-06-17,пастбища/зерновые,0.12201972744056176,0.13480027722110002,0.02031621136595742,0.15,0.021126124970897504,0.45,0.14735446516289752
AOI-0034,2019-06-22,пастбища/зерновые,0.12190711615535195,0.1294394535081679,-0.0006135537573433601,0.15,0.019628043678988814,0.45,0.13818004010011137
AOI-0034,2019-06-24,пастбища/зерновые,0.16087812611937452,0.16687288269322656,0.01802330924757675,0.15,0.02150190450916492,0.45,0.1792522361094873
AOI-0034,2019-06-27,пастбища/зерновые,0.11953485329330735,0.12615678780665834,0.002858613193441395,0.15,0.010443213283078092,0.45,0.1312850257630597
AOI-0034,2019-07-19,пастбища/зерновые,0.06431808749562395,0.06580372672644054,0.01092290964396848,0.15,0.02097730041738782,0.45,0.07688194836086032
AOI-0034,2019-07-29,пастбища/зерновые,0.14558451090728475,0.14536420670539016,0.005238985554949828,0.15,0.00366309823287235,0.45,0.1477984487434252
AOI-0034,2019-08-11,пастбища/зерновые,0.12076461383745091,0.13868518396312005,0.020941656860489478,0.15,0.009280827648117277,0.45,0.14600280493384624
AOI-0034,2019-08-13,пастбища/зерновые,0.18269373303197262,0.17629644769433298,-0.000470669866632893,0.15,-0.0018864976108223346,0.45,0.175376923289468
AOI-0034,2019-09-02,пастбища/зерновые,0.13069007856390888,0.13997849977592292,0.024180021011215688,0.15,0.005855131604857065,0.45,0.14624031214979094
AOI-0034,2019-09-14,пастбища/зерновые,0.22021507529857776,0.2176462404833772,0.01409592222485433,0.15,0.0011715468721496922,0.45,0.22028782490957272
AOI-0034,2019-09-17,пастбища/зерновые,0.14953869104371192,0.15960022006300012,0.024174816985230826,0.15,-0.0025473631445938265,0.45,0.16208012919571754
AOI-0034,2019-10-22,пастбища/зерновые,0.7202963250597043,0.7159412985929227,-0.01396640462299428,0.15,-0.07615094980510023,0.45,0.6795784104871784
AOI-0034,2020-04-14,пастбища/зерновые,0.7422328396654163,0.738630440701027,-0.015387299920118485,0.15,-0.0635982391920828,0.45,0.707703138076572
AOI-0034,2020-04-17,пастбища/зерновые,0.7753493392139831,0.783553721213698,-0.0024996812121713076,0.15,-0.04520499212517025,0.45,0.7628365225755457
AOI-0034,2020-04-29,пастбища/зерновые,0.6231500021841689,0.6327796927480247,0.027096986979047177,0.15,0.08113435760671375,0.45,0.673354701717903
AOI-0034,2020-05-04,пастбища/зерновые,0.6501298053727941,0.6533914232667276,0.032814874674341625,0.15,0.0562158073114282,0.45,0.6836107677580215
AOI-0034,2020-05-24,пастбища/зерновые,0.7103317857313276,0.7040154865249427,-0.02707855422094679,0.15,-0.032915906075103016,0.45,0.6851415456580043
AOI-0034,2020-05-31,пастбища/зерновые,0.518526321436611,0.5282991877102228,0.03551516900574802,0.15,0.06619114918411456,0.45,0.5634124801939365
AOI-0034,2020-06-03,пастбища/зерновые,0.5135146159319142,0.5304965444057221,0.04598826114212793,0.15,0.0655476037640299,0.45,0.5668912052708548
AOI-0034,2020-07-10,пастбища/зерновые,0.12093581694996619,0.12672145628476145,0.02335180144809643,0.15,0.025112105589091282,0.45,0.14152467401706698
AOI-0034,2020-07-16,пастбища/зерновые,0.08233076899111592,0.09227684677869252,0.010591957847131035,0.15,0.033433752018453985,0.45,0.10891082886406647
AOI-0034,2020-07-23,пастбища/зерновые,0.08161338396822806,0.0815494824780974,0.007095970236728752,0.15,0.023228451231055908,0.45,0.09306668106758187
AOI-0034,2020-07-25,пастбища/зерновые,0.13797853082814637,0.1429899885040288,0.02487312696549761,0.15,0.022625252836878176,0.45,0.15690232132544862
AOI-0034,2020-07-28,пастбища/зерновые,0.114078974269483,0.11239217148123802,0.009117008186858778,0.15,0.002555181536176835,0.45,0.11490955440054641
AOI-0034,2020-07-31,пастбища/зерновые,0.10780547492353189,0.11384071423687167,0.00382260432025124,0.15,0.011726044240488176,0.45,0.11969082479312904
AOI-0034,2020-08-07,пастбища/зерновые,0.09480990264845898,0.09761643209082674,0.016388715670240365,0.15,0.024249524654629546,0.45,0.11098702553594608
AOI-0034,2020-08-11,пастбища/зерновые,0.12211941294878487,0.12606684446773822,0.023632076105823605,0.15,0.022999466476681454,0.45,0.1399614157981184
AOI-0034,2020-09-03,пастбища/зерновые,0.10723224434657852,0.11225520611608958,0.025871184069077322,0.15,0.02312811375727951,0.45,0.12654353491722695
AOI-0034,2020-09-04,пастбища/зерновые,0.09344675482153392,0.10859638236946985,0.02238544131711528,0.15,0.034599185260950426,0.45,0.12752383193446484
AOI-0034,2020-09-29,пастбища/зерновые,0.1409700855832226,0.13689925973549483,0.009283307533163542,0.15,-0.010329450540468157,0.45,0.13364350312225867
AOI-0034,2020-10-15,пастбища/зерновые,0.17043671860625562,0.16458610632345777,0.024496615862841364,0.15,0.0027448630150286196,0.45,0.16949578705964685
AOI-0034,2021-04-12,пастбища/зерновые,0.1578073932932681,0.16189799593802526,0.032112042638356326,0.15,-0.0065893524564822805,0.45,0.16374959372836168
AOI-0034,2021-04-22,пастбища/зерновые,0.15769366991256667,0.1604835696244959,0.0026710137266765044,0.15,-0.004627279683676075,0.45,0.15880194582584312
AOI-0034,2021-05-01,пастбища/зерновые,0.18367785545733412,0.18514375324964039,0.03922896407194708,0.15,0.01611723492706638,0.45,0.19828085357761233
AOI-0034,2021-05-07,пастбища/зерновые,0.18052087845271966,0.17431160924218914,0.018933333957296,0.15,0.007712357065496471,0.45,0.18062217001525693
AOI-0034,2021-05-10,пастбища/зерновые,0.1979822111588913,0.1907710501638352,0.017731765830262747,0.15,0.006951188814413744,0.45,0.1965588500048608
AOI-0034,2021-05-29,пастбища/зерновые,0.1665237212519514,0.1726204236884839,0.009529528887663532,0.15,-0.0047261346125692435,0.45,0.17192309244597725
AOI-0034,2021-07-26,пастбища/зерновые,0.10647757939298089,0.11390447580893161,0.006273552676915904,0.15,0.010690124795052578,0.45,0.11965606486824265
AOI-0034,2021-07-28,пастбища/зерновые,0.14400058889392192,0.13352017240638758,-0.014066501648433375,0.15,-0.016971848937086444,0.45,0.12377286513743369
AOI-0034,2021-07-31,пастбища/зерновые,0.09510443816405553,0.10674054339194572,0.013605053599451512,0.15,0.028474884449414827,0.45,0.12159499943410011
AOI-0034,2021-08-02,пастбища/зерновые,0.11340410659281691,0.11307657326297933,0.010559282131023234,0.15,0.016983594882966156,0.45,0.12230308327996758
AOI-0034,2021-08-06,пастбища/зерновые,0.1570941266838592,0.16528115485300632,0.031048364429480387,0.15,0.020863560110057983,0.45,0.17932701156695446
AOI-0034,2021-08-17,пастбища/зерновые,0.11101665317295513,0.1115708264305949,0.009176757230318942,0.15,0.005713926430130477,0.45,0.11551860690870146
AOI-0034,2021-08-29,пастбища/зерновые,0.19727405506929802,0.19034550550860727,0.004989122783917219,0.15,0.00272768737438539,0.45,0.19232133324466827
AOI-0034,2021-09-11,пастбища/зерновые,0.09568746862430834,0.10490661944198536,0.04025474685085131,0.15,0.01387223162403101,0.45,0.117187335700427
AOI-0034,2021-09-14,пастбища/зерновые,0.11109077407049647,0.11620276168614051,0.012659562320882872,0.15,0.010160740008725962,0.45,0.12267402903819963
AOI-0034,2021-09-15,пастбища/зерновые,0.11261545736575376,0.12503689537485208,0.04092300357989365,0.15,0.026463447233505348,0.45,0.14308389716691355
AOI-0034,2021-10-06,пастбища/зерновые,0.27891773255167895,0.2873279070019631,0.027650011041527662,0.15,0.015244470912147515,0.45,0.2983354205686586
AOI-0034,2021-10-09,пастбища/зерновые,0.30742478317215716,0.3177807015242747,0.024265119889753297,0.15,0.025146330594518353,0.45,0.33273631827527095
AOI-0034,2022-04-12,пастбища/зерновые,0.7337834439223536,0.7344638030281698,-0.00932051822708525,0.15,-0.06449105440578887,0.45,0.7040447508115021
AOI-0034,2022-05-29,пастбища/зерновые,0.8420997300951152,0.8377857271084299,-0.011478568145712142,0.15,-0.03236123637809428,0.45,0.8215013855164306
AOI-0034,2022-06-11,пастбища/зерновые,0.42944972917791585,0.44038697639170254,0.007596847324226419,0.15,0.006810265602766688,0.45,0.44459112301158155
AOI-0034,2022-06-20,пастбища/зерновые,0.3110304297191742,0.31119538048788986,0.0042845286609465615,0.15,0.003674275624838303,0.45,0.31349148381820907
AOI-0034,2022-06-30,пастбища/зерновые,0.2612291228970964,0.2644424608152177,0.011380456446848191,0.15,0.008369940467971217,0.45,0.269916002492832
AOI-0034,2022-08-25,пастбища/зерновые,0.1159009684785695,0.1259717686048043,0.01601612564818324,0.15,0.009278950093939859,0.45,0.1325497149943047
AOI-0034,2022-09-06,пастбища/зерновые,0.11702906289793108,0.12452663262731,0.031581366760229816,0.15,0.0243052490858788,0.45,0.14020119972998993
AOI-0034,2022-09-09,пастбища/зерновые,0.10317349475670043,0.11573102685786371,0.017863227743961988,0.15,0.018595151865087957,0.45,0.1267783293587476
AOI-0034,2022-10-01,пастбища/зерновые,0.10997929078483537,0.11870676775930156,0.029401598423137627,0.15,0.017763803835258225,0.45,0.1311107192486384
AOI-0034,2022-10-06,пастбища/зерновые,0.12357858009834492,0.13325376237706968,0.03768293125314711,0.15,0.018797535169712273,0.45,0.14736509289141228
AOI-0034,2023-04-04,пастбища/зерновые,0.19654685179769804,0.19138511331225685,0.0035743319908181125,0.15,0.002209553383267808,0.45,0.19291556213335007
AOI-0034,2023-04-17,пастбища/зерновые,0.12978763006209215,0.14351148802394711,0.02618786584568034,0.15,0.01590767839030425,0.45,0.15459812317643606
AOI-0034,2023-04-23,пастбища/зерновые,0.2588184212263913,0.28043176499066713,0.04204518969131699,0.15,0.08758719226541797,0.45,0.32615277996380276
AOI-0034,2023-05-31,пастбища/зерновые,0.19511208833139848,0.2029954655251546,0.02452060555596899,0.15,0.01821196975932341,0.45,0.21486894275024548
AOI-0034,2023-07-21,пастбища/зерновые,0.14026349288535228,0.15516893496567963,0.013625437577559057,0.15,0.021283231915090045,0.45,0.16679020496410402
AOI-0034,2023-07-23,пастбища/зерновые,0.127440761543706,0.127606082600867,0.01583820171403594,0.15,0.0021630057891546834,0.45,0.130955165463092
AOI-0034,2023-07-28,пастбища/зерновые,0.21152129597199776,0.20732719600965735,0.0023336946121163037,0.15,-0.0052137409704925315,0.45,0.20533106676475316
AOI-0034,2023-08-08,пастбища/зерновые,0.15890194447387315,0.17027364611669474,0.01254975972197921,0.15,0.006936311327244993,0.45,0.17527745017225188
AOI-0034,2023-08-17,пастбища/зерновые,0.13185724796221782,0.13280987310520637,0.011830469534705245,0.15,0.00718318199766792,0.45,0.13781687543436272
AOI-0034,2023-09-26,пастбища/зерновые,0.23564947136108338,0.23746500550079172,0.010489532400744007,0.15,0.005738695205939751,0.45,0.2416208482035762
AOI-0034,2023-09-28,пастбища/зерновые,0.2684956877724136,0.2721380019086127,0.025428418920317497,0.15,0.020395013398451175,0.45,0.2851300207759634
AOI-0034,2023-09-30,пастбища/зерновые,0.3933526737019416,0.38720589467142064,0.004864043522789738,0.15,0.004202897722733275,0.45,0.38982680517506907
AOI-0034,2023-10-01,пастбища/зерновые,0.2819945925192268,0.28369243436240077,0.007164164509308423,0.15,0.01896423181240591,0.45,0.29330096335437966
AOI-0034,2024-04-28,пастбища/зерновые,0.8477374178566178,0.839774827549752,-0.009160754984916735,0.15,-0.04311257468825809,0.45,0.8190000556922983
AOI-0034,2024-05-09,пастбища/зерновые,0.7787900807834643,0.7776387235016202,0.004960575013976833,0.15,-0.013917985075797331,0.45,0.772119716469608
AOI-0034,2024-05-10,пастбища/зерновые,0.7787566726274753,0.7722723464638884,0.006032949010335788,0.15,-0.0336040229621323,0.45,0.7580554784824792
AOI-0034,2024-05-21,пастбища/зерновые,0.698805103835521,0.7049746758292615,0.009601520834204156,0.15,0.06222680965335521,0.45,0.7344169682984021
AOI-0034,2024-06-26,пастбища/зерновые,0.21041910193032454,0.21453171193309414,0.018003482029956382,0.15,0.016348961142615064,0.45,0.22458926675176438
AOI-0034,2024-08-16,пастбища/зерновые,0.11056038930102301,0.11103072235026314,0.015781302563044313,0.15,0.01718728815688973,0.45,0.12113219740532016
AOI-0034,2024-09-06,пастбища/зерновые,0.09371319407785858,0.10887265077415716,0.02468247464224742,0.15,0.038646982539127225,0.45,0.12996616411310152
AOI-0034,2024-09-07,пастбища/зерновые,0.1185842018412424,0.12354130770899369,0.03200307100552011,0.15,0.03558072381542737,0.45,0.144353094076764
AOI-0034,2024-09-13,пастбища/зерновые,0.12512646858264653,0.11761689464341278,-0.009660683113551703,0.15,-0.007026226238645496,0.45,0.11300599036898955
AOI-0034,2024-09-14,пастбища/зерновые,0.130039539181344,0.1338056601870349,0.025436951127973593,0.15,0.028026747951059895,0.45,0.1502332394342079
AOI-0034,2024-10-05,пастбища/зерновые,0.11609343810050879,0.12073048572793364,0.024455003250747172,0.15,0.010470487480288468,0.45,0.12911045558167553
AOI-0034,2024-10-09,пастбища/зерновые,0.1480638747212215,0.15501276583258583,0.04304462882680832,0.15,0.015822162505368473,0.45,0.16858943328402287
AOI-0034,2024-10-15,пастбища/зерновые,0.15850793763034776,0.1489930652836642,0.01888925092550502,0.15,0.0007556606372467463,0.45,0.15216650020925102
AOI-0034,2024-10-25,пастбища/зерновые,0.09697724364950272,0.09535641738353172,0.03177801713397168,0.15,0.029263627774054224,0.45,0.11329175245195186
AOI-0034,2024-10-30,пастбища/зерновые,0.08722548372566134,0.08722118371868422,0.029144856225824748,0.15,0.031332209711215024,0.45,0.10569240652260468
AOI-0036,2010-05-28,пастбища/зерновые,0.34842034582256504,0.35345990972666846,0.013003714250639165,0.15,0.017869925136082335,0.45,0.3634519331755014
AOI-0036,2010-06-10,пастбища/зерновые,0.45983778389987195,0.44920573737807756,0.010323511398273578,0.15,-0.03180126065500496,0.45,0.4364436967930664
AOI-0036,2010-07-06,пастбища/зерновые,0.29426389432115774,0.30298505891818894,0.02205861494505117,0.15,0.03769432642529553,0.45,0.3232562980513296
AOI-0036,2010-07-07,пастбища/зерновые,0.290036412511985,0.2977724049524705,0.018674651931881767,0.15,0.0460468197591931,0.45,0.32129467163388964
AOI-0036,2010-07-28,пастбища/зерновые,0.25936507499662464,0.2545748580770815,0.005659872210056688,0.15,0.0005491780955602041,0.45,0.25567096905159215
AOI-0036,2010-07-30,пастбища/зерновые,0.19315560633290335,0.20404554842544242,0.021853392264138082,0.15,0.031309381011392905,0.45,0.22141277872018994
AOI-0036,2010-09-01,пастбища/зерновые,0.10987215550803073,0.12575577654523032,0.031722958775773975,0.15,0.035855983078088946,0.45,0.14664941274673643
AOI-0036,2010-09-14,пастбища/зерновые,0.1743137860572062,0.1820505303871942,0.020153937216632927,0.15,0.004880386327121292,0.45,0.18726979481689374
AOI-0036,2010-09-30,пастбища/зерновые,0.21677812802597352,0.22034711674425386,0.023986246026667258,0.15,0.009987876498699049,0.45,0.22843959807266853
AOI-0036,2011-07-01,пастбища/зерновые,0.3829155232814603,0.3835982782508877,0.007604529513258965,0.15,0.04682148527554324,0.45,0.405808626051871
AOI-0036,2011-07-12,пастбища/зерновые,0.36816360770220313,0.3679088746822055,0.005666751173977965,0.15,-0.03103956547983271,0.45,0.3547910828923775
AOI-0036,2012-04-22,пастбища/зерновые,0.5397036493555563,0.5385784894126279,0.03429382771926416,0.15,0.004665367188979726,0.45,0.5458219788055584
AOI-0036,2012-07-20,пастбища/зерновые,0.22599808824516296,0.23067757341073053,0.0026995469403966335,0.15,0.0301650413718605,0.45,0.24465677406912725
AOI-0036,2012-07-27,пастбища/зерновые,0.27631241617331176,0.2734838204052566,-0.015058237055891592,0.15,-0.013373988117379268,0.45,0.2652067901940522
AOI-0036,2012-09-06,пастбища/зерновые,0.13585618530487603,0.14616840066696754,0.028824033004485102,0.15,0.030049164757075565,0.45,0.16401412975832433
AOI-0036,2012-09-13,пастбища/зерновые,0.1716611952630178,0.17329421282136104,0.009412954429514727,0.15,-0.0003254097362149171,0.45,0.17455972160449154
AOI-0036,2012-09-29,пастбища/зерновые,0.1876106713251978,0.1890820853037228,0.016613887047423694,0.15,-5.071060437492337e-05,0.45,0.19155134858886763
AOI-0036,2012-10-15,пастбища/зерновые,0.20368079026086,0.202718922668392,0.02211457775046961,0.15,0.0016897152671358172,0.45,0.20679648120117355
AOI-0036,2013-04-02,пастбища/зерновые,0.14843128074843634,0.16111516599977133,0.006416760706316989,0.15,0.04007180044385525,0.45,0.18010999030545374
AOI-0036,2013-06-10,пастбища/зерновые,0.3328503673601365,0.3280888318504795,0.0077669620223387815,0.15,-0.037312614245710723,0.45,0.3124631997432605
AOI-0036,2013-06-26,пастбища/зерновые,0.35799715541099597,0.35174798962116305,0.004842525879840389,0.15,-0.026319049919275427,0.45,0.34063079603946517
AOI-0036,2013-06-28,пастбища/зерновые,0.243133883751099,0.2496717539824193,0.004731862673494362,0.15,0.04185542002303215,0.45,0.26921647239380797
AOI-0036,2013-09-14,пастбища/зерновые,0.3942985900940661,0.3889294242464936,0.004950108880852819,0.15,0.004170794382890487,0.45,0.39154879805092224
AOI-0036,2013-10-10,пастбища/зерновые,0.28598886967876513,0.2854816531606628,0.010156346620550812,0.15,-0.006215035427075383,0.45,0.2842083392115615
AOI-0036,2014-04-23,пастбища/зерновые,0.4844422900748921,0.4892563659479644,0.041095964944966944,0.15,0.030478136145624862,0.45,0.5091359219552406
AOI-0036,2014-05-25,пастбища/зерновые,0.38892597049748767,0.39616988014701143,0.030320228637914944,0.15,0.02386994657615999,0.45,0.41145939040197066
AOI-0036,2014-06-24,пастбища/зерновые,0.22706329572562148,0.23596187624393483,0.01331632462152867,0.15,0.02549564726150058,0.45,0.24943236620483938
AOI-0036,2014-08-02,пастбища/зерновые,0.13991260630086327,0.1481241098154438,0.010896990525558477,0.15,0.02233215464811163,0.45,0.1598081279859278
AOI-0036,2014-10-05,пастбища/зерновые,0.15155060387295347,0.1580051995747383,0.014546682084750361,0.15,0.020069414326154486,0.45,0.16921843833422037
AOI-0036,2014-10-14,пастбища/зерновые,0.17196777214874356,0.17911070349276073,0.020749770232899412,0.15,0.021918341547322327,0.45,0.19208642272399068
AOI-0036,2015-05-25,пастбища/зерновые,0.46345463327429465,0.45050772844540066,-0.035975999640877714,0.15,-0.019619879007807116,0.45,0.4362823829457558
AOI-0036,2015-07-28,пастбища/зерновые,0.21385700709459723,0.2134059198127838,-0.0005286323119499349,0.15,0.006737074943721361,0.45,0.21635830869066594
AOI-0036,2015-08-06,пастбища/зерновые,0.1488795864323887,0.15992333430805114,0.026759045782423285,0.15,0.031184585825318613,0.45,0.177970254796808
AOI-0036,2015-09-06,пастбища/зерновые,0.11362006199700252,0.12395346116116765,0.029733873121664593,0.15,0.026492799822901127,0.45,0.14033530204972283
AOI-0036,2015-09-30,пастбища/зерновые,0.1812433787301045,0.18042597262887972,0.010597420845615105,0.15,0.004478134075505457,0.45,0.18403074608969944
AOI-0036,2016-06-09,пастбища/зерновые,0.38165799809256995,0.37961430487736975,0.005940636349223362,0.15,-0.02633677867189955,0.45,0.36865384992739847
AOI-0036,2016-07-15,пастбища/зерновые,0.27111277751376717,0.2742649323006684,0.0007059883867010829,0.15,0.0394735649388873,0.45,0.29213393478117283
AOI-0036,2016-07-27,пастбища/зерновые,0.3477435016312608,0.3359610756902334,-0.014106129697523288,0.15,-0.03294706305105262,0.45,0.3190189778626313
AOI-0036,2016-08-23,пастбища/зерновые,0.20564878870935321,0.21066090783958838,0.009020935581650454,0.15,0.02692022813493289,0.45,0.22412815083755575
AOI-0036,2016-09-25,пастбища/зерновые,0.1565461198463711,0.16626534732144857,0.0248041976993548,0.15,0.02335528299898595,0.45,0.18049585432589546
AOI-0036,2016-10-26,пастбища/зерновые,0.21855311114169257,0.22735777002567586,0.04123242270093592,0.15,0.021714796228954922,0.45,0.24331429173384594
AOI-0036,2017-04-12,пастбища/зерновые,0.3713043404653028,0.3674035717740602,-0.010182370879035004,0.15,0.02397124293505596,0.45,0.3766632754629801
AOI-0036,2017-07-04,пастбища/зерновые,0.1644281585641382,0.17278431613555195,0.01509722665256916,0.15,0.030887253194526388,0.45,0.1889481640709742
AOI-0036,2017-07-25,пастбища/зерновые,0.20120626727324378,0.21295016364998304,0.008442676722931527,0.15,0.01805087436070409,0.45,0.22233945862073962
AOI-0036,2017-07-28,пастбища/зерновые,0.2629539976344266,0.2633068661523187,0.004125872828468013,0.15,-0.0027741495402391,0.45,0.26267737978348127
AOI-0036,2017-08-18,пастбища/зерновые,0.15697765535799835,0.16698916863420174,0.027783813713062083,0.15,0.028999441722106323,0.45,0.1842064894661089
AOI-0036,2017-08-21,пастбища/зерновые,0.11922929222336975,0.13440304985262752,0.0313853816288653,0.15,0.025618805011202526,0.45,0.15063931935199845
AOI-0036,2017-08-26,пастбища/зерновые,0.11993377465944462,0.1336683852171181,0.0270397737550143,0.15,0.023874598018454436,0.45,0.14846792038867473
AOI-0036,2017-08-27,пастбища/зерновые,0.15460260927619981,0.1676885724374958,0.037072293799960396,0.15,0.028897810648921985,0.45,0.18625343129950475
AOI-0036,2017-09-04,пастбища/зерновые,0.15205830371845003,0.16221415860806293,0.028843210089883452,0.15,0.015452014172401047,0.45,0.17349404649912592
AOI-0036,2018-06-03,пастбища/зерновые,0.35710544247327936,0.36322915968353153,0.03743682227756286,0.15,0.04929147328968726,0.45,0.39102584600552526
AOI-0036,2018-06-26,пастбища/зерновые,0.23751281038755057,0.2342778520309605,-0.011796167759712553,0.15,-0.008125206791105908,0.45,0.22885208381100594
AOI-0036,2018-07-12,пастбища/зерновые,0.2087604096614529,0.20733602025736858,-0.010086296876391804,0.15,-0.006103931788515674,0.45,0.20307630642107774
AOI-0036,2018-08-22,пастбища/зерновые,0.1502775117734373,0.15997020050311492,0.022279281028438496,0.15,0.014505296959955765,0.45,0.1698394762893608
AOI-0036,2018-08-29,пастбища/зерновые,0.18201173685617458,0.17985066821645385,-0.008052464820665881,0.15,-0.0036538379571758595,0.45,0.17699857141262482
AOI-0036,2018-09-05,пастбища/зерновые,0.12927946069521923,0.13469653451729455,0.022131927837345324,0.15,0.012073603059310097,0.45,0.1434494450695859
AOI-0036,2018-09-06,пастбища/зерновые,0.1457751917189903,0.15507552534860508,0.028796263574545535,0.15,0.027707502815203185,0.45,0.17186334115162835
AOI-0036,2018-10-01,пастбища/зерновые,0.12929058902351612,0.1401479285322932,0.035870776181064726,0.15,0.031465325383442225,0.45,0.1596879413820019
AOI-0036,2018-10-09,пастбища/зерновые,0.16195805021134557,0.1669638989531709,0.011898320443465785,0.15,0.017239962522137428,0.45,0.17650663015465262
AOI-0036,2018-10-12,пастбища/зерновые,0.17217068653592776,0.17878724686520056,0.014439447022847569,0.15,0.024691677604014663,0.45,0.1920644188404343
AOI-0036,2019-05-21,пастбища/зерновые,0.5357241078157152,0.536001901977239,0.008213720063826781,0.15,0.0016852220545296218,0.45,0.5379923099113514
AOI-0036,2019-05-25,пастбища/зерновые,0.5109116219063594,0.500269592651332,-0.032877177140903706,0.15,0.021020374065936917,0.45,0.504797184409868
AOI-0036,2019-05-29,пастбища/зерновые,0.4833927754904193,0.4841301516966959,0.020947950840810303,0.15,0.012898209836470928,0.45,0.4930765387492293
AOI-0036,2019-06-04,пастбища/зерновые,0.37860293201327866,0.37823536756918436,0.017264433619354598,0.15,0.01279437276084108,0.45,0.38658250035446606
AOI-0036,2019-06-17,пастбища/зерновые,0.1559240484595325,0.17000143948803942,0.012404000451696266,0.15,0.07884682731503874,0.45,0.20734311184756127
AOI-0036,2019-07-12,пастбища/зерновые,0.16826063482504405,0.16752821578617108,0.006965217978200451,0.15,0.018542639122231013,0.45,0.1769171860879051
AOI-0036,2019-07-28,пастбища/зерновые,0.262492285779323,0.25437497673494047,0.0025442631745919335,0.15,0.01215566428934245,0.45,0.26022666514133336
AOI-0036,2019-07-29,пастбища/зерновые,0.19734393332699668,0.20309318652837363,0.016374633517637027,0.15,0.014995673915794098,0.45,0.21229743481812652
AOI-0036,2019-08-01,пастбища/зерновые,0.20295943414706125,0.21200908669514262,0.009433043568089331,0.15,0.026940210902259287,0.45,0.2255471381363727
AOI-0036,2019-08-26,пастбища/зерновые,0.14658100627082912,0.15776825323309698,0.01576114458193845,0.15,0.023143009804818388,0.45,0.17054677933255605
AOI-0036,2019-08-29,пастбища/зерновые,0.18604327092667522,0.1836643895220741,0.005973319857315013,0.15,0.011067293512210894,0.45,0.18954066958116622
AOI-0036,2019-09-15,пастбища/зерновые,0.1262313152917141,0.134914048568902,0.017544926387045686,0.15,0.016591008078104572,0.45,0.1450117411621059
AOI-0036,2019-10-15,пастбища/зерновые,0.3148503689054297,0.3166212986432236,0.014135767187359694,0.15,0.0049700626527506885,0.45,0.3209781919150654
AOI-0036,2019-10-19,пастбища/зерновые,0.4085615118504279,0.40306824536173386,0.0065554777535968296,0.15,0.02379432239690771,0.45,0.4147590121033819
AOI-0036,2019-10-22,пастбища/зерновые,0.41240676480725214,0.4139815994492155,0.0202571275595528,0.15,0.03408725369190578,0.45,0.432359432744506
AOI-0036,2020-04-04,пастбища/зерновые,0.4945368882469951,0.48931502885160216,0.003357042284973231,0.15,-0.013741157206692011,0.45,0.4836350644513367
AOI-0036,2020-04-06,пастбища/зерновые,0.527224501652126,0.5165527764233984,-0.003095252320956125,0.15,-0.021029961827871757,0.45,0.5066250057527126
AOI-0036,2020-05-24,пастбища/зерновые,0.5012329134116449,0.49363120571784513,-0.005044119403964937,0.15,0.020030591137756834,0.45,0.501888353819241
AOI-0036,2020-05-29,пастбища/зерновые,0.44186240268438215,0.4388601587120998,0.01949858927377159,0.15,-0.008529880815867726,0.45,0.4379465007360251
AOI-0036,2020-06-11,пастбища/зерновые,0.3257144396601063,0.3347979164685941,0.010002361625139271,0.15,0.0070568819082004325,0.45,0.33947386757105513
AOI-0036,2020-08-10,пастбища/зерновые,0.09754657949392623,0.11026601905466384,0.020705345812172236,0.15,0.03679714313091271,0.45,0.1299305353354004
AOI-0036,2020-08-19,пастбища/зерновые,0.1368252719393958,0.14680686290876885,0.03366959196210925,0.15,0.027196143290925134,0.45,0.16409556618400153
AOI-0036,2020-08-26,пастбища/зерновые,0.149235734433931,0.15961038229018418,0.03323731852950101,0.15,0.019728302430442487,0.45,0.17347371616330845
AOI-0036,2020-08-28,пастбища/зерновые,0.1748947871545877,0.17794929239057622,0.01232797561447736,0.15,0.006828446814576531,0.45,0.18287128979930725
AOI-0036,2020-09-20,пастбища/зерновые,0.15107292819538753,0.1607460086949956,0.038822676683623304,0.15,0.02277561295591751,0.45,0.17681843602770198
AOI-0036,2020-10-19,пастбища/зерновые,0.09505629033110523,0.10533388584861611,0.02308749771817137,0.15,0.04035463012523644,0.45,0.1269565940626982
AOI-0036,2020-10-26,пастбища/зерновые,0.10152282632821762,0.11418066155920828,0.051255819176473365,0.15,0.04207922348787815,0.45,0.14080468500522444
AOI-0036,2021-06-26,пастбища/зерновые,0.2708704716878102,0.26200625328107047,-0.021568415039373273,0.15,-0.023766603901298387,0.45,0.2480760192695802
AOI-0036,2021-07-21,пастбища/зерновые,0.14958344018993808,0.1595524638193639,0.013494354032594334,0.15,0.031901434049085624,0.45,0.17593226224634156
AOI-0036,2021-07-26,пастбища/зерновые,0.156782855694662,0.16508300016656613,0.010745118130307218,0.15,0.022253163996455563,0.45,0.17670869168451722
AOI-0036,2021-08-06,пастбища/зерновые,0.19327163977943995,0.20364922582805542,0.035357500314971056,0.15,0.03399395471105192,0.45,0.22425013049527445
AOI-0036,2021-08-17,пастбища/зерновые,0.19726079825060014,0.20044138462343436,-0.0015521836667537299,0.15,0.019103861891269912,0.45,0.20880529492449276
AOI-0036,2021-10-14,пастбища/зерновые,0.3105258791117973,0.3130629867069177,0.024467767294886554,0.15,0.028215810268727187,0.45,0.32943026642207784
AOI-0036,2022-04-07,пастбища/зерновые,0.41014486070095396,0.40001119127340906,0.005407293603293427,0.15,-0.03823419528007298,0.45,0.38361689743787025
AOI-0036,2022-06-14,пастбища/зерновые,0.2780202127576675,0.28469967061701823,0.030727796366315497,0.15,0.014398845826067102,0.45,0.29578832069369576
AOI-0036,2022-06-26,пастбища/зерновые,0.2548861826830196,0.24742379553558652,-0.0019593742798760206,0.15,-0.0014042483534993783,0.45,0.24649797763453038
AOI-0036,2022-07-07,пастбища/зерновые,0.2074938117843473,0.21656239711565675,0.03251739419430591,0.15,0.03520814124321873,0.45,0.23728366980425109
AOI-0036,2022-07-21,пастбища/зерновые,0.12899950455932363,0.134977376764135,0.000838665502718665,0.15,0.02492438291832296,0.45,0.14631914890278813
AOI-0036,2022-08-13,пастбища/зерновые,0.15012343065804565,0.14688104922100453,-0.00021889613865634216,0.15,0.01395330035545444,0.45,0.15312719996016058
AOI-0036,2022-08-22,пастбища/зерновые,0.1253495243920547,0.13081130299545385,0.02047192845252527,0.15,0.0165474711005337,0.45,0.1413284542585728
AOI-0036,2022-08-24,пастбища/зерновые,0.14338771774894335,0.15346853956028897,0.03389209402177447,0.15,0.03056122967969651,0.45,0.17230490701941856
AOI-0036,2022-09-14,пастбища/зерновые,0.17159274856344137,0.17180815284809198,0.012763186209646785,0.15,0.007621813271934388,0.45,0.17715244675190947
AOI-0036,2022-09-18,пастбища/зерновые,0.13230215997041006,0.13926985505784734,0.030081833686480337,0.15,0.02363936769587939,0.45,0.15441984557396513
AOI-0036,2023-04-17,пастбища/зерновые,0.38082552314508655,0.38118143309913766,-0.024205683282243932,0.15,0.011425525400702975,0.45,0.38269206703711744
AOI-0036,2023-05-09,пастбища/зерновые,0.6694748418032682,0.6593454200394476,-0.001688302822427319,0.15,0.01369831501395532,0.45,0.6652564163723634
AOI-0036,2023-06-18,пастбища/зерновые,0.3632294639590253,0.3539818091441722,-0.020983075322804048,0.15,0.005507219455262962,0.45,0.35331259660062
AOI-0036,2023-06-25,пастбища/зерновые,0.37961048226874083,0.37972443194233535,0.016957416026653346,0.15,0.029005795719504963,0.45,0.39532065242011055
AOI-0036,2023-07-02,пастбища/зерновые,0.3754066539766727,0.3733605488739248,0.014477794687534826,0.15,0.020747429261131087,0.45,0.384868561244564
AOI-0036,2023-08-17,пастбища/зерновые,0.1885351077946347,0.19139634442160433,0.015248513789900834,0.15,0.012910335912913476,0.45,0.19949327265090053
AOI-0036,2023-09-29,пастбища/зерновые,0.1565322976834278,0.15926159809843302,0.007679473320584562,0.15,0.012930438491763141,0.45,0.16623221641781413
AOI-0036,2023-10-16,пастбища/зерновые,0.2268668857779903,0.22372004167767326,0.026809711606570263,0.15,0.011735202365488171,0.45,0.23302233948312848
AOI-0036,2023-10-23,пастбища/зерновые,0.18138228815775867,0.18963645427192732,0.03356026429232161,0.15,0.029856567684632112,0.45,0.20810594937386
AOI-0036,2024-04-13,пастбища/зерновые,0.37553863821457195,0.37021334953725193,-0.0025969660248943054,0.15,0.005909135352837566,0.45,0.3724829155422947
AOI-0036,2024-05-06,пастбища/зерновые,0.5087666764001386,0.5071295517542513,0.0187687915424258,0.15,-0.010437148587735801,0.45,0.5052481536211341
AOI-0036,2024-05-10,пастбища/зерновые,0.4597349998081932,0.4579713486703211,0.0130801808838138,0.15,0.030211674140648202,0.45,0.4735286291661849
AOI-0036,2024-05-16,пастбища/зерновые,0.46218936357331886,0.4620399791493282,0.012880032694242125,0.15,-0.0023304639638520733,0.45,0.4629232752697311
AOI-0036,2024-05-18,пастбища/зерновые,0.43845035453705833,0.4343580512521141,0.005941298890395925,0.15,0.0057012008310433635,0.45,0.43781478645964295
AOI-0036,2024-05-23,пастбища/зерновые,0.3874866476171558,0.3848833726087377,0.016518204189245354,0.15,0.0028070079368782883,0.45,0.3886242568087197
AOI-0036,2024-06-07,пастбища/зерновые,0.20982863754936204,0.21165213443364655,-0.004989956576041308,0.15,0.008826865442359734,0.45,0.21487573039630223
AOI-0036,2024-07-22,пастбища/зерновые,0.12831470347817214,0.1360706695281595,0.014759235609251495,0.15,0.02171480161969388,0.45,0.14805621559840945
AOI-0036,2024-07-25,пастбища/зерновые,0.1216638855989227,0.12946360515094676,0.01213662866810403,0.15,0.028581952358079938,0.45,0.14414597801229834
AOI-0036,2024-08-21,пастбища/зерновые,0.1284387491250118,0.13373677349934315,0.02015359015432722,0.15,0.015327497817765495,0.45,0.14365718604048672
AOI-0036,2024-08-28,пастбища/зерновые,0.15503786369627315,0.15063941908920195,0.00531998247531004,0.15,0.007255478247892281,0.45,0.15470238167205
AOI-0036,2024-09-15,пастбища/зерновые,0.1182667348611876,0.12361191424960047,0.016802035749239438,0.15,0.016012324124004256,0.45,0.1333377654677883
AOI-0036,2024-09-22,пастбища/зерновые,0.1476838083016752,0.15309488314330788,0.02955471361393604,0.15,0.023504928106414903,0.45,0.168105307833285
AOI-0036,2024-09-25,пастбища/зерновые,0.12186456850501004,0.1280868727893369,0.023147020220386134,0.15,0.013572419724937269,0.45,0.13766651469861657
AOI-0036,2024-09-28,пастбища/зерновые,0.11703267508258472,0.12363531046951115,0.020325502541619692,0.15,0.022819197475669687,0.45,0.13695277471480546
AOI-0039,2010-04-07,зерновые,0.39921477949962303,0.37491197071121074,-0.02207360128860457,0.45,-0.026542123672340278,0.45,0.35303489447878555
AOI-0039,2010-05-04,зерновые,0.4541241740289621,0.444124621875556,-0.0025395583509513235,0.45,0.025458702731563254,0.45,0.4544382368468314
AOI-0039,2010-05-28,зерновые,0.5608309328187928,0.5530697075096993,0.004054267493171321,0.45,0.00751169325324966,0.45,0.5582743898455887
AOI-0039,2010-07-15,зерновые,0.4093208158985789,0.4316415736303363,0.03165162700022519,0.45,0.06034415227886909,0.45,0.4730396743059287
AOI-0039,2010-09-30,зерновые,0.38164548153680644,0.3804602812613027,0.02844205164672719,0.45,-0.0307802561360556,0.45,0.3794080892411049
AOI-0039,2012-04-06,зерновые,0.4357181435187117,0.4142514012613848,-0.001461079556379116,0.45,-0.031168967816499048,0.45,0.3995678799435896
AOI-0039,2012-09-06,зерновые,0.30883857167476636,0.33182882455708934,0.02939724877695171,0.45,0.059264949316937654,0.45,0.3717268136993395
AOI-0039,2013-04-05,зерновые,0.27380100103759153,0.2808366024033519,0.008088229877770053,0.45,0.05596192446862479,0.45,0.3096591718592296
AOI-0039,2013-06-13,зерновые,0.3975405067565666,0.42315038050356657,0.027977205218839386,0.45,0.06634041516537832,0.45,0.4655933096764645
AOI-0039,2013-06-26,зерновые,0.45489149532933804,0.4523879706504351,-0.0018897779808559265,0.45,-0.01568449769387336,0.45,0.44447954659680694
AOI-0039,2013-07-12,зерновые,0.38330829181468157,0.39001220758286825,0.006200282865616184,0.45,-0.02419715894160603,0.45,0.3819136133486728
AOI-0039,2013-09-14,зерновые,0.5727266416003555,0.5511355537052833,0.009712154689625472,0.45,-0.04488089372017655,0.45,0.5353096211415354
AOI-0039,2014-04-07,зерновые,0.5673793335051764,0.5404279631641965,0.006760899044997976,0.45,-0.03154704690386018,0.45,0.5292741966277085
AOI-0039,2014-06-08,зерновые,0.47314055550209694,0.4839297166647573,0.018555553534389986,0.45,0.015906175414397473,0.45,0.49943749469171167
AOI-0039,2014-06-23,зерновые,0.3707766747512805,0.3955616263967689,0.01585418128034327,0.45,0.08932311175478505,0.45,0.44289140826257667
AOI-0039,2014-08-02,зерновые,0.28827005840916187,0.30830235856592725,0.021952796400456224,0.45,0.024016266456143385,0.45,0.32898843685139706
AOI-0039,2014-09-04,зерновые,0.25492525646891495,0.27872943588436727,0.021783311159708458,0.45,0.0575354216976647,0.45,0.3144228656701852
AOI-0039,2015-04-24,зерновые,0.4282019355809649,0.4321992828646328,0.005779013034257509,0.45,0.029727833685310356,0.45,0.4481773638884383
AOI-0039,2015-05-10,зерновые,0.5329527133070505,0.5224292267483719,-0.0002450139597982388,0.45,0.016197341438924824,0.45,0.5296077741139789
AOI-0039,2015-06-10,зерновые,0.4971760426562205,0.4934330878297302,-0.0001860184345672299,0.45,-0.010235265346373477,0.45,0.4887435101283069
AOI-0039,2015-07-28,зерновые,0.4138280124883447,0.4099896234488479,0.0038695908594730036,0.45,-0.01549848705978651,0.45,0.4047566201587068
AOI-0039,2015-08-14,зерновые,0.3309429333489805,0.35007362084299476,0.019221541554920795,0.45,0.03513223072488168,0.45,0.3745328183689059
AOI-0039,2015-08-21,зерновые,0.3281394611447289,0.3438814981201523,0.020747595886935543,0.45,0.04809922811213173,0.45,0.3748625689197326
AOI-0039,2015-09-22,зерновые,0.3981892181834049,0.41183736850257097,0.03154289911035134,0.45,0.04428832192185927,0.45,0.44596141796706573
AOI-0039,2015-09-23,зерновые,0.3957895140799069,0.41681553490891077,0.03433533552624086,0.45,0.04760290748701683,0.45,0.45368774426487674
AOI-0039,2016-04-25,зерновые,0.6294302875363842,0.6302279320080144,0.007172930506219572,0.45,0.008855314787417062,0.45,0.6374406423901509
AOI-0039,2016-05-08,зерновые,0.7064409734907521,0.6819632480063194,0.0013399427794616907,0.45,-0.05939202621881652,0.45,0.6558398104586096
AOI-0039,2016-07-06,зерновые,0.39012238119637127,0.4065074423219315,0.015437774741831368,0.45,0.08230167076089004,0.45,0.45049019279815616
AOI-0039,2016-09-08,зерновые,0.27610653449320854,0.29385705506721765,0.021144145175927557,0.45,0.049751249325818356,0.45,0.3257599825930033
AOI-0039,2016-10-03,зерновые,0.3315567145118081,0.3436603890337989,0.026632924605240246,0.45,0.03417579177021031,0.45,0.37102431140275166
AOI-0039,2016-10-15,зерновые,0.4160646807186417,0.4041037842322301,0.014542697647506108,0.45,-0.020667186858004217,0.45,0.40134776408750594
AOI-0039,2016-10-18,зерновые,0.35774875369746967,0.3715045389991449,0.029821587603834764,0.45,0.057896852612520845,0.45,0.41097783709650487
AOI-0039,2017-04-13,зерновые,0.34913938158513325,0.3821393815851333,0.03870030146706289,0.45,0.0735814459289714,0.45,0.43266616791334866
AOI-0039,2017-05-09,зерновые,0.6070382737401372,0.5956322674128817,0.006032474162095025,0.45,-0.07614310541681767,0.45,0.5640824833482565
AOI-0039,2017-08-13,зерновые,0.41290527469688704,0.3979355097867177,-0.0037668414388967513,0.45,-0.04734151672746438,0.45,0.3749367486118552
AOI-0039,2017-08-19,зерновые,0.35732655746095954,0.3724266726008184,0.021239184915762082,0.45,0.036499890174331945,0.45,0.3984092563913607
AOI-0039,2017-09-10,зерновые,0.42359714616362004,0.429470298900917,0.02024050348063806,0.45,0.04094597431103354,0.45,0.4570042139071692
AOI-0039,2017-09-11,зерновые,0.44197281229622853,0.43985519163795816,0.024634103745758893,0.45,0.03354366880815462,0.45,0.46603518928721926
AOI-0039,2017-09-17,зерновые,0.5034085766045072,0.5043747581026485,0.022003631918422337,0.45,-0.03329902344756949,0.45,0.4992918319145323
AOI-0039,2017-09-22,зерновые,0.5037973385362151,0.5100824000086273,0.026821407197349077,0.45,0.01791164207695286,0.45,0.5302122721820631
AOI-0039,2018-05-01,зерновые,0.5522849471211939,0.565317309645651,0.019034093296009576,0.45,0.002789583526764135,0.45,0.5751379642158991
AOI-0039,2018-08-14,зерновые,0.339352047627634,0.36996686843895144,0.015807462886338816,0.45,0.059687430813601304,0.45,0.4039395706039245
AOI-0039,2018-08-21,зерновые,0.3782955405469872,0.3958954506037988,0.01985165840106455,0.45,0.04181396590541925,0.45,0.42364498154171654
AOI-0039,2018-08-29,зерновые,0.39513120996641615,0.374584424239428,-0.006815996730266509,0.45,-0.04516585976445491,0.45,0.3511925888168034
AOI-0039,2019-04-25,зерновые,0.4825061002993196,0.4973762753026846,0.01698411851685639,0.45,0.024214781832572516,0.45,0.5159157804599276
AOI-0039,2019-06-02,зерновые,0.6439950271149946,0.6443403298293252,0.0035519280438304256,0.45,-0.01950832548474733,0.45,0.6371599509809126
AOI-0039,2019-06-10,зерновые,0.4990994424898473,0.5028365864509101,-0.008025234781681954,0.45,-0.04578954326367908,0.45,0.47861993633049765
AOI-0039,2019-06-14,зерновые,0.4228495624746653,0.4424478643267985,0.02381684771779911,0.45,0.06146292404603061,0.45,0.4808237616205219
AOI-0039,2019-07-04,зерновые,0.3392834431437827,0.36296996076020593,0.018622503162495127,0.45,0.09120483683080291,0.45,0.41239226375719007
AOI-0039,2019-07-17,зерновые,0.3238649776464957,0.3382918334469173,0.0090361147254789,0.45,0.05190205588343827,0.45,0.36571401022093003
AOI-0039,2019-08-01,зерновые,0.45108890760545917,0.4649047161028878,0.014534400310129317,0.45,0.00799171224518196,0.45,0.4750414667527779
AOI-0039,2019-08-09,зерновые,0.49074244581891996,0.5034146772934938,0.023718478663766782,0.45,-0.04173593744870059,0.45,0.4953068208402736
AOI-0039,2019-08-11,зерновые,0.45532980259045414,0.4661722548462147,0.012298279492504897,0.45,0.009857104126159477,0.45,0.4761421774746137
AOI-0039,2019-08-31,зерновые,0.36213269194334907,0.38268894654410657,0.02900140951203253,0.45,0.05253871189651327,0.45,0.41938200117795216
AOI-0039,2019-09-12,зерновые,0.3066851790751219,0.32908170873758774,0.030970632830193922,0.45,0.044678285202400046,0.45,0.36312372185225505
AOI-0039,2019-10-02,зерновые,0.3789012139637592,0.38913537767003953,0.03518789918115848,0.45,0.03967407031763399,0.45,0.42282326394449615
AOI-0039,2019-10-11,зерновые,0.49439402639302177,0.49437225245244226,0.027165944183336652,0.45,-0.01254690934106344,0.45,0.5009508181314652
AOI-0039,2019-10-12,зерновые,0.433326165864092,0.42386976841042706,0.008223467802462747,0.45,-0.02215047769623882,0.45,0.41760261395822784
AOI-0039,2019-10-16,зерновые,0.6038498045867228,0.5832956757952298,0.026837161911336626,0.45,-0.03298978511436868,0.45,0.5805269953538654
AOI-0039,2019-10-17,зерновые,0.5100437387512852,0.5073210187985181,0.026524714390769057,0.45,-0.022330873928541526,0.45,0.5092082470065206
AOI-0039,2019-10-25,зерновые,0.4370388731069442,0.44506295693732834,0.04239712875332905,0.45,0.042257521035039505,0.45,0.4831575493420942
AOI-0039,2020-04-12,зерновые,0.3603429363599976,0.38141639165254565,0.01958820807958684,0.45,0.0464437307064577,0.45,0.41113076410626564
AOI-0039,2020-04-21,зерновые,0.3763363016898215,0.39686586784187305,0.025805361859682043,0.45,0.05809018534261061,0.45,0.4346188640829048
AOI-0039,2020-04-24,зерновые,0.34325488401996,0.37625488401996,0.03200054479177719,0.45,0.05824377992179762,0.45,0.4168648301410687
AOI-0039,2020-05-14,зерновые,0.5607857388799196,0.5616090464924827,0.011487052037664484,0.45,-0.006657603278750826,0.45,0.5637822984339937
AOI-0039,2020-05-29,зерновые,0.5807306233600288,0.5696491481602534,0.002692212444303452,0.45,-0.010703190075196125,0.45,0.5660442082263517
AOI-0039,2020-06-28,зерновые,0.4349510863925188,0.4419677162744586,0.01969720845021277,0.45,0.059516834675733266,0.45,0.4776140356811343
AOI-0039,2020-07-23,зерновые,0.29596973509882707,0.30768911366445195,0.009765540466059305,0.45,0.051250849729296374,0.45,0.335146489252362
AOI-0039,2020-07-25,зерновые,0.3066325177198145,0.32586461661278954,0.013934460652356838,0.45,0.06534155276128902,0.45,0.3615388226489302
AOI-0039,2020-07-26,зерновые,0.275087334651386,0.2959658714124092,0.00677989187253943,0.45,0.03317974247752355,0.45,0.3139477068699375
AOI-0039,2020-08-03,зерновые,0.3253214839248955,0.3470128886045841,0.02472119833354423,0.45,0.06750767042491863,0.45,0.3885158795458924
AOI-0039,2020-08-07,зерновые,0.23874599074516,0.2698060097465991,0.03360088046804293,0.45,0.07082072843050863,0.45,0.3167957337509473
AOI-0039,2020-08-18,зерновые,0.3333549521413608,0.337078286207636,0.0139612211936866,0.45,0.040907654739518316,0.45,0.3617692803775782
AOI-0039,2020-08-19,зерновые,0.3502484606917719,0.36452883983682294,0.02208736104107621,0.45,0.038250169079823274,0.45,0.3916807283912277
AOI-0039,2020-08-27,зерновые,0.27912799649765363,0.2957881199827606,0.021183086559926713,0.45,0.026364878892910688,0.45,0.31718470443653746
AOI-0039,2020-09-09,зерновые,0.29903615727467764,0.30837441687742795,0.017002511237114125,0.45,0.03869847611581212,0.45,0.3334398611862448
AOI-0039,2020-10-11,зерновые,0.20546591464276592,0.21572146332071496,0.020378802419265523,0.45,0.050117477479219484,0.45,0.24744478927503322
AOI-0039,2020-10-26,зерновые,0.2333801628160571,0.24148116631792066,0.03487228927003365,0.45,0.03405257106036695,0.45,0.2724973534666009
AOI-0039,2021-04-23,зерновые,0.4849440602684222,0.4858377171177121,0.02270456177920466,0.45,0.0034182406403738216,0.45,0.49759297820652243
AOI-0039,2021-05-12,зерновые,0.5782727476203562,0.5828768252488601,0.01179969385359288,0.45,-0.004641835549314862,0.45,0.5860978614857851
AOI-0039,2021-05-17,зерновые,0.6034745309860712,0.6179307508542224,0.01486149278491913,0.45,0.011226680960550944,0.45,0.629670429039684
AOI-0039,2021-05-22,зерновые,0.587846098755361,0.5911905377174076,0.007688367230875089,0.45,0.0054671374353669035,0.45,0.5971105148172166
AOI-0039,2021-06-26,зерновые,0.4846561851975676,0.48490137492696045,-0.02194566798978677,0.45,-0.034004541971088945,0.45,0.45972378044456635
AOI-0039,2021-07-26,зерновые,0.4720717940256693,0.468745904420052,0.006742732560142561,0.45,-0.04222279683975044,0.45,0.4527798754942285
AOI-0039,2021-08-07,зерновые,0.39206515093601607,0.4069978555398501,0.019730571067457497,0.45,0.022630694419917722,0.45,0.42606042500916896
AOI-0039,2021-08-25,зерновые,0.35945616804369906,0.37891567084701855,0.030890666444124058,0.45,0.06347698679948117,0.45,0.4213811148066409
AOI-0039,2021-08-29,зерновые,0.41679752298948225,0.4057823302573304,0.01679156039224035,0.45,-0.013232529936589701,0.45,0.4073838939623732
AOI-0039,2021-09-06,зерновые,0.5126735323148607,0.5111150915873167,0.021547853640662234,0.45,-0.023590811970139857,0.45,0.5101957603390518
AOI-0039,2021-09-19,зерновые,0.45229530048834576,0.4526340990229388,0.018853727679482096,0.45,0.01063617575222229,0.45,0.4659045555672058
AOI-0039,2021-10-09,зерновые,0.4306756794518988,0.4343428237128369,0.025815152864043758,0.45,0.024675300961813466,0.45,0.45706352793447264
AOI-0039,2022-04-12,зерновые,0.4243249278087891,0.41734957728222016,-0.028550866683310656,0.45,-0.003907972563085239,0.45,0.40274309962134197
AOI-0039,2022-05-28,зерновые,0.6964836340570023,0.7009423555621648,0.0385055131778454,0.45,0.02210276127724116,0.45,0.7282160790669537
AOI-0039,2022-06-05,зерновые,0.7525464508034782,0.7333649458272236,0.00573123056228234,0.45,-0.05633496517875345,0.45,0.7105932652498115
AOI-0039,2022-06-16,зерновые,0.6121214670683814,0.6051501616134858,-0.0015229231238198344,0.45,-0.007563671364054017,0.45,0.6010611940939425
AOI-0039,2022-07-06,зерновые,0.5424304112359255,0.5446313033298025,0.005382115682900948,0.45,-0.03312353866908885,0.45,0.5321476629860179
AOI-0039,2022-07-08,зерновые,0.42905814776304607,0.4453191285471822,0.023315222663343443,0.45,0.04389513288563845,0.45,0.4755637885442241
AOI-0039,2022-08-13,зерновые,0.4365453333427253,0.42910201149188726,-0.02091416465832994,0.45,-0.03950846737028911,0.45,0.4019118270790087
AOI-0039,2022-08-30,зерновые,0.28371250614939336,0.2980040624005336,0.015599945206381829,0.45,0.0513713591436565,0.45,0.32814114935805083
AOI-0039,2022-10-01,зерновые,0.4277728423972188,0.4265901352124387,0.019672029688938983,0.45,0.03539377927836684,0.45,0.4513697492477263
AOI-0039,2023-05-09,зерновые,0.7089457763065112,0.6800653798730218,0.00110402102727315,0.45,-0.07618602878242797,0.45,0.6462784763832022
AOI-0039,2023-06-13,зерновые,0.6450957224676533,0.6558329658101955,0.02403043211550276,0.45,0.014591327888922766,0.45,0.6732127578121869
AOI-0039,2023-06-21,зерновые,0.6422243316651459,0.6360078592798541,-0.0011701656200525127,0.45,-0.013408061390999721,0.45,0.6294476571248807
AOI-0039,2023-06-23,зерновые,0.6492662949780437,0.6255570406603594,-0.008205516532737742,0.45,-0.03854129954576212,0.45,0.6045209734250345
AOI-0039,2023-07-28,зерновые,0.43033586692362547,0.406858460789428,-0.014287215719313007,0.45,-0.03852950648627176,0.45,0.38309093579691483
AOI-0039,2023-07-31,зерновые,0.39032666039201025,0.394791012692121,0.006191443541129633,0.45,0.029589006991301892,0.45,0.41089221543171517
AOI-0039,2023-08-18,зерновые,0.38712522785987724,0.3975662889961403,0.019389219226192352,0.45,0.017342948805346918,0.45,0.41409576461033304
AOI-0039,2023-09-30,зерновые,0.4297369516310665,0.4075656900105831,0.0028378416871382576,0.45,-0.05157871941513448,0.45,0.3856322950329848
AOI-0039,2023-10-06,зерновые,0.3928370762698017,0.40298730601797517,0.03308388111470142,0.45,0.01976046369978233,0.45,0.4267672611844928
AOI-0039,2023-10-11,зерновые,0.4224938084453835,0.41669356179695755,0.023418943528434214,0.45,0.026319026619796897,0.45,0.4390756483636616
AOI-0039,2023-10-15,зерновые,0.4264146142440039,0.43846534462254283,0.030033444053948467,0.45,0.029425616076063938,0.45,0.4652219216810484
AOI-0039,2023-10-29,зерновые,0.42247134311898815,0.4287584805444324,0.02278877217299928,0.45,0.04092519408561117,0.45,0.4574297653608071
AOI-0039,2024-04-08,зерновые,0.47054496554135194,0.47153412029411446,0.005812845789049381,0.45,-0.006516451799314848,0.45,0.471217497589495
AOI-0039,2024-05-23,зерновые,0.6276203776059428,0.6205848773766293,0.006904374624254421,0.45,-0.01037229303931349,0.45,0.6190243140898527
AOI-0039,2024-06-09,зерновые,0.5201968593633377,0.5012565964860597,-0.01434293079222439,0.45,-0.06144514817501775,0.45,0.4671519609508007
AOI-0039,2024-06-19,зерновые,0.5146643713421868,0.5302210048867607,0.01750943341893744,0.45,0.01752687834299017,0.45,0.5459873451796282
AOI-0039,2024-07-15,зерновые,0.3073511207534823,0.3252648952050644,0.011092728624072696,0.45,0.05389144415781103,0.45,0.35450777295691205
AOI-0039,2024-07-21,зерновые,0.3476129930307841,0.37722412746925604,0.03431087453618636,0.45,0.07237318538097288,0.45,0.4252319544319777
AOI-0039,2024-08-21,зерновые,0.27666218452450647,0.29703382267144846,0.017613457129639486,0.45,0.05031377481822439,0.45,0.3276010770479872
AOI-0039,2024-08-31,зерновые,0.2723639556676253,0.2886385135961838,0.017739174826072072,0.45,0.04366901478945716,0.45,0.316272198923172
AOI-0039,2024-09-13,зерновые,0.2896998716817121,0.2879869493307093,-0.008776490051493713,0.45,-0.027343628180914327,0.45,0.27173289612612567
AOI-0039,2024-09-18,зерновые,0.2379857587395464,0.25843839827161913,0.025853563574244405,0.45,0.06591802924746085,0.45,0.2997356150413865
AOI-0039,2024-10-30,зерновые,0.1964956590169579,0.20284923234004362,0.029691618185222774,0.45,0.04990541895294727,0.45,0.23866789905222013
AOI-0042,2010-06-04,зерновые,0.18777751372865215,0.18487367293527077,0.010237409032885707,0.45,0.00024323131991513123,0.45,0.18958996109403115
AOI-0042,2010-06-05,зерновые,0.18300350389738468,0.18100232889737503,0.008159170921955932,0.45,0.001852788032542501,0.45,0.18550771042689934
AOI-0042,2010-07-15,зерновые,0.14421477876785882,0.14809962716453487,0.001658652546945122,0.45,0.019750895700726474,0.45,0.1577339238759871
AOI-0042,2010-08-15,зерновые,0.12554092537879363,0.13026234547870447,0.008148680410744059,0.45,0.0019468036114669463,0.45,0.13480531328869944
AOI-0042,2010-08-31,зерновые,0.13916734289623986,0.14171712945054532,0.012980450038459084,0.45,0.009780725221193918,0.45,0.15195965831738917
AOI-0042,2010-10-16,зерновые,0.21792959672822126,0.22033836587498123,0.012726818696070754,0.45,0.006589398695166099,0.45,0.2290306637010378
AOI-0042,2011-05-14,зерновые,0.6021132126265323,0.5922499144833678,-0.03596221311166882,0.45,-0.0135023192931229,0.45,0.5699908749012116
AOI-0042,2011-05-30,зерновые,0.7018461332402365,0.7017974754754079,-0.009229758176978044,0.45,-0.033687550337831676,0.45,0.6824846866437436
AOI-0042,2011-07-02,зерновые,0.21393772582908643,0.21879998662886943,0.009063750483435096,0.45,0.012130552027478442,0.45,0.22833742275878052
AOI-0042,2011-07-28,зерновые,0.23092942385874515,0.23462934957936618,0.008451607061838954,0.45,0.0009680978068022766,0.45,0.23886821677025474
AOI-0042,2011-08-13,зерновые,0.24220305293051908,0.2463525489564032,0.011991059587734648,0.45,-0.0008094540617959948,0.45,0.2513842714430756
AOI-0042,2011-08-29,зерновые,0.24910129590052565,0.2550597830758989,0.016467063119922243,0.45,-0.003719849216583352,0.45,0.26079602933240137
AOI-0042,2011-09-27,зерновые,0.24523940983557987,0.24941856510172136,0.015051076864084429,0.45,0.01089329870701666,0.45,0.26109353410871683
AOI-0042,2011-10-16,зерновые,0.33848690077081445,0.3440267154885388,0.027737708579270968,0.45,0.005564765602374889,0.45,0.3590128288702794
AOI-0042,2012-06-25,зерновые,0.25985524586207326,0.24293555405574863,-0.0305003927744437,0.45,-0.01718552494372227,0.45,0.22147689108257396
AOI-0042,2012-07-20,зерновые,0.20042966769208173,0.2018264466935418,-0.009669316736099314,0.45,0.008612623324594927,0.45,0.20135093465836482
AOI-0042,2012-08-28,зерновые,0.273135112877402,0.26818634838062994,-0.010176446029096065,0.45,-0.003951808882809239,0.45,0.2618286336702726
AOI-0042,2013-04-26,зерновые,0.1831122973378093,0.1884284804593856,0.017352810902030672,0.45,0.010492473918833753,0.45,0.2009588586287746
AOI-0042,2013-05-11,зерновые,0.23574818437124576,0.23627108562369412,0.004535353622427384,0.45,-0.010105262569041904,0.45,0.2337646265977176
AOI-0042,2013-06-13,зерновые,0.3515620667878865,0.3531958252067818,-0.00020230761425592703,0.45,0.04225069507567197,0.45,0.372117599564419
AOI-0042,2013-09-08,зерновые,0.27620709415235106,0.2679520723727544,-0.01197403364927696,0.45,-0.006679062375580342,0.45,0.25955817916156865
AOI-0042,2014-04-05,зерновые,0.22835710621324376,0.2234270767429348,-0.00811067921999704,0.45,-0.00543682313442338,0.45,0.21733070068344562
AOI-0042,2014-06-16,зерновые,0.2219856914580477,0.21918532976486688,-0.0016629039070266477,0.45,0.016686977622908744,0.45,0.22594616293701383
AOI-0042,2014-10-16,зерновые,0.15859900274613675,0.15660658296378405,0.0063741094713627615,0.45,-0.007671338246437375,0.45,0.15602283001500047
AOI-0042,2015-07-13,зерновые,0.17184803823197964,0.17482138844727838,0.005182210346226017,0.45,0.013320189559291045,0.45,0.18314746840476104
AOI-0042,2015-08-29,зерновые,0.20702068132415122,0.20123696592386445,0.001950579153775116,0.45,-0.0017357706711867936,0.45,0.2013336297410292
AOI-0042,2015-09-06,зерновые,0.13876442798475794,0.14127759820326513,0.02332265542051108,0.45,0.011035937914375548,0.45,0.1567389652039641
AOI-0042,2015-09-23,зерновые,0.18613931360685548,0.19177269840233263,0.023170137492469222,0.45,0.016844267696463227,0.45,0.20977918073735222
AOI-0042,2015-10-16,зерновые,0.24942277017094616,0.2522410492133844,0.009272008757854073,0.45,-0.014782772554676549,0.45,0.24976120550481432
AOI-0042,2016-06-21,зерновые,0.21537338175475054,0.2187212851035611,0.011414783948991692,0.45,0.008117472270606278,0.45,0.22751080040238017
AOI-0042,2016-07-15,зерновые,0.14433060788053342,0.1489728688221135,0.010654095069492716,0.45,0.01776466071591755,0.45,0.1617613089255481
AOI-0042,2016-08-16,зерновые,0.17120657932326855,0.17193888471779978,0.010251382834037554,0.45,0.00945803358788359,0.45,0.1808081221076643
AOI-0042,2017-04-13,зерновые,0.15920198468252877,0.16755828599261502,0.01424806731380988,0.45,0.008333980765336455,0.45,0.17772020762823088
AOI-0042,2017-04-28,зерновые,0.16997778857745088,0.17735682426807686,0.006412226249256849,0.45,0.004590358802058402,0.45,0.18230798754116873
AOI-0042,2017-05-07,зерновые,0.19957933491147895,0.20706921674509715,0.022157387570786304,0.45,0.010127678925973002,0.45,0.22159749666863884
AOI-0042,2017-05-23,зерновые,0.19417216056136183,0.20190883506271068,0.02796150470337423,0.45,0.010720847170371047,0.45,0.21931589340589605
AOI-0042,2017-06-07,зерновые,0.19869986688325783,0.19746132756250986,0.014390798520800021,0.45,-0.004474515157160154,0.45,0.20192365507614782
AOI-0042,2017-06-08,зерновые,0.19916977918727066,0.1985902947635293,0.016717416389967283,0.45,-0.004472317515893826,0.45,0.20410058925686236
AOI-0042,2017-07-25,зерновые,0.14979687714196585,0.16055767936160106,0.01370358949822761,0.45,0.005286198584247224,0.45,0.16910308399871474
AOI-0042,2017-07-26,зерновые,0.18194387770735687,0.19100064136543615,0.028212451998572616,0.45,0.01808630476183459,0.45,0.2118350819076194
AOI-0042,2017-08-03,зерновые,0.15363974048871515,0.15504673615373535,0.012764052012664676,0.45,0.011256791398907376,0.45,0.16585611568894276
AOI-0042,2017-08-06,зерновые,0.1288914123870028,0.1338390540305379,0.006330954697262578,0.45,0.005725548565216664,0.45,0.13926448049865353
AOI-0042,2017-08-13,зерновые,0.1953788035559879,0.18609642617422706,-0.006378810292684343,0.45,-0.010704893790499773,0.45,0.1784087593367942
AOI-0042,2017-08-19,зерновые,0.14906108755219202,0.15173350627746995,0.006183604219167954,0.45,0.01059316026430178,0.45,0.15928305029503134
AOI-0042,2017-08-26,зерновые,0.13548947005144266,0.13909446837781023,0.002195332526768086,0.45,0.0017847117403621746,0.45,0.14088548829801883
AOI-0042,2017-10-05,зерновые,0.19003007206253228,0.19512091316845126,0.030851281532794286,0.45,0.015016829271568735,0.45,0.21576156303041463
AOI-0042,2018-05-05,зерновые,0.6716327828643411,0.6754968629440975,-0.011090772497703728,0.45,-2.382811276398066e-05,0.45,0.670495292669387
AOI-0042,2018-05-25,зерновые,0.5903263231529564,0.5706861059868092,-0.0468885043358285,0.45,-0.029168350569196994,0.45,0.5364605212795478
AOI-0042,2018-06-12,зерновые,0.2729779746196611,0.27444631728225033,0.002306086387660178,0.45,0.015253799512705885,0.45,0.2823482659374151
AOI-0042,2018-08-21,зерновые,0.19058920120779288,0.1930212656819155,0.007667906050224949,0.45,0.008751131374488122,0.45,0.20040983252303637
AOI-0042,2018-10-01,зерновые,0.23188411169010098,0.23482936315308284,0.014831243570439804,0.45,-0.0061571460299647395,0.45,0.23873270704629662
AOI-0042,2019-04-10,зерновые,0.16677281911258726,0.167820400689119,0.0039811398743954856,0.45,0.002179189054643599,0.45,0.17059254870718657
AOI-0042,2019-04-27,зерновые,0.19761946640150152,0.20250102771540224,0.029167452053043202,0.45,-0.002255209502499393,0.45,0.21461153686314696
AOI-0042,2019-06-21,зерновые,0.161093224143609,0.1640637001960904,0.014444895090611743,0.45,0.014119746009870884,0.45,0.1769177886913076
AOI-0042,2019-06-22,зерновые,0.12890760145666086,0.13618178873548087,0.00729563540179255,0.45,0.007150195689664069,0.45,0.14268241272663634
AOI-0042,2019-08-03,зерновые,0.12581414364646482,0.13362970218823528,0.03520550734698125,0.45,0.001375249323684816,0.45,0.15009104269003498
AOI-0042,2019-08-16,зерновые,0.1332067146788406,0.13895060017429464,0.019835166219325465,0.45,-0.00514538855115037,0.45,0.14556100012497344
AOI-0042,2019-08-26,зерновые,0.11744013411758533,0.12692953905299836,0.01687159918206475,0.45,0.015784854692383006,0.45,0.14162494329649986
AOI-0042,2019-09-02,зерновые,0.14349807410021262,0.1453251840421584,0.02178643017169513,0.45,-0.0010943026188433545,0.45,0.1546366414409417
AOI-0042,2019-09-10,зерновые,0.1306401094424025,0.13902368489829353,0.01707010905816801,0.45,0.005991303119551618,0.45,0.14940132037826737
AOI-0042,2019-09-22,зерновые,0.13781956960819533,0.136637105617227,0.017650570469550448,0.45,-0.010933419699993103,0.45,0.13965982346352782
AOI-0042,2019-10-19,зерновые,0.47846491324791135,0.4718586224494646,-0.0011873552018841103,0.45,0.0038279419919538516,0.45,0.473046886504996
AOI-0042,2019-10-20,зерновые,0.42859047650154464,0.42850804636261053,-0.008179968731515531,0.45,0.027441927184921427,0.45,0.4371759276666432
AOI-0042,2019-10-28,зерновые,0.5129746922515679,0.5096549227224254,-0.014545301710783599,0.45,0.07117518985851959,0.45,0.5351383723889066
AOI-0042,2020-04-06,зерновые,0.80341926439473,0.7968511357230554,-0.05321990119241298,0.45,-0.03736637288097132,0.45,0.7560873123900325
AOI-0042,2020-05-04,зерновые,0.8082687685873048,0.7995982009001624,-0.028644695778230474,0.45,-0.0474802227952735,0.45,0.7653419875420856
AOI-0042,2020-07-03,зерновые,0.14931873190244815,0.1523213365946435,0.007160016917199826,0.45,0.0006720002301881637,0.45,0.1558457443109681
AOI-0042,2020-07-25,зерновые,0.1483955684635732,0.15139292189746387,0.025071448709684214,0.45,0.0031183897293562816,0.45,0.16407834919503209
AOI-0042,2020-08-27,зерновые,0.11756243997446177,0.11369440980306124,0.0009736083617727974,0.45,-0.00928163127656241,0.45,0.10995579949140591
AOI-0042,2020-09-29,зерновые,0.15237472008319647,0.1427513920191291,-0.004245801575825404,0.45,-0.006410909309481105,0.45,0.13795587212074115
AOI-0042,2021-04-07,зерновые,0.16823354388606254,0.1622950759344506,-0.0006059564992274931,0.45,0.013324083443542158,0.45,0.16801823305939223
AOI-0042,2021-04-12,зерновые,0.1131886342786516,0.11497703283108245,0.025486451652227408,0.45,0.011293837366869668,0.45,0.13152816288967614
AOI-0042,2021-05-17,зерновые,0.13930415357292486,0.15114520733836825,0.024525970950866737,0.45,0.003310195622898938,0.45,0.1636714822965628
AOI-0042,2021-06-23,зерновые,0.14321786353018204,0.13732462919741106,0.013952238943555784,0.45,-0.005051170509722477,0.45,0.14133010999263604
AOI-0042,2021-07-01,зерновые,0.10646673166161286,0.10933084054833558,0.007821876046287365,0.45,0.004617826678590575,0.45,0.11492870677453067
AOI-0042,2021-07-11,зерновые,0.13259158836155693,0.13662930497769116,0.0018928666026789527,0.45,0.004235972661718927,0.45,0.1393872826466702
AOI-0042,2021-07-13,зерновые,0.13197461176275477,0.1399284811447794,0.011615301375523194,0.45,-0.003022650014180908,0.45,0.14379517425738342
AOI-0042,2021-07-21,зерновые,0.11659036544056121,0.12189038600569328,0.009725168041805028,0.45,0.011482064231981292,0.45,0.1314336405288971
AOI-0042,2021-07-28,зерновые,0.1696356498939486,0.1625350038040083,-0.007716877243690595,0.45,-0.012016249293833782,0.45,0.1536550968621223
AOI-0042,2021-07-31,зерновые,0.11317958206842658,0.11848507713553569,0.01095015369550775,0.45,0.012872223564762014,0.45,0.12920514690265708
AOI-0042,2021-08-17,зерновые,0.12644102882351985,0.13262956781565133,0.017632264394286983,0.45,-0.012585679805869688,0.45,0.1349005308804391
AOI-0042,2021-09-14,зерновые,0.14310784002672342,0.14079154561779017,-0.004153223198198902,0.45,-0.005975353518608871,0.45,0.13623368609522668
AOI-0042,2022-04-12,зерновые,0.5734047355993105,0.5788370553273504,-0.0008875486147300977,0.45,-0.005844767244519326,0.45,0.5758075131906881
AOI-0042,2022-04-27,зерновые,0.7973049194757902,0.7884310578151333,-0.04070465604148759,0.45,-0.05135209899117095,0.45,0.747005518050437
AOI-0042,2022-05-09,зерновые,0.8349494396811603,0.815015517154955,-0.04970282658732971,0.45,-0.02023153980712259,0.45,0.7835450522774514
AOI-0042,2022-05-14,зерновые,0.8307262614936356,0.8153266536911958,-0.031076694394814,0.45,-0.03090597339452946,0.45,0.7874344531859913
AOI-0042,2022-05-25,зерновые,0.8179780231917744,0.7955571105684818,-0.06896434265223295,0.45,-0.025303252862399067,0.45,0.7531366925868973
AOI-0042,2022-06-05,зерновые,0.8043565721690612,0.7909750305813493,-0.025951643641733062,0.45,-0.03454224759140743,0.45,0.763752779526436
AOI-0042,2022-06-21,зерновые,0.28368006805076257,0.2802417831068981,-0.01595906893401923,0.45,0.01052716204858639,0.45,0.27779742500845334
AOI-0042,2022-07-24,зерновые,0.12139009781931398,0.12737851180855098,0.01681399470549921,0.45,0.008383070022728787,0.45,0.1387171909362536
AOI-0042,2022-08-10,зерновые,0.1454929449843563,0.14823561758574857,0.002026315289774883,0.45,0.009309401379888657,0.45,0.15333669008709716
AOI-0042,2022-08-17,зерновые,0.10603758285573649,0.10428110757640954,0.009282379866944069,0.45,-0.0047545267502476455,0.45,0.10631864147892293
AOI-0042,2022-09-14,зерновые,0.1666158484510691,0.16279257570981062,-0.0012511525365770477,0.45,-0.008210296666225612,0.45,0.15853492356854942
AOI-0042,2022-10-19,зерновые,0.14342904395388448,0.14770467154379033,0.03178637329995269,0.45,0.013309805335477728,0.45,0.16799795192973402
AOI-0042,2023-04-23,зерновые,0.2715468299735625,0.27861729537852464,0.03503890062465855,0.45,0.054504543830099485,0.45,0.31891184538316575
AOI-0042,2023-05-02,зерновые,0.15298601766175582,0.1615854951984359,0.031152127259827172,0.45,-0.0033468066344885133,0.45,0.17409788947983829
AOI-0042,2023-05-19,зерновые,0.2533584740700989,0.24513108190395186,-0.012049441271674101,0.45,-0.008984960581031634,0.45,0.23566560107023427
AOI-0042,2023-06-08,зерновые,0.16307029023396286,0.15911852744843777,0.024788041054445858,0.45,-0.002376840071831864,0.45,0.16920356789061408
AOI-0042,2023-06-10,зерновые,0.25756632461287504,0.2557443485582643,0.028888172034863404,0.45,0.04093412119746691,0.45,0.2871643805128129
AOI-0042,2023-06-21,зерновые,0.14437208388881226,0.13757052455612928,-0.006435044844223674,0.45,-0.005936523128823706,0.45,0.13200331896825798
AOI-0042,2023-06-23,зерновые,0.1774645773132022,0.15860347697827437,-0.006378289616477721,0.45,-0.014663320768818485,0.45,0.14913475230489107
AOI-0042,2023-06-26,зерновые,0.19891199985185568,0.19238781516130643,-0.013673047474434197,0.45,-0.01618466431432352,0.45,0.17895184485636548
AOI-0042,2023-07-03,зерновые,0.15803729136432537,0.16526311855391804,0.008265849728877662,0.45,0.006799883299850202,0.45,0.17204269841684558
AOI-0042,2023-07-06,зерновые,0.14039160870186093,0.14028116358892648,-0.005028744028586214,0.45,0.0096173926972665,0.45,0.1423460554898326
AOI-0042,2023-07-28,зерновые,0.22226122032071297,0.21036288718942814,-0.010399916315926159,0.45,-0.007183869854093958,0.45,0.2024501834129191
AOI-0042,2023-08-07,зерновые,0.1496133445112116,0.14442257451005464,0.008626925134603319,0.45,-0.014800756533797588,0.45,0.14164435038041723
AOI-0042,2023-08-08,зерновые,0.14429989621355283,0.14067118843593704,0.003288660779231051,0.45,-0.0031435139516732434,0.45,0.14073650450833808
AOI-0042,2023-08-15,зерновые,0.12841123077991673,0.13141128723070059,0.004696539131294597,0.45,0.007108273847212672,0.45,0.13672345307102884
AOI-0042,2023-08-20,зерновые,0.11862518032389492,0.11973098452853581,0.007830003152454367,0.45,0.009832050425455308,0.45,0.12767890863859516
AOI-0042,2023-09-01,зерновые,0.13542785340576932,0.12737223759954364,0.01423896998272622,0.45,-0.0032066397237206267,0.45,0.13233678621609615
AOI-0042,2023-10-01,зерновые,0.14827790253887846,0.14855738837315205,0.008213448973659315,0.45,-0.01130147200832594,0.45,0.14716777800755207
AOI-0042,2023-10-09,зерновые,0.1661121337172255,0.16809855549540242,0.013617076656035416,0.45,-0.002252489545036845,0.45,0.1732126196953518
AOI-0042,2023-10-30,зерновые,0.40679254667094955,0.39517556591436404,-0.0034357394077504265,0.45,0.05089387410962739,0.45,0.41653172653020865
AOI-0042,2024-05-17,зерновые,0.8028853460327662,0.7965853309334967,-0.026364652449559694,0.45,-0.03432179782621083,0.45,0.7692764283093999
AOI-0042,2024-05-23,зерновые,0.7433303374332375,0.7334669034605084,-0.017548842819299967,0.45,-0.041780521362005496,0.45,0.7067686895789209
AOI-0042,2024-06-11,зерновые,0.33150188041383616,0.3210077045646902,-0.0007346915599486309,0.45,0.0032469011311164952,0.45,0.32213819887171574
AOI-0042,2024-06-18,зерновые,0.25277199313863496,0.25292664588067265,0.006374499999468941,0.45,0.0057114537172287105,0.45,0.2583653250531866
AOI-0042,2024-06-19,зерновые,0.2662041116929241,0.2654317076775296,0.014886664500355154,0.45,0.010843520582777202,0.45,0.2770102909649391
AOI-0042,2024-07-02,зерновые,0.18513219620890195,0.17889678867726624,0.0015790208841883384,0.45,-0.0027575667679580187,0.45,0.1783664430295699
AOI-0042,2024-07-20,зерновые,0.10596452764749423,0.10537366599489816,-0.0032882448144654934,0.45,0.00845045446812359,0.45,0.1076966603390443
AOI-0042,2024-07-29,зерновые,0.15465299296253365,0.15820330605938113,0.02038973092017095,0.45,0.013998315600213834,0.45,0.17367792699355428
AOI-0042,2024-07-30,зерновые,0.09934113136092357,0.09910885227509877,0.0016618542423722281,0.45,0.014133987669291997,0.45,0.10621698113534768
AOI-0042,2024-08-12,зерновые,0.1345508415403347,0.13091652194648454,-0.014915089305319543,0.45,-0.0030131775511460135,0.45,0.12284880186107504
AOI-0042,2024-08-13,зерновые,0.14484418508118024,0.1458308902650272,0.02022632328036909,0.45,0.0026203730340332806,0.45,0.15611190360650828
AOI-0042,2024-08-16,зерновые,0.1044979149163344,0.0989345057747831,0.010684532516612586,0.45,0.0046651149847911095,0.45,0.10584184715041477
AOI-0042,2024-08-19,зерновые,0.09196264533089356,0.08735277584109191,0.005292861111881629,0.45,0.019713777512849483,0.45,0.09860576322222091
AOI-0042,2024-08-21,зерновые,0.10043276260797938,0.09562410066640152,0.010695433794353778,0.45,0.005655966035072106,0.45,0.10298223058964318
AOI-0042,2024-08-31,зерновые,0.1169668975687092,0.10680431642068347,0.0007939628420149504,0.45,-0.0002701198968219448,0.45,0.10704004574602033
AOI-0042,2024-09-15,зерновые,0.11276117162161833,0.10726196665796595,0.006151828159889493,0.45,-0.0011192441393698832,0.45,0.10952662946719978
AOI-0042,2024-09-23,зерновые,0.12962615259939692,0.12397738208541856,0.008053092065939519,0.45,-0.0018565746023726782,0.45,0.12676581494402364
AOI-0042,2024-09-25,зерновые,0.13298793223809474,0.12746188822562818,0.007990178203730634,0.45,-0.010519090036951725,0.45,0.1263238779006787
AOI-0042,2024-09-30,зерновые,0.11575149732367902,0.10983858705909118,0.009630504823986922,0.45,-0.004042121369777583,0.45,0.11235335961348537
AOI-0042,2024-10-01,зерновые,0.12330813550912521,0.12763401051758277,0.015978706912884773,0.45,0.014693401424510722,0.45,0.14143645926941076
AOI-0042,2024-10-13,зерновые,0.09712613471042354,0.09243844733531237,0.007665970920551842,0.45,0.004403696341063431,0.45,0.09786979760303924
AOI-0042,2024-10-30,зерновые,0.10651113075559898,0.10248057871709793,0.01712246151732782,0.45,0.004610484603040523,0.45,0.11226040447126368
AOI-0047,2010-04-24,зерновые,0.18710973261898073,0.1897382145139058,0.024596429481520517,0.45,-0.00935122454767955,0.45,0.19659855673413423
AOI-0047,2010-05-09,зерновые,0.2791719312913429,0.29088135979465046,0.05465378487531363,0.45,0.035086259218744684,0.45,0.33126437963697675
AOI-0047,2010-06-26,зерновые,0.7761926302458202,0.7792961110711702,-0.026796765954920154,0.45,-0.013663077752557744,0.45,0.7610891814028051
AOI-0047,2010-07-21,зерновые,0.7242467123334654,0.7272099785398185,0.002626088761806579,0.45,-0.0013532801075395334,0.45,0.7277827424342387
AOI-0047,2010-07-28,зерновые,0.6653459235662256,0.6550292407219476,-0.06252585805252214,0.45,-0.027540212829161127,0.45,0.6144995088251901
AOI-0047,2011-05-25,зерновые,0.6883255543156761,0.6998353205471353,0.029661835411166796,0.45,0.04715721152650504,0.45,0.7344038916690876
AOI-0047,2011-07-16,зерновые,0.29101206831811455,0.30666906343201483,0.022613580170688027,0.45,0.021032335263137292,0.45,0.32630972537723624
AOI-0047,2011-08-13,зерновые,0.25008965398844907,0.2677940435195239,0.031081656678443773,0.45,0.029227739364352988,0.45,0.2949332717387825
AOI-0047,2011-08-29,зерновые,0.2455426989742171,0.2613824145494989,0.031179416725430793,0.45,0.032696661584662876,0.45,0.290126649789041
AOI-0047,2012-07-02,зерновые,0.37517421823432084,0.37740277772265624,-0.026429086832031348,0.45,0.01567844486520419,0.45,0.372564988837584
AOI-0047,2012-07-18,зерновые,0.3203726186005439,0.32976576914231126,-0.0019257254489167932,0.45,0.011470979245063068,0.45,0.3340611333505771
AOI-0047,2012-09-29,зерновые,0.211514072537768,0.21930540732996362,0.023598833241240364,0.45,0.012327261931726462,0.45,0.23547215015779868
AOI-0047,2013-06-11,зерновые,0.2209661534391747,0.22704160679571972,0.034497019054736344,0.45,9.449733468011972e-05,0.45,0.24260778917095713
AOI-0047,2013-07-21,зерновые,0.2924469856587906,0.29953397255578335,0.006541589753646617,0.45,0.016783171516532625,0.45,0.310030115127364
AOI-0047,2014-06-30,зерновые,0.254369967674014,0.26601730834248305,0.03158940668914011,0.45,0.02545261728533877,0.45,0.29168621913099857
AOI-0047,2014-07-12,зерновые,0.28844794185759015,0.2990925896687843,0.01042297910119466,0.45,0.00392518694561928,0.45,0.3055492643898506
AOI-0047,2014-07-16,зерновые,0.2197395981603547,0.22350919068824068,0.014454410185789562,0.45,0.019603858137231818,0.45,0.23883541143360032
AOI-0047,2015-06-01,зерновые,0.77831647766671,0.7771296557587213,0.027658028840638605,0.45,0.01378613306252866,0.45,0.7957795286151466
AOI-0047,2015-07-11,зерновые,0.3788274034024931,0.3872408950457754,0.00032215037201245057,0.45,0.009257907614909648,0.45,0.3915519211398904
AOI-0047,2015-09-14,зерновые,0.25286131207927026,0.26229592860194056,0.031746251957637486,0.45,0.024923900109046042,0.45,0.2877974970319482
AOI-0047,2016-06-25,зерновые,0.7834356870321629,0.7750750142459804,-0.047574426233203716,0.45,-0.02522657560484063,0.45,0.7423145634188604
AOI-0047,2016-08-28,зерновые,0.39883358954821435,0.4066338735383383,-0.006582812436878042,0.45,0.00019147775920776107,0.45,0.40375777293338666
AOI-0047,2016-09-13,зерновые,0.3694068773758907,0.365571336208,-0.011833541065059034,0.45,-0.0025575975492803686,0.45,0.35909532383154724
AOI-0047,2016-10-09,зерновые,0.24924978435953773,0.2555396412825436,0.035842284141281135,0.45,0.032066840477567485,0.45,0.2860987473610255
AOI-0047,2017-04-03,зерновые,0.1846320882808381,0.18634518347048906,0.03746024459559423,0.45,0.0009538219238270807,0.45,0.20363151340422866
AOI-0047,2017-04-07,зерновые,0.3235597111925046,0.32844204202344257,0.04653478898895252,0.45,0.0423516881343856,0.45,0.3684409567289447
AOI-0047,2017-04-28,зерновые,0.3310731961568122,0.3211369561187276,0.00016834751244644303,0.45,-0.002241996668447026,0.45,0.3202038139985274
AOI-0047,2017-07-28,зерновые,0.21468514452353288,0.23001079762040808,0.024649722230086563,0.45,0.03101605024852331,0.45,0.2550603952357825
AOI-0047,2018-05-09,зерновые,0.28901363975308736,0.3006682309020246,0.04337377187182027,0.45,0.05447132907407927,0.45,0.3446985263276794
AOI-0047,2018-06-09,зерновые,0.215993263247332,0.2128360984199852,0.03224150482946847,0.45,0.007167868509804234,0.45,0.2305703164226579
AOI-0047,2018-06-10,зерновые,0.24354096899422112,0.23965819270566388,0.009886931968364564,0.45,0.01985947385421455,0.45,0.2530440753258245
AOI-0047,2018-06-15,зерновые,0.1715303346916014,0.1785723570078881,0.01581999907008783,0.45,0.0005335328930997332,0.45,0.1859314463913225
AOI-0047,2018-07-02,зерновые,0.16831523564123607,0.1706109908661373,0.008612110100425261,0.45,0.001499438753785996,0.45,0.17516118785053236
AOI-0047,2018-07-28,зерновые,0.315339840176302,0.3308951291729285,0.0054746708872378935,0.45,0.013444243330762131,0.45,0.3394086405710285
AOI-0047,2018-09-29,зерновые,0.20485645022822718,0.21505176625430814,0.03554728251629415,0.45,0.0091144539933818,0.45,0.2351495476836623
AOI-0047,2018-10-07,зерновые,0.19457307358001805,0.1933741958336421,0.02666680973868234,0.45,0.0038882138031264522,0.45,0.20712395642745607
AOI-0047,2019-05-27,зерновые,0.9260032530592939,0.9260810036929408,-0.012594959067958902,0.45,-0.0367235860978483,0.45,0.9038876583683275
AOI-0047,2019-05-28,зерновые,0.9076644986267152,0.901745358436833,-0.007381884119291633,0.45,-0.02425462657911738,0.45,0.8875089286225489
AOI-0047,2019-06-15,зерновые,0.548161523029629,0.5610863322588338,0.0157343589918101,0.45,0.02826506595385241,0.45,0.5808860734843819
AOI-0047,2019-06-30,зерновые,0.23873621255740352,0.2452871730816338,0.015556619304289147,0.45,0.01467118269023413,0.45,0.2588896839791693
AOI-0047,2019-08-19,зерновые,0.35108557164196996,0.3583986937454424,0.012196152958001995,0.45,0.02636509478382513,0.45,0.3757512552292646
AOI-0047,2019-08-29,зерновые,0.29583880492996195,0.30188021155896594,0.00925279506115087,0.45,-0.02464935652983196,0.45,0.2949517588980594
AOI-0047,2019-08-31,зерновые,0.2486924941779906,0.2506908335882665,0.02038322621591909,0.45,0.015311962277170679,0.45,0.2667536684101569
AOI-0047,2019-09-14,зерновые,0.312531544138057,0.31416692667331186,0.019538443547645147,0.45,0.010837222783444525,0.45,0.3278359765223022
AOI-0047,2019-09-30,зерновые,0.33722512520602466,0.3449659417268286,0.01906121373548533,0.45,-0.0011802433646648325,0.45,0.3530123783936978
AOI-0047,2019-10-13,зерновые,0.36150957027064323,0.3692458611175293,0.030825533971339983,0.45,0.0573544566283942,0.45,0.40892685688740965
AOI-0047,2019-10-16,зерновые,0.46670020101023557,0.47139337842351675,0.019112143196270276,0.45,0.018569487661599583,0.45,0.4883501123095582
AOI-0047,2020-04-06,зерновые,0.284347851801503,0.29336932054350007,0.03382666765096885,0.45,0.03010715036181235,0.45,0.3221395386492516
AOI-0047,2020-04-30,зерновые,0.15792343251074673,0.16160582154660996,0.05362170997224277,0.45,0.015677992123460945,0.45,0.19279068748967665
AOI-0047,2020-06-04,зерновые,0.25998809764866093,0.2616752531993506,0.0367533503463437,0.45,0.0007914829894157293,0.45,0.2785704282004423
AOI-0047,2020-06-16,зерновые,0.1754228010461704,0.180205410647518,0.032788996350684115,0.45,0.008367272290641558,0.45,0.19872573153611456
AOI-0047,2020-07-16,зерновые,0.09998613288729391,0.10961091533438418,0.029631835322289118,0.45,0.03729003303843915,0.45,0.1397257560967119
AOI-0047,2020-08-03,зерновые,0.1509608382790053,0.15664965711496917,0.02403706456095826,0.45,0.011643344284079213,0.45,0.17270584109523604
AOI-0047,2020-08-08,зерновые,0.13417585720475728,0.14219271730180258,0.023112059831503138,0.45,0.016014797617331385,0.45,0.15979980315377812
AOI-0047,2020-10-05,зерновые,0.15826396633984216,0.15978694628074708,0.02725925328797728,0.45,0.00913012819487894,0.45,0.17616216794803238
AOI-0047,2020-10-20,зерновые,0.19096838807106079,0.19621165938293506,0.05535746900574783,0.45,0.033007388485322926,0.45,0.2359758452539169
AOI-0047,2020-10-22,зерновые,0.12004383202896973,0.12561948903300083,0.030605995620776903,0.45,0.019611682382208735,0.45,0.14821744413434437
AOI-0047,2021-05-16,зерновые,0.8786051865461233,0.8617791713210334,0.003206050223614994,0.45,-0.023903937537559206,0.45,0.8524651220297585
AOI-0047,2021-05-17,зерновые,0.8395468810411592,0.8266842023971426,-0.006326889011648375,0.45,-0.025542026276756346,0.45,0.8123431905173604
AOI-0047,2021-05-20,зерновые,0.8517214307233056,0.8510973468574708,0.002593446990850003,0.45,-0.0005861048218795608,0.45,0.8520006508335075
AOI-0047,2021-06-09,зерновые,0.8638183485506448,0.8612386325567941,0.017791532677161246,0.45,0.0051015648986726305,0.45,0.8715405264659194
AOI-0047,2021-07-11,зерновые,0.2786807459350251,0.2822821800494345,0.020840492410974885,0.45,0.014640700820155025,0.45,0.29824871700344296
AOI-0047,2021-07-19,зерновые,0.1987376978542354,0.20349996884372604,0.021921607073121196,0.45,-0.0010639351616070622,0.45,0.2128859212039074
AOI-0047,2021-08-30,зерновые,0.23086512367765308,0.2440806173954884,0.007786931527585529,0.45,0.008227953803770576,0.45,0.2512873157945987
AOI-0047,2021-09-02,зерновые,0.22332475830646345,0.22611159492262858,0.001112553317086846,0.45,0.011186637762828206,0.45,0.23164623090859038
AOI-0047,2021-09-07,зерновые,0.37350497893604867,0.37566431856620913,0.020606988785346263,0.45,0.032170036927432824,0.45,0.3994139801369597
AOI-0047,2021-10-16,зерновые,0.6693160121895966,0.66010260803333,-0.028510311896374808,0.45,-0.0075329179247952405,0.45,0.6438831546138035
AOI-0047,2022-04-05,зерновые,0.2401671375003895,0.24653124526940137,0.021565066825380504,0.45,0.003464400156379168,0.45,0.25779450541119325
AOI-0047,2022-04-10,зерновые,0.26737902603236086,0.2717086317003125,0.02367269818111156,0.45,0.007630687553373909,0.45,0.285795155280831
AOI-0047,2022-05-30,зерновые,0.16430453282029606,0.18203279917946574,0.023743391199682915,0.45,0.001537648767051749,0.45,0.19340926716449633
AOI-0047,2022-06-04,зерновые,0.17533883576611872,0.18665905632317545,0.0279502834978104,0.45,0.017456077766122603,0.45,0.2070919188919453
AOI-0047,2022-06-08,зерновые,0.18797128076138508,0.19278784764600462,0.051667152046346226,0.45,0.02888844503666909,0.45,0.22903786633336154
AOI-0047,2022-06-11,зерновые,0.19855331534447884,0.19826784556458463,-0.005285402938066372,0.45,-0.008645597683439853,0.45,0.19199889528490682
AOI-0047,2022-06-19,зерновые,0.16460671893564532,0.1734073501185319,-0.004536215639092916,0.45,0.0008028215328665189,0.45,0.17172732277073002
AOI-0047,2022-06-21,зерновые,0.15679729532943265,0.160943781665555,0.020815135783236727,0.45,0.00539253835326396,0.45,0.1727372350269803
AOI-0047,2022-07-14,зерновые,0.13247518566461067,0.13993177742460075,0.01742355133954421,0.45,0.014005277609226083,0.45,0.15407475045154737
AOI-0047,2022-07-30,зерновые,0.1928814785760242,0.20231965610988986,0.04179420974865879,0.45,0.014804391476210979,0.45,0.22778902666108128
AOI-0047,2022-08-07,зерновые,0.1686868420846496,0.17281620396774094,0.03746826987271026,0.45,0.02013844782545963,0.45,0.1987392269319174
AOI-0047,2022-08-08,зерновые,0.14796859930306333,0.1523600148267295,0.029588308251566716,0.45,0.014939304907369902,0.45,0.17239744074825097
AOI-0047,2022-08-10,зерновые,0.13871456886119532,0.14536787879333013,0.030928315323698743,0.45,0.02250724887873911,0.45,0.16941388268442717
AOI-0047,2022-08-13,зерновые,0.18151561355059148,0.18901015186285355,0.0076847372798889675,0.45,0.003962899548443273,0.45,0.19425158843560306
AOI-0047,2022-08-30,зерновые,0.1494754046585055,0.151065835577279,0.008342423333659529,0.45,9.965162655449958e-05,0.45,0.15486476930937534
AOI-0047,2022-09-01,зерновые,0.15818588846498424,0.15899513668362383,0.024299951215004733,0.45,0.007167684686265961,0.45,0.17315557283919567
AOI-0047,2022-10-18,зерновые,0.34136587894088055,0.34101876152235877,0.027007900764002377,0.45,0.020838678190105268,0.45,0.3625497220517072
AOI-0047,2023-06-16,зерновые,0.7526234011692404,0.7486445104707852,-0.010114590239226822,0.45,-0.008383546130978501,0.45,0.7403203491041929
AOI-0047,2023-07-17,зерновые,0.217194115044273,0.23188872400176055,0.04144403081008265,0.45,0.01993392180592508,0.45,0.25950880267896403
AOI-0047,2023-07-25,зерновые,0.2149012619193286,0.2240955930654353,0.022958934193157397,0.45,0.014406595671516514,0.45,0.24091008150453858
AOI-0047,2023-07-26,зерновые,0.16665458104205444,0.17547319466792471,0.013200286506065122,0.45,0.0034633255922593533,0.45,0.18297182011217072
AOI-0047,2023-08-05,зерновые,0.14789679552719864,0.15927055862669826,0.019015067765096077,0.45,0.010363273408566217,0.45,0.1724908121548463
AOI-0047,2023-08-15,зерновые,0.13806352419440937,0.1503219392815508,0.03205533834423349,0.45,0.023058629378082486,0.45,0.17512322475659298
AOI-0047,2023-09-17,зерновые,0.135289978550036,0.14398784042233076,0.0284580439472549,0.45,0.025348143942481204,0.45,0.168200624972712
AOI-0047,2023-09-22,зерновые,0.13500811630319265,0.14579827719442184,0.0337294161129229,0.45,0.02851426935076266,0.45,0.17380793565308034
AOI-0047,2023-09-27,зерновые,0.15531704788723733,0.1593828778344332,0.040391938339604465,0.45,0.020230025360774367,0.45,0.18666276149960367
AOI-0047,2023-10-04,зерновые,0.16065511779489317,0.1605642986061169,0.036711819015313354,0.45,0.01132134522251324,0.45,0.18217922251313887
AOI-0047,2023-10-22,зерновые,0.17506176801094298,0.1794353163783298,0.05138680881387147,0.45,0.012950964843023346,0.45,0.20838731452393247
AOI-0047,2024-04-29,зерновые,0.2398937660100298,0.2551397600323369,0.010553456013438184,0.45,0.026800815845751558,0.45,0.2719491823689723
AOI-0047,2024-05-04,зерновые,0.21161816470045025,0.21400198560176314,0.03153649313814089,0.45,0.0025988877876100148,0.45,0.22936290701835108
AOI-0047,2024-05-24,зерновые,0.2426289911657267,0.2462494830661147,0.022887562272699825,0.45,0.019344639450949462,0.45,0.26525397384175686
AOI-0047,2024-06-10,зерновые,0.23417124843938614,0.2359614510435516,0.012958024383197674,0.45,0.00417894609523237,0.45,0.24367308775884514
AOI-0047,2024-06-25,зерновые,0.27250262397489267,0.26924985868902973,-0.011290507090252085,0.45,-0.009787388295313629,0.45,0.25976480576552513
AOI-0047,2024-07-30,зерновые,0.2248264820331946,0.23132848552593946,0.009199530491743976,0.45,0.022519619073766952,0.45,0.2456021028304194
AOI-0047,2024-09-11,зерновые,0.15687175464775394,0.16380865540985212,0.022201017310138304,0.45,0.023074460679733046,0.45,0.18418262050529421
AOI-0047,2024-10-08,зерновые,0.11427276853678028,0.13033943818221128,0.049455073759192746,0.45,0.04032457025915332,0.45,0.170740277990467
AOI-0047,2024-10-13,зерновые,0.08809990591277372,0.09057506419010075,0.046198896176858475,0.45,0.03910982116972549,0.45,0.12896398699606354
AOI-0047,2024-10-15,зерновые,0.1940442920024199,0.19349181047349737,0.04156350605047328,0.45,0.031218179178240373,0.45,0.2262435688264185
AOI-0049,2010-08-04,озимая пшеница,0.559832793208175,0.5516475497069897,0.0034302801306845205,0.3,-0.003277427798498808,0.2,0.5520211481864953
AOI-0049,2010-08-28,озимая пшеница,0.23564067834357677,0.23358729470836656,-0.0031384762185449116,0.3,0.0023185273885041034,0.2,0.23310945732050392
AOI-0049,2010-09-05,озимая пшеница,0.154959096110039,0.1580817549763354,0.02752110656690056,0.3,0.016017841322752982,0.2,0.16954165521095615
AOI-0049,2010-09-30,озимая пшеница,0.28988384287103885,0.287654722734737,0.002287904709821661,0.3,0.013895825644176662,0.2,0.29112025927651886
AOI-0049,2011-04-26,озимая пшеница,0.6041345311179862,0.5939948822989913,-0.018646277489227186,0.3,0.013768329921693042,0.2,0.5911546650365618
AOI-0049,2011-05-25,озимая пшеница,0.8730213314099742,0.8560936475647999,-0.024513233907549,0.3,-0.06087120701400957,0.2,0.8365654359897333
AOI-0049,2011-05-27,озимая пшеница,0.8616286721430826,0.8552726320822154,-0.014613741600143695,0.3,-0.03210839145379095,0.2,0.844466831311414
AOI-0049,2011-06-12,озимая пшеница,0.7047973418630552,0.7170584703056262,0.019187028655438223,0.3,0.05062161125655451,0.2,0.7329389011535685
AOI-0049,2011-07-12,озимая пшеница,0.3449195809946083,0.3452258872890992,0.02571471475332,0.3,0.005338901458843139,0.2,0.35400808200686384
AOI-0049,2011-09-08,озимая пшеница,0.20124463223481992,0.19872337234538753,0.015112910160345844,0.3,0.0007518908582365646,0.2,0.2034076235651386
AOI-0049,2011-09-24,озимая пшеница,0.1773694181562864,0.17876180055825858,0.017332808603403232,0.3,-0.008264243060329312,0.2,0.18230879452721369
AOI-0049,2011-10-11,озимая пшеница,0.24617448957962662,0.23834701533673439,-0.01170963264429737,0.3,0.0019927138105038287,0.2,0.23523266830554596
AOI-0049,2011-10-27,озимая пшеница,0.2679687617772272,0.2722201793453768,0.020818339125725494,0.3,0.01112026804092749,0.2,0.28068973469127995
AOI-0049,2012-05-06,озимая пшеница,0.22765873713111862,0.22596316642343672,-0.005294078643812066,0.3,0.004112033798985793,0.2,0.22519734959009027
AOI-0049,2012-05-08,озимая пшеница,0.37389885129534034,0.37926314548321266,0.04305537979829056,0.3,0.014534201707834857,0.2,0.3950865997642668
AOI-0049,2012-09-18,озимая пшеница,0.26356999813258897,0.26033865874668094,-0.002677941599347404,0.3,0.00974851257865867,0.2,0.26148497878260846
AOI-0049,2012-10-15,озимая пшеница,0.2850400746738114,0.28159776253534974,0.019828551124168245,0.3,0.020269164956345672,0.2,0.29160016086386936
AOI-0049,2013-05-25,озимая пшеница,0.42791396384930647,0.4329110495996134,0.04400184093986397,0.3,0.0018198285265321,0.2,0.44647556758687906
AOI-0049,2013-06-17,озимая пшеница,0.5346041241240145,0.5165739158985699,-0.028945679119181746,0.3,0.017544439296615057,0.2,0.5113991000221384
AOI-0049,2013-07-11,озимая пшеница,0.7765888731813406,0.7754404037359443,-0.014980615049618087,0.3,-0.0266004161861906,0.2,0.7656261359838207
AOI-0049,2013-08-05,озимая пшеница,0.6435665331519134,0.6503036691721887,0.023292729176107498,0.3,0.03441487048244819,0.2,0.6641744620215106
AOI-0049,2013-08-20,озимая пшеница,0.4212057792252908,0.41155732339229595,-0.00673555656216212,0.3,-0.011460111399236195,0.2,0.4072446341438001
AOI-0049,2013-09-30,озимая пшеница,0.31910133499558946,0.3269442676346765,0.017225489290998933,0.3,0.02201936326492151,0.2,0.3365157870749605
AOI-0049,2013-10-24,озимая пшеница,0.31285785700081975,0.30050058618078757,-0.040261861054459704,0.3,-0.013480581171915283,0.2,0.2857259116300666
AOI-0049,2014-04-18,озимая пшеница,0.8022213729134815,0.7959777153888037,-0.028499821867451394,0.3,-0.025464730872322917,0.2,0.7823348226541037
AOI-0049,2014-05-09,озимая пшеница,0.8371210538502704,0.8260489728768374,-0.022768441667685626,0.3,-0.037719387093505405,0.2,0.8116745629578306
AOI-0049,2014-07-12,озимая пшеница,0.2953396014557754,0.2995688983355885,0.022824393877806506,0.3,0.03064149705527188,0.2,0.3125445159099848
AOI-0049,2014-09-16,озимая пшеница,0.2569480289238786,0.2534066057292231,-0.014854750185716751,0.3,-0.0018777184339342512,0.2,0.2485746369867212
AOI-0049,2015-04-13,озимая пшеница,0.2187010939368747,0.21020530922858766,-0.004373670055840706,0.3,0.0015509928847866215,0.2,0.20920340678879276
AOI-0049,2015-05-22,озимая пшеница,0.2758872236962199,0.27928873775208424,0.007491677475380738,0.3,0.036400757016010823,0.2,0.28881639239790063
AOI-0049,2015-07-12,озимая пшеница,0.8030895560810345,0.7906572091275261,-0.05742335310648509,0.3,-0.039960933629542186,0.2,0.7654380164696722
AOI-0049,2015-07-25,озимая пшеница,0.8068026347578309,0.7994964450317932,-0.0031982786979336637,0.3,-0.04021857752346135,0.2,0.7904932459177207
AOI-0049,2015-07-28,озимая пшеница,0.7124557662929448,0.6968941783479227,-0.0596929238468172,0.3,-0.03536519657853045,0.2,0.6719132618781714
AOI-0049,2015-09-30,озимая пшеница,0.2073114267265513,0.2084021550304827,0.0036600985811386976,0.3,0.010055543416605256,0.2,0.21151129328814536
AOI-0049,2015-10-30,озимая пшеница,0.2174725610238157,0.20153061862449,-0.03728711033116937,0.3,-0.0247914627709904,0.2,0.1853861929709411
AOI-0049,2016-04-22,озимая пшеница,0.8936627433060683,0.8894956123865974,-0.010151197439255032,0.3,-0.02495825608222675,0.2,0.8814586019383754
AOI-0049,2016-08-28,озимая пшеница,0.26978619234302414,0.277624284591797,0.00860661608474365,0.3,0.017506456559526283,0.2,0.28370756072912534
AOI-0049,2016-09-14,озимая пшеница,0.306904354134675,0.29277033747551034,-0.0568952457674329,0.3,-0.01992235713965515,0.2,0.2717172923173495
AOI-0049,2016-09-29,озимая пшеница,0.5148171216893274,0.5113475864345595,-0.004950004205950861,0.3,-0.019542076545413713,0.2,0.5059541698636915
AOI-0049,2017-06-21,озимая пшеница,0.8771321728797119,0.876876649386724,-0.011329614726835118,0.3,-0.03186021003989216,0.2,0.867105722960695
AOI-0049,2017-07-14,озимая пшеница,0.81017685547279,0.8133922400478878,-0.010472812698137695,0.3,-0.03331725307261617,0.2,0.8035869456239233
AOI-0049,2017-08-13,озимая пшеница,0.44796371449454353,0.44294387641021327,-0.01555529736913279,0.3,-0.004982233341767976,0.2,0.4372808405311199
AOI-0049,2017-09-13,озимая пшеница,0.25376393326815044,0.2563334494416825,-0.007409043089420422,0.3,0.002362168026332874,0.2,0.25458317012012294
AOI-0049,2017-09-17,озимая пшеница,0.25866080662503066,0.26507346499524564,0.019093384279550936,0.3,0.019036782921195254,0.2,0.27460883686334997
AOI-0049,2018-05-09,озимая пшеница,0.8678135205241244,0.8520260131013419,-0.045805374187818056,0.3,-0.02632808071246152,0.2,0.8330187847025041
AOI-0049,2018-06-16,озимая пшеница,0.293002302519536,0.2988838134378579,0.03182969472641391,0.3,0.037393400194904294,0.2,0.3159114018947629
AOI-0049,2018-06-24,озимая пшеница,0.2413609399910692,0.2337002617864349,0.006432782060226663,0.3,0.028191259399544942,0.2,0.2412683482844119
AOI-0049,2018-07-10,озимая пшеница,0.18619234655222822,0.18399858531063673,0.02661306023211561,0.3,0.008671962789423117,0.2,0.19371689593815605
AOI-0049,2018-08-02,озимая пшеница,0.17358605462395157,0.17555331554874387,0.016884543538497273,0.3,0.01820688825185596,0.2,0.18426005626066425
AOI-0049,2018-08-10,озимая пшеница,0.18054321015106073,0.18694267852897756,0.014080854331004877,0.3,0.015160381936896011,0.2,0.19419901121565822
AOI-0049,2018-08-27,озимая пшеница,0.1827816525693264,0.18019653310982262,0.014766278306388197,0.3,0.0005971571222988752,0.2,0.18474584802619884
AOI-0049,2018-09-18,озимая пшеница,0.14068076054342288,0.14729103313404274,0.0077125691996153935,0.3,0.009666196513848374,0.2,0.15153804319669703
AOI-0049,2018-10-06,озимая пшеница,0.17902591836766504,0.1811083767343843,0.03169269623852208,0.3,0.013361817574475219,0.2,0.19328854912083596
AOI-0049,2019-04-21,озимая пшеница,0.24633015156995214,0.25651220921582973,-0.0043711000884062426,0.3,-0.02904207920088308,0.2,0.24939246334913123
AOI-0049,2019-07-12,озимая пшеница,0.6821237962406188,0.6718944511331354,-0.045296083199891875,0.3,0.003284294846486601,0.2,0.6589624851424651
AOI-0049,2019-09-03,озимая пшеница,0.2550125560749527,0.2569309460492457,0.0006117444454059257,0.3,0.0011106980722622036,0.2,0.2573366089973199
AOI-0049,2019-09-23,озимая пшеница,0.1310510446368251,0.13304005981437292,0.032169723435612314,0.3,0.013515452263063452,0.2,0.1453940672976693
AOI-0049,2020-04-02,озимая пшеница,0.4324931510803548,0.44336739648371104,0.022027843319061494,0.3,0.048144914374815426,0.2,0.4596047323543926
AOI-0049,2020-04-18,озимая пшеница,0.6655058867552948,0.6536038433080342,-0.021382872612662033,0.3,0.009367819484130846,0.2,0.6490625454210618
AOI-0049,2020-04-25,озимая пшеница,0.7730579735635335,0.7747239960390726,-0.024220378422928453,0.3,-0.013517156377864787,0.2,0.7647544512366211
AOI-0049,2020-04-26,озимая пшеница,0.7741652823480006,0.7640283634741986,-0.024234701461378943,0.3,-0.023495762154174354,0.2,0.75205880060495
AOI-0049,2020-05-11,озимая пшеница,0.8581879582488392,0.8484950727429519,-0.02542882893268598,0.3,-0.04392763492009562,0.2,0.8320808970791269
AOI-0049,2020-05-28,озимая пшеница,0.8747353668003182,0.8706458366173759,-0.024346364144429877,0.3,-0.04615230543650251,0.2,0.8541114662867465
AOI-0049,2020-06-05,озимая пшеница,0.8571899015017268,0.8649627946231904,-0.001459957972256713,0.3,-0.02541955039639565,0.2,0.8594408971522343
AOI-0049,2020-07-15,озимая пшеница,0.16837984822369026,0.17774170166662862,0.04707587833977981,0.3,0.02233935325421848,0.2,0.19633233581940626
AOI-0049,2020-07-31,озимая пшеница,0.13688599557039127,0.1346871086731194,0.01972534640319856,0.3,0.009792430582606995,0.2,0.14256319871060036
AOI-0049,2020-08-13,озимая пшеница,0.12504429904143796,0.12483227905722917,0.008843568666377252,0.3,0.00320374581551117,0.2,0.12812609882024456
AOI-0049,2020-08-15,озимая пшеница,0.14723422749198672,0.1459021809900598,0.006347176969413578,0.3,0.0007687663279616806,0.2,0.1479600873464762
AOI-0049,2020-08-31,озимая пшеница,0.18752432429834812,0.18865567249379772,0.013239603658329883,0.3,0.003227279473943833,0.2,0.19327300948608545
AOI-0049,2020-09-02,озимая пшеница,0.13759193342915566,0.14225633098860066,0.012529938244778906,0.3,0.01222543360668582,0.2,0.1484603991833715
AOI-0049,2020-09-13,озимая пшеница,0.21310559355506808,0.2143445727400901,0.0013405790326339777,0.3,0.015676618403015558,0.2,0.21788207013048344
AOI-0049,2020-09-27,озимая пшеница,0.13101865491692288,0.12377572178654292,0.0008740924332170013,0.3,-0.0005633840857616462,0.2,0.1239252726993557
AOI-0049,2020-10-07,озимая пшеница,0.11776778169381877,0.12213824936967937,0.03729996875676962,0.3,0.02106904752590301,0.2,0.13754204950189086
AOI-0049,2021-04-23,озимая пшеница,0.3654111797621181,0.37258333328265353,0.04312319137222286,0.3,0.03079574636701648,0.2,0.39167943996772364
AOI-0049,2021-06-09,озимая пшеница,0.5812604419477134,0.5909028277973764,-0.025414267564789605,0.3,0.0071682411973979145,0.2,0.5847121957674191
AOI-0049,2021-07-18,озимая пшеница,0.7996491102160017,0.78657746411903,-0.02529229388339604,0.3,-0.04595786141085161,0.2,0.7697982036718409
AOI-0049,2021-07-19,озимая пшеница,0.8093349844971927,0.8002541896855992,-0.024834291247949915,0.3,-0.03870415490804924,0.2,0.7850630713296044
AOI-0049,2021-07-24,озимая пшеница,0.8015772059567965,0.7993562449512571,-0.020825780287025596,0.3,-0.03263561809477595,0.2,0.7865813872461942
AOI-0049,2021-08-08,озимая пшеница,0.660396318054838,0.6540992184628661,-0.008311536668199362,0.3,0.02945479801586263,0.2,0.6574967170655789
AOI-0049,2021-09-27,озимая пшеница,0.191509351960739,0.19894847438009758,0.00063226410934399,0.3,0.017959503922319358,0.2,0.20273005439736463
AOI-0049,2021-09-28,озимая пшеница,0.23515330003588197,0.23719938315126948,0.013868341683719101,0.3,0.013380090252533592,0.2,0.24403590370689193
AOI-0049,2022-06-24,озимая пшеница,0.44498207907731774,0.43682061084780743,-0.025459803354059007,0.3,-0.02480559319348636,0.2,0.42422155120289246
AOI-0049,2022-07-13,озимая пшеница,0.19614447761190784,0.19783097316912174,0.026119489788675326,0.3,0.027743334083311068,0.2,0.21121548692238656
AOI-0049,2022-08-28,озимая пшеница,0.16084534033213146,0.16343460084232875,-0.0023362706766052203,0.3,-0.007138904271765456,0.2,0.1613059387849941
AOI-0049,2022-08-30,озимая пшеница,0.1632214592748934,0.16764982750191973,0.005029465525903454,0.3,7.86251234952931e-05,0.2,0.16917439218438984
AOI-0049,2022-09-06,озимая пшеница,0.16443317031970073,0.16255174149184587,0.022930323232038186,0.3,0.01476036075825804,0.2,0.17238291061310893
AOI-0049,2022-09-14,озимая пшеница,0.1846537468207715,0.18689225686567107,0.005038291558389853,0.3,0.01071948159427875,0.2,0.19054764065204377
AOI-0049,2022-10-08,озимая пшеница,0.22213109522841717,0.22900086973729952,0.036614547326122515,0.3,0.02645713095964262,0.2,0.24527666012706478
AOI-0049,2023-06-22,озимая пшеница,0.5045148713239387,0.506297365804499,-0.0006479267620219413,0.3,0.0040430986086976515,0.2,0.506911607497632
AOI-0049,2023-06-23,озимая пшеница,0.5026984901063735,0.5004517916144097,-0.004353194083209155,0.3,0.005865220123244594,0.2,0.5003188774140959
AOI-0049,2023-07-15,озимая пшеница,0.26903101245212746,0.2735925815508663,0.009080107049255493,0.3,0.014753280797391794,0.2,0.27926726982512134
AOI-0049,2023-07-23,озимая пшеница,0.20163772898288895,0.2204023385447261,0.04098757132414685,0.3,0.024424994757424833,0.2,0.23758360889345514
AOI-0049,2023-08-08,озимая пшеница,0.27938478809906814,0.2819506984058997,-0.012379158569931669,0.3,-0.0048340643098101,0.2,0.2772701379729582
AOI-0049,2023-08-24,озимая пшеница,0.3699161891004346,0.3755013198425693,0.0157167192861733,0.3,0.04189444926999841,0.2,0.388595225482421
AOI-0049,2023-09-12,озимая пшеница,0.22014585843938328,0.22253918470703965,0.0053392481027657495,0.3,0.017428014181936725,0.2,0.22762656197425674
AOI-0049,2023-09-14,озимая пшеница,0.2638216453220721,0.2621338511082459,-0.011974849175358664,0.3,-0.006144415371264552,0.2,0.2573125132813854
AOI-0049,2023-09-22,озимая пшеница,0.19752797511981712,0.1990588554281113,0.000499968346991714,0.3,0.012387462970084317,0.2,0.20168633852622567
AOI-0049,2023-10-02,озимая пшеница,0.16932516900565758,0.16956383856809312,0.0003624214805186864,0.3,0.01064911808060041,0.2,0.1718023886283688
AOI-0049,2024-06-23,озимая пшеница,0.5966847015299818,0.5878997350751707,-0.017233721728132926,0.3,0.012479003828678836,0.2,0.5852254193224665
AOI-0049,2024-08-17,озимая пшеница,0.3840570716833268,0.38326364201309926,-0.010016759801592223,0.3,-0.018495649840047,0.2,0.37655948410461215
AOI-0049,2024-08-28,озимая пшеница,0.22431593311611717,0.22773135728940216,0.005407741603209876,0.3,0.03188439384416354,0.2,0.23573055853919783
AOI-0049,2024-09-16,озимая пшеница,0.16994624223655894,0.17089275035152074,-0.0007853181340922331,0.3,0.011188608709411142,0.2,0.1728948766531753
AOI-0049,2024-09-29,озимая пшеница,0.2291611436982468,0.22390470363967369,-0.01050970278784144,0.3,-0.0006902872557246118,0.2,0.22061373535217632
AOI-0049,2024-10-01,озимая пшеница,0.1569148690621754,0.15371780780679203,0.0014065793658025712,0.3,0.010380304454515056,0.2,0.1562158425074358
AOI-0054,2010-07-19,озимая пшеница,0.7742373644172126,0.7680695204442731,0.006545560457305093,0.3,-0.005603134612006966,0.2,0.7689125616590632
AOI-0054,2010-09-06,озимая пшеница,0.5685022018463557,0.5895993443936418,0.01638013887510754,0.3,0.06262996915838359,0.2,0.6070393798878508
AOI-0054,2010-09-30,озимая пшеница,0.5561925791014454,0.5599357364838708,-0.0066274156340390645,0.3,-0.022877666210978857,0.2,0.5533719785514634
AOI-0054,2011-04-07,озимая пшеница,0.44390394192282706,0.4401640535319392,0.014341090538087364,0.3,-0.03332510962178846,0.2,0.4378013587690077
AOI-0054,2011-05-09,озимая пшеница,0.6947765689409018,0.7124234319111172,0.05151903960037453,0.3,0.04528012379876647,0.2,0.736935168550983
AOI-0054,2011-05-25,озимая пшеница,0.8261557877363168,0.8267768347882566,0.008654552610183098,0.3,-0.005582214066773924,0.2,0.8282567577579567
AOI-0054,2011-05-27,озимая пшеница,0.7728552242187054,0.7785123660806643,0.01506029155164924,0.3,0.00978431428845697,0.2,0.7849873164038504
AOI-0054,2011-06-10,озимая пшеница,0.8209718441574786,0.8107318129832504,-0.03852408321047541,0.3,-0.03923204206992964,0.2,0.7913281796061218
AOI-0054,2011-06-20,озимая пшеница,0.8314943343041379,0.8238097156865084,0.007552530827119879,0.3,-0.03558027853208491,0.2,0.8189594192282275
AOI-0054,2011-08-23,озимая пшеница,0.7586491114410534,0.7527461604854367,0.010121571175925093,0.3,-0.003464455556238595,0.2,0.7550897407269666
AOI-0054,2011-10-16,озимая пшеница,0.6738567965275669,0.6675779252268391,-0.008373942703101139,0.3,-0.016419283094304425,0.2,0.6617818857970479
AOI-0054,2012-07-09,озимая пшеница,0.7710316839965019,0.7778006959766163,0.013438253878919466,0.3,0.00530889357890991,0.2,0.782893950856074
AOI-0054,2012-07-16,озимая пшеница,0.7170285391938959,0.7277896371675032,0.01042424606427787,0.3,-0.02017838050360973,0.2,0.7268812348860646
AOI-0054,2012-08-26,озимая пшеница,0.6917264093990119,0.6951275635633506,0.010423258120920324,0.3,0.0014706444000641351,0.2,0.6985486698796395
AOI-0054,2012-09-29,озимая пшеница,0.6379434716324123,0.6412730557482051,-0.01652784445857632,0.3,0.00662887743798769,0.2,0.6376404778982298
AOI-0054,2012-10-20,озимая пшеница,0.6119345075557606,0.6136644516691153,0.03922338937252185,0.3,0.05610881231911698,0.2,0.6366532309446953
AOI-0054,2013-08-21,озимая пшеница,0.6965068209754589,0.7079522166484429,0.018549118069798736,0.3,0.026506822415437746,0.2,0.7188183165524701
AOI-0054,2014-04-07,озимая пшеница,0.6119789887194961,0.5819175029507427,0.0010908536648793253,0.3,-0.009483402070524933,0.2,0.5803480786361016
AOI-0054,2014-05-09,озимая пшеница,0.8525408262383041,0.8403942613655881,-0.013282827360322002,0.3,-0.03250826017376393,0.2,0.8299077611227387
AOI-0054,2014-06-28,озимая пшеница,0.7642518490772419,0.7659578805846995,0.005489305499024812,0.3,-0.007096486145464062,0.2,0.7661853750053141
AOI-0054,2014-07-28,озимая пшеница,0.7379056906976871,0.7175700699665699,-0.04735613930462592,0.3,-0.02371170280904498,0.2,0.6986208876133732
AOI-0054,2014-08-07,озимая пшеница,0.7333418049289155,0.7374287587003377,0.01259361009701106,0.3,0.006922317745543517,0.2,0.7425913052785498
AOI-0054,2014-08-08,озимая пшеница,0.7316371183431523,0.7357467179762086,0.010742500924910876,0.3,0.003632610438059613,0.2,0.7396959903412937
AOI-0054,2014-08-13,озимая пшеница,0.6619989958774797,0.6511768791453124,-0.041082981655569416,0.3,-0.041277644422025486,0.2,0.6305964557642365
AOI-0054,2014-08-15,озимая пшеница,0.7239907757141449,0.7277942991653092,0.005257982939996579,0.3,0.005270202168224677,0.2,0.7304257344809532
AOI-0054,2014-10-11,озимая пшеница,0.5935601329739678,0.6087902092762296,0.013705313685612574,0.3,0.06799661481268068,0.2,0.6265011263444495
AOI-0054,2015-07-25,озимая пшеница,0.7956762819276326,0.7886141212003703,0.001357373590788029,0.3,-0.015194318796214051,0.2,0.7859824695183639
AOI-0054,2015-08-26,озимая пшеница,0.7422938917288887,0.7399625077368075,0.012083996885196308,0.3,-0.0038368534563988322,0.2,0.7428203361110867
AOI-0054,2015-08-27,озимая пшеница,0.7744585670654764,0.7738157334514496,0.017914614700535295,0.3,-0.005634724046866646,0.2,0.7780631730522368
AOI-0054,2015-08-29,озимая пшеница,0.6884552950355043,0.6801938320336758,-0.03658958120307885,0.3,-0.03019340579941083,0.2,0.66317827651287
AOI-0054,2015-09-20,озимая пшеница,0.6574518294071863,0.6635936810561169,0.01652377059807211,0.3,0.0385717227830205,0.2,0.6762651567921427
AOI-0054,2015-10-06,озимая пшеница,0.5207892187204055,0.5289644025254252,0.0065922465231544715,0.3,0.05361785326392867,0.2,0.5416656471351573
AOI-0054,2016-04-30,озимая пшеница,0.7780825393197723,0.7606896198620047,-0.012600678992082375,0.3,-0.02881106652799148,0.2,0.7511472028587817
AOI-0054,2016-07-03,озимая пшеница,0.8027236513631864,0.8001250123354522,-0.0008693843481436909,0.3,-0.018651364966619573,0.2,0.7961339240376851
AOI-0054,2016-08-29,озимая пшеница,0.807317751124891,0.7997799260440634,0.004469958639759635,0.3,-0.025376123389501203,0.2,0.7960456889580911
AOI-0054,2016-09-29,озимая пшеница,0.7352647359210247,0.7219989460792011,-0.0257766598156815,0.3,-0.053248326179897595,0.2,0.7036162828985171
AOI-0054,2017-05-03,озимая пшеница,0.7439379832859393,0.738625767082724,0.003777428498480927,0.3,-0.013586681261625877,0.2,0.737041659379943
AOI-0054,2017-05-11,озимая пшеница,0.8477782687143577,0.8299107636939513,-0.01146845774235097,0.3,-0.029854946629407048,0.2,0.8204992370453646
AOI-0054,2017-05-19,озимая пшеница,0.8679745302830997,0.8518599795842311,-0.004573619943310551,0.3,-0.057535255573757674,0.2,0.8389808424864863
AOI-0054,2017-05-27,озимая пшеница,0.8797989744483635,0.8655429254689373,-0.004618806481152353,0.3,-0.03189539074309049,0.2,0.8577782053759736
AOI-0054,2017-06-10,озимая пшеница,0.8374501701331598,0.8335096883381714,-0.04003104653204733,0.3,-0.04872342902672459,0.2,0.8117556885732122
AOI-0054,2017-07-06,озимая пшеница,0.8184531602523584,0.8202239165156141,0.009755215870346157,0.3,-0.02402862896549205,0.2,0.8183447554836195
AOI-0054,2017-09-01,озимая пшеница,0.4702921097189384,0.5032921097189385,0.02188751679114474,0.3,0.08878212085705181,0.2,0.5276147889276922
AOI-0054,2017-09-18,озимая пшеница,0.6733307734927261,0.6950088045943725,0.014859669637908187,0.3,0.03850595352963449,0.2,0.7071678961916719
AOI-0054,2017-09-24,озимая пшеница,0.6346800283649211,0.6381705065130324,0.002397452833935232,0.3,0.021166175636598093,0.2,0.6431229774905326
AOI-0054,2017-10-11,озимая пшеница,0.6457942969978291,0.6478112926119924,0.010415571452240601,0.3,0.050380979607170986,0.2,0.6610121599690988
AOI-0054,2018-04-04,озимая пшеница,0.3771008850401186,0.35738182071796565,-0.03594982304073011,0.3,-0.01096479876053598,0.2,0.3444039140536394
AOI-0054,2018-04-21,озимая пшеница,0.5874711728487114,0.5896042630195025,-0.003899820181417729,0.3,0.006732139527152058,0.2,0.5897807448705076
AOI-0054,2018-04-28,озимая пшеница,0.7579734221962701,0.7311354134846532,-0.03209283614292833,0.3,-0.050645457597957425,0.2,0.7113784711221831
AOI-0054,2018-04-29,озимая пшеница,0.7770653822173293,0.7615951256964139,-0.02044340008419304,0.3,-0.024632907626343382,0.2,0.7505355241458872
AOI-0054,2018-05-01,озимая пшеница,0.7777384241932105,0.762831115418237,-0.018964690757526683,0.3,-0.02307682593470641,0.2,0.7525263430040378
AOI-0054,2018-05-11,озимая пшеница,0.8198076194294183,0.8075717433507509,-0.01688424246648416,0.3,-0.032088770763229676,0.2,0.7960887164581597
AOI-0054,2018-06-15,озимая пшеница,0.782403998255883,0.7871255346253295,0.0013297687096297849,0.3,0.0032507763349715587,0.2,0.7881746205052128
AOI-0054,2018-06-16,озимая пшеница,0.789548645143413,0.7983282155014532,0.004775356102650706,0.3,-0.011331631523395388,0.2,0.7974944960275693
AOI-0054,2018-07-09,озимая пшеница,0.7230418405268864,0.7234434320459356,-0.0014099065577193827,0.3,-0.0031085683972121815,0.2,0.7223987463991774
AOI-0054,2018-09-12,озимая пшеница,0.6840276706563192,0.6794080556664471,-0.004151657562966561,0.3,-0.03992841193256099,0.2,0.6701768760110449
AOI-0054,2018-10-13,озимая пшеница,0.6856227413600262,0.6921301909279617,0.0008510020783091864,0.3,0.01865440652690053,0.2,0.6961163728568346
AOI-0054,2018-10-29,озимая пшеница,0.5010962085562112,0.5265540703073752,0.049030409746409036,0.3,0.056017232951334525,0.2,0.5524666398215649
AOI-0054,2019-04-07,озимая пшеница,0.5522447373747021,0.5536971206597407,0.023249025794146973,0.3,-0.0008219614525254498,0.2,0.5605074361074797
AOI-0054,2019-05-25,озимая пшеница,0.8578923266765035,0.8422005581404732,-0.02954453902371076,0.3,-0.0653180788950504,0.2,0.82027358065435
AOI-0054,2019-05-31,озимая пшеница,0.8778907227918364,0.8770550060021682,0.0007348287980151929,0.3,-0.0032306742947850915,0.2,0.8766293197826157
AOI-0054,2019-06-15,озимая пшеница,0.8537531906561122,0.8579675186599719,0.010570880331765498,0.3,0.005994880404540688,0.2,0.8623377588404096
AOI-0054,2019-06-18,озимая пшеница,0.843002185140789,0.8296560549649463,0.000841451556591784,0.3,-0.040369738964163474,0.2,0.8218345426390912
AOI-0054,2019-06-27,озимая пшеница,0.7938021221918661,0.7886568972997913,-0.014634159030699891,0.3,-0.0269096553881003,0.2,0.7788847185129613
AOI-0054,2019-07-04,озимая пшеница,0.8037546623107571,0.778949016385214,-0.014730092856568951,0.3,-0.043424842729261344,0.2,0.765845019982391
AOI-0054,2019-07-05,озимая пшеница,0.8525031013829736,0.8413929829825343,-0.013147653307786649,0.3,-0.017272841979735557,0.2,0.8339941185942511
AOI-0054,2019-07-12,озимая пшеница,0.8024670518258793,0.7697164123808139,-0.05093146272262728,0.3,-0.03391964411337023,0.2,0.7476530447413516
AOI-0054,2019-07-28,озимая пшеница,0.8135265296530664,0.78764445576672,-0.052726431309511525,0.3,-0.03462056294962505,0.2,0.7649024137839416
AOI-0054,2019-07-29,озимая пшеница,0.848865487616874,0.8413831637751988,-0.00022518414607204228,0.3,-0.03623754841190312,0.2,0.8340680988489966
AOI-0054,2019-08-14,озимая пшеница,0.8225081355623758,0.8299369596141315,0.007283435348010713,0.3,-0.01777075949451481,0.2,0.8285678383196318
AOI-0054,2019-08-29,озимая пшеница,0.7069833738565438,0.7065607464785393,-0.04183922667316577,0.3,-0.00382665923885882,0.2,0.6932436466288179
AOI-0054,2019-08-30,озимая пшеница,0.755775432526644,0.7519853877187112,0.006647903936127024,0.3,-3.7261303305528325e-05,0.2,0.7539723066388881
AOI-0054,2019-09-15,озимая пшеница,0.47990303953465807,0.5129030395346581,0.07107785620235947,0.3,0.10763665469684805,0.2,0.5557537273347356
AOI-0054,2019-10-09,озимая пшеница,0.7004364329934397,0.697652206991228,-0.00408890648548096,0.3,-0.015330815931887887,0.2,0.6933593718592062
AOI-0054,2020-04-02,озимая пшеница,0.40759643521887284,0.43389463343742407,0.03203399612973024,0.3,0.004864488006962739,0.2,0.4444777298777357
AOI-0054,2020-04-09,озимая пшеница,0.5077465992673675,0.5027352533727651,-0.008547225657237392,0.3,-0.006857940539658535,0.2,0.4987994975676622
AOI-0054,2020-04-10,озимая пшеница,0.5195665306372025,0.5317880385138203,-0.008341047040318333,0.3,0.026871098710878605,0.2,0.5346599441439005
AOI-0054,2020-04-22,озимая пшеница,0.6676064936972355,0.6653438065738269,-0.007127748958315877,0.3,0.012893079778618446,0.2,0.6657840978420558
AOI-0054,2020-04-30,озимая пшеница,0.6590401874401088,0.6725431938958466,-0.0007553808269250032,0.3,0.030245258474959253,0.2,0.678365631342761
AOI-0054,2020-05-11,озимая пшеница,0.8092110969160213,0.7956926013677705,-0.013515295155077902,0.3,-0.012179965280844078,0.2,0.7892020197650783
AOI-0054,2020-05-30,озимая пшеница,0.8148562756632336,0.8124681701515866,-0.014179222369569654,0.3,-0.008264815614300498,0.2,0.8065614403178556
AOI-0054,2020-06-28,озимая пшеница,0.7658543680279105,0.7626704422066417,0.0049581153664008575,0.3,-0.0017975841125040467,0.2,0.7637983599940612
AOI-0054,2020-08-03,озимая пшеница,0.8034017288750983,0.7978007711182364,-0.005157888611504717,0.3,-0.011236121412801432,0.2,0.7940061802522247
AOI-0054,2020-09-07,озимая пшеница,0.754850415917299,0.7363476121454936,-0.0027988012806929264,0.3,-0.038195210185689894,0.2,0.7278689297241477
AOI-0054,2020-09-09,озимая пшеница,0.7893640781778648,0.7821073429766071,0.0005742101893178491,0.3,-0.05416913985092016,0.2,0.7714457780632185
AOI-0054,2020-10-17,озимая пшеница,0.3705267258842939,0.40352672588429395,0.03252480746183645,0.3,0.039483392972381216,0.2,0.4211808467173211
AOI-0054,2020-10-27,озимая пшеница,0.3862258004136579,0.41922580041365787,0.03616284407553099,0.3,0.03957660361537239,0.2,0.43798997435939163
AOI-0054,2021-04-29,озимая пшеница,0.6866402079241795,0.6868547566292947,-0.01980673581151465,0.3,-0.01027970820303512,0.2,0.6788567942452333
AOI-0054,2021-05-09,озимая пшеница,0.7898446596976104,0.7918102930083414,-0.005813238972297015,0.3,-0.017302969077708955,0.2,0.7866057275011106
AOI-0054,2021-05-20,озимая пшеница,0.7848689683705233,0.7987890232424598,0.00960627507013766,0.3,-0.00601232442508817,0.2,0.8004684408784835
AOI-0054,2021-06-16,озимая пшеница,0.8540987204591777,0.8458755459600098,-0.01413072133778907,0.3,-0.007636058565931539,0.2,0.8401091178454868
AOI-0054,2021-07-02,озимая пшеница,0.860770701078966,0.8476323376123382,-0.012597242692064897,0.3,-0.03794739760825277,0.2,0.8362636852830682
AOI-0054,2021-07-18,озимая пшеница,0.8063442013014097,0.7950044238470111,-0.016572548303502185,0.3,-0.027051219592327303,0.2,0.784622415437495
AOI-0054,2021-07-24,озимая пшеница,0.7999398894519105,0.7974222751470752,-0.008813279371301923,0.3,-0.011387548248690113,0.2,0.7925007816859466
AOI-0054,2021-09-07,озимая пшеница,0.7865486250991247,0.7854684954917522,0.013465928178444792,0.3,-0.003918383593095412,0.2,0.7887245972266665
AOI-0054,2021-10-16,озимая пшеница,0.6065702842388655,0.6173040135454043,-0.021315282540311935,0.3,-0.00515966986891624,0.2,0.6098774948095276
AOI-0054,2021-10-22,озимая пшеница,0.601753708709792,0.6235613313167112,0.007053370187790756,0.3,0.035926997698987766,0.2,0.632862741912846
AOI-0054,2021-10-30,озимая пшеница,0.5246640949136098,0.5460461946850161,0.03583085760738557,0.3,0.06390536186885025,0.2,0.5695765243410018
AOI-0054,2022-06-03,озимая пшеница,0.9100015843101732,0.9009803168664194,-0.002461149155545235,0.3,-0.04061958191595273,0.2,0.8921180557365653
AOI-0054,2022-06-10,озимая пшеница,0.8657108011898258,0.8468916790162376,-0.054019120815852244,0.3,-0.039206860015286366,0.2,0.8228445707684248
AOI-0054,2022-06-26,озимая пшеница,0.8216277102305991,0.798342988193847,-0.053725334305887655,0.3,-0.030179608329583312,0.2,0.7761894662361639
AOI-0054,2022-07-12,озимая пшеница,0.7371454272894374,0.7231761227642479,-0.07472478943512616,0.3,-0.017928054484995404,0.2,0.697173075036711
AOI-0054,2022-07-29,озимая пшеница,0.7413940256766167,0.763262290878336,-0.0005769255443426281,0.3,0.012219657453666452,0.2,0.7655331447057665
AOI-0054,2022-08-06,озимая пшеница,0.7954939025423527,0.7873533732902174,-0.01019558653865343,0.3,-0.02467907185205221,0.2,0.7793588829582109
AOI-0054,2022-08-18,озимая пшеница,0.7170662776952467,0.7213689581962505,0.00011407813821704294,0.3,-0.00335258495933647,0.2,0.7207326646458483
AOI-0054,2022-08-29,озимая пшеница,0.6695978084163209,0.6658028415485668,-0.03914820581135461,0.3,-0.010265804273257698,0.2,0.6520052189505089
AOI-0054,2023-04-07,озимая пшеница,0.7061213579222914,0.6749062681061668,0.005494741902065993,0.3,0.0013624381406073015,0.2,0.6768271783049081
AOI-0054,2023-04-23,озимая пшеница,0.8007735429206737,0.785047263223408,-0.0002679618817116687,0.3,-0.02949144927939677,0.2,0.7790685848030151
AOI-0054,2023-05-28,озимая пшеница,0.7889279806986218,0.791446019943006,0.0028156543739860833,0.3,-0.00558918794576393,0.2,0.7911728786660491
AOI-0054,2023-06-10,озимая пшеница,0.8480360438601744,0.8435986372147636,-0.042554457945766046,0.3,-0.0426614949658793,0.2,0.8223000008378579
AOI-0054,2023-06-22,озимая пшеница,0.8774352298313779,0.8669105471206513,-0.014365640489549244,0.3,-0.026367399434509886,0.2,0.8573273750868846
AOI-0054,2023-07-07,озимая пшеница,0.736319107973674,0.7351922004158264,-0.018254171367659024,0.3,0.0077722608354618,0.2,0.7312704011726211
AOI-0054,2023-09-07,озимая пшеница,0.6822118009099879,0.6890254384711332,-0.005352274784258852,0.3,0.03944493948699594,0.2,0.6953087439332547
AOI-0054,2023-10-11,озимая пшеница,0.700377844878991,0.708642482728665,0.019845444589642037,0.3,0.0001357083521506404,0.2,0.7146232577759878
AOI-0054,2024-04-04,озимая пшеница,0.5834413645494365,0.5724273234327412,-0.021595665054755967,0.3,0.007970254852528577,0.2,0.5675426748868201
AOI-0054,2024-05-07,озимая пшеница,0.8474430785255347,0.8356380038530103,-0.008989231746361636,0.3,-0.03392775445339723,0.2,0.8261556834384224
AOI-0054,2024-05-08,озимая пшеница,0.8509928844865235,0.8180267234543713,-0.026156028342162237,0.3,-0.03617417482712882,0.2,0.8029450799862969
AOI-0054,2024-05-22,озимая пшеница,0.8357449270540935,0.8308303494207451,-0.0008584169137682519,0.3,-0.011476016299485511,0.2,0.8282776210867175
AOI-0054,2024-05-23,озимая пшеница,0.857121497204334,0.8521233884561573,0.0036909472527820357,0.3,-0.035658267000248024,0.2,0.8460990192319423
AOI-0054,2024-06-24,озимая пшеница,0.8070182912772674,0.8058347406899754,-0.0029208520678683193,0.3,-0.01795034064564949,0.2,0.801368416940485
AOI-0054,2024-07-13,озимая пшеница,0.7678789284041398,0.7732365017273958,-0.001762256353628723,0.3,0.02887998557857922,0.2,0.778483821937023
AOI-0054,2024-07-18,озимая пшеница,0.8177520208503658,0.8182394822709063,-0.011315435404153164,0.3,-0.020095648385536263,0.2,0.8108257219725531
AOI-0054,2024-08-18,озимая пшеница,0.8281613026761846,0.8183784097342256,-0.0014795865239473583,0.3,-0.044443177166764034,0.2,0.8090458983436886
AOI-0054,2024-09-16,озимая пшеница,0.6767666666388236,0.6839462259756265,0.01885780323154267,0.3,0.05740992324709142,0.2,0.7010855515945076
AOI-0054,2024-09-21,озимая пшеница,0.7587742825481547,0.7683256466916588,0.011353751832196935,0.3,0.0026385304984361574,0.2,0.7722594783410052
AOI-0054,2024-09-29,озимая пшеница,0.6329774830751442,0.6350834329054615,-0.05760524096528754,0.3,-0.007024547725756056,0.2,0.6163969510707241
AOI-0054,2024-10-05,озимая пшеница,0.6771294200092857,0.6816393666629569,0.009076899661994379,0.3,0.02074606328291658,0.2,0.6885116492181385
AOI-0054,2024-10-30,озимая пшеница,0.6840096238238029,0.6783159621748186,0.006167574930240447,0.3,0.010874962067621726,0.2,0.6823412270674151
AOI-0057,2010-04-15,озимая пшеница,0.19696730883078473,0.19216063653301516,0.004782223749873434,0.3,0.005723130828364061,0.2,0.19473992982365002
AOI-0057,2010-04-30,озимая пшеница,0.2260517096852015,0.20931625018190403,-0.021395212683822617,0.3,-0.017510133559531422,0.2,0.19939565966485098
AOI-0057,2010-05-01,озимая пшеница,0.24585283056132448,0.2359833109297492,-0.015485228588523317,0.3,-0.031095629103085592,0.2,0.2251186165325751
AOI-0057,2010-05-08,озимая пшеница,0.2603971856151246,0.25306677462094934,-0.0067821056549126355,0.3,-0.006989816757359759,0.2,0.2496341795730036
AOI-0057,2010-06-10,озимая пшеница,0.6904149445544707,0.685561258700137,-0.0129256102246595,0.3,0.02161542753275347,0.2,0.6860066611392898
AOI-0057,2010-07-27,озимая пшеница,0.5939806770646091,0.5912086214102328,0.01039347634018603,0.3,0.01482000642931373,0.2,0.5972906655981514
AOI-0057,2010-08-05,озимая пшеница,0.555806542706872,0.5543213013728578,0.014856371417174618,0.3,0.0015385020028222643,0.2,0.5590859131985747
AOI-0057,2010-09-14,озимая пшеница,0.3643208391359487,0.35285821463874395,-0.0005798412650432662,0.3,-0.02527839219336339,0.2,0.34762858382055833
AOI-0057,2011-05-25,озимая пшеница,0.9248092346438028,0.9230896603407323,-0.0359439571735713,0.3,-0.029399447589214985,0.2,0.9064265836708179
AOI-0057,2011-06-10,озимая пшеница,0.7988491322968406,0.7902103209458656,-0.056163477526078455,0.3,-0.060336884396517264,0.2,0.7612939008087386
AOI-0057,2011-06-13,озимая пшеница,0.8092930557111364,0.8151815447261276,0.039067740053108126,0.3,0.03562240991581421,0.2,0.8340263487252229
AOI-0057,2011-07-07,озимая пшеница,0.29943242525936087,0.30142943905912517,0.017198394462295426,0.3,0.011840141022019832,0.2,0.30895698560221774
AOI-0057,2011-08-08,озимая пшеница,0.4147623734016105,0.4097382979878262,-0.00476244656825026,0.3,0.005650640323256542,0.2,0.40943969208200237
AOI-0057,2011-09-16,озимая пшеница,0.213617776416772,0.20984328852325504,0.014312613375743865,0.3,-0.01019123343215796,0.2,0.2120988258495466
AOI-0057,2011-10-11,озимая пшеница,0.23646427430644185,0.2314312430590036,-0.004783778279115319,0.3,-0.011034683305595159,0.2,0.22778917291414996
AOI-0057,2012-07-16,озимая пшеница,0.8309482789302043,0.821736124498158,0.0031579469406637266,0.3,-0.03192903778112149,0.2,0.8162977010241328
AOI-0057,2012-09-18,озимая пшеница,0.22153129277787914,0.21618586413060764,0.009760386463795245,0.3,-0.019515249944512054,0.2,0.2152109300808438
AOI-0057,2013-04-07,озимая пшеница,0.7055913895188526,0.7091521571503091,0.01868527083094743,0.3,0.027332211092662078,0.2,0.7202241806181258
AOI-0057,2013-09-14,озимая пшеница,0.31732931039806267,0.3132962189724071,0.007655712317741787,0.3,-0.033007385044775794,0.2,0.3089914556587745
AOI-0057,2013-09-22,озимая пшеница,0.23034311594516238,0.23173446723017058,0.011913142038001204,0.3,0.013146799377400159,0.2,0.23793776971705097
AOI-0057,2014-04-17,озимая пшеница,0.4199457398170374,0.4128973500537119,-0.017213513142560036,0.3,0.007829835991369435,0.2,0.4092992633092178
AOI-0057,2014-04-18,озимая пшеница,0.43768680505087854,0.4399035769538755,-0.007982457314383917,0.3,-0.003637149100283016,0.2,0.43678140993950376
AOI-0057,2014-04-25,озимая пшеница,0.5967732474849113,0.5855451441701467,-0.014928197192910993,0.3,-0.018761944840862785,0.2,0.5773142960441009
AOI-0057,2014-05-09,озимая пшеница,0.8066150073315502,0.8147135277866874,-0.019797178048770073,0.3,0.003353929733803316,0.2,0.809445160318817
AOI-0057,2014-06-05,озимая пшеница,0.7697387971121675,0.7745850516794146,0.006151255933070599,0.3,0.06915352577218117,0.2,0.7902611336137719
AOI-0057,2014-07-15,озимая пшеница,0.30457188462549134,0.30257154629378374,0.0008037250699067877,0.3,-0.04407405990429103,0.2,0.2939978518338976
AOI-0057,2014-07-23,озимая пшеница,0.3209364239532646,0.32231815078403636,-0.002418085830709518,0.3,-0.01837536034132802,0.2,0.3179176529665579
AOI-0057,2014-08-16,озимая пшеница,0.2234088646781493,0.22707103535920725,0.012510120760459844,0.3,-0.027109984161057164,0.2,0.22540207475513377
AOI-0057,2014-08-23,озимая пшеница,0.22335402840043989,0.2202621609536407,0.016617413410266593,0.3,-0.019573768176134758,0.2,0.22133263134149372
AOI-0057,2014-10-02,озимая пшеница,0.1883269753580153,0.18689082953543473,0.014407288136104947,0.3,0.0097610828419811,0.2,0.19316523254466245
AOI-0057,2014-10-11,озимая пшеница,0.18138192970578548,0.18241410724691548,0.010261376791479985,0.3,0.0031862601785056554,0.2,0.18612977232006062
AOI-0057,2014-10-16,озимая пшеница,0.2806687233553605,0.2708195253197708,0.014257304187181144,0.3,-0.009651667667296079,0.2,0.27316638304246593
AOI-0057,2015-05-25,озимая пшеница,0.8986026227619048,0.8949232687718155,-0.05644469183629478,0.3,-0.03061092221856761,0.2,0.8718676767772136
AOI-0057,2015-10-30,озимая пшеница,0.2824632432445048,0.26418401114710516,-0.07110687395299807,0.3,-0.05176927017490364,0.2,0.232498094926225
AOI-0057,2016-05-08,озимая пшеница,0.9146855762473391,0.918199493086816,-0.043589737714414,0.3,-0.031062992546561356,0.2,0.8989099732631796
AOI-0057,2016-06-26,озимая пшеница,0.3822172088705696,0.390756122508563,0.02045497089440607,0.3,-0.020151148932524995,0.2,0.3928623839903798
AOI-0057,2016-07-28,озимая пшеница,0.29623720489493266,0.29835978828263116,-0.003660821850393791,0.3,0.0016668237433080998,0.2,0.29759490647617465
AOI-0057,2016-08-12,озимая пшеница,0.4553271246706884,0.459316386558057,0.020869280732483494,0.3,0.01539683047465967,0.2,0.468656536872734
AOI-0057,2017-05-04,озимая пшеница,0.3789792628996116,0.3666798612994392,-0.049445374470217705,0.3,-0.012002850556750957,0.2,0.3494456788470237
AOI-0057,2017-05-06,озимая пшеница,0.3740538618961533,0.36489844804052707,-0.035333418369466275,0.3,-0.01943326481439169,0.2,0.35041176956680886
AOI-0057,2017-06-10,озимая пшеница,0.7775711302728817,0.7855986803404382,-0.010199873034932447,0.3,0.011372671956319653,0.2,0.7848132528212224
AOI-0057,2017-07-30,озимая пшеница,0.8475402022325526,0.8430807851293107,-0.010205746319439362,0.3,-0.025235946053552144,0.2,0.8349718720227685
AOI-0057,2017-08-08,озимая пшеница,0.8598152511925101,0.8510585878026938,-0.023557295384150325,0.3,-0.04587163220507603,0.2,0.8348170727464335
AOI-0057,2017-09-01,озимая пшеница,0.4741025269808319,0.4781091116128954,0.016764235241334004,0.3,0.030244268311665563,0.2,0.4891872358476287
AOI-0057,2017-09-14,озимая пшеница,0.4239843237888507,0.4229123768585801,-0.0017796093801220906,0.3,0.00015676638649778606,0.2,0.42240984732184306
AOI-0057,2017-09-17,озимая пшеница,0.40528710812670016,0.409943066771613,0.012813802335424153,0.3,0.01687092340939904,0.2,0.41716139215412007
AOI-0057,2017-09-25,озимая пшеница,0.3172946266897172,0.3162164822745303,0.006900072208774651,0.3,0.009772958442013483,0.2,0.32024109562556535
AOI-0057,2018-04-11,озимая пшеница,0.6122195255204184,0.5965885465806021,-0.02367126144472392,0.3,-0.012292742393602268,0.2,0.5870286196684645
AOI-0057,2018-05-06,озимая пшеница,0.8845252295139707,0.8772829540040142,-0.02276007090529276,0.3,-0.041962498809323,0.2,0.8620624329705617
AOI-0057,2018-07-18,озимая пшеница,0.23170777012191524,0.23801836105317353,0.016536226263647705,0.3,0.013750432570007725,0.2,0.2457293154462694
AOI-0057,2018-08-02,озимая пшеница,0.2732688104108192,0.27406087102584026,0.0009704429196500325,0.3,-0.0002180746995740976,0.2,0.2743083889618204
AOI-0057,2018-08-19,озимая пшеница,0.19467569988462324,0.2034158273644825,0.03315350931225713,0.3,0.027869309463489377,0.2,0.2189357420508575
AOI-0057,2018-08-26,озимая пшеница,0.19329046519865914,0.199235088030678,0.030590463708917052,0.3,0.03716998337561204,0.2,0.2158462238184755
AOI-0057,2018-10-29,озимая пшеница,0.1909860779970997,0.19852029085903738,0.02206505865761672,0.3,0.014970716744316229,0.2,0.20813395180518565
AOI-0057,2019-04-11,озимая пшеница,0.1899163837151708,0.18539197917779082,0.0067477932137642764,0.3,0.009088632871348165,0.2,0.18923404371618974
AOI-0057,2019-04-21,озимая пшеница,0.20192485426160817,0.20335947192839768,0.01769822510278864,0.3,0.009772779906516826,0.2,0.21062349544053763
AOI-0057,2019-05-01,озимая пшеница,0.3854053374461894,0.37483029049030425,-0.025819698054061254,0.3,-0.020770263203831914,0.2,0.36293032843331946
AOI-0057,2019-05-02,озимая пшеница,0.42919805861064286,0.43466907688014,-0.008290655210436131,0.3,-0.018002236870687315,0.2,0.4285814329428717
AOI-0057,2019-05-06,озимая пшеница,0.39508658704370203,0.3951313816782633,-0.013180510887962845,0.3,-0.023652780618091014,0.2,0.3864466722882562
AOI-0057,2019-07-05,озимая пшеница,0.775907960041507,0.7644034752040122,-0.00560231384372271,0.3,0.00919792713706705,0.2,0.7645623664783088
AOI-0057,2019-07-20,озимая пшеница,0.6057261143517422,0.5905329443499567,0.009413769703092729,0.3,-0.0363816093609527,0.2,0.586080753388694
AOI-0057,2019-08-05,озимая пшеница,0.3949917108831973,0.3975175613365767,0.011235656899700342,0.3,0.010362221769098704,0.2,0.40296070276030654
AOI-0057,2019-08-21,озимая пшеница,0.20589079408811073,0.2068359173869349,0.02271181417830138,0.3,0.01107517429141373,0.2,0.21586449649870806
AOI-0057,2019-08-24,озимая пшеница,0.18826370414577215,0.1838752913895494,0.005706019656488777,0.3,-0.01371116716903783,0.2,0.18284486385268847
AOI-0057,2019-09-23,озимая пшеница,0.1292143926488692,0.12002588700376814,0.007337173199909998,0.3,0.01970096980553973,0.2,0.12616723292484908
AOI-0057,2019-10-13,озимая пшеница,0.1752426636119566,0.1718621979698278,0.010207022798797556,0.3,0.007807257811217924,0.2,0.17648575637171063
AOI-0057,2019-10-25,озимая пшеница,0.1384083191249963,0.1459782094863729,0.03175806248928773,0.3,0.03315904208837288,0.2,0.1621374366508338
AOI-0057,2020-04-17,озимая пшеница,0.18614287814433075,0.1910720841853631,0.008478457456103244,0.3,0.008994561246362349,0.2,0.19541453367146655
AOI-0057,2020-08-15,озимая пшеница,0.13328517567878082,0.1302124151813295,0.017295478118350232,0.3,0.01691164987335072,0.2,0.1387833885915047
AOI-0057,2020-08-23,озимая пшеница,0.13723831281785634,0.13550730264619246,0.015009706489493953,0.3,0.013336980633588744,0.2,0.14267761071975837
AOI-0057,2020-09-09,озимая пшеница,0.14614179676950234,0.15362420790322592,0.025714654007984523,0.3,0.02917498022996226,0.2,0.16717360015161373
AOI-0057,2020-09-13,озимая пшеница,0.2072257394525322,0.20411326747515066,0.005417999839238551,0.3,0.04149967738305838,0.2,0.2140386029035339
AOI-0057,2020-09-25,озимая пшеница,0.16441341105277846,0.17141316489355754,0.026493754443076212,0.3,0.028989996488679014,0.2,0.1851592905242162
AOI-0057,2020-09-27,озимая пшеница,0.11848115817719829,0.11930262039285609,0.018347977400798455,0.3,0.02238171217352167,0.2,0.12928335604779995
AOI-0057,2020-09-29,озимая пшеница,0.18684080969385986,0.17984156585546707,0.009210836735352512,0.3,0.02820266796820715,0.2,0.18824535046971425
AOI-0057,2020-10-03,озимая пшеница,0.14307025018613742,0.14287161805192752,0.022122273722954295,0.3,0.023807524581124166,0.2,0.15426980508503865
AOI-0057,2021-04-15,озимая пшеница,0.5676402473730806,0.552715022390527,-0.0267947151321546,0.3,-0.04175866918416653,0.2,0.5363248740140474
AOI-0057,2021-06-19,озимая пшеница,0.8061768212637319,0.805642879053223,-0.0099747196956398,0.3,-0.010593446104308736,0.2,0.8005317739236693
AOI-0057,2021-08-13,озимая пшеница,0.32895843822145987,0.33726465484930346,0.02607175165504989,0.3,0.01843170458963134,0.2,0.3487725212637447
AOI-0057,2021-09-04,озимая пшеница,0.39679984792162015,0.38961846584029897,-0.016415773063113547,0.3,-0.0008116597672800541,0.2,0.3845314019679089
AOI-0057,2022-05-27,озимая пшеница,0.5602216253685264,0.5723768549318613,0.027100595204092127,0.3,0.0395382937278822,0.2,0.5884146922386654
AOI-0057,2022-06-26,озимая пшеница,0.2492247477575748,0.2556334378426306,0.026850392022770474,0.3,0.05955948471781849,0.2,0.27560045239302544
AOI-0057,2022-06-29,озимая пшеница,0.15844562523457517,0.16770802829214337,0.0225342121359486,0.3,0.018995695294604324,0.2,0.17826743099184883
AOI-0057,2022-07-09,озимая пшеница,0.21255330583071697,0.20618453802055436,-0.009496725392418078,0.3,-0.028715785043384755,0.2,0.19759236339415198
AOI-0057,2022-07-12,озимая пшеница,0.31719547322905683,0.31364263526359065,-0.004559348912923983,0.3,-0.028489719223063224,0.2,0.3065768867451008
AOI-0057,2022-07-28,озимая пшеница,0.25927651871318674,0.2658693488458129,0.018913673295196835,0.3,0.04406738900710977,0.2,0.2803569286357939
AOI-0057,2022-08-03,озимая пшеница,0.17336741074885917,0.1678527878962576,0.00689166345183814,0.3,0.01443325714888663,0.2,0.17280693836158637
AOI-0057,2022-08-13,озимая пшеница,0.20691998884585805,0.20148002654394367,0.0029886409798232693,0.3,-0.007846225623757325,0.2,0.2008073737131392
AOI-0057,2022-08-18,озимая пшеница,0.1744882180855557,0.17679066929846537,0.020682174018567482,0.3,0.00953051973814847,0.2,0.1849014254516653
AOI-0057,2022-09-14,озимая пшеница,0.18282549426997047,0.18093222042539903,0.01142741522787719,0.3,0.025989080034868356,0.2,0.18955826100073586
AOI-0057,2022-10-17,озимая пшеница,0.21303162546398846,0.20859177475861065,-0.02181010835422088,0.3,-0.02280971273937223,0.2,0.19748679970446995
AOI-0057,2023-04-26,озимая пшеница,0.9089739587414594,0.906405065361448,-0.02528589124662114,0.3,-0.040309480828906674,0.2,0.8907574018216804
AOI-0057,2023-05-04,озимая пшеница,0.9114798634187339,0.9029568664364327,-0.02508336622392812,0.3,-0.045429049324513894,0.2,0.8863460467043515
AOI-0057,2023-06-26,озимая пшеница,0.4004196401652941,0.40913553674473874,0.007787565448861119,0.3,-0.05063231915493421,0.2,0.4013453425484102
AOI-0057,2023-07-12,озимая пшеница,0.44395213671542566,0.4488508227941385,0.004899313495492331,0.3,-0.0004974142316362828,0.2,0.45022113399645897
AOI-0057,2023-07-15,озимая пшеница,0.38469409431810575,0.39136463059631676,0.007763504184054066,0.3,-0.018127182862725386,0.2,0.39006824527898787
AOI-0057,2023-08-23,озимая пшеница,0.454523894311125,0.45047864794997666,-0.0034334607533817963,0.3,0.006740760591806498,0.2,0.4507967618423234
AOI-0057,2023-09-10,озимая пшеница,0.25797284459633524,0.2658882695229674,0.02663688110794832,0.3,0.016744459102740236,0.2,0.27722822567589994
AOI-0057,2024-05-04,озимая пшеница,0.4986058487585626,0.49213362946985095,-0.04030215482062439,0.3,-0.013947781112818474,0.2,0.47725342680109994
AOI-0057,2024-05-06,озимая пшеница,0.5048408462611813,0.5001462409427345,-0.03218302711514555,0.3,0.0012038710054065411,0.2,0.49073210700927217
AOI-0057,2024-05-07,озимая пшеница,0.539238003125555,0.53594129709737,-0.03136381905031811,0.3,0.0007818690006706026,0.2,0.5266885251824087
AOI-0057,2024-05-22,озимая пшеница,0.6415806474293579,0.6407055953578479,-0.011200193199133578,0.3,0.013161486573060242,0.2,0.6399778347127199
AOI-0057,2024-06-08,озимая пшеница,0.7939893714294302,0.7820778881204908,-0.031932693605288755,0.3,-0.019791057803620667,0.2,0.76853986847818
AOI-0057,2024-06-16,озимая пшеница,0.741499706784761,0.7337157184749704,-0.02483051565375668,0.3,-0.03024839174557938,0.2,0.7202168854297275
AOI-0057,2024-06-24,озимая пшеница,0.6883613229300469,0.6873714476918653,1.69889076486714e-05,0.3,-0.003980636791238145,0.2,0.6865804170059123
AOI-0057,2024-07-18,озимая пшеница,0.4395101956194394,0.43215701587301186,-0.014121691193114266,0.3,-0.006579243350316698,0.2,0.4266046598450142
AOI-0057,2024-07-28,озимая пшеница,0.36619517516452693,0.3669367956846788,0.0022418665838397434,0.3,0.013692505443061997,0.2,0.3703478567484431
AOI-0057,2024-09-13,озимая пшеница,0.22703741821640805,0.22335322641312907,-0.005017135787813559,0.3,-0.004673325781928955,0.2,0.22091342052039922
AOI-0066,2010-07-13,озимая пшеница,0.6284750459258239,0.6346768496022835,0.013221904379959886,0.3,0.047013368201729015,0.2,0.6480460945566173
AOI-0066,2011-05-25,озимая пшеница,0.8711901897158301,0.8668317966440456,-0.025769976866949953,0.3,-0.028789447626307176,0.2,0.8533429140586992
AOI-0066,2012-04-13,озимая пшеница,0.5748944170227298,0.5761280073537091,-0.04048986638532803,0.3,0.003692755001738731,0.2,0.5647195984384583
AOI-0066,2012-07-11,озимая пшеница,0.30551646635528984,0.3093757564024132,0.009935948384149188,0.3,0.022520812435693396,0.2,0.31686070340479666
AOI-0066,2012-07-27,озимая пшеница,0.2770089770963333,0.2856823913308721,0.01805749792147683,0.3,0.012136199951118675,0.2,0.2935268806975389
AOI-0066,2012-09-20,озимая пшеница,0.23389537931705845,0.22860804521690198,-0.03740802813194907,0.3,-0.04475477762196074,0.2,0.2084346812529251
AOI-0066,2012-10-06,озимая пшеница,0.3454726565014641,0.34243515499303334,-0.025233328052462336,0.3,0.04135438602690732,0.2,0.3431360337826761
AOI-0066,2012-10-22,озимая пшеница,0.3734567225522738,0.36913193392828964,-0.009524335500254465,0.3,0.04754606945845051,0.2,0.37578384716990343
AOI-0066,2013-05-09,озимая пшеница,0.44039037864212194,0.45162711712605785,0.008984772510724881,0.3,-0.02338760652937672,0.2,0.44964502757339997
AOI-0066,2013-05-25,озимая пшеница,0.5110575331787004,0.5321174591652257,0.03967555418599823,0.3,0.001486353593576665,0.2,0.5443173961397405
AOI-0066,2013-06-19,озимая пшеница,0.6060898385244075,0.6076744360086364,-0.0013623616104137147,0.3,0.029148331641073676,0.2,0.6130953938537269
AOI-0066,2013-09-23,озимая пшеница,0.18862164381919522,0.1843624898600884,-0.013249577689647764,0.3,-0.013420477867385294,0.2,0.177703520979717
AOI-0066,2013-10-09,озимая пшеница,0.22831252802984833,0.23420331090563437,-0.0015384026749582736,0.3,-0.008946412250254934,0.2,0.23195250765309589
AOI-0066,2014-04-03,озимая пшеница,0.5381897246941696,0.5440398141997033,0.03691442194083962,0.3,0.06022066398285745,0.2,0.5671582735785267
AOI-0066,2014-10-04,озимая пшеница,0.3573794781927283,0.35730749664440525,-0.015346010926520222,0.3,0.03004095121557878,0.2,0.35871188360956496
AOI-0066,2015-04-06,озимая пшеница,0.7475247693888393,0.7540898058796892,-0.013337967669185945,0.3,0.002548890194540545,0.2,0.7505981936178415
AOI-0066,2015-06-01,озимая пшеница,0.8414746775908686,0.8509168191425499,0.002164478690157877,0.3,-0.017022609814476133,0.2,0.8481616407867021
AOI-0066,2015-07-27,озимая пшеница,0.3354412030094537,0.33959668095005463,0.013648748146544785,0.3,-0.009097561302824896,0.2,0.34187179313345306
AOI-0066,2015-07-28,озимая пшеница,0.3589412412727864,0.3631083248198069,0.0015275755859628691,0.3,0.0028243550337984586,0.2,0.36413146850235545
AOI-0066,2015-09-29,озимая пшеница,0.2006344625188925,0.19809233390366945,-0.00583620932283764,0.3,-0.019129474555392892,0.2,0.19251557619573959
AOI-0066,2016-05-08,озимая пшеница,0.8940746342993415,0.8848106743909999,-0.035198859176211676,0.3,-0.03308811182692249,0.2,0.8676333942727519
AOI-0066,2016-06-03,озимая пшеница,0.7651118542876763,0.7877338246625382,0.039049639899644814,0.3,0.062112549818718873,0.2,0.8118712265961753
AOI-0066,2016-06-19,озимая пшеница,0.44758911492916176,0.4506334988477878,0.0147419596151621,0.3,0.002940676987024716,0.2,0.45564422212974137
AOI-0066,2016-06-27,озимая пшеница,0.32948987157691006,0.33539703346013605,0.014211960532129534,0.3,-0.005638278792220267,0.2,0.33853296586133086
AOI-0066,2016-07-11,озимая пшеница,0.3234445076331361,0.34529850960264563,0.025420783181025024,0.3,0.010901317546895741,0.2,0.35510500806633233
AOI-0066,2016-08-12,озимая пшеница,0.34878078327483647,0.3588319488496605,0.004393708002977402,0.3,-0.008052263453162073,0.2,0.35853960855992134
AOI-0066,2016-08-22,озимая пшеница,0.26808301229875375,0.26947730559296545,0.0027554434685827947,0.3,-0.0035538433491171598,0.2,0.26959316996371685
AOI-0066,2017-05-09,озимая пшеница,0.8980478136962344,0.8908572702808891,-0.03210810226382472,0.3,-0.030858086937497975,0.2,0.8750532222142421
AOI-0066,2017-06-10,озимая пшеница,0.8498060494646446,0.8386991096016325,-0.05456662928898364,0.3,-0.040407229127503205,0.2,0.8142476749894368
AOI-0066,2017-08-13,озимая пшеница,0.21228454679498582,0.22172794478994717,0.03240264356011161,0.3,0.0507211015295231,0.2,0.24159295816388526
AOI-0066,2017-08-21,озимая пшеница,0.13181058752327535,0.13164232027230013,-0.00972244637794525,0.3,0.0025219948606252478,0.2,0.1292299853310416
AOI-0066,2018-05-09,озимая пшеница,0.5673048821211243,0.6003048821211243,0.08704941459973362,0.3,0.035010140037697486,0.2,0.6334217345085839
AOI-0066,2018-06-01,озимая пшеница,0.7999147371197886,0.8069469184470924,-0.009857350873299638,0.3,-0.013809699884958318,0.2,0.8012277732081109
AOI-0066,2018-07-02,озимая пшеница,0.7834659922398751,0.8045238608598108,0.005344602352791318,0.3,-0.005964265497932396,0.2,0.8049343884660617
AOI-0066,2018-09-05,озимая пшеница,0.19082727944881472,0.19752915447820055,0.00037418405797305394,0.3,-0.008426789999444847,0.2,0.1959560516957035
AOI-0066,2018-10-08,озимая пшеница,0.1644385628097474,0.1770861300991665,0.023218775034426428,0.3,0.018689476944698323,0.2,0.18778965799843408
AOI-0066,2018-10-13,озимая пшеница,0.16787108950014593,0.18013621451106754,0.023306367823111285,0.3,0.016986191302974542,0.2,0.19052536311859583
AOI-0066,2019-04-07,озимая пшеница,0.715565577090781,0.7348180244030893,0.0014386614759452744,0.3,0.005844497896890894,0.2,0.7364185224252511
AOI-0066,2019-04-28,озимая пшеница,0.7982172632063544,0.8004578064301393,-0.004725377041644409,0.3,-0.03831512460513609,0.2,0.7913771683966188
AOI-0066,2019-05-11,озимая пшеница,0.7894215481425669,0.7822073493950946,-0.010687919834228465,0.3,-0.010867551730780568,0.2,0.77682746309867
AOI-0066,2019-06-20,озимая пшеница,0.33507453757769146,0.3470933524548315,0.02052166912255316,0.3,-0.03833312411684049,0.2,0.34558322836822936
AOI-0066,2019-07-02,озимая пшеница,0.19546209083434657,0.19877518616240103,0.010773419603009447,0.3,-0.03029820417418389,0.2,0.19594757120846706
AOI-0066,2019-07-14,озимая пшеница,0.2232530681527423,0.22351133706229123,0.01767186821135576,0.3,-0.007218389990802068,0.2,0.22736921952753755
AOI-0066,2019-08-11,озимая пшеница,0.19713749783974222,0.19121499537983797,0.005108145778320671,0.3,-0.03626152076567711,0.2,0.18549513496019876
AOI-0066,2019-08-29,озимая пшеница,0.17564720304096026,0.17686507019043538,-0.0006457339735780358,0.3,-0.0023284368579226415,0.2,0.17620566262677742
AOI-0066,2019-10-15,озимая пшеница,0.5218082501583632,0.5142902206040572,-0.035338903691932405,0.3,0.06649317263409726,0.2,0.5169871840232969
AOI-0066,2019-10-18,озимая пшеница,0.570091428176007,0.5678717662026252,-0.029550605652818755,0.3,0.03444488319343584,0.2,0.5658955611454668
AOI-0066,2020-05-08,озимая пшеница,0.6260876108345235,0.6222252397152962,-0.010394809655544523,0.3,0.042444719471706596,0.2,0.6275957407129741
AOI-0066,2020-05-24,озимая пшеница,0.6734474820239377,0.6700212537413465,-0.008020611634274078,0.3,0.049760969376132586,0.2,0.6775672641262908
AOI-0066,2020-05-30,озимая пшеница,0.6378381456048147,0.6478320533698915,-0.0031811304661486127,0.3,0.042043130604805336,0.2,0.655286340351008
AOI-0066,2020-06-11,озимая пшеница,0.46126238065492775,0.45993491400631104,0.007191211614076656,0.3,0.006234697860140984,0.2,0.46333921706256226
AOI-0066,2020-07-11,озимая пшеница,0.22939436238566493,0.24080775198921034,0.025061813551746297,0.3,-0.002278227622067708,0.2,0.24787065053032067
AOI-0066,2020-07-27,озимая пшеница,0.24338752372908132,0.2577129124444813,0.03548831984827268,0.3,0.07451764066327621,0.2,0.2832629365316183
AOI-0066,2020-08-09,озимая пшеница,0.1953608106713145,0.20358516740006266,0.03170245603603204,0.3,0.009246092696127067,0.2,0.21494512275009767
AOI-0066,2020-08-15,озимая пшеница,0.17701853560993774,0.17399276858456472,-0.010212381459320307,0.3,-0.026031589108671947,0.2,0.16572273632503423
AOI-0066,2020-09-07,озимая пшеница,0.11896191193401616,0.13378590318047998,0.023023260641779345,0.3,0.02361108982457705,0.2,0.14541509933792918
AOI-0066,2021-05-12,озимая пшеница,0.22987521050121434,0.21962092642666253,0.004141747949926282,0.3,-0.035734736556192845,0.2,0.21371650350040183
AOI-0066,2021-08-05,озимая пшеница,0.6775754625124434,0.6809055137160673,-0.01620887035949332,0.3,0.007155561511922276,0.2,0.6774739649106039
AOI-0066,2021-08-20,озимая пшеница,0.39170169252896425,0.3947747755170591,-0.0074546396529872735,0.3,0.007133570753581164,0.2,0.3939650977718791
AOI-0066,2021-08-23,озимая пшеница,0.36010571975204353,0.36298630881455585,-0.007375971479579639,0.3,0.004404463841605996,0.2,0.3616544101390032
AOI-0066,2021-09-27,озимая пшеница,0.1561677026100311,0.17298296067948138,0.029103205529559372,0.3,0.018936893155838894,0.2,0.18550130096951695
AOI-0066,2021-10-16,озимая пшеница,0.2405091842721973,0.2653670221907361,0.05215752853474215,0.3,0.056471075569439325,0.2,0.2923084958650466
AOI-0066,2021-10-27,озимая пшеница,0.23402921859041034,0.22248421964893134,-0.029935845066703114,0.3,-0.03493483910815982,0.2,0.20651649830728844
AOI-0066,2022-04-23,озимая пшеница,0.819686364135491,0.8273771009663675,5.547907282551796e-05,0.3,-0.03240754938231462,0.2,0.8209122348117522
AOI-0066,2022-04-25,озимая пшеница,0.7835785755848783,0.7903004526595301,-0.003513915983970879,0.3,0.014335213849912353,0.2,0.7921133206343214
AOI-0066,2022-05-30,озимая пшеница,0.908062077937499,0.9022743436981377,-0.016680593014935612,0.3,-0.020828388666084753,0.2,0.8931044880604401
AOI-0066,2022-06-04,озимая пшеница,0.8955272451451715,0.8959067102141302,-0.023892742756594833,0.3,-0.02396722235338442,0.2,0.8839454429164748
AOI-0066,2022-07-12,озимая пшеница,0.23954659206049703,0.24978263657204622,0.014699349591461425,0.3,0.02127702814818396,0.2,0.25844784707912144
AOI-0066,2022-07-21,озимая пшеница,0.1482609471745408,0.15373663380668137,0.028593563748013983,0.3,0.01772217497056011,0.2,0.1658591379251976
AOI-0066,2022-07-22,озимая пшеница,0.18619187057683706,0.19202354156788967,0.04609860955149359,0.3,0.0284944177892943,0.2,0.2115520079911966
AOI-0066,2022-08-23,озимая пшеница,0.157272015836301,0.1669081938170561,0.024412884805874013,0.3,0.005960195919656545,0.2,0.17542409844274962
AOI-0066,2022-09-08,озимая пшеница,0.1819867980333218,0.19863315072198026,0.027649335995456634,0.3,0.009940721521868732,0.2,0.208916095824991
AOI-0066,2022-09-09,озимая пшеница,0.13795131630190602,0.14530495219376166,0.017155817796803956,0.3,0.016827880559354698,0.2,0.1538172736446738
AOI-0066,2022-09-18,озимая пшеница,0.1684097732998716,0.167256934189885,-0.010219713316783115,0.3,-0.009577615551092055,0.2,0.16227549708463163
AOI-0066,2022-09-27,озимая пшеница,0.1686605408636357,0.16704824198308615,-9.458397532786499e-05,0.3,-0.007818109095681928,0.2,0.16545624497135142
AOI-0066,2022-09-29,озимая пшеница,0.1668193506706251,0.16715518202471125,-0.001333560884509903,0.3,-0.011708085731211976,0.2,0.16441349661311588
AOI-0066,2022-10-02,озимая пшеница,0.15703788879690744,0.15550372490348022,0.004386158141468634,0.3,0.003495469706358564,0.2,0.15751866628719252
AOI-0066,2022-10-07,озимая пшеница,0.163535501749063,0.17511011089763706,0.011169130941834682,0.3,0.011790428384796676,0.2,0.18081893585714678
AOI-0066,2022-10-18,озимая пшеница,0.21597843768761482,0.23244360115294466,0.03278750619058029,0.3,0.005493953819463295,0.2,0.2433786437740114
AOI-0066,2022-10-22,озимая пшеница,0.15247224165353482,0.15928993215206194,0.032829215559920355,0.3,0.012154807284715402,0.2,0.17156965827698112
AOI-0066,2023-04-04,озимая пшеница,0.25981410730142107,0.2720500423049343,0.0008826883511610347,0.3,0.009550942337786795,0.2,0.27422503727784
AOI-0066,2023-04-07,озимая пшеница,0.4428533515545819,0.47218297861110836,0.04599968881898618,0.3,0.023359478348834704,0.2,0.49065478092657117
AOI-0066,2023-05-15,озимая пшеница,0.8374942380448474,0.8442987387081489,-0.0069050558971653865,0.3,-0.006537553311620958,0.2,0.8409197112766751
AOI-0066,2023-06-07,озимая пшеница,0.8344822626475336,0.8360749341059062,-0.00696954414005969,0.3,-0.0075894378974449605,0.2,0.8324661832843993
AOI-0066,2023-06-10,озимая пшеница,0.8069080311984944,0.7932437080762565,-0.055240664116902906,0.3,-0.04240976845950846,0.2,0.7681895551492839
AOI-0066,2023-06-11,озимая пшеница,0.8514369169068351,0.8328501600930782,-0.02067177098516351,0.3,-0.04311708793045205,0.2,0.8180252112114388
AOI-0066,2023-06-26,озимая пшеница,0.380494605932394,0.3791577408778168,-0.0013294563485514938,0.3,-0.02719563641828318,0.2,0.3733197766895947
AOI-0066,2023-07-04,озимая пшеница,0.2622404200029008,0.256194401340073,-0.0025497731786042815,0.3,-0.03595650101625261,0.2,0.24823816918324118
AOI-0066,2023-07-26,озимая пшеница,0.33966036797707655,0.3365590978174417,-0.0010780741071933072,0.3,-0.022880251477363504,0.2,0.331659625289811
AOI-0066,2023-08-08,озимая пшеница,0.21888926643788728,0.2228083308030945,0.018959176251788373,0.3,-0.0026706765614634633,0.2,0.22796194836633835
AOI-0066,2023-08-10,озимая пшеница,0.2310773903519847,0.22912901951217712,0.02463293625072972,0.3,0.01681268351183151,0.2,0.23988143708976234
AOI-0066,2023-08-13,озимая пшеница,0.2615906473902837,0.26448853539236195,0.001805795887685012,0.3,0.018511123684728757,0.2,0.2687324988956132
AOI-0066,2023-08-23,озимая пшеница,0.15202217345639174,0.15800098574304142,0.016732066591217207,0.3,0.005235351243398379,0.2,0.16406767596908625
AOI-0066,2023-09-07,озимая пшеница,0.1504229250823796,0.15985077847754675,0.01487447174684266,0.3,0.015858804990119314,0.2,0.16748488099962341
AOI-0066,2023-09-30,озимая пшеница,0.24714263176668116,0.2583503821243751,0.01755566738029703,0.3,0.03361775600851731,0.2,0.2703406335401677
AOI-0066,2023-10-13,озимая пшеница,0.221739551195648,0.2310595247760206,0.035939465794932075,0.3,0.009168943900507825,0.2,0.2436751532946018
AOI-0066,2023-10-16,озимая пшеница,0.25862608543368293,0.2803275521579319,0.03243460340516801,0.3,0.04188905916260429,0.2,0.29843574501200315
AOI-0066,2024-04-06,озимая пшеница,0.8575983579359616,0.863903345380324,-0.05375122049145769,0.3,-0.02592216075585043,0.2,0.8425935470817166
AOI-0066,2024-05-21,озимая пшеница,0.9120164106978075,0.9076392567054202,-0.012832900634177465,0.3,-0.032203799554593134,0.2,0.8973486266042483
AOI-0066,2024-06-17,озимая пшеница,0.49584618255167623,0.5026876121740445,0.008595047461293043,0.3,0.027008298843125878,0.2,0.5106677861810576
AOI-0066,2024-06-23,озимая пшеница,0.306194017772347,0.3099423878496589,0.007453356082225107,0.3,-0.019187454446793963,0.2,0.3083409037849676
AOI-0066,2024-06-28,озимая пшеница,0.2064722855077779,0.2081617810500953,0.010750276344469317,0.3,-7.123949040484947e-05,0.2,0.21137261605535512
AOI-0066,2024-07-05,озимая пшеница,0.15848924504654963,0.1524748935220403,-0.021285743724817518,0.3,-0.02574477267931739,0.2,0.14094021586873157
AOI-0066,2024-07-19,озимая пшеница,0.1700224638484301,0.17816001299675174,0.040500138182221694,0.3,0.01851600885631742,0.2,0.19401325622268173
AOI-0066,2024-08-09,озимая пшеница,0.12181665008230387,0.1229029880569507,0.018971081954576367,0.3,0.01832156966169434,0.2,0.13225862657566248
AOI-0066,2024-09-26,озимая пшеница,0.13065269645600386,0.13802094756584746,0.019067946247304162,0.3,0.01855309970891523,0.2,0.14745195138182174
AOI-0072,2010-04-07,зерновые,0.3636273445549285,0.3586615412278255,-0.028375061159665194,0.45,-0.02083365369691504,0.45,0.33651761954236437
AOI-0072,2010-08-13,зерновые,0.25518869369290026,0.26252713554079915,0.02160155947377885,0.45,0.025003963218587798,0.45,0.2834996207523642
AOI-0072,2010-08-15,зерновые,0.15145232239174086,0.15419172556944613,0.018469182450132977,0.45,0.005835864183303436,0.45,0.16512899655449254
AOI-0072,2010-08-23,зерновые,0.19748370838054308,0.19879658654500035,0.01578465811997312,0.45,0.007153619435037284,0.45,0.20911881144475503
AOI-0072,2010-08-30,зерновые,0.2082338317729147,0.21133936245395174,0.012968967221217934,0.45,0.0014570761723002724,0.45,0.21783108198103493
AOI-0072,2011-04-07,зерновые,0.2745446429221565,0.28200248263442157,0.03690299630975568,0.45,0.02785111997044004,0.45,0.3111418349605097
AOI-0072,2011-05-05,зерновые,0.28561052234041323,0.28272120880347357,0.016084290401911134,0.45,0.0009568244884569806,0.45,0.29038971050413925
AOI-0072,2011-07-12,зерновые,0.23120554849820263,0.23961769587046725,0.021060117171182138,0.45,0.027579537221811994,0.45,0.2615055403473146
AOI-0072,2011-07-24,зерновые,0.16684539305247392,0.16883412982807885,0.011581700925107938,0.45,0.0027779321992697594,0.45,0.1752959647340488
AOI-0072,2011-08-01,зерновые,0.18753754163002803,0.18805155707417312,0.010169038962633641,0.45,-0.0022139261198621317,0.45,0.1916313578534203
AOI-0072,2011-09-03,зерновые,0.1792955262172069,0.18415763669734242,0.023390389668210183,0.45,0.003499275549397171,0.45,0.19625798604526573
AOI-0072,2012-04-06,зерновые,0.6491504338263039,0.6474774450605273,-0.028179078225521913,0.45,0.015042131046116855,0.45,0.641565818829795
AOI-0072,2012-10-15,зерновые,0.14772231850538806,0.14494331338087213,0.01661656512333443,0.45,-0.013097250212065032,0.45,0.14652700509094335
AOI-0072,2013-04-16,зерновые,0.15541699510032675,0.15510615814340875,0.00714817701015488,0.45,0.0025019004375548643,0.45,0.15944869299487816
AOI-0072,2013-05-02,зерновые,0.21296977757834207,0.21118452132975898,0.017268959626320784,0.45,-0.01267718180414322,0.45,0.21325082134973888
AOI-0072,2013-05-19,зерновые,0.22453024639201977,0.22321977343188756,0.02374928319635591,0.45,-0.0012761922542360933,0.45,0.23333266435584146
AOI-0072,2013-07-29,зерновые,0.19952550456691973,0.2030893382349901,0.012583143025867442,0.45,0.010722279211904088,0.45,0.2135767782419873
AOI-0072,2013-10-16,зерновые,0.30050810694425384,0.3028586074353236,0.030672960213943452,0.45,-0.015716380217412063,0.45,0.3095890684337627
AOI-0072,2014-04-23,зерновые,0.6741888239394058,0.6968925197528446,0.052559664360195636,0.45,0.05370942657745285,0.45,0.7447136106747865
AOI-0072,2014-06-30,зерновые,0.252827040722271,0.2543792093714093,0.009729952660038479,0.45,0.01799722730007778,0.45,0.26685644035346157
AOI-0072,2014-07-17,зерновые,0.21639201186385304,0.21593947867981733,-0.007654809486958638,0.45,0.01884336290262867,0.45,0.22097432771686884
AOI-0072,2014-07-24,зерновые,0.24603452719442914,0.2479627163100404,0.0003131397732758648,0.45,0.022390970826937615,0.45,0.2581795660801365
AOI-0072,2014-08-17,зерновые,0.21872487286199693,0.22001674845617608,0.006368636112698713,0.45,0.012300102929856806,0.45,0.22841768102532609
AOI-0072,2014-08-29,зерновые,0.29266790708357326,0.2938607575891323,-0.007491175974458599,0.45,0.004640094841605257,0.45,0.29257777107934835
AOI-0072,2014-09-03,зерновые,0.2219736939276371,0.22558815640558735,0.0017263516159350687,0.45,0.014416246757271267,0.45,0.2328523256735302
AOI-0072,2014-09-26,зерновые,0.24636851738165083,0.252086493558504,0.00835246852807,0.45,0.03389335227614674,0.45,0.27109711292040156
AOI-0072,2014-10-28,зерновые,0.1466794309690114,0.1509636764066831,0.0420912531246542,0.45,0.014346898937146888,0.45,0.1763608448344936
AOI-0072,2014-10-29,зерновые,0.1739160533899799,0.17912672283163542,0.04973706383119353,0.45,0.011404563043447743,0.45,0.20664045492522398
AOI-0072,2015-04-07,зерновые,0.24692868588037906,0.2511821111793166,0.019301474971466916,0.45,0.01749990449712497,0.45,0.26774273194018294
AOI-0072,2015-04-23,зерновые,0.2909265238793469,0.29997382841806175,0.0182277381254716,0.45,0.017339435707217916,0.45,0.31597905664277204
AOI-0072,2015-08-04,зерновые,0.16251518360919665,0.16671028634460425,0.02834573908785454,0.45,0.01109733192987186,0.45,0.18445966830258112
AOI-0072,2016-04-06,зерновые,0.7966693807553897,0.810759705362253,0.03282772049108986,0.45,0.004187862729617247,0.45,0.8274167178115712
AOI-0072,2016-04-09,зерновые,0.8286828020385455,0.8251280494511443,-0.013160946007045756,0.45,-0.021748748648333923,0.45,0.8094186868562234
AOI-0072,2016-04-17,зерновые,0.856563399379115,0.8564072016800901,-0.002526069031233892,0.45,-0.02804839584899954,0.45,0.8426486924839851
AOI-0072,2016-05-26,зерновые,0.7556231498542847,0.7576364138675609,-0.005435666204128618,0.45,-0.021443366271918958,0.45,0.7455408492533394
AOI-0072,2016-06-27,зерновые,0.27934843658572517,0.2787928134765271,-0.012031339922045418,0.45,0.003094921569806043,0.45,0.2747714252180194
AOI-0072,2016-07-13,зерновые,0.21330523399697746,0.2142914946195179,-0.00047814900888316827,0.45,0.012380193309457024,0.45,0.21964741455477613
AOI-0072,2016-08-22,зерновые,0.27021905410965863,0.2718806675921124,0.00866389321456296,0.45,0.023205166079763313,0.45,0.2862217442745592
AOI-0072,2016-09-29,зерновые,0.3190115296864683,0.32622865293610365,0.016787757200226905,0.45,0.005926130401930656,0.45,0.33644990235707456
AOI-0072,2017-04-03,зерновые,0.1254617023234534,0.1268497867114623,0.024219508182022686,0.45,0.028688565386420874,0.45,0.1506584198172619
AOI-0072,2017-04-23,зерновые,0.22748386781041052,0.24081683021226366,0.038926919461193484,0.45,0.0550925324023432,0.45,0.2831255835508552
AOI-0072,2017-05-29,зерновые,0.22152185765594032,0.21918086722971664,0.020417657588164894,0.45,0.007901629399997707,0.45,0.2319245463743898
AOI-0072,2017-05-30,зерновые,0.21807451294590197,0.21647828848364153,0.01700769298974304,0.45,-0.00017133930039729605,0.45,0.22405464764384714
AOI-0072,2017-07-12,зерновые,0.20312719379127225,0.20921496104280246,0.011797865649662894,0.45,0.02885886462423328,0.45,0.22751048966605572
AOI-0072,2017-07-24,зерновые,0.17693511544669943,0.18036486392214837,0.021374308370688887,0.45,0.013696157703595146,0.45,0.1961465736555762
AOI-0072,2017-07-25,зерновые,0.15264609811280222,0.1534880068660402,0.015207958675483992,0.45,0.0072708515576693136,0.45,0.1636034714709592
AOI-0072,2017-08-06,зерновые,0.13329342851179024,0.1338457487571622,0.011550901436166033,0.45,-0.0017898576006911636,0.45,0.1382382184831259
AOI-0072,2017-08-29,зерновые,0.20641095504953955,0.21145983054944106,0.02624134786035107,0.45,0.0249185917855693,0.45,0.23448180339010524
AOI-0072,2017-09-03,зерновые,0.1807343576666362,0.18780493633613637,0.039147883181535156,0.45,0.02038236307762175,0.45,0.214593547152757
AOI-0072,2017-09-20,зерновые,0.30433046223736315,0.3008467310510145,-0.007488482594874816,0.45,-0.0012073804043843139,0.45,0.2969335927013479
AOI-0072,2017-09-26,зерновые,0.3817465630478032,0.38840590037646106,0.008153226902666543,0.45,0.0327163793775739,0.45,0.4067972232025692
AOI-0072,2017-10-12,зерновые,0.5185260328588712,0.5217090755370342,0.024311928639024715,0.45,0.04299528235923678,0.45,0.5519973204862518
AOI-0072,2018-04-07,зерновые,0.6028837753710279,0.6030468141912526,-0.019339738146225503,0.45,-0.03616599032209338,0.45,0.5780692363805091
AOI-0072,2018-04-15,зерновые,0.6180522087362945,0.6151664229752958,-0.015496815634540428,0.45,-0.015191655158931224,0.45,0.6013566111182336
AOI-0072,2018-05-01,зерновые,0.7645544859276385,0.7661335528423864,0.006090870335901004,0.45,0.0012029914411870973,0.45,0.769415790642076
AOI-0072,2018-05-03,зерновые,0.7549616682124107,0.7467203277335787,0.004046684838402805,0.45,0.017471687368493714,0.45,0.7564035952266821
AOI-0072,2018-06-07,зерновые,0.41309344155637034,0.41296277155303285,0.0011917963564986563,0.45,-0.003998325055016428,0.45,0.41169983363869983
AOI-0072,2018-08-05,зерновые,0.18299294318765524,0.18574486247950472,0.019283931789792725,0.45,0.0019685894150192514,0.45,0.1953084970216701
AOI-0072,2018-08-28,зерновые,0.1764864787202134,0.18286835173076108,0.021783123097640873,0.45,0.003498377278342339,0.45,0.19424502689995352
AOI-0072,2018-09-06,зерновые,0.17211352608568026,0.17805514481501647,0.02439606633829863,0.45,0.009232274269314698,0.45,0.19318789808844244
AOI-0072,2018-09-22,зерновые,0.1416020908319625,0.15126875973625056,0.040150195162837875,0.45,0.02360815450130789,0.45,0.17996001708511616
AOI-0072,2019-04-25,зерновые,0.17923560356411428,0.18514852517348124,0.032807996941255926,0.45,0.012287809184204645,0.45,0.2054416379299385
AOI-0072,2019-04-26,зерновые,0.15909077016109957,0.16066917783804358,0.033018641987351126,0.45,0.011217994481527466,0.45,0.18057566424903895
AOI-0072,2019-05-04,зерновые,0.20313613836518427,0.2064572604369606,0.043555053812250215,0.45,0.009925170439024151,0.45,0.23052336135003407
AOI-0072,2019-05-28,зерновые,0.16940777242229982,0.16600539495421837,0.02294715658294526,0.45,-0.004730612665921584,0.45,0.17420283971687903
AOI-0072,2019-06-12,зерновые,0.1681349285389489,0.16302471937103785,0.0015183052209173141,0.45,-0.0074970955425363904,0.45,0.16033426372630927
AOI-0072,2019-07-14,зерновые,0.1727239945635991,0.17338510549111197,0.004380308433989286,0.45,-0.0009930832349871756,0.45,0.17490935683066292
AOI-0072,2019-07-17,зерновые,0.0974106867027322,0.10198459370678639,0.01279143371828367,0.45,0.01670782615011216,0.45,0.1152592606475645
AOI-0072,2019-08-06,зерновые,0.14245633256781173,0.14924507223031205,0.01274416576316249,0.45,-0.007415376060643758,0.45,0.1516430275964455
AOI-0072,2019-08-16,зерновые,0.14016783443327346,0.14499420593228896,0.02669827787697458,0.45,0.005962785650235469,0.45,0.15969168451953347
AOI-0072,2019-09-09,зерновые,0.1894732192241939,0.19994748034007145,0.04179136012644301,0.45,0.012139805412963747,0.45,0.2242165048328045
AOI-0072,2019-09-14,зерновые,0.26067798905280753,0.2690465410635518,0.02660079006381613,0.45,0.020069698449749488,0.45,0.29004826089465635
AOI-0072,2019-09-17,зерновые,0.19489199127429957,0.1999900862284234,0.014341672486490088,0.45,0.007897701951203517,0.45,0.2099978047253855
AOI-0072,2019-09-30,зерновые,0.38449786037301076,0.39593393924756193,0.01977998239401351,0.45,-0.01749291758554698,0.45,0.3969631184113719
AOI-0072,2019-10-15,зерновые,0.6377690947091599,0.6373667253407049,0.009154196376739452,0.45,-0.0001727432612365245,0.45,0.6414083792426812
AOI-0072,2019-10-20,зерновые,0.7404563959711139,0.7397746600580507,-0.01252081073668981,0.45,-0.027959089692451748,0.45,0.721558704864937
AOI-0072,2019-10-27,зерновые,0.7739087583281548,0.7786968736649128,0.0059029150610365915,0.45,-0.0977850248851643,0.45,0.7373499242440553
AOI-0072,2020-04-06,зерновые,0.7293650681644326,0.7268757947028683,-0.05215786291759592,0.45,-0.018783956028798683,0.45,0.6949519761769908
AOI-0072,2020-04-27,зерновые,0.777203317962793,0.774638030449735,-0.01927245129243167,0.45,-0.019358088852840686,0.45,0.7572542873843625
AOI-0072,2020-05-08,зерновые,0.7837205720556663,0.7877808660358466,-0.035319450680309276,0.45,-0.016599750216737798,0.45,0.7644172256321755
AOI-0072,2020-05-24,зерновые,0.7435483079622817,0.7495577464160024,-0.0346821757986551,0.45,-0.032445925276986025,0.45,0.7193501009319638
AOI-0072,2020-06-30,зерновые,0.22323693437615524,0.22849642526831906,0.018432996707767917,0.45,0.01405000395735693,0.45,0.24311377556762526
AOI-0072,2020-09-19,зерновые,0.09487647286378732,0.09753848198351067,0.017758886973459554,0.45,0.012939086705664024,0.45,0.11135257013911629
AOI-0072,2020-09-24,зерновые,0.1160453051122826,0.1220873915921847,0.021758547163499394,0.45,0.01914569630078806,0.45,0.14049430115111405
AOI-0072,2020-09-26,зерновые,0.12132545741051305,0.12868172327748506,0.020367353172301764,0.45,0.012020513997616881,0.45,0.14325626350394843
AOI-0072,2020-10-05,зерновые,0.1108073527594152,0.11831122104897894,0.03092560437912673,0.45,0.020877854407127472,0.45,0.14162277750279334
AOI-0072,2020-10-14,зерновые,0.11766364552642973,0.12105031499486903,0.034115493554220326,0.45,0.023220713982394173,0.45,0.14685160838634553
AOI-0072,2020-10-21,зерновые,0.1147875212771044,0.11829464105395895,0.03519839100069664,0.45,0.02804323023072461,0.45,0.1467533706080985
AOI-0072,2021-04-22,зерновые,0.1857516490847678,0.18221970181476696,-0.014049238011182762,0.45,-0.014037746139043536,0.45,0.16958055894716512
AOI-0072,2021-07-11,зерновые,0.20937852835211246,0.2065169314716444,0.0038136606434652403,0.45,-0.007047823806552124,0.45,0.2050615580482553
AOI-0072,2021-08-29,зерновые,0.30007264307908527,0.30733509980008406,0.01814454895212376,0.45,0.029094638055622457,0.45,0.32859273395356986
AOI-0072,2022-04-10,зерновые,0.16473332388797202,0.16568462908323944,0.024483560227423175,0.45,0.006213616550726039,0.45,0.1794983586334066
AOI-0072,2022-04-26,зерновые,0.20578306110185987,0.2096725019419049,0.028249672500839828,0.45,0.007912783792992175,0.45,0.2259456072741293
AOI-0072,2022-06-29,зерновые,0.13097062839506715,0.13111248642223547,0.012440950503274682,0.45,0.012114810577648901,0.45,0.14216257890865105
AOI-0072,2022-07-15,зерновые,0.16258720371008648,0.16828049116738913,0.01531354742604239,0.45,0.01369305824274587,0.45,0.18133346371834386
AOI-0072,2022-08-23,зерновые,0.1525841523725907,0.15086163574550893,0.014591773011316558,0.45,0.004861201756842162,0.45,0.15961547439118035
AOI-0072,2022-08-27,зерновые,0.17521978430379617,0.1793637906285192,0.016523587319619778,0.45,0.002703744630680297,0.45,0.18801609000615424
AOI-0072,2023-04-29,зерновые,0.8600610146590949,0.8601212461683337,-0.02420804745997587,0.45,-0.05911048662606542,0.45,0.8226279058296152
AOI-0072,2023-06-25,зерновые,0.2562620764203712,0.25878358678853447,0.012271853570294554,0.45,0.029386524540876986,0.45,0.2775298569385617
AOI-0072,2023-07-21,зерновые,0.17495447989736024,0.17290323003408412,-0.00352168002317742,0.45,0.005851647721645118,0.45,0.17395171549839458
AOI-0072,2023-07-22,зерновые,0.2098802677522985,0.21379358658099581,0.0040808463488838,0.45,0.02238958441263421,0.45,0.22570528042367893
AOI-0072,2023-07-26,зерновые,0.1711550397818333,0.16803522293346676,-0.00037187372833110115,0.45,-0.0068770427036235916,0.45,0.16477321053908714
AOI-0072,2023-08-02,зерновые,0.21731319066510657,0.21871194240255254,-0.0018221346298530226,0.45,0.020514063321018093,0.45,0.22712331031357683
AOI-0072,2023-08-03,зерновые,0.20655813287355945,0.2034788599645967,-0.003330950792751401,0.45,0.015389289047740642,0.45,0.20890511217934185
AOI-0072,2023-08-05,зерновые,0.19297551775286864,0.19131750760364474,-0.00417751466276248,0.45,0.013911482021010182,0.45,0.1956977929148562
AOI-0072,2023-08-13,зерновые,0.2553088214450526,0.2501618500480031,-0.01350663235485039,0.45,-0.007956423583945734,0.45,0.24050347487554488
AOI-0072,2023-08-23,зерновые,0.21972559481485282,0.2174560384925864,0.005171846829611662,0.45,0.017720403768351666,0.45,0.2277575512616699
AOI-0072,2023-09-19,зерновые,0.20711490756154627,0.2082985801851979,0.007717782126776336,0.45,0.01319054579607326,0.45,0.2177073277504802
AOI-0072,2023-10-29,зерновые,0.21290120447329158,0.2073666915839112,0.020961232751741943,0.45,0.006148043862339245,0.45,0.21956586606024772
AOI-0072,2024-04-01,зерновые,0.18793362775217942,0.18403119357035427,-0.004305258666834298,0.45,0.0013069459437315034,0.45,0.182681952844958
AOI-0072,2024-05-09,зерновые,0.20048870202825947,0.2000780006112189,0.007054382328340191,0.45,-0.013903647278364527,0.45,0.19699583138370794
AOI-0072,2024-05-21,зерновые,0.16348786560869155,0.15412082027771232,0.011032408215027985,0.45,-0.0006486048992858837,0.45,0.15879353176979624
AOI-0072,2024-06-09,зерновые,0.2154646184178024,0.22273390760408482,0.01545393619188103,0.45,0.049820511249845906,0.45,0.25210740895286193
AOI-0072,2024-06-30,зерновые,0.13206847792079174,0.13400050291514307,0.005161919818751024,0.45,-0.00033735891592087084,0.45,0.13617155532141664
AOI-0072,2024-07-11,зерновые,0.18417089017656674,0.18657083558198595,-0.007363466543505513,0.45,0.019476087225267093,0.45,0.19202151488877864
AOI-0072,2024-07-25,зерновые,0.1037965432015372,0.1133237858429393,0.005583280905951259,0.45,0.017807838306169107,0.45,0.12384978948839347
AOI-0072,2024-08-20,зерновые,0.1561852059723127,0.1632094536704389,0.021914178670216212,0.45,0.013403436163116938,0.45,0.17910238034543882
AOI-0072,2024-09-08,зерновые,0.12091977933222627,0.1266639716153991,0.016708722673345475,0.45,0.02011596674363105,0.45,0.14323508185303854
AOI-0072,2024-09-22,зерновые,0.17686476029983395,0.18803886927314836,0.03166518591749233,0.45,0.012593070761591588,0.45,0.20795508477873612
AOI-0072,2024-09-30,зерновые,0.13721315526390176,0.1418809705615199,0.020668559452187523,0.45,0.014191519273995654,0.45,0.15756800598830234
AOI-0078,2010-04-15,озимая пшеница,0.1898791966923149,0.1888380840689097,-0.001959457897370227,0.3,-0.004047986630026203,0.2,0.1874406493736934
AOI-0078,2010-05-01,озимая пшеница,0.2891454638424326,0.2824349470591059,-0.009598258403769405,0.3,-0.016543216879128558,0.2,0.27624682616214935
AOI-0078,2010-06-09,озимая пшеница,0.6523853949118226,0.6523881334926587,-0.002907372845596434,0.3,0.00761711337049685,0.2,0.6530393443130791
AOI-0078,2010-07-04,озимая пшеница,0.44331564734047685,0.4390153274689308,-0.020301336211679965,0.3,0.0068632933876899725,0.2,0.4342975852829648
AOI-0078,2011-04-01,озимая пшеница,0.1462878515269317,0.16246769117686657,0.015451680721923603,0.3,0.008571621794005082,0.2,0.16881751975224465
AOI-0078,2011-07-06,озимая пшеница,0.7461076598558133,0.7448171277650727,-0.007421592490064496,0.3,-0.03636061582620883,0.2,0.7353185268528116
AOI-0078,2011-08-08,озимая пшеница,0.6684184211175531,0.669947083249356,0.030739302856055962,0.3,-0.00045821162545748955,0.2,0.6790772317810813
AOI-0078,2011-08-13,озимая пшеница,0.571933122934437,0.5790250104234856,-0.03191614531625435,0.3,-0.00900324171575467,0.2,0.5676495184854584
AOI-0078,2011-09-14,озимая пшеница,0.45671563688582256,0.47835044517328174,0.014188622539205796,0.3,0.020903637880613047,0.2,0.48678775951116604
AOI-0078,2011-09-17,озимая пшеница,0.3743936475057903,0.3776614785725381,0.01103215865095784,0.3,0.020858328865177096,0.2,0.3851427919408609
AOI-0078,2011-09-24,озимая пшеница,0.3482609353747203,0.34790775160588316,0.006011258132624637,0.3,0.020598779359702214,0.2,0.353830884917611
AOI-0078,2012-06-07,озимая пшеница,0.709830328901053,0.6948937672853744,-0.03276932064609434,0.3,-0.053835895183375004,0.2,0.6742957920548711
AOI-0078,2012-09-27,озимая пшеница,0.3012393804730946,0.297089375556556,0.004661388526834782,0.3,-0.002512800148794558,0.2,0.29798523208484756
AOI-0078,2012-10-04,озимая пшеница,0.28763564621279436,0.27950155831390366,-0.01988844906680027,0.3,-0.045450129425838814,0.2,0.2644449977086958
AOI-0078,2013-04-03,озимая пшеница,0.24401991279568078,0.23749922240600135,-0.02703281551246012,0.3,-0.01635114688372008,0.2,0.2261191483755193
AOI-0078,2013-07-11,озимая пшеница,0.35242743186991576,0.3570187814534279,0.008135157776718822,0.3,-0.0196644486051993,0.2,0.3555264390654037
AOI-0078,2013-07-28,озимая пшеница,0.5053260403553869,0.5148549271242795,-0.008054843786766804,0.3,-0.004703238183203144,0.2,0.5114978263516089
AOI-0078,2013-08-29,озимая пшеница,0.4085763430160474,0.42530095161499626,0.013705850765822935,0.3,0.031291141799910105,0.2,0.43567093520472516
AOI-0078,2013-10-16,озимая пшеница,0.39157995627952014,0.4015882982916812,-0.024191698535651812,0.3,0.014347188490516865,0.2,0.39720022642908903
AOI-0078,2014-06-26,озимая пшеница,0.837803855323396,0.8299577117013912,-0.04636475677909637,0.3,-0.04045987042056096,0.2,0.8079563105835501
AOI-0078,2014-07-31,озимая пшеница,0.6989115466373442,0.6851591352392897,0.012732949896209215,0.3,-0.007267667235210347,0.2,0.6875254867611105
AOI-0078,2015-07-01,озимая пшеница,0.4550794425188873,0.4633861769369222,0.012686391098842759,0.3,-0.0019416478230650988,0.2,0.466803764701962
AOI-0078,2015-09-11,озимая пшеница,0.2578819599834187,0.26069683172672625,0.003612653798995815,0.3,-0.01824058099953254,0.2,0.25813251166651846
AOI-0078,2016-04-22,озимая пшеница,0.3661727029080032,0.38405979252142164,0.05259870099748528,0.3,0.046034391043119086,0.2,0.409046281029291
AOI-0078,2016-07-04,озимая пшеница,0.8638140623526903,0.8577312101207166,-0.010539809585508191,0.3,-0.026541952708600665,0.2,0.849260876703344
AOI-0078,2016-09-22,озимая пшеница,0.8033299582420221,0.8036218159216304,-0.007036157301841063,0.3,-0.06540795066150713,0.2,0.7884293785987766
AOI-0078,2016-10-24,озимая пшеница,0.39313744804737816,0.39987712676004955,0.061482938196907866,0.3,0.022560469961538123,0.2,0.42283410221142953
AOI-0078,2017-04-29,озимая пшеница,0.20964639736913518,0.21450192810019006,0.0028710871040382073,0.3,0.008314704003275454,0.2,0.2170261950320566
AOI-0078,2017-05-03,озимая пшеница,0.23376250115454345,0.2397966024174732,0.005296025619408192,0.3,0.01832098983327469,0.2,0.24504960806995058
AOI-0078,2017-05-06,озимая пшеница,0.24014871399329568,0.23690499340297963,-0.040584469617744,0.3,-0.051664853079895635,0.2,0.2143966819016773
AOI-0078,2017-05-09,озимая пшеница,0.4278602820990256,0.4330924246604622,0.027200861869792623,0.3,0.014417939238313669,0.2,0.4441362710690627
AOI-0078,2017-09-30,озимая пшеница,0.2904653805529118,0.3073460484515144,0.0006301675851832647,0.3,0.003980318702636461,0.2,0.30833116246759673
AOI-0078,2018-06-07,озимая пшеница,0.7877171724554647,0.7814402419699484,-0.017521269056905067,0.3,-0.06969087171484693,0.2,0.7622456869099075
AOI-0078,2018-06-18,озимая пшеница,0.5917559542090491,0.5783558378552425,-0.003983841010880551,0.3,-0.01848441564043109,0.2,0.573463802423892
AOI-0078,2018-07-10,озимая пшеница,0.3503344503469486,0.3459809205721118,0.005558184397623665,0.3,-0.009707171259628092,0.2,0.3457069416394733
AOI-0078,2018-08-10,озимая пшеница,0.40003905133138773,0.39375468807062153,-0.02288978532444375,0.3,0.013198507710192228,0.2,0.38952745401532685
AOI-0078,2018-09-12,озимая пшеница,0.20802546735365793,0.20484667599174586,0.015046094018226031,0.3,0.0025184081151521445,0.2,0.2098641858202441
AOI-0078,2018-09-28,озимая пшеница,0.2293586711192277,0.22010486062009246,-0.02197643751910449,0.3,-0.018209586080434013,0.2,0.2098700121482743
AOI-0078,2018-10-01,озимая пшеница,0.2538651453600645,0.25454847987346046,0.006304894339108265,0.3,-0.01291278476352196,0.2,0.25385739122248857
AOI-0078,2018-10-14,озимая пшеница,0.22247276524684811,0.21786448292572955,-0.004110934625468954,0.3,-0.007725671119570068,0.2,0.21508606831417487
AOI-0078,2019-04-07,озимая пшеница,0.2660216173902772,0.28135093668794486,0.019332986401726787,0.3,0.04663165469189956,0.2,0.29647716354684284
AOI-0078,2019-04-23,озимая пшеница,0.24867795167711432,0.2643631192766263,0.014226393058802949,0.3,0.049791926068497167,0.2,0.2785894224079666
AOI-0078,2019-05-06,озимая пшеница,0.2751741376012591,0.2739095955707171,-0.02036078866211996,0.3,-0.04483113022195415,0.2,0.2588351329276903
AOI-0078,2019-05-16,озимая пшеница,0.2693813372409539,0.2769544255035355,-0.0007638074205820735,0.3,-0.03099612636120086,0.2,0.27052605800512075
AOI-0078,2019-05-24,озимая пшеница,0.4151847623931596,0.40825634308711267,-0.015541236175796933,0.3,-0.030393895238681697,0.2,0.39751519318663725
AOI-0078,2019-06-02,озимая пшеница,0.5120308822403608,0.5177647350917134,-0.0008015305402927385,0.3,0.00855296668122369,0.2,0.5192348692658704
AOI-0078,2019-06-10,озимая пшеница,0.6699194543601262,0.6691576280008602,-0.015076361264918844,0.3,0.03911654558504141,0.2,0.6724580287383928
AOI-0078,2019-06-13,озимая пшеница,0.6405589764957044,0.6206660588322881,-0.019156800014886215,0.3,-0.008207557667278187,0.2,0.6132775072943666
AOI-0078,2019-06-25,озимая пшеница,0.6785970406498106,0.6669863662148751,-0.016469193056258515,0.3,-0.018613942884129344,0.2,0.6583228197211717
AOI-0078,2019-07-04,озимая пшеница,0.6460429936044001,0.6246404453057093,-0.004263528208420827,0.3,-0.015429239830672976,0.2,0.6202755388770483
AOI-0078,2019-07-23,озимая пшеница,0.6577651578073771,0.6394930445939548,0.016078501455163183,0.3,0.0025559504264233666,0.2,0.6448277851157884
AOI-0078,2019-07-28,озимая пшеница,0.693109331523596,0.6992297858938745,-0.01093012488347438,0.3,0.0039990066878982595,0.2,0.6967505497664118
AOI-0078,2019-08-07,озимая пшеница,0.8954264745700915,0.8841434420228577,-0.01653982368918473,0.3,-0.03612279350071168,0.2,0.8719569362159598
AOI-0078,2019-08-09,озимая пшеница,0.8759789792512575,0.8627379381261555,-0.014896713640080435,0.3,-0.03958603192728232,0.2,0.8503517176486749
AOI-0078,2019-08-21,озимая пшеница,0.9031083536283538,0.8916598937802825,-0.024299797646116946,0.3,-0.06642864300774087,0.2,0.8710842258848993
AOI-0078,2019-08-29,озимая пшеница,0.8328944160394449,0.8258918281809196,-0.07668818339082882,0.3,-0.042232428583015666,0.2,0.7944388874470678
AOI-0078,2019-09-13,озимая пшеница,0.8088068122309361,0.7975355792984851,-0.025173400697497694,0.3,-0.04968882118379288,0.2,0.7800457948524772
AOI-0078,2019-09-28,озимая пшеница,0.524761822822155,0.5226544643466006,-0.02143623046678649,0.3,-0.009392543622855517,0.2,0.5143450864819935
AOI-0078,2019-10-16,озимая пшеница,0.4133229642087262,0.421914254268695,-0.026446296558995257,0.3,0.04495438434607091,0.2,0.4229712421702106
AOI-0078,2020-04-05,озимая пшеница,0.16169680865348124,0.15110745701365785,-0.02491256806065487,0.3,0.007871133839825527,0.2,0.14520791336342648
AOI-0078,2020-04-06,озимая пшеница,0.3466699541906579,0.3654995252587254,0.026273460167961622,0.3,0.040765692672882735,0.2,0.3815347018436905
AOI-0078,2020-04-23,озимая пшеница,0.4559496209706426,0.43818856138443824,-0.050959342974208004,0.3,-0.008254474533284938,0.2,0.42124986358551886
AOI-0078,2020-05-19,озимая пшеница,0.7467562266766308,0.7475777901943583,-0.0027466047009402595,0.3,0.03325333590063947,0.2,0.7534044759642041
AOI-0078,2020-06-12,озимая пшеница,0.8912200462453307,0.8807959368988594,-0.0349335260881777,0.3,-0.022403709591200423,0.2,0.8658351371541659
AOI-0078,2020-06-28,озимая пшеница,0.30565661881556394,0.29139005916561245,0.02658978047697844,0.3,0.019597793479917393,0.2,0.30328655200468946
AOI-0078,2020-07-24,озимая пшеница,0.175751119662902,0.18380191294555984,0.025051562377350862,0.3,-0.013447166828296817,0.2,0.18862794829310575
AOI-0078,2020-08-06,озимая пшеница,0.22041943419823734,0.23166262548535552,0.024225436906001322,0.3,0.006983439351804101,0.2,0.24032694442751673
AOI-0078,2020-08-08,озимая пшеница,0.1779888778850453,0.1744132242720013,0.020212723487244583,0.3,-0.006375880597641495,0.2,0.17920186519864637
AOI-0078,2020-08-12,озимая пшеница,0.26628548614872094,0.2821877607248066,0.035055170300789966,0.3,0.0626578143705887,0.2,0.3052358746891613
AOI-0078,2020-09-08,озимая пшеница,0.16655810288157336,0.18297366090574368,0.04667291282843671,0.3,-0.012165693679117476,0.2,0.19454239601845122
AOI-0078,2020-09-15,озимая пшеница,0.17835220046574024,0.17518090429277916,-0.008039909852845969,0.3,-0.009297573598175256,0.2,0.1709094166172903
AOI-0078,2020-09-24,озимая пшеница,0.12840996843479932,0.1341906699634637,0.03176513173907946,0.3,0.00532154728067737,0.2,0.14478451894132302
AOI-0078,2020-09-25,озимая пшеница,0.16570139317963614,0.17291891465836215,0.040143272413916464,0.3,-0.011379352433331807,0.2,0.18268602589587074
AOI-0078,2020-10-15,озимая пшеница,0.18966596106264433,0.21401258822435243,0.023451543032166056,0.3,0.007896426810734162,0.2,0.22262733649614908
AOI-0078,2020-10-22,озимая пшеница,0.09651191392777143,0.0786942624723704,-0.012542907299589321,0.3,0.005872645449451303,0.2,0.07610591937238385
AOI-0078,2020-10-26,озимая пшеница,0.1403188185285745,0.1286077439356682,0.0040134335276930016,0.3,0.0064460174399045694,0.2,0.13110097748195704
AOI-0078,2021-04-10,озимая пшеница,0.1218151428341155,0.10927384311289716,-0.025552286675229515,0.3,0.0063420193110030765,0.2,0.10287656097252892
AOI-0078,2021-05-14,озимая пшеница,0.2640043501089135,0.2502432565360021,-0.017118229434071083,0.3,-0.0008529909209400478,0.2,0.24493718952159277
AOI-0078,2021-05-15,озимая пшеница,0.24665010539433516,0.24053491583424838,-0.023643385180866127,0.3,-0.02757962365424465,0.2,0.2279259755491396
AOI-0078,2021-05-25,озимая пшеница,0.5161810483993481,0.5301529063556927,0.05428046548995886,0.3,0.0733145643329718,0.2,0.5610999588692747
AOI-0078,2021-06-17,озимая пшеница,0.8456149811287514,0.8367657473353332,-0.035070959387016244,0.3,-0.043073118773325814,0.2,0.8176298357645632
AOI-0078,2021-06-22,озимая пшеница,0.7897081067586522,0.7748411757354541,-0.02995693884204528,0.3,-0.058569316690538706,0.2,0.7541402307447327
AOI-0078,2021-06-23,озимая пшеница,0.7969958802237422,0.7838878971143186,-0.015132912994625877,0.3,-0.04667306252309996,0.2,0.7700134107113109
AOI-0078,2021-06-26,озимая пшеница,0.7221182094246493,0.7119367572715136,-0.05251786120729406,0.3,-0.014031615029959804,0.2,0.6933750759033335
AOI-0078,2021-07-09,озимая пшеница,0.7268829094100663,0.7193974841977464,-0.010460828609077415,0.3,-0.01345327007651744,0.2,0.7135685815997197
AOI-0078,2021-08-01,озимая пшеница,0.5473794206713494,0.5413196496635285,-0.020222271413610004,0.3,0.008442083651691124,0.2,0.5369413849697838
AOI-0078,2021-08-21,озимая пшеница,0.5201799406784603,0.5024788117821399,-0.02903899091077716,0.3,0.009445367189500476,0.2,0.4956561879468069
AOI-0078,2021-08-29,озимая пшеница,0.5739583294296261,0.585924337359638,-0.015504360547115712,0.3,0.013480197389636956,0.2,0.5839690686734307
AOI-0078,2021-09-03,озимая пшеница,0.5837099623611857,0.589545734696713,0.0050528939540873926,0.3,0.03906036100379791,0.2,0.5988736750836988
AOI-0078,2021-09-15,озимая пшеница,0.5625030288449677,0.5547056180554112,-0.008897915300662394,0.3,-0.010781105957922482,0.2,0.549880022273628
AOI-0078,2021-10-27,озимая пшеница,0.25343438299879895,0.24138957350243548,0.005568485079507622,0.3,-0.0009896258585779401,0.2,0.24286219385457217
AOI-0078,2021-10-30,озимая пшеница,0.2791157135434639,0.26817093504242867,0.0032624715633456135,0.3,0.016644167509690364,0.2,0.2724785100133704
AOI-0078,2022-04-07,озимая пшеница,0.43754781340652105,0.4480558319284924,0.0010009555133036726,0.3,-0.04887093065602183,0.2,0.4385819324512792
AOI-0078,2022-05-03,озимая пшеница,0.6767765688730146,0.6631099621842056,-0.037480274001611656,0.3,-0.00910775167423319,0.2,0.6500443296488755
AOI-0078,2022-06-19,озимая пшеница,0.7702098217948556,0.7689122514114267,-0.025384401785810248,0.3,-0.020520394747730913,0.2,0.7571928519261374
AOI-0078,2022-06-27,озимая пшеница,0.5838936139839472,0.5809002851510487,-0.0086329930282425,0.3,0.0008018582178782784,0.2,0.5784707588861516
AOI-0078,2022-07-17,озимая пшеница,0.23991604713375814,0.23801164076322415,0.015464130804456012,0.3,-0.0023327260287051323,0.2,0.24218433479881993
AOI-0078,2022-07-24,озимая пшеница,0.18915643472222687,0.18126230483549188,-0.004043142526264128,0.3,-0.004035527274773387,0.2,0.17924225662265797
AOI-0078,2022-08-01,озимая пшеница,0.15213845623906772,0.13126571806697016,0.03878458851568477,0.3,0.0010217676005951702,0.2,0.1431054481417946
AOI-0078,2022-09-17,озимая пшеница,0.2770341479794376,0.255022943841687,-0.0502387776711101,0.3,-0.03350974500541644,0.2,0.23324936153927067
AOI-0078,2022-09-20,озимая пшеница,0.32679954872115763,0.3183884956393916,-0.04185039513183466,0.3,0.019555707732061375,0.2,0.30974451864625346
AOI-0078,2022-10-01,озимая пшеница,0.3920692340758967,0.38480120508376714,-0.005943351510862514,0.3,0.017277488941299594,0.2,0.3864736974187683
AOI-0078,2022-10-08,озимая пшеница,0.3567965976009173,0.3622044606251626,0.007842026560444415,0.3,0.04041733716080266,0.2,0.37264053602545644
AOI-0078,2022-10-15,озимая пшеница,0.43446126067380253,0.43515402090929883,-0.011652474151974478,0.3,0.0434311085883775,0.2,0.440344500381382
AOI-0078,2023-05-12,озимая пшеница,0.8624789002117144,0.8418288289210332,-0.01726417412245863,0.3,-0.01723273540245266,0.2,0.8332030296038051
AOI-0078,2023-06-02,озимая пшеница,0.9116819821334626,0.8952079937298127,-0.040852491271875964,0.3,-0.035208535606072976,0.2,0.8759105392270354
AOI-0078,2023-07-02,озимая пшеница,0.6004501236208413,0.5844767307612435,-0.011690570800075486,0.3,-0.022638362266082408,0.2,0.5764418870680044
AOI-0078,2023-07-31,озимая пшеница,0.21423365471901148,0.2064342053841423,-0.004760177542642181,0.3,0.002304826910970055,0.2,0.20546711750354366
AOI-0078,2023-08-03,озимая пшеница,0.1632836426165122,0.16493147174450273,0.026218205233034465,0.3,-0.0006399995011948451,0.2,0.1726689334141741
AOI-0078,2023-08-29,озимая пшеница,0.340801795217783,0.3603932212461937,0.01686064162822645,0.3,0.03828001623350209,0.2,0.37310741698136207
AOI-0078,2023-09-29,озимая пшеница,0.14802090844498747,0.1496718620843523,0.022454113741025104,0.3,-0.00010160007040055366,0.2,0.1563877761925797
AOI-0078,2023-10-03,озимая пшеница,0.15820837237833027,0.17023608191060016,0.034149480404845056,0.3,0.0005159146219194647,0.2,0.18058410895643756
AOI-0078,2024-04-04,озимая пшеница,0.22617151741055908,0.21581656077186534,-0.027800491803611393,0.3,-0.04190960319380403,0.2,0.1990944925920211
AOI-0078,2024-04-13,озимая пшеница,0.25906488057935684,0.2700892148089475,0.004810834202861628,0.3,0.03504740369015076,0.2,0.27854194580783614
AOI-0078,2024-04-14,озимая пшеница,0.23059851601658118,0.24049004112277136,0.00018020539182336554,0.3,0.014167256132509503,0.2,0.24337755396682026
AOI-0078,2024-04-22,озимая пшеница,0.4372343816962946,0.45211684508869243,-0.0019504056891712042,0.3,-0.02008120998104177,0.2,0.4475154813857327
AOI-0078,2024-05-04,озимая пшеница,0.4267319392102122,0.433150453228155,-0.00187335529699617,0.3,-0.0061630928022179555,0.2,0.43135582807861256
AOI-0078,2024-05-06,озимая пшеница,0.4379924965748483,0.44165710451754076,-0.0014057197589442154,0.3,-0.005795141606335633,0.2,0.44007636026859037
AOI-0078,2024-05-17,озимая пшеница,0.5697096560422563,0.5622232605390675,-0.02852796740441085,0.3,-0.00950161685684554,0.2,0.5517645469463751
AOI-0078,2024-05-19,озимая пшеница,0.5751553109082067,0.5639355604197184,-0.020264905291406458,0.3,-0.023465259353978675,0.2,0.5531630369615007
AOI-0078,2024-05-29,озимая пшеница,0.6452685332220025,0.6406407641403489,-0.02580096735379019,0.3,0.0017850960387073133,0.2,0.6332574931419532
AOI-0078,2024-06-09,озимая пшеница,0.6040518520882442,0.6056964633641571,-0.03575279878472706,0.3,0.016811059822203635,0.2,0.5983328356931797
AOI-0078,2024-06-25,озимая пшеница,0.34867592399684255,0.3492712924014043,-0.009457946662644413,0.3,-0.024018833796318754,0.2,0.34163014164334726
AOI-0078,2024-07-08,озимая пшеница,0.2400720737258908,0.23556944314747957,-0.0005633332887905037,0.3,-0.011210178922812933,0.2,0.23315840737627982
AOI-0078,2024-07-13,озимая пшеница,0.20112575938249322,0.19906596513755898,0.008908365132393275,0.3,0.0056965084206337495,0.2,0.2028777763614037
AOI-0078,2024-07-17,озимая пшеница,0.24561854945968944,0.24519756358778683,0.02685447886108989,0.3,0.033914852176447005,0.2,0.2600368776814032
AOI-0078,2024-07-25,озимая пшеница,0.22403228875604436,0.21769542795073982,0.026302447927601048,0.3,0.010071770671309859,0.2,0.22760051646328208
AOI-0078,2024-08-18,озимая пшеница,0.2600546892760897,0.27265613714134795,0.03969191754109893,0.3,0.03732635813916439,0.2,0.2920289840315105
AOI-0078,2024-08-26,озимая пшеница,0.20915265845541584,0.2193796243558559,0.03989182192570372,0.3,-0.008361995628105731,0.2,0.22967477180794588
AOI-0078,2024-09-21,озимая пшеница,0.15541970760121637,0.15443008330853142,0.009802551600741779,0.3,0.003915137460150664,0.2,0.1581538762807841
AOI-0078,2024-10-22,озимая пшеница,0.20500728815226194,0.21077856809708861,0.027516928639492292,0.3,0.005726583730708697,0.2,0.22017896343507803
AOI-0078,2024-10-30,озимая пшеница,0.21513101019121447,0.20709931626115813,0.003461975945062962,0.3,0.008009971654999067,0.2,0.20973990337567683
