anon_polygon_id,date,crop_type,v3_prediction,v4_prediction,v7_prediction
AOI-0005,2010-05-02,озимая пшеница,0.23987377143752558,0.23994225056426002,0.2384499072762406
AOI-0005,2010-07-28,озимая пшеница,0.3066978208753176,0.3133267206931093,0.30784115788694044
AOI-0005,2010-08-05,озимая пшеница,0.23198553823628032,0.24922091939640714,0.25238084501937513
AOI-0005,2010-08-29,озимая пшеница,0.28917883564780456,0.28841105976356085,0.28147481690170195
AOI-0005,2010-08-30,озимая пшеница,0.23385445938833974,0.23706056898987715,0.23716750582797194
AOI-0005,2010-09-06,озимая пшеница,0.23995892698566604,0.24659546872602647,0.24746519166939768
AOI-0005,2011-04-02,озимая пшеница,0.27476650935610025,0.26565746118051087,0.25506437332486837
AOI-0005,2011-06-06,озимая пшеница,0.7642042103848615,0.7578589258346646,0.7595774429347507
AOI-0005,2011-06-26,озимая пшеница,0.5096819242051689,0.520123299935994,0.5175041200229128
AOI-0005,2011-09-02,озимая пшеница,0.42639407935933027,0.4202741980217195,0.41732034686678054
AOI-0005,2012-04-04,озимая пшеница,0.2410348234857993,0.23156401068239854,0.2229386660109556
AOI-0005,2012-04-29,озимая пшеница,0.5439594491039246,0.5486050451339867,0.548604732817719
AOI-0005,2012-05-06,озимая пшеница,0.5840733228477145,0.5785250954257323,0.5757332566209064
AOI-0005,2012-05-31,озимая пшеница,0.808366239246747,0.794560944483071,0.7884423298319808
AOI-0005,2012-08-10,озимая пшеница,0.1833283861932294,0.18372384384742604,0.18622954063879354
AOI-0005,2012-08-12,озимая пшеница,0.27765985211518185,0.2909256437947291,0.29693759980894147
AOI-0005,2013-06-26,озимая пшеница,0.36585140129238736,0.37277218810863,0.3618110354535964
AOI-0005,2013-07-12,озимая пшеница,0.33861070663545545,0.3395863506624994,0.3303995202211574
AOI-0005,2013-08-21,озимая пшеница,0.45777091296631145,0.4488629431155471,0.4521460393691676
AOI-0005,2013-08-29,озимая пшеница,0.48233695844443875,0.4714879369095986,0.46999910102202697
AOI-0005,2014-04-18,озимая пшеница,0.40850533226811087,0.408443251764767,0.4090542102205156
AOI-0005,2014-04-27,озимая пшеница,0.606831433239291,0.6044440678267374,0.6082612942150847
AOI-0005,2014-05-04,озимая пшеница,0.6925585581294628,0.694756522501798,0.6987151662930994
AOI-0005,2014-05-09,озимая пшеница,0.7642827582676809,0.7753241048047045,0.7760841956468488
AOI-0005,2014-06-10,озимая пшеница,0.673870932903684,0.6776220226773648,0.6778532656003421
AOI-0005,2014-07-28,озимая пшеница,0.4738887265633839,0.46838515349664855,0.465096435765381
AOI-0005,2014-10-03,озимая пшеница,0.24061042802754096,0.24103957653909655,0.24336559571807145
AOI-0005,2015-05-23,озимая пшеница,0.743949397472133,0.7389513598371914,0.7368733349666814
AOI-0005,2015-06-10,озимая пшеница,0.7722218277971866,0.7762290240224102,0.7752947323975546
AOI-0005,2015-10-06,озимая пшеница,0.20203572106327491,0.1937538415715205,0.19179223128205825
AOI-0005,2016-04-22,озимая пшеница,0.6486006986048535,0.6672013902400256,0.681909800264378
AOI-0005,2016-05-08,озимая пшеница,0.782195698035214,0.7919043825973243,0.7901991434149278
AOI-0005,2016-09-13,озимая пшеница,0.37586284837368933,0.3730789947006559,0.3716404309944602
AOI-0005,2017-04-11,озимая пшеница,0.21241541231369482,0.1993410093265256,0.19307612111857328
AOI-0005,2017-04-23,озимая пшеница,0.5037590282820916,0.5221257699493695,0.5251902771057498
AOI-0005,2017-04-26,озимая пшеница,0.36216520345939557,0.3750644775568848,0.3722907398753042
AOI-0005,2017-07-23,озимая пшеница,0.5520283354057185,0.5520507870736856,0.5564502014704236
AOI-0005,2017-09-25,озимая пшеница,0.5126641948612268,0.500545378444373,0.503687228605943
AOI-0005,2017-10-04,озимая пшеница,0.4448601379785989,0.43422855860785203,0.4416173510656853
AOI-0005,2018-05-01,озимая пшеница,0.6085128608452136,0.613013475566428,0.6123284397696683
AOI-0005,2018-05-16,озимая пшеница,0.7212279729303516,0.7103120909499481,0.7095097928639432
AOI-0005,2018-06-01,озимая пшеница,0.6768035490549136,0.6702023076927344,0.670486104307554
AOI-0005,2018-07-10,озимая пшеница,0.41212975280647945,0.411897399173566,0.4116690353734571
AOI-0005,2018-08-27,озимая пшеница,0.4144229223677735,0.4129712279051875,0.4148089196460025
AOI-0005,2018-09-30,озимая пшеница,0.3744381386324172,0.37474637419760526,0.3747403609393491
AOI-0005,2019-04-26,озимая пшеница,0.6384762603297895,0.6420344431803944,0.6435566480032502
AOI-0005,2019-05-11,озимая пшеница,0.7718879382320062,0.760007753551295,0.7497282146332005
AOI-0005,2019-05-18,озимая пшеница,0.8303805658035766,0.8234387994288412,0.8194028937037203
AOI-0005,2019-05-21,озимая пшеница,0.8051134345882028,0.8016653120866915,0.8020975599847253
AOI-0005,2019-06-11,озимая пшеница,0.7381869758428736,0.732790701748995,0.7316379591149912
AOI-0005,2019-06-25,озимая пшеница,0.5338885640930434,0.5308587038921636,0.5349213631518559
AOI-0005,2019-07-12,озимая пшеница,0.47081394253202713,0.45763031957332795,0.4556652674172498
AOI-0005,2019-08-23,озимая пшеница,0.35905831612270883,0.353227059117634,0.3526185394833689
AOI-0005,2019-08-24,озимая пшеница,0.34031823663923233,0.3428549799372162,0.3456894730065933
AOI-0005,2019-09-03,озимая пшеница,0.33089687644010873,0.3370578370973038,0.3435179075347222
AOI-0005,2019-09-07,озимая пшеница,0.37100792835648505,0.3699374001717752,0.37755991298125874
AOI-0005,2019-09-08,озимая пшеница,0.3458045412995191,0.3464888768352449,0.35056490374737015
AOI-0005,2019-09-15,озимая пшеница,0.2684776887069722,0.2844355525589195,0.28840609620340635
AOI-0005,2020-04-22,озимая пшеница,0.39043154455164547,0.4011069314618999,0.3964014879797218
AOI-0005,2020-05-08,озимая пшеница,0.679699178692237,0.6908564743362574,0.7016688154809271
AOI-0005,2020-08-16,озимая пшеница,0.4965113597199878,0.4940271355239809,0.49795226284525207
AOI-0005,2020-08-23,озимая пшеница,0.4199890046081058,0.41797230654995876,0.4182177552486169
AOI-0005,2020-08-24,озимая пшеница,0.43469386037825775,0.4330693097158122,0.43623853658244177
AOI-0005,2020-09-02,озимая пшеница,0.3540280184696557,0.3576888895816778,0.3624934283752093
AOI-0005,2020-09-17,озимая пшеница,0.280780032257543,0.2876889034225295,0.29537812407568337
AOI-0005,2020-09-29,озимая пшеница,0.29721021114369994,0.29078147490380235,0.2956303777334176
AOI-0005,2021-04-21,озимая пшеница,0.46351239776051606,0.4626996878454497,0.46732778675240577
AOI-0005,2021-07-12,озимая пшеница,0.5010714643007225,0.49582031644097224,0.49815606389839306
AOI-0005,2021-08-29,озимая пшеница,0.4121637201084729,0.4209835445789381,0.42154483454924363
AOI-0005,2021-09-04,озимая пшеница,0.2880681963799395,0.29687656210077207,0.3039280477906049
AOI-0005,2021-09-30,озимая пшеница,0.38128214755529977,0.38782400547069146,0.3929548883571225
AOI-0005,2021-10-14,озимая пшеница,0.27605023069882134,0.29170164440777835,0.30337580792921254
AOI-0005,2022-05-09,озимая пшеница,0.7918908590478798,0.8011544252188924,0.8030674299854872
AOI-0005,2022-05-30,озимая пшеница,0.8285096594339343,0.83518595308717,0.8377731734547955
AOI-0005,2022-07-19,озимая пшеница,0.4544360050395322,0.4625944416467928,0.46942131664881936
AOI-0005,2022-07-21,озимая пшеница,0.4482627151955314,0.43920365536783246,0.4402510188153054
AOI-0005,2022-07-28,озимая пшеница,0.5086829529443664,0.5040883476801915,0.5032261107444588
AOI-0005,2022-08-03,озимая пшеница,0.43059648398376804,0.423132799878359,0.42194474621500705
AOI-0005,2022-08-14,озимая пшеница,0.4906128592891049,0.49490734279194165,0.5032477780263298
AOI-0005,2022-08-28,озимая пшеница,0.3939823406728179,0.3985124497569093,0.39945190953589665
AOI-0005,2022-10-01,озимая пшеница,0.38992553247464173,0.398082182353239,0.4039955340253206
AOI-0005,2023-07-14,озимая пшеница,0.5897503383329291,0.5765756620903507,0.5764929458705381
AOI-0005,2023-07-29,озимая пшеница,0.522650175062361,0.5268417231675983,0.5302023175202525
AOI-0005,2023-08-08,озимая пшеница,0.4964064437132075,0.5039371669562068,0.5105544472190213
AOI-0005,2023-08-29,озимая пшеница,0.4460441177790388,0.44833125954495345,0.4445949145674988
AOI-0005,2023-09-12,озимая пшеница,0.3640217584451959,0.37463840790642167,0.3828425899915696
AOI-0005,2023-09-14,озимая пшеница,0.3860219967439278,0.3827504345249272,0.373907694298619
AOI-0005,2023-09-26,озимая пшеница,0.3410221985825884,0.3490636600775057,0.35483220604084953
AOI-0005,2023-10-17,озимая пшеница,0.19631144143855486,0.20094638543790885,0.20826914109152356
AOI-0005,2024-05-31,озимая пшеница,0.721731610818217,0.7160211620818574,0.7204365991028563
AOI-0005,2024-06-03,озимая пшеница,0.7023837433795442,0.7087324242270345,0.7099968767245451
AOI-0005,2024-07-28,озимая пшеница,0.3862590374836848,0.39275772558721317,0.3964664198517111
AOI-0005,2024-08-22,озимая пшеница,0.30028141629791977,0.3056798862102566,0.3084603038492022
AOI-0005,2024-08-28,озимая пшеница,0.3784490582374733,0.3757013206858815,0.37108868029051256
AOI-0005,2024-09-16,озимая пшеница,0.2950548973085538,0.299378185295926,0.3043322105593757
AOI-0006,2010-04-15,озимая пшеница,0.4503601417618842,0.43935556074586507,0.42869907497629256
AOI-0006,2010-05-09,озимая пшеница,0.8099001137892878,0.8016729279508572,0.800644794537221
AOI-0006,2010-07-13,озимая пшеница,0.27951022851458857,0.284883059385285,0.2859197602717472
AOI-0006,2010-07-28,озимая пшеница,0.2955597548655751,0.29500029193733546,0.29092446953378787
AOI-0006,2010-07-29,озимая пшеница,0.22488342259355337,0.22906985990293638,0.2292735123370842
AOI-0006,2010-08-05,озимая пшеница,0.21658674699917752,0.20987083661569225,0.2105063849971632
AOI-0006,2011-04-02,озимая пшеница,0.15071579754103595,0.12931948345069014,0.12078786327963068
AOI-0006,2011-04-19,озимая пшеница,0.18896733546206196,0.16699837106284854,0.16254911773246936
AOI-0006,2011-05-21,озимая пшеница,0.24498685680691437,0.23333891859335593,0.22968777255086686
AOI-0006,2011-07-16,озимая пшеница,0.7502779928482135,0.7444845858825795,0.7411016525263926
AOI-0006,2011-08-08,озимая пшеница,0.4637327911822041,0.45834976812019235,0.4585787126095933
AOI-0006,2011-08-09,озимая пшеница,0.4443917962946089,0.43937388236560165,0.43846276856833677
AOI-0006,2011-10-16,озимая пшеница,0.3140478016654652,0.3233336959394501,0.32870324424275976
AOI-0006,2012-04-22,озимая пшеница,0.7413311327557315,0.752418061805468,0.7611459927846673
AOI-0006,2012-06-09,озимая пшеница,0.5224587407737709,0.5206410463065649,0.5123515148708452
AOI-0006,2012-10-15,озимая пшеница,0.27565515863582,0.28179848569539334,0.2867031405286337
AOI-0006,2013-07-21,озимая пшеница,0.7088039366966654,0.7188202515467521,0.7249285385067528
AOI-0006,2013-08-21,озимая пшеница,0.3509688156287468,0.34930780087876695,0.3479591185736523
AOI-0006,2013-10-24,озимая пшеница,0.2466475118535933,0.2561259549674987,0.26733370181545957
AOI-0006,2014-04-07,озимая пшеница,0.6685928900374856,0.6794367205922024,0.6863373183634303
AOI-0006,2014-06-13,озимая пшеница,0.41722733296782255,0.41161512453817256,0.40616788418815253
AOI-0006,2014-06-26,озимая пшеница,0.3265896713344875,0.3331549350610884,0.3320523352590131
AOI-0006,2014-07-31,озимая пшеница,0.17470314683886068,0.18215316898262576,0.18277588701418718
AOI-0006,2014-08-29,озимая пшеница,0.23378998117214791,0.23410677441451888,0.23287631685785332
AOI-0006,2015-06-09,озимая пшеница,0.8373782319231589,0.8247846793226291,0.8220302708972773
AOI-0006,2015-07-26,озимая пшеница,0.3061025422566429,0.30897668392635547,0.30484835855340126
AOI-0006,2015-08-03,озимая пшеница,0.3051202766670296,0.3004060707980633,0.29895134165793374
AOI-0006,2015-08-11,озимая пшеница,0.28874337740163153,0.2944948916825945,0.29643650834301083
AOI-0006,2015-08-12,озимая пшеница,0.2830800142979129,0.28021390317892253,0.27356200222232513
AOI-0006,2015-10-16,озимая пшеница,0.2305638363606451,0.2374794987455756,0.23942072660296165
AOI-0006,2016-04-22,озимая пшеница,0.5291128451993886,0.550467207186136,0.5499564457771271
AOI-0006,2016-04-23,озимая пшеница,0.47001567414410134,0.4750335454175897,0.4618462650416213
AOI-0006,2016-05-08,озимая пшеница,0.48594786916481764,0.4918190728087411,0.4950148758012094
AOI-0006,2017-04-23,озимая пшеница,0.3224287013644499,0.34439606399034833,0.35166278894837544
AOI-0006,2017-05-09,озимая пшеница,0.4174212048620413,0.4302595656906277,0.4387557773796358
AOI-0006,2017-07-25,озимая пшеница,0.7658691307763803,0.7765644056341436,0.7726013399865551
AOI-0006,2017-09-01,озимая пшеница,0.23713561753494403,0.23904519916920652,0.24398983546000846
AOI-0006,2017-09-14,озимая пшеница,0.3018723206266714,0.307830003625772,0.310281578393318
AOI-0006,2017-10-04,озимая пшеница,0.19241557993764744,0.18906386953722357,0.18926728918511404
AOI-0006,2018-06-08,озимая пшеница,0.38036161136971,0.39241530811922665,0.3889883214181669
AOI-0006,2018-08-13,озимая пшеница,0.4779211032816522,0.4783787272515651,0.4744238137597202
AOI-0006,2018-09-20,озимая пшеница,0.25027472978812476,0.2571327173908644,0.2625687318554771
AOI-0006,2018-10-16,озимая пшеница,0.2901096725582193,0.3007087295079555,0.29965313066967375
AOI-0006,2019-04-21,озимая пшеница,0.7503029019723221,0.7448745046202165,0.7465425683667953
AOI-0006,2019-04-23,озимая пшеница,0.8022679619817501,0.8058347048572584,0.8055012936433305
AOI-0006,2019-05-21,озимая пшеница,0.8908500018754493,0.8763813261403164,0.8714953196345292
AOI-0006,2019-06-27,озимая пшеница,0.22485357416151586,0.22659445280839619,0.22564856432018088
AOI-0006,2019-08-22,озимая пшеница,0.1902988045803022,0.19499685892234853,0.19870334567290687
AOI-0006,2019-09-03,озимая пшеница,0.14849374769760776,0.1438742651855809,0.14308908367663375
AOI-0006,2020-04-06,озимая пшеница,0.26471083579985083,0.2775116469689096,0.2837785300920858
AOI-0006,2020-04-30,озимая пшеница,0.1860598561487454,0.16869002397253566,0.1667987647371569
AOI-0006,2020-05-20,озимая пшеница,0.263720866047735,0.25336951444274397,0.24629507822568636
AOI-0006,2020-06-05,озимая пшеница,0.594766499371437,0.5991535449670055,0.6026149792381131
AOI-0006,2020-08-03,озимая пшеница,0.44385874171644935,0.44005817816290105,0.44085138433667564
AOI-0006,2020-09-01,озимая пшеница,0.3575460949496628,0.3600237062517767,0.36208842792699625
AOI-0006,2021-04-06,озимая пшеница,0.2889325254203852,0.2886550348115092,0.27536222324287063
AOI-0006,2021-05-20,озимая пшеница,0.8806942083334313,0.8683436218110819,0.8661992915530544
AOI-0006,2021-06-16,озимая пшеница,0.8181495628332458,0.8093680098627479,0.8004053933452636
AOI-0006,2021-08-29,озимая пшеница,0.23388386711386175,0.24533875818040643,0.25065250872183203
AOI-0006,2021-10-02,озимая пшеница,0.19240021936378296,0.1981695969385429,0.1997495949633395
AOI-0006,2022-04-24,озимая пшеница,0.8172025319514205,0.8154786795486081,0.8135719064820487
AOI-0006,2022-06-10,озимая пшеница,0.7435833351445058,0.7489460280607297,0.7376898944816576
AOI-0006,2022-08-23,озимая пшеница,0.17545455040200314,0.18492040386728772,0.1823813522066817
AOI-0006,2022-09-17,озимая пшеница,0.16628562789617854,0.1614627043605936,0.15826070970778086
AOI-0006,2022-09-30,озимая пшеница,0.26718252647205054,0.28627337966850097,0.28799374706626524
AOI-0006,2022-10-02,озимая пшеница,0.1715241230187306,0.16789299704121802,0.16891139213734094
AOI-0006,2022-10-12,озимая пшеница,0.16874988333610533,0.17465399018599473,0.1770856136024554
AOI-0006,2023-04-10,озимая пшеница,0.2722038482643413,0.27798691675988674,0.2685742990568377
AOI-0006,2023-04-23,озимая пшеница,0.467084021275779,0.49635311019585776,0.49961194249533797
AOI-0006,2023-05-06,озимая пшеница,0.30986237420653034,0.30663587107803353,0.3065810333088746
AOI-0006,2023-05-13,озимая пшеница,0.29776607527864096,0.29487779176811646,0.29817184182415446
AOI-0006,2023-06-10,озимая пшеница,0.6893796547045546,0.7076984936115399,0.7141360823020463
AOI-0006,2023-06-15,озимая пшеница,0.5983817586730483,0.6022529076611248,0.6012369389339197
AOI-0006,2023-07-16,озимая пшеница,0.7710495002264721,0.7819309596618169,0.7824129945094978
AOI-0006,2023-08-28,озимая пшеница,0.5374432342679067,0.5393085015450785,0.5418072342525213
AOI-0006,2023-09-02,озимая пшеница,0.4095730852349807,0.4031030243945374,0.4017391199714858
AOI-0006,2023-09-14,озимая пшеница,0.3826871222184468,0.384562552068359,0.3774167747623821
AOI-0006,2023-09-18,озимая пшеница,0.39031049023486697,0.4008871414170204,0.40235408792500005
AOI-0006,2023-09-26,озимая пшеница,0.296517172589471,0.29783416592427076,0.30371456585697015
AOI-0006,2023-10-02,озимая пшеница,0.19836775426392161,0.1971505441021043,0.20151046343366083
AOI-0006,2023-10-16,озимая пшеница,0.25854050881450513,0.27333639616373845,0.27307054670894193
AOI-0006,2023-10-17,озимая пшеница,0.15416704119445343,0.1475409973815238,0.14855474120524445
AOI-0006,2024-06-03,озимая пшеница,0.7260467353600403,0.7241389563345686,0.7237136310038871
AOI-0006,2024-06-24,озимая пшеница,0.3434275859623531,0.3472334275452161,0.3500200208576244
AOI-0006,2024-07-03,озимая пшеница,0.21260286014062926,0.21189650796538584,0.21079875276417928
AOI-0006,2024-07-13,озимая пшеница,0.2002609592640562,0.20189954962131104,0.1975396594374013
AOI-0006,2024-09-28,озимая пшеница,0.15752483175348803,0.16057561934093662,0.15982248645568167
AOI-0006,2024-10-06,озимая пшеница,0.1443741760409177,0.14440115937904713,0.1473093770326604
AOI-0006,2024-10-26,озимая пшеница,0.18064920547165153,0.175760788057016,0.17541551730423163
AOI-0009,2010-04-07,озимая пшеница,0.4652351261427031,0.4589711901911835,0.45351762942123514
AOI-0009,2010-05-18,озимая пшеница,0.7060960676886878,0.7025767311600113,0.7043632021771695
AOI-0009,2010-06-10,озимая пшеница,0.47044102891409745,0.4651286218453963,0.45733283095735094
AOI-0009,2010-09-14,озимая пшеница,0.2634373662375856,0.26461808301049816,0.2685880813982335
AOI-0009,2010-09-30,озимая пшеница,0.2365970281265128,0.2404706079124114,0.24908563571717393
AOI-0009,2011-05-25,озимая пшеница,0.5877732915676608,0.5906052499388812,0.5979649901525971
AOI-0009,2011-07-12,озимая пшеница,0.6732714290344999,0.6702761710410374,0.6671097618839456
AOI-0009,2011-07-28,озимая пшеница,0.5892594478822287,0.5911128305164607,0.5858707262260658
AOI-0009,2011-08-17,озимая пшеница,0.3577468847466049,0.35644516341071963,0.35445794975765105
AOI-0009,2011-09-10,озимая пшеница,0.2819189675823357,0.27465672266043595,0.27334413307895317
AOI-0009,2012-04-29,озимая пшеница,0.5321955807393848,0.5246601915133245,0.5226008512023722
AOI-0009,2012-05-08,озимая пшеница,0.7075350597699901,0.7067839607868337,0.711489154942629
AOI-0009,2012-08-12,озимая пшеница,0.3252635994716574,0.32853508207999294,0.3285767949419281
AOI-0009,2012-08-28,озимая пшеница,0.37401615398768506,0.36999635444279727,0.3746707635421492
AOI-0009,2012-09-29,озимая пшеница,0.3193212649930163,0.3202110890976239,0.32832965484535154
AOI-0009,2012-10-06,озимая пшеница,0.20646898637697295,0.19796170984260952,0.20032258604532072
AOI-0009,2013-04-07,озимая пшеница,0.3102501920408296,0.31004679821783215,0.30741733769384444
AOI-0009,2013-07-21,озимая пшеница,0.586372547604156,0.5757470461193573,0.5821914313300998
AOI-0009,2013-08-13,озимая пшеница,0.3782603358436306,0.38471286820575723,0.3831230320835092
AOI-0009,2013-09-14,озимая пшеница,0.3048542303937932,0.30894815179537644,0.3141335464425711
AOI-0009,2014-04-07,озимая пшеница,0.648562279549986,0.6346548640802889,0.6334326888640129
AOI-0009,2014-04-27,озимая пшеница,0.7828800604903833,0.7814808381021755,0.7798850335886335
AOI-0009,2014-05-29,озимая пшеница,0.8578628853655935,0.8608301193623082,0.8614971390501168
AOI-0009,2014-06-10,озимая пшеница,0.5366332165809327,0.5333182745866479,0.5246280735132254
AOI-0009,2014-06-22,озимая пшеница,0.40743408401411835,0.4058019584927159,0.4064949080747985
AOI-0009,2014-08-01,озимая пшеница,0.2010077395764262,0.19639120186808232,0.19332326528413424
AOI-0009,2014-08-09,озимая пшеница,0.17374969738447268,0.16713484278039045,0.16207482204156123
AOI-0009,2014-08-17,озимая пшеница,0.18531221832018357,0.18017068221352472,0.17965383975970126
AOI-0009,2014-08-29,озимая пшеница,0.23702344619116394,0.23947660044064986,0.24596235839359049
AOI-0009,2015-04-14,озимая пшеница,0.383187744412552,0.3776482942383341,0.3775789614194055
AOI-0009,2015-05-24,озимая пшеница,0.8200173142978608,0.8221933874395729,0.819549816145459
AOI-0009,2015-06-26,озимая пшеница,0.39879112605025296,0.3972408274956661,0.3927450781714625
AOI-0009,2015-10-07,озимая пшеница,0.2019251477247447,0.19666110598172068,0.19973110507572997
AOI-0009,2016-05-02,озимая пшеница,0.6279551488421026,0.6167934222607045,0.6172198053123515
AOI-0009,2016-06-25,озимая пшеница,0.5207980180033001,0.5105556560427809,0.4994662981590478
AOI-0009,2016-07-05,озимая пшеница,0.38916610311144306,0.37837673110109615,0.3732404074219298
AOI-0009,2016-07-13,озимая пшеница,0.3989875448771453,0.3965975993930726,0.39703952104331885
AOI-0009,2016-10-25,озимая пшеница,0.2544998764739006,0.25316966240329775,0.2565465677425245
AOI-0009,2017-04-01,озимая пшеница,0.2237399411027289,0.20520348203581656,0.1970215365848703
AOI-0009,2017-04-23,озимая пшеница,0.6536287705685868,0.6538399466595484,0.662632980478584
AOI-0009,2017-05-21,озимая пшеница,0.8258313857270119,0.8338677360720702,0.8304708528213454
AOI-0009,2017-07-12,озимая пшеница,0.3168545623029154,0.3168971627051139,0.3175960808534348
AOI-0009,2017-07-24,озимая пшеница,0.21533757613357513,0.20953483099388356,0.21428281099222435
AOI-0009,2017-08-09,озимая пшеница,0.15195418655954604,0.1543602745189526,0.15337870193619937
AOI-0009,2017-08-11,озимая пшеница,0.14328252953048617,0.14512786764557045,0.14362727665649366
AOI-0009,2017-08-14,озимая пшеница,0.15771058730387133,0.16404860445394,0.1643112231002628
AOI-0009,2017-08-29,озимая пшеница,0.1830511299585013,0.1891328554330222,0.19233701307547815
AOI-0009,2017-09-05,озимая пшеница,0.13361809191997343,0.13563243932249283,0.1376381868947551
AOI-0009,2017-09-13,озимая пшеница,0.15899232589493661,0.16254412627617465,0.16429921949973572
AOI-0009,2017-09-15,озимая пшеница,0.1582652701965473,0.16043021198129095,0.16254844025055173
AOI-0009,2018-04-14,озимая пшеница,0.4367484622391718,0.42087250053777886,0.41234305920297926
AOI-0009,2018-04-23,озимая пшеница,0.6852571767687179,0.6768487777090604,0.684705516286608
AOI-0009,2018-07-12,озимая пшеница,0.3055588893114516,0.3046711381516768,0.30386102795504416
AOI-0009,2018-09-29,озимая пшеница,0.17835477150567017,0.17370448469064714,0.1767878372156958
AOI-0009,2018-09-30,озимая пшеница,0.2279535711473854,0.23146975696982677,0.23713153249586438
AOI-0009,2018-10-13,озимая пшеница,0.16846269718389403,0.16905287028157726,0.17310800252280567
AOI-0009,2019-04-01,озимая пшеница,0.2340506973422524,0.22597254916727538,0.2219139696841258
AOI-0009,2019-04-25,озимая пшеница,0.3400998586988847,0.32990643030429373,0.3338888762017198
AOI-0009,2019-05-09,озимая пшеница,0.5712050052622466,0.5751504232306668,0.5799891913406309
AOI-0009,2019-05-18,озимая пшеница,0.4737375452034091,0.47235347412990336,0.4720724035596604
AOI-0009,2019-05-28,озимая пшеница,0.7241210670787133,0.71638541127268,0.710757745488367
AOI-0009,2019-06-28,озимая пшеница,0.258755933834204,0.24037014331025425,0.24374156082763893
AOI-0009,2019-08-07,озимая пшеница,0.2935525456003557,0.2810820718920431,0.288229984217362
AOI-0009,2019-08-21,озимая пшеница,0.17829354283938068,0.17855670046556166,0.17963396611183088
AOI-0009,2019-08-26,озимая пшеница,0.16166100245165355,0.1640118018582007,0.1648122208123593
AOI-0009,2019-08-31,озимая пшеница,0.16326810326728353,0.16400843439808097,0.1652649199240512
AOI-0009,2019-10-15,озимая пшеница,0.21995565985938162,0.22293558296428354,0.22042166286292697
AOI-0009,2020-05-13,озимая пшеница,0.7242815243734844,0.7324414964810942,0.7311549238591541
AOI-0009,2020-05-15,озимая пшеница,0.6893526413401246,0.6825318309910668,0.6781420243759694
AOI-0009,2020-05-24,озимая пшеница,0.781420993785819,0.7856082948736718,0.7868387076065726
AOI-0009,2020-05-27,озимая пшеница,0.7114070939303154,0.7134961648328703,0.7129515818623847
AOI-0009,2020-05-29,озимая пшеница,0.7041064158000487,0.7092834933799959,0.70671613950629
AOI-0009,2020-06-06,озимая пшеница,0.6405745877281149,0.6360998801358346,0.6363886568797462
AOI-0009,2020-06-11,озимая пшеница,0.5636897330521805,0.5628606260520491,0.5658348445422692
AOI-0009,2020-06-29,озимая пшеница,0.21008980474468347,0.20434339943023622,0.20660906592228093
AOI-0009,2020-07-06,озимая пшеница,0.16526720592425345,0.15779287740446965,0.16028101911379508
AOI-0009,2020-07-24,озимая пшеница,0.14287369330236674,0.14089185457484454,0.14381111040618816
AOI-0009,2020-07-27,озимая пшеница,0.21352376121217725,0.20723522198219865,0.21415350341968398
AOI-0009,2020-08-03,озимая пшеница,0.1414670681207219,0.14126212650528802,0.14346046291874717
AOI-0009,2020-08-12,озимая пшеница,0.22736361684164938,0.2349401730341924,0.24139363201454997
AOI-0009,2020-08-15,озимая пшеница,0.15376678575376537,0.15107908188989067,0.1518746107335606
AOI-0009,2020-08-17,озимая пшеница,0.17982922630057022,0.17950392257532036,0.1798092860289985
AOI-0009,2020-08-28,озимая пшеница,0.20990241568241202,0.22104560724075356,0.22721682582285208
AOI-0009,2020-09-02,озимая пшеница,0.14212099579659315,0.1457947021535102,0.14800426107172623
AOI-0009,2020-09-29,озимая пшеница,0.19059286112691382,0.20116569901629258,0.20875004512847137
AOI-0009,2020-10-07,озимая пшеница,0.1319207156983251,0.13183007486954146,0.13921132734585634
AOI-0009,2020-10-15,озимая пшеница,0.217220167221677,0.220313732086142,0.22495039214238546
AOI-0009,2021-04-06,озимая пшеница,0.38338692240741135,0.37274689869856037,0.37061368884566326
AOI-0009,2021-04-30,озимая пшеница,0.6763893735767207,0.6792187951963645,0.6682651757885228
AOI-0009,2021-05-15,озимая пшеница,0.8477024242011023,0.8341546439313556,0.8269947706665143
AOI-0009,2021-05-16,озимая пшеница,0.8577846810336884,0.8542453991516802,0.8521081500249976
AOI-0009,2021-07-14,озимая пшеница,0.1724045022998709,0.17307636189807918,0.17508944843428317
AOI-0009,2021-07-21,озимая пшеница,0.16252876832578053,0.15480079735411378,0.1565904099532084
AOI-0009,2021-07-26,озимая пшеница,0.16915464477363445,0.1699815804512102,0.1706804041935454
AOI-0009,2021-07-29,озимая пшеница,0.16316383094475745,0.16521705883656337,0.16493869929257615
AOI-0009,2021-08-20,озимая пшеница,0.18125207821828357,0.1805412123491299,0.18056084108371662
AOI-0009,2021-09-27,озимая пшеница,0.28852390706812775,0.2796828422790917,0.282133726564889
AOI-0009,2021-10-02,озимая пшеница,0.35272786442158005,0.3530324894675137,0.3539390964534529
AOI-0009,2021-10-12,озимая пшеница,0.24470325640988383,0.2529507507782081,0.246045784611037
AOI-0009,2021-10-15,озимая пшеница,0.3047350224301133,0.30585850185714436,0.29932399219468003
AOI-0009,2022-04-02,озимая пшеница,0.41830567854349904,0.4218166120465031,0.42318132276803616
AOI-0009,2022-06-06,озимая пшеница,0.8273894782498588,0.8207105985865071,0.8199470434672176
AOI-0009,2022-06-08,озимая пшеница,0.8281871262394498,0.8274646422155845,0.828605449045548
AOI-0009,2022-06-11,озимая пшеница,0.8235137857813941,0.8169215294623597,0.8196892351448727
AOI-0009,2022-07-12,озимая пшеница,0.258757458734118,0.24617365551448048,0.2439683943819204
AOI-0009,2022-07-14,озимая пшеница,0.1639069660404055,0.16265538534854465,0.16322340804743699
AOI-0009,2022-08-23,озимая пшеница,0.15534157457397973,0.16041529783005687,0.16398223842041185
AOI-0009,2022-09-30,озимая пшеница,0.2645967000461827,0.26728077703073827,0.2723234837430989
AOI-0009,2022-10-02,озимая пшеница,0.15275025520060836,0.1574907450649327,0.16176951893652694
AOI-0009,2022-10-19,озимая пшеница,0.19142283676907362,0.19451202490601036,0.1911291563701413
AOI-0009,2022-10-22,озимая пшеница,0.1835572364984437,0.19143258539951094,0.1868216756190099
AOI-0009,2023-05-17,озимая пшеница,0.8647150552520098,0.856458072741638,0.8533560418819138
AOI-0009,2023-05-25,озимая пшеница,0.8105332498245943,0.8035942037067708,0.7954221620064815
AOI-0009,2023-06-19,озимая пшеница,0.6966675658112707,0.68993736398348,0.6891898842282389
AOI-0009,2023-06-26,озимая пшеница,0.4338454122890127,0.43077342645817573,0.4259009866977142
AOI-0009,2023-07-25,озимая пшеница,0.31200519004456384,0.31398710793727574,0.3213995173250555
AOI-0009,2023-08-13,озимая пшеница,0.27087140253460323,0.27756930038536964,0.2714432864430298
AOI-0009,2023-08-26,озимая пшеница,0.2945805903195612,0.2875759562343577,0.28949248130593086
AOI-0009,2023-08-28,озимая пшеница,0.2444138840848699,0.24560471723301375,0.2500700706348631
AOI-0009,2023-08-29,озимая пшеница,0.3177701180214805,0.32098140443448914,0.319596905629405
AOI-0009,2023-09-14,озимая пшеница,0.2618177447241064,0.2660688119365982,0.25988349321486975
AOI-0009,2023-10-02,озимая пшеница,0.2182466733545761,0.2178288727752696,0.22046937522456025
AOI-0009,2023-10-12,озимая пшеница,0.2286250425108638,0.2316615112521267,0.2370490633741488
AOI-0009,2024-05-08,озимая пшеница,0.4299240828662797,0.4094842170581211,0.4161566429976913
AOI-0009,2024-06-18,озимая пшеница,0.6756557300161875,0.6612358505007127,0.6581303469422201
AOI-0009,2024-06-23,озимая пшеница,0.7042777675336319,0.6924558841296903,0.6904324291677821
AOI-0009,2024-06-28,озимая пшеница,0.6947394629424417,0.6879791714202863,0.6878648899242978
AOI-0009,2024-07-08,озимая пшеница,0.6497762685146802,0.6412458602754293,0.6350689411472503
AOI-0009,2024-08-04,озимая пшеница,0.5215487172528545,0.5118682555799455,0.5121923900188152
AOI-0009,2024-08-09,озимая пшеница,0.527856540508554,0.5241716317766372,0.5258443961397561
AOI-0009,2024-08-20,озимая пшеница,0.44532444213827194,0.43629683163847743,0.4370878327160353
AOI-0009,2024-08-27,озимая пшеница,0.32945984246568755,0.3314091432880994,0.33013800653627434
AOI-0009,2024-09-03,озимая пшеница,0.26495680086804085,0.2599795623198967,0.2634690399783512
AOI-0009,2024-09-06,озимая пшеница,0.2638471235031189,0.2591625636937708,0.2607817864441381
AOI-0009,2024-09-08,озимая пшеница,0.25914382835281924,0.2525475432853699,0.25263750720939726
AOI-0009,2024-09-13,озимая пшеница,0.2741512894914781,0.2763880257998267,0.2699723114307371
AOI-0009,2024-10-08,озимая пшеница,0.1667731834305471,0.1663313791040326,0.16777740103444833
AOI-0012,2010-07-13,озимая пшеница,0.2690464406960905,0.2624908105942538,0.25787332140569164
AOI-0012,2010-08-22,озимая пшеница,0.22702188983220423,0.21855708616526207,0.2171632438962931
AOI-0012,2010-10-25,озимая пшеница,0.2773195119628749,0.2777973798133825,0.276171855289205
AOI-0012,2011-05-21,озимая пшеница,0.745127981772357,0.745831983025542,0.7476032683770011
AOI-0012,2011-07-12,озимая пшеница,0.3815326410360692,0.3791510378970016,0.3830471963333984
AOI-0012,2011-08-13,озимая пшеница,0.32869277517375395,0.32963421953549527,0.33802227589708594
AOI-0012,2011-09-02,озимая пшеница,0.30535443749021485,0.29779836156009143,0.2900167799646601
AOI-0012,2012-04-22,озимая пшеница,0.3817371045612045,0.38380019264285115,0.38473064909748644
AOI-0012,2012-06-09,озимая пшеница,0.39229205492315444,0.37978703433289207,0.3719405988493774
AOI-0012,2012-06-25,озимая пшеница,0.3742505969625168,0.36719544153677147,0.3675056044043912
AOI-0012,2012-08-03,озимая пшеница,0.2544996095965165,0.24567214987950492,0.24018265331312186
AOI-0012,2012-08-28,озимая пшеница,0.3218298110966612,0.31686211583669494,0.3201844365886066
AOI-0012,2012-09-13,озимая пшеница,0.3274306071771588,0.3236178293055917,0.32233311703795353
AOI-0012,2012-10-06,озимая пшеница,0.27309077203489607,0.2687865612295115,0.2692160478708956
AOI-0012,2013-05-09,озимая пшеница,0.7558321206680707,0.7428758051593825,0.738447154484208
AOI-0012,2013-06-10,озимая пшеница,0.4696904681837733,0.454082627326424,0.44479724668750575
AOI-0012,2013-07-13,озимая пшеница,0.3011303262492899,0.3016663235424813,0.304686579708885
AOI-0012,2013-07-29,озимая пшеница,0.27403442396301,0.27464696424102053,0.27360375260369674
AOI-0012,2013-10-09,озимая пшеница,0.30656714775368277,0.30068165941150254,0.3016490859553277
AOI-0012,2013-10-25,озимая пшеница,0.3116114942600466,0.303776957692153,0.3071121985351592
AOI-0012,2014-06-06,озимая пшеница,0.5394795567663457,0.5466742372945746,0.5566519593762762
AOI-0012,2014-06-22,озимая пшеница,0.31919138218319965,0.31555414222928374,0.3118123959250124
AOI-0012,2014-06-26,озимая пшеница,0.32386350007691056,0.31820479112545896,0.3160501150015487
AOI-0012,2014-06-30,озимая пшеница,0.2803788856863164,0.2734997877600627,0.26872113136472736
AOI-0012,2014-08-13,озимая пшеница,0.2687720636107626,0.2702259765739913,0.27161858710514003
AOI-0012,2014-09-14,озимая пшеница,0.2630298963958339,0.26689719794609257,0.2702871210748268
AOI-0012,2014-10-16,озимая пшеница,0.2544816088950188,0.26492299280954473,0.26677932557733397
AOI-0012,2014-10-28,озимая пшеница,0.1758394555747528,0.18160114112234574,0.18162223072747724
AOI-0012,2015-05-25,озимая пшеница,0.43536012504095556,0.42670093612852816,0.42680401942877927
AOI-0012,2015-06-09,озимая пшеница,0.3296817429692217,0.33470687085961953,0.3333606105427558
AOI-0012,2015-08-12,озимая пшеница,0.23121263765489708,0.2243174954416435,0.22094578806116916
AOI-0012,2015-08-13,озимая пшеница,0.2891372701974517,0.2845514185832616,0.28432106637776355
AOI-0012,2015-08-20,озимая пшеница,0.2280957614219584,0.22433445157566254,0.225199488578623
AOI-0012,2015-09-14,озимая пшеница,0.2907861440581138,0.2922713373151004,0.2964866910442437
AOI-0012,2016-08-06,озимая пшеница,0.31076131303910626,0.30097035659063176,0.296601109832623
AOI-0012,2017-04-03,озимая пшеница,0.3330728455664554,0.3448752906663947,0.334005885590011
AOI-0012,2017-04-07,озимая пшеница,0.4788376785182753,0.4878760786288937,0.4841979762055295
AOI-0012,2017-05-06,озимая пшеница,0.659370914225036,0.666435934425895,0.6737159604871263
AOI-0012,2017-07-24,озимая пшеница,0.2226723707752068,0.21911741161975326,0.22286323644760053
AOI-0012,2017-08-01,озимая пшеница,0.1602380014690173,0.15102005592815984,0.15159759291305053
AOI-0012,2017-08-04,озимая пшеница,0.15793977478254762,0.16200479952677108,0.16513212704171593
AOI-0012,2017-08-13,озимая пшеница,0.2630729664245376,0.266222253401329,0.27460329298724767
AOI-0012,2017-08-14,озимая пшеница,0.16919725572808125,0.17066832505344978,0.17206317713629588
AOI-0012,2017-08-17,озимая пшеница,0.18520993415464446,0.1794623168306189,0.18064165966005655
AOI-0012,2017-09-05,озимая пшеница,0.1793468374539777,0.17653622083409182,0.17766282118894897
AOI-0012,2017-09-08,озимая пшеница,0.20313500019063685,0.20514952815111753,0.20693407368746017
AOI-0012,2017-09-30,озимая пшеница,0.24886383337470175,0.255299115364941,0.2614655245082591
AOI-0012,2017-10-04,озимая пшеница,0.2071773299412405,0.20488752913968708,0.20632146082253713
AOI-0012,2018-04-11,озимая пшеница,0.5580393777364584,0.5649612520108505,0.5757594108226722
AOI-0012,2018-05-24,озимая пшеница,0.762581381080448,0.7705349491930243,0.7715459165064663
AOI-0012,2018-05-25,озимая пшеница,0.6990808755313054,0.6804149252064295,0.6711259280828028
AOI-0012,2018-06-09,озимая пшеница,0.5544432605116352,0.5553480973221693,0.5601758206366
AOI-0012,2018-09-13,озимая пшеница,0.1770682297375045,0.17357006243340706,0.17331307573610702
AOI-0012,2018-09-30,озимая пшеница,0.2711765775531207,0.2732720260661521,0.27653724175042455
AOI-0012,2019-04-01,озимая пшеница,0.46536830707891674,0.4804063824451571,0.47536716553395864
AOI-0012,2019-06-07,озимая пшеница,0.5415059256683102,0.5451486275420538,0.5523238223150061
AOI-0012,2019-06-17,озимая пшеница,0.24602618782180116,0.24812481747674223,0.2478586535249529
AOI-0012,2019-06-28,озимая пшеница,0.21675030904625436,0.22040991507546925,0.22474871614818617
AOI-0012,2019-07-22,озимая пшеница,0.20512630585230882,0.18891335664367875,0.1825750685144796
AOI-0012,2019-08-13,озимая пшеница,0.31650640671877367,0.3210099396079818,0.3301039342224008
AOI-0012,2019-09-13,озимая пшеница,0.18800356328227508,0.1882272239030349,0.18746309816790024
AOI-0012,2020-04-02,озимая пшеница,0.494097197712213,0.5077341400905047,0.5040941944787897
AOI-0012,2020-04-25,озимая пшеница,0.6880780894325775,0.6897338628436266,0.6909552569842878
AOI-0012,2020-05-15,озимая пшеница,0.6555381101305064,0.6553694322780722,0.6583605892683007
AOI-0012,2020-06-09,озимая пшеница,0.49579793274581646,0.4794674110673288,0.4735787882365648
AOI-0012,2020-06-26,озимая пшеница,0.19607087142355026,0.19667756940993078,0.19915384987567417
AOI-0012,2020-07-24,озимая пшеница,0.18737877409818315,0.18611171835753665,0.1867612261303547
AOI-0012,2020-08-03,озимая пшеница,0.1817667729523422,0.17867402080683623,0.17953394513601864
AOI-0012,2020-08-05,озимая пшеница,0.17488827153880504,0.1758107508235941,0.1767897355250286
AOI-0012,2020-08-12,озимая пшеница,0.26912837567848696,0.272155619658997,0.28042048944214104
AOI-0012,2020-09-09,озимая пшеница,0.1745001155241668,0.17362627119522883,0.176663607549576
AOI-0012,2020-09-12,озимая пшеница,0.1511255790947405,0.14677988090779034,0.1485213379513144
AOI-0012,2020-09-22,озимая пшеница,0.1510771358851843,0.1532098989840387,0.1579277570606971
AOI-0012,2020-09-26,озимая пшеница,0.1465417798905359,0.14533092215787174,0.14920894528309372
AOI-0012,2020-10-17,озимая пшеница,0.15702954695134266,0.1623081047065308,0.16523744455262454
AOI-0012,2021-05-08,озимая пшеница,0.3712022775646825,0.37822189781917154,0.3786095023897034
AOI-0012,2021-05-25,озимая пшеница,0.40624007319061944,0.39667202062202356,0.41066768043058277
AOI-0012,2021-06-06,озимая пшеница,0.24889800928047828,0.25599846425612555,0.25464389916887936
AOI-0012,2021-06-26,озимая пшеница,0.2729442052843311,0.27340245315921036,0.2713653846581907
AOI-0012,2021-07-16,озимая пшеница,0.164410059663504,0.1614953407259498,0.16083669291328356
AOI-0012,2021-07-21,озимая пшеница,0.16929740548460126,0.16502307160046636,0.16470515300487068
AOI-0012,2021-07-24,озимая пшеница,0.17262903918429912,0.16809365509622082,0.16946657742200902
AOI-0012,2021-08-18,озимая пшеница,0.17995228073652733,0.1775089848141078,0.17624189238016508
AOI-0012,2021-08-25,озимая пшеница,0.20260165575337377,0.20526309835884685,0.20579437092729153
AOI-0012,2021-08-30,озимая пшеница,0.21242804859687392,0.20818463108852747,0.20744410385434855
AOI-0012,2021-09-07,озимая пшеница,0.21596350800580438,0.21739541886540156,0.22095154652664098
AOI-0012,2022-06-06,озимая пшеница,0.8224346808623479,0.833086801344596,0.8353487798887876
AOI-0012,2022-06-19,озимая пшеница,0.6482671947986349,0.6532155594740391,0.6551884446825458
AOI-0012,2022-07-01,озимая пшеница,0.2042188238206118,0.20526686114731285,0.20591361929501154
AOI-0012,2022-07-28,озимая пшеница,0.27852293904612135,0.2813699181192445,0.2887597836764452
AOI-0012,2022-08-28,озимая пшеница,0.3370068551490365,0.32931238285614184,0.3284438135009175
AOI-0012,2022-09-08,озимая пшеница,0.2657394733924726,0.2628314460138174,0.2660745089935027
AOI-0012,2022-09-14,озимая пшеница,0.2510541237958396,0.2532331094584946,0.2523288716636864
AOI-0012,2023-04-10,озимая пшеница,0.6850294974661455,0.7014342689523424,0.706781712552501
AOI-0012,2023-06-06,озимая пшеница,0.7708694474626993,0.7831945117409437,0.791323141241176
AOI-0012,2023-06-23,озимая пшеница,0.37079209568218735,0.3761088233670667,0.37828118314672105
AOI-0012,2023-07-26,озимая пшеница,0.18704546685367157,0.17966972407431156,0.179005764691898
AOI-0012,2023-08-05,озимая пшеница,0.16729288143070192,0.16161789815624297,0.1612813441726965
AOI-0012,2023-08-15,озимая пшеница,0.1614931844380553,0.15828842641707114,0.15744568443747295
AOI-0012,2023-10-07,озимая пшеница,0.20750479449751028,0.20944674037903982,0.21323544214179507
AOI-0012,2023-10-11,озимая пшеница,0.25588429340259955,0.25847243880560306,0.2598906647180782
AOI-0012,2024-04-01,озимая пшеница,0.603439119898564,0.6192717760933605,0.6216745374720146
AOI-0012,2024-04-06,озимая пшеница,0.6694512709552534,0.6693646848374923,0.6679676281528967
AOI-0012,2024-05-08,озимая пшеница,0.8240708529108243,0.8157257566763269,0.803149501419609
AOI-0012,2024-05-09,озимая пшеница,0.7945895834451708,0.7977055271269605,0.7945501761112258
AOI-0012,2024-06-17,озимая пшеница,0.30116047109708,0.30033908116158314,0.30356086996099474
AOI-0012,2024-07-08,озимая пшеница,0.1523495841639418,0.1503586792709806,0.14967481774171768
AOI-0012,2024-07-10,озимая пшеница,0.1490626284791698,0.1503634607426774,0.15164746334822599
AOI-0012,2024-07-20,озимая пшеница,0.1443660139450864,0.1368473540549225,0.13514611564243334
AOI-0012,2024-08-22,озимая пшеница,0.16537213447293647,0.15937527356791092,0.16095728546246407
AOI-0012,2024-10-07,озимая пшеница,0.22392433287820843,0.2284039286288147,0.2328070793817782
AOI-0012,2024-10-15,озимая пшеница,0.24577660635153978,0.25713829309135605,0.25906656827205365
AOI-0016,2010-04-24,озимая пшеница,0.45695360195685064,0.4663413245775481,0.47570161137198347
AOI-0016,2010-08-29,озимая пшеница,0.5406816692754061,0.5436495393195871,0.541339711426296
AOI-0016,2011-05-09,озимая пшеница,0.6908436175527015,0.683226476252259,0.6928151894039507
AOI-0016,2011-06-06,озимая пшеница,0.7953101711869317,0.8027503943622433,0.8038059729974685
AOI-0016,2011-06-10,озимая пшеница,0.7487243875469822,0.7415916988933512,0.7343869443892289
AOI-0016,2011-06-30,озимая пшеница,0.6818076944710991,0.6866350230403117,0.6847964039988076
AOI-0016,2011-07-28,озимая пшеница,0.5691122767133945,0.5708060140571432,0.5694553466322262
AOI-0016,2012-04-29,озимая пшеница,0.6057168926957072,0.6138966415238786,0.6152547319281854
AOI-0016,2012-07-11,озимая пшеница,0.6742087450083911,0.6699426052929518,0.6605901805408665
AOI-0016,2012-07-27,озимая пшеница,0.5967499612484676,0.5963608724916027,0.5908385563121615
AOI-0016,2012-09-11,озимая пшеница,0.5194693212348732,0.5284825986329431,0.5393295988047393
AOI-0016,2012-10-15,озимая пшеница,0.5185929192625724,0.5250685253176083,0.531890487406668
AOI-0016,2013-06-03,озимая пшеница,0.7686877323498035,0.7757421497621965,0.7777016609924918
AOI-0016,2013-07-28,озимая пшеница,0.6536841422336804,0.653513104995957,0.6469308692362997
AOI-0016,2013-08-13,озимая пшеница,0.6095130398716588,0.6069896901627722,0.5995629480470581
AOI-0016,2013-10-24,озимая пшеница,0.5875319810362198,0.6037409555795094,0.6095979691560898
AOI-0016,2014-04-07,озимая пшеница,0.43338974778215683,0.42238129951815484,0.4215900285462223
AOI-0016,2014-05-09,озимая пшеница,0.7693696023032024,0.7592741274770965,0.7590736022607414
AOI-0016,2014-05-21,озимая пшеница,0.7886312714209611,0.7917242109966846,0.7937916017678295
AOI-0016,2014-06-29,озимая пшеница,0.6366682990312968,0.6419449465998673,0.6448604682940415
AOI-0016,2014-07-08,озимая пшеница,0.6328415085191683,0.6385261510858661,0.6355081999629316
AOI-0016,2014-07-28,озимая пшеница,0.5807936668934287,0.5782373135944011,0.5710665331937348
AOI-0016,2015-04-06,озимая пшеница,0.27421700403251703,0.28646502890983855,0.2792595043913528
AOI-0016,2015-06-24,озимая пшеница,0.6985548761600728,0.7105016452083961,0.7196570078475281
AOI-0016,2015-07-12,озимая пшеница,0.6443456593304923,0.640687512716348,0.6329994706510441
AOI-0016,2015-10-07,озимая пшеница,0.3690846041445447,0.38748565447879924,0.405535054925208
AOI-0016,2016-05-25,озимая пшеница,0.5657220677284382,0.5705773561898876,0.5727024652433945
AOI-0016,2016-06-03,озимая пшеница,0.5073269769504722,0.5149157801580274,0.5169877304469598
AOI-0016,2016-06-19,озимая пшеница,0.4604014125680925,0.4655636823822165,0.4731188677126872
AOI-0016,2016-07-04,озимая пшеница,0.5455498217287768,0.5552205571880174,0.5599316052075329
AOI-0016,2016-07-05,озимая пшеница,0.5906406575365553,0.6000371555745383,0.60174613641211
AOI-0016,2016-07-27,озимая пшеница,0.757372247617889,0.7554171456793962,0.7517236378504037
AOI-0016,2017-04-03,озимая пшеница,0.22399287718164623,0.22152329315268052,0.22145093978487562
AOI-0016,2017-04-13,озимая пшеница,0.2066288145521323,0.19817075647637566,0.19819843023622832
AOI-0016,2017-08-09,озимая пшеница,0.5411299098741273,0.5390824846839317,0.5455525132806532
AOI-0016,2017-08-11,озимая пшеница,0.5207769295986996,0.5125857090403613,0.5149755246830415
AOI-0016,2017-08-17,озимая пшеница,0.4864113774811833,0.491192141791085,0.49680960624072334
AOI-0016,2017-09-15,озимая пшеница,0.42911079205736957,0.422281907566662,0.43219161767013825
AOI-0016,2018-04-06,озимая пшеница,0.2258535880643778,0.23885190266993786,0.23972727550880507
AOI-0016,2018-04-07,озимая пшеница,0.30405194863391466,0.30897610723755053,0.312237939157636
AOI-0016,2018-04-11,озимая пшеница,0.18207470684880353,0.18080836090214014,0.18310146609705735
AOI-0016,2018-05-16,озимая пшеница,0.2943162827726982,0.2969021194494752,0.3038569658323347
AOI-0016,2018-06-02,озимая пшеница,0.28753971764821584,0.2894244121658316,0.2826654726110129
AOI-0016,2019-04-06,озимая пшеница,0.19979144055320677,0.19985517759649593,0.20067727508017527
AOI-0016,2019-04-21,озимая пшеница,0.2278347275553882,0.227008238997239,0.22896818151632248
AOI-0016,2019-05-11,озимая пшеница,0.23088625852330247,0.2295202723442335,0.22933128751990514
AOI-0016,2019-06-26,озимая пшеница,0.7136222930925783,0.7017835805566083,0.6973098934383328
AOI-0016,2019-07-06,озимая пшеница,0.7218447221667139,0.7351161844446805,0.7369571867818178
AOI-0016,2019-07-17,озимая пшеница,0.7071083106032435,0.6927254759341537,0.6749925130666324
AOI-0016,2019-07-28,озимая пшеница,0.7377742044853233,0.729707834643165,0.7157095479639434
AOI-0016,2019-08-24,озимая пшеница,0.3320840362390046,0.3267805817413634,0.3327377651319746
AOI-0016,2019-09-13,озимая пшеница,0.29894097461593894,0.2936927167776056,0.29939372533444164
AOI-0016,2019-09-23,озимая пшеница,0.1646163915103267,0.17026024446793672,0.17445979258973524
AOI-0016,2020-05-04,озимая пшеница,0.24418271730643443,0.24503637393624955,0.2527754248859125
AOI-0016,2020-06-26,озимая пшеница,0.735155841550819,0.7247334971501946,0.7238430006171961
AOI-0016,2020-07-07,озимая пшеница,0.7585577292589529,0.7633822223289788,0.7632776335252832
AOI-0016,2020-08-08,озимая пшеница,0.49292362185407085,0.48333562455322804,0.48639846976373813
AOI-0016,2020-08-24,озимая пшеница,0.34544894649145325,0.356845679989923,0.36558977722976577
AOI-0016,2020-08-30,озимая пшеница,0.24244506485491443,0.23469782507698725,0.2375156200996587
AOI-0016,2020-09-17,озимая пшеница,0.17010507729458085,0.1682405979251072,0.1714537766882411
AOI-0016,2020-09-19,озимая пшеница,0.12269462637900523,0.12267936250515935,0.1232646271947948
AOI-0016,2020-10-03,озимая пшеница,0.17254357052502073,0.18651355088785826,0.19246904081433458
AOI-0016,2020-10-17,озимая пшеница,0.15164865160279076,0.14522159167757753,0.14934977366738972
AOI-0016,2021-04-02,озимая пшеница,0.28022861517859043,0.2851205861273031,0.27426548627588415
AOI-0016,2021-04-15,озимая пшеница,0.46398066586339687,0.45781565098990074,0.46051031999671405
AOI-0016,2021-05-12,озимая пшеница,0.8406098664977074,0.8322624596932312,0.8348739582682612
AOI-0016,2021-06-14,озимая пшеница,0.8175078419753671,0.8199080534809963,0.8162146369996294
AOI-0016,2021-07-14,озимая пшеница,0.20073245328621345,0.1947034979943641,0.19167046160606926
AOI-0016,2021-07-24,озимая пшеница,0.14812134538613622,0.14309918782431724,0.13848185237504534
AOI-0016,2021-08-03,озимая пшеница,0.16347455185129328,0.1653296104475943,0.16092764172339785
AOI-0016,2021-08-29,озимая пшеница,0.2477460999367918,0.2547136901025447,0.2666097684306238
AOI-0016,2021-09-17,озимая пшеница,0.18606909612466288,0.1873760077572547,0.1895979411521514
AOI-0016,2021-09-29,озимая пшеница,0.22366112707997762,0.22653142083347877,0.2277584351005188
AOI-0016,2021-10-14,озимая пшеница,0.19697055596384705,0.20022922636052976,0.2039741651475821
AOI-0016,2022-06-04,озимая пшеница,0.2895551704573223,0.2898565088070087,0.28816376913116154
AOI-0016,2022-06-06,озимая пшеница,0.34723475149595406,0.3451613236857126,0.3414919783429835
AOI-0016,2022-07-06,озимая пшеница,0.802677314300349,0.7887893225212443,0.7846522661142415
AOI-0016,2022-07-19,озимая пшеница,0.7810337655770516,0.7771722967365321,0.7747571640487082
AOI-0016,2022-07-21,озимая пшеница,0.7932261521055942,0.7854621227318129,0.7791344510917753
AOI-0016,2022-07-29,озимая пшеница,0.8069477621080825,0.8024097754027588,0.7993545340728399
AOI-0016,2022-08-03,озимая пшеница,0.7280708707290462,0.716700808204875,0.7097771850165043
AOI-0016,2022-08-05,озимая пшеница,0.7251344048256276,0.7197357278520244,0.7181432395585151
AOI-0016,2022-08-08,озимая пшеница,0.6613698035340536,0.6572604259294365,0.6613583470023695
AOI-0016,2022-08-13,озимая пшеница,0.4953275570591892,0.48290209254783023,0.4769866224796129
AOI-0016,2022-08-23,озимая пшеница,0.3753969353479725,0.376472593406272,0.3819022931306151
AOI-0016,2022-09-27,озимая пшеница,0.20552058856088556,0.20959697841760425,0.21158539287098124
AOI-0016,2022-10-19,озимая пшеница,0.1916164515909649,0.196737984634313,0.19738593503010543
AOI-0016,2023-04-11,озимая пшеница,0.7327241133016875,0.7460315373427265,0.7469008318141712
AOI-0016,2023-05-05,озимая пшеница,0.8124871143645575,0.8043490022016354,0.8086854876667772
AOI-0016,2023-05-25,озимая пшеница,0.7921568143802393,0.7739906371882767,0.76489369758863
AOI-0016,2023-06-07,озимая пшеница,0.7760686437640263,0.7827700954522381,0.7873012833308957
AOI-0016,2023-06-11,озимая пшеница,0.6670449898070107,0.6946590808177145,0.7004384409806872
AOI-0016,2023-07-16,озимая пшеница,0.2823934800056034,0.2813575412828961,0.28265657361542645
AOI-0016,2023-07-17,озимая пшеница,0.30428212978694985,0.31195276982979186,0.3159006562933064
AOI-0016,2023-07-24,озимая пшеница,0.37013775536094523,0.37920851689519386,0.38358830284046225
AOI-0016,2023-07-28,озимая пшеница,0.40753520646333075,0.4064326882040615,0.41039724252719784
AOI-0016,2023-08-17,озимая пшеница,0.2089753345187324,0.22086798648061898,0.22885186121901177
AOI-0016,2023-08-25,озимая пшеница,0.1590871268447359,0.15646373818744622,0.15346582770284573
AOI-0016,2023-09-07,озимая пшеница,0.162089006093532,0.16105766739094168,0.16192841384550397
AOI-0016,2023-09-26,озимая пшеница,0.20852281652020016,0.2201226743272437,0.2266664368595394
AOI-0016,2023-10-16,озимая пшеница,0.2439044774179108,0.24897903706450503,0.25452627772802283
AOI-0016,2023-10-19,озимая пшеница,0.1696767031043041,0.17095356428626846,0.17465979475695995
AOI-0016,2024-04-26,озимая пшеница,0.39090485152693916,0.3897463784453162,0.38752212716275924
AOI-0016,2024-05-04,озимая пшеница,0.465760693944551,0.46356783211707525,0.4675602279547825
AOI-0016,2024-05-06,озимая пшеница,0.47165184393229465,0.4672391688644051,0.4714394452369439
AOI-0016,2024-05-09,озимая пшеница,0.4733753856226814,0.4707785871178374,0.46948989474562525
AOI-0016,2024-06-05,озимая пшеница,0.3608746301945754,0.36113682405348013,0.360386656361867
AOI-0016,2024-06-13,озимая пшеница,0.31801079791677384,0.32121193746263227,0.31871997838007576
AOI-0016,2024-06-24,озимая пшеница,0.3112782610571867,0.3194829487796191,0.3293541312675086
AOI-0016,2024-07-10,озимая пшеница,0.2510520882957441,0.24703059478685058,0.24661440892573866
AOI-0016,2024-07-18,озимая пшеница,0.19275309162059678,0.1852047354747989,0.1831784389733165
AOI-0016,2024-09-11,озимая пшеница,0.17983746076387255,0.1764270788038059,0.17854189296893241
AOI-0016,2024-09-16,озимая пшеница,0.19466808513066902,0.19137434358493438,0.1923793810511977
AOI-0016,2024-10-07,озимая пшеница,0.21853285294903171,0.23154757074745513,0.2399618879563663
AOI-0016,2024-10-30,озимая пшеница,0.2392735539099003,0.24433765246374908,0.24647901931197178
AOI-0018,2010-07-12,озимая пшеница,0.7181216697243173,0.7061804909162318,0.6992024609844276
AOI-0018,2010-08-29,озимая пшеница,0.553544326942627,0.5447710206749329,0.5384976060395091
AOI-0018,2010-09-30,озимая пшеница,0.42581093535941716,0.4119147126645106,0.40967990446284236
AOI-0018,2011-04-26,озимая пшеница,0.24036993348692035,0.23208803613671,0.2395693277864947
AOI-0018,2011-05-21,озимая пшеница,0.6636064107071749,0.6597183801375716,0.6607846166770223
AOI-0018,2011-05-25,озимая пшеница,0.7702613350812809,0.750431406452361,0.7441999142800053
AOI-0018,2011-06-22,озимая пшеница,0.7960534527951291,0.7904117290274172,0.7909006224130452
AOI-0018,2011-06-26,озимая пшеница,0.7369035189433123,0.7145519521691986,0.6996101547405142
AOI-0018,2011-07-15,озимая пшеница,0.698348083003264,0.7038274484737861,0.7047840645460786
AOI-0018,2011-07-28,озимая пшеница,0.6380770609462953,0.6273747738924748,0.6198189920792923
AOI-0018,2011-08-17,озимая пшеница,0.6205721402645201,0.621828577052481,0.6244315922035556
AOI-0018,2011-10-27,озимая пшеница,0.4377879899061593,0.44346892173313207,0.456149121460022
AOI-0018,2012-04-06,озимая пшеница,0.4247572266088146,0.41745801927197396,0.40823387702304625
AOI-0018,2012-07-25,озимая пшеница,0.7205855809402222,0.7159122944939267,0.7161475757783462
AOI-0018,2012-07-27,озимая пшеница,0.6172384098775869,0.5966640512452243,0.585090984223582
AOI-0018,2012-09-04,озимая пшеница,0.5465079567546152,0.5545593236120278,0.5650472424061374
AOI-0018,2012-10-06,озимая пшеница,0.6011610204284146,0.6054424622883154,0.6129822362970473
AOI-0018,2012-10-15,озимая пшеница,0.5839760001935195,0.5712254523397589,0.5688487754127304
AOI-0018,2013-06-11,озимая пшеница,0.6315689893058825,0.6314125445741687,0.6324818209360173
AOI-0018,2013-08-13,озимая пшеница,0.6945624352375203,0.6812058908800107,0.6692236931199259
AOI-0018,2013-08-21,озимая пшеница,0.7153873087929692,0.7198636178153343,0.7234942429255791
AOI-0018,2013-09-22,озимая пшеница,0.5656230902150527,0.569761236866027,0.5797346824871711
AOI-0018,2013-10-16,озимая пшеница,0.5865946321174194,0.5750893217065289,0.5633586842440943
AOI-0018,2014-05-09,озимая пшеница,0.7546124318339527,0.7306649802323544,0.7208844674028861
AOI-0018,2014-06-06,озимая пшеница,0.6693240447777961,0.6668340717313529,0.6677933228247463
AOI-0018,2014-06-10,озимая пшеница,0.634491133890154,0.6127583617295815,0.605721501006329
AOI-0018,2014-09-14,озимая пшеница,0.47121875972394295,0.45980088172234834,0.4531197820392013
AOI-0018,2015-04-07,озимая пшеница,0.4765146258615238,0.4634205093820858,0.457712386414023
AOI-0018,2015-05-23,озимая пшеница,0.7127157642226916,0.707567871800661,0.7073227935943988
AOI-0018,2015-05-25,озимая пшеница,0.6668075724597509,0.6478007306699329,0.6377258614703838
AOI-0018,2015-08-04,озимая пшеница,0.4705572643511465,0.4754293771383092,0.4842660064060301
AOI-0018,2015-08-11,озимая пшеница,0.46780216935517666,0.4756225517761155,0.48153310791808174
AOI-0018,2015-09-28,озимая пшеница,0.4011027179624467,0.4085896215127287,0.41981655701766574
AOI-0018,2016-05-18,озимая пшеница,0.7771890418329859,0.7741744014109874,0.7759269501085432
AOI-0018,2016-06-03,озимая пшеница,0.7502925197087673,0.751988665329764,0.7569644305185113
AOI-0018,2016-06-18,озимая пшеница,0.7284353069679498,0.7279111063571223,0.7301694656118735
AOI-0018,2016-07-13,озимая пшеница,0.5556463847975007,0.5532634315403117,0.5476318072621911
AOI-0018,2016-08-22,озимая пшеница,0.507132832149692,0.5122059994192433,0.5179888725707118
AOI-0018,2016-10-16,озимая пшеница,0.6410431350050672,0.6596807052834297,0.6790217903172195
AOI-0018,2017-07-12,озимая пшеница,0.6816851755297252,0.6691857197455844,0.6608060857777014
AOI-0018,2017-08-08,озимая пшеница,0.6398358440440243,0.6395636144714872,0.6419226969525109
AOI-0018,2017-08-13,озимая пшеница,0.551159221522522,0.5404495979300347,0.5371319591276562
AOI-0018,2017-09-02,озимая пшеница,0.5767061269479645,0.5865971610886663,0.5880300907830612
AOI-0018,2017-09-26,озимая пшеница,0.48171866658523427,0.48659592689267545,0.4982141116037472
AOI-0018,2017-10-04,озимая пшеница,0.4141338988048485,0.4210588826846093,0.4309465489892269
AOI-0018,2017-10-05,озимая пшеница,0.4154178545072241,0.42161355739659045,0.4332317880035663
AOI-0018,2017-10-08,озимая пшеница,0.4055512225242553,0.4065237572101604,0.4146179692170425
AOI-0018,2018-06-15,озимая пшеница,0.6323597029094976,0.6289432017477027,0.6298640345328954
AOI-0018,2018-07-18,озимая пшеница,0.5676384848751083,0.5749066664500032,0.5730028210278828
AOI-0018,2018-07-28,озимая пшеница,0.4851802681371501,0.4730489064077533,0.47244990747466004
AOI-0018,2018-08-13,озимая пшеница,0.3833031919541361,0.3784462167166664,0.37846887688132863
AOI-0018,2018-08-20,озимая пшеница,0.32623635227135817,0.33612858904164616,0.34095572164887344
AOI-0018,2018-09-05,озимая пшеница,0.2374588479424095,0.24757790118784143,0.24905333414589392
AOI-0018,2018-10-07,озимая пшеница,0.22124301365181545,0.22378733296341363,0.22696369067396288
AOI-0018,2019-04-28,озимая пшеница,0.4744393511872196,0.46532442867965723,0.4690022561481968
AOI-0018,2019-05-02,озимая пшеница,0.43541483897046274,0.4446353604720832,0.4501451167137157
AOI-0018,2019-05-06,озимая пшеница,0.3185891881128527,0.30882635442972145,0.3046993741139165
AOI-0018,2019-05-13,озимая пшеница,0.2460253431626395,0.24152738858217015,0.24323911895341127
AOI-0018,2019-05-18,озимая пшеница,0.2552494231025712,0.251469583065965,0.248897130625171
AOI-0018,2019-05-21,озимая пшеница,0.24473443093013975,0.2331257724483604,0.22904976637497534
AOI-0018,2019-05-25,озимая пшеница,0.4736841941293317,0.4640914178809389,0.4760185612881783
AOI-0018,2019-06-25,озимая пшеница,0.32095975213031985,0.3202459695592637,0.31165324848967096
AOI-0018,2019-06-26,озимая пшеница,0.4768888559310261,0.48022972205872444,0.48053951883540924
AOI-0018,2019-07-12,озимая пшеница,0.6251231468580607,0.6234442327033866,0.6191818562235732
AOI-0018,2019-08-29,озимая пшеница,0.513822870327594,0.5116873805542286,0.5091202975987905
AOI-0018,2019-09-03,озимая пшеница,0.4462398405518989,0.45012411865969587,0.4561135940478071
AOI-0018,2019-09-10,озимая пшеница,0.3533340808945328,0.3554312278760097,0.3562741316793846
AOI-0018,2019-10-10,озимая пшеница,0.24809005808961881,0.24510547175238992,0.2553238743838957
AOI-0018,2019-10-13,озимая пшеница,0.2399687234459325,0.23366282961096368,0.23976835280035555
AOI-0018,2020-06-11,озимая пшеница,0.6324031743642686,0.6323563087254844,0.6308273990111504
AOI-0018,2020-06-25,озимая пшеница,0.3851589811666887,0.3859188022788987,0.3867031755526338
AOI-0018,2020-07-14,озимая пшеница,0.16885462731848522,0.1713128092721409,0.1703441072580479
AOI-0018,2020-08-20,озимая пшеница,0.17176959709986117,0.17592805883314386,0.17833979960294635
AOI-0018,2020-09-02,озимая пшеница,0.17410014993106265,0.18382997327924772,0.18532269981947644
AOI-0018,2020-09-04,озимая пшеница,0.14713527428616216,0.15365821433500293,0.1570347205836144
AOI-0018,2020-09-12,озимая пшеница,0.17579830620523115,0.16762113641995202,0.16939211038693314
AOI-0018,2020-09-26,озимая пшеница,0.17262216457684895,0.18012832901579443,0.18380497030083373
AOI-0018,2020-10-07,озимая пшеница,0.1567738046213809,0.1547791565052977,0.15812458480284586
AOI-0018,2020-10-09,озимая пшеница,0.15793008699552127,0.15691180816628109,0.15918131417119447
AOI-0018,2020-10-27,озимая пшеница,0.14767527753510926,0.15141848405165795,0.15824417513205716
AOI-0018,2021-04-02,озимая пшеница,0.2891294806117773,0.2926600889733723,0.28720498381395654
AOI-0018,2021-04-07,озимая пшеница,0.529815932154223,0.5253409031160767,0.5189211168025316
AOI-0018,2021-05-09,озимая пшеница,0.8457472470448918,0.8292057734589858,0.8193922826093193
AOI-0018,2021-05-12,озимая пшеница,0.8197931014680018,0.8042293359962736,0.8039221366293535
AOI-0018,2021-05-20,озимая пшеница,0.8160992566714114,0.7987014026956735,0.7982580606813671
AOI-0018,2021-05-23,озимая пшеница,0.8312454699903947,0.8266726454461958,0.8269360799339694
AOI-0018,2021-06-14,озимая пшеница,0.7947421439171791,0.7821867088871562,0.7795978946457516
AOI-0018,2021-07-19,озимая пшеница,0.2036355212882864,0.2019233250968979,0.2009416638305724
AOI-0018,2021-07-28,озимая пшеница,0.3064692306704496,0.30885107707062176,0.3246207558921227
AOI-0018,2021-08-12,озимая пшеница,0.05274649558593538,0.03741319611211363,0.043220890604412164
AOI-0018,2021-08-23,озимая пшеница,0.24793442323670406,0.25680796128779493,0.25412614952877594
AOI-0018,2021-08-25,озимая пшеница,0.23875519596065006,0.24942275243010814,0.24918986120234635
AOI-0018,2021-08-29,озимая пшеница,0.32097181741050146,0.33020538669870325,0.3364971361017886
AOI-0018,2021-09-13,озимая пшеница,0.24470025758712177,0.2602543016413417,0.2651247950245037
AOI-0018,2021-10-27,озимая пшеница,0.23680721721213338,0.23935355176083897,0.2412263207231548
AOI-0018,2022-04-05,озимая пшеница,0.18482652642175537,0.19368840783858757,0.19064855285995586
AOI-0018,2022-04-08,озимая пшеница,0.25848184575300237,0.27615931571324537,0.28110979368500266
AOI-0018,2022-05-20,озимая пшеница,0.2574331127434219,0.23477160224648372,0.2298940707473495
AOI-0018,2022-06-04,озимая пшеница,0.39957493164157143,0.40554001177980503,0.39986106002041666
AOI-0018,2022-06-08,озимая пшеница,0.555459150329577,0.5612899220309707,0.562598079748068
AOI-0018,2022-06-19,озимая пшеница,0.6994865145200952,0.702652250563067,0.7017610872585965
AOI-0018,2022-06-24,озимая пшеница,0.7032615539913165,0.700312961252177,0.6946687873721127
AOI-0018,2022-07-22,озимая пшеница,0.7944981394841815,0.8014212872781062,0.7923259693908993
AOI-0018,2022-07-30,озимая пшеница,0.7857208039498087,0.7866221587038362,0.7823314173766974
AOI-0018,2022-08-10,озимая пшеница,0.6680488019950491,0.664376544831496,0.6668122751954573
AOI-0018,2022-08-28,озимая пшеница,0.3402740233596373,0.3416423377911665,0.34225637972397543
AOI-0018,2022-08-31,озимая пшеница,0.3191051215133183,0.33858389330804134,0.3486801743529235
AOI-0018,2022-10-19,озимая пшеница,0.1862919360855746,0.19404883983889704,0.19942379160803728
AOI-0018,2023-04-04,озимая пшеница,0.6462821774763201,0.6485902695578167,0.6509601196458681
AOI-0018,2023-04-10,озимая пшеница,0.6580497851840015,0.668453961362746,0.6696557035537635
AOI-0018,2023-05-09,озимая пшеница,0.8626424982418142,0.8425896437357662,0.8324567117248396
AOI-0018,2023-05-15,озимая пшеница,0.8686353734461136,0.8500647668189086,0.8466794436283345
AOI-0018,2023-05-25,озимая пшеница,0.804744691380883,0.7809836024481273,0.7672963009733674
AOI-0018,2023-06-24,озимая пшеница,0.38274113877255267,0.37780552931852335,0.3749910254775968
AOI-0018,2023-07-06,озимая пшеница,0.3406866400550119,0.3374340439094783,0.3263925297924805
AOI-0018,2023-07-16,озимая пшеница,0.27691411204436384,0.2906449176687338,0.2928490624069767
AOI-0018,2023-07-24,озимая пшеница,0.31923594757209983,0.3286074507568423,0.33545438627839197
AOI-0018,2023-08-02,озимая пшеница,0.26158914580312376,0.27210117167978004,0.28365948578582784
AOI-0018,2023-08-30,озимая пшеница,0.20924893207220957,0.21016463515471984,0.20638918584789742
AOI-0018,2023-09-12,озимая пшеница,0.17230550011483625,0.17292493918092508,0.1786600545412085
AOI-0018,2023-09-18,озимая пшеница,0.22783294647120328,0.2404623084082243,0.24782479227393378
AOI-0018,2023-10-12,озимая пшеница,0.17087388720228228,0.17784314682924748,0.18180571795224126
AOI-0018,2023-10-19,озимая пшеница,0.17061048844227614,0.17419573774140354,0.17986996610317252
AOI-0018,2024-04-05,озимая пшеница,0.2728936627313999,0.2948075099494845,0.3047822531590843
AOI-0018,2024-04-29,озимая пшеница,0.2820997237498628,0.30114471149656935,0.3098498553987378
AOI-0018,2024-05-07,озимая пшеница,0.32661943165775664,0.3190182944416852,0.31545969467982815
AOI-0018,2024-06-17,озимая пшеница,0.7829444790279283,0.7806170410762404,0.7704363682374733
AOI-0018,2024-06-25,озимая пшеница,0.6799415668065488,0.6719540844746108,0.6555994214638574
AOI-0018,2024-06-28,озимая пшеница,0.7380096093877804,0.7338274467275366,0.7275195744736397
AOI-0018,2024-07-05,озимая пшеница,0.6562088653623308,0.6513711523680724,0.6453394549745127
AOI-0018,2024-08-03,озимая пшеница,0.5280024859622077,0.536513762340461,0.5413398945076711
AOI-0018,2024-08-20,озимая пшеница,0.31531406383525895,0.33018199202929216,0.34026410189967543
AOI-0018,2024-09-20,озимая пшеница,0.22998773268046396,0.23789401673641947,0.24221569712906169
AOI-0018,2024-09-23,озимая пшеница,0.17123228384626415,0.1772318049480963,0.18730439617232625
AOI-0018,2024-10-01,озимая пшеница,0.1667382852768023,0.16615284221791224,0.17213217062280947
AOI-0018,2024-10-30,озимая пшеница,0.20609135550474647,0.21887954268215057,0.2237802519618726
AOI-0024,2010-04-23,подсолнечник,0.2719078220014909,0.2711531233846623,0.2659672341095812
AOI-0024,2010-06-19,подсолнечник,0.31439237151305494,0.302120734952527,0.2906734835706882
AOI-0024,2010-07-28,подсолнечник,0.7466830506451421,0.741714436342556,0.7335554422796745
AOI-0024,2010-10-16,подсолнечник,0.3078327852437773,0.3034613470431289,0.30077989436285163
AOI-0024,2011-06-14,подсолнечник,0.3226343450618456,0.31846015229099756,0.3228247362529228
AOI-0024,2011-06-26,подсолнечник,0.4706735393382006,0.4787799015389097,0.4839832861024097
AOI-0024,2011-07-16,подсолнечник,0.48126240289157557,0.4863212566234945,0.4907968609590387
AOI-0024,2011-09-14,подсолнечник,0.4637650665879212,0.45673824952816244,0.45191501637017484
AOI-0024,2011-10-16,подсолнечник,0.3837108954996693,0.3913522209294752,0.3921971784568269
AOI-0024,2012-04-04,подсолнечник,0.17337414417698557,0.16559767003671202,0.1562833265486871
AOI-0024,2012-04-06,подсолнечник,0.33797766293769155,0.33406950609483677,0.33084727827324145
AOI-0024,2012-06-23,подсолнечник,0.4931656988093125,0.4925969130397876,0.48900100873103397
AOI-0024,2012-07-18,подсолнечник,0.2983970015758314,0.3007931917331172,0.3103490860368925
AOI-0024,2012-08-28,подсолнечник,0.276898911626294,0.27639741156228903,0.28229351891734045
AOI-0024,2012-09-04,подсолнечник,0.21813060940316223,0.219077235373936,0.2223807921312106
AOI-0024,2012-09-13,подсолнечник,0.2954050181179917,0.28886838580021573,0.2920862580079134
AOI-0024,2012-09-27,подсолнечник,0.23333482686945542,0.2298758286865504,0.228989353729788
AOI-0024,2013-04-16,подсолнечник,0.21620073177366117,0.2090370829911897,0.2111356322192593
AOI-0024,2013-06-11,подсолнечник,0.4214167131873798,0.41219025629693196,0.40721210306462313
AOI-0024,2013-07-20,подсолнечник,0.597095866811548,0.6062422494675265,0.6102312740017736
AOI-0024,2013-07-29,подсолнечник,0.5092394451672309,0.5194239563045147,0.528582033580272
AOI-0024,2013-08-22,подсолнечник,0.39158911488059756,0.39380319174994743,0.4008023884423623
AOI-0024,2013-09-14,подсолнечник,0.43134812967694447,0.4302026222829624,0.43444119986332747
AOI-0024,2014-05-09,подсолнечник,0.7510063283874064,0.7668510757765146,0.7704513190284634
AOI-0024,2014-07-12,подсолнечник,0.343296171351776,0.34743545976263995,0.3517113857296483
AOI-0024,2014-08-09,подсолнечник,0.17923489804149292,0.1856072425968074,0.18614150403768545
AOI-0024,2014-08-16,подсолнечник,0.17923493900118792,0.18586462811682694,0.18729998455385188
AOI-0024,2014-09-30,подсолнечник,0.23869483224134808,0.23473718460087672,0.2389915180637756
AOI-0024,2014-10-04,подсолнечник,0.1977969885678567,0.20022441283419457,0.20588591276910648
AOI-0024,2015-04-14,подсолнечник,0.29902959457171224,0.2943646577033922,0.28578017858693044
AOI-0024,2015-07-11,подсолнечник,0.3375044859440342,0.3440599511438171,0.3501188941103968
AOI-0024,2015-07-12,подсолнечник,0.3996790651706132,0.40487343183505453,0.40609970768796133
AOI-0024,2015-07-28,подсолнечник,0.40779251345394546,0.41115453936209645,0.40952356370902154
AOI-0024,2015-09-29,подсолнечник,0.2553945600495481,0.25109616692507897,0.25193423635129686
AOI-0024,2016-04-08,подсолнечник,0.29265114447654206,0.2872154954731366,0.2885080982891834
AOI-0024,2016-04-23,подсолнечник,0.3302056625439846,0.3275134159732727,0.32538431444609567
AOI-0024,2016-06-19,подсолнечник,0.6814964863917272,0.6759280725649289,0.6737368313831732
AOI-0024,2016-08-12,подсолнечник,0.6956495534662265,0.6906178921337596,0.6844682066032445
AOI-0024,2016-08-22,подсолнечник,0.6392092758533875,0.6414887069159148,0.6407077262138685
AOI-0024,2016-08-30,подсолнечник,0.561767174433733,0.5536584364386984,0.5585171982519906
AOI-0024,2016-09-14,подсолнечник,0.40203703166688926,0.4016124190899793,0.406135979468308
AOI-0024,2016-10-16,подсолнечник,0.3856561247322109,0.3818737172598665,0.40592077233457746
AOI-0024,2017-04-26,подсолнечник,0.5711789591957736,0.565231848016741,0.5673795167996529
AOI-0024,2017-05-01,подсолнечник,0.6371370832242962,0.6314679600447524,0.6353897750908829
AOI-0024,2017-05-12,подсолнечник,0.7863088612014664,0.7881562516519092,0.7819357731112379
AOI-0024,2017-05-29,подсолнечник,0.8410683922564741,0.8387840540233441,0.8364273020117922
AOI-0024,2017-06-13,подсолнечник,0.7592420947320582,0.756723002093589,0.7634147841462592
AOI-0024,2017-06-14,подсолнечник,0.7490975316951205,0.7462544332633303,0.7478112540833053
AOI-0024,2017-06-29,подсолнечник,0.40133075491307546,0.4052936461570924,0.4058847767277945
AOI-0024,2017-07-07,подсолнечник,0.3420333336843207,0.3485265651397421,0.35451158997674675
AOI-0024,2017-07-15,подсолнечник,0.27653013892242234,0.2831083432854117,0.29473562018711275
AOI-0024,2017-08-01,подсолнечник,0.1894285605608414,0.191823655324433,0.1903847537815348
AOI-0024,2017-08-04,подсолнечник,0.18225640280793803,0.18914606440141435,0.18610361801244882
AOI-0024,2017-08-08,подсолнечник,0.19872584880339436,0.21297077938037792,0.21687947552461417
AOI-0024,2017-08-16,подсолнечник,0.19924604723945297,0.20990883988837106,0.21646571264432146
AOI-0024,2017-08-24,подсолнечник,0.1912898815390926,0.20024297453727513,0.20238840267749783
AOI-0024,2017-09-02,подсолнечник,0.18536740738642593,0.18596118811526025,0.18920460846921863
AOI-0024,2017-09-05,подсолнечник,0.14276485098711506,0.14317311270946753,0.14440339102544592
AOI-0024,2017-09-18,подсолнечник,0.16765722836373181,0.16559129522633032,0.16766619338655842
AOI-0024,2017-09-30,подсолнечник,0.21790156720535694,0.2143191929033205,0.2184328406609945
AOI-0024,2018-04-14,подсолнечник,0.22672842382900163,0.22275554294788344,0.2220996255401246
AOI-0024,2018-06-24,подсолнечник,0.4003660477577646,0.3982221498106272,0.3948986401831332
AOI-0024,2018-06-25,подсолнечник,0.3853238291671409,0.38294671048102275,0.3831894663128876
AOI-0024,2018-08-19,подсолнечник,0.20782331905805124,0.21521239051649202,0.21839489241463025
AOI-0024,2018-09-04,подсолнечник,0.1833637262937901,0.1850700745994225,0.187938926033912
AOI-0024,2018-09-29,подсолнечник,0.200141286599608,0.20265259079439404,0.20605392339786607
AOI-0024,2019-04-01,подсолнечник,0.2940083511425426,0.29196413036790236,0.2860299362893582
AOI-0024,2019-04-21,подсолнечник,0.4467964184027899,0.44401328775268367,0.44154435494747085
AOI-0024,2019-05-11,подсолнечник,0.8161554727396287,0.8165214053861474,0.825896069987898
AOI-0024,2019-05-28,подсолнечник,0.8758390911056944,0.8679996357066008,0.8601446067227666
AOI-0024,2019-08-23,подсолнечник,0.2099788798813448,0.21246523508563359,0.2135653513093395
AOI-0024,2019-08-24,подсолнечник,0.1994279374687387,0.20287939103847621,0.20200075772808535
AOI-0024,2019-09-14,подсолнечник,0.28666077575343785,0.2794583578864134,0.2815475025783701
AOI-0024,2019-09-15,подсолнечник,0.18687653489358408,0.1865447903049071,0.19006915172145472
AOI-0024,2019-09-16,подсолнечник,0.24205920859298352,0.24323444042672948,0.24784060249787465
AOI-0024,2019-10-09,подсолнечник,0.34849347020664034,0.35291817788835605,0.35889299025959387
AOI-0024,2019-10-26,подсолнечник,0.3334114564761559,0.34031688756983,0.3530258630486314
AOI-0024,2020-04-30,подсолнечник,0.20010791511430845,0.19444753259920367,0.1924490131891581
AOI-0024,2020-05-27,подсолнечник,0.24925679896660152,0.2384779370734032,0.22801552885308268
AOI-0024,2020-07-07,подсолнечник,0.7085900106600278,0.7089432222672332,0.7065393236413243
AOI-0024,2020-08-09,подсолнечник,0.37789068071804893,0.3856452769811528,0.3929449608411031
AOI-0024,2020-08-12,подсолнечник,0.3693277364039539,0.36994556461693556,0.3714417312139437
AOI-0024,2020-09-22,подсолнечник,0.14561858745206038,0.14919813235368878,0.15375394877013562
AOI-0024,2020-10-15,подсолнечник,0.236367098852186,0.23580795170870122,0.2410194417673731
AOI-0024,2021-06-10,подсолнечник,0.7956939090031392,0.786994683682744,0.7648890176134624
AOI-0024,2021-07-12,подсолнечник,0.3067404777498609,0.30571088341457126,0.3122251103392363
AOI-0024,2021-08-03,подсолнечник,0.19037366979046239,0.1929907100270165,0.1908858843644139
AOI-0024,2021-08-12,подсолнечник,0.19898197275455093,0.20519460430676556,0.20405488668977514
AOI-0024,2021-08-23,подсолнечник,0.2145634198534109,0.2190965473585508,0.2150068311874854
AOI-0024,2021-08-25,подсолнечник,0.20720046813237464,0.2108945571908572,0.20697889891208684
AOI-0024,2022-04-05,подсолнечник,0.47317798302414127,0.47118886458454984,0.47060504074577525
AOI-0024,2022-05-25,подсолнечник,0.8506374563424899,0.848542608299764,0.8445273277512945
AOI-0024,2022-06-04,подсолнечник,0.8845379909213331,0.877056914567603,0.8699588871649769
AOI-0024,2022-06-30,подсолнечник,0.3429433209958955,0.34517579684270044,0.35186851779097067
AOI-0024,2022-07-01,подсолнечник,0.28752270900581206,0.286950183105338,0.28376800689213544
AOI-0024,2022-07-17,подсолнечник,0.26969069747030244,0.2727967251268722,0.279546491058509
AOI-0024,2022-08-22,подсолнечник,0.2872749707104917,0.293846068708529,0.3036850893086539
AOI-0024,2022-09-01,подсолнечник,0.3134819091758611,0.3150440379971552,0.31578563899108303
AOI-0024,2022-09-30,подсолнечник,0.3996853421789582,0.39347682943911333,0.3920985295163676
AOI-0024,2022-10-01,подсолнечник,0.3591038709455629,0.3614203755607081,0.36645549801553656
AOI-0024,2023-04-23,подсолнечник,0.4659564424708762,0.4803897255798414,0.4924951954550146
AOI-0024,2023-04-27,подсолнечник,0.21653448889018218,0.21213761100138392,0.20954153234068884
AOI-0024,2023-05-12,подсолнечник,0.34885098972515316,0.3376558474626847,0.326461131653571
AOI-0024,2023-05-17,подсолнечник,0.25065203163048116,0.24440287533480287,0.24103366316409136
AOI-0024,2023-06-19,подсолнечник,0.6021209070181845,0.5939055827555342,0.5918267577298736
AOI-0024,2023-07-05,подсолнечник,0.8127495503327985,0.8107555957123507,0.8022643928091052
AOI-0024,2023-07-21,подсолнечник,0.8164140156527407,0.8175125583807209,0.8187040955542537
AOI-0024,2023-08-01,подсолнечник,0.8271081978635795,0.8265030497432371,0.8140924094803698
AOI-0024,2023-08-06,подсолнечник,0.8067657211258765,0.8082691532573728,0.7963275597736338
AOI-0024,2023-08-13,подсолнечник,0.6496613466601258,0.6402663427438331,0.6390535673134496
AOI-0024,2023-08-18,подсолнечник,0.5704931448775834,0.574794859138117,0.5767690755378944
AOI-0024,2023-09-22,подсолнечник,0.24694999109659524,0.24621511562120216,0.24942552346843144
AOI-0024,2023-09-29,подсолнечник,0.21933317268876878,0.21712735097439753,0.21802595416777892
AOI-0024,2023-10-11,подсолнечник,0.19117840700498764,0.1956651441136097,0.200767014446118
AOI-0024,2023-10-12,подсолнечник,0.1772275039818389,0.17663622310492127,0.18181421343518314
AOI-0024,2024-04-05,подсолнечник,0.6898810235861534,0.6815617742026113,0.6791962928248381
AOI-0024,2024-04-11,подсолнечник,0.7513863675195165,0.7450916435883056,0.7456640105530307
AOI-0024,2024-05-23,подсолнечник,0.8585720380519681,0.856680891876685,0.8537131999111398
AOI-0024,2024-06-24,подсолнечник,0.2821929087609017,0.28183525908304785,0.28748160227338515
AOI-0024,2024-06-28,подсолнечник,0.20146989230079448,0.19653859553834072,0.19507300843664896
AOI-0024,2024-07-11,подсолнечник,0.23237815413107105,0.23382336103000534,0.23647562540704
AOI-0024,2024-07-15,подсолнечник,0.15043492826273588,0.15611720677453467,0.15464895992525957
AOI-0024,2024-07-27,подсолнечник,0.22169409614576713,0.2185878443506821,0.21429158310142085
AOI-0024,2024-07-30,подсолнечник,0.12164241759019753,0.1265899794777538,0.12382574225177588
AOI-0024,2024-08-09,подсолнечник,0.12474196468292095,0.13068883249515498,0.12790563096385715
AOI-0024,2024-09-21,подсолнечник,0.14449194195185086,0.14166049323038266,0.1450003550540091
AOI-0024,2024-10-03,подсолнечник,0.12114881665383803,0.1219449245233722,0.12336721194838772
AOI-0024,2024-10-08,подсолнечник,0.1344372080303624,0.13427232981119336,0.13373729027803424
AOI-0025,2010-06-02,озимая пшеница,0.557955072130278,0.5596556488046084,0.581843613893016
AOI-0025,2011-04-02,озимая пшеница,0.17127340127395588,0.1791985276991135,0.1787504256462665
AOI-0025,2011-04-07,озимая пшеница,0.2663951979971294,0.2788264426246564,0.2910941054893826
AOI-0025,2011-06-26,озимая пшеница,0.4250674280343533,0.4344188310496454,0.44114938832991074
AOI-0025,2011-08-08,озимая пшеница,0.25145285734912515,0.23785097486004977,0.23797956667180964
AOI-0025,2012-04-04,озимая пшеница,0.48243885634102474,0.48033485712296947,0.48857476064051236
AOI-0025,2012-05-24,озимая пшеница,0.6830361465700517,0.6879942932092808,0.6971746400877121
AOI-0025,2012-08-26,озимая пшеница,0.21520604350916858,0.20198946517394004,0.20103945881439703
AOI-0025,2013-04-07,озимая пшеница,0.4381501752374583,0.46025372495608624,0.46590695354289086
AOI-0025,2013-04-23,озимая пшеница,0.561993817329185,0.5826205797580101,0.5980027906982984
AOI-0025,2013-08-13,озимая пшеница,0.27151216107444814,0.26169904188947235,0.2682253285231772
AOI-0025,2013-10-16,озимая пшеница,0.5399678301365453,0.5389807530693826,0.542186108806607
AOI-0025,2014-04-18,озимая пшеница,0.8160593887017636,0.8270719920766785,0.8400425663716052
AOI-0025,2014-05-09,озимая пшеница,0.8804647499174714,0.8889358192549051,0.8866973800399305
AOI-0025,2014-07-28,озимая пшеница,0.3200446510749809,0.311276908306411,0.3173942072661745
AOI-0025,2014-08-24,озимая пшеница,0.2191511362520108,0.2132985922672431,0.2160115439778859
AOI-0025,2015-04-13,озимая пшеница,0.24820147547670754,0.24733875889406282,0.24819140155708208
AOI-0025,2015-05-25,озимая пшеница,0.48494172002588687,0.508110772422092,0.5238695129767518
AOI-0025,2015-08-13,озимая пшеница,0.27599985343079025,0.2642996416814069,0.27165057440674717
AOI-0025,2015-09-14,озимая пшеница,0.244251498353164,0.23962958595109551,0.24684613215270232
AOI-0025,2016-04-06,озимая пшеница,0.6963325234398585,0.7052235044460937,0.7159027602283504
AOI-0025,2016-05-09,озимая пшеница,0.8346504398398041,0.8475576646131497,0.8586185278322158
AOI-0025,2016-05-25,озимая пшеница,0.7835258558413886,0.7841178274476763,0.8000694888736624
AOI-0025,2016-06-10,озимая пшеница,0.45053475285191763,0.4619525746312491,0.473769044023451
AOI-0025,2016-06-18,озимая пшеница,0.39518894454753245,0.3975947813073137,0.397606608038321
AOI-0025,2016-07-11,озимая пшеница,0.3235173758406497,0.32526698435658835,0.32887741008123017
AOI-0025,2016-07-27,озимая пшеница,0.28935726203696743,0.27435797515045257,0.27945042656429275
AOI-0025,2016-08-12,озимая пшеница,0.28488042392827306,0.27218074036557804,0.2781622082273294
AOI-0025,2016-09-13,озимая пшеница,0.2592671265581843,0.2537424437938451,0.2599652705366982
AOI-0025,2016-10-15,озимая пшеница,0.30469132815159705,0.301979969445073,0.30556143193965707
AOI-0025,2016-10-24,озимая пшеница,0.20151822173245537,0.20170068730477042,0.20866366836180045
AOI-0025,2017-04-02,озимая пшеница,0.18831467253346096,0.20360826809690363,0.20778546436552214
AOI-0025,2017-04-23,озимая пшеница,0.3975500398249566,0.41018755019267167,0.43083111022739334
AOI-0025,2017-05-25,озимая пшеница,0.5755940622761063,0.5978888834387288,0.6234956795008115
AOI-0025,2017-07-28,озимая пшеница,0.5366961717182561,0.5353186679288205,0.5389938219351285
AOI-0025,2017-07-31,озимая пшеница,0.6006463107166684,0.6125129004693582,0.6291644506651071
AOI-0025,2017-08-09,озимая пшеница,0.29604333984961934,0.297229963140966,0.3088690916248398
AOI-0025,2017-08-29,озимая пшеница,0.22340971990763378,0.21293426137853907,0.21456276221439316
AOI-0025,2018-07-26,озимая пшеница,0.2599713370065503,0.26112158312541656,0.26510275059963345
AOI-0025,2018-09-12,озимая пшеница,0.20712368352077828,0.19916332177087448,0.20098677695800815
AOI-0025,2019-04-07,озимая пшеница,0.3192867475905614,0.3390322035531295,0.35783641759551377
AOI-0025,2019-05-02,озимая пшеница,0.24234625059017914,0.25241346661706276,0.26913836685963266
AOI-0025,2019-06-27,озимая пшеница,0.17275113288052762,0.17701460653732,0.1790044654682743
AOI-0025,2019-08-06,озимая пшеница,0.19573479501022625,0.1885555150001073,0.19112856046898913
AOI-0025,2019-08-19,озимая пшеница,0.15515275699916325,0.14584298322026312,0.14532635035374808
AOI-0025,2019-08-22,озимая пшеница,0.19796518922729262,0.1946645432861351,0.2049804243512682
AOI-0025,2019-08-29,озимая пшеница,0.19408939444463896,0.17584125822857816,0.1790190337747493
AOI-0025,2019-09-14,озимая пшеница,0.2375913178903583,0.2329779498834896,0.24372864853822268
AOI-0025,2019-09-23,озимая пшеница,0.14004942386585378,0.13466219653133044,0.14268322185898127
AOI-0025,2019-10-23,озимая пшеница,0.590847543412011,0.5899674799309654,0.6013203756224011
AOI-0025,2020-05-30,озимая пшеница,0.8441706873764735,0.8451771372670923,0.8501985178556182
AOI-0025,2020-08-13,озимая пшеница,0.16510686046088027,0.159516050697669,0.161864290933067
AOI-0025,2020-09-22,озимая пшеница,0.13506817789057296,0.12719413852294445,0.13290062527810934
AOI-0025,2020-10-12,озимая пшеница,0.1320256114116553,0.13143582409954993,0.13313164439384134
AOI-0025,2021-05-31,озимая пшеница,0.8522803860017127,0.8576822808153135,0.8757555660182781
AOI-0025,2021-06-24,озимая пшеница,0.6777894841183165,0.682784055271178,0.6928083550701492
AOI-0025,2021-07-14,озимая пшеница,0.17127111433638598,0.16334354161310877,0.16262307458302125
AOI-0025,2021-07-28,озимая пшеница,0.2616448693969724,0.2561177789155963,0.26850137659149415
AOI-0025,2021-09-14,озимая пшеница,0.2368499690084822,0.23218326165638412,0.23469490673349183
AOI-0025,2021-10-16,озимая пшеница,0.28063653526959753,0.28000459713060794,0.28605166833399404
AOI-0025,2022-06-09,озимая пшеница,0.8397923008972306,0.8526704630346406,0.8619270596737977
AOI-0025,2022-06-11,озимая пшеница,0.8291688298666904,0.8317311790233017,0.8421672742203015
AOI-0025,2022-06-13,озимая пшеница,0.8001767025007048,0.8126614764570919,0.8218209849506772
AOI-0025,2022-06-29,озимая пшеница,0.30362121167489237,0.3087877320942706,0.31033531524213687
AOI-0025,2022-07-21,озимая пшеница,0.15803941976948804,0.14534307820080367,0.14971835833435224
AOI-0025,2022-08-13,озимая пшеница,0.17864478940021006,0.16195347620139472,0.16681217705829024
AOI-0025,2022-08-14,озимая пшеница,0.1800919735446005,0.18669410717465568,0.19555006491298108
AOI-0025,2022-08-29,озимая пшеница,0.21545530384829253,0.20798928961329738,0.21764697776349975
AOI-0025,2022-09-30,озимая пшеница,0.25337001679036125,0.25000087362438095,0.25605909662257714
AOI-0025,2023-05-09,озимая пшеница,0.4741085556447069,0.49556304420681474,0.5157635341317084
AOI-0025,2023-05-15,озимая пшеница,0.21189694718026325,0.21452986210892416,0.22480297450336795
AOI-0025,2023-06-26,озимая пшеница,0.7269071480403388,0.7163376936603112,0.7052401677346345
AOI-0025,2023-07-16,озимая пшеница,0.7425850783794343,0.7417625901697915,0.7457046026264379
AOI-0025,2023-08-01,озимая пшеница,0.7811770834407038,0.7763361004069119,0.7814461523147211
AOI-0025,2023-08-13,озимая пшеница,0.6863219868993582,0.6732112291954084,0.6718893313816388
AOI-0025,2023-09-30,озимая пшеница,0.26545756248316543,0.2646486273976324,0.27395699179762917
AOI-0025,2024-05-07,озимая пшеница,0.8073745234606233,0.8095208218773944,0.819440366358774
AOI-0025,2024-05-23,озимая пшеница,0.760270450664609,0.7643913446226973,0.7702981077508352
AOI-0025,2024-07-18,озимая пшеница,0.16083715516137317,0.13975796345817854,0.1402387354846301
AOI-0025,2024-07-28,озимая пшеница,0.14146124099926558,0.1345359203454984,0.1381102935410135
AOI-0025,2024-08-12,озимая пшеница,0.1776830088159178,0.1596871901818222,0.16225177767288707
AOI-0025,2024-08-17,озимая пшеница,0.14089990982186673,0.13588846111565137,0.1384818758494421
AOI-0025,2024-09-16,озимая пшеница,0.13683720386969978,0.13693297730168563,0.14199778315787712
AOI-0025,2024-09-26,озимая пшеница,0.13827421422149638,0.13708801706619592,0.142883127189589
AOI-0025,2024-10-11,озимая пшеница,0.1309905545678955,0.13364003501233512,0.13842788045573498
AOI-0025,2024-10-30,озимая пшеница,0.1673273592831885,0.18744728732763571,0.196457722232203
AOI-0029,2010-08-13,озимая пшеница,0.218363188513706,0.20713241270251345,0.2074335241457987
AOI-0029,2010-08-29,озимая пшеница,0.2054379828200883,0.193208531107687,0.1912186526824999
AOI-0029,2011-04-26,озимая пшеница,0.4292705670031432,0.4021302746346526,0.3918760295004898
AOI-0029,2012-05-24,озимая пшеница,0.6141983711141781,0.6185342473268517,0.6212192167374273
AOI-0029,2012-06-09,озимая пшеница,0.6556696184695847,0.6526754106737418,0.6593350954530804
AOI-0029,2012-07-27,озимая пшеница,0.3970168944615752,0.38262599351884136,0.37924402848397476
AOI-0029,2012-09-27,озимая пшеница,0.19183290886514065,0.18590293461579177,0.18046847472402283
AOI-0029,2013-04-15,озимая пшеница,0.7653095862936656,0.7624926277467851,0.7602430101187472
AOI-0029,2013-05-09,озимая пшеница,0.8379344223113078,0.8251675145551303,0.8192945170886154
AOI-0029,2014-05-20,озимая пшеница,0.32009807544824853,0.32297113226610213,0.32058183198601053
AOI-0029,2014-06-10,озимая пшеница,0.3340883851781762,0.33276949814630535,0.33538723888613525
AOI-0029,2014-07-28,озимая пшеница,0.24724399961193563,0.23333565937424633,0.2315576604077193
AOI-0029,2014-08-13,озимая пшеница,0.23311740562729605,0.2179458042099485,0.21658021648217352
AOI-0029,2015-04-23,озимая пшеница,0.8121126020121769,0.8056217723115848,0.7939787895112365
AOI-0029,2016-04-07,озимая пшеница,0.2430336800788691,0.24503953582349292,0.23978800822933946
AOI-0029,2016-06-18,озимая пшеница,0.8159063193994671,0.8086403923624367,0.8072087335560907
AOI-0029,2016-07-04,озимая пшеница,0.8065791685986831,0.8013860345338806,0.7993075914020187
AOI-0029,2016-08-13,озимая пшеница,0.40337290436013723,0.39683403507014703,0.3986066728411645
AOI-0029,2016-09-29,озимая пшеница,0.36183686125448045,0.36170623891768544,0.3619422666732643
AOI-0029,2017-04-01,озимая пшеница,0.47989945623084485,0.46668316758197187,0.4579328964239778
AOI-0029,2017-04-07,озимая пшеница,0.6395531254925316,0.6507830044605192,0.6546888820513941
AOI-0029,2017-05-01,озимая пшеница,0.714315363998936,0.708962797562254,0.7077204969551555
AOI-0029,2017-06-10,озимая пшеница,0.5269913174870614,0.5166023146810644,0.5142832736718065
AOI-0029,2017-06-26,озимая пшеница,0.3748631053915546,0.3684200912072821,0.36963727456374357
AOI-0029,2017-08-04,озимая пшеница,0.1671412495491058,0.16197546401306032,0.16027097450650024
AOI-0029,2017-08-09,озимая пшеница,0.15507768172995912,0.160217647033691,0.1592895580746531
AOI-0029,2017-08-13,озимая пшеница,0.23143581613938996,0.22641730195674895,0.22842097731945302
AOI-0029,2017-09-01,озимая пшеница,0.19107706039379138,0.19841258709484688,0.20139625374118864
AOI-0029,2017-09-30,озимая пшеница,0.22355098245586286,0.2234570061262057,0.2276026962426723
AOI-0029,2018-04-23,озимая пшеница,0.40166064490613423,0.41426178932403673,0.4165437208854337
AOI-0029,2018-06-16,озимая пшеница,0.2018893734338425,0.19729710740635656,0.20056476592891315
AOI-0029,2018-09-12,озимая пшеница,0.1854866300958991,0.17955235494675534,0.17585192752450224
AOI-0029,2018-09-18,озимая пшеница,0.15748966159935612,0.15765677856036683,0.15809374294970543
AOI-0029,2018-09-30,озимая пшеница,0.2611380727687605,0.255258283970431,0.25543224443145107
AOI-0029,2019-04-11,озимая пшеница,0.5561074657547684,0.5584445899286148,0.5525409486133761
AOI-0029,2019-04-23,озимая пшеница,0.7529063947354336,0.7635642049864396,0.7420690361719231
AOI-0029,2019-06-05,озимая пшеница,0.8373206254600045,0.8362402412040023,0.8282238873343482
AOI-0029,2019-06-15,озимая пшеница,0.6678561318398408,0.6572129221214027,0.6599911305210091
AOI-0029,2019-06-25,озимая пшеница,0.2514464794255376,0.23674323843748685,0.23142703222136382
AOI-0029,2019-07-25,озимая пшеница,0.1460145206426389,0.14466898335472989,0.14333813014845886
AOI-0029,2019-07-28,озимая пшеница,0.2570554722176055,0.23709806419746582,0.235605013914945
AOI-0029,2019-09-13,озимая пшеница,0.13823514650537433,0.1392939543933011,0.13953127956780764
AOI-0029,2019-09-23,озимая пшеница,0.10426630525495532,0.10210933257499964,0.10513097589349962
AOI-0029,2020-04-02,озимая пшеница,0.19156991491422024,0.19859070734727996,0.19505023916290748
AOI-0029,2020-04-06,озимая пшеница,0.3213031272481256,0.33704816437822926,0.3398318195967141
AOI-0029,2020-05-20,озимая пшеница,0.6038395421001388,0.5857080155863854,0.579272853863262
AOI-0029,2020-07-14,озимая пшеница,0.14667458042813813,0.13596264844026412,0.13230155184663003
AOI-0029,2020-07-23,озимая пшеница,0.19986896321265113,0.2043543770809104,0.20706528672890148
AOI-0029,2020-08-03,озимая пшеница,0.15651499403629981,0.1479773122358996,0.14509378418131363
AOI-0029,2020-09-02,озимая пшеница,0.15006260289201007,0.152737639370741,0.15134304903450735
AOI-0029,2020-09-17,озимая пшеница,0.1372906943586292,0.1398451930453248,0.141057159411333
AOI-0029,2020-09-25,озимая пшеница,0.19096849876300878,0.19461059182710025,0.19670773626925842
AOI-0029,2021-04-21,озимая пшеница,0.542438353790367,0.5539863277942748,0.553875620106089
AOI-0029,2021-05-07,озимая пшеница,0.8069666781971139,0.8084612740336421,0.7988247102786622
AOI-0029,2021-05-23,озимая пшеница,0.9041374656284844,0.9124786053556063,0.9081703389323541
AOI-0029,2021-06-16,озимая пшеница,0.7991080344585818,0.7858788914538443,0.771651936719047
AOI-0029,2021-06-19,озимая пшеница,0.8067654220591063,0.7863921771731388,0.7769579117521487
AOI-0029,2021-06-26,озимая пшеница,0.5747793015279266,0.5551999613940074,0.5415524045538463
AOI-0029,2021-07-10,озимая пшеница,0.2949169531161456,0.29036532722419134,0.29041132607237735
AOI-0029,2021-09-17,озимая пшеница,0.17240103964586517,0.17604735965931878,0.17708538913391283
AOI-0029,2021-10-07,озимая пшеница,0.1821401921626767,0.17714761821476474,0.17634374123638788
AOI-0029,2021-10-22,озимая пшеница,0.2146469770967307,0.22063643850230683,0.2212804890956288
AOI-0029,2021-10-27,озимая пшеница,0.24287138638762693,0.25312580320536576,0.25453172020608894
AOI-0029,2022-04-10,озимая пшеница,0.21184586773939323,0.21231180436682193,0.2042265604217101
AOI-0029,2022-04-15,озимая пшеница,0.26590911403919426,0.2656950221223571,0.2617966857659954
AOI-0029,2022-06-09,озимая пшеница,0.4470224810206796,0.4261126089203121,0.4155837843637302
AOI-0029,2022-06-19,озимая пшеница,0.7186816253029933,0.7040175442662776,0.6955589607768777
AOI-0029,2022-07-05,озимая пшеница,0.7830420015660554,0.7817033512121571,0.7762941679162295
AOI-0029,2022-07-12,озимая пшеница,0.6843841714074946,0.6532983836821568,0.6365289551817654
AOI-0029,2022-08-03,озимая пшеница,0.6719534764081994,0.6635263181275302,0.6608258615107283
AOI-0029,2022-08-29,озимая пшеница,0.3665817711615486,0.3540345478120422,0.34660774033278585
AOI-0029,2022-09-17,озимая пшеница,0.19421702625978007,0.1895834660367503,0.18638675578393685
AOI-0029,2023-06-30,озимая пшеница,0.3993808981819046,0.39966775841610735,0.4009004914182238
AOI-0029,2023-07-12,озимая пшеница,0.3671776309175598,0.35111467620945075,0.3496066605012745
AOI-0029,2023-07-28,озимая пшеница,0.31272531557935074,0.31323208031366767,0.31901881964850515
AOI-0029,2023-08-01,озимая пшеница,0.22233372492102674,0.22153847304358815,0.2238219517031187
AOI-0029,2023-08-09,озимая пшеница,0.3084535253561055,0.3190189222074522,0.3273528108597028
AOI-0029,2023-08-25,озимая пшеница,0.17962631667125695,0.1803202598614577,0.17784801459468588
AOI-0029,2023-09-22,озимая пшеница,0.14419572298462935,0.13910756210113384,0.13960292290404472
AOI-0029,2023-09-24,озимая пшеница,0.14553042753416467,0.144976419544439,0.1456261430887357
AOI-0029,2024-05-24,озимая пшеница,0.2575342401909251,0.25828708039665066,0.24754095578575702
AOI-0029,2024-06-24,озимая пшеница,0.19633272767380833,0.18784849501161854,0.18876317986405955
AOI-0029,2024-06-28,озимая пшеница,0.14678950847580194,0.1291396726922605,0.12544297234422735
AOI-0029,2024-07-03,озимая пшеница,0.1489351511381813,0.12963150781523977,0.1272345965359083
AOI-0029,2024-07-11,озимая пшеница,0.21998531160279722,0.1988554300156417,0.1971846298270124
AOI-0029,2024-09-28,озимая пшеница,0.15920972399038877,0.16271650978507735,0.16327757719014982
AOI-0034,2010-04-26,пастбища/зерновые,0.32989539498497544,0.32441990896854406,0.3249207029020497
AOI-0034,2010-05-28,пастбища/зерновые,0.6137369264682351,0.6150860740956431,0.6227074599964949
AOI-0034,2010-06-12,пастбища/зерновые,0.6479404221703867,0.6549193073539458,0.6547465851983055
AOI-0034,2010-07-31,пастбища/зерновые,0.22343120955247583,0.22604044454442798,0.22954872146855512
AOI-0034,2011-04-07,пастбища/зерновые,0.35130753219548005,0.3509697739915163,0.3459036707937728
AOI-0034,2011-04-28,пастбища/зерновые,0.3228369162366242,0.3072441343835731,0.30242279299026176
AOI-0034,2011-06-16,пастбища/зерновые,0.25514621252846925,0.2605103373066895,0.26565779274222634
AOI-0034,2011-06-26,пастбища/зерновые,0.28864658116506814,0.29660461979365094,0.2893613017181298
AOI-0034,2011-07-26,пастбища/зерновые,0.18216773069358527,0.18892712370714435,0.19458821770148466
AOI-0034,2011-08-18,пастбища/зерновые,0.17046008314626726,0.17345119730495306,0.17844794502504405
AOI-0034,2011-09-27,пастбища/зерновые,0.24053164872357718,0.24940413150251636,0.2561249447702751
AOI-0034,2011-09-30,пастбища/зерновые,0.34739468554397523,0.3566085041120797,0.3583580583311529
AOI-0034,2012-05-01,пастбища/зерновые,0.6475520725196212,0.6455184779820577,0.6547745522139514
AOI-0034,2012-05-17,пастбища/зерновые,0.5886476877868494,0.5894056657156445,0.5902084045962483
AOI-0034,2012-05-24,пастбища/зерновые,0.5052268747431508,0.5032894913897503,0.49618022098760717
AOI-0034,2012-06-09,пастбища/зерновые,0.4079957134722081,0.39940527305721596,0.36633494948556494
AOI-0034,2012-06-25,пастбища/зерновые,0.3111555514453619,0.3097906025795354,0.29014910862861454
AOI-0034,2012-07-27,пастбища/зерновые,0.19445205195317405,0.18909241474667957,0.17931055337398258
AOI-0034,2012-08-12,пастбища/зерновые,0.2104278232673956,0.21077434284059268,0.2059544931810705
AOI-0034,2013-04-02,пастбища/зерновые,0.15976846232850367,0.15760524564460124,0.15157396911277865
AOI-0034,2013-04-18,пастбища/зерновые,0.2887918758881193,0.290447123954788,0.29308278165275775
AOI-0034,2013-05-11,пастбища/зерновые,0.3667692955278211,0.3709288483103162,0.37658911906870157
AOI-0034,2013-06-13,пастбища/зерновые,0.19314460267582306,0.19525901984873753,0.19649642109709728
AOI-0034,2013-06-21,пастбища/зерновые,0.1626813393666655,0.16390555377733287,0.16710094730954533
AOI-0034,2013-07-14,пастбища/зерновые,0.1887468951424989,0.1907940104611176,0.19055458729783886
AOI-0034,2013-08-23,пастбища/зерновые,0.20284685019404317,0.20807573179098882,0.2138421171538331
AOI-0034,2013-10-10,пастбища/зерновые,0.3593097299194598,0.3616850339552581,0.36132566572675795
AOI-0034,2014-07-10,пастбища/зерновые,0.13814536789182194,0.13862711812246373,0.14072111200134904
AOI-0034,2014-10-29,пастбища/зерновые,0.17159077935714206,0.1763168021024681,0.18160552746416725
AOI-0034,2015-04-24,пастбища/зерновые,0.21791431289563662,0.2072563680271009,0.2059569929420377
AOI-0034,2015-05-26,пастбища/зерновые,0.21986189441509268,0.22131169730725792,0.22022929796351692
AOI-0034,2015-07-04,пастбища/зерновые,0.1632031627436915,0.16502462963590472,0.16888289640121157
AOI-0034,2015-08-13,пастбища/зерновые,0.18716075070720825,0.18243025122315615,0.17806862297537104
AOI-0034,2015-08-29,пастбища/зерновые,0.19081626016889644,0.18408176736487464,0.17610400961746683
AOI-0034,2015-09-07,пастбища/зерновые,0.16116455304512275,0.16787519799359138,0.17140016008513773
AOI-0034,2015-09-15,пастбища/зерновые,0.14208465002086762,0.14284710657449445,0.14538475481807295
AOI-0034,2015-09-22,пастбища/зерновые,0.15972953274285157,0.16411098316179207,0.16815860423461948
AOI-0034,2015-10-08,пастбища/зерновые,0.16850081595544514,0.17059104353563517,0.1750499922197835
AOI-0034,2016-06-12,пастбища/зерновые,0.5209152157995105,0.5263514248205567,0.5348040725372344
AOI-0034,2016-06-21,пастбища/зерновые,0.2522170542785637,0.255999612179813,0.26519146486559814
AOI-0034,2016-07-27,пастбища/зерновые,0.21798156057071236,0.2077905245667094,0.19881703612726656
AOI-0034,2016-08-31,пастбища/зерновые,0.16786151827766235,0.17204906404413714,0.17604391631487765
AOI-0034,2016-10-15,пастбища/зерновые,0.24100170979457863,0.2363159695790307,0.23715411575545003
AOI-0034,2016-10-26,пастбища/зерновые,0.18482795779057185,0.18826141011407044,0.1888140915311289
AOI-0034,2017-04-03,пастбища/зерновые,0.156902117521649,0.1564610694140616,0.15414534304837582
AOI-0034,2017-04-04,пастбища/зерновые,0.1748319815263522,0.16677693579893957,0.16008176256003462
AOI-0034,2017-05-07,пастбища/зерновые,0.22160284049803775,0.2219554458589946,0.22184407611628976
AOI-0034,2017-06-10,пастбища/зерновые,0.3161174450701502,0.32053939543393484,0.3201242862057302
AOI-0034,2017-07-17,пастбища/зерновые,0.17048741590515426,0.17515669694999048,0.18008149819862623
AOI-0034,2017-07-25,пастбища/зерновые,0.14550343663033175,0.15213455688747535,0.15821508552872074
AOI-0034,2017-08-02,пастбища/зерновые,0.1457832442701662,0.14894368250364168,0.1515823321823217
AOI-0034,2017-08-06,пастбища/зерновые,0.11835583942816377,0.1264483982632391,0.13149786582972633
AOI-0034,2017-08-19,пастбища/зерновые,0.1347809028155446,0.13742357124175988,0.13707440712092805
AOI-0034,2017-09-11,пастбища/зерновые,0.1638300541580389,0.1712799530520256,0.17560958481774916
AOI-0034,2017-09-28,пастбища/зерновые,0.2978945311055722,0.3075533893011492,0.29584363238915135
AOI-0034,2018-04-28,пастбища/зерновые,0.7977339640959318,0.7904125335638092,0.7791761400215372
AOI-0034,2018-05-17,пастбища/зерновые,0.81873674055108,0.8212959854866284,0.8175771066844281
AOI-0034,2018-05-30,пастбища/зерновые,0.7004884300079446,0.6953712432971951,0.6854390516265085
AOI-0034,2018-06-11,пастбища/зерновые,0.35818556312010946,0.35901631435870784,0.36737205694355096
AOI-0034,2018-06-27,пастбища/зерновые,0.1641485118087672,0.16756263510696937,0.17325916002933955
AOI-0034,2018-09-05,пастбища/зерновые,0.11190449790805838,0.11363574693649597,0.1188606110001574
AOI-0034,2019-04-23,пастбища/зерновые,0.22100972299101418,0.22514413263621041,0.22251221756804096
AOI-0034,2019-05-18,пастбища/зерновые,0.16399758116394564,0.1697956279601435,0.17344446692450824
AOI-0034,2019-05-29,пастбища/зерновые,0.20572625087496244,0.21147496017423878,0.20682652171811858
AOI-0034,2019-06-04,пастбища/зерновые,0.15992180012451782,0.15579506719910005,0.14996890488953954
AOI-0034,2019-06-17,пастбища/зерновые,0.14153984566736116,0.14809440290268497,0.15197271151992137
AOI-0034,2019-06-22,пастбища/зерновые,0.13221012833895213,0.1362916983852141,0.14030556952664974
AOI-0034,2019-06-24,пастбища/зерновые,0.13879382214908573,0.1398049923721791,0.14476998414208936
AOI-0034,2019-06-27,пастбища/зерновые,0.13450062716834976,0.1357928005619367,0.13469818307099074
AOI-0034,2019-07-19,пастбища/зерновые,0.084257392698009,0.08168070271449426,0.08276956973118296
AOI-0034,2019-07-29,пастбища/зерновые,0.15083564414800013,0.14882860413908933,0.14709217890822804
AOI-0034,2019-08-11,пастбища/зерновые,0.13036453842737508,0.14244987899506192,0.14751111749246698
AOI-0034,2019-08-13,пастбища/зерновые,0.18003191376540523,0.17313891487107264,0.1670336979879096
AOI-0034,2019-09-02,пастбища/зерновые,0.15059216124067204,0.15665489506517088,0.1576621574695335
AOI-0034,2019-09-14,пастбища/зерновые,0.2387510686599214,0.23606713618157968,0.2336426127518516
AOI-0034,2019-09-17,пастбища/зерновые,0.15233780834339544,0.15834417853260904,0.1604848774393825
AOI-0034,2019-10-22,пастбища/зерновые,0.7163498598803065,0.7180212035219832,0.7004442361556443
AOI-0034,2020-04-14,пастбища/зерновые,0.7463094421885531,0.7448983116327186,0.725909956273721
AOI-0034,2020-04-17,пастбища/зерновые,0.7710672740973155,0.7783597647553512,0.7707938960015184
AOI-0034,2020-04-29,пастбища/зерновые,0.7137839480612735,0.7200707779796244,0.7377306112603711
AOI-0034,2020-05-04,пастбища/зерновые,0.7035954504354903,0.7001492553936518,0.712976388779659
AOI-0034,2020-05-24,пастбища/зерновые,0.6749351654723865,0.6701967873189988,0.6612608789172113
AOI-0034,2020-05-31,пастбища/зерновые,0.6405071724331466,0.6450068429836692,0.6582806108363386
AOI-0034,2020-06-03,пастбища/зерновые,0.5895349077678279,0.5995380607251286,0.6075247348529449
AOI-0034,2020-07-10,пастбища/зерновые,0.12874761776355728,0.12935422048156264,0.1328509699603891
AOI-0034,2020-07-16,пастбища/зерновые,0.09849965720488964,0.10305202086564667,0.1105121937486794
AOI-0034,2020-07-23,пастбища/зерновые,0.08683578985150138,0.08443510958266096,0.0902175284130365
AOI-0034,2020-07-25,пастбища/зерновые,0.1421629020305029,0.14246620633109577,0.1491700537218647
AOI-0034,2020-07-28,пастбища/зерновые,0.11255075019904655,0.10659295734334254,0.10541683535672505
AOI-0034,2020-07-31,пастбища/зерновые,0.11867609083667433,0.12184332175487224,0.12529116084762507
AOI-0034,2020-08-07,пастбища/зерновые,0.11307573763998317,0.11214177457543782,0.11592331851952416
AOI-0034,2020-08-11,пастбища/зерновые,0.13453529487932134,0.13520485131689025,0.13968202029159094
AOI-0034,2020-09-03,пастбища/зерновые,0.11202847989615716,0.11356051013831381,0.12061626399995683
AOI-0034,2020-09-04,пастбища/зерновые,0.10975083011247037,0.11943604579448178,0.12897113844363878
AOI-0034,2020-09-29,пастбища/зерновые,0.16352188124255349,0.15811306371410783,0.150389821044643
AOI-0034,2020-10-15,пастбища/зерновые,0.1752928714670134,0.16629056702508782,0.16616458705782872
AOI-0034,2021-04-12,пастбища/зерновые,0.1589273015905563,0.15647282726154163,0.15450908080135986
AOI-0034,2021-04-22,пастбища/зерновые,0.1477476417775393,0.14825017518379438,0.14544308073300447
AOI-0034,2021-05-01,пастбища/зерновые,0.179347595223625,0.1735396453889227,0.17731035474343582
AOI-0034,2021-05-07,пастбища/зерновые,0.1703636257998964,0.1585561822377133,0.1547671675111455
AOI-0034,2021-05-10,пастбища/зерновые,0.20576973282106364,0.19362202969829517,0.19492805301154048
AOI-0034,2021-05-29,пастбища/зерновые,0.16419091204219388,0.16814438786087546,0.1594886756271342
AOI-0034,2021-07-26,пастбища/зерновые,0.11597611541112862,0.12069420451522735,0.12394418769874348
AOI-0034,2021-07-28,пастбища/зерновые,0.15952168331557423,0.150999281459781,0.1401837051969637
AOI-0034,2021-07-31,пастбища/зерновые,0.11825820976755064,0.1249040076120301,0.13097998428157398
AOI-0034,2021-08-02,пастбища/зерновые,0.12659150416836198,0.12436981486784568,0.1255887796927872
AOI-0034,2021-08-06,пастбища/зерновые,0.1646279484372977,0.1679945399955709,0.17395617343173095
AOI-0034,2021-08-17,пастбища/зерновые,0.10784000646286596,0.10604939489989562,0.10597264017728344
AOI-0034,2021-08-29,пастбища/зерновые,0.1934892155127362,0.18708577217272454,0.18486194609818873
AOI-0034,2021-09-11,пастбища/зерновые,0.10780758607395238,0.1106797240337057,0.11100585330023137
AOI-0034,2021-09-14,пастбища/зерновые,0.1590895784703722,0.16318943712003056,0.16256009217682285
AOI-0034,2021-09-15,пастбища/зерновые,0.14062827060788058,0.14895875470356768,0.15403403528492657
AOI-0034,2021-10-06,пастбища/зерновые,0.3145335671296178,0.31925782599359964,0.3258677823277711
AOI-0034,2021-10-09,пастбища/зерновые,0.33440695750236415,0.34158825352013544,0.3478104791677984
AOI-0034,2022-04-12,пастбища/зерновые,0.6846901316563473,0.6858629750383874,0.6693363329960001
AOI-0034,2022-05-29,пастбища/зерновые,0.8002719306164506,0.7992574041515563,0.7889246674639879
AOI-0034,2022-06-11,пастбища/зерновые,0.4270201418491519,0.4371699620989974,0.4407624759214884
AOI-0034,2022-06-20,пастбища/зерновые,0.30313851108107964,0.3034957215521238,0.3046164077932737
AOI-0034,2022-06-30,пастбища/зерновые,0.25657800957934557,0.2579805405649151,0.2692313967530502
AOI-0034,2022-08-25,пастбища/зерновые,0.12290144893111273,0.1295174983451969,0.13252412928167878
AOI-0034,2022-09-06,пастбища/зерновые,0.12667803317661153,0.1301256598460229,0.13364675178785346
AOI-0034,2022-09-09,пастбища/зерновые,0.10985830215329909,0.11858050795193154,0.12425483896615361
AOI-0034,2022-10-01,пастбища/зерновые,0.12966772829573756,0.1344390018558495,0.13895758236211458
AOI-0034,2022-10-06,пастбища/зерновые,0.15123891385288266,0.15541158029559335,0.1574363205064746
AOI-0034,2023-04-04,пастбища/зерновые,0.2118164950127758,0.2062757083637817,0.20610371569813093
AOI-0034,2023-04-17,пастбища/зерновые,0.16286564445937488,0.17269724455024488,0.17348374985995327
AOI-0034,2023-04-23,пастбища/зерновые,0.3182954829473575,0.33135896468969245,0.35121176009530053
AOI-0034,2023-05-31,пастбища/зерновые,0.17944124837603073,0.18244151768394518,0.182932802771544
AOI-0034,2023-07-21,пастбища/зерновые,0.13724787884049525,0.14754910168602856,0.15659872086096527
AOI-0034,2023-07-23,пастбища/зерновые,0.1601273933203046,0.1563103986643664,0.1534216814791886
AOI-0034,2023-07-28,пастбища/зерновые,0.20484330086713834,0.19947927871482055,0.19395286951572677
AOI-0034,2023-08-08,пастбища/зерновые,0.15189698386105574,0.16123583230867802,0.16782175133797766
AOI-0034,2023-08-17,пастбища/зерновые,0.14156261741126067,0.1421765732773959,0.14152823743593537
AOI-0034,2023-09-26,пастбища/зерновые,0.23414760552402303,0.23676525804778,0.24302508991083674
AOI-0034,2023-09-28,пастбища/зерновые,0.28253093963272236,0.2845970224747432,0.29029635249569224
AOI-0034,2023-09-30,пастбища/зерновые,0.3777521384643701,0.373226897649023,0.37204986865191103
AOI-0034,2023-10-01,пастбища/зерновые,0.28996468618956783,0.2926946001733097,0.2969430069071911
AOI-0034,2024-04-28,пастбища/зерновые,0.813420938432008,0.8074456044322741,0.7940022549442062
AOI-0034,2024-05-09,пастбища/зерновые,0.8079659895730551,0.8061991176859724,0.8016966406678971
AOI-0034,2024-05-10,пастбища/зерновые,0.8003474037006347,0.7938084578775151,0.7808573726250622
AOI-0034,2024-05-21,пастбища/зерновые,0.7112495902212018,0.7168585806514554,0.7287430559014347
AOI-0034,2024-06-26,пастбища/зерновые,0.23445674645860723,0.23509881420500145,0.24134717589274154
AOI-0034,2024-08-16,пастбища/зерновые,0.12469975419905314,0.12305235378352043,0.12368077344250056
AOI-0034,2024-09-06,пастбища/зерновые,0.12108395279089845,0.13168610864760139,0.14301289201250622
AOI-0034,2024-09-07,пастбища/зерновые,0.13540686549199005,0.13761283971630817,0.14561796927833465
AOI-0034,2024-09-13,пастбища/зерновые,0.14414118932396847,0.13957852254974068,0.1346515990007415
AOI-0034,2024-09-14,пастбища/зерновые,0.1395933206559326,0.14132684247793018,0.14967206104791467
AOI-0034,2024-10-05,пастбища/зерновые,0.1212190526593917,0.12217374785715407,0.12413912909301995
AOI-0034,2024-10-09,пастбища/зерновые,0.16987828851971026,0.1718278350393772,0.1760706955249234
AOI-0034,2024-10-15,пастбища/зерновые,0.1864137719287637,0.1756783009101601,0.1736867728967428
AOI-0034,2024-10-25,пастбища/зерновые,0.12098299288657328,0.11540907782756561,0.12188374035872845
AOI-0034,2024-10-30,пастбища/зерновые,0.1242105491911016,0.1221835326525323,0.12811507467462072
AOI-0036,2010-05-28,пастбища/зерновые,0.33729365043859205,0.3399945504829793,0.3433238152173615
AOI-0036,2010-06-10,пастбища/зерновые,0.448846516577717,0.43802832545303866,0.42274265138949585
AOI-0036,2010-07-06,пастбища/зерновые,0.2946055266805351,0.3011663100985305,0.3124530215538861
AOI-0036,2010-07-07,пастбища/зерновые,0.286577501791793,0.29294227568442804,0.3094527367551481
AOI-0036,2010-07-28,пастбища/зерновые,0.25630768716212693,0.2514315535298763,0.25125140776912747
AOI-0036,2010-07-30,пастбища/зерновые,0.20864279424039048,0.21573453307817184,0.23106523167689377
AOI-0036,2010-09-01,пастбища/зерновые,0.13074770173506206,0.13901590896859845,0.14690284838478834
AOI-0036,2010-09-14,пастбища/зерновые,0.19556043046482485,0.1977370748232591,0.19443725326243733
AOI-0036,2010-09-30,пастбища/зерновые,0.21125103390244598,0.21378758030063139,0.21580428503807322
AOI-0036,2011-07-01,пастбища/зерновые,0.39301424514813055,0.39172987528220127,0.40612840320405275
AOI-0036,2011-07-12,пастбища/зерновые,0.35439127206032583,0.3540338850665221,0.34631508551470697
AOI-0036,2012-04-22,пастбища/зерновые,0.5465254583079477,0.5452673802547349,0.5415722588414323
AOI-0036,2012-07-20,пастбища/зерновые,0.2228276391871807,0.2263745385377046,0.22938306376005785
AOI-0036,2012-07-27,пастбища/зерновые,0.26368478711560883,0.2647565426462907,0.2572031436798476
AOI-0036,2012-09-06,пастбища/зерновые,0.14698081491749665,0.153161927714964,0.15860510888956983
AOI-0036,2012-09-13,пастбища/зерновые,0.18175326630059677,0.1806448978312734,0.1730419181599512
AOI-0036,2012-09-29,пастбища/зерновые,0.18363495747512865,0.18348480901470002,0.18185261871359223
AOI-0036,2012-10-15,пастбища/зерновые,0.21896934099243612,0.21577329872137388,0.21336760602382696
AOI-0036,2013-04-02,пастбища/зерновые,0.17123410683202203,0.17704227912711545,0.1748363098566253
AOI-0036,2013-06-10,пастбища/зерновые,0.35179483112343257,0.34395183323278783,0.32983606228002604
AOI-0036,2013-06-26,пастбища/зерновые,0.35794992328373093,0.3512439370400032,0.34066735203657134
AOI-0036,2013-06-28,пастбища/зерновые,0.2675940617686986,0.2697556975464464,0.28512367792819954
AOI-0036,2013-09-14,пастбища/зерновые,0.35468086138634586,0.35450301717558685,0.3592743040565648
AOI-0036,2013-10-10,пастбища/зерновые,0.2920446943831537,0.28958802524078325,0.2841273416328622
AOI-0036,2014-04-23,пастбища/зерновые,0.49573169303771314,0.49555262447564175,0.501067229466303
AOI-0036,2014-05-25,пастбища/зерновые,0.43191512294919987,0.43050539083484374,0.43442690070196466
AOI-0036,2014-06-24,пастбища/зерновые,0.2367541665453019,0.24290593540986943,0.2516666011396236
AOI-0036,2014-08-02,пастбища/зерновые,0.14373035910012194,0.14955816837209707,0.1610217572791741
AOI-0036,2014-10-05,пастбища/зерновые,0.16264191707720793,0.16619424649652914,0.1735354799648528
AOI-0036,2014-10-14,пастбища/зерновые,0.18085317326668568,0.18469666027009957,0.1911597534267402
AOI-0036,2015-05-25,пастбища/зерновые,0.4827713495364529,0.469572086409101,0.4556860931500056
AOI-0036,2015-07-28,пастбища/зерновые,0.2035056921491786,0.2033574973038605,0.20131845860481287
AOI-0036,2015-08-06,пастбища/зерновые,0.1553761384628926,0.1635604745724544,0.17632620146313205
AOI-0036,2015-09-06,пастбища/зерновые,0.129209285875219,0.13398795241484152,0.1410322844119904
AOI-0036,2015-09-30,пастбища/зерновые,0.18976848858788878,0.18678556441921004,0.1856591038434578
AOI-0036,2016-06-09,пастбища/зерновые,0.3913344646082978,0.38690503894175665,0.3706062895216802
AOI-0036,2016-07-15,пастбища/зерновые,0.28881933588871583,0.2898947596663355,0.30101881630503247
AOI-0036,2016-07-27,пастбища/зерновые,0.34679058203322544,0.3365883351210826,0.3224922522498574
AOI-0036,2016-08-23,пастбища/зерновые,0.21622637322896038,0.21912257219342318,0.2265431508838994
AOI-0036,2016-09-25,пастбища/зерновые,0.16946637260137848,0.17452227265369244,0.18157949521781544
AOI-0036,2016-10-26,пастбища/зерновые,0.23290853091929295,0.23537059762835033,0.24040146895169187
AOI-0036,2017-04-12,пастбища/зерновые,0.34753588222031884,0.3485177643889863,0.34878782074051934
AOI-0036,2017-07-04,пастбища/зерновые,0.17159274027198565,0.17814950407279886,0.18944868824325753
AOI-0036,2017-07-25,пастбища/зерновые,0.2130581741898577,0.2202230821761459,0.23153406591545242
AOI-0036,2017-07-28,пастбища/зерновые,0.26142227482385605,0.2610111300652014,0.2570287225950741
AOI-0036,2017-08-18,пастбища/зерновые,0.15535632836294289,0.1634436966635112,0.1750685052872595
AOI-0036,2017-08-21,пастбища/зерновые,0.12786216632226546,0.13941148523888927,0.14804551540076033
AOI-0036,2017-08-26,пастбища/зерновые,0.13135234379289681,0.14138519897881194,0.14901758356149009
AOI-0036,2017-08-27,пастбища/зерновые,0.16563845023581836,0.17496970194634884,0.1860770932778376
AOI-0036,2017-09-04,пастбища/зерновые,0.15791585253625517,0.1655853402521681,0.17050481217218455
AOI-0036,2018-06-03,пастбища/зерновые,0.36667238220352294,0.36796579197295065,0.3876382313342774
AOI-0036,2018-06-26,пастбища/зерновые,0.2426965821004349,0.23842978663936518,0.23156489658146462
AOI-0036,2018-07-12,пастбища/зерновые,0.20952249759438774,0.2075710557863309,0.19986939174897755
AOI-0036,2018-08-22,пастбища/зерновые,0.15658896862971874,0.16416846683481945,0.17055891035941018
AOI-0036,2018-08-29,пастбища/зерновые,0.18869281273848518,0.1860037678655038,0.17778764901403782
AOI-0036,2018-09-05,пастбища/зерновые,0.1320127376599152,0.13641526875973983,0.14184454909530927
AOI-0036,2018-09-06,пастбища/зерновые,0.15135708185677205,0.15853256778944572,0.1681864225901699
AOI-0036,2018-10-01,пастбища/зерновые,0.14047170684266233,0.14772165805284174,0.1562360857551252
AOI-0036,2018-10-09,пастбища/зерновые,0.17048303253467667,0.17407189422846817,0.17965370285772098
AOI-0036,2018-10-12,пастбища/зерновые,0.16838690221298275,0.1720658576490524,0.17596378916891822
AOI-0036,2019-05-21,пастбища/зерновые,0.5596140130773835,0.5560128789684659,0.5520117472773902
AOI-0036,2019-05-25,пастбища/зерновые,0.5257494219888365,0.515388260770714,0.5199259099870661
AOI-0036,2019-05-29,пастбища/зерновые,0.49292798675215244,0.49206741554518757,0.4894253330882414
AOI-0036,2019-06-04,пастбища/зерновые,0.3718262486828823,0.37125113709132057,0.3733729838311378
AOI-0036,2019-06-17,пастбища/зерновые,0.16866606591895517,0.1797342635417961,0.20164173465798846
AOI-0036,2019-07-12,пастбища/зерновые,0.19500810730522064,0.1919571057192042,0.1918959416811134
AOI-0036,2019-07-28,пастбища/зерновые,0.26346471985726777,0.2554457787390994,0.2504691406722106
AOI-0036,2019-07-29,пастбища/зерновые,0.20270160160684805,0.20468224934375637,0.20873844363533114
AOI-0036,2019-08-01,пастбища/зерновые,0.20912558858781768,0.2150832079884261,0.22540911027487293
AOI-0036,2019-08-26,пастбища/зерновые,0.1598709485771221,0.16740158589989546,0.1759702063015336
AOI-0036,2019-08-29,пастбища/зерновые,0.2021802434887739,0.1981776073810734,0.19767823213634514
AOI-0036,2019-09-15,пастбища/зерновые,0.14368329161923463,0.14808942755266236,0.15353117548233103
AOI-0036,2019-10-15,пастбища/зерновые,0.3300539503990946,0.3260029945521248,0.3296422930668237
AOI-0036,2019-10-19,пастбища/зерновые,0.4096787037490133,0.40405952232359027,0.40721616510761116
AOI-0036,2019-10-22,пастбища/зерновые,0.4482948063033644,0.44476939027416396,0.4493520684630483
AOI-0036,2020-04-04,пастбища/зерновые,0.49373669938604225,0.48882788520067405,0.477859948858129
AOI-0036,2020-04-06,пастбища/зерновые,0.5163747534520904,0.5083617073958755,0.5028681599873643
AOI-0036,2020-05-24,пастбища/зерновые,0.4970434147266358,0.4912375022483472,0.4951697988133321
AOI-0036,2020-05-29,пастбища/зерновые,0.42348011837447597,0.4211412864621544,0.41716611079397387
AOI-0036,2020-06-11,пастбища/зерновые,0.32217353635058543,0.3296203292643285,0.33836784173114703
AOI-0036,2020-08-10,пастбища/зерновые,0.11120721160547072,0.12113591637108843,0.13258232946458573
AOI-0036,2020-08-19,пастбища/зерновые,0.1446378232586531,0.15278219563623813,0.16394002148872255
AOI-0036,2020-08-26,пастбища/зерновые,0.1617875940761761,0.1681074743152309,0.17409952540755036
AOI-0036,2020-08-28,пастбища/зерновые,0.1874208119277252,0.18757144744528,0.18744191992858236
AOI-0036,2020-09-20,пастбища/зерновые,0.16790129890955943,0.17270458200038102,0.17972583806627387
AOI-0036,2020-10-19,пастбища/зерновые,0.10877110589796848,0.11455725639015643,0.12845299828719572
AOI-0036,2020-10-26,пастбища/зерновые,0.10879163956875208,0.11529646673254978,0.12890248088167658
AOI-0036,2021-06-26,пастбища/зерновые,0.27488211643911076,0.2664909339473176,0.25376473011299233
AOI-0036,2021-07-21,пастбища/зерновые,0.15605722419169804,0.1639096691220032,0.17423485013820755
AOI-0036,2021-07-26,пастбища/зерновые,0.15884875230205778,0.16531794018787635,0.17559307963321483
AOI-0036,2021-08-06,пастбища/зерновые,0.20438685917692617,0.21192079495351687,0.22598310494188756
AOI-0036,2021-08-17,пастбища/зерновые,0.218182189360466,0.2186170725558217,0.22763893226322454
AOI-0036,2021-10-14,пастбища/зерновые,0.3277331091364717,0.32576302203776425,0.33280852967573626
AOI-0036,2022-04-07,пастбища/зерновые,0.41935092661465534,0.4080913252765194,0.3914245593657655
AOI-0036,2022-06-14,пастбища/зерновые,0.2850761564380117,0.28992617675049726,0.29130143615161025
AOI-0036,2022-06-26,пастбища/зерновые,0.2506770211763425,0.24538763512259734,0.24006446275698604
AOI-0036,2022-07-07,пастбища/зерновые,0.2116490188696729,0.21873418737409045,0.23525787217245836
AOI-0036,2022-07-21,пастбища/зерновые,0.13315479459218588,0.13820236599090793,0.14838820197118863
AOI-0036,2022-08-13,пастбища/зерновые,0.1618002100167244,0.15783333822676232,0.158051243160829
AOI-0036,2022-08-22,пастбища/зерновые,0.13414298425118248,0.13750334132387165,0.1435266969042443
AOI-0036,2022-08-24,пастбища/зерновые,0.15094923589249234,0.1583376055745014,0.1696131301321083
AOI-0036,2022-09-14,пастбища/зерновые,0.19626798917608254,0.1925982158634593,0.19194849518064702
AOI-0036,2022-09-18,пастбища/зерновые,0.14362018862653544,0.1481673010667756,0.15468371055789534
AOI-0036,2023-04-17,пастбища/зерновые,0.3979548921825842,0.3979803535796156,0.4063656580086554
AOI-0036,2023-05-09,пастбища/зерновые,0.6660559431462979,0.6583871166182858,0.6681999178596014
AOI-0036,2023-06-18,пастбища/зерновые,0.3635563438860065,0.35771058346183265,0.35494629748142065
AOI-0036,2023-06-25,пастбища/зерновые,0.37816911166626943,0.37958169861340324,0.38998980692488316
AOI-0036,2023-07-02,пастбища/зерновые,0.38166564648296963,0.3795324877837892,0.38486729080342164
AOI-0036,2023-08-17,пастбища/зерновые,0.19100457123416165,0.1924519384236046,0.1928661163273593
AOI-0036,2023-09-29,пастбища/зерновые,0.15372163548800216,0.15627331296385674,0.16384008300701472
AOI-0036,2023-10-16,пастбища/зерновые,0.2381169849005506,0.23249272323582681,0.23528722435454374
AOI-0036,2023-10-23,пастбища/зерновые,0.20422115030365054,0.20627022231806547,0.21315679491510525
AOI-0036,2024-04-13,пастбища/зерновые,0.3764055121675932,0.3720387166902267,0.37736619843889824
AOI-0036,2024-05-06,пастбища/зерновые,0.5302269739369603,0.5253140811150662,0.523136414953938
AOI-0036,2024-05-10,пастбища/зерновые,0.4539816802458022,0.45081603451073304,0.4605026293680049
AOI-0036,2024-05-16,пастбища/зерновые,0.43814541495076353,0.438407894352607,0.4322143443896171
AOI-0036,2024-05-18,пастбища/зерновые,0.4182608220160525,0.41887675913193845,0.421686189950705
AOI-0036,2024-05-23,пастбища/зерновые,0.3842600500189796,0.3807489066178191,0.3795482389133616
AOI-0036,2024-06-07,пастбища/зерновые,0.21419923345212513,0.21549072104077804,0.20919448084313297
AOI-0036,2024-07-22,пастбища/зерновые,0.12310864885653247,0.1304642548139872,0.13890573868952402
AOI-0036,2024-07-25,пастбища/зерновые,0.12298955520988634,0.12996387417957941,0.1363048795063986
AOI-0036,2024-08-21,пастбища/зерновые,0.1328178611872141,0.13743476609687585,0.14229602141435344
AOI-0036,2024-08-28,пастбища/зерновые,0.17064297400341438,0.1650706564584844,0.16343919284153047
AOI-0036,2024-09-15,пастбища/зерновые,0.12904832715680178,0.13234687136986298,0.13706199102016184
AOI-0036,2024-09-22,пастбища/зерновые,0.14545664646385797,0.1503991424483132,0.15905108226372025
AOI-0036,2024-09-25,пастбища/зерновые,0.1214755832986663,0.12670906383433617,0.13450030951219763
AOI-0036,2024-09-28,пастбища/зерновые,0.12184418218174828,0.1268273024645824,0.1366630887064088
AOI-0039,2010-04-07,зерновые,0.3754549829934437,0.36086135388946705,0.355051027010818
AOI-0039,2010-05-04,зерновые,0.44574847544401786,0.4374611404404754,0.451984649398961
AOI-0039,2010-05-28,зерновые,0.5831504131804881,0.5724647948154741,0.5723085826081205
AOI-0039,2010-07-15,зерновые,0.44943322763343296,0.4638657475743466,0.48862208326010703
AOI-0039,2010-09-30,зерновые,0.3728611907239003,0.37134750948421424,0.365464606963387
AOI-0039,2012-04-06,зерновые,0.41340561215195704,0.3974755872401717,0.388554572231398
AOI-0039,2012-09-06,зерновые,0.3367412512903609,0.3537636141024198,0.38181038674268997
AOI-0039,2013-04-05,зерновые,0.29898072661397046,0.30122771900861367,0.31977630462261036
AOI-0039,2013-06-13,зерновые,0.4215705223972355,0.4394315988318564,0.4649700890014483
AOI-0039,2013-06-26,зерновые,0.4486870473096117,0.4473151640593328,0.43964444454097795
AOI-0039,2013-07-12,зерновые,0.36984665173412873,0.37714341314206784,0.37491974840676257
AOI-0039,2013-09-14,зерновые,0.5380260897646477,0.5237162680355968,0.5160446506284404
AOI-0039,2014-04-07,зерновые,0.5435225616284869,0.5227534436610027,0.5131779959320105
AOI-0039,2014-06-08,зерновые,0.4838224175065376,0.4887371511560029,0.4949411404850839
AOI-0039,2014-06-23,зерновые,0.4075989233498044,0.4252497214759643,0.45887133387069856
AOI-0039,2014-08-02,зерновые,0.3074550827181012,0.3225576083824716,0.3333551233295716
AOI-0039,2014-09-04,зерновые,0.27926006632692757,0.298046600631779,0.3232977596247551
AOI-0039,2015-04-24,зерновые,0.43342529960238096,0.43713094911729683,0.45891105367709356
AOI-0039,2015-05-10,зерновые,0.522849251596307,0.5096322335803241,0.505077608304387
AOI-0039,2015-06-10,зерновые,0.48184564753482684,0.4800392949594954,0.47096576644631455
AOI-0039,2015-07-28,зерновые,0.42100339948932214,0.41703409859492874,0.41468795665200736
AOI-0039,2015-08-14,зерновые,0.3511163541324161,0.3666770427995825,0.38215316104180413
AOI-0039,2015-08-21,зерновые,0.3460256052804516,0.35926801114922025,0.38085420407668513
AOI-0039,2015-09-22,зерновые,0.39570634301998453,0.40985569551581,0.43481636719247363
AOI-0039,2015-09-23,зерновые,0.40457361722884677,0.42360665449586965,0.45117761755068336
AOI-0039,2016-04-25,зерновые,0.6107186574809325,0.6135918682442116,0.618572001197753
AOI-0039,2016-05-08,зерновые,0.6849279561921472,0.6665548044425345,0.649760576264558
AOI-0039,2016-07-06,зерновые,0.4016832660537535,0.416349485210932,0.4490744487648908
AOI-0039,2016-09-08,зерновые,0.26536033242563173,0.2808292544769951,0.2999765349424217
AOI-0039,2016-10-03,зерновые,0.34710496502446475,0.35635245871176763,0.37484427760508576
AOI-0039,2016-10-15,зерновые,0.403217932843664,0.3932528012317414,0.39209975488692944
AOI-0039,2016-10-18,зерновые,0.3638527858493318,0.3754111750396208,0.40284863499661444
AOI-0039,2017-04-13,зерновые,0.3555012576158119,0.3876910871153427,0.4263227287111656
AOI-0039,2017-05-09,зерновые,0.6160787416255072,0.6046909931943683,0.5705661596601616
AOI-0039,2017-08-13,зерновые,0.40181840193566226,0.39005358872685514,0.364599572933706
AOI-0039,2017-08-19,зерновые,0.3705004634922447,0.3835179557705086,0.4022248305834436
AOI-0039,2017-09-10,зерновые,0.4301981070711456,0.43724920892703567,0.4625886429556806
AOI-0039,2017-09-11,зерновые,0.4396885721543945,0.43626661591931126,0.45094495754613406
AOI-0039,2017-09-17,зерновые,0.5031448754620242,0.5058480840281027,0.5072336736136173
AOI-0039,2017-09-22,зерновые,0.4989695707545997,0.5060043622857393,0.5192670755326896
AOI-0039,2018-05-01,зерновые,0.5507941501933363,0.5628271347699579,0.5664253046752246
AOI-0039,2018-08-14,зерновые,0.34187507054890426,0.37011395138403513,0.4015175277976708
AOI-0039,2018-08-21,зерновые,0.3740949912363173,0.3903286789891916,0.4053361242014379
AOI-0039,2018-08-29,зерновые,0.41110337460510477,0.39349052323771927,0.37147040985661234
AOI-0039,2019-04-25,зерновые,0.4754453934177957,0.48985331686209627,0.5131453002398989
AOI-0039,2019-06-02,зерновые,0.6455060231150679,0.649674274286664,0.6481312428098591
AOI-0039,2019-06-10,зерновые,0.4967123416831113,0.5029912134672097,0.48511567816579965
AOI-0039,2019-06-14,зерновые,0.45976886018752205,0.47097243600297106,0.49383092908676324
AOI-0039,2019-07-04,зерновые,0.33310044595242466,0.3526322255422328,0.3875242897401426
AOI-0039,2019-07-17,зерновые,0.34015663946744096,0.35026243365491555,0.3678721853096485
AOI-0039,2019-08-01,зерновые,0.45854379135411366,0.4726657839042418,0.48458720629652735
AOI-0039,2019-08-09,зерновые,0.4812385113817833,0.49692966812450284,0.4862380992697834
AOI-0039,2019-08-11,зерновые,0.46039578507202006,0.4730866973038191,0.4845290272045379
AOI-0039,2019-08-31,зерновые,0.37005140572157647,0.3871641540275225,0.41174159845664415
AOI-0039,2019-09-12,зерновые,0.32764904120478916,0.3417486736551582,0.3617526746817094
AOI-0039,2019-10-02,зерновые,0.41563419167712984,0.42243811985358987,0.44361582513374315
AOI-0039,2019-10-11,зерновые,0.5047556780502008,0.506407635144373,0.5071530857036063
AOI-0039,2019-10-12,зерновые,0.4243536428528881,0.4193304078944833,0.4236395845943312
AOI-0039,2019-10-16,зерновые,0.5915583961121931,0.572846891531215,0.5718738289154662
AOI-0039,2019-10-17,зерновые,0.5087994654655018,0.5083376414476882,0.503892420074803
AOI-0039,2019-10-25,зерновые,0.4596246349374634,0.4624307606247427,0.48551231045942467
AOI-0039,2020-04-12,зерновые,0.3474886428478424,0.36719064993631007,0.3942869751780753
AOI-0039,2020-04-21,зерновые,0.3967386575510095,0.40981244986308824,0.4293185478418552
AOI-0039,2020-04-24,зерновые,0.380339990186521,0.40157082092618823,0.4245893649923502
AOI-0039,2020-05-14,зерновые,0.5609118166292644,0.5586474038688307,0.5548222188749798
AOI-0039,2020-05-29,зерновые,0.5621718756178137,0.5535663748521493,0.5525520946959033
AOI-0039,2020-06-28,зерновые,0.47885802078099926,0.4791425506445144,0.5002907748844586
AOI-0039,2020-07-23,зерновые,0.30242095015425957,0.3102655686741171,0.32794964173582997
AOI-0039,2020-07-25,зерновые,0.31672429916989236,0.3312488846471667,0.35357857757496286
AOI-0039,2020-07-26,зерновые,0.28612585379755356,0.30283453359592477,0.31192123480978684
AOI-0039,2020-08-03,зерновые,0.3290736514892828,0.34802326828104546,0.3766153140996644
AOI-0039,2020-08-07,зерновые,0.2788126607757134,0.298529656022449,0.3273490448312993
AOI-0039,2020-08-18,зерновые,0.34522695907092216,0.34959544879617976,0.3697607949262834
AOI-0039,2020-08-19,зерновые,0.35975695305303745,0.37080541504743375,0.3889226969481064
AOI-0039,2020-08-27,зерновые,0.27938819972369766,0.2904394757933778,0.30159621452056007
AOI-0039,2020-09-09,зерновые,0.28968172367121764,0.2985964721367256,0.3177234335096045
AOI-0039,2020-10-11,зерновые,0.21507588632543856,0.2217993312374698,0.2469396957893331
AOI-0039,2020-10-26,зерновые,0.22823183437575717,0.2335032659520462,0.2514483659940721
AOI-0039,2021-04-23,зерновые,0.5094686335977425,0.5043151933950478,0.49933238338518043
AOI-0039,2021-05-12,зерновые,0.5727698802206863,0.5763001049436042,0.5861860132512726
AOI-0039,2021-05-17,зерновые,0.5860779190319716,0.6004156376498365,0.6087530825908914
AOI-0039,2021-05-22,зерновые,0.5704433851074148,0.5735163727242146,0.5822548521095865
AOI-0039,2021-06-26,зерновые,0.4708889213041029,0.47641959067151296,0.4632939324842483
AOI-0039,2021-07-26,зерновые,0.4487687713814258,0.44998397129228185,0.4494657390617357
AOI-0039,2021-08-07,зерновые,0.41091508302871416,0.42207167465995427,0.4352388567401786
AOI-0039,2021-08-25,зерновые,0.38624621366041173,0.3983739822211879,0.4305706004917524
AOI-0039,2021-08-29,зерновые,0.4428904618095692,0.42834661074983355,0.4245741253855863
AOI-0039,2021-09-06,зерновые,0.4848411527463953,0.48658713379988133,0.48732553454159183
AOI-0039,2021-09-19,зерновые,0.4336290273745603,0.43596102801349096,0.45571318318867476
AOI-0039,2021-10-09,зерновые,0.43195265705663716,0.43580799270509374,0.45482336737531137
AOI-0039,2022-04-12,зерновые,0.4119416759536881,0.41009755131553904,0.41302330002881094
AOI-0039,2022-05-28,зерновые,0.7444518045644571,0.7425174508943932,0.7588947955049806
AOI-0039,2022-06-05,зерновые,0.7313486213081377,0.7172571005866056,0.7079819299167368
AOI-0039,2022-06-16,зерновые,0.5920672187495237,0.5907628567759122,0.595928951064351
AOI-0039,2022-07-06,зерновые,0.5089722445742696,0.516398213114195,0.518529044201453
AOI-0039,2022-07-08,зерновые,0.4574834331605192,0.46888534665509995,0.4881347965679709
AOI-0039,2022-08-13,зерновые,0.36326047015061497,0.3658440811109525,0.339966380464152
AOI-0039,2022-08-30,зерновые,0.2950832446640921,0.30615193287265746,0.3266017003704297
AOI-0039,2022-10-01,зерновые,0.42783634980007773,0.42736311644421654,0.44351017133127346
AOI-0039,2023-05-09,зерновые,0.6857605953115387,0.6614426594228048,0.6347018118564384
AOI-0039,2023-06-13,зерновые,0.6998168094604693,0.7092980797802563,0.7284297038280236
AOI-0039,2023-06-21,зерновые,0.6299449367408908,0.630925862523593,0.6344011466823958
AOI-0039,2023-06-23,зерновые,0.6207337050017168,0.6076489238533188,0.6012472498082896
AOI-0039,2023-07-28,зерновые,0.42612894003979784,0.4056461647739627,0.37896415520475374
AOI-0039,2023-07-31,зерновые,0.3962810183851945,0.40082271820162485,0.4176521306103949
AOI-0039,2023-08-18,зерновые,0.3884925234921626,0.3989710655297516,0.4149729084057175
AOI-0039,2023-09-30,зерновые,0.4364248328716022,0.41728874514462144,0.39352743568360393
AOI-0039,2023-10-06,зерновые,0.41312114429406305,0.4196984450986157,0.434707571488811
AOI-0039,2023-10-11,зерновые,0.42607906597714357,0.4208483021478516,0.43619283720064145
AOI-0039,2023-10-15,зерновые,0.4377903678291656,0.44758848325721134,0.4678149937597754
AOI-0039,2023-10-29,зерновые,0.40989267906133114,0.41748947002368103,0.4355859085332689
AOI-0039,2024-04-08,зерновые,0.4782578227111484,0.4791543871479822,0.48061088083597775
AOI-0039,2024-05-23,зерновые,0.6316881274406553,0.6262576619082616,0.6291194998111579
AOI-0039,2024-06-09,зерновые,0.5159726133876188,0.4991723198897629,0.4779697780841487
AOI-0039,2024-06-19,зерновые,0.48421576485801293,0.4999090799789032,0.5056086306664344
AOI-0039,2024-07-15,зерновые,0.33232211417998825,0.34407942639607586,0.3625405936309573
AOI-0039,2024-07-21,зерновые,0.35666050202051136,0.3784296534655275,0.41086459681757703
AOI-0039,2024-08-21,зерновые,0.29077301886632667,0.30666085195801135,0.32776389105220594
AOI-0039,2024-08-31,зерновые,0.28705906280459936,0.29857964520922037,0.31729296436901944
AOI-0039,2024-09-13,зерновые,0.29588913687387025,0.29512789071279616,0.273246364876111
AOI-0039,2024-09-18,зерновые,0.2759779111217305,0.28852959131201145,0.32010684023545494
AOI-0039,2024-10-30,зерновые,0.21370309206875407,0.21325999257717718,0.233242421022872
AOI-0042,2010-06-04,зерновые,0.1917418214296514,0.18711557338792484,0.18196376537183734
AOI-0042,2010-06-05,зерновые,0.18865318885191246,0.18442126015765897,0.179376422833126
AOI-0042,2010-07-15,зерновые,0.16528229113690834,0.16541611760501276,0.1645029782261004
AOI-0042,2010-08-15,зерновые,0.1324390933453823,0.13343866537925267,0.12635179083615242
AOI-0042,2010-08-31,зерновые,0.14626988121556136,0.14549781857334113,0.14158308781963494
AOI-0042,2010-10-16,зерновые,0.22460691674477165,0.2225968340021251,0.21372978975757967
AOI-0042,2011-05-14,зерновые,0.6503642418248134,0.6423025443741632,0.637948105411625
AOI-0042,2011-05-30,зерновые,0.7313692965277732,0.732022316697252,0.7247189129455243
AOI-0042,2011-07-02,зерновые,0.23179693742158153,0.2321289531317849,0.2334337629763352
AOI-0042,2011-07-28,зерновые,0.23168804424465944,0.23018499996399214,0.22602560456414525
AOI-0042,2011-08-13,зерновые,0.23534793238907042,0.2343436322986832,0.23052609802518587
AOI-0042,2011-08-29,зерновые,0.2571596654276385,0.2574500443074879,0.2554677182343554
AOI-0042,2011-09-27,зерновые,0.2654914972047817,0.26484045492221353,0.2590097030093646
AOI-0042,2011-10-16,зерновые,0.3481168051537441,0.3484977666310358,0.3559030339322772
AOI-0042,2012-06-25,зерновые,0.2629248202193111,0.2444693174027611,0.2226504328706628
AOI-0042,2012-07-20,зерновые,0.2236320221847879,0.2229159002791988,0.21971866693387254
AOI-0042,2012-08-28,зерновые,0.2675853354241725,0.26330899869945273,0.2509550275892139
AOI-0042,2013-04-26,зерновые,0.2035818355171616,0.20283590791202144,0.197407321420258
AOI-0042,2013-05-11,зерновые,0.218114545193675,0.21794061860724198,0.2114592666533768
AOI-0042,2013-06-13,зерновые,0.3862072526293084,0.38471587321973794,0.3894260148264906
AOI-0042,2013-09-08,зерновые,0.2556785950602068,0.251221342957699,0.24792248363875105
AOI-0042,2014-04-05,зерновые,0.24695815320498418,0.23952507814683116,0.23197667724446464
AOI-0042,2014-06-16,зерновые,0.23189712464545145,0.22764595707253463,0.22759274999046544
AOI-0042,2014-10-16,зерновые,0.17808293316104423,0.17112755199562438,0.1591542165987781
AOI-0042,2015-07-13,зерновые,0.19759403009552018,0.19594865672128878,0.19098797138509746
AOI-0042,2015-08-29,зерновые,0.20856480741121755,0.20295471210007668,0.19234874451258221
AOI-0042,2015-09-06,зерновые,0.15702457673633866,0.15316560184392966,0.15353450203948965
AOI-0042,2015-09-23,зерновые,0.19916954129842906,0.20153805046699189,0.20125177011900108
AOI-0042,2015-10-16,зерновые,0.2692293147118121,0.2662848574703215,0.2499895943588228
AOI-0042,2016-06-21,зерновые,0.22769837106699833,0.2279837813930833,0.22971501924988902
AOI-0042,2016-07-15,зерновые,0.16799884030803988,0.1681200198403974,0.16717429602538636
AOI-0042,2016-08-16,зерновые,0.19455500760190134,0.190815835782161,0.18665697808666437
AOI-0042,2017-04-13,зерновые,0.1633604707516969,0.16804419058865233,0.16833071722141926
AOI-0042,2017-04-28,зерновые,0.16947513763263627,0.17338355743731473,0.17048633776060343
AOI-0042,2017-05-07,зерновые,0.20278542427957347,0.20530973960494214,0.20404811024834507
AOI-0042,2017-05-23,зерновые,0.19393994726783798,0.19735780207274756,0.1963139212674796
AOI-0042,2017-06-07,зерновые,0.1959823935143954,0.192162343351096,0.18711127522070853
AOI-0042,2017-06-08,зерновые,0.20172606223550688,0.19710815544271348,0.1917113720158688
AOI-0042,2017-07-25,зерновые,0.16883330155013507,0.17415378484758443,0.17282427412048246
AOI-0042,2017-07-26,зерновые,0.19455937850017965,0.19792845087968133,0.19953689440083439
AOI-0042,2017-08-03,зерновые,0.16632386874377675,0.1634973141902601,0.16083988786363462
AOI-0042,2017-08-06,зерновые,0.14742564906952782,0.1483694382160989,0.14431206627386056
AOI-0042,2017-08-13,зерновые,0.1971596600540808,0.18771839672168328,0.17300086923546873
AOI-0042,2017-08-19,зерновые,0.13948082739056777,0.14072446644750297,0.13946705102663615
AOI-0042,2017-08-26,зерновые,0.12931201401261339,0.13074881459996554,0.12527778281354623
AOI-0042,2017-10-05,зерновые,0.19808455296507965,0.19975792283611107,0.20575475712037386
AOI-0042,2018-05-05,зерновые,0.6502278403240404,0.6567741048113924,0.6592271741249619
AOI-0042,2018-05-25,зерновые,0.5783305388880529,0.5586658203863063,0.5222583179100676
AOI-0042,2018-06-12,зерновые,0.2797660973934439,0.27979635021468385,0.28250554510536585
AOI-0042,2018-08-21,зерновые,0.193607798849098,0.19398205779960317,0.18974721607488268
AOI-0042,2018-10-01,зерновые,0.22257483689656254,0.2240547536662666,0.2185010112011692
AOI-0042,2019-04-10,зерновые,0.1667968195699381,0.1654186879676994,0.15977938874549222
AOI-0042,2019-04-27,зерновые,0.2069438611085303,0.20534280660842627,0.2017399459946424
AOI-0042,2019-06-21,зерновые,0.16347642700222992,0.16353651590110252,0.16279077873045422
AOI-0042,2019-06-22,зерновые,0.12842063397046372,0.13336096783461637,0.12928752766749227
AOI-0042,2019-08-03,зерновые,0.15285694822738344,0.1529234873293579,0.14492146349940566
AOI-0042,2019-08-16,зерновые,0.13983904495167226,0.14133984043207898,0.13433654435779974
AOI-0042,2019-08-26,зерновые,0.13009606991965383,0.1345765716340593,0.1330610480195031
AOI-0042,2019-09-02,зерновые,0.15954923588280398,0.15880372186483183,0.1561102675659506
AOI-0042,2019-09-10,зерновые,0.1490752584471434,0.1513609970991561,0.14951989300355878
AOI-0042,2019-09-22,зерновые,0.16563468083963814,0.16075135787884592,0.15296270078720817
AOI-0042,2019-10-19,зерновые,0.5362383044572149,0.5280181767943355,0.5321005312053841
AOI-0042,2019-10-20,зерновые,0.5223354620071945,0.5180520885970373,0.5289214441060267
AOI-0042,2019-10-28,зерновые,0.5132796456344587,0.5214788949209819,0.5446777519865513
AOI-0042,2020-04-06,зерновые,0.7598650785067607,0.7587435654060024,0.7485278305325875
AOI-0042,2020-05-04,зерновые,0.7639613102238453,0.7607688090638997,0.7445781725214978
AOI-0042,2020-07-03,зерновые,0.15862104074774344,0.16070397761553246,0.1533646024234409
AOI-0042,2020-07-25,зерновые,0.17116208015168963,0.16730404214242955,0.16228677888188833
AOI-0042,2020-08-27,зерновые,0.11340220500040665,0.10970677135451014,0.09995080137037148
AOI-0042,2020-09-29,зерновые,0.16904574416156729,0.15882605852335294,0.14574162634852061
AOI-0042,2021-04-07,зерновые,0.17457160229088228,0.1633498243343426,0.15522741928379605
AOI-0042,2021-04-12,зерновые,0.1534759095439981,0.1466772732773557,0.1438150291972653
AOI-0042,2021-05-17,зерновые,0.1574894759920306,0.16602583945931232,0.161531882545846
AOI-0042,2021-06-23,зерновые,0.15716943536061787,0.1486437453551959,0.13742873949756557
AOI-0042,2021-07-01,зерновые,0.1353162464853079,0.13106050961823443,0.12248757944900865
AOI-0042,2021-07-11,зерновые,0.13328486238304876,0.13537337427567542,0.13067156066519173
AOI-0042,2021-07-13,зерновые,0.14916728442853938,0.1536993564034097,0.14579686200194214
AOI-0042,2021-07-21,зерновые,0.12321651898537214,0.12532628780270463,0.11949240027657872
AOI-0042,2021-07-28,зерновые,0.18093389604357793,0.17240162966650505,0.15563295763945417
AOI-0042,2021-07-31,зерновые,0.131020390029638,0.13129767156237152,0.12499262542901522
AOI-0042,2021-08-17,зерновые,0.13922204962891832,0.14258743503118085,0.13191618754795323
AOI-0042,2021-09-14,зерновые,0.15648400885244537,0.1533368008281495,0.14194742587382525
AOI-0042,2022-04-12,зерновые,0.5698886684419573,0.5727242909748034,0.5621355862261933
AOI-0042,2022-04-27,зерновые,0.7762261687437894,0.7749486130144265,0.7622691160916641
AOI-0042,2022-05-09,зерновые,0.7740614778330779,0.7612658360073418,0.7508345027187717
AOI-0042,2022-05-14,зерновые,0.7774686437120766,0.7745968210148141,0.761786821387521
AOI-0042,2022-05-25,зерновые,0.7606185967923452,0.7472766968905571,0.7280825132714713
AOI-0042,2022-06-05,зерновые,0.7741136737234062,0.7662424900058151,0.7571367519163019
AOI-0042,2022-06-21,зерновые,0.2663207596971507,0.264725145778737,0.26109861889633806
AOI-0042,2022-07-24,зерновые,0.14112281916685615,0.14015969041164417,0.13707510810343962
AOI-0042,2022-08-10,зерновые,0.14418658283890773,0.14579321845555496,0.14147388834134964
AOI-0042,2022-08-17,зерновые,0.12217798533278341,0.1183689465380224,0.10748273353881685
AOI-0042,2022-09-14,зерновые,0.19004846294012395,0.18396383126211754,0.17367903433856324
AOI-0042,2022-10-19,зерновые,0.14596153154969346,0.14691865459927564,0.1536151619747034
AOI-0042,2023-04-23,зерновые,0.3216575483760145,0.31482462756458296,0.31893496530799864
AOI-0042,2023-05-02,зерновые,0.1819413333569441,0.1856617919434966,0.18113323754786415
AOI-0042,2023-05-19,зерновые,0.21599897977024055,0.21559970957952604,0.20033207526262287
AOI-0042,2023-06-08,зерновые,0.18101756258143806,0.17256670480823924,0.16478504727019155
AOI-0042,2023-06-10,зерновые,0.3072753083871575,0.29430312055564856,0.2911305977044001
AOI-0042,2023-06-21,зерновые,0.1467035965903856,0.13817442630373272,0.12948819038676532
AOI-0042,2023-06-23,зерновые,0.18582976304084248,0.16367032016265015,0.15281447937718154
AOI-0042,2023-06-26,зерновые,0.2063759909007067,0.1964495588880843,0.1765232190680195
AOI-0042,2023-07-03,зерновые,0.17365647505933568,0.18053698864693102,0.17614403129693426
AOI-0042,2023-07-06,зерновые,0.1406611538402439,0.1410289456893612,0.13732354696609522
AOI-0042,2023-07-28,зерновые,0.21334872336755567,0.19891376627592933,0.1847468321701334
AOI-0042,2023-08-07,зерновые,0.16395077957997706,0.15711078421006525,0.14339611855250506
AOI-0042,2023-08-08,зерновые,0.15172102128664638,0.14484410025153238,0.1362425253652917
AOI-0042,2023-08-15,зерновые,0.1434165817603032,0.1430508780624257,0.13965566827137754
AOI-0042,2023-08-20,зерновые,0.1284593917661727,0.12692470606943282,0.12294070624790929
AOI-0042,2023-09-01,зерновые,0.15400169157096127,0.14330469735002746,0.13429432592032078
AOI-0042,2023-10-01,зерновые,0.1783849891851535,0.17539101636930796,0.16461928530216996
AOI-0042,2023-10-09,зерновые,0.17611329658610447,0.17590451449548986,0.17103193974185738
AOI-0042,2023-10-30,зерновые,0.41856685139177985,0.4071738512185399,0.4244519374852574
AOI-0042,2024-05-17,зерновые,0.800346116278859,0.799059108807342,0.7837848830155398
AOI-0042,2024-05-23,зерновые,0.7716768977356618,0.7604166733747906,0.7404942200638626
AOI-0042,2024-06-11,зерновые,0.3310531369972277,0.3200371465057107,0.31400366276777425
AOI-0042,2024-06-18,зерновые,0.273729444188722,0.27003219082222735,0.2689990379127288
AOI-0042,2024-06-19,зерновые,0.2720567096413465,0.27025356269961115,0.2720739591098171
AOI-0042,2024-07-02,зерновые,0.1913109543184964,0.18466290379203631,0.17681144075309685
AOI-0042,2024-07-20,зерновые,0.12336138255615041,0.12013184473799593,0.11311138837485617
AOI-0042,2024-07-29,зерновые,0.16858663885086628,0.16706556839571696,0.16860517851832216
AOI-0042,2024-07-30,зерновые,0.11403432132195675,0.11031920520961729,0.10367822199197779
AOI-0042,2024-08-12,зерновые,0.1544450725767566,0.1503526191794205,0.1382091464572152
AOI-0042,2024-08-13,зерновые,0.15218244903415745,0.148180147892812,0.14595506328881383
AOI-0042,2024-08-16,зерновые,0.11771406048479667,0.10894139827717793,0.09919772570182575
AOI-0042,2024-08-19,зерновые,0.10360574200494568,0.09496108425186081,0.09402857398590957
AOI-0042,2024-08-21,зерновые,0.11394025240392167,0.10624543989841147,0.09881646195665392
AOI-0042,2024-08-31,зерновые,0.12156642033555184,0.11142163690390182,0.10206563341760214
AOI-0042,2024-09-15,зерновые,0.12975288572773724,0.12176085897018907,0.11386252138204489
AOI-0042,2024-09-23,зерновые,0.13370986649694744,0.12617918523771432,0.11957605665665379
AOI-0042,2024-09-25,зерновые,0.1407025639456537,0.13258126734677964,0.12143997903269975
AOI-0042,2024-09-30,зерновые,0.12971881440505992,0.12131453648942779,0.1140868147817405
AOI-0042,2024-10-01,зерновые,0.14697423874762036,0.14536707608612343,0.1459100908884674
AOI-0042,2024-10-13,зерновые,0.09542634312412504,0.08706342831142255,0.0795632576638197
AOI-0042,2024-10-30,зерновые,0.12898951719639806,0.1157251272165188,0.10600949343354094
AOI-0047,2010-04-24,зерновые,0.21065806401502446,0.2104971745957765,0.210501761672353
AOI-0047,2010-05-09,зерновые,0.3164069064707252,0.3206871144409755,0.3405265441654397
AOI-0047,2010-06-26,зерновые,0.7754467578344953,0.7828850121502076,0.7863784734656513
AOI-0047,2010-07-21,зерновые,0.7345646373406937,0.7398895952570859,0.7447621016363383
AOI-0047,2010-07-28,зерновые,0.6684561192227848,0.6657318463136913,0.6581143147698544
AOI-0047,2011-05-25,зерновые,0.6875426141134465,0.6971965558805223,0.7234565870558194
AOI-0047,2011-07-16,зерновые,0.30826925241779124,0.3179298024024537,0.3276070276209072
AOI-0047,2011-08-13,зерновые,0.24442887750311665,0.25740228938986204,0.2704172555928557
AOI-0047,2011-08-29,зерновые,0.24190696948600135,0.2549948350261999,0.2711250987658752
AOI-0047,2012-07-02,зерновые,0.3165754549120543,0.3262658222635508,0.336976688150089
AOI-0047,2012-07-18,зерновые,0.28328986434485903,0.29377136475864896,0.2998856615094929
AOI-0047,2012-09-29,зерновые,0.22257828971144455,0.22586311352375898,0.23461697794355307
AOI-0047,2013-06-11,зерновые,0.22426939761397544,0.22822374150627497,0.23416187396854812
AOI-0047,2013-07-21,зерновые,0.3050400931047553,0.3098155845229627,0.31957487457773576
AOI-0047,2014-06-30,зерновые,0.25346783523851035,0.2611991273499188,0.2825283392923639
AOI-0047,2014-07-12,зерновые,0.29371349673566227,0.30305388430733426,0.30957196233347933
AOI-0047,2014-07-16,зерновые,0.2297837971202247,0.23018991323332932,0.24573401807453624
AOI-0047,2015-06-01,зерновые,0.7780217045486955,0.7746942309900247,0.7848489513701786
AOI-0047,2015-07-11,зерновые,0.36336958415155773,0.37333951900650564,0.3783217473326628
AOI-0047,2015-09-14,зерновые,0.26132980344121737,0.26610931506123753,0.2799915701857116
AOI-0047,2016-06-25,зерновые,0.7673652035041127,0.768052513339158,0.7665472763276201
AOI-0047,2016-08-28,зерновые,0.4065863951464367,0.41350361645967326,0.41490804547842164
AOI-0047,2016-09-13,зерновые,0.3846548383318832,0.3823488814128131,0.38775942372094274
AOI-0047,2016-10-09,зерновые,0.24817588786786096,0.24771433453597785,0.2696370698888276
AOI-0047,2017-04-03,зерновые,0.1868441311971505,0.1858101827427983,0.1932872159832117
AOI-0047,2017-04-07,зерновые,0.338447470367287,0.3385256525255016,0.35113460443256
AOI-0047,2017-04-28,зерновые,0.3160651694373534,0.3088676391849686,0.3089838411260296
AOI-0047,2017-07-28,зерновые,0.21190300485391494,0.2245672005611699,0.23684442455740362
AOI-0047,2018-05-09,зерновые,0.31873602513390176,0.3252224745723165,0.33967760227787797
AOI-0047,2018-06-09,зерновые,0.2232567482549262,0.21700487944161562,0.2240766452569578
AOI-0047,2018-06-10,зерновые,0.25759575492956116,0.2553964659170907,0.261350557905696
AOI-0047,2018-06-15,зерновые,0.17296355317032397,0.17682942327008475,0.17686158427098528
AOI-0047,2018-07-02,зерновые,0.1829878004232369,0.18340287855404389,0.1863032020481597
AOI-0047,2018-07-28,зерновые,0.3156425966898224,0.33230656096107086,0.3396478426373819
AOI-0047,2018-09-29,зерновые,0.19880619264406452,0.20409494139603465,0.21234067362396733
AOI-0047,2018-10-07,зерновые,0.18825602029278102,0.18495411842547546,0.1884987080172313
AOI-0047,2019-05-27,зерновые,0.9128907030715881,0.9191579300096298,0.9193651852169714
AOI-0047,2019-05-28,зерновые,0.9051140471364088,0.9047058202652616,0.9080475162529053
AOI-0047,2019-06-15,зерновые,0.5389402270692353,0.5530544659633353,0.5680544477335577
AOI-0047,2019-06-30,зерновые,0.24055953856684517,0.246242180874638,0.2583358547262077
AOI-0047,2019-08-19,зерновые,0.3397350442488536,0.3479420676982668,0.35320294002843
AOI-0047,2019-08-29,зерновые,0.30796966356955513,0.31035106798189643,0.3052903620538022
AOI-0047,2019-08-31,зерновые,0.2517206945084303,0.25194620791523664,0.25882350185011466
AOI-0047,2019-09-14,зерновые,0.3249144554347586,0.32604593772934004,0.33254189464201983
AOI-0047,2019-09-30,зерновые,0.34926439477159754,0.35298141077229395,0.36046327178408744
AOI-0047,2019-10-13,зерновые,0.3913870623586596,0.39088392679517836,0.4179355265402794
AOI-0047,2019-10-16,зерновые,0.46895955941772877,0.47079469923641604,0.48851988218951714
AOI-0047,2020-04-06,зерновые,0.2987775860487435,0.3048801277696646,0.3178756524285926
AOI-0047,2020-04-30,зерновые,0.1725382300359649,0.1706201088287548,0.18461845488872328
AOI-0047,2020-06-04,зерновые,0.2508964494405438,0.24720445608931366,0.25381227275671947
AOI-0047,2020-06-16,зерновые,0.19345380012269603,0.19482588453246202,0.20216559989626126
AOI-0047,2020-07-16,зерновые,0.10977978053949726,0.11251536112038553,0.1252269612965755
AOI-0047,2020-08-03,зерновые,0.14301415688831848,0.14793901958731015,0.15656452242694158
AOI-0047,2020-08-08,зерновые,0.13782137745224626,0.14245752869629658,0.15161554794836962
AOI-0047,2020-10-05,зерновые,0.14296577165751695,0.14283911741011768,0.15290141374667565
AOI-0047,2020-10-20,зерновые,0.20278929694224637,0.20009995217870383,0.21469680719428033
AOI-0047,2020-10-22,зерновые,0.10545183404820753,0.11018775272741116,0.11915676708629619
AOI-0047,2021-05-16,зерновые,0.8618904315691076,0.8498060543209952,0.8486979777386359
AOI-0047,2021-05-17,зерновые,0.8311669760521673,0.8225802389905817,0.8214454441162633
AOI-0047,2021-05-20,зерновые,0.8467749923991308,0.8486405343916293,0.8602857823345267
AOI-0047,2021-06-09,зерновые,0.8581669481145344,0.8525062353304763,0.8643059487320655
AOI-0047,2021-07-11,зерновые,0.264533836591857,0.2644092720294988,0.2717656347776101
AOI-0047,2021-07-19,зерновые,0.19083916197792983,0.1927211710902293,0.19886241860489048
AOI-0047,2021-08-30,зерновые,0.25326042082401534,0.26548418223855225,0.27351512815162665
AOI-0047,2021-09-02,зерновые,0.22827358388090618,0.23182667390484035,0.23489720465469238
AOI-0047,2021-09-07,зерновые,0.3881214195684924,0.3885936694810871,0.4108056962667253
AOI-0047,2021-10-16,зерновые,0.6516635219161854,0.6509233913271408,0.6495118686389194
AOI-0047,2022-04-05,зерновые,0.24613040159994362,0.2504755661796941,0.25623560400994994
AOI-0047,2022-04-10,зерновые,0.2789815815114535,0.2805548955256602,0.28555971346108794
AOI-0047,2022-05-30,зерновые,0.1861062400465315,0.20275317129384246,0.20470223444690477
AOI-0047,2022-06-04,зерновые,0.18370233266144348,0.19200319194416696,0.19882903123187257
AOI-0047,2022-06-08,зерновые,0.20361871787739788,0.2008383412969592,0.21275841655402253
AOI-0047,2022-06-11,зерновые,0.18557648685787737,0.18614168526354688,0.1869328952816559
AOI-0047,2022-06-19,зерновые,0.1686579170987612,0.17538812071666343,0.17370721840802117
AOI-0047,2022-06-21,зерновые,0.1749663570171398,0.17609174296396768,0.18089245823797132
AOI-0047,2022-07-14,зерновые,0.14683663974710517,0.1490373778014249,0.15573565832587696
AOI-0047,2022-07-30,зерновые,0.19526384333408328,0.19990942881242857,0.21323497459142676
AOI-0047,2022-08-07,зерновые,0.17653286515582473,0.17676387624922832,0.18743529018487554
AOI-0047,2022-08-08,зерновые,0.15294566989785272,0.15383721080439633,0.16159831709446615
AOI-0047,2022-08-10,зерновые,0.15340237949734686,0.15370256962456263,0.16250098260594567
AOI-0047,2022-08-13,зерновые,0.18613141232101404,0.1871280324825227,0.18750289411708532
AOI-0047,2022-08-30,зерновые,0.15671993867332867,0.15846271000834428,0.16001327208726093
AOI-0047,2022-09-01,зерновые,0.17253650133831877,0.17219177346810383,0.17887307362542196
AOI-0047,2022-10-18,зерновые,0.3491582849694682,0.34629447205796954,0.3618651921993286
AOI-0047,2023-06-16,зерновые,0.7570790247649869,0.7575414977197774,0.7640125740950666
AOI-0047,2023-07-17,зерновые,0.2372487638052771,0.24206900529827222,0.258361033078448
AOI-0047,2023-07-25,зерновые,0.21879236944203537,0.2242383054403612,0.2400460279293476
AOI-0047,2023-07-26,зерновые,0.17712332048830162,0.1820340673143299,0.1860594394074298
AOI-0047,2023-08-05,зерновые,0.16569884012438385,0.17293464640246392,0.17949597683232993
AOI-0047,2023-08-15,зерновые,0.15464200350808394,0.16100231199428008,0.17042765866867934
AOI-0047,2023-09-17,зерновые,0.15767846937747643,0.1609808330791256,0.17423333512571182
AOI-0047,2023-09-22,зерновые,0.1589354808910804,0.16394991153656513,0.17940195246759127
AOI-0047,2023-09-27,зерновые,0.17464106963767959,0.17249473588220005,0.18366679501848052
AOI-0047,2023-10-04,зерновые,0.16003702131626266,0.15673775700888729,0.16660183139543208
AOI-0047,2023-10-22,зерновые,0.17825589206102363,0.17556508771596588,0.18000380191668947
AOI-0047,2024-04-29,зерновые,0.24479943361073936,0.25417533118643537,0.2617629941849678
AOI-0047,2024-05-04,зерновые,0.2392344442529859,0.2357571402493233,0.24079178433927118
AOI-0047,2024-05-24,зерновые,0.2795438099463424,0.2695567108925145,0.2636599349859309
AOI-0047,2024-06-10,зерновые,0.25416872451748046,0.2563635283405002,0.26058555542341055
AOI-0047,2024-06-25,зерновые,0.27965472062191254,0.2762071604840355,0.26947983008018717
AOI-0047,2024-07-30,зерновые,0.2333035365262277,0.23751066277687183,0.24137211957561955
AOI-0047,2024-09-11,зерновые,0.17059105571914487,0.1730833463519944,0.18382858112338146
AOI-0047,2024-10-08,зерновые,0.12208684850528122,0.1267945812528888,0.1406270179411359
AOI-0047,2024-10-13,зерновые,0.11297752055719071,0.10824693593909024,0.12464821354736245
AOI-0047,2024-10-15,зерновые,0.2513794033335028,0.24635718725775888,0.2576722735292525
AOI-0049,2010-08-04,озимая пшеница,0.5518021231097587,0.5466877322210089,0.5495242659669698
AOI-0049,2010-08-28,озимая пшеница,0.18334958941860258,0.18413668659695195,0.1834589994321478
AOI-0049,2010-09-05,озимая пшеница,0.1802154387318077,0.1769643207514481,0.1764693914651351
AOI-0049,2010-09-30,озимая пшеница,0.27889537389457486,0.27738774015899104,0.2822068648355503
AOI-0049,2011-04-26,озимая пшеница,0.624985148518027,0.6084144709280495,0.6078127371121902
AOI-0049,2011-05-25,озимая пшеница,0.8311214587641771,0.8241340993498343,0.8207300456709438
AOI-0049,2011-05-27,озимая пшеница,0.8497842826067512,0.8439693221609198,0.8371099475156383
AOI-0049,2011-06-12,озимая пшеница,0.7508613016581784,0.7596624636579244,0.7687881773448614
AOI-0049,2011-07-12,озимая пшеница,0.3423433462583333,0.341380945046856,0.34600083190602465
AOI-0049,2011-09-08,озимая пшеница,0.19487884650122642,0.1905919902202184,0.18957836399624786
AOI-0049,2011-09-24,озимая пшеница,0.19591427013967455,0.19221954881818623,0.18962501274636664
AOI-0049,2011-10-11,озимая пшеница,0.2640191679860243,0.25521749129348853,0.2544951733445062
AOI-0049,2011-10-27,озимая пшеница,0.29597246742918754,0.28850122242802334,0.28825902545038
AOI-0049,2012-05-06,озимая пшеница,0.2314263500673978,0.22651276288123298,0.22152831122010913
AOI-0049,2012-05-08,озимая пшеница,0.3827274570594331,0.3871152122542059,0.3904363361304991
AOI-0049,2012-09-18,озимая пшеница,0.26523002041158383,0.26315889995652497,0.26572755350776317
AOI-0049,2012-10-15,озимая пшеница,0.29760814011127623,0.2900041176331383,0.2962918314306549
AOI-0049,2013-05-25,озимая пшеница,0.4673725930698972,0.46608151842642664,0.4609097663459604
AOI-0049,2013-06-17,озимая пшеница,0.5491081602852047,0.5363849472180154,0.5334183145561534
AOI-0049,2013-07-11,озимая пшеница,0.7699601217615533,0.7704613031266222,0.7654793548080644
AOI-0049,2013-08-05,озимая пшеница,0.6885031690357275,0.6956763243650248,0.7061725737270398
AOI-0049,2013-08-20,озимая пшеница,0.42160003654357264,0.41831090004505805,0.4175747967880508
AOI-0049,2013-09-30,озимая пшеница,0.30988489908048045,0.3112704691631053,0.31524016479113687
AOI-0049,2013-10-24,озимая пшеница,0.19881033305702306,0.19851629056460554,0.20615652025533074
AOI-0049,2014-04-18,озимая пшеница,0.7939332688334765,0.7919632136771108,0.7900760406480974
AOI-0049,2014-05-09,озимая пшеница,0.8624665090377585,0.8548501595723622,0.8507466598492446
AOI-0049,2014-07-12,озимая пшеница,0.30932571642381923,0.308861826790152,0.3118428046167793
AOI-0049,2014-09-16,озимая пшеница,0.24065981212545898,0.24159244999907278,0.23977869027874185
AOI-0049,2015-04-13,озимая пшеница,0.2123880938318321,0.20320588236245823,0.20291277731680743
AOI-0049,2015-05-22,озимая пшеница,0.29970616267748984,0.29690101829377624,0.29863357769740384
AOI-0049,2015-07-12,озимая пшеница,0.7635538671806146,0.7566125082903983,0.7508729398721488
AOI-0049,2015-07-25,озимая пшеница,0.8001914991150816,0.7977648701707672,0.79514494077812
AOI-0049,2015-07-28,озимая пшеница,0.6829165904781296,0.6760426943043216,0.6682067505825677
AOI-0049,2015-09-30,озимая пшеница,0.20786362493380245,0.20626854874159495,0.20943957101744334
AOI-0049,2015-10-30,озимая пшеница,0.21810888799613487,0.20678572348302843,0.19922469727035322
AOI-0049,2016-04-22,озимая пшеница,0.8356944422068958,0.8329295714160044,0.8332197383881402
AOI-0049,2016-08-28,озимая пшеница,0.2725600313939658,0.2758824388011145,0.2752241273996497
AOI-0049,2016-09-14,озимая пшеница,0.23742510298003672,0.24293995453285058,0.24386188342649698
AOI-0049,2016-09-29,озимая пшеница,0.4498225327375172,0.45346677268558766,0.45920946837715565
AOI-0049,2017-06-21,озимая пшеница,0.8682579474212778,0.8717456510760972,0.8712275110508785
AOI-0049,2017-07-14,озимая пшеница,0.8164639574465777,0.8210601065615704,0.8184290442522768
AOI-0049,2017-08-13,озимая пшеница,0.44096749141032776,0.44008556293747614,0.4380244993997222
AOI-0049,2017-09-13,озимая пшеница,0.2262526110651269,0.23335288736612966,0.23491832600305917
AOI-0049,2017-09-17,озимая пшеница,0.2485827660730088,0.2537922709476226,0.26228058232350454
AOI-0049,2018-05-09,озимая пшеница,0.8509333381082541,0.8414448021783363,0.8400679797431
AOI-0049,2018-06-16,озимая пшеница,0.2962195007613021,0.2971297348995223,0.30650485115349907
AOI-0049,2018-06-24,озимая пшеница,0.23871176705731098,0.2309817205571512,0.23658751969083483
AOI-0049,2018-07-10,озимая пшеница,0.18919370459695767,0.18525637829509653,0.18819417541287958
AOI-0049,2018-08-02,озимая пшеница,0.17476928596716318,0.17527772116504814,0.17936253097547009
AOI-0049,2018-08-10,озимая пшеница,0.17597299904502206,0.1818588167265094,0.18704138901170314
AOI-0049,2018-08-27,озимая пшеница,0.17738842791249396,0.17280631655469036,0.17323322151920575
AOI-0049,2018-09-18,озимая пшеница,0.1398034010229265,0.14686086783579466,0.14772219220380015
AOI-0049,2018-10-06,озимая пшеница,0.19346866653266126,0.18907870449569217,0.1937356616901598
AOI-0049,2019-04-21,озимая пшеница,0.2099163510323246,0.21209747836215642,0.20828120295179905
AOI-0049,2019-07-12,озимая пшеница,0.6174906887735487,0.616151989382559,0.6149967583751852
AOI-0049,2019-09-03,озимая пшеница,0.25741211378620077,0.2609672719097683,0.26142957351923496
AOI-0049,2019-09-23,озимая пшеница,0.15119991985756234,0.15097703215503128,0.15449972649929852
AOI-0049,2020-04-02,озимая пшеница,0.52659230349575,0.5253412067765169,0.5216243068313108
AOI-0049,2020-04-18,озимая пшеница,0.6476086085792551,0.6361234802206346,0.6383475545536847
AOI-0049,2020-04-25,озимая пшеница,0.7395950853152728,0.7421750077592404,0.738087003607741
AOI-0049,2020-04-26,озимая пшеница,0.7536763893660877,0.7462648898205964,0.7404275044007623
AOI-0049,2020-05-11,озимая пшеница,0.8481297635221411,0.8444675889358954,0.8400651678872254
AOI-0049,2020-05-28,озимая пшеница,0.8563769741487606,0.8527651342362542,0.8457110443552555
AOI-0049,2020-06-05,озимая пшеница,0.8434221613265424,0.8469534440128992,0.8450647581648563
AOI-0049,2020-07-15,озимая пшеница,0.19515930429359213,0.19993037200826938,0.20669343414553523
AOI-0049,2020-07-31,озимая пшеница,0.14096511932823236,0.13491226183371807,0.136763040676306
AOI-0049,2020-08-13,озимая пшеница,0.13105929698720947,0.13288645230489826,0.13148698498229544
AOI-0049,2020-08-15,озимая пшеница,0.14231200890966983,0.1426624422787478,0.14222180315330488
AOI-0049,2020-08-31,озимая пшеница,0.18252224209613216,0.18272812468040953,0.18344798806641005
AOI-0049,2020-09-02,озимая пшеница,0.1486334420238918,0.14994413696896647,0.14933087970087064
AOI-0049,2020-09-13,озимая пшеница,0.2242882421090328,0.22474334107498645,0.2263882250352561
AOI-0049,2020-09-27,озимая пшеница,0.13412935814545235,0.12972126046989532,0.12901806354197562
AOI-0049,2020-10-07,озимая пшеница,0.14075586932495412,0.13984189860706567,0.14358690758614687
AOI-0049,2021-04-23,озимая пшеница,0.39525108090565464,0.40265738758440683,0.409238890352418
AOI-0049,2021-06-09,озимая пшеница,0.58645782025216,0.5965128907131255,0.5965670640019298
AOI-0049,2021-07-18,озимая пшеница,0.8032002901584425,0.794138829381169,0.7888013870913999
AOI-0049,2021-07-19,озимая пшеница,0.8085016467478535,0.8031439341434639,0.7993327474416644
AOI-0049,2021-07-24,озимая пшеница,0.7885604870305429,0.7889427977817408,0.7872351698555934
AOI-0049,2021-08-08,озимая пшеница,0.6815244696095195,0.6804622670444649,0.6852028603986523
AOI-0049,2021-09-27,озимая пшеница,0.17713359796413952,0.18366155375372856,0.18715017263241338
AOI-0049,2021-09-28,озимая пшеница,0.22723279521121859,0.22518562824037924,0.22934958812975587
AOI-0049,2022-06-24,озимая пшеница,0.3933131090845245,0.3944942365072579,0.3891601289048182
AOI-0049,2022-07-13,озимая пшеница,0.21919521251900997,0.21976243157135394,0.22583821889452793
AOI-0049,2022-08-28,озимая пшеница,0.14831655270402588,0.15590600269306343,0.1544055108683339
AOI-0049,2022-08-30,озимая пшеница,0.17246966989971418,0.17647958746241257,0.17596074839558087
AOI-0049,2022-09-06,озимая пшеница,0.175144167207533,0.1693755039435841,0.17043814501484253
AOI-0049,2022-09-14,озимая пшеница,0.20489720818728166,0.20666809675672757,0.20250034257502428
AOI-0049,2022-10-08,озимая пшеница,0.2357005224436454,0.23611013526749347,0.24414540532343112
AOI-0049,2023-06-22,озимая пшеница,0.49691151786607923,0.4994499337804488,0.5000526444310036
AOI-0049,2023-06-23,озимая пшеница,0.47841800668086265,0.4795364303857003,0.48088185435412845
AOI-0049,2023-07-15,озимая пшеница,0.25259983734158376,0.2563908941312756,0.260409388483212
AOI-0049,2023-07-23,озимая пшеница,0.22459311220530814,0.24195994426279943,0.2472371921882146
AOI-0049,2023-08-08,озимая пшеница,0.2804188497433072,0.28587591190557615,0.2871651868685034
AOI-0049,2023-08-24,озимая пшеница,0.38929917114909973,0.39547239919968996,0.4045455765405398
AOI-0049,2023-09-12,озимая пшеница,0.2328941993905027,0.2351567992941602,0.23740096202203417
AOI-0049,2023-09-14,озимая пшеница,0.2769388487583833,0.27776688932711124,0.27003155956794983
AOI-0049,2023-09-22,озимая пшеница,0.2035382293193948,0.20751553193433164,0.20949881824615307
AOI-0049,2023-10-02,озимая пшеница,0.17024082105835517,0.17329355670786845,0.17457133901664199
AOI-0049,2024-06-23,озимая пшеница,0.5794268668116374,0.5790386818112201,0.5811118340595457
AOI-0049,2024-08-17,озимая пшеница,0.360613978894677,0.3655451893890067,0.36557676037828424
AOI-0049,2024-08-28,озимая пшеница,0.24433422492929652,0.244854345017687,0.24560108792393728
AOI-0049,2024-09-16,озимая пшеница,0.15635212196798093,0.1610239019565637,0.16245036317310374
AOI-0049,2024-09-29,озимая пшеница,0.21421803107365722,0.21048070470987254,0.20949444175109055
AOI-0049,2024-10-01,озимая пшеница,0.14969734050543707,0.14742062410769852,0.15010600411939568
AOI-0054,2010-07-19,озимая пшеница,0.765450320264061,0.7640521033797425,0.7668766621156736
AOI-0054,2010-09-06,озимая пшеница,0.6110036687052632,0.6222151879661926,0.637689088055564
AOI-0054,2010-09-30,озимая пшеница,0.5575591233181104,0.5628070322461662,0.5673958352390529
AOI-0054,2011-04-07,озимая пшеница,0.42194110392043555,0.42044998275608314,0.42075033280279
AOI-0054,2011-05-09,озимая пшеница,0.7214457806920799,0.7338879017815136,0.7485366783948135
AOI-0054,2011-05-25,озимая пшеница,0.8125952238808158,0.8237142595906864,0.8240304487769267
AOI-0054,2011-05-27,озимая пшеница,0.7954406924050412,0.7982645083227682,0.8024661276101365
AOI-0054,2011-06-10,озимая пшеница,0.7876423687827634,0.786072993544508,0.7807756928582045
AOI-0054,2011-06-20,озимая пшеница,0.8096850338643515,0.810493356622101,0.8117546169470187
AOI-0054,2011-08-23,озимая пшеница,0.7248967079264925,0.72448124215435,0.7298584688834945
AOI-0054,2011-10-16,озимая пшеница,0.6143971776446044,0.6174749980893267,0.623210558468306
AOI-0054,2012-07-09,озимая пшеница,0.7810337737059011,0.7872554793972749,0.7939529853256903
AOI-0054,2012-07-16,озимая пшеница,0.7379746708285944,0.7407513748156965,0.7421877639960922
AOI-0054,2012-08-26,озимая пшеница,0.6855862724035315,0.6872549080565994,0.692950281182812
AOI-0054,2012-09-29,озимая пшеница,0.5919210861340651,0.6078950423554252,0.6169384739578072
AOI-0054,2012-10-20,озимая пшеница,0.6592327643271695,0.6507284098672667,0.6629808707990361
AOI-0054,2013-08-21,озимая пшеница,0.7016010249728544,0.7141312668176484,0.7246914918313464
AOI-0054,2014-04-07,озимая пшеница,0.548116987010815,0.5372386176052848,0.5428131307165681
AOI-0054,2014-05-09,озимая пшеница,0.8294510779585321,0.8261908125717496,0.8247690444939395
AOI-0054,2014-06-28,озимая пшеница,0.7745675321146827,0.7723937598714149,0.7745803698400521
AOI-0054,2014-07-28,озимая пшеница,0.6837683147265414,0.6820424009787478,0.6798819941002682
AOI-0054,2014-08-07,озимая пшеница,0.7323493916761061,0.7355157437954171,0.74132714090898
AOI-0054,2014-08-08,озимая пшеница,0.7211670772029791,0.7291960203912202,0.7360702643774568
AOI-0054,2014-08-13,озимая пшеница,0.6357025203076146,0.6341893755799932,0.6308318101294722
AOI-0054,2014-08-15,озимая пшеница,0.7241556842787691,0.7285395594849815,0.7326210655247537
AOI-0054,2014-10-11,озимая пшеница,0.5515964514210323,0.5723755993674541,0.5926408389995149
AOI-0054,2015-07-25,озимая пшеница,0.7813776873442819,0.7764129032979983,0.7775018071648284
AOI-0054,2015-08-26,озимая пшеница,0.7309662455719026,0.7310164858675381,0.7350143795559265
AOI-0054,2015-08-27,озимая пшеница,0.7430099542268607,0.7490790846629578,0.7552808647627255
AOI-0054,2015-08-29,озимая пшеница,0.6627732024924056,0.6658573264621669,0.6664979137876729
AOI-0054,2015-09-20,озимая пшеница,0.6646441950328951,0.6713550989401265,0.6822638155406828
AOI-0054,2015-10-06,озимая пшеница,0.5101697768111233,0.516337813350336,0.5323918670430724
AOI-0054,2016-04-30,озимая пшеница,0.7538108366170938,0.7501672908636188,0.7487681602253861
AOI-0054,2016-07-03,озимая пшеница,0.804216650197881,0.8020583325092212,0.8022714556669083
AOI-0054,2016-08-29,озимая пшеница,0.78772008567712,0.7854431353711796,0.7904761421181167
AOI-0054,2016-09-29,озимая пшеница,0.6691759357196396,0.6733223160446811,0.6745232337915753
AOI-0054,2017-05-03,озимая пшеница,0.7282437289625143,0.727916917754067,0.7317296979494003
AOI-0054,2017-05-11,озимая пшеница,0.8312232871533987,0.8227177103923361,0.8234705952415717
AOI-0054,2017-05-19,озимая пшеница,0.8525321722496194,0.8419743563439125,0.8395804985788194
AOI-0054,2017-05-27,озимая пшеница,0.8525428883132621,0.8437007219182231,0.8434469422833641
AOI-0054,2017-06-10,озимая пшеница,0.8247230258007476,0.8252245376927353,0.8165449254056479
AOI-0054,2017-07-06,озимая пшеница,0.8064976755875767,0.8107556500975983,0.81291720413186
AOI-0054,2017-09-01,озимая пшеница,0.4279866245878348,0.4609866245878348,0.4813288548945352
AOI-0054,2017-09-18,озимая пшеница,0.6592300631805663,0.6824242815670514,0.6939581205714936
AOI-0054,2017-09-24,озимая пшеница,0.6236652863374375,0.6303211881306839,0.6426839587866807
AOI-0054,2017-10-11,озимая пшеница,0.6049501943887922,0.6160650544483911,0.635620217595754
AOI-0054,2018-04-04,озимая пшеница,0.33417813379360917,0.32116927504919734,0.31609094432599455
AOI-0054,2018-04-21,озимая пшеница,0.5515712190473787,0.5612667774264959,0.565961134040268
AOI-0054,2018-04-28,озимая пшеница,0.7125697438935161,0.7017122061992345,0.699781205864728
AOI-0054,2018-04-29,озимая пшеница,0.736310167126814,0.7351213593840314,0.7354535097167416
AOI-0054,2018-05-01,озимая пшеница,0.7521634390591301,0.7525759330243187,0.7525001176744094
AOI-0054,2018-05-11,озимая пшеница,0.7826307105401918,0.7778105315826551,0.7740195519171043
AOI-0054,2018-06-15,озимая пшеница,0.8051294520777967,0.8058886456565864,0.8086259858503965
AOI-0054,2018-06-16,озимая пшеница,0.7958217307259209,0.804958391576271,0.8071211329994747
AOI-0054,2018-07-09,озимая пшеница,0.7056829544982286,0.7097376037157922,0.7128402171078303
AOI-0054,2018-09-12,озимая пшеница,0.6776749262970634,0.6759835483834031,0.6742314584119812
AOI-0054,2018-10-13,озимая пшеница,0.6466610656960762,0.6654074713326876,0.6773110420943973
AOI-0054,2018-10-29,озимая пшеница,0.56589901054835,0.5706251019222705,0.5823502767570338
AOI-0054,2019-04-07,озимая пшеница,0.5800493738435453,0.5826497402594074,0.5910610352964384
AOI-0054,2019-05-25,озимая пшеница,0.8458391759571577,0.837383169718702,0.8207166916741022
AOI-0054,2019-05-31,озимая пшеница,0.8352889138161924,0.8467745332809692,0.852099610636192
AOI-0054,2019-06-15,озимая пшеница,0.8682722112334084,0.8718111641879741,0.8811289861956257
AOI-0054,2019-06-18,озимая пшеница,0.8555029040409432,0.8419312092870137,0.842918390560336
AOI-0054,2019-06-27,озимая пшеница,0.7928154821318361,0.7962750247119246,0.7980766456371688
AOI-0054,2019-07-04,озимая пшеница,0.7924401876765828,0.7781071449841507,0.7730132878081826
AOI-0054,2019-07-05,озимая пшеница,0.8182894179086923,0.8230480590916952,0.8269392364619884
AOI-0054,2019-07-12,озимая пшеница,0.745636947463938,0.7333805970581485,0.7294727462774545
AOI-0054,2019-07-28,озимая пшеница,0.7827805962335959,0.7679452684829767,0.7586694825242682
AOI-0054,2019-07-29,озимая пшеница,0.8290677595185547,0.8315210680081713,0.8331115419479797
AOI-0054,2019-08-14,озимая пшеница,0.8155129536609446,0.8228764917298049,0.8266216904949257
AOI-0054,2019-08-29,озимая пшеница,0.6993607119957431,0.7026549722644109,0.7041532901612996
AOI-0054,2019-08-30,озимая пшеница,0.7464149349509739,0.7477403916077604,0.7558875684395987
AOI-0054,2019-09-15,озимая пшеница,0.6034462143796387,0.6200949432451985,0.6320183931867952
AOI-0054,2019-10-09,озимая пшеница,0.6816328461415397,0.6903812143911564,0.6972278217124186
AOI-0054,2020-04-02,озимая пшеница,0.479873309950822,0.49729078561486384,0.4944370356293527
AOI-0054,2020-04-09,озимая пшеница,0.4735844550962864,0.4760518367519715,0.47822514543758604
AOI-0054,2020-04-10,озимая пшеница,0.4841458384811622,0.5045311151552383,0.5148199195886589
AOI-0054,2020-04-22,озимая пшеница,0.5912804591861364,0.6074539613057222,0.6184144112926095
AOI-0054,2020-04-30,озимая пшеница,0.6661448878404614,0.6805342709230997,0.6900681495342054
AOI-0054,2020-05-11,озимая пшеница,0.7783036079141834,0.7734025118512109,0.7774534949296346
AOI-0054,2020-05-30,озимая пшеница,0.8098013853538817,0.8094827866724913,0.810703777577065
AOI-0054,2020-06-28,озимая пшеница,0.7613829251728914,0.7629766603962448,0.7652226463016774
AOI-0054,2020-08-03,озимая пшеница,0.7739453607239112,0.7782451564947231,0.7855788743353646
AOI-0054,2020-09-07,озимая пшеница,0.7124100178416961,0.7086884436296458,0.7109582789601042
AOI-0054,2020-09-09,озимая пшеница,0.752805812618966,0.7584858269014539,0.7587607291268184
AOI-0054,2020-10-17,озимая пшеница,0.3294822810251531,0.3500942027413225,0.3586084830611116
AOI-0054,2020-10-27,озимая пшеница,0.3987047575872896,0.42229589588610705,0.4342163264283967
AOI-0054,2021-04-29,озимая пшеница,0.6316620018768129,0.6442730206114754,0.6466218896668635
AOI-0054,2021-05-09,озимая пшеница,0.779860969963756,0.7869612839945851,0.7923596730434583
AOI-0054,2021-05-20,озимая пшеница,0.7470009904824522,0.7682321667717291,0.7628500641655444
AOI-0054,2021-06-16,озимая пшеница,0.8162970230387179,0.8229668252596425,0.8265227498682266
AOI-0054,2021-07-02,озимая пшеница,0.8206740113025912,0.8188073518746414,0.8198925311227548
AOI-0054,2021-07-18,озимая пшеница,0.7938290769557057,0.7903684417194867,0.7885294468941195
AOI-0054,2021-07-24,озимая пшеница,0.7873290691496952,0.7871717501139363,0.7902131045100387
AOI-0054,2021-09-07,озимая пшеница,0.7914604194418923,0.7955557401990557,0.8027737258356269
AOI-0054,2021-10-16,озимая пшеница,0.5920792856440106,0.6059852153322096,0.6086305883568157
AOI-0054,2021-10-22,озимая пшеница,0.5817379186302802,0.6033069418052,0.6155927191984699
AOI-0054,2021-10-30,озимая пшеница,0.563261467825916,0.5724173304490545,0.5873086909746242
AOI-0054,2022-06-03,озимая пшеница,0.8854951751576661,0.8854410814988902,0.8860032293315049
AOI-0054,2022-06-10,озимая пшеница,0.851736138271421,0.8392522923126072,0.8294790119781755
AOI-0054,2022-06-26,озимая пшеница,0.789121124238466,0.7780423031047728,0.7706055829972562
AOI-0054,2022-07-12,озимая пшеница,0.7192974758947506,0.7107960670620398,0.7027576052707692
AOI-0054,2022-07-29,озимая пшеница,0.7584644511659364,0.7780434959167879,0.7825618679403532
AOI-0054,2022-08-06,озимая пшеница,0.7845564769679176,0.779956852014808,0.7769125077617717
AOI-0054,2022-08-18,озимая пшеница,0.7251564349892446,0.7220568459102936,0.7245073833691896
AOI-0054,2022-08-29,озимая пшеница,0.611088054264582,0.6173499170893277,0.6155444317833256
AOI-0054,2023-04-07,озимая пшеница,0.6939996366388413,0.6703056336315523,0.6787340226626773
AOI-0054,2023-04-23,озимая пшеница,0.7804863336373955,0.7759586092720371,0.780282059797178
AOI-0054,2023-05-28,озимая пшеница,0.8096605051271848,0.8100646312269171,0.8111695945238097
AOI-0054,2023-06-10,озимая пшеница,0.8200673448931377,0.8208303344636594,0.8136880171426508
AOI-0054,2023-06-22,озимая пшеница,0.8603248682896357,0.8570283091999698,0.8569034941504102
AOI-0054,2023-07-07,озимая пшеница,0.7579837347369093,0.7552800117924332,0.756517288771667
AOI-0054,2023-09-07,озимая пшеница,0.6985764159615193,0.703710663739286,0.712083499062377
AOI-0054,2023-10-11,озимая пшеница,0.6678982977335884,0.6821971735625969,0.6896481849842376
AOI-0054,2024-04-04,озимая пшеница,0.5564935880353234,0.5577904130062034,0.5550462911675026
AOI-0054,2024-05-07,озимая пшеница,0.8437854429472855,0.8382341029767302,0.8349289622258438
AOI-0054,2024-05-08,озимая пшеница,0.8711005866525048,0.8458736506908118,0.8378160650269412
AOI-0054,2024-05-22,озимая пшеница,0.8188761198654066,0.8187446011487254,0.8175807945092308
AOI-0054,2024-05-23,озимая пшеница,0.8268978058375722,0.8304042066330504,0.828576577704876
AOI-0054,2024-06-24,озимая пшеница,0.814035726516587,0.8140681737951208,0.8150590646728612
AOI-0054,2024-07-13,озимая пшеница,0.7868065450556118,0.7914304456326383,0.7969243217582113
AOI-0054,2024-07-18,озимая пшеница,0.7944356965417294,0.8028918842911438,0.8070030466315605
AOI-0054,2024-08-18,озимая пшеница,0.8135968356217234,0.8084145291170425,0.8055530296429457
AOI-0054,2024-09-16,озимая пшеница,0.6991765641405698,0.7077489472442299,0.7241406079204186
AOI-0054,2024-09-21,озимая пшеница,0.7163644470493707,0.737457249346777,0.746019656296272
AOI-0054,2024-09-29,озимая пшеница,0.6147250389638296,0.6255353705423883,0.6255554496914929
AOI-0054,2024-10-05,озимая пшеница,0.6516594971650799,0.6603382254945982,0.672179712895398
AOI-0054,2024-10-30,озимая пшеница,0.703538461555553,0.6968874734053553,0.7018572255415364
AOI-0057,2010-04-15,озимая пшеница,0.22672886111265442,0.21617578155841466,0.21393226389599346
AOI-0057,2010-04-30,озимая пшеница,0.2479663081902875,0.23737247192525812,0.23425827952507766
AOI-0057,2010-05-01,озимая пшеница,0.256923304334921,0.2541067442187844,0.25194917630487623
AOI-0057,2010-05-08,озимая пшеница,0.2943628407906112,0.2882279345216105,0.28725289261722703
AOI-0057,2010-06-10,озимая пшеница,0.695583754051952,0.6972075105838109,0.697564571575616
AOI-0057,2010-07-27,озимая пшеница,0.6158997457135407,0.6118752269088287,0.6138927776131836
AOI-0057,2010-08-05,озимая пшеница,0.5798958901773392,0.577633094553796,0.5771692142648974
AOI-0057,2010-09-14,озимая пшеница,0.35610489170635573,0.3480634995651959,0.3439650234081378
AOI-0057,2011-05-25,озимая пшеница,0.8800418678597784,0.8855484055948049,0.885091077673716
AOI-0057,2011-06-10,озимая пшеница,0.7861980865429642,0.7913603359204505,0.7860130587308222
AOI-0057,2011-06-13,озимая пшеница,0.7933740843895347,0.7934419563364405,0.7991893044455252
AOI-0057,2011-07-07,озимая пшеница,0.28385800916075754,0.283091302320501,0.2867810218018668
AOI-0057,2011-08-08,озимая пшеница,0.40643772766383324,0.40467071413821076,0.40522658392455746
AOI-0057,2011-09-16,озимая пшеница,0.20664205446667908,0.20136686081802888,0.20189482702785264
AOI-0057,2011-10-11,озимая пшеница,0.23818711713192303,0.23395485001795083,0.23131471274130241
AOI-0057,2012-07-16,озимая пшеница,0.8219377702265593,0.8182526060303005,0.8216926302127924
AOI-0057,2012-09-18,озимая пшеница,0.21803776047573273,0.2116823562540308,0.20946582731129396
AOI-0057,2013-04-07,озимая пшеница,0.7197429995161582,0.7109694901303626,0.7140672524459252
AOI-0057,2013-09-14,озимая пшеница,0.3018562228384451,0.2968713456255087,0.2985913138805462
AOI-0057,2013-09-22,озимая пшеница,0.2003739859045189,0.19985785649593532,0.20910041471282978
AOI-0057,2014-04-17,озимая пшеница,0.34197729223729467,0.339183039462705,0.34160792475352075
AOI-0057,2014-04-18,озимая пшеница,0.3854854535017087,0.39247921080806863,0.3966578844265141
AOI-0057,2014-04-25,озимая пшеница,0.6508081741844011,0.642455551514388,0.6395629040837301
AOI-0057,2014-05-09,озимая пшеница,0.8457191963545008,0.8530455395427454,0.851898966649489
AOI-0057,2014-06-05,озимая пшеница,0.7851511664637734,0.7889942460271658,0.7975598079081762
AOI-0057,2014-07-15,озимая пшеница,0.3042878602433027,0.30444023370842416,0.301892612935261
AOI-0057,2014-07-23,озимая пшеница,0.2873400031128658,0.2910124284898379,0.29209513514489754
AOI-0057,2014-08-16,озимая пшеница,0.22472007507083697,0.2265251328216395,0.2204640884626927
AOI-0057,2014-08-23,озимая пшеница,0.21506543477909706,0.2088791834481626,0.2071477661122946
AOI-0057,2014-10-02,озимая пшеница,0.21013854258084502,0.2038577380093783,0.20462985711726359
AOI-0057,2014-10-11,озимая пшеница,0.21357308804039712,0.21359216459944172,0.2157397108469113
AOI-0057,2014-10-16,озимая пшеница,0.2899615098670606,0.27753676173473324,0.2736560208296476
AOI-0057,2015-05-25,озимая пшеница,0.8872013572600549,0.8939191005897791,0.8893919572977852
AOI-0057,2015-10-30,озимая пшеница,0.17206802972047433,0.17957409365642713,0.1809476497986058
AOI-0057,2016-05-08,озимая пшеница,0.894878738630883,0.9057466859889224,0.9032519965055595
AOI-0057,2016-06-26,озимая пшеница,0.386762903827206,0.3924073068628517,0.39261098489310003
AOI-0057,2016-07-28,озимая пшеница,0.31873556047820073,0.3225053748210795,0.3228294642717143
AOI-0057,2016-08-12,озимая пшеница,0.46338291135324816,0.46090553361950976,0.46219798686995067
AOI-0057,2017-05-04,озимая пшеница,0.33604324458242796,0.3359263597978828,0.33641572494287575
AOI-0057,2017-05-06,озимая пшеница,0.31520601858839836,0.316445358686889,0.3144964062527016
AOI-0057,2017-06-10,озимая пшеница,0.8013001181504509,0.8105885769925568,0.8132131062835968
AOI-0057,2017-07-30,озимая пшеница,0.8282751096731567,0.8269020597558576,0.827739178996656
AOI-0057,2017-08-08,озимая пшеница,0.8078110833723537,0.811185604924124,0.8068158442725538
AOI-0057,2017-09-01,озимая пшеница,0.457122464511866,0.45769737146116946,0.46062240174931296
AOI-0057,2017-09-14,озимая пшеница,0.4245269198612035,0.42214643038331423,0.4211175322778531
AOI-0057,2017-09-17,озимая пшеница,0.41033753839952203,0.41323460300839193,0.4186836805299608
AOI-0057,2017-09-25,озимая пшеница,0.3041722241503358,0.30344874575268393,0.307128581562732
AOI-0057,2018-04-11,озимая пшеница,0.5834796762367345,0.5722127227407122,0.5655671345105369
AOI-0057,2018-05-06,озимая пшеница,0.8602632420955233,0.8591642834141886,0.857303499167142
AOI-0057,2018-07-18,озимая пшеница,0.2211110056073997,0.2224900684741622,0.22774910540276513
AOI-0057,2018-08-02,озимая пшеница,0.2634911145826386,0.2640437684669472,0.2635389700305893
AOI-0057,2018-08-19,озимая пшеница,0.20549947123160303,0.20644589354480958,0.21043691142040324
AOI-0057,2018-08-26,озимая пшеница,0.2032338626254883,0.20028360641673715,0.20483461360093225
AOI-0057,2018-10-29,озимая пшеница,0.1963167332072929,0.19835918794718305,0.20320256964152014
AOI-0057,2019-04-11,озимая пшеница,0.2058572567507718,0.19414626797786866,0.19441619287784975
AOI-0057,2019-04-21,озимая пшеница,0.2280920803197901,0.22014288907005197,0.2194162531389929
AOI-0057,2019-05-01,озимая пшеница,0.369571473639439,0.36176196883844497,0.3561959611395617
AOI-0057,2019-05-02,озимая пшеница,0.42279589859603234,0.4282239736121028,0.4250108432049565
AOI-0057,2019-05-06,озимая пшеница,0.3892284870615149,0.3849597223805807,0.37635986362110335
AOI-0057,2019-07-05,озимая пшеница,0.7348928346635234,0.7266406432548042,0.7278996162263652
AOI-0057,2019-07-20,озимая пшеница,0.6423191812584494,0.6327787260691543,0.6334980913276874
AOI-0057,2019-08-05,озимая пшеница,0.3618831052843224,0.36527663936107657,0.37346396660558906
AOI-0057,2019-08-21,озимая пшеница,0.20750494967760788,0.20079688061969295,0.20069802792809338
AOI-0057,2019-08-24,озимая пшеница,0.1962860654782056,0.19205093094239054,0.19010270449593197
AOI-0057,2019-09-23,озимая пшеница,0.14329111603800399,0.1327600557507446,0.1341067759230688
AOI-0057,2019-10-13,озимая пшеница,0.16739152899465154,0.16212416382183595,0.16603028417045373
AOI-0057,2019-10-25,озимая пшеница,0.16006949066027823,0.15851249205279339,0.1654335871545498
AOI-0057,2020-04-17,озимая пшеница,0.19541449190265175,0.191557841216657,0.19081827876640875
AOI-0057,2020-08-15,озимая пшеница,0.15637786420794744,0.14943863056623558,0.14818711867661963
AOI-0057,2020-08-23,озимая пшеница,0.15771979130574465,0.1516900460250454,0.15075226319919735
AOI-0057,2020-09-09,озимая пшеница,0.15704549002100118,0.15834620347423184,0.16387833050196315
AOI-0057,2020-09-13,озимая пшеница,0.21738774968909785,0.21033836165970615,0.2145199024568467
AOI-0057,2020-09-25,озимая пшеница,0.1687085196559865,0.1698045329023475,0.17449360517839851
AOI-0057,2020-09-27,озимая пшеница,0.12263208716617546,0.12075123306548867,0.12404277155390726
AOI-0057,2020-09-29,озимая пшеница,0.20296881311418416,0.19246980949239514,0.1950154036655693
AOI-0057,2020-10-03,озимая пшеница,0.14416103807059893,0.13704409973189635,0.14120205314904954
AOI-0057,2021-04-15,озимая пшеница,0.5162206759096455,0.5085168582737949,0.5047139920979646
AOI-0057,2021-06-19,озимая пшеница,0.8087061442112148,0.808399143109102,0.8092674083943497
AOI-0057,2021-08-13,озимая пшеница,0.35028719284292414,0.3503942893997644,0.35276416814727196
AOI-0057,2021-09-04,озимая пшеница,0.4094166111653455,0.41043901005495925,0.4152722205901728
AOI-0057,2022-05-27,озимая пшеница,0.6034052287952828,0.6095621083423693,0.6170575156363477
AOI-0057,2022-06-26,озимая пшеница,0.2799910958402979,0.27791851739875256,0.28148695200580853
AOI-0057,2022-06-29,озимая пшеница,0.16876761110621616,0.16789951181814,0.16817298286069254
AOI-0057,2022-07-09,озимая пшеница,0.19346048744948416,0.18750757294772727,0.1812324852084473
AOI-0057,2022-07-12,озимая пшеница,0.30760137542019816,0.30443811633565104,0.297985513912199
AOI-0057,2022-07-28,озимая пшеница,0.27500393669574824,0.2733890013321624,0.2773363152057622
AOI-0057,2022-08-03,озимая пшеница,0.16389551689285226,0.15587334175704926,0.15735004435369
AOI-0057,2022-08-13,озимая пшеница,0.1956913500391154,0.18837187988260773,0.18574537388460133
AOI-0057,2022-08-18,озимая пшеница,0.16886433295941675,0.16334820412732715,0.1648391801207231
AOI-0057,2022-09-14,озимая пшеница,0.20102903003055764,0.19456833440364124,0.19448259083721348
AOI-0057,2022-10-17,озимая пшеница,0.2611608229847685,0.2663438229252034,0.2660596810466839
AOI-0057,2023-04-26,озимая пшеница,0.8754697228153887,0.8808760078602282,0.8823121802734828
AOI-0057,2023-05-04,озимая пшеница,0.9046797978008266,0.9031468139952965,0.8989159038690453
AOI-0057,2023-06-26,озимая пшеница,0.45364601934617504,0.45332039184827616,0.43774634902987175
AOI-0057,2023-07-12,озимая пшеница,0.4467738692414772,0.44934650219564576,0.44612146425158106
AOI-0057,2023-07-15,озимая пшеница,0.37933715435206966,0.3857747287210824,0.38586959239096247
AOI-0057,2023-08-23,озимая пшеница,0.44279242689984777,0.44010838180939227,0.44123734758688415
AOI-0057,2023-09-10,озимая пшеница,0.2778329787846188,0.2776892394056394,0.28243004659248283
AOI-0057,2024-05-04,озимая пшеница,0.4716222696340303,0.46942327012383855,0.4626772002200206
AOI-0057,2024-05-06,озимая пшеница,0.49590963229407575,0.4968294974673713,0.4930045124354101
AOI-0057,2024-05-07,озимая пшеница,0.5394244942172722,0.5421377674691628,0.5379570938241599
AOI-0057,2024-05-22,озимая пшеница,0.6497382901335589,0.648688866862647,0.6474620223933789
AOI-0057,2024-06-08,озимая пшеница,0.7867730720280892,0.7817645937584623,0.7775389884117446
AOI-0057,2024-06-16,озимая пшеница,0.7652942452560414,0.7610214118075019,0.7546648167596433
AOI-0057,2024-06-24,озимая пшеница,0.704244083432785,0.7063057749443814,0.7052504740743651
AOI-0057,2024-07-18,озимая пшеница,0.41820587182404784,0.41518645432232976,0.41243436820087176
AOI-0057,2024-07-28,озимая пшеница,0.371757825698829,0.36877878878279907,0.3697790456967386
AOI-0057,2024-09-13,озимая пшеница,0.2313403136638275,0.2276607974813342,0.22459861249360866
AOI-0066,2010-07-13,озимая пшеница,0.6465627039254993,0.6479457159493363,0.6540643269226364
AOI-0066,2011-05-25,озимая пшеница,0.84812501416147,0.8486912036868299,0.8437230847744414
AOI-0066,2012-04-13,озимая пшеница,0.5327418318158974,0.5403084758515435,0.5308480366166181
AOI-0066,2012-07-11,озимая пшеница,0.3337222603304376,0.33745932729984635,0.3418007168646265
AOI-0066,2012-07-27,озимая пшеница,0.2858739741067241,0.2920783704024494,0.29633583966504845
AOI-0066,2012-09-20,озимая пшеница,0.21442233398885918,0.219190851572875,0.20981185928300403
AOI-0066,2012-10-06,озимая пшеница,0.29337184053568865,0.30188060391132876,0.30986529681590086
AOI-0066,2012-10-22,озимая пшеница,0.32228919687474833,0.3263535098164841,0.33857681067850093
AOI-0066,2013-05-09,озимая пшеница,0.4603556451678011,0.4730318489914433,0.46199127147236996
AOI-0066,2013-05-25,озимая пшеница,0.5389391803874399,0.5539169763774078,0.5481761014835713
AOI-0066,2013-06-19,озимая пшеница,0.6246799789461741,0.6251840160636358,0.6219060807135062
AOI-0066,2013-09-23,озимая пшеница,0.19064599513964234,0.18927341725558858,0.1853685023921991
AOI-0066,2013-10-09,озимая пшеница,0.19284323724390298,0.2040452805774835,0.20689911377651235
AOI-0066,2014-04-03,озимая пшеница,0.5998098329771013,0.5921367947320854,0.58794390976413
AOI-0066,2014-10-04,озимая пшеница,0.3868459564668015,0.3929557985078563,0.3998164144493519
AOI-0066,2015-04-06,озимая пшеница,0.7396748905928576,0.7455810754984834,0.7447892554792812
AOI-0066,2015-06-01,озимая пшеница,0.8457338764356223,0.8542371727746337,0.8519072189010775
AOI-0066,2015-07-27,озимая пшеница,0.33291899292971283,0.3346793009219122,0.33600788164453926
AOI-0066,2015-07-28,озимая пшеница,0.33763580191085446,0.3451479083276557,0.34759285549361657
AOI-0066,2015-09-29,озимая пшеница,0.21954808886683175,0.21836717858707877,0.21320416000380718
AOI-0066,2016-05-08,озимая пшеница,0.8763662621754864,0.8740779075161079,0.8706431825933943
AOI-0066,2016-06-03,озимая пшеница,0.783833119812863,0.8025858088646425,0.8122907192912813
AOI-0066,2016-06-19,озимая пшеница,0.47301517971279317,0.47652275313627895,0.47927737358571193
AOI-0066,2016-06-27,озимая пшеница,0.3357214330121733,0.3374699901483458,0.3391291123957019
AOI-0066,2016-07-11,озимая пшеница,0.33255806116429965,0.34920056784071485,0.3507527428034523
AOI-0066,2016-08-12,озимая пшеница,0.34849780318810575,0.3592613539489658,0.3586677293658551
AOI-0066,2016-08-22,озимая пшеница,0.2517101438562792,0.25696832411555415,0.25997819631408553
AOI-0066,2017-05-09,озимая пшеница,0.8911835569750469,0.8898855178915376,0.8873362823334352
AOI-0066,2017-06-10,озимая пшеница,0.8356019867686207,0.8334678578345227,0.823395139051021
AOI-0066,2017-08-13,озимая пшеница,0.22504255029571124,0.22890767665426484,0.23840172408780463
AOI-0066,2017-08-21,озимая пшеница,0.12987004310384456,0.12929940032265194,0.12594149755055797
AOI-0066,2018-05-09,озимая пшеница,0.6076531244747942,0.6276380638610074,0.636453622822125
AOI-0066,2018-06-01,озимая пшеница,0.7920868834247956,0.7998411569638126,0.7961147279595547
AOI-0066,2018-07-02,озимая пшеница,0.8004104132290799,0.8183791437198538,0.8208506972477433
AOI-0066,2018-09-05,озимая пшеница,0.21563470491381,0.2221008287479803,0.2187407624531586
AOI-0066,2018-10-08,озимая пшеница,0.17954105384593905,0.18826973036688902,0.19117722415320054
AOI-0066,2018-10-13,озимая пшеница,0.18860993898080672,0.19451855256701925,0.19775698556419524
AOI-0066,2019-04-07,озимая пшеница,0.6565792496403814,0.6751482084890403,0.6814087612220194
AOI-0066,2019-04-28,озимая пшеница,0.7905261384682529,0.7918987033581325,0.7892836235096486
AOI-0066,2019-05-11,озимая пшеница,0.801101757615114,0.7930524475381413,0.7866440958357158
AOI-0066,2019-06-20,озимая пшеница,0.33919482882519225,0.34345366640148983,0.33671809318929874
AOI-0066,2019-07-02,озимая пшеница,0.17827822321687706,0.17779727302851936,0.1725489188638307
AOI-0066,2019-07-14,озимая пшеница,0.2248976760933489,0.22236186098857097,0.22436530815117106
AOI-0066,2019-08-11,озимая пшеница,0.17735967972742075,0.1690725384658229,0.16362855250163585
AOI-0066,2019-08-29,озимая пшеница,0.18041048457830558,0.18069218200894044,0.17868092084364934
AOI-0066,2019-10-15,озимая пшеница,0.5595584219337388,0.5555853522540775,0.5647823367941267
AOI-0066,2019-10-18,озимая пшеница,0.5968952188637098,0.6014039585146124,0.608382117035172
AOI-0066,2020-05-08,озимая пшеница,0.714333308189297,0.7099676765664188,0.7123620043564486
AOI-0066,2020-05-24,озимая пшеница,0.6932274484429553,0.6908782131445553,0.6937496915428466
AOI-0066,2020-05-30,озимая пшеница,0.6262887233776815,0.6346685957924115,0.6347561989647215
AOI-0066,2020-06-11,озимая пшеница,0.4737426767831745,0.469398870271812,0.46940020760321755
AOI-0066,2020-07-11,озимая пшеница,0.23943764269358897,0.2463742609371162,0.25353010578362795
AOI-0066,2020-07-27,озимая пшеница,0.26765888778934704,0.2764654793163557,0.287913015616807
AOI-0066,2020-08-09,озимая пшеница,0.200496647623356,0.20272585796068182,0.20323993437408217
AOI-0066,2020-08-15,озимая пшеница,0.17742075505007474,0.17468354081855147,0.1682264013322703
AOI-0066,2020-09-07,озимая пшеница,0.13738798341903893,0.14800683669105127,0.15006449586088286
AOI-0066,2021-05-12,озимая пшеница,0.20169458158930195,0.1962431039816021,0.19550616008617477
AOI-0066,2021-08-05,озимая пшеница,0.6775833651998291,0.681799515429339,0.67896643966862
AOI-0066,2021-08-20,озимая пшеница,0.3715448077109419,0.3758720082240176,0.3757701281716049
AOI-0066,2021-08-23,озимая пшеница,0.339402559991384,0.3458079987857116,0.34893239558516925
AOI-0066,2021-09-27,озимая пшеница,0.17805743029152982,0.1879952394218703,0.19315514012669865
AOI-0066,2021-10-16,озимая пшеница,0.28374338763204066,0.2993471543114114,0.307565951282152
AOI-0066,2021-10-27,озимая пшеница,0.19227746139929458,0.1882100854210891,0.18625340612111235
AOI-0066,2022-04-23,озимая пшеница,0.8071572660768315,0.8163167096559149,0.8148657712612587
AOI-0066,2022-04-25,озимая пшеница,0.7594245386628147,0.7635055526085657,0.762600575800824
AOI-0066,2022-05-30,озимая пшеница,0.8853114647141982,0.8802602244578496,0.8798307480025067
AOI-0066,2022-06-04,озимая пшеница,0.8736012732277064,0.877123568022434,0.8714191664799666
AOI-0066,2022-07-12,озимая пшеница,0.26179907159099336,0.26893989046496997,0.27018762958496084
AOI-0066,2022-07-21,озимая пшеница,0.14394485145434116,0.14571140332371166,0.14818102081300766
AOI-0066,2022-07-22,озимая пшеница,0.20922151172271225,0.2106447522831163,0.2173218084726926
AOI-0066,2022-08-23,озимая пшеница,0.1562225660387197,0.16265780826111528,0.1652159862005464
AOI-0066,2022-09-08,озимая пшеница,0.18806964695647257,0.20322482511008091,0.2069814715380463
AOI-0066,2022-09-09,озимая пшеница,0.15055304873411696,0.15429248468507042,0.1563000494251387
AOI-0066,2022-09-18,озимая пшеница,0.16424121127765673,0.1686489199417496,0.1676443628468254
AOI-0066,2022-09-27,озимая пшеница,0.1630739250016339,0.16347194131654452,0.1635456868835692
AOI-0066,2022-09-29,озимая пшеница,0.165129256681325,0.16595654243772567,0.16407334303052265
AOI-0066,2022-10-02,озимая пшеница,0.1665601679983267,0.164762571375826,0.1642585225759725
AOI-0066,2022-10-07,озимая пшеница,0.17908838815238037,0.18831261107494499,0.1899162733200838
AOI-0066,2022-10-18,озимая пшеница,0.22740520872763814,0.23892578720587757,0.23974238627424732
AOI-0066,2022-10-22,озимая пшеница,0.17222991350589661,0.17372154725688574,0.1759325378832482
AOI-0066,2023-04-04,озимая пшеница,0.31981658840880706,0.32709918054781983,0.32299453311961573
AOI-0066,2023-04-07,озимая пшеница,0.4747427032523692,0.49521758639399543,0.49997898331563023
AOI-0066,2023-05-15,озимая пшеница,0.8326059651459505,0.8378700181591404,0.8361119777199547
AOI-0066,2023-06-07,озимая пшеница,0.8455143050037413,0.8473080944504481,0.8435587843450454
AOI-0066,2023-06-10,озимая пшеница,0.7732544058228976,0.770286823631922,0.7590273503020829
AOI-0066,2023-06-11,озимая пшеница,0.8086882860620246,0.794336823085035,0.7887589144479753
AOI-0066,2023-06-26,озимая пшеница,0.41961377017987156,0.4154040775211934,0.4074912951122317
AOI-0066,2023-07-04,озимая пшеница,0.22618059345244673,0.22011990256154162,0.21584720995496132
AOI-0066,2023-07-26,озимая пшеница,0.3693558599668022,0.3649752730101874,0.3627376732917006
AOI-0066,2023-08-08,озимая пшеница,0.22633606057692024,0.2237849509010136,0.21817020209711496
AOI-0066,2023-08-10,озимая пшеница,0.26167582877195594,0.25451733818660727,0.25406394852985437
AOI-0066,2023-08-13,озимая пшеница,0.25434712666379694,0.2550082841588124,0.251012206822019
AOI-0066,2023-08-23,озимая пшеница,0.1649912473356781,0.16785597457865864,0.16671860047028783
AOI-0066,2023-09-07,озимая пшеница,0.15687514524495727,0.16464995615720837,0.1672429894024471
AOI-0066,2023-09-30,озимая пшеница,0.25636990519073566,0.2632193544102599,0.26983247012236095
AOI-0066,2023-10-13,озимая пшеница,0.22922816435838392,0.2339186608327535,0.23675425729406757
AOI-0066,2023-10-16,озимая пшеница,0.269894391234744,0.2861077965464631,0.2915662367236305
AOI-0066,2024-04-06,озимая пшеница,0.7739665791313779,0.7875563701054226,0.7820761435847892
AOI-0066,2024-05-21,озимая пшеница,0.9094514325372769,0.9068106864191489,0.9055483110859014
AOI-0066,2024-06-17,озимая пшеница,0.47832878064134376,0.4857383567246081,0.48763647252278547
AOI-0066,2024-06-23,озимая пшеница,0.2849576367165869,0.28423304910836183,0.27910000715570144
AOI-0066,2024-06-28,озимая пшеница,0.2092423119161885,0.2052220035213578,0.2025902781281282
AOI-0066,2024-07-05,озимая пшеница,0.1603457441677661,0.15371923449710123,0.1425118623720985
AOI-0066,2024-07-19,озимая пшеница,0.18386307738640345,0.18660419407625126,0.18899594464021702
AOI-0066,2024-08-09,озимая пшеница,0.13519049182889736,0.13166924258483095,0.13215680454744652
AOI-0066,2024-09-26,озимая пшеница,0.14101577637874763,0.14453976740725663,0.14705818594487452
AOI-0072,2010-04-07,зерновые,0.3253076668477508,0.32112840418305916,0.3139383740399998
AOI-0072,2010-08-13,зерновые,0.2602124069984954,0.2607906348267736,0.27165473315411837
AOI-0072,2010-08-15,зерновые,0.16944887445388773,0.16626794423553712,0.1662030674743804
AOI-0072,2010-08-23,зерновые,0.1906341722103219,0.18792773870663532,0.18901598598388672
AOI-0072,2010-08-30,зерновые,0.2043807516892963,0.20341407129693873,0.20561398678673498
AOI-0072,2011-04-07,зерновые,0.28759638419914424,0.28570626873944965,0.29409962685139945
AOI-0072,2011-05-05,зерновые,0.2748659546039956,0.2670208275214058,0.2637041720484378
AOI-0072,2011-07-12,зерновые,0.23183933827720105,0.2328716182022536,0.2451177757899493
AOI-0072,2011-07-24,зерновые,0.17511920682698803,0.17202596947741616,0.1666279359450728
AOI-0072,2011-08-01,зерновые,0.17837311128211242,0.17672703967233971,0.17590265717852607
AOI-0072,2011-09-03,зерновые,0.1943323006209002,0.19385475266005667,0.19551689523106064
AOI-0072,2012-04-06,зерновые,0.6204770138322573,0.6257161108797485,0.625301199969464
AOI-0072,2012-10-15,зерновые,0.16635291886846248,0.15835138406417712,0.15688917601244792
AOI-0072,2013-04-16,зерновые,0.17424088201435017,0.17327887794049235,0.17181670024106827
AOI-0072,2013-05-02,зерновые,0.20710822973293883,0.20289654596549858,0.20166167717929886
AOI-0072,2013-05-19,зерновые,0.23521886540261852,0.2284396773646439,0.2295325121197252
AOI-0072,2013-07-29,зерновые,0.19999769022156538,0.2021900139919365,0.20723926888055716
AOI-0072,2013-10-16,зерновые,0.28853554027011996,0.2849366004649725,0.2839424929104372
AOI-0072,2014-04-23,зерновые,0.7014108424376229,0.7136737670423245,0.7378423904351303
AOI-0072,2014-06-30,зерновые,0.25843328735735227,0.2586737073614821,0.2701338136569063
AOI-0072,2014-07-17,зерновые,0.23199135174867958,0.23078932739060468,0.23640044325120044
AOI-0072,2014-07-24,зерновые,0.23737115160413028,0.23778245709048612,0.2474391331775755
AOI-0072,2014-08-17,зерновые,0.21346703906875236,0.21337606271385823,0.21910522590412485
AOI-0072,2014-08-29,зерновые,0.299409122308096,0.2990660856390564,0.29866832920032843
AOI-0072,2014-09-03,зерновые,0.24317133190592846,0.24381068704848197,0.25134391426125413
AOI-0072,2014-09-26,зерновые,0.2725657348183318,0.27474446187763496,0.285201654832305
AOI-0072,2014-10-28,зерновые,0.15960247363627406,0.15877513453368575,0.16650136026616288
AOI-0072,2014-10-29,зерновые,0.1965472769966398,0.1959349708532854,0.20276649428822016
AOI-0072,2015-04-07,зерновые,0.2401047324957156,0.24017419212988075,0.2522845913911963
AOI-0072,2015-04-23,зерновые,0.2953604219130832,0.2983839462648062,0.30595329404293076
AOI-0072,2015-08-04,зерновые,0.15979170717147068,0.16025780870980802,0.16625393860215906
AOI-0072,2016-04-06,зерновые,0.7880869529910284,0.7942080006925221,0.7976680858690463
AOI-0072,2016-04-09,зерновые,0.7870490916512829,0.790408712480785,0.7881551713197468
AOI-0072,2016-04-17,зерновые,0.827993178339673,0.8315731161496943,0.8283349526104807
AOI-0072,2016-05-26,зерновые,0.7618981601214729,0.7688223057771127,0.7700407862436573
AOI-0072,2016-06-27,зерновые,0.2736953698529486,0.275004626672102,0.2795714528638522
AOI-0072,2016-07-13,зерновые,0.1949790231360026,0.19635394542277745,0.20266377103409183
AOI-0072,2016-08-22,зерновые,0.2734574718032039,0.2746431633767786,0.28956027278315677
AOI-0072,2016-09-29,зерновые,0.3089384302522445,0.31148937936293547,0.3194778914886365
AOI-0072,2017-04-03,зерновые,0.13264579693282325,0.13090374950863978,0.13767283307531966
AOI-0072,2017-04-23,зерновые,0.268624009760215,0.2727302160987035,0.2995939802328397
AOI-0072,2017-05-29,зерновые,0.21444918635557694,0.21031334174118624,0.21776424131509442
AOI-0072,2017-05-30,зерновые,0.21417765985853432,0.21061106892507547,0.2151677986615374
AOI-0072,2017-07-12,зерновые,0.20964453804393549,0.21116579626512463,0.2244751845886149
AOI-0072,2017-07-24,зерновые,0.174829669326626,0.17538679383631156,0.1816154704101109
AOI-0072,2017-07-25,зерновые,0.1491429820010518,0.1474070858313707,0.15287693432907992
AOI-0072,2017-08-06,зерновые,0.12755259649527534,0.1247923832423648,0.12515733013697844
AOI-0072,2017-08-29,зерновые,0.20882805757812722,0.2081422071715145,0.22320602616799376
AOI-0072,2017-09-03,зерновые,0.18161361122192457,0.18229098631920349,0.1884273223917474
AOI-0072,2017-09-20,зерновые,0.32994324700539784,0.3283535410377645,0.33495323103426716
AOI-0072,2017-09-26,зерновые,0.4091275702554261,0.4135222796077147,0.4233028921990133
AOI-0072,2017-10-12,зерновые,0.5487014549888445,0.5524739925065034,0.5710369130550134
AOI-0072,2018-04-07,зерновые,0.5601089278875514,0.5648914130280391,0.5542123346891721
AOI-0072,2018-04-15,зерновые,0.6170750317704689,0.6216251981231802,0.6212173393142425
AOI-0072,2018-05-01,зерновые,0.7598774531299276,0.7629066139547445,0.7734044566571876
AOI-0072,2018-05-03,зерновые,0.7518858072947256,0.7459038992873862,0.7605741136253713
AOI-0072,2018-06-07,зерновые,0.40520085892678204,0.4077824359807794,0.41481045575783787
AOI-0072,2018-08-05,зерновые,0.19697939544994303,0.19617215945850186,0.19951171062066547
AOI-0072,2018-08-28,зерновые,0.16763910844295693,0.1697313888917671,0.1719248287034255
AOI-0072,2018-09-06,зерновые,0.16928688292453292,0.17084434251440495,0.1750538523109664
AOI-0072,2018-09-22,зерновые,0.15947994228545334,0.16268908779488875,0.1761414494036892
AOI-0072,2019-04-25,зерновые,0.2020306100858978,0.2036952493392506,0.20739849237405267
AOI-0072,2019-04-26,зерновые,0.16930959504814164,0.16553321794965206,0.1684869031755016
AOI-0072,2019-05-04,зерновые,0.21422698923469566,0.21166888227223007,0.2152971735076308
AOI-0072,2019-05-28,зерновые,0.18751245056897425,0.1794793593634288,0.17937476372408545
AOI-0072,2019-06-12,зерновые,0.15137965423506514,0.14685368740795113,0.14566038606287138
AOI-0072,2019-07-14,зерновые,0.1705588377413255,0.17049583611255542,0.17353017833826984
AOI-0072,2019-07-17,зерновые,0.1166855860465408,0.1181020966564773,0.12061728028441712
AOI-0072,2019-08-06,зерновые,0.14641837794999973,0.15073386725923038,0.14701091689191695
AOI-0072,2019-08-16,зерновые,0.14716087519833831,0.14752348192186432,0.15107787134628375
AOI-0072,2019-09-09,зерновые,0.2134149349800913,0.21798676077194196,0.2259174176662387
AOI-0072,2019-09-14,зерновые,0.26749348020680225,0.27138346984850054,0.2815793999634581
AOI-0072,2019-09-17,зерновые,0.1939096375131098,0.19669089546778468,0.2026512784450498
AOI-0072,2019-09-30,зерновые,0.3875677596125118,0.3945746343556239,0.3966840083455323
AOI-0072,2019-10-15,зерновые,0.6432634861022428,0.6433276345240888,0.6584201755429776
AOI-0072,2019-10-20,зерновые,0.7398769737457612,0.7449437250489007,0.7382445288034585
AOI-0072,2019-10-27,зерновые,0.7385600012336355,0.7490456506897394,0.7359291895895735
AOI-0072,2020-04-06,зерновые,0.6928607195586453,0.6977644957004373,0.7029145851540005
AOI-0072,2020-04-27,зерновые,0.7319639391374351,0.7354974362706579,0.7419877436266745
AOI-0072,2020-05-08,зерновые,0.7778281242122651,0.7843206093470607,0.7821030385604272
AOI-0072,2020-05-24,зерновые,0.7353153285302131,0.7442321142283186,0.7418706720945709
AOI-0072,2020-06-30,зерновые,0.23575389152880982,0.23970702961288218,0.2517354386654589
AOI-0072,2020-09-19,зерновые,0.09648553755739417,0.09546730000152231,0.10813123822108749
AOI-0072,2020-09-24,зерновые,0.11819449751945618,0.11930002835241421,0.1269440026159254
AOI-0072,2020-09-26,зерновые,0.129143216851714,0.13234786688923958,0.13932829758267232
AOI-0072,2020-10-05,зерновые,0.12156345377499381,0.12347938803715991,0.133054845663042
AOI-0072,2020-10-14,зерновые,0.11580817798431489,0.11465388994176816,0.12525753213563864
AOI-0072,2020-10-21,зерновые,0.12589414499578844,0.12445590375338769,0.13626087426801134
AOI-0072,2021-04-22,зерновые,0.17268964493194242,0.17011463888546027,0.16425995805601934
AOI-0072,2021-07-11,зерновые,0.19132770775797597,0.1885750403627211,0.18936760773029826
AOI-0072,2021-08-29,зерновые,0.314385101102285,0.31806106477590995,0.33507586553655205
AOI-0072,2022-04-10,зерновые,0.17504299807497073,0.174168100037057,0.1757273439943719
AOI-0072,2022-04-26,зерновые,0.22949609994542355,0.2311280101254496,0.23514940288643468
AOI-0072,2022-06-29,зерновые,0.15014741103852308,0.14829929411430667,0.15258212700775484
AOI-0072,2022-07-15,зерновые,0.17316855483367155,0.1771563281460642,0.18179335498272528
AOI-0072,2022-08-23,зерновые,0.13397153404099932,0.13107694609134066,0.13552007383626652
AOI-0072,2022-08-27,зерновые,0.17378862681400875,0.17527419829947968,0.17424657654335823
AOI-0072,2023-04-29,зерновые,0.8192630395356832,0.8273821360068219,0.8231614296551473
AOI-0072,2023-06-25,зерновые,0.27024453631688194,0.27284369495288674,0.28636763477870647
AOI-0072,2023-07-21,зерновые,0.17139073328166216,0.16987610066391481,0.16994077571156235
AOI-0072,2023-07-22,зерновые,0.19555986827356714,0.19906279851112665,0.20792032829690857
AOI-0072,2023-07-26,зерновые,0.19547531065266172,0.1937590838755304,0.1947817954055229
AOI-0072,2023-08-02,зерновые,0.20571016047010798,0.20750950564049334,0.21299477839994368
AOI-0072,2023-08-03,зерновые,0.19234245355427024,0.19009712904437093,0.19484564915826208
AOI-0072,2023-08-05,зерновые,0.1898866072454005,0.18903797932299052,0.18843415404238123
AOI-0072,2023-08-13,зерновые,0.25990510642868,0.25528860065618636,0.24161204785553836
AOI-0072,2023-08-23,зерновые,0.23377051933406734,0.23242267405805148,0.2431620997803389
AOI-0072,2023-09-19,зерновые,0.2192122447600251,0.2200336040247582,0.2289302725049368
AOI-0072,2023-10-29,зерновые,0.21955283787825858,0.2145078805039925,0.2183127188743406
AOI-0072,2024-04-01,зерновые,0.17009295524545376,0.16674998164940327,0.15683640164281779
AOI-0072,2024-05-09,зерновые,0.20716267244934583,0.2044013428470921,0.2025248271962245
AOI-0072,2024-05-21,зерновые,0.157956242758493,0.14628083408291254,0.14299948770364046
AOI-0072,2024-06-09,зерновые,0.23234894204829862,0.23516471984635826,0.24931576920419926
AOI-0072,2024-06-30,зерновые,0.14272717635863685,0.1432022975399837,0.1420913195443553
AOI-0072,2024-07-11,зерновые,0.1923511510556732,0.19425954153605568,0.19635310748213075
AOI-0072,2024-07-25,зерновые,0.11538390908838103,0.12371209565251023,0.12620584896910175
AOI-0072,2024-08-20,зерновые,0.1607126119149968,0.165135678819436,0.17097431223960957
AOI-0072,2024-09-08,зерновые,0.13863580893681735,0.1415111837388504,0.14959433371314418
AOI-0072,2024-09-22,зерновые,0.18675211388556365,0.1932411832139637,0.20005225871019458
AOI-0072,2024-09-30,зерновые,0.13366900757985914,0.13506781161665474,0.14066423372961412
AOI-0078,2010-04-15,озимая пшеница,0.2132232299891541,0.20853223175136676,0.2025245884845294
AOI-0078,2010-05-01,озимая пшеница,0.32273591585024286,0.3254031102050094,0.3218445501714172
AOI-0078,2010-06-09,озимая пшеница,0.6605278621148473,0.666134525607238,0.6664628755267141
AOI-0078,2010-07-04,озимая пшеница,0.4143488497844312,0.41561791651541974,0.4139814131069434
AOI-0078,2011-04-01,озимая пшеница,0.23743687657917115,0.24046648455470207,0.22870389234526609
AOI-0078,2011-07-06,озимая пшеница,0.7566789583071717,0.7617311253873587,0.7555535353185943
AOI-0078,2011-08-08,озимая пшеница,0.6816290230988813,0.6751070196556567,0.6788871335303789
AOI-0078,2011-08-13,озимая пшеница,0.548289630960701,0.5614798701426337,0.5579851149754038
AOI-0078,2011-09-14,озимая пшеница,0.4677193071852635,0.48346760719426374,0.4901831301031408
AOI-0078,2011-09-17,озимая пшеница,0.40485219671485967,0.41073366669104294,0.41557345802958917
AOI-0078,2011-09-24,озимая пшеница,0.3926528477402095,0.39990092751988887,0.404519957252518
AOI-0078,2012-06-07,озимая пшеница,0.6648012202459528,0.6588365744403909,0.6457248292923213
AOI-0078,2012-09-27,озимая пшеница,0.3230820312836076,0.3210941853983296,0.32059689611430014
AOI-0078,2012-10-04,озимая пшеница,0.25951473145592435,0.26130772961647075,0.2544891141334869
AOI-0078,2013-04-03,озимая пшеница,0.21262811395857067,0.20740608176431985,0.19796509260735126
AOI-0078,2013-07-11,озимая пшеница,0.38251214442499426,0.3880853512918943,0.3838287950055801
AOI-0078,2013-07-28,озимая пшеница,0.5190886681648967,0.524501217551532,0.5192871248943659
AOI-0078,2013-08-29,озимая пшеница,0.4132813829819185,0.42625772788173033,0.4353944541776256
AOI-0078,2013-10-16,озимая пшеница,0.40333766517933256,0.41876263656729246,0.4132017523434429
AOI-0078,2014-06-26,озимая пшеница,0.7894282556556567,0.7912633872134597,0.7866340362547322
AOI-0078,2014-07-31,озимая пшеница,0.6927159185189892,0.6740952339479349,0.6761962310617111
AOI-0078,2015-07-01,озимая пшеница,0.4475301833950285,0.45335046475537694,0.4564252584818014
AOI-0078,2015-09-11,озимая пшеница,0.25842110942469726,0.2609294756897781,0.2570888608012426
AOI-0078,2016-04-22,озимая пшеница,0.40803505517472444,0.40824778597998584,0.4100275234029889
AOI-0078,2016-07-04,озимая пшеница,0.8175706390992585,0.8153500178694117,0.8151311973977404
AOI-0078,2016-09-22,озимая пшеница,0.7195981216921058,0.7179837427612601,0.7070045067337896
AOI-0078,2016-10-24,озимая пшеница,0.44097731672187895,0.43020759044274887,0.44056591326022565
AOI-0078,2017-04-29,озимая пшеница,0.2404030651859906,0.24514620005610324,0.2445594031470368
AOI-0078,2017-05-03,озимая пшеница,0.2589004424030118,0.2672809375523025,0.2679298375917991
AOI-0078,2017-05-06,озимая пшеница,0.22102738465569205,0.23269221849455018,0.22585297859349282
AOI-0078,2017-05-09,озимая пшеница,0.46390753887911096,0.4712600078430265,0.475489529430976
AOI-0078,2017-09-30,озимая пшеница,0.286112283033366,0.29583459703800097,0.30124887191913596
AOI-0078,2018-06-07,озимая пшеница,0.789932019932324,0.7907008630917968,0.7819305228472266
AOI-0078,2018-06-18,озимая пшеница,0.6459332396540086,0.6434370408570422,0.6380001587266517
AOI-0078,2018-07-10,озимая пшеница,0.327119080555719,0.3213568648955111,0.3240497808342793
AOI-0078,2018-08-10,озимая пшеница,0.37914564924368827,0.3853382408469705,0.39244422341086815
AOI-0078,2018-09-12,озимая пшеница,0.23016874979397692,0.22559190596674342,0.2213760768448502
AOI-0078,2018-09-28,озимая пшеница,0.2254454495270925,0.21982760028717116,0.2142233188321357
AOI-0078,2018-10-01,озимая пшеница,0.23713207621612648,0.23268175032006908,0.23044030640732438
AOI-0078,2018-10-14,озимая пшеница,0.21220713456237741,0.2095616652100963,0.20657479420756117
AOI-0078,2019-04-07,озимая пшеница,0.3061658701665523,0.31057063593434664,0.31424717815904
AOI-0078,2019-04-23,озимая пшеница,0.24847292476447755,0.2501920560556984,0.2527020673553132
AOI-0078,2019-05-06,озимая пшеница,0.21272544876176358,0.21522494417817215,0.20982160277752668
AOI-0078,2019-05-16,озимая пшеница,0.26456466931165434,0.2667723886429931,0.2577709780242196
AOI-0078,2019-05-24,озимая пшеница,0.39957187226896124,0.3930802498949304,0.3795478207756288
AOI-0078,2019-06-02,озимая пшеница,0.502725503174955,0.5024644281900423,0.4983064744335417
AOI-0078,2019-06-10,озимая пшеница,0.6472997311369199,0.639693397844323,0.6371642303488045
AOI-0078,2019-06-13,озимая пшеница,0.6218987546137327,0.6059100170941362,0.5984341092913739
AOI-0078,2019-06-25,озимая пшеница,0.666080196822074,0.6576307150875871,0.650172766129861
AOI-0078,2019-07-04,озимая пшеница,0.6585395894665843,0.6459835998846173,0.6370451118454836
AOI-0078,2019-07-23,озимая пшеница,0.7260721882919591,0.7169404099358805,0.7141334695469207
AOI-0078,2019-07-28,озимая пшеница,0.7600762473382954,0.7659622263230227,0.7641258750087708
AOI-0078,2019-08-07,озимая пшеница,0.807430546172489,0.7955824013357647,0.7958441277001165
AOI-0078,2019-08-09,озимая пшеница,0.7807333694842098,0.7723678332431887,0.7713127321892519
AOI-0078,2019-08-21,озимая пшеница,0.8783083678480391,0.8820533376429588,0.8724040292191032
AOI-0078,2019-08-29,озимая пшеница,0.8348809573288289,0.8517061121446796,0.840265783850809
AOI-0078,2019-09-13,озимая пшеница,0.7950516290590871,0.7950475677502229,0.7870066776625823
AOI-0078,2019-09-28,озимая пшеница,0.4915505320290219,0.48695139994105424,0.4843956030174931
AOI-0078,2019-10-16,озимая пшеница,0.40077240368568123,0.4128980709364512,0.4150549332752065
AOI-0078,2020-04-05,озимая пшеница,0.19543123806721702,0.19364915799099913,0.18332402658405253
AOI-0078,2020-04-06,озимая пшеница,0.38171663375193815,0.3817888410734166,0.3816402570413708
AOI-0078,2020-04-23,озимая пшеница,0.4090913337929056,0.40583659392237525,0.4022382916607133
AOI-0078,2020-05-19,озимая пшеница,0.7718414299022782,0.7770450417925304,0.7797706306342935
AOI-0078,2020-06-12,озимая пшеница,0.856935025758198,0.8551134364585764,0.853904864264306
AOI-0078,2020-06-28,озимая пшеница,0.370452584804834,0.35675979537615266,0.35361654686921196
AOI-0078,2020-07-24,озимая пшеница,0.18540222978234133,0.17693996130633363,0.17143525665997522
AOI-0078,2020-08-06,озимая пшеница,0.24144414212098075,0.2447471530139675,0.24174699987515766
AOI-0078,2020-08-08,озимая пшеница,0.18547557725596825,0.1737262956727443,0.1718092900578999
AOI-0078,2020-08-12,озимая пшеница,0.28252038508136845,0.28524366762190373,0.29104685773829975
AOI-0078,2020-09-08,озимая пшеница,0.17982922460327028,0.1820690073457317,0.17997754861427212
AOI-0078,2020-09-15,озимая пшеница,0.16997081019208132,0.16999040287624181,0.16268483040421983
AOI-0078,2020-09-24,озимая пшеница,0.13869241005539973,0.13239010940128135,0.13114430940224295
AOI-0078,2020-09-25,озимая пшеница,0.1701422086130735,0.1630494866244944,0.16369092957571155
AOI-0078,2020-10-15,озимая пшеница,0.19141441330358086,0.20053014175854375,0.20156485363533852
AOI-0078,2020-10-22,озимая пшеница,0.09334611740130036,0.08728982248379914,0.08161759449734743
AOI-0078,2020-10-26,озимая пшеница,0.1373747866662318,0.12655355693955372,0.1240005040270789
AOI-0078,2021-04-10,озимая пшеница,0.11341898214275555,0.10212277281040802,0.09449297660180214
AOI-0078,2021-05-14,озимая пшеница,0.3107586540104537,0.3100402442438114,0.3034418668326544
AOI-0078,2021-05-15,озимая пшеница,0.28511248898751973,0.29241698120897935,0.28337562195348287
AOI-0078,2021-05-25,озимая пшеница,0.5842658569702925,0.5760334835062567,0.582505574835022
AOI-0078,2021-06-17,озимая пшеница,0.770542426473132,0.7668363665641665,0.7593290087774051
AOI-0078,2021-06-22,озимая пшеница,0.7759877299604484,0.7675429932054254,0.7598510225239224
AOI-0078,2021-06-23,озимая пшеница,0.8047785306424065,0.7996474482221085,0.7907984815178257
AOI-0078,2021-06-26,озимая пшеница,0.7289714040453429,0.7330145830501101,0.7276802940122478
AOI-0078,2021-07-09,озимая пшеница,0.7327592748974412,0.7295531484077401,0.7227362323290651
AOI-0078,2021-08-01,озимая пшеница,0.5580130378598547,0.5539799669879436,0.5448221530648201
AOI-0078,2021-08-21,озимая пшеница,0.5034287702018703,0.5037374106977545,0.501861806205463
AOI-0078,2021-08-29,озимая пшеница,0.5790355480141359,0.5928880058430821,0.596611766394014
AOI-0078,2021-09-03,озимая пшеница,0.5782729964685314,0.5803363961462943,0.5886501825959184
AOI-0078,2021-09-15,озимая пшеница,0.5446202019834636,0.5430614637905988,0.5410505653586861
AOI-0078,2021-10-27,озимая пшеница,0.25700080144028925,0.25234799928731155,0.2523482556491651
AOI-0078,2021-10-30,озимая пшеница,0.26051882068508386,0.2503913941014726,0.2512141833204986
AOI-0078,2022-04-07,озимая пшеница,0.37988427540460706,0.37366748033080643,0.35975651502027944
AOI-0078,2022-05-03,озимая пшеница,0.6480719639044482,0.6461709996780705,0.645511126278934
AOI-0078,2022-06-19,озимая пшеница,0.7461520362965608,0.7515986385829501,0.747867135096934
AOI-0078,2022-06-27,озимая пшеница,0.5759316524195439,0.5677734209888355,0.5630484794535934
AOI-0078,2022-07-17,озимая пшеница,0.2634848633059375,0.25496370010341496,0.24775301773626307
AOI-0078,2022-07-24,озимая пшеница,0.18457037239083338,0.17329923172645137,0.16828106245038438
AOI-0078,2022-08-01,озимая пшеница,0.1830064620114953,0.15123314399254378,0.15037234479394188
AOI-0078,2022-09-17,озимая пшеница,0.17988573800719462,0.17639211482256179,0.17671618459914512
AOI-0078,2022-09-20,озимая пшеница,0.2260421981197318,0.22837569438953392,0.23257916976392426
AOI-0078,2022-10-01,озимая пшеница,0.36096572820133394,0.3524019757377253,0.35674066942906546
AOI-0078,2022-10-08,озимая пшеница,0.3926959693944124,0.40288182238001485,0.4131928858641692
AOI-0078,2022-10-15,озимая пшеница,0.5201499654697399,0.5269970083191807,0.5305762887422317
AOI-0078,2023-05-12,озимая пшеница,0.8350491168216004,0.8219706908938408,0.8210014831435982
AOI-0078,2023-06-02,озимая пшеница,0.8593199203507286,0.8540226129042017,0.8485648555502302
AOI-0078,2023-07-02,озимая пшеница,0.6060791913662621,0.5941731578682578,0.5838843284889426
AOI-0078,2023-07-31,озимая пшеница,0.2160095506292276,0.20644060666619882,0.20193719282596362
AOI-0078,2023-08-03,озимая пшеница,0.17469727801467094,0.16360623060789525,0.16126434939724765
AOI-0078,2023-08-29,озимая пшеница,0.35785129869538534,0.37118449914679363,0.38065854099377583
AOI-0078,2023-09-29,озимая пшеница,0.14987668823597933,0.13964666200123063,0.13933613684211035
AOI-0078,2023-10-03,озимая пшеница,0.17134294565820513,0.17140261081385694,0.17076800114855176
AOI-0078,2024-04-04,озимая пшеница,0.2006773012542066,0.19320854206871416,0.18351498781419504
AOI-0078,2024-04-13,озимая пшеница,0.2643785277474356,0.2676684610745931,0.26743184982256746
AOI-0078,2024-04-14,озимая пшеница,0.213923512204553,0.21504414891032603,0.216094854369287
AOI-0078,2024-04-22,озимая пшеница,0.4898884739186746,0.4973618226502667,0.4840864810182677
AOI-0078,2024-05-04,озимая пшеница,0.43186485562921845,0.43606544382330964,0.4331034600825723
AOI-0078,2024-05-06,озимая пшеница,0.440088609857357,0.4397573730851056,0.4370018675698637
AOI-0078,2024-05-17,озимая пшеница,0.5755921241199518,0.5747474577112784,0.5674290617956838
AOI-0078,2024-05-19,озимая пшеница,0.5724029956599578,0.5617996766707002,0.5551164275716299
AOI-0078,2024-05-29,озимая пшеница,0.6367668384628911,0.6324881608344549,0.628519425357236
AOI-0078,2024-06-09,озимая пшеница,0.5896196246229765,0.5916490243062951,0.5888893410423202
AOI-0078,2024-06-25,озимая пшеница,0.3926791888994977,0.391224935618836,0.38113461914812297
AOI-0078,2024-07-08,озимая пшеница,0.2509390748686423,0.24503294870159617,0.2383634880827416
AOI-0078,2024-07-13,озимая пшеница,0.22480938938872402,0.2145449893896534,0.20784600862286182
AOI-0078,2024-07-17,озимая пшеница,0.3015532258146295,0.29645227352525394,0.2931167232688293
AOI-0078,2024-07-25,озимая пшеница,0.31154524167801567,0.29764866850789196,0.2875647437664284
AOI-0078,2024-08-18,озимая пшеница,0.3037871991824219,0.30784141087614264,0.309867303523966
AOI-0078,2024-08-26,озимая пшеница,0.23693888739432545,0.2345216305935917,0.23350781995599731
AOI-0078,2024-09-21,озимая пшеница,0.17018618635093766,0.16933854051827898,0.16682541661167605
AOI-0078,2024-10-22,озимая пшеница,0.25270750176251067,0.2528529840222263,0.2510384137972109
AOI-0078,2024-10-30,озимая пшеница,0.21630976641591376,0.20297509232095876,0.20125939605738502
