row_id,anon_polygon_id,date,crop_type,primary_ndvi,prediction,calibration_seed,month,error
30,AOI-0001,2010-05-01,озимая пшеница,0.8189282684222362,0.796470958436664,311,5,-0.02245730998557216
38,AOI-0001,2010-05-09,озимая пшеница,0.756947746570869,0.8074101241997826,311,5,0.05046237762891359
62,AOI-0001,2010-06-02,озимая пшеница,0.7825531280629143,0.756453151216169,311,6,-0.026099976846745365
118,AOI-0001,2010-07-28,озимая пшеница,0.2391487511230542,0.31825127894433025,311,7,0.07910252782127605
230,AOI-0001,2011-04-18,озимая пшеница,0.1789340010985546,0.18409536271585986,311,4,0.005161361617305266
235,AOI-0001,2011-04-23,озимая пшеница,0.4017319399085565,0.3737014541216074,311,4,-0.02803048578694911
295,AOI-0001,2011-06-22,озимая пшеница,0.7763945176111879,0.7952713501755031,311,6,0.01887683256431516
342,AOI-0001,2011-08-08,озимая пшеница,0.536999632876944,0.4959878834856486,311,8,-0.04101174939129537
431,AOI-0001,2012-04-06,озимая пшеница,0.3433074787720445,0.5410749644314448,311,4,0.19776748565940028
495,AOI-0001,2012-06-09,озимая пшеница,0.4854246244284782,0.5446063581012646,311,6,0.05918173367278634
661,AOI-0001,2013-04-23,озимая пшеница,0.8277768778576094,0.7996914190896971,311,4,-0.028085458767912352
693,AOI-0001,2013-05-25,озимая пшеница,0.7755242325277597,0.6357276703392395,311,5,-0.1397965621885202
861,AOI-0001,2014-04-10,озимая пшеница,0.2018683585584089,0.23519503987249157,311,4,0.03332668131408267
902,AOI-0001,2014-05-21,озимая пшеница,0.3614589962297395,0.4567761297374995,311,5,0.09531713350776
966,AOI-0001,2014-07-24,озимая пшеница,0.72905614382807,0.736944170284841,311,7,0.007888026456771002
1087,AOI-0001,2015-04-23,озимая пшеница,0.6771725669497063,0.6524184605957647,311,4,-0.024754106353941596
1103,AOI-0001,2015-05-09,озимая пшеница,0.7915600261267146,0.7530417926071038,311,5,-0.03851823351961081
1125,AOI-0001,2015-05-31,озимая пшеница,0.6831325596869,0.8039165265884638,311,5,0.12078396690156379
1284,AOI-0001,2016-04-07,озимая пшеница,0.227482468201863,0.21539562853752547,311,4,-0.012086839664337518
1332,AOI-0001,2016-05-25,озимая пшеница,0.474403473696065,0.5820843205410872,311,5,0.10768084684502216
1412,AOI-0001,2016-08-13,озимая пшеница,0.2474701789940374,0.2921047331958659,311,8,0.04463455420182849
1476,AOI-0001,2016-10-16,озимая пшеница,1.0037185649710092,0.39398462867225237,311,10,-0.6097339362987568
1529,AOI-0001,2017-05-09,озимая пшеница,0.6811130633572829,0.7755135461716677,311,5,0.09440048281438473
1572,AOI-0001,2017-06-21,озимая пшеница,0.7163758163907239,0.6867487962266259,311,6,-0.029627020164098017
1609,AOI-0001,2017-07-28,озимая пшеница,0.4806076094056175,0.4134786825887693,311,7,-0.06712892681684818
1616,AOI-0001,2017-08-04,озимая пшеница,0.3369778219476197,0.3190965578301126,311,8,-0.017881264117507123
1626,AOI-0001,2017-08-14,озимая пшеница,0.2728494956632588,0.2721270522668088,311,8,-0.000722443396450001
1744,AOI-0001,2018-05-11,озимая пшеница,0.8536706710387919,0.8232181599512192,311,5,-0.030452511087572742
1812,AOI-0001,2018-07-18,озимая пшеница,0.1743837108484365,0.3031374530498563,311,7,0.12875374220141977
1820,AOI-0001,2018-07-26,озимая пшеница,0.1702866730770812,0.3009848426220148,311,7,0.1306981695449336
1838,AOI-0001,2018-08-13,озимая пшеница,0.4946305682560418,0.4002227367128879,311,8,-0.09440783154315391
1869,AOI-0001,2018-09-13,озимая пшеница,0.1770675226821158,0.17181445187942382,311,9,-0.005253070802691995
1952,AOI-0001,2019-05-06,озимая пшеница,0.4453254246933104,0.381633097876583,311,5,-0.06369232681672737
1955,AOI-0001,2019-05-09,озимая пшеница,0.6196601567602875,0.7427983864830379,311,5,0.12313822972275035
2003,AOI-0001,2019-06-26,озимая пшеница,0.4190844872632266,0.4695005232333026,311,6,0.05041603597007599
2052,AOI-0001,2019-08-14,озимая пшеница,0.2969511723064941,0.34621519473430895,311,8,0.04926402242781486
2092,AOI-0001,2019-09-23,озимая пшеница,-0.0080282820632567,0.13599405159658853,311,9,0.14402233365984524
2109,AOI-0001,2019-10-10,озимая пшеница,0.2085651198434112,0.23156670617987354,311,10,0.02300158633646235
2163,AOI-0001,2020-05-04,озимая пшеница,0.800389859081245,0.7522243335376456,311,5,-0.04816552554359943
2171,AOI-0001,2020-05-12,озимая пшеница,0.8451649624670714,0.7763992058374674,311,5,-0.06876575662960405
2275,AOI-0001,2020-08-24,озимая пшеница,0.3370066758825094,0.30168506857237964,311,8,-0.03532160731012973
2276,AOI-0001,2020-08-25,озимая пшеница,0.3053229332321797,0.2642171137928171,311,8,-0.04110581943936259
2295,AOI-0001,2020-09-13,озимая пшеница,0.2802503592423253,0.2972315021259676,311,9,0.01698114288364233
2309,AOI-0001,2020-09-27,озимая пшеница,0.1886919704303382,0.18262610280466574,311,9,-0.006065867625672461
2349,AOI-0001,2021-04-07,озимая пшеница,0.3607277205040092,0.4286132549712215,311,4,0.0678855344672123
2419,AOI-0001,2021-06-16,озимая пшеница,0.498768417423414,0.4259640754662528,311,6,-0.07280434195716118
2459,AOI-0001,2021-07-26,озимая пшеница,0.6658048875233159,0.6425969875227189,311,7,-0.023207900000597026
2509,AOI-0001,2021-09-14,озимая пшеница,0.318890202482038,0.28938832381384905,311,9,-0.02950187866818893
2522,AOI-0001,2021-09-27,озимая пшеница,0.1939016946525773,0.22485202497954365,311,9,0.03095033032696634
2525,AOI-0001,2021-09-30,озимая пшеница,0.2839915741345526,0.30828533387598933,311,9,0.024293759741436716
2565,AOI-0001,2022-04-10,озимая пшеница,0.3562978414134923,0.5536273172298007,311,4,0.19732947581630844
2610,AOI-0001,2022-05-25,озимая пшеница,0.7975576420640106,0.7582292057241202,311,5,-0.03932843633989036
2645,AOI-0001,2022-06-29,озимая пшеница,0.4158972667464328,0.4525372200974168,311,6,0.03663995335098402
2683,AOI-0001,2022-08-06,озимая пшеница,0.3412292856149462,0.34740957649264514,311,8,0.006180290877698946
2690,AOI-0001,2022-08-13,озимая пшеница,0.2380573541740891,0.275525332868287,311,8,0.037467978694197906
2691,AOI-0001,2022-08-14,озимая пшеница,0.2918446745837031,0.2659687715845526,311,8,-0.02587590299915049
2807,AOI-0001,2023-05-09,озимая пшеница,0.8753085564990206,0.775509871023547,311,5,-0.09979868547547366
2855,AOI-0001,2023-06-26,озимая пшеница,0.6660993468321361,0.5295262868469018,311,6,-0.13657305998523428
2858,AOI-0001,2023-06-29,озимая пшеница,0.6445336196220042,0.560241974299114,311,6,-0.08429164532289013
2913,AOI-0001,2023-08-23,озимая пшеница,0.1927973188100534,0.2140747527177267,311,8,0.021277433907673282
2938,AOI-0001,2023-09-17,озимая пшеница,0.2332298836593794,0.23571559412741366,311,9,0.0024857104680342523
2972,AOI-0001,2023-10-21,озимая пшеница,0.2375171310416653,0.19292527044582572,311,10,-0.04459186059583958
3099,AOI-0001,2024-07-27,озимая пшеница,0.2673398105813195,0.2937905007788059,311,7,0.026450690197486415
3130,AOI-0001,2024-08-27,озимая пшеница,0.1454484308839963,0.16154103695949618,311,8,0.016092606075499866
3135,AOI-0001,2024-09-01,озимая пшеница,0.1551642689167293,0.16293295988641576,311,9,0.007768690969686465
3155,AOI-0001,2024-09-21,озимая пшеница,0.156695972080234,0.15268608710686016,311,9,-0.004009884973373845
3160,AOI-0001,2024-09-26,озимая пшеница,0.1477568981765742,0.14738529788121352,311,9,-0.00037160029536068007
3225,AOI-0001,2025-05-01,озимая пшеница,0.312974487112701,0.2947806393088863,311,5,-0.018193847803814667
3243,AOI-0001,2025-05-19,озимая пшеница,0.2792619200475962,0.45630278563129895,311,5,0.17704086558370274
3263,AOI-0001,2025-06-08,озимая пшеница,0.4786859592675447,0.48102611860763855,311,6,0.0023401593400938503
3322,AOI-0001,2025-08-06,озимая пшеница,0.3455537359984418,0.2662180985422523,311,8,-0.07933563745618949
3323,AOI-0001,2025-08-07,озимая пшеница,0.2817928610865974,0.2457877331896891,311,8,-0.036005127896908296
3343,AOI-0001,2025-08-27,озимая пшеница,0.2147468751551229,0.1878322775769921,311,8,-0.026914597578130778
3421,AOI-0002,2025-04-14,озимая пшеница,0.8020693255525837,0.7227409687315208,311,4,-0.07932835682106287
3506,AOI-0002,2025-07-08,озимая пшеница,0.2905545930441813,0.30190145883398245,311,7,0.011346865789801153
3511,AOI-0002,2025-07-13,озимая пшеница,0.2343674824338569,0.24430705111166584,311,7,0.00993956867780893
3526,AOI-0002,2025-07-28,озимая пшеница,0.2107085272788199,0.24951006210460763,311,7,0.03880153482578774
3558,AOI-0002,2025-08-29,озимая пшеница,0.1678722386089551,0.2195068705823717,311,8,0.05163463197341661
3583,AOI-0002,2025-09-23,озимая пшеница,0.2376407322804396,0.19059705361500057,311,9,-0.04704367866543904
3627,AOI-0003,2025-04-07,озимая пшеница,0.728496145038168,0.7549478955237979,311,4,0.026451750485629977
3653,AOI-0003,2025-05-03,озимая пшеница,0.8828702184086081,0.8519752989699934,311,5,-0.030894919438614776
3691,AOI-0003,2025-06-10,озимая пшеница,0.5782415794185565,0.6094945377792146,311,6,0.03125295836065811
3709,AOI-0003,2025-06-28,озимая пшеница,0.1880169959128333,0.25758138262830876,311,6,0.06956438671547546
3721,AOI-0003,2025-07-10,озимая пшеница,0.1948905886712037,0.18207067187115825,311,7,-0.012819916800045461
3736,AOI-0003,2025-07-25,озимая пшеница,0.1639557752721876,0.17907593416000125,311,7,0.01512015888781365
3739,AOI-0003,2025-07-28,озимая пшеница,0.1613908517709887,0.2210923718433853,311,7,0.0597015200723966
3748,AOI-0003,2025-08-06,озимая пшеница,0.1913045271650864,0.1929608196079472,311,8,0.0016562924428608072
3780,AOI-0003,2025-09-07,озимая пшеница,0.2363064980012826,0.22198210549454203,311,9,-0.014324392506740558
3834,AOI-0004,2025-04-01,озимая пшеница,0.2724644431806922,0.4036483298408713,311,4,0.1311838866601791
3921,AOI-0004,2025-06-27,озимая пшеница,0.6564632892383602,0.6140977316735747,311,6,-0.04236555756478544
3937,AOI-0004,2025-07-13,озимая пшеница,0.4757416296865577,0.5000515776242203,311,7,0.024309947937662557
3962,AOI-0004,2025-08-07,озимая пшеница,0.3882084537583832,0.3681011488273309,311,8,-0.020107304931052283
3987,AOI-0004,2025-09-01,озимая пшеница,0.3156488693083175,0.3014075372539638,311,9,-0.014241332054353684
4002,AOI-0004,2025-09-16,озимая пшеница,0.3160186162951108,0.28691905324287353,311,9,-0.029099563052237265
4063,AOI-0005,2025-04-17,озимая пшеница,0.5623279020799687,0.5740350533381671,311,4,0.011707151258198323
4065,AOI-0005,2025-04-19,озимая пшеница,0.615867763394536,0.5842678641281087,311,4,-0.031599899266427256
4095,AOI-0005,2025-05-19,озимая пшеница,0.4322257518789177,0.6525899233654171,311,5,0.2203641714864994
4117,AOI-0005,2025-06-10,озимая пшеница,0.5141052610052255,0.6272934230598092,311,6,0.11318816205458371
4142,AOI-0005,2025-07-05,озимая пшеница,0.5652211451721072,0.5046718226058425,311,7,-0.06054932256626466
4195,AOI-0005,2025-08-27,озимая пшеница,0.2962185669467165,0.2655612680592697,311,8,-0.030657298887446782
4264,AOI-0006,2025-04-17,озимая пшеница,0.2635232858183731,0.23324801518170069,311,4,-0.030275270636672402
4277,AOI-0006,2025-06-10,озимая пшеница,0.6127234307905733,0.7051758505481953,311,6,0.09245241975762197
4285,AOI-0006,2025-07-08,озимая пшеница,0.6043460036404829,0.5743745209931956,311,7,-0.029971482647287218
4294,AOI-0006,2025-07-30,озимая пшеница,0.3670613534452049,0.3693274038987544,311,7,0.002266050453549495
4312,AOI-0006,2025-09-16,озимая пшеница,0.1736979818071506,0.182592841741621,311,9,0.008894859934470395
4315,AOI-0006,2025-09-26,озимая пшеница,0.1854855495135587,0.17049997735405067,311,9,-0.01498557215950802
4338,AOI-0007,2025-04-19,озимая пшеница,0.2923278737076623,0.2587191305342206,311,4,-0.0336087431734417
4355,AOI-0007,2025-05-06,озимая пшеница,0.4762757499849394,0.5505484199679171,311,5,0.07427266998297777
4374,AOI-0007,2025-05-25,озимая пшеница,0.7995889883616835,0.7871521558026418,311,5,-0.01243683255904171
4460,AOI-0007,2025-08-19,озимая пшеница,0.1456293074595238,0.14459801136750364,311,8,-0.0010312960920201564
4465,AOI-0007,2025-08-24,озимая пшеница,0.1284739623963714,0.13307848245899123,311,8,0.004604520062619827
4468,AOI-0007,2025-08-27,озимая пшеница,0.1503015272792904,0.1454925404476632,311,8,-0.004808986831627199
4472,AOI-0007,2025-08-31,озимая пшеница,0.1888777434496562,0.17935074869541137,311,8,-0.009526994754244816
4486,AOI-0007,2025-09-14,озимая пшеница,0.2373520590868398,0.24855557034186765,311,9,0.01120351125502786
4507,AOI-0007,2025-10-05,озимая пшеница,0.1530792058403083,0.21082613877639064,311,10,0.05774693293608235
4540,AOI-0008,2025-04-23,озимая пшеница,0.7566566115702479,0.8549749703406773,311,4,0.09831835877042938
4543,AOI-0008,2025-04-29,озимая пшеница,0.9025592109423146,0.801918005212424,311,4,-0.10064120572989066
4551,AOI-0008,2025-05-25,озимая пшеница,0.8396043388429753,0.8582532849068838,311,5,0.018648946063908545
4557,AOI-0008,2025-06-08,озимая пшеница,0.8154590081538851,0.7781584261812122,311,6,-0.03730058197267283
4558,AOI-0008,2025-06-10,озимая пшеница,0.5425551652892562,0.695844702515724,311,6,0.15328953722646776
4562,AOI-0008,2025-06-30,озимая пшеница,0.2331296574491932,0.25422618463302094,311,6,0.021096527183827735
4588,AOI-0008,2025-08-22,озимая пшеница,0.1502120612613717,0.14842694780542798,311,8,-0.001785113455943732
4591,AOI-0008,2025-08-27,озимая пшеница,0.1522594214908493,0.13995877959249162,311,8,-0.012300641898357695
4685,AOI-0009,2025-06-13,озимая пшеница,0.3025947553288632,0.3104849797776295,311,6,0.007890224448766303
4687,AOI-0009,2025-06-15,озимая пшеница,0.2768374462238329,0.3007555258978226,311,6,0.023918079673989734
4714,AOI-0009,2025-07-12,озимая пшеница,0.2560023015638831,0.25079900520380594,311,7,-0.005203296360077159
4715,AOI-0009,2025-07-13,озимая пшеница,0.1672922749653396,0.1519182008618175,311,7,-0.015374074103522095
4717,AOI-0009,2025-07-15,озимая пшеница,0.1526542285566669,0.16750971001335835,311,7,0.014855481456691438
4720,AOI-0009,2025-07-18,озимая пшеница,0.162344168699569,0.1633132600495217,311,7,0.000969091349952711
4732,AOI-0009,2025-07-30,озимая пшеница,0.1743465726465328,0.1509063837238263,311,7,-0.023440188922706495
4788,AOI-0009,2025-09-24,озимая пшеница,0.2149301788015548,0.2185720502067885,311,9,0.0036418714052336987
4794,AOI-0009,2025-09-30,озимая пшеница,0.2578142814989673,0.2615356561342514,311,9,0.0037213746352841026
4831,AOI-0010,2010-06-10,озимая пшеница,0.500515306122449,0.5318640991754643,311,6,0.0313487930530153
4835,AOI-0010,2010-07-05,озимая пшеница,0.2172517335681531,0.24694051883974774,311,7,0.02968878527159463
4844,AOI-0010,2010-08-30,озимая пшеница,0.1722089011629944,0.24433205522270435,311,8,0.07212315405970995
4854,AOI-0010,2011-05-09,озимая пшеница,0.725908163265306,0.7610783128398777,311,5,0.03517014957457165
4873,AOI-0010,2011-09-14,озимая пшеница,0.2999265306122449,0.32963580564052763,311,9,0.029709275028282744
4876,AOI-0010,2011-10-16,озимая пшеница,0.3880469387755101,0.37616923470783975,311,10,-0.011877704067670358
4880,AOI-0010,2012-04-29,озимая пшеница,0.4443790136948157,0.2812478766773937,311,4,-0.163131137017422
4884,AOI-0010,2012-06-25,озимая пшеница,0.2955438775510204,0.2895714267797511,311,6,-0.005972450771269289
4905,AOI-0010,2013-06-19,озимая пшеница,0.3121741358270364,0.3190841652881152,311,6,0.0069100294610787705
4909,AOI-0010,2013-07-13,озимая пшеница,0.2588943647549037,0.2759456549538784,311,7,0.017051290198974722
4913,AOI-0010,2013-08-13,озимая пшеница,0.2687581632653061,0.2840482952816063,311,8,0.015290132016300195
4923,AOI-0010,2014-04-27,озимая пшеница,0.834572870975769,0.7493432952610177,311,4,-0.08522957571475132
4930,AOI-0010,2014-06-22,озимая пшеница,0.2556986764975163,0.35713744597488545,311,6,0.10143876947736913
4937,AOI-0010,2014-08-01,озимая пшеница,0.2202136798922163,0.19607956533703655,311,8,-0.024134114555179748
4969,AOI-0010,2015-08-04,озимая пшеница,0.211501005437785,0.20162489896266808,311,8,-0.009876106475116914
4970,AOI-0010,2015-08-12,озимая пшеница,0.1580782349742485,0.19026381411615478,311,8,0.032185579141906284
4978,AOI-0010,2015-09-30,озимая пшеница,0.2668928571428571,0.2806171906970797,311,9,0.01372433355422259
4985,AOI-0010,2016-05-08,озимая пшеница,0.7706224489795919,0.8143397481408474,311,5,0.04371729916125555
4995,AOI-0010,2016-07-11,озимая пшеница,0.429965306122449,0.323891953789335,311,7,-0.10607335233311399
5004,AOI-0010,2016-09-29,озимая пшеница,0.3346010204081632,0.33696360471565256,311,9,0.002362584307489368
5020,AOI-0010,2017-05-09,озимая пшеница,0.7679122448979592,0.7764036195874502,311,5,0.008491374689491016
5030,AOI-0010,2017-07-16,озимая пшеница,0.184216052774035,0.23375568501307614,311,7,0.04953963223904115
5033,AOI-0010,2017-07-28,озимая пшеница,0.2786244897959183,0.24547134528282857,311,7,-0.03315314451308973
5040,AOI-0010,2017-08-14,озимая пшеница,0.1403800125839296,0.14545724245822708,311,8,0.005077229874297484
5042,AOI-0010,2017-08-21,озимая пшеница,0.1575273043532824,0.14452896940938093,311,8,-0.012998334943901485
5048,AOI-0010,2017-09-08,озимая пшеница,0.1914575038132484,0.19124278153545976,311,9,-0.00021472227778862596
5063,AOI-0010,2018-04-06,озимая пшеница,0.5378398117839326,0.5352229641576616,311,4,-0.0026168476262710128
5080,AOI-0010,2018-06-15,озимая пшеница,0.3125390540570005,0.318853513614191,311,6,0.0063144595571905104
5091,AOI-0010,2018-08-29,озимая пшеница,0.1952948979591836,0.21049388870789765,311,8,0.015198990748714059
5098,AOI-0010,2018-09-30,озимая пшеница,0.2240091836734694,0.2429255313481653,311,9,0.01891634767469591
5120,AOI-0010,2019-05-28,озимая пшеница,0.8296571602057213,0.7579274072366324,311,5,-0.0717297529690889
5135,AOI-0010,2019-06-28,озимая пшеница,0.1995549777836626,0.19867596059967366,311,6,-0.0008790171839889449
5137,AOI-0010,2019-07-05,озимая пшеница,0.1414721325876197,0.13791253463350583,311,7,-0.003559597954113869
5146,AOI-0010,2019-08-06,озимая пшеница,0.299216206786803,0.2964941790496536,311,8,-0.002722027737149413
5164,AOI-0010,2019-09-13,озимая пшеница,0.1736134535401533,0.17412053126304192,311,9,0.0005070777228886048
5167,AOI-0010,2019-09-16,озимая пшеница,0.2235792990327735,0.22397769606583745,311,9,0.000398397033063963
5168,AOI-0010,2019-09-18,озимая пшеница,0.1733696967881408,0.16290125571342992,311,9,-0.010468441074710871
5174,AOI-0010,2019-10-15,озимая пшеница,0.2560777596704631,0.25728717926988154,311,10,0.0012094195994184487
5183,AOI-0010,2020-04-12,озимая пшеница,0.7192328459886446,0.6570637294493156,311,4,-0.062169116539328995
5196,AOI-0010,2020-05-30,озимая пшеница,0.504590771512424,0.4334732967575718,311,5,-0.07111747475485225
5207,AOI-0010,2020-07-06,озимая пшеница,0.157052427394461,0.1522045771992247,311,7,-0.004847850195236314
5219,AOI-0010,2020-08-05,озимая пшеница,0.1522780794911652,0.18354794334576074,311,8,0.03126986385459554
5226,AOI-0010,2020-08-18,озимая пшеница,0.1469003476431029,0.16837904923682778,311,8,0.02147870159372489
5234,AOI-0010,2020-09-07,озимая пшеница,0.1562616286343321,0.15343954160006876,311,9,-0.002822087034263343
5244,AOI-0010,2020-09-24,озимая пшеница,0.1419175710534781,0.16036232737396017,311,9,0.018444756320482064
5253,AOI-0010,2020-10-20,озимая пшеница,0.2604797552067147,0.1948929538221772,311,10,-0.06558680138453749
5258,AOI-0010,2021-04-15,озимая пшеница,0.2898846706959329,0.3488896562668372,311,4,0.059004985570904334
5259,AOI-0010,2021-04-22,озимая пшеница,0.3679933601199035,0.34141782687973166,311,4,-0.026575533240171867
5286,AOI-0010,2021-07-19,озимая пшеница,0.2284277564687625,0.22730357805727308,311,7,-0.0011241784114894293
5298,AOI-0010,2021-08-23,озимая пшеница,0.3342145267557447,0.29421574354761126,311,8,-0.03999878320813344
5300,AOI-0010,2021-08-28,озимая пшеница,0.3230354846687496,0.3127228086534707,311,8,-0.01031267601527891
5307,AOI-0010,2021-09-14,озимая пшеница,0.3319059983567324,0.37871161295291966,311,9,0.04680561459618726
5318,AOI-0010,2021-10-22,озимая пшеница,0.3522216718928065,0.3788401607393712,311,10,0.026618488846564703
5320,AOI-0010,2022-04-02,озимая пшеница,0.4597860042188753,0.48132577432596857,311,4,0.021539770107093292
5326,AOI-0010,2022-04-27,озимая пшеница,0.3918834105550735,0.7408570074573326,311,4,0.34897359690225915
5356,AOI-0010,2022-07-31,озимая пшеница,0.2224943713257827,0.26896066423004306,311,7,0.04646629290426035
5357,AOI-0010,2022-08-07,озимая пшеница,0.3734406241364158,0.2977125981297677,311,8,-0.07572802600664813
5376,AOI-0010,2022-10-07,озимая пшеница,0.2913597544262701,0.20810298194044025,311,10,-0.08325677248582986
5378,AOI-0010,2022-10-14,озимая пшеница,0.2738697158270139,0.2084110390665186,311,10,-0.06545867676049533
5380,AOI-0010,2022-10-18,озимая пшеница,0.3178673764847106,0.2727283953466052,311,10,-0.04513898113810538
5385,AOI-0010,2023-04-23,озимая пшеница,0.7304938775510204,0.721804099921586,311,4,-0.008689777629434348
5387,AOI-0010,2023-05-06,озимая пшеница,0.6492341418434657,0.6622726012198081,311,5,0.013038459376342404
5407,AOI-0010,2023-07-09,озимая пшеница,0.3378472392565306,0.320294041523478,311,7,-0.017553197733052583
5422,AOI-0010,2023-08-20,озимая пшеница,0.257952855491369,0.23100565232453502,311,8,-0.026947203166833966
5425,AOI-0010,2023-08-28,озимая пшеница,0.2454798917743954,0.23126397503668167,311,8,-0.014215916737713719
5428,AOI-0010,2023-09-07,озимая пшеница,0.2658296160664001,0.2400867570611459,311,9,-0.025742859005254193
5429,AOI-0010,2023-09-11,озимая пшеница,0.3131312797348398,0.2673904214298482,311,9,-0.04574085830499158
5466,AOI-0010,2024-06-10,озимая пшеница,0.3282210914655616,0.299138123721418,311,6,-0.029082967744143595
5468,AOI-0010,2024-06-17,озимая пшеница,0.3182876432930487,0.24450149628474782,311,6,-0.07378614700830088
5489,AOI-0010,2024-08-14,озимая пшеница,0.2042390866669158,0.1768600406348991,311,8,-0.027379046032016685
5494,AOI-0010,2024-08-27,озимая пшеница,0.1933600809525915,0.1934151964392621,311,8,5.5115486670614944e-05
5495,AOI-0010,2024-08-28,озимая пшеница,0.2513439263096776,0.2542775926549172,311,8,0.0029336663452395606
5503,AOI-0010,2024-09-21,озимая пшеница,0.2135015532955987,0.18334785819669722,311,9,-0.03015369509890148
5521,AOI-0010,2025-04-23,озимая пшеница,0.6133540816326531,0.6170756936978191,311,4,0.003721612065165969
5524,AOI-0010,2025-04-29,озимая пшеница,0.6127306949802799,0.5600292943227697,311,4,-0.05270140065751017
5527,AOI-0010,2025-05-06,озимая пшеница,0.6256138031878097,0.6597474472475083,311,5,0.03413364405969865
5541,AOI-0010,2025-06-15,озимая пшеница,0.2848823874290542,0.3013541399689784,311,6,0.016471752539924223
5555,AOI-0010,2025-07-23,озимая пшеница,0.1622108813352362,0.13508563286513287,311,7,-0.027125248470103336
5581,AOI-0010,2025-09-21,озимая пшеница,0.2134343727643803,0.19939742102120184,311,9,-0.014036951743178455
5582,AOI-0010,2025-09-23,озимая пшеница,0.1983293766614815,0.20824468476620417,311,9,0.009915308104722659
5591,AOI-0010,2025-10-16,озимая пшеница,0.2902041432441815,0.29723478274447673,311,10,0.007030639500295255
5593,AOI-0011,2025-04-01,озимая пшеница,0.4841123668148963,0.5660320400618346,311,4,0.08191967324693833
5611,AOI-0011,2025-04-19,озимая пшеница,0.8362737883814466,0.7641050113419653,311,4,-0.07216877703948132
5616,AOI-0011,2025-04-24,озимая пшеница,0.7394992667572068,0.7495247191516781,311,4,0.01002545239447128
5647,AOI-0011,2025-05-25,озимая пшеница,0.7877680023923446,0.7877691869460832,311,5,1.1845537386534488e-06
5666,AOI-0011,2025-06-13,озимая пшеница,0.3157190862281857,0.3340478066628465,311,6,0.018328720434660828
5697,AOI-0011,2025-07-14,озимая пшеница,0.2690582486334094,0.24319962554734792,311,7,-0.02585862308606146
5711,AOI-0011,2025-07-28,озимая пшеница,0.2232582369643344,0.23145779206549907,311,7,0.008199555101164685
5743,AOI-0011,2025-08-29,озимая пшеница,0.1667435899673806,0.20892277776336754,311,8,0.04217918779598695
5758,AOI-0011,2025-09-13,озимая пшеница,0.1736098374327084,0.15670704760217924,311,9,-0.016902789830529175
5808,AOI-0012,2025-04-14,озимая пшеница,0.2669458448795953,0.23696831929391465,311,4,-0.02997752558568062
5811,AOI-0012,2025-04-18,озимая пшеница,0.3118328469467607,0.30082446853981276,311,4,-0.01100837840694796
5824,AOI-0012,2025-05-24,озимая пшеница,0.8054254905658695,0.7320424688043654,311,5,-0.07338302176150413
5830,AOI-0012,2025-06-07,озимая пшеница,0.4528303982212943,0.5063842185600005,311,6,0.053553820338706204
5842,AOI-0012,2025-07-13,озимая пшеница,0.1660629139103641,0.1754227130627395,311,7,0.009359799152375392
5854,AOI-0012,2025-08-12,озимая пшеница,0.1854490370963168,0.17382786488146562,311,8,-0.011621172214851178
5866,AOI-0012,2025-09-01,озимая пшеница,0.1559122892108256,0.16431714911964002,311,9,0.008404859908814427
5871,AOI-0012,2025-09-16,озимая пшеница,0.2271616506091904,0.19374469203757444,311,9,-0.03341695857161597
5901,AOI-0013,2010-07-13,озимая пшеница,0.3264460867047308,0.39806165315886116,311,7,0.07161556645413036
5911,AOI-0013,2010-09-14,озимая пшеница,0.2638609638554217,0.29201696491562296,311,9,0.028156001060201274
5913,AOI-0013,2010-09-30,озимая пшеница,0.2573525301204819,0.2925209701199903,311,9,0.03516843999950836
5915,AOI-0013,2010-10-16,озимая пшеница,0.1166433169235084,0.2845033524466353,311,10,0.16786003552312692
5919,AOI-0013,2011-04-07,озимая пшеница,0.2432843373493976,0.3111133124254356,311,4,0.067828975076038
5941,AOI-0013,2011-08-08,озимая пшеница,0.2971578586210921,0.28933846140686914,311,8,-0.007819397214222978
5948,AOI-0013,2011-09-14,озимая пшеница,0.4223930120481927,0.5672117497663509,311,9,0.14481873771815823
5949,AOI-0013,2011-09-17,озимая пшеница,0.5022255156086162,0.4635760152711833,311,9,-0.03864950033743286
5958,AOI-0013,2012-04-06,озимая пшеница,0.5204667469879518,0.4769252182744931,311,4,-0.04354152871345873
5970,AOI-0013,2012-07-11,озимая пшеница,0.5140231325301206,0.48983435082985816,311,7,-0.024188781700262396
5974,AOI-0013,2012-08-03,озимая пшеница,0.4388640447775647,0.395862937447336,311,8,-0.04300110733022866
5999,AOI-0013,2013-06-26,озимая пшеница,0.3962780425238152,0.4892265958961246,311,6,0.0929485533723094
6007,AOI-0013,2013-07-29,озимая пшеница,0.4261517762750368,0.5093586710618677,311,7,0.08320689478683091
6015,AOI-0013,2013-09-14,озимая пшеница,0.4759936555891239,0.5899455497196547,311,9,0.11395189413053086
6022,AOI-0013,2013-10-24,озимая пшеница,0.5647043347405036,0.5612663872925958,311,10,-0.0034379474479078187
6025,AOI-0013,2014-04-10,озимая пшеница,0.5987344009143291,0.5222603518256005,311,4,-0.07647404908872857
6035,AOI-0013,2014-06-05,озимая пшеница,0.3616190662454553,0.41316713830291885,311,6,0.051548072057463534
6038,AOI-0013,2014-06-21,озимая пшеница,0.4860181806552222,0.3693466302815041,311,6,-0.11667155037371807
6054,AOI-0013,2014-08-16,озимая пшеница,0.3615815736357593,0.34532897101528764,311,8,-0.01625260262047168
6064,AOI-0013,2014-10-04,озимая пшеница,0.398326148373873,0.34146662691625895,311,10,-0.056859521457614026
6069,AOI-0013,2015-04-06,озимая пшеница,0.2505304974301486,0.3124508076663588,311,4,0.061920310236210196
6078,AOI-0013,2015-05-25,озимая пшеница,0.6554101204819277,0.5560724305951785,311,5,-0.09933768988674918
6081,AOI-0013,2015-06-09,озимая пшеница,0.4228617556195078,0.5072319521088384,311,6,0.08437019648933064
6102,AOI-0013,2015-09-14,озимая пшеница,0.3278771084337349,0.4237390603157544,311,9,0.09586195188201951
6114,AOI-0013,2016-04-22,озимая пшеница,0.4045404819277108,0.4926628668611188,311,4,0.08812238493340802
6115,AOI-0013,2016-04-23,озимая пшеница,0.4215557906717272,0.38703092063254396,311,4,-0.03452487003918325
6124,AOI-0013,2016-06-09,озимая пшеница,0.5401592771084337,0.5734632125773644,311,6,0.033303935468930734
6131,AOI-0013,2016-07-05,озимая пшеница,0.5268149162537176,0.49743629590898814,311,7,-0.029378620344729434
6136,AOI-0013,2016-07-28,озимая пшеница,0.6313134652708274,0.6301143307087888,311,7,-0.001199134562038684
6158,AOI-0013,2017-04-03,озимая пшеница,0.2591604895679039,0.25782272095803155,311,4,-0.0013377686098723363
6162,AOI-0013,2017-04-23,озимая пшеница,0.5747513253012049,0.5002903866072461,311,4,-0.07446093869395876
6175,AOI-0013,2017-06-06,озимая пшеница,0.4918994979772235,0.5754409875471269,311,6,0.08354148956990343
6189,AOI-0013,2017-08-04,озимая пшеница,0.4700929425003868,0.4731173064537992,311,8,0.003024363953412379
6190,AOI-0013,2017-08-06,озимая пшеница,0.4629456654404575,0.4609885326881794,311,8,-0.0019571327522781012
6208,AOI-0013,2017-09-15,озимая пшеница,0.479509646578343,0.4324145743774652,311,9,-0.047095072200877774
6231,AOI-0013,2018-05-03,озимая пшеница,0.2666054069602767,0.2657124058324784,311,5,-0.0008930011277982763
6236,AOI-0013,2018-05-31,озимая пшеница,0.3504842109537308,0.3485894124317959,311,5,-0.0018947985219348595
6250,AOI-0013,2018-07-18,озимая пшеница,0.37806589321567,0.3555020397999997,311,7,-0.0225638534156703
6263,AOI-0013,2018-09-13,озимая пшеница,0.4634488225917269,0.35942531658369503,311,9,-0.1040235060080319
6265,AOI-0013,2018-09-18,озимая пшеница,0.4870957394904829,0.3801659490208996,311,9,-0.10692979046958329
6270,AOI-0013,2018-09-30,озимая пшеница,0.3576053012048193,0.4189783412820076,311,9,0.0613730400771883
6280,AOI-0013,2019-04-21,озимая пшеница,0.3114825358126856,0.3002317083310364,311,4,-0.011250827481649184
6290,AOI-0013,2019-05-13,озимая пшеница,0.355266444720641,0.36601151442762936,311,5,0.010745069706988353
6312,AOI-0013,2019-06-28,озимая пшеница,0.4492778571708123,0.4522213467167533,311,6,0.0029434895459409804
6315,AOI-0013,2019-07-05,озимая пшеница,0.4328217136952027,0.4086612830403925,311,7,-0.024160430654810217
6328,AOI-0013,2019-08-09,озимая пшеница,0.6105854653330529,0.5871731031421936,311,8,-0.023412362190859293
6338,AOI-0013,2019-08-26,озимая пшеница,0.5024326042469779,0.4565837872765357,311,8,-0.045848816970442186
6348,AOI-0013,2019-09-16,озимая пшеница,0.5270664903372153,0.3837400085209872,311,9,-0.1433264818162281
6356,AOI-0013,2019-10-16,озимая пшеница,0.3814428915662651,0.5053686655367456,311,10,0.12392577397048055
6362,AOI-0013,2020-04-02,озимая пшеница,0.3263615352451435,0.30281361835266984,311,4,-0.023547916892473653
6366,AOI-0013,2020-04-10,озимая пшеница,0.2997910901985135,0.32504064579968395,311,4,0.025249555601170426
6402,AOI-0013,2020-07-24,озимая пшеница,0.4935885164110772,0.4378539951536794,311,7,-0.05573452125739781
6406,AOI-0013,2020-07-31,озимая пшеница,0.4402510342981798,0.434635648426553,311,7,-0.005615385871626799
6416,AOI-0013,2020-08-18,озимая пшеница,0.3941964908126951,0.43099948309857916,311,8,0.03680299228588407
6424,AOI-0013,2020-09-02,озимая пшеница,0.4162072379555691,0.4070850230589442,311,9,-0.009122214896624903
6429,AOI-0013,2020-09-12,озимая пшеница,0.4391789169132338,0.39228297827668324,311,9,-0.04689593863655056
6430,AOI-0013,2020-09-13,озимая пшеница,0.2990183132530121,0.43214893445471214,311,9,0.13313062120170005
6431,AOI-0013,2020-09-14,озимая пшеница,0.4423996284181312,0.37264416030772224,311,9,-0.06975546811040895
6450,AOI-0013,2021-04-06,озимая пшеница,0.2782232009731777,0.21707672021956692,311,4,-0.06114648075361079
6457,AOI-0013,2021-05-02,озимая пшеница,0.4400726502784839,0.41700172159478127,311,5,-0.02307092868370264
6459,AOI-0013,2021-05-08,озимая пшеница,0.5327331383454997,0.47892715347215953,311,5,-0.05380598487334021
6469,AOI-0013,2021-06-09,озимая пшеница,0.6282190371255874,0.5365968945881778,311,6,-0.09162214253740952
6479,AOI-0013,2021-07-09,озимая пшеница,0.5193569253690782,0.5145330780584821,311,7,-0.004823847310596041
6498,AOI-0013,2021-08-18,озимая пшеница,0.5778988453380514,0.4126377360711877,311,8,-0.16526110926686366
6516,AOI-0013,2021-09-30,озимая пшеница,0.348935421686747,0.4894266739025043,311,9,0.14049125221575726
6522,AOI-0013,2021-10-22,озимая пшеница,0.4559633588751958,0.40962656270606734,311,10,-0.04633679616912845
6538,AOI-0013,2022-05-27,озимая пшеница,0.4926123725122981,0.480587025562735,311,5,-0.012025346949563087
6542,AOI-0013,2022-06-06,озимая пшеница,0.4131892293018874,0.4351768680044575,311,6,0.02198763870257009
6543,AOI-0013,2022-06-08,озимая пшеница,0.4825123312492974,0.4570723289808388,311,6,-0.02544000226845855
6544,AOI-0013,2022-06-09,озимая пшеница,0.4201298584646828,0.4325852138974019,311,6,0.012455355432719084
6549,AOI-0013,2022-06-19,озимая пшеница,0.4115043062672598,0.3995100591897376,311,6,-0.011994247077522224
6578,AOI-0013,2022-08-23,озимая пшеница,0.5777419397410853,0.5429250642130592,311,8,-0.03481687552802615
6580,AOI-0013,2022-08-28,озимая пшеница,0.4489038046134067,0.45375684034784586,311,8,0.004853035734439182
6597,AOI-0013,2022-10-12,озимая пшеница,0.2853288406895358,0.3944243541008347,311,10,0.10909551341129892
6626,AOI-0013,2023-06-23,озимая пшеница,0.5438053287334137,0.5863780552023687,311,6,0.04257272646895505
6635,AOI-0013,2023-07-14,озимая пшеница,0.5187951125439945,0.47722816063829226,311,7,-0.0415669519057022
6642,AOI-0013,2023-07-31,озимая пшеница,0.4838937613342579,0.4481210387653123,311,7,-0.03577272256894559
6658,AOI-0013,2023-08-29,озимая пшеница,0.3943159036144578,0.5014786633419318,311,8,0.10716275972747402
6660,AOI-0013,2023-09-02,озимая пшеница,0.5051192078019331,0.49008050169025447,311,9,-0.015038706111678624
6673,AOI-0013,2023-09-29,озимая пшеница,0.4524855373392938,0.4256157841687358,311,9,-0.02686975317055801
6680,AOI-0013,2023-10-12,озимая пшеница,0.4707396737458109,0.3999946840438009,311,10,-0.07074498970200999
6682,AOI-0013,2023-10-16,озимая пшеница,0.3888459702929348,0.43608260219313333,311,10,0.047236631900198556
6689,AOI-0013,2024-04-04,озимая пшеница,0.3539692382960124,0.2522352563710186,311,4,-0.10173398192499378
6693,AOI-0013,2024-04-11,озимая пшеница,0.3029173602902852,0.3176315391073893,311,4,0.014714178817104073
6696,AOI-0013,2024-04-22,озимая пшеница,0.4507438299718641,0.5479209946107545,311,4,0.09717716463889042
6701,AOI-0013,2024-05-08,озимая пшеница,0.5413978313253012,0.607577089382294,311,5,0.06617925805699287
6726,AOI-0013,2024-07-13,озимая пшеница,0.4743092342805408,0.470892325708457,311,7,-0.0034169085720837655
6738,AOI-0013,2024-08-12,озимая пшеница,0.5265434799850368,0.5118768703696838,311,8,-0.014666609615353043
6751,AOI-0013,2024-09-08,озимая пшеница,0.5301025281537589,0.44145997895581385,311,9,-0.08864254919794506
6769,AOI-0013,2024-10-15,озимая пшеница,0.2924653012048193,0.4882126900980325,311,10,0.1957473888932132
6775,AOI-0013,2025-04-14,озимая пшеница,0.5462585531449198,0.5603028403660697,311,4,0.01404428722114992
6777,AOI-0013,2025-04-18,озимая пшеница,0.5822349881842072,0.6031900543477633,311,4,0.020955066163556135
6795,AOI-0013,2025-06-08,озимая пшеница,0.4491116730810681,0.4727134618758352,311,6,0.023601788794767098
6796,AOI-0013,2025-06-10,озимая пшеница,0.3308535412918301,0.5133476037293125,311,6,0.18249406243748245
6824,AOI-0013,2025-08-09,озимая пшеница,0.3892974263523966,0.5032283352573931,311,8,0.11393090890499646
6826,AOI-0013,2025-08-13,озимая пшеница,0.4110778313253012,0.5173162035037002,311,8,0.10623837217839904
6827,AOI-0013,2025-08-14,озимая пшеница,0.3950761450021161,0.5170974511258254,311,8,0.12202130612370932
6834,AOI-0013,2025-08-27,озимая пшеница,0.5218476781144539,0.464821737242473,311,8,-0.057025940871980874
6858,AOI-0013,2025-10-18,озимая пшеница,0.6435573850921109,0.6338181074443461,311,10,-0.009739277647764832
6874,AOI-0014,2010-04-16,озимая пшеница,0.5109569711619817,0.5388894492511869,311,4,0.02793247808920518
6930,AOI-0014,2010-06-11,озимая пшеница,0.7754923062101593,0.7328174243547507,311,6,-0.042674881855408575
6962,AOI-0014,2010-07-13,озимая пшеница,0.294433741883668,0.35343319296948467,311,7,0.05899945108581667
7041,AOI-0014,2010-09-30,озимая пшеница,0.2838554838709677,0.2798906197189114,311,9,-0.003964864152056324
7073,AOI-0014,2011-04-02,озимая пшеница,0.1579995866065955,0.126834690798871,311,4,-0.031164895807724496
7222,AOI-0014,2011-08-29,озимая пшеница,0.3794549308755759,0.36102543124962205,311,8,-0.01842949962595386
7249,AOI-0014,2011-09-25,озимая пшеница,0.193905364363427,0.20766584658857112,311,9,0.013760482225144116
7306,AOI-0014,2012-04-22,озимая пшеница,0.6164161290322581,0.638170418391141,311,4,0.021754289358882906
7368,AOI-0014,2012-06-23,озимая пшеница,0.3237791725694035,0.41993154150337025,311,6,0.09615236893396678
7402,AOI-0014,2012-07-27,озимая пшеница,0.3546213364055299,0.36299460916424936,311,7,0.008373272758719463
7520,AOI-0014,2013-04-23,озимая пшеница,0.5156352995391704,0.3985908318097575,311,4,-0.1170444677294129
7529,AOI-0014,2013-05-02,озимая пшеница,0.2296586527572056,0.2609955530863611,311,5,0.03133690032915548
7640,AOI-0014,2013-08-21,озимая пшеница,0.4009027370390677,0.3924152802055113,311,8,-0.008487456833556395
7705,AOI-0014,2013-10-25,озимая пшеница,0.1840494535039289,0.19462372009210005,311,10,0.01057426658817115
7720,AOI-0014,2014-04-10,озимая пшеница,0.1928074501719077,0.30950617143021375,311,4,0.11669872125830605
7744,AOI-0014,2014-05-04,озимая пшеница,0.6992687727236683,0.6402100210402504,311,5,-0.0590587516834179
7765,AOI-0014,2014-05-25,озимая пшеница,0.6809820276497696,0.7720595610697384,311,5,0.09107753341996883
7865,AOI-0014,2014-09-02,озимая пшеница,0.2076254661788461,0.23814966162444834,311,9,0.030524195445602226
7909,AOI-0014,2014-10-16,озимая пшеница,0.3011693087557604,0.2660900227313679,311,10,-0.03507928602439253
7992,AOI-0014,2015-06-08,озимая пшеница,0.8431350721394539,0.8290637783001487,311,6,-0.014071293839305277
8016,AOI-0014,2015-07-02,озимая пшеница,0.2739876152712248,0.3889407272900719,311,7,0.11495311201884711
8025,AOI-0014,2015-07-11,озимая пшеница,0.4400121069539316,0.33594617955347034,311,7,-0.10406592740046128
8080,AOI-0014,2015-09-04,озимая пшеница,0.144816612246272,0.20853199333807682,311,9,0.06371538109180483
8096,AOI-0014,2015-09-20,озимая пшеница,0.1597226149712878,0.2104731224574829,311,9,0.050750507486195084
8167,AOI-0014,2016-05-01,озимая пшеница,0.2845536144736034,0.2817614039023167,311,5,-0.002792210571286702
8184,AOI-0014,2016-05-18,озимая пшеница,0.4239103228502201,0.4337535647867211,311,5,0.00984324193650099
8239,AOI-0014,2016-07-12,озимая пшеница,0.8148469935743163,0.7438115871791002,311,7,-0.0710354063952161
8240,AOI-0014,2016-07-13,озимая пшеница,0.7763202827084065,0.7254703742718452,311,7,-0.05084990843656123
8270,AOI-0014,2016-08-12,озимая пшеница,0.4600640552995392,0.5013484088304563,311,8,0.041284353530917084
8380,AOI-0014,2017-05-01,озимая пшеница,0.7799187719900553,0.822227283154205,311,5,0.04230851116414969
8388,AOI-0014,2017-05-09,озимая пшеница,0.8443015207373273,0.858849486172389,311,5,0.01454796543506165
8432,AOI-0014,2017-06-22,озимая пшеница,0.7320191664831209,0.5995651338241328,311,6,-0.13245403265898814
8472,AOI-0014,2017-08-01,озимая пшеница,0.1432340534362509,0.17312479902101027,311,8,0.029890745584759376
8510,AOI-0014,2017-09-08,озимая пшеница,0.1428875722209205,0.175909239051168,311,9,0.033021666830247515
8536,AOI-0014,2017-10-04,озимая пшеница,0.1911682778406301,0.19308741899250287,311,10,0.0019191411518727775
8543,AOI-0014,2017-10-11,озимая пшеница,0.1976413677186705,0.22110679127190686,311,10,0.02346542355323636
8585,AOI-0014,2018-04-23,озимая пшеница,0.7487420276497696,0.7554890087624611,311,4,0.0067469811126914525
8601,AOI-0014,2018-05-09,озимая пшеница,0.6758180184331799,0.8079319037947009,311,5,0.13211388536152102
8631,AOI-0014,2018-06-08,озимая пшеница,0.5675089988038416,0.6061637303754661,311,6,0.03865473157162447
8649,AOI-0014,2018-06-26,озимая пшеница,0.3564749308755761,0.3852174873339663,311,6,0.028742556458390245
8679,AOI-0014,2018-07-26,озимая пшеница,0.2043048684613039,0.25468652298217265,311,7,0.050381654520868735
8713,AOI-0014,2018-08-29,озимая пшеница,0.2655055760368663,0.24291542640004266,311,8,-0.022590149636823653
8729,AOI-0014,2018-09-14,озимая пшеница,0.28100866359447,0.256096728051017,311,9,-0.024911935543453
8846,AOI-0014,2019-06-10,озимая пшеница,0.8758293473086228,0.8419967620615907,311,6,-0.03383258524703214
8853,AOI-0014,2019-06-17,озимая пшеница,0.8736818660417216,0.7887270379399809,311,6,-0.08495482810174071
8903,AOI-0014,2019-08-06,озимая пшеница,0.4199831700243812,0.4371092477688187,311,8,0.01712607774443753
8904,AOI-0014,2019-08-07,озимая пшеница,0.4089330460654097,0.443180073052387,311,8,0.03424702698697729
8908,AOI-0014,2019-08-11,озимая пшеница,0.3610056419350096,0.3680090853872592,311,8,0.007003443452249569
8933,AOI-0014,2019-09-05,озимая пшеница,0.1550455809914896,0.1657112602301689,311,9,0.01066567923867931
8938,AOI-0014,2019-09-10,озимая пшеница,0.1924685329845376,0.18361620739343867,311,9,-0.008852325591098914
8984,AOI-0014,2019-10-26,озимая пшеница,0.5163830514523595,0.4985589744363482,311,10,-0.017824077016011297
8986,AOI-0014,2019-10-28,озимая пшеница,0.4369793149568825,0.43875654344828363,311,10,0.001777228491401106
9018,AOI-0014,2020-04-30,озимая пшеница,0.7639884872958027,0.7514160876523515,311,4,-0.012572399643451249
9042,AOI-0014,2020-05-24,озимая пшеница,0.7086269124423963,0.7300012910657778,311,5,0.02137437862338154
9103,AOI-0014,2020-07-24,озимая пшеница,0.143749357220539,0.1439706465800131,311,7,0.00022128935947410278
9110,AOI-0014,2020-07-31,озимая пшеница,0.1556385879416513,0.1667985351394385,311,7,0.011159947197787179
9120,AOI-0014,2020-08-10,озимая пшеница,0.1390192420933502,0.15674739779576927,311,8,0.017728155702419063
9123,AOI-0014,2020-08-13,озимая пшеница,0.1218314430685374,0.17502623493935704,311,8,0.053194791870819644
9133,AOI-0014,2020-08-23,озимая пшеница,0.1016939475594508,0.1503996071507726,311,8,0.04870565959132181
9143,AOI-0014,2020-09-02,озимая пшеница,0.1455903277756598,0.15246793591082167,311,9,0.006877608135161861
9186,AOI-0014,2020-10-15,озимая пшеница,0.248221270718232,0.2580289903895097,311,10,0.00980771967127772
9223,AOI-0014,2021-04-22,озимая пшеница,0.3706418711471937,0.5827216045206018,311,4,0.21207973337340813
9251,AOI-0014,2021-05-20,озимая пшеница,0.8622596766254056,0.8263411692709963,311,5,-0.03591850735440927
9273,AOI-0014,2021-06-11,озимая пшеница,0.7418830418236662,0.7633270371793182,311,6,0.021443995355652
9304,AOI-0014,2021-07-12,озимая пшеница,0.3262754838709677,0.2963107827079974,311,7,-0.029964701162970342
9342,AOI-0014,2021-08-19,озимая пшеница,0.2147430962667132,0.21920022001551892,311,8,0.004457123748805719
9359,AOI-0014,2021-09-05,озимая пшеница,0.2423672403201612,0.2095069735058198,311,9,-0.0328602668143414
9400,AOI-0014,2021-10-16,озимая пшеница,0.2630375115207373,0.27634891954770807,311,10,0.013311408026970784
9401,AOI-0014,2021-10-17,озимая пшеница,0.168725544247439,0.19044431712679805,311,10,0.021718772879359055
9453,AOI-0014,2022-05-09,озимая пшеница,0.4925938248847927,0.4789562187333486,311,5,-0.013637606151444104
9476,AOI-0014,2022-06-01,озимая пшеница,0.2806409824262992,0.3369010499897095,311,6,0.05626006756341029
9494,AOI-0014,2022-06-19,озимая пшеница,0.8010500557158672,0.7268745993839795,311,6,-0.07417545633188771
9506,AOI-0014,2022-07-01,озимая пшеница,0.8457994708846779,0.8161626171634934,311,7,-0.02963685372118452
9524,AOI-0014,2022-07-19,озимая пшеница,0.8111417630277048,0.7638156322530091,311,7,-0.04732613077469572
9526,AOI-0014,2022-07-21,озимая пшеница,0.7901538977380436,0.7382579671569114,311,7,-0.05189593058113218
9543,AOI-0014,2022-08-07,озимая пшеница,0.5987075577012949,0.5798639378204259,311,8,-0.018843619880869023
9564,AOI-0014,2022-08-28,озимая пшеница,0.1870831735968249,0.2504748234646672,311,8,0.06339164986784232
9604,AOI-0014,2022-10-07,озимая пшеница,0.1688828602755556,0.16722776874620723,311,10,-0.0016550915293483681
9650,AOI-0014,2023-04-23,озимая пшеница,0.7708895852534564,0.8579747412909288,311,4,0.08708515603747236
9654,AOI-0014,2023-04-27,озимая пшеница,0.8447389792824815,0.7916015918351595,311,4,-0.05313738744732199
9710,AOI-0014,2023-06-22,озимая пшеница,0.8010680295877418,0.8096673981543843,311,6,0.008599368566642451
9732,AOI-0014,2023-07-14,озимая пшеница,0.1769767390038711,0.2590396855979846,311,7,0.08206294659411353
9750,AOI-0014,2023-08-01,озимая пшеница,0.2950438045163827,0.23111640977852982,311,8,-0.06392739473785286
9767,AOI-0014,2023-08-18,озимая пшеница,0.1436662787611493,0.1625339552535394,311,8,0.0188676764923901
9772,AOI-0014,2023-08-23,озимая пшеница,0.1459281549934426,0.1579478882822671,311,8,0.012019733288824497
9775,AOI-0014,2023-08-26,озимая пшеница,0.2129392315866319,0.20911595436520394,311,8,-0.0038232772214279453
9817,AOI-0014,2023-10-07,озимая пшеница,0.1840830003133396,0.1668928863536116,311,10,-0.017190113959728
9854,AOI-0014,2024-04-14,озимая пшеница,0.6657603649071361,0.7756057293290346,311,4,0.10984536442189852
9862,AOI-0014,2024-04-22,озимая пшеница,0.8864538340633046,0.8338791743133932,311,4,-0.05257465974991138
9902,AOI-0014,2024-06-01,озимая пшеница,0.7676304459356168,0.7821883842743524,311,6,0.014557938338735643
9911,AOI-0014,2024-06-10,озимая пшеница,0.4124895481557418,0.4548445783196792,311,6,0.042355030163937435
9936,AOI-0014,2024-07-05,озимая пшеница,0.1697423575731793,0.17012277397300118,311,7,0.00038041639982189235
9944,AOI-0014,2024-07-13,озимая пшеница,0.1385566024646819,0.14874859796859427,311,7,0.010191995503912366
9982,AOI-0014,2024-08-20,озимая пшеница,0.2029218198096426,0.19946893738768134,311,8,-0.003452882421961262
10046,AOI-0014,2024-10-23,озимая пшеница,0.2407240623473921,0.17504298930563117,311,10,-0.06568107304176093
10054,AOI-0014,2025-04-01,озимая пшеница,0.1748203542700686,0.19184012389037025,311,4,0.01701976962030166
10071,AOI-0014,2025-04-18,озимая пшеница,0.1906768323768667,0.19408509853316092,311,4,0.0034082661562942207
10107,AOI-0014,2025-05-24,озимая пшеница,0.3479159928478381,0.32732547578902804,311,5,-0.020590517058810043
10118,AOI-0014,2025-06-04,озимая пшеница,0.547083022110069,0.5571132753656761,311,6,0.010030253255607136
10154,AOI-0014,2025-07-10,озимая пшеница,0.3423388364447913,0.35335192532810755,311,7,0.011013088883316258
10174,AOI-0014,2025-07-30,озимая пшеница,0.3136611308798835,0.3541677554195868,311,7,0.04050662453970327
10182,AOI-0014,2025-08-07,озимая пшеница,0.2831856521263456,0.23205962652346251,311,8,-0.051126025602883096
10192,AOI-0014,2025-08-17,озимая пшеница,0.2755579650300285,0.24110922292638812,311,8,-0.03444874210364038
10206,AOI-0014,2025-08-31,озимая пшеница,0.2298695450540594,0.20182680572045297,311,8,-0.02804273933360643
10290,AOI-0015,2025-04-24,озимая пшеница,0.326877057231409,0.31370618924362254,311,4,-0.013170867987786439
10299,AOI-0015,2025-05-03,озимая пшеница,0.2700062769698632,0.40907879778437894,311,5,0.13907252081451577
10305,AOI-0015,2025-05-09,озимая пшеница,0.6021046222926572,0.5817205995518695,311,5,-0.020384022740787655
10320,AOI-0015,2025-05-24,озимая пшеница,0.5050654898330555,0.4760746182628697,311,5,-0.028990871570185872
10321,AOI-0015,2025-05-25,озимая пшеница,0.6104741679873219,0.5924631383290615,311,5,-0.018011029658260402
10403,AOI-0015,2025-08-15,озимая пшеница,0.2913111256320167,0.28180376864530565,311,8,-0.009507356986711069
10407,AOI-0015,2025-08-19,озимая пшеница,0.2218501747283663,0.21439166877588495,311,8,-0.007458505952481348
10415,AOI-0015,2025-08-27,озимая пшеница,0.2116092879139597,0.1781007304355407,311,8,-0.03350855747841899
10451,AOI-0015,2025-10-02,озимая пшеница,0.2426396110470633,0.21852295748616968,311,10,-0.024116653560893625
10488,AOI-0016,2025-04-28,озимая пшеница,0.2499068338396359,0.3090734919952762,311,4,0.05916665815564026
10489,AOI-0016,2025-05-01,озимая пшеница,0.2498710595450384,0.3104500711143781,311,5,0.0605790115693397
10494,AOI-0016,2025-05-16,озимая пшеница,0.2139212887541314,0.2524291934239078,311,5,0.03850790466977638
10495,AOI-0016,2025-05-19,озимая пшеница,0.3670505575030297,0.2670860414991817,311,5,-0.09996451600384798
10508,AOI-0016,2025-06-30,озимая пшеница,0.7104270538014508,0.7654059121644952,311,6,0.05497885836304439
10510,AOI-0016,2025-07-05,озимая пшеница,0.861720191047545,0.808061772625571,311,7,-0.05365841842197405
10522,AOI-0016,2025-07-23,озимая пшеница,0.7063079906657849,0.7331496748988168,311,7,0.026841684233031904
10532,AOI-0016,2025-08-12,озимая пшеница,0.48910933248363,0.40695953800514156,311,8,-0.08214979447848841
10559,AOI-0016,2025-09-30,озимая пшеница,0.3313866768759571,0.3247739745419036,311,9,-0.006612702334053477
10568,AOI-0017,2010-04-16,озимая пшеница,0.3601581344627742,0.3093374875068083,311,4,-0.05082064695596594
10573,AOI-0017,2010-05-09,озимая пшеница,0.5007132743362832,0.5848200922888216,311,5,0.08410681795253838
10575,AOI-0017,2010-05-25,озимая пшеница,0.5592619469026548,0.6301498448790857,311,5,0.0708878979764308
10611,AOI-0017,2011-06-26,озимая пшеница,0.5770309734513275,0.5744066648054525,311,6,-0.0026243086458749287
10612,AOI-0017,2011-06-30,озимая пшеница,0.5461563074422274,0.5219013167121731,311,6,-0.024254990730054327
10617,AOI-0017,2011-07-31,озимая пшеница,0.4376759785051613,0.48980348986641026,311,7,0.052127511361248935
10619,AOI-0017,2011-08-08,озимая пшеница,0.5172742994273113,0.4876186410942241,311,8,-0.029655658333087198
10642,AOI-0017,2012-05-24,озимая пшеница,0.5497115044247788,0.6931928589199151,311,5,0.14348135449513633
10657,AOI-0017,2012-09-11,озимая пшеница,0.4334019401370677,0.41343032932733303,311,9,-0.01997161080973464
10662,AOI-0017,2012-10-06,озимая пшеница,0.423541654771634,0.399136644215703,311,10,-0.024405010555931028
10667,AOI-0017,2013-04-16,озимая пшеница,0.4392461191467577,0.3993776350454976,311,4,-0.03986848410126009
10682,AOI-0017,2013-07-20,озимая пшеница,0.5724160079606302,0.4692670339480227,311,7,-0.10314897401260748
10689,AOI-0017,2013-08-29,озимая пшеница,0.3434778761061947,0.4614571084471183,311,8,0.11797923234092361
10709,AOI-0017,2014-05-25,озимая пшеница,0.7232115044247787,0.691482208939402,311,5,-0.03172929548537662
10717,AOI-0017,2014-06-29,озимая пшеница,0.5455474826125102,0.5529570084439799,311,6,0.007409525831469699
10720,AOI-0017,2014-07-12,озимая пшеница,0.5292327433628319,0.4994036077453561,311,7,-0.0298291356174758
10736,AOI-0017,2014-09-18,озимая пшеница,0.5004478807056568,0.3141570752978813,311,9,-0.18629080540777554
10742,AOI-0017,2014-10-28,озимая пшеница,0.3654131124358221,0.33589248353465906,311,10,-0.029520628901163026
10744,AOI-0017,2015-04-14,озимая пшеница,0.319847315232443,0.36072227900129866,311,4,0.04087496376885569
10755,AOI-0017,2015-06-10,озимая пшеница,0.4533159292035398,0.6466424218552965,311,6,0.19332649265175672
10757,AOI-0017,2015-06-26,озимая пшеница,0.6775141592920353,0.678531403468146,311,6,0.0010172441761107098
10770,AOI-0017,2015-08-20,озимая пшеница,0.5555097855579264,0.4567577590038858,311,8,-0.09875202655404058
10793,AOI-0017,2016-05-10,озимая пшеница,0.6946526590973021,0.7369012444486115,311,5,0.042248585351309376
10797,AOI-0017,2016-06-03,озимая пшеница,0.7772438781446198,0.7350198430047707,311,6,-0.04222403513984907
10813,AOI-0017,2016-08-13,озимая пшеница,0.5900167421131863,0.5860864474381826,311,8,-0.00393029467500372
10820,AOI-0017,2016-09-13,озимая пшеница,0.459746017699115,0.5716290147568329,311,9,0.11188299705771793
10833,AOI-0017,2017-04-13,озимая пшеница,0.3055703489181535,0.31193319389236507,311,4,0.006362844974211579
10834,AOI-0017,2017-04-23,озимая пшеница,0.4218743362831858,0.5432240551351809,311,4,0.12134971885199508
10835,AOI-0017,2017-04-26,озимая пшеница,0.3965861951429084,0.34081824037841035,311,4,-0.05576795476449803
10842,AOI-0017,2017-05-12,озимая пшеница,0.6141138274438687,0.597708539834533,311,5,-0.016405287609335684
10884,AOI-0017,2017-09-15,озимая пшеница,0.528585581265723,0.4812022632736288,311,9,-0.047383317992094165
10888,AOI-0017,2017-09-25,озимая пшеница,0.5034877342881003,0.501737125062276,311,9,-0.0017506092258243733
10891,AOI-0017,2017-10-04,озимая пшеница,0.3958220212480213,0.43781226850035515,311,10,0.04199024725233386
10895,AOI-0017,2017-10-12,озимая пшеница,0.5319498039829617,0.46232698062484934,311,10,-0.06962282335811232
10899,AOI-0017,2018-04-07,озимая пшеница,0.5748938053097346,0.49759390446379914,311,4,-0.07729990084593541
10917,AOI-0017,2018-06-09,озимая пшеница,0.6431150589725954,0.5830310431012337,311,6,-0.060084015871361696
10921,AOI-0017,2018-06-25,озимая пшеница,0.5982565983543754,0.47760373981893744,311,6,-0.12065285853543795
10929,AOI-0017,2018-07-28,озимая пшеница,0.347812389380531,0.4958915652493013,311,7,0.14807917586877029
10948,AOI-0017,2018-10-13,озимая пшеница,0.6231668281347211,0.51361067275127,311,10,-0.10955615538345109
10952,AOI-0017,2018-10-30,озимая пшеница,0.4249517876449273,0.3855155205113381,311,10,-0.03943626713358922
10958,AOI-0017,2019-04-23,озимая пшеница,0.4242919178466681,0.528398660714122,311,4,0.10410674286745392
10971,AOI-0017,2019-05-25,озимая пшеница,0.7345902654867257,0.7100843712487676,311,5,-0.024505894237958126
10979,AOI-0017,2019-06-10,озимая пшеница,0.71625008613114,0.6560343212761055,311,6,-0.06021576485503455
10985,AOI-0017,2019-06-20,озимая пшеница,0.6279385140213533,0.6558295214488992,311,6,0.02789100742754591
10993,AOI-0017,2019-07-06,озимая пшеница,0.6093864196757232,0.6329042186689358,311,7,0.023517798993212602
10994,AOI-0017,2019-07-07,озимая пшеница,0.6013895544851968,0.621204474068755,311,7,0.019814919583558188
11026,AOI-0017,2019-09-16,озимая пшеница,0.5882621042841202,0.3493025722765288,311,9,-0.2389595320075914
11033,AOI-0017,2019-10-10,озимая пшеница,0.7164210841777114,0.6914577649144127,311,10,-0.024963319263298756
11034,AOI-0017,2019-10-13,озимая пшеница,0.7103403086494201,0.624158227419406,311,10,-0.08618208123001414
11048,AOI-0017,2020-04-22,озимая пшеница,0.3089211648625407,0.484668359417069,311,4,0.1757471945545283
11066,AOI-0017,2020-06-11,озимая пшеница,0.4211159066346229,0.6388522244095018,311,6,0.21773631777487895
11067,AOI-0017,2020-06-25,озимая пшеница,0.4937707964601771,0.6087361097329346,311,6,0.1149653132727575
11072,AOI-0017,2020-07-04,озимая пшеница,0.5471347154499886,0.511201709498779,311,7,-0.03593300595120963
11084,AOI-0017,2020-07-31,озимая пшеница,0.4913386947594185,0.40090869327763506,311,7,-0.09043000148178343
11085,AOI-0017,2020-08-03,озимая пшеница,0.531329636946186,0.4219290489358837,311,8,-0.10940058801030228
11087,AOI-0017,2020-08-08,озимая пшеница,0.5028745826667405,0.4591514368283026,311,8,-0.04372314583843784
11091,AOI-0017,2020-08-16,озимая пшеница,0.4821394560991098,0.4637297396195272,311,8,-0.018409716479582616
11107,AOI-0017,2020-09-14,озимая пшеница,0.5211743150454274,0.35368998945226465,311,9,-0.16748432559316279
11130,AOI-0017,2021-04-29,озимая пшеница,0.4420735033848534,0.386042226822843,311,4,-0.0560312765620104
11133,AOI-0017,2021-05-05,озимая пшеница,0.4426641450107653,0.4119624109104686,311,5,-0.030701734100296696
11164,AOI-0017,2021-07-29,озимая пшеница,0.5408056426703394,0.49467955205615277,311,7,-0.0461260906141866
11168,AOI-0017,2021-08-08,озимая пшеница,0.5966149814388179,0.44131058293651404,311,8,-0.15530439850230382
11169,AOI-0017,2021-08-12,озимая пшеница,0.4026151237828761,0.29178717635549745,311,8,-0.11082794742737867
11173,AOI-0017,2021-08-20,озимая пшеница,0.5231118536686707,0.4829434289130692,311,8,-0.04016842475560156
11180,AOI-0017,2021-09-07,озимая пшеница,0.498217964551616,0.5259340890314685,311,9,0.027716124479852555
11190,AOI-0017,2021-09-30,озимая пшеница,0.4501663716814159,0.39105517449392296,311,9,-0.059111197187492914
11206,AOI-0017,2022-05-09,озимая пшеница,0.6321079646017699,0.7176871722289949,311,5,0.08557920762722504
11228,AOI-0017,2022-07-04,озимая пшеница,0.5668019674334256,0.5796337271531908,311,7,0.012831759719765246
11238,AOI-0017,2022-07-29,озимая пшеница,0.5241029385346623,0.561296490129319,311,7,0.03719355159465676
11255,AOI-0017,2022-08-31,озимая пшеница,0.5054776286013215,0.49322236344419457,311,8,-0.012255265157126938
11256,AOI-0017,2022-09-02,озимая пшеница,0.5323528387099579,0.4804215808731914,311,9,-0.05193125783676644
11265,AOI-0017,2022-10-01,озимая пшеница,0.5622316300664292,0.4300989262762043,311,10,-0.1321327037902249
11270,AOI-0017,2022-10-17,озимая пшеница,0.2006116554380807,0.48831670208588007,311,10,0.2877050466477994
11277,AOI-0017,2023-04-17,озимая пшеница,0.5376997774610359,0.5306711420721124,311,4,-0.00702863538892351
11278,AOI-0017,2023-04-23,озимая пшеница,0.7424000000000001,0.6201924796256814,311,4,-0.1222075203743187
11291,AOI-0017,2023-06-10,озимая пшеница,0.7257026548672566,0.6761100994719285,311,6,-0.04959255539532814
11294,AOI-0017,2023-06-21,озимая пшеница,0.6571433994967772,0.6088719479611822,311,6,-0.04827145153559509
11308,AOI-0017,2023-07-25,озимая пшеница,0.6947782703920556,0.6466671845318708,311,7,-0.048111085860184866
11310,AOI-0017,2023-07-27,озимая пшеница,0.5713730306761272,0.6228660467065934,311,7,0.05149301603046619
11333,AOI-0017,2023-09-12,озимая пшеница,0.4767106931258927,0.4407361375992078,311,9,-0.03597455552668488
11350,AOI-0017,2023-10-14,озимая пшеница,0.2548031085338587,0.23308650094119854,311,10,-0.021716607592660142
11354,AOI-0017,2023-10-29,озимая пшеница,0.3842754647514103,0.2582444097523723,311,10,-0.126031054999038
11379,AOI-0017,2024-06-18,озимая пшеница,0.2285912569271541,0.2427724132741209,311,6,0.014181156346966817
11386,AOI-0017,2024-07-02,озимая пшеница,0.2677893960480889,0.22736354359568475,311,7,-0.040425852452404126
11401,AOI-0017,2024-08-09,озимая пшеница,0.2090165707600632,0.22937425492399294,311,8,0.020357684163929746
11411,AOI-0017,2024-08-28,озимая пшеница,0.3278822564564834,0.33406164506536407,311,8,0.006179388608880676
11412,AOI-0017,2024-08-29,озимая пшеница,0.263640573703665,0.2049266140497275,311,8,-0.0587139596539375
11417,AOI-0017,2024-09-11,озимая пшеница,0.2835449297870414,0.2933043598649118,311,9,0.009759430077870446
11429,AOI-0017,2024-10-07,озимая пшеница,0.2473326004494502,0.2058602243310007,311,10,-0.041472376118449505
11431,AOI-0017,2024-10-11,озимая пшеница,0.180604000245882,0.15642448044529028,311,10,-0.024179519800591714
11448,AOI-0017,2025-05-16,озимая пшеница,0.8814447123343858,0.8363449731162436,311,5,-0.045099739218142254
11458,AOI-0017,2025-06-10,озимая пшеница,0.4708424778761062,0.5519296747569882,311,6,0.08108719688088195
11459,AOI-0017,2025-06-11,озимая пшеница,0.5606551346986695,0.5747156239920385,311,6,0.014060489293369005
11465,AOI-0017,2025-06-30,озимая пшеница,0.2613331016668453,0.32023273327199686,311,6,0.05889963160515155
11475,AOI-0017,2025-07-15,озимая пшеница,0.1837284449693908,0.1965174925894952,311,7,0.012789047620104382
11487,AOI-0017,2025-08-12,озимая пшеница,0.1757723096650463,0.1696244509245187,311,8,-0.0061478587405276175
11494,AOI-0017,2025-08-22,озимая пшеница,0.1697547149857706,0.1766656300167577,311,8,0.0069109150309870915
11496,AOI-0017,2025-08-27,озимая пшеница,0.179197459896229,0.16232561004763735,311,8,-0.016871849848591663
11516,AOI-0017,2025-10-13,озимая пшеница,0.2414294528993109,0.22813240292291334,311,10,-0.013297049976397551
11573,AOI-0018,2025-05-24,озимая пшеница,0.7099480770432124,0.7545627410939624,311,5,0.044614664050749986
11591,AOI-0018,2025-06-11,озимая пшеница,0.4308829922502136,0.35342303900789007,311,6,-0.07745995324232352
11620,AOI-0018,2025-07-10,озимая пшеница,0.2072086374117389,0.29347880536797677,311,7,0.08627016795623788
11638,AOI-0018,2025-07-28,озимая пшеница,0.3579050907124307,0.40572920383414635,311,7,0.04782411312171564
11643,AOI-0018,2025-08-02,озимая пшеница,0.4826179638714387,0.3248812383822205,311,8,-0.1577367254892182
11658,AOI-0018,2025-08-17,озимая пшеница,0.1852016414623376,0.20038237662923752,311,8,0.015180735166899911
11686,AOI-0018,2025-09-14,озимая пшеница,0.3309290969899666,0.2659637140416599,311,9,-0.06496538294830667
11688,AOI-0018,2025-09-16,озимая пшеница,0.1760238884168693,0.1925878414043438,311,9,0.016563952987474484
11704,AOI-0018,2025-10-02,озимая пшеница,0.2418678223034825,0.19308042345801602,311,10,-0.048787398845466484
11751,AOI-0019,2025-04-19,подсолнечник,0.5703149281884677,0.566308601158053,311,4,-0.0040063270304147025
11768,AOI-0019,2025-05-06,подсолнечник,0.5766175071749937,0.5971125411145726,311,5,0.020495033939578855
11866,AOI-0019,2025-08-12,подсолнечник,0.3257637306933154,0.30182595779894406,311,8,-0.023937772894371323
11888,AOI-0019,2025-09-03,подсолнечник,0.0462727001441493,0.16948083913043574,311,9,0.12320813898628644
11899,AOI-0019,2025-09-14,подсолнечник,0.3055675907708818,0.2890476871380055,311,9,-0.01651990363287631
11901,AOI-0019,2025-09-16,подсолнечник,0.2079992136945261,0.2029704439451983,311,9,-0.005028769749327783
11911,AOI-0019,2025-09-26,подсолнечник,0.2323243584479669,0.19536984722270462,311,9,-0.036954511225262276
11917,AOI-0019,2025-10-02,подсолнечник,0.2633034549588959,0.23947703004376925,311,10,-0.023826424915126654
11928,AOI-0019,2025-10-13,подсолнечник,0.0703509371994565,0.16667018387552315,311,10,0.09631924667606666
11979,AOI-0020,2025-05-04,подсолнечник,0.4315566558358849,0.4019631483340822,311,5,-0.029593507501802674
11991,AOI-0020,2025-05-16,подсолнечник,0.6299867752624662,0.6031956860513411,311,5,-0.026791089211125052
11999,AOI-0020,2025-05-24,подсолнечник,0.7331559609888264,0.6373001140053531,311,5,-0.09585584698347327
12042,AOI-0020,2025-07-06,подсолнечник,0.4447980915936242,0.42202437308971025,311,7,-0.022773718503913964
12046,AOI-0020,2025-07-10,подсолнечник,0.3783572620375012,0.3820877490341938,311,7,0.0037304869966925946
12084,AOI-0020,2025-08-17,подсолнечник,0.2446277067317105,0.2430237392847745,311,8,-0.001603967446936
12090,AOI-0020,2025-08-23,подсолнечник,0.2825127573195636,0.27064114473324696,311,8,-0.011871612586316638
12114,AOI-0020,2025-09-16,подсолнечник,0.2126106726253594,0.21123614454339257,311,9,-0.001374528081966836
12131,AOI-0020,2025-10-03,подсолнечник,0.1837927162793443,0.19795965731378423,311,10,0.01416694103443994
12165,AOI-0021,2025-04-07,подсолнечник,0.4999139110070257,0.444005592406135,311,4,-0.05590831860089068
12204,AOI-0021,2025-05-16,подсолнечник,0.6194784501960052,0.5711485704415542,311,5,-0.04832987975445102
12226,AOI-0021,2025-06-07,подсолнечник,0.5291008094788844,0.5264039169306375,311,6,-0.0026968925482468986
12256,AOI-0021,2025-07-07,подсолнечник,0.3526540494208205,0.3213645009999583,311,7,-0.031289548420862234
12286,AOI-0021,2025-08-06,подсолнечник,0.2566889771795405,0.23554520981376142,311,8,-0.021143767365779054
12307,AOI-0021,2025-08-27,подсолнечник,0.2280242982253425,0.20971873701111915,311,8,-0.01830556121422336
12309,AOI-0021,2025-08-29,подсолнечник,0.2160329565051547,0.24705332149917406,311,8,0.03102036499401936
12325,AOI-0021,2025-09-14,подсолнечник,0.2892630913348946,0.2847956100131307,311,9,-0.004467481321763889
12349,AOI-0021,2025-10-08,подсолнечник,0.1456927208727678,0.19997437602699294,311,10,0.054281655154225145
12388,AOI-0022,2025-04-17,подсолнечник,0.7262084172613019,0.7438117215047506,311,4,0.017603304243448692
12410,AOI-0022,2025-05-09,подсолнечник,0.8696925673371976,0.8141274318894842,311,5,-0.055565135447713354
12437,AOI-0022,2025-06-05,подсолнечник,0.8208210948032149,0.8161963702743592,311,6,-0.0046247245288556504
12476,AOI-0022,2025-07-14,подсолнечник,0.2037573236323182,0.20113595736887246,311,7,-0.0026213662634457235
12480,AOI-0022,2025-07-18,подсолнечник,0.1416974332595904,0.1397550730084562,311,7,-0.0019423602511342009
12485,AOI-0022,2025-07-23,подсолнечник,0.1336237801746475,0.15003887495093,311,7,0.0164150947762825
12512,AOI-0022,2025-08-19,подсолнечник,0.1424560179701904,0.16520993874533157,311,8,0.022753920775141184
12537,AOI-0022,2025-09-13,подсолнечник,0.1607213948681913,0.14528605059603808,311,9,-0.015435344272153206
12567,AOI-0022,2025-10-13,подсолнечник,0.1052038310120521,0.13261602540515888,311,10,0.027412194393106784
12628,AOI-0023,2025-05-14,подсолнечник,0.2676828337369274,0.304662262066814,311,5,0.0369794283298866
12650,AOI-0023,2025-06-05,подсолнечник,0.676139693676073,0.6406676910530181,311,6,-0.03547200262305483
12652,AOI-0023,2025-06-07,подсолнечник,0.5602342742071282,0.6336685263745468,311,6,0.07343425216741861
12693,AOI-0023,2025-07-18,подсолнечник,0.2642116822995843,0.2826921816682823,311,7,0.018480499368698
12704,AOI-0023,2025-07-29,подсолнечник,0.206950796451223,0.17746770150605184,311,7,-0.02948309494517115
12719,AOI-0023,2025-08-13,подсолнечник,0.2655957288509231,0.257160937496181,311,8,-0.008434791354742066
12744,AOI-0023,2025-09-07,подсолнечник,0.193864734759056,0.17769476540990034,311,9,-0.016169969349155655
12750,AOI-0023,2025-09-13,подсолнечник,0.1525651353049696,0.14712060911692487,311,9,-0.005444526188044724
12752,AOI-0023,2025-09-15,подсолнечник,0.1594938266803504,0.16855729370515485,311,9,0.009063467024804456
12798,AOI-0024,2025-04-01,подсолнечник,0.1830900017213121,0.14742193523910022,311,4,-0.03566806648221188
12826,AOI-0024,2025-04-29,подсолнечник,0.2123835149993165,0.22697159345003814,311,4,0.014588078450721659
12865,AOI-0024,2025-06-07,подсолнечник,0.3180511235513185,0.32930372437000255,311,6,0.011252600818684066
12948,AOI-0024,2025-08-29,подсолнечник,0.2429317600436004,0.2707880000841517,311,8,0.027856240040551317
12951,AOI-0024,2025-09-01,подсолнечник,0.2264446735521077,0.20876702951845963,311,9,-0.017677644033648077
12957,AOI-0024,2025-09-07,подсолнечник,0.2659859487254384,0.237418449576344,311,9,-0.0285674991490944
12958,AOI-0024,2025-09-08,подсолнечник,0.1994017966843259,0.19801647367574082,311,9,-0.001385323008585071
12974,AOI-0024,2025-09-24,подсолнечник,0.2190474810185287,0.2292539170231896,311,9,0.010206436004660896
12993,AOI-0024,2025-10-13,подсолнечник,0.0359552322922038,0.15717177754307998,311,10,0.12121654525087619
13012,AOI-0025,2025-04-07,озимая пшеница,0.3463265224358974,0.25649119565596834,311,4,-0.08983532677992906
13023,AOI-0025,2025-05-25,озимая пшеница,0.4519084935897435,0.30161841446031956,311,5,-0.15029007912942394
13026,AOI-0025,2025-06-10,озимая пшеница,0.3137109775641025,0.24377499639366101,311,6,-0.06993598117044147
13060,AOI-0025,2025-09-26,озимая пшеница,0.1909390975661184,0.23221833836790168,311,9,0.041279240801783273
13062,AOI-0025,2025-10-16,озимая пшеница,0.2879930217189571,0.5146381360635778,311,10,0.2266451143446207
13078,AOI-0026,2025-04-14,озимая пшеница,0.7801516754214295,0.6891336614173147,311,4,-0.0910180140041148
13085,AOI-0026,2025-04-21,озимая пшеница,0.7997785353469917,0.7927727964875599,311,4,-0.007005738859431787
13213,AOI-0026,2025-08-27,озимая пшеница,0.1295936523302753,0.1327523200759358,311,8,0.0031586677456604817
13228,AOI-0026,2025-09-11,озимая пшеница,0.118094064102327,0.1373208004513014,311,9,0.0192267363489744
13265,AOI-0026,2025-10-18,озимая пшеница,0.3103560449197975,0.28876444577707616,311,10,-0.02159159914272135
13275,AOI-0026,2025-10-28,озимая пшеница,0.5279286813147064,0.3072821535372347,311,10,-0.22064652777747168
13292,AOI-0027,2025-06-08,озимая пшеница,0.7588060762603863,0.6124188177283576,311,6,-0.14638725853202872
13294,AOI-0027,2025-06-11,озимая пшеница,0.6684485666581395,0.5680167675436996,311,6,-0.10043179911443989
13312,AOI-0027,2025-08-13,озимая пшеница,0.4268,0.3854972135982171,311,8,-0.04130278640178292
13319,AOI-0027,2025-09-01,озимая пшеница,0.1934233544144832,0.1960430215376047,311,9,0.002619667123121505
13323,AOI-0027,2025-09-15,озимая пшеница,0.2602311151496721,0.24374381497930292,311,9,-0.0164873001703692
13362,AOI-0028,2010-05-01,озимая пшеница,0.8487820179995914,0.715485382615813,311,5,-0.13329663538377845
13498,AOI-0028,2010-09-14,озимая пшеница,0.3146012014589145,0.2748525426323907,311,9,-0.03974865882652384
13551,AOI-0028,2011-04-07,озимая пшеница,0.2446684402488737,0.30356041773818443,311,4,0.05889197748931074
13583,AOI-0028,2011-05-09,озимая пшеница,0.4297157262390046,0.4540162869120291,311,5,0.024300560673024496
13679,AOI-0028,2011-08-13,озимая пшеница,0.5108129585925769,0.5154939756827963,311,8,0.004681017090219397
13795,AOI-0028,2012-05-08,озимая пшеница,0.807273911177859,0.7946177758662663,311,5,-0.012656135311592709
13905,AOI-0028,2012-08-26,озимая пшеница,0.1540087158681899,0.1625563870384374,311,8,0.00854767117024749
14105,AOI-0028,2013-08-13,озимая пшеница,0.2628328255739113,0.271195644930097,311,8,0.008362819356185713
14177,AOI-0028,2013-10-24,озимая пшеница,0.3867167792595277,0.28288282930649017,311,10,-0.10383394995303752
14206,AOI-0028,2014-04-23,озимая пшеница,0.930918429521562,0.8784543940212466,311,4,-0.05246403550031542
14297,AOI-0028,2014-07-23,озимая пшеница,0.2659483677496203,0.21430634488972305,311,7,-0.05164202285989722
14393,AOI-0028,2014-10-27,озимая пшеница,0.2290222449006754,0.1849526320252657,311,10,-0.0440696128754097
14401,AOI-0028,2015-04-05,озимая пшеница,0.2546284246406506,0.18347846910761323,311,4,-0.07114995553303738
14419,AOI-0028,2015-04-23,озимая пшеница,0.3114400343273976,0.35158378985797845,311,4,0.04014375553058086
14467,AOI-0028,2015-06-10,озимая пшеница,0.7742302724737183,0.7424013774830671,311,6,-0.031828894990651224
14615,AOI-0028,2016-04-06,озимая пшеница,0.7563562754773655,0.6789619581482748,311,4,-0.07739431732909074
14760,AOI-0028,2016-08-29,озимая пшеница,0.1829316286609104,0.19180762769588994,311,8,0.008875999034979543
14816,AOI-0028,2016-10-24,озимая пшеница,0.1621425012137316,0.19125452035278848,311,10,0.029112019139056866
14823,AOI-0028,2017-04-01,озимая пшеница,0.1473748248004573,0.14696219525730847,311,4,-0.00041262954314882916
14864,AOI-0028,2017-05-12,озимая пшеница,0.6245158850922754,0.5534597268043708,311,5,-0.07105615828790457
15000,AOI-0028,2017-09-25,озимая пшеница,0.2710803475755905,0.2692343412896235,311,9,-0.001846006285967039
15024,AOI-0028,2017-10-19,озимая пшеница,0.564240082276904,0.414318494286418,311,10,-0.14992158799048605
15058,AOI-0028,2018-04-23,озимая пшеница,0.8934098905814207,0.8931003660100143,311,4,-0.00030952457140642764
15201,AOI-0028,2018-09-13,озимая пшеница,0.1743719140720207,0.16441159551887324,311,9,-0.009960318553147468
15218,AOI-0028,2018-09-30,озимая пшеница,0.2191671100622184,0.2601365797075818,311,9,0.04096946964536341
15232,AOI-0028,2018-10-14,озимая пшеница,0.1420807026917213,0.18229979189876946,311,10,0.04021908920704817
15255,AOI-0028,2019-04-07,озимая пшеница,0.2527769577343918,0.31221053003004384,311,4,0.05943357229565205
15269,AOI-0028,2019-04-21,озимая пшеница,0.1835649428254145,0.16182502587663597,311,4,-0.021739916948778526
15368,AOI-0028,2019-07-29,озимая пшеница,0.2301947849703094,0.23779967499633708,311,7,0.007604890026027683
15384,AOI-0028,2019-08-14,озимая пшеница,0.142917317869874,0.1992808361930297,311,8,0.0563635183231557
15404,AOI-0028,2019-09-03,озимая пшеница,0.1332237912284353,0.1515904655654362,311,9,0.0183666743370009
15416,AOI-0028,2019-09-15,озимая пшеница,0.1356150860183359,0.13378269494167105,311,9,-0.0018323910766648577
15519,AOI-0028,2020-05-28,озимая пшеница,0.8983893140375224,0.8431642824823573,311,5,-0.055225031555165116
15527,AOI-0028,2020-06-05,озимая пшеница,0.9072451250622584,0.8493938706450088,311,6,-0.05785125441724959
15559,AOI-0028,2020-07-07,озимая пшеница,0.2816548687295254,0.25245460016003834,311,7,-0.029200268569487042
15596,AOI-0028,2020-08-13,озимая пшеница,0.0773607978170159,0.13857943102815362,311,8,0.06121863321113773
15626,AOI-0028,2020-09-12,озимая пшеница,0.1403144760516989,0.13979149941615665,311,9,-0.0005229766355422383
15661,AOI-0028,2020-10-17,озимая пшеница,0.1249675301462356,0.12051282481984629,311,10,-0.004454705326389308
15711,AOI-0028,2021-05-07,озимая пшеница,0.2449951595285379,0.2320304626460552,311,5,-0.012964696882482696
15719,AOI-0028,2021-05-15,озимая пшеница,0.1904761416766089,0.20008820556035528,311,5,0.009612063883746386
15727,AOI-0028,2021-05-23,озимая пшеница,0.3345670094797666,0.30069998992116076,311,5,-0.033867019558605826
15729,AOI-0028,2021-05-25,озимая пшеница,0.2589486115584107,0.5129876476655318,311,5,0.25403903610712114
15784,AOI-0028,2021-07-19,озимая пшеница,0.7618504293553898,0.7547737153160782,311,7,-0.007076714039311649
15912,AOI-0028,2022-04-25,озимая пшеница,0.832487918058685,0.8319795003173749,311,4,-0.0005084177413101632
15927,AOI-0028,2022-05-10,озимая пшеница,0.9062569925828304,0.885016693545474,311,5,-0.02124029903735647
15982,AOI-0028,2022-07-04,озимая пшеница,0.2469997627749736,0.2724732395873635,311,7,0.025473476812389928
15995,AOI-0028,2022-07-17,озимая пшеница,0.2378693663317686,0.20425372035517464,311,7,-0.03361564597659397
15997,AOI-0028,2022-07-19,озимая пшеница,0.2069386835039532,0.17347347705933142,311,7,-0.03346520644462178
16042,AOI-0028,2022-09-02,озимая пшеница,0.1320546348082136,0.1418080318541557,311,9,0.00975339704594208
16145,AOI-0028,2023-05-15,озимая пшеница,0.2047842927805652,0.20441960394259892,311,5,-0.0003646888379662816
16187,AOI-0028,2023-06-26,озимая пшеница,0.293037502681828,0.3117746425303327,311,6,0.018737139848504725
16203,AOI-0028,2023-07-12,озимая пшеница,0.2442000858184939,0.2764956179533053,311,7,0.0322955321348114
16207,AOI-0028,2023-07-16,озимая пшеница,0.2454350017286234,0.15511363333405198,311,7,-0.09032136839457142
16282,AOI-0028,2023-09-29,озимая пшеница,0.16484484631412,0.22273477059717658,311,9,0.05788992428305659
16285,AOI-0028,2023-10-02,озимая пшеница,0.2073045527760108,0.22292872316732587,311,10,0.015624170391315084
16322,AOI-0028,2024-04-09,озимая пшеница,0.8786445283748535,0.8227958241957354,311,4,-0.055848704179118136
16347,AOI-0028,2024-05-04,озимая пшеница,0.9020042135982238,0.8350281089960898,311,5,-0.06697610460213399
16362,AOI-0028,2024-05-19,озимая пшеница,0.7727392256725809,0.8148210041657518,311,5,0.04208177849317085
16398,AOI-0028,2024-06-24,озимая пшеница,0.3424818444423746,0.30341850248639046,311,6,-0.039063341955984154
16399,AOI-0028,2024-06-25,озимая пшеница,0.2447923192447973,0.30893901947225033,311,6,0.06414670022745303
16549,AOI-0028,2025-04-23,озимая пшеница,0.5247897875992277,0.42204333773492986,311,4,-0.10274644986429782
16581,AOI-0028,2025-05-25,озимая пшеница,0.6673298648358724,0.7141198819523559,311,5,0.04679001711648345
16629,AOI-0028,2025-07-12,озимая пшеница,0.2519402059643854,0.30662036404069587,311,7,0.05468015807631049
16680,AOI-0028,2025-09-01,озимая пшеница,0.1258889076522868,0.12783805100643122,311,9,0.0019491433541444225
16702,AOI-0028,2025-09-23,озимая пшеница,0.2041303687690728,0.17375694448914192,311,9,-0.030373424279930894
16726,AOI-0028,2025-10-17,озимая пшеница,0.2434097803248555,0.22391896015077167,311,10,-0.019490820174083823
16758,AOI-0029,2025-04-19,озимая пшеница,0.8550056143719065,0.7718988238888992,311,4,-0.08310679048300729
16762,AOI-0029,2025-04-23,озимая пшеница,0.8874100184842889,0.833499374168216,311,4,-0.05391064431607295
16843,AOI-0029,2025-07-13,озимая пшеница,0.1302860703300228,0.126664575562397,311,7,-0.003621494767625799
16883,AOI-0029,2025-08-22,озимая пшеница,0.1207905088997173,0.12761567933844511,311,8,0.0068251704387278095
16891,AOI-0029,2025-08-30,озимая пшеница,0.1699987885967794,0.17507575390728666,311,8,0.005076965310507275
16907,AOI-0029,2025-09-15,озимая пшеница,0.1707976222155364,0.1412649774565105,311,9,-0.029532644759025894
16996,AOI-0030,2025-05-14,озимая пшеница,0.6570359591394039,0.7453572190899002,311,5,0.08832125995049622
17053,AOI-0030,2025-07-10,озимая пшеница,0.7611778130450791,0.7309172342814094,311,7,-0.03026057876366972
17056,AOI-0030,2025-07-13,озимая пшеница,0.7235925220442078,0.6968480419649055,311,7,-0.026744480079302302
17061,AOI-0030,2025-07-18,озимая пшеница,0.7321969058758103,0.6877999106602304,311,7,-0.04439699521557994
17088,AOI-0030,2025-08-14,озимая пшеница,0.6803686589911923,0.6790326439727847,311,8,-0.0013360150184075215
17126,AOI-0030,2025-09-21,озимая пшеница,0.6954949030798405,0.6242078307108708,311,9,-0.0712870723689697
17135,AOI-0030,2025-09-30,озимая пшеница,0.5208987107171636,0.5277396152769526,311,9,0.006840904559788918
17204,AOI-0031,2010-05-09,пастбища/зерновые,0.739346975916803,0.67868196347783,311,5,-0.06066501243897293
17286,AOI-0031,2010-07-30,пастбища/зерновые,0.1728827568665534,0.15819197764987022,311,7,-0.014690779216683186
17295,AOI-0031,2010-08-08,пастбища/зерновые,0.1468249502476821,0.14883477299528028,311,8,0.0020098227475981723
17374,AOI-0031,2010-10-26,пастбища/зерновые,0.1411814729360861,0.1362418507440294,311,10,-0.0049396221920567085
17471,AOI-0031,2011-07-02,пастбища/зерновые,0.2341501844829243,0.24850709621929196,311,7,0.014356911736367661
17510,AOI-0031,2011-08-10,пастбища/зерновые,0.191620139329743,0.1674427485556656,311,8,-0.024177390774077406
17513,AOI-0031,2011-08-13,пастбища/зерновые,0.2723845238095239,0.284018035036138,311,8,0.011633511226614102
17543,AOI-0031,2011-09-12,пастбища/зерновые,0.2146534215161827,0.1961814864736777,311,9,-0.018471935042504994
17638,AOI-0031,2012-05-17,пастбища/зерновые,0.1749377300696041,0.18754943200620433,311,5,0.012611701936600217
17677,AOI-0031,2012-06-25,пастбища/зерновые,0.1375695609571224,0.1661957714156072,311,6,0.02862621045848482
17806,AOI-0031,2013-04-02,пастбища/зерновые,0.4407915173543713,0.3462555668069878,311,4,-0.09453595054738345
17885,AOI-0031,2013-06-20,пастбища/зерновые,0.2491483354118196,0.20916141544203795,311,6,-0.039986919969781654
17891,AOI-0031,2013-06-26,пастбища/зерновые,0.2297279830322933,0.26775314821293045,311,6,0.038025165180637144
17949,AOI-0031,2013-08-23,пастбища/зерновые,0.2228310620308796,0.1959409439490202,311,8,-0.0268901180818594
18072,AOI-0031,2014-05-25,пастбища/зерновые,0.3966062671045429,0.5336763085070689,311,5,0.13707004140252604
18077,AOI-0031,2014-05-30,пастбища/зерновые,0.3957641766799539,0.4207055052001043,311,5,0.024941328520150408
18157,AOI-0031,2014-08-18,пастбища/зерновые,0.1496987268818717,0.14134691284519507,311,8,-0.00835181403667662
18206,AOI-0031,2014-10-06,пастбища/зерновые,0.1966823042706925,0.16391787393724522,311,10,-0.03276443033344728
18334,AOI-0031,2015-07-13,пастбища/зерновые,0.2270491148577874,0.2639223195656376,311,7,0.036873204707850216
18366,AOI-0031,2015-08-14,пастбища/зерновые,0.1468016419246748,0.16200612894878624,311,8,0.015204487024111452
18374,AOI-0031,2015-08-22,пастбища/зерновые,0.2331406020501651,0.17905133408475724,311,8,-0.05408926796540786
18381,AOI-0031,2015-08-29,пастбища/зерновые,0.2249722593961531,0.22627642402835468,311,8,0.0013041646322015932
18382,AOI-0031,2015-08-30,пастбища/зерновые,0.1449671339183101,0.14427427573032708,311,8,-0.0006928581879830087
18452,AOI-0031,2016-04-09,пастбища/зерновые,0.3526176045832514,0.33599615665920995,311,4,-0.016621447924041466
18545,AOI-0031,2016-07-11,пастбища/зерновые,0.2584993295019157,0.2784287335887662,311,7,0.01992940408685051
18581,AOI-0031,2016-08-16,пастбища/зерновые,0.2213941057352744,0.20893314385489653,311,8,-0.012460961880377874
18596,AOI-0031,2016-08-31,пастбища/зерновые,0.2416430658974032,0.2082476975136515,311,8,-0.033395368383751706
18645,AOI-0031,2016-10-19,пастбища/зерновые,0.2309654290589192,0.2536216795892931,311,10,0.0226562505303739
18663,AOI-0031,2017-04-07,пастбища/зерновые,0.4029233442802408,0.4359419423928875,311,4,0.033018598112646735
18671,AOI-0031,2017-04-15,пастбища/зерновые,0.3769559759018553,0.39605469601864307,311,4,0.01909872011678776
18691,AOI-0031,2017-05-05,пастбища/зерновые,0.6959338506931897,0.680682101171524,311,5,-0.015251749521665747
18748,AOI-0031,2017-07-01,пастбища/зерновые,0.3219392496727366,0.2996707217332103,311,7,-0.022268527939526328
18749,AOI-0031,2017-07-02,пастбища/зерновые,0.2738998320359642,0.25551211921471684,311,7,-0.01838771282124735
18756,AOI-0031,2017-07-09,пастбища/зерновые,0.2053309017542268,0.2570748272451284,311,7,0.05174392549090162
18773,AOI-0031,2017-07-26,пастбища/зерновые,0.263632877794397,0.23425960284335648,311,7,-0.0293732749510405
18877,AOI-0031,2018-04-08,пастбища/зерновые,0.2389329922012352,0.2605592323105643,311,4,0.02162624010932912
18879,AOI-0031,2018-04-10,пастбища/зерновые,0.2327903192800756,0.24553080178572917,311,4,0.012740482505653572
18884,AOI-0031,2018-04-15,пастбища/зерновые,0.3430521563072565,0.31687530356529203,311,4,-0.026176852741964463
18908,AOI-0031,2018-05-09,пастбища/зерновые,0.6079176245210728,0.6698151340987808,311,5,0.06189750957770801
18956,AOI-0031,2018-06-26,пастбища/зерновые,0.1497649628314444,0.21372503761336253,311,6,0.06396007478191815
19108,AOI-0031,2019-04-26,пастбища/зерновые,0.6430381120691286,0.6499190759948608,311,4,0.00688096392573212
19110,AOI-0031,2019-04-28,пастбища/зерновые,0.5716490134385735,0.6473506217044559,311,4,0.07570160826588235
19120,AOI-0031,2019-05-08,пастбища/зерновые,0.7029881241204666,0.7313312892835938,311,5,0.028343165163127182
19124,AOI-0031,2019-05-12,пастбища/зерновые,0.7546355713404904,0.7644648792271894,311,5,0.009829307886699001
19130,AOI-0031,2019-05-18,пастбища/зерновые,0.7942176787918973,0.7699577337153566,311,5,-0.024259945076540723
19175,AOI-0031,2019-07-02,пастбища/зерновые,0.1666828590990188,0.14338567030901408,311,7,-0.023297188790004725
19197,AOI-0031,2019-07-24,пастбища/зерновые,0.274268010779135,0.24926287548293063,311,7,-0.02500513529620435
19217,AOI-0031,2019-08-13,пастбища/зерновые,0.3819616243600037,0.3771940792308852,311,8,-0.004767545129118478
19270,AOI-0031,2019-10-05,пастбища/зерновые,0.2736162886379003,0.2840468831106633,311,10,0.01043059447276301
19276,AOI-0031,2019-10-11,пастбища/зерновые,0.4418762802029383,0.41835170002910255,311,10,-0.02352458017383574
19334,AOI-0031,2020-05-09,пастбища/зерновые,0.4853180280199852,0.4966281121489056,311,5,0.011310084128920428
19344,AOI-0031,2020-05-19,пастбища/зерновые,0.5369245539494436,0.4460540275128787,311,5,-0.0908705264365649
19379,AOI-0031,2020-06-23,пастбища/зерновые,0.2136741276285946,0.2509361005019063,311,6,0.03726197287331168
19387,AOI-0031,2020-07-01,пастбища/зерновые,0.0627244160419399,0.1271808962049115,311,7,0.06445648016297159
19413,AOI-0031,2020-07-27,пастбища/зерновые,0.1855610426929392,0.1961300145375537,311,7,0.0105689718446145
19422,AOI-0031,2020-08-05,пастбища/зерновые,0.1267090403578828,0.11616073752421224,311,8,-0.010548302833670559
19427,AOI-0031,2020-08-10,пастбища/зерновые,0.128651373379462,0.11326482782774444,311,8,-0.015386545551717562
19432,AOI-0031,2020-08-15,пастбища/зерновые,0.1178029852296836,0.09091959999612576,311,8,-0.02688338523355785
19461,AOI-0031,2020-09-13,пастбища/зерновые,0.1701668308702791,0.1745426592693528,311,9,0.004375828399073717
19474,AOI-0031,2020-09-26,пастбища/зерновые,0.1161427679305447,0.12113589500803226,311,9,0.004993127077487558
19531,AOI-0031,2021-04-23,пастбища/зерновые,0.251158735155097,0.3215045275352266,311,4,0.07034579238012961
19535,AOI-0031,2021-04-27,пастбища/зерновые,0.1897274239691331,0.17030016164343337,311,4,-0.019427262325699746
19577,AOI-0031,2021-06-08,пастбища/зерновые,0.1516524575079018,0.17601328931571986,311,6,0.024360831807818062
19604,AOI-0031,2021-07-05,пастбища/зерновые,0.2017760915046549,0.17917336321433092,311,7,-0.022602728290323976
19619,AOI-0031,2021-07-20,пастбища/зерновые,0.1530035950597446,0.1385620148695495,311,7,-0.014441580190195091
19665,AOI-0031,2021-09-04,пастбища/зерновые,0.0943434408259224,0.09447531442115005,311,9,0.00013187359522764952
19668,AOI-0031,2021-09-07,пастбища/зерновые,0.1853010299780238,0.16240588317301008,311,9,-0.022895146805013727
19692,AOI-0031,2021-10-01,пастбища/зерновые,0.2525177608535309,0.19818220604562026,311,10,-0.054335554807910635
19731,AOI-0031,2022-04-10,пастбища/зерновые,0.6352745149872918,0.5683768622476356,311,4,-0.0668976527396562
19733,AOI-0031,2022-04-12,пастбища/зерновые,0.6434894329967638,0.656478068251784,311,4,0.012988635255020253
19738,AOI-0031,2022-04-17,пастбища/зерновые,0.698625966302613,0.6998459890962508,311,4,0.001220022793637865
19764,AOI-0031,2022-05-13,пастбища/зерновые,0.8865435278193325,0.8348777685068016,311,5,-0.05166575931253092
19848,AOI-0031,2022-08-05,пастбища/зерновые,0.1070654531577314,0.12279405668185939,311,8,0.015728603524127985
19852,AOI-0031,2022-08-09,пастбища/зерновые,0.1662433490324046,0.1583311296267612,311,8,-0.007912219405643378
19905,AOI-0031,2022-10-01,пастбища/зерновые,0.1591436609767822,0.15973128359534947,311,10,0.0005876226185672628
19910,AOI-0031,2022-10-06,пастбища/зерновые,0.2008777811134275,0.18631736518420927,311,10,-0.014560415929218223
19939,AOI-0031,2023-04-05,пастбища/зерновые,0.3634067185298202,0.34223344442416315,311,4,-0.02117327410565706
19989,AOI-0031,2023-05-25,пастбища/зерновые,0.5462349616858237,0.5622858853377368,311,5,0.016050923651913074
19998,AOI-0031,2023-06-03,пастбища/зерновые,0.3667677724248313,0.3900829679463022,311,6,0.023315195521470933
20001,AOI-0031,2023-06-06,пастбища/зерновые,0.3845979108382226,0.3854201870187616,311,6,0.0008222761805389833
20020,AOI-0031,2023-06-25,пастбища/зерновые,0.3069392637006457,0.294843169942982,311,6,-0.01209609375766374
20046,AOI-0031,2023-07-21,пастбища/зерновые,0.3567157318930688,0.35730000816629354,311,7,0.0005842762732247153
20086,AOI-0031,2023-08-30,пастбища/зерновые,0.2194341237062655,0.21125510129218125,311,8,-0.008179022414084247
20115,AOI-0031,2023-09-28,пастбища/зерновые,0.2222848428020016,0.22038952976167525,311,9,-0.0018953130403263352
20121,AOI-0031,2023-10-04,пастбища/зерновые,0.1745020241098047,0.1721957984349898,311,10,-0.0023062256748148935
20190,AOI-0031,2024-05-13,пастбища/зерновые,0.2269685533557166,0.22920980572400207,311,5,0.002241252368285457
20200,AOI-0031,2024-05-23,пастбища/зерновые,0.1519454873439152,0.18678442148563787,311,5,0.03483893414172268
20227,AOI-0031,2024-06-19,пастбища/зерновые,0.1870195984198115,0.17910039892278742,311,6,-0.007919199497024076
20259,AOI-0031,2024-07-21,пастбища/зерновые,0.1734115057663864,0.1648530305826959,311,7,-0.00855847518369049
20281,AOI-0031,2024-08-12,пастбища/зерновые,0.1863328954570333,0.17296912580158263,311,8,-0.013363769655450664
20288,AOI-0031,2024-08-19,пастбища/зерновые,0.144737855950766,0.13951597861865572,311,8,-0.00522187733211027
20308,AOI-0031,2024-09-08,пастбища/зерновые,0.143516620554385,0.1272003685590057,311,9,-0.016316251995379283
20314,AOI-0031,2024-09-14,пастбища/зерновые,0.1756712568951249,0.1609400606141825,311,9,-0.014731196280942382
20328,AOI-0031,2024-09-28,пастбища/зерновые,0.1486100982413858,0.13807271702581603,311,9,-0.010537381215569769
20388,AOI-0031,2025-04-28,пастбища/зерновые,0.6204737579276041,0.6055757555622514,311,4,-0.014898002365352658
20411,AOI-0031,2025-05-21,пастбища/зерновые,0.8473525797283886,0.8102436047411916,311,5,-0.03710897498719701
20443,AOI-0031,2025-06-22,пастбища/зерновые,0.4262436523629161,0.37749182444670215,311,6,-0.04875182791621396
20459,AOI-0031,2025-07-08,пастбища/зерновые,0.3593046220386011,0.2959293285289868,311,7,-0.0633752935096143
20465,AOI-0031,2025-07-14,пастбища/зерновые,0.1950997331096575,0.22432536846381448,311,7,0.02922563535415698
20496,AOI-0031,2025-08-14,пастбища/зерновые,0.1780170709462878,0.16442555426875316,311,8,-0.013591516677534637
20499,AOI-0031,2025-08-17,пастбища/зерновые,0.2239229980916673,0.17229984718533883,311,8,-0.05162315090632846
20514,AOI-0031,2025-09-01,пастбища/зерновые,0.2045828203136416,0.1659685245105686,311,9,-0.03861429580307302
20551,AOI-0031,2025-10-08,пастбища/зерновые,0.1661129311139795,0.18323499288128486,311,10,0.017122061767305352
20615,AOI-0032,2010-05-12,пастбища/зерновые,0.3844309866262932,0.23723460535259466,311,5,-0.14719638127369855
20703,AOI-0032,2010-08-08,пастбища/зерновые,0.1350770570950104,0.14538618042258267,311,8,0.010309123327572278
20710,AOI-0032,2010-08-15,пастбища/зерновые,0.1071481732750512,0.11614497928597681,311,8,0.008996806010925604
20724,AOI-0032,2010-08-29,пастбища/зерновые,0.1972668539325843,0.18454816261903523,311,8,-0.01271869131354908
20873,AOI-0032,2011-06-26,пастбища/зерновые,0.3763580524344569,0.359114513632931,311,6,-0.017243538801525904
20894,AOI-0032,2011-07-17,пастбища/зерновые,0.2161013075927357,0.21340097095750982,311,7,-0.0027003366352258695
20921,AOI-0032,2011-08-13,пастбища/зерновые,0.3426881398252185,0.29776258178426357,311,8,-0.04492555804095494
20966,AOI-0032,2011-09-27,пастбища/зерновые,0.1929361200547758,0.19429560100255586,311,9,0.0013594809477800451
21014,AOI-0032,2012-04-15,пастбища/зерновые,0.1714979726659905,0.29499377055817416,311,4,0.12349579789218365
21133,AOI-0032,2012-08-12,пастбища/зерновые,0.2633086142322098,0.2708440346039083,311,8,0.00753542037169852
21245,AOI-0032,2013-05-03,пастбища/зерновые,0.2969537236977998,0.28822373338794627,311,5,-0.008729990309853553
21246,AOI-0032,2013-05-04,пастбища/зерновые,0.2646084230917486,0.31321144106359267,311,5,0.048603017971844076
21299,AOI-0032,2013-06-26,пастбища/зерновые,0.2628354556803995,0.31049767681256646,311,6,0.04766222113216695
21317,AOI-0032,2013-07-14,пастбища/зерновые,0.2558666322405409,0.2812175832503385,311,7,0.025350951009797618
21485,AOI-0032,2014-05-30,пастбища/зерновые,0.5449559458386578,0.569308430995275,311,5,0.024352485156617143
21573,AOI-0032,2014-08-26,пастбища/зерновые,0.1756758373380988,0.1459159630585211,311,8,-0.029759874279577714
21613,AOI-0032,2014-10-05,пастбища/зерновые,0.1482542549752049,0.1402293633181287,311,10,-0.008024891657076177
21637,AOI-0032,2014-10-29,пастбища/зерновые,0.1946525943329791,0.16617740148023982,311,10,-0.02847519285273928
21662,AOI-0032,2015-04-24,пастбища/зерновые,0.1891589925551568,0.17712285015546578,311,4,-0.01203614239969103
21734,AOI-0032,2015-07-05,пастбища/зерновые,0.6806694315174014,0.453290791805512,311,7,-0.22737863971188943
21758,AOI-0032,2015-07-29,пастбища/зерновые,0.2237016024805157,0.22820284385124748,311,7,0.004501241370731768
21837,AOI-0032,2015-10-16,пастбища/зерновые,0.2028445805084079,0.19415708639386198,311,10,-0.008687494114545918
21873,AOI-0032,2016-04-22,пастбища/зерновые,0.2782151061173533,0.350549045781936,311,4,0.07233393966458274
21964,AOI-0032,2016-07-22,пастбища/зерновые,0.1743820178628888,0.14844951302583476,311,7,-0.025932504837054032
21969,AOI-0032,2016-07-27,пастбища/зерновые,0.2319734706616729,0.21802782444534088,311,7,-0.013945646216332014
22053,AOI-0032,2016-10-19,пастбища/зерновые,0.425531961136769,0.34791368910436676,311,10,-0.07761827203240224
22100,AOI-0032,2017-05-06,пастбища/зерновые,0.7791340496041624,0.780604697689724,311,5,0.0014706480855615212
22101,AOI-0032,2017-05-07,пастбища/зерновые,0.8050208800847338,0.8031662206501398,311,5,-0.0018546594345940637
22124,AOI-0032,2017-05-30,пастбища/зерновые,0.780563110481358,0.7891399815389131,311,5,0.008576871057555113
22173,AOI-0032,2017-07-18,пастбища/зерновые,0.1551602813653715,0.16847717828322054,311,7,0.013316896917849042
22222,AOI-0032,2017-09-05,пастбища/зерновые,0.1295000551197473,0.1250068182539898,311,9,-0.004493236865757505
22247,AOI-0032,2017-09-30,пастбища/зерновые,0.2824167915106117,0.2056633389334352,311,9,-0.07675345257717653
22310,AOI-0032,2018-05-03,пастбища/зерновые,0.1699347913705228,0.18348938314426147,311,5,0.013554591773738661
22381,AOI-0032,2018-07-13,пастбища/зерновые,0.1918595648648152,0.15881219370696434,311,7,-0.03304737115785086
22420,AOI-0032,2018-08-21,пастбища/зерновые,0.187160048405742,0.17237844303867472,311,8,-0.014781605367067269
22436,AOI-0032,2018-09-06,пастбища/зерновые,0.1779325671592013,0.15363142380897687,311,9,-0.02430114335022443
22469,AOI-0032,2018-10-09,пастбища/зерновые,0.2067218207053024,0.22516616809880124,311,10,0.018444347393498844
22495,AOI-0032,2019-04-05,пастбища/зерновые,0.2254311558187452,0.3945941393707264,311,4,0.1691629835519812
22510,AOI-0032,2019-04-20,пастбища/зерновые,0.6990049993346827,0.6408269198548464,311,4,-0.05817807947983633
22578,AOI-0032,2019-06-27,пастбища/зерновые,0.1405135245036714,0.1369602984959713,311,6,-0.003553226007700111
22589,AOI-0032,2019-07-08,пастбища/зерновые,0.1237018338603569,0.14676307177316347,311,7,0.02306123791280658
22609,AOI-0032,2019-07-28,пастбища/зерновые,0.2448774032459425,0.24197480498558374,311,7,-0.0029025982603587686
22618,AOI-0032,2019-08-06,пастбища/зерновые,0.16624404176563,0.17369405235316532,311,8,0.007450010587535305
22638,AOI-0032,2019-08-26,пастбища/зерновые,0.1366152983198407,0.15623613459227947,311,8,0.01962083627243877
22683,AOI-0032,2019-10-10,пастбища/зерновые,0.1446267375663472,0.18779066285960114,311,10,0.04316392529325394
22689,AOI-0032,2019-10-16,пастбища/зерновые,0.426501747815231,0.36071879920367156,311,10,-0.06578294861155942
22757,AOI-0032,2020-05-24,пастбища/зерновые,0.517002684144819,0.5107299291402085,311,5,-0.006272755004610442
22772,AOI-0032,2020-06-08,пастбища/зерновые,0.3264351377069486,0.3824811165988045,311,6,0.05604597889185592
22792,AOI-0032,2020-06-28,пастбища/зерновые,0.1331375822768925,0.18842853365330423,311,6,0.05529095137641171
22800,AOI-0032,2020-07-06,пастбища/зерновые,0.1218071145472752,0.1277583248720848,311,7,0.005951210324809594
22812,AOI-0032,2020-07-18,пастбища/зерновые,0.1198800043543895,0.1125744795108354,311,7,-0.007305524843554095
22842,AOI-0032,2020-08-17,пастбища/зерновые,0.1275904543591421,0.1221989841212279,311,8,-0.005391470237914198
22868,AOI-0032,2020-09-12,пастбища/зерновые,0.1225133744070122,0.12246318344145107,311,9,-5.019096556112268e-05
22875,AOI-0032,2020-09-19,пастбища/зерновые,0.1295512874657678,0.10330317024206395,311,9,-0.02624811722370385
22902,AOI-0032,2020-10-16,пастбища/зерновые,0.1540619051700527,0.11851263650572764,311,10,-0.03554926866432505
22907,AOI-0032,2020-10-21,пастбища/зерновые,0.2131844167404594,0.151329820691751,311,10,-0.06185459604870841
22985,AOI-0032,2021-06-08,пастбища/зерновые,0.1658461850245874,0.15986388117015424,311,6,-0.0059823038544331575
23020,AOI-0032,2021-07-13,пастбища/зерновые,0.1585772397016923,0.14703105031634744,311,7,-0.011546189385344852
23028,AOI-0032,2021-07-21,пастбища/зерновые,0.145715211425823,0.12463815222248628,311,7,-0.021077059203336718
23068,AOI-0032,2021-08-30,пастбища/зерновые,0.1382437923956657,0.13634342392913945,311,8,-0.0019003684665262477
23076,AOI-0032,2021-09-07,пастбища/зерновые,0.1958681970073569,0.14748730926299877,311,9,-0.048380887744358114
23078,AOI-0032,2021-09-09,пастбища/зерновые,0.1577693452756416,0.12852520805646966,311,9,-0.029244137219171934
23105,AOI-0032,2021-10-06,пастбища/зерновые,0.3129867046111337,0.2807403678479637,311,10,-0.032246336763170014
23110,AOI-0032,2021-10-11,пастбища/зерновые,0.3599660881188743,0.2913775611556687,311,10,-0.06858852696320561
23141,AOI-0032,2022-04-12,пастбища/зерновые,0.7118360250015645,0.6715444112511686,311,4,-0.040291613750395916
23176,AOI-0032,2022-05-17,пастбища/зерновые,0.873939967876028,0.8319348758163316,311,5,-0.04200509205969638
23187,AOI-0032,2022-05-28,пастбища/зерновые,0.868021774999082,0.8457731546136903,311,5,-0.02224862038539166
23195,AOI-0032,2022-06-05,пастбища/зерновые,0.7516619699627947,0.7727021326504624,311,6,0.02104016268766773
23216,AOI-0032,2022-06-26,пастбища/зерновые,0.3045887016229713,0.3362684428741531,311,6,0.03167974125118178
23241,AOI-0032,2022-07-21,пастбища/зерновые,0.1064982220693437,0.12063943834039308,311,7,0.014141216271049376
23303,AOI-0032,2022-09-21,пастбища/зерновые,0.1295390163296475,0.1378938640712534,311,9,0.008354847741605886
23365,AOI-0032,2023-04-23,пастбища/зерновые,0.3348028714107365,0.3450444811849622,311,4,0.010241609774225724
23374,AOI-0032,2023-05-02,пастбища/зерновые,0.1532270824312477,0.2275523403064241,311,5,0.07432525787517641
23389,AOI-0032,2023-05-17,пастбища/зерновые,0.2363319297437971,0.25832566338677515,311,5,0.021993733642978047
23423,AOI-0032,2023-06-20,пастбища/зерновые,0.6063156273306775,0.5673917255854177,311,6,-0.038923901745259726
23428,AOI-0032,2023-06-25,пастбища/зерновые,0.6001614564884707,0.6142077153122558,311,6,0.014046258823785074
23429,AOI-0032,2023-06-26,пастбища/зерновые,0.6199006845168324,0.5866049286972663,311,6,-0.03329575581956612
23476,AOI-0032,2023-08-12,пастбища/зерновые,0.1293461495750902,0.2173333225753364,311,8,0.08798717300024622
23481,AOI-0032,2023-08-17,пастбища/зерновые,0.2288745652480545,0.24788984790916113,311,8,0.019015282661106636
23546,AOI-0032,2023-10-21,пастбища/зерновые,0.1427297634644656,0.17850721351744267,311,10,0.03577745005297708
23595,AOI-0032,2024-05-10,пастбища/зерновые,0.2398204524223208,0.18565875715970917,311,5,-0.05416169526261164
23623,AOI-0032,2024-06-07,пастбища/зерновые,0.1877908817564219,0.1868883019681453,311,6,-0.0009025797882765974
23635,AOI-0032,2024-06-19,пастбища/зерновые,0.2279285488152415,0.19270817591344258,311,6,-0.03522037290179891
23636,AOI-0032,2024-06-20,пастбища/зерновые,0.1779463265970954,0.1578094592447531,311,6,-0.020136867352342297
23653,AOI-0032,2024-07-07,пастбища/зерновые,0.1232376164057598,0.14337056568979906,311,7,0.02013294928403926
23691,AOI-0032,2024-08-14,пастбища/зерновые,0.1742379601885914,0.17235213322920528,311,8,-0.0018858269593861055
23715,AOI-0032,2024-09-07,пастбища/зерновые,0.1691043129367013,0.154812464144247,311,9,-0.01429184879245432
23728,AOI-0032,2024-09-20,пастбища/зерновые,0.1513709473737276,0.15265377998643664,311,9,0.001282832612709034
23746,AOI-0032,2024-10-08,пастбища/зерновые,0.1326807237853191,0.12468187454616945,311,10,-0.007998849239149633
23807,AOI-0032,2025-05-09,пастбища/зерновые,0.8315777153558053,0.7066673716570173,311,5,-0.12491034369878795
23813,AOI-0032,2025-05-15,пастбища/зерновые,0.696209861790255,0.65653339973389,311,5,-0.03967646205636499
23850,AOI-0032,2025-06-21,пастбища/зерновые,0.4671068961879504,0.39889502113400654,311,6,-0.06821187505394388
23851,AOI-0032,2025-06-22,пастбища/зерновые,0.3824529439347614,0.3262651103155529,311,6,-0.05618783361920854
23854,AOI-0032,2025-06-25,пастбища/зерновые,0.2874912020942172,0.3515598305014438,311,6,0.0640686284072266
23855,AOI-0032,2025-06-26,пастбища/зерновые,0.3400767166042447,0.3577401996353852,311,6,0.017663483031140514
23923,AOI-0032,2025-09-02,пастбища/зерновые,0.1938591762801766,0.16084820608810976,311,9,-0.033010970192066835
23947,AOI-0032,2025-09-26,пастбища/зерновые,0.1862927787032014,0.1699185426859457,311,9,-0.01637423601725571
23954,AOI-0032,2025-10-03,пастбища/зерновые,0.1547054438901717,0.16779091736532528,311,10,0.01308547347515357
24027,AOI-0033,2025-05-16,пастбища/зерновые,0.184740571514939,0.2603184653847503,311,5,0.07557789386981129
24034,AOI-0033,2025-05-23,пастбища/зерновые,0.2384776147536331,0.31518213434257525,311,5,0.07670451958894214
24072,AOI-0033,2025-06-30,пастбища/зерновые,0.6565303341730239,0.6136206479641932,311,6,-0.04290968620883062
24097,AOI-0033,2025-07-25,пастбища/зерновые,0.3360194828609462,0.28186031290689756,311,7,-0.054159169954048625
24122,AOI-0033,2025-08-19,пастбища/зерновые,0.2786284974830347,0.21970281043799056,311,8,-0.05892568704504414
24160,AOI-0033,2025-09-26,пастбища/зерновые,0.411800969717174,0.32236415704481924,311,9,-0.08943681267235476
24167,AOI-0033,2025-10-03,пастбища/зерновые,0.3953397290726346,0.3599021616982598,311,10,-0.03543756737437481
24168,AOI-0033,2025-10-04,пастбища/зерновые,0.3745102590142163,0.35931492146617683,311,10,-0.015195337548039478
24180,AOI-0033,2025-10-16,пастбища/зерновые,0.5584288489558037,0.47095133469640016,311,10,-0.08747751425940353
24210,AOI-0034,2025-04-16,пастбища/зерновые,0.1778784361590572,0.17123458662813143,311,4,-0.006643849530925783
24277,AOI-0034,2025-06-22,пастбища/зерновые,0.1323288295264685,0.1369015294004191,311,6,0.00457269987395062
24285,AOI-0034,2025-06-30,пастбища/зерновые,0.1226042634963286,0.14494094984614686,311,6,0.022336686349818266
24302,AOI-0034,2025-07-17,пастбища/зерновые,0.1203448427824931,0.1398046150192734,311,7,0.019459772236780304
24313,AOI-0034,2025-07-28,пастбища/зерновые,0.2094515357821407,0.18497968360251021,311,7,-0.024471852179630493
24335,AOI-0034,2025-08-19,пастбища/зерновые,0.1344973318498975,0.13306246034646682,311,8,-0.0014348715034306903
24340,AOI-0034,2025-08-24,пастбища/зерновые,0.1191252765821464,0.14298727374874395,311,8,0.02386199716659755
24381,AOI-0034,2025-10-04,пастбища/зерновые,0.3064525253880473,0.29977648125508016,311,10,-0.006676044132967129
24411,AOI-0035,2025-04-18,пастбища/зерновые,0.1715195073361933,0.15726848656110695,311,4,-0.01425102077508636
24444,AOI-0035,2025-07-10,пастбища/зерновые,0.1255127138819325,0.11816854618776917,311,7,-0.007344167694163323
24445,AOI-0035,2025-07-12,пастбища/зерновые,0.1144305359224096,0.16808142033395812,311,7,0.05365088441154851
24460,AOI-0035,2025-08-16,пастбища/зерновые,0.1064763191479709,0.12899861277286812,311,8,0.022522293624897216
24462,AOI-0035,2025-08-19,пастбища/зерновые,0.1046945330575202,0.11055084250330269,311,8,0.005856309445782484
24465,AOI-0035,2025-08-25,пастбища/зерновые,0.1656080965438622,0.1669700389514899,311,8,0.0013619424076277142
24466,AOI-0035,2025-08-29,пастбища/зерновые,0.1328147011139799,0.1462997017897648,311,8,0.013485000675784925
24469,AOI-0035,2025-09-02,пастбища/зерновые,0.1632184307662119,0.139498517627298,311,9,-0.02371991313891389
24470,AOI-0035,2025-09-05,пастбища/зерновые,0.1015121017135406,0.11754004476847821,311,9,0.016027943054937613
24497,AOI-0036,2025-04-07,пастбища/зерновые,0.5985204418418952,0.5239678245722779,311,4,-0.07455261726961737
24513,AOI-0036,2025-04-23,пастбища/зерновые,0.5437978919309335,0.6047581841114276,311,4,0.060960292180494036
24535,AOI-0036,2025-05-15,пастбища/зерновые,0.5361723945608156,0.634728618398502,311,5,0.09855622383768647
24558,AOI-0036,2025-06-07,пастбища/зерновые,0.4341696186776594,0.46005768556905335,311,6,0.025888066891393946
24628,AOI-0036,2025-08-16,пастбища/зерновые,0.1722122847134563,0.16764073078273725,311,8,-0.004571553930719036
24629,AOI-0036,2025-08-17,пастбища/зерновые,0.2210854248243199,0.1660962835903733,311,8,-0.054989141233946603
24637,AOI-0036,2025-08-25,пастбища/зерновые,0.2133816801770213,0.1863320064960963,311,8,-0.027049673680925007
24645,AOI-0036,2025-09-02,пастбища/зерновые,0.2054483552247132,0.165870061352255,311,9,-0.0395782938724582
24695,AOI-0036,2025-10-22,пастбища/зерновые,0.2283938642404716,0.29704651210862315,311,10,0.06865264786815156
24726,AOI-0037,2025-04-23,зерновые,0.5695022724289609,0.6090327490232674,311,4,0.03953047659430653
24748,AOI-0037,2025-05-15,зерновые,0.5980165483061101,0.6043191008415069,311,5,0.006302552535396799
24838,AOI-0037,2025-08-13,зерновые,0.2878733393177737,0.3027698898725362,311,8,0.014896550554762522
24849,AOI-0037,2025-08-24,зерновые,0.1937933695569627,0.2143322567641615,311,8,0.02053888720719882
24856,AOI-0037,2025-08-31,зерновые,0.2011730819861944,0.23922282915229348,311,8,0.038049747166099074
24873,AOI-0037,2025-09-17,зерновые,0.2398084523392936,0.21971840651684071,311,9,-0.020090045822452884
24890,AOI-0037,2025-10-04,зерновые,0.2307199470823762,0.23667774198820518,311,10,0.005957794905828984
24902,AOI-0037,2025-10-16,зерновые,0.2954401256732495,0.2760924267194028,311,10,-0.019347698953846693
24919,AOI-0038,2025-04-03,зерновые,0.3776038882154468,0.3074764310829166,311,4,-0.07012745713253021
24935,AOI-0038,2025-04-19,зерновые,0.4640398480515403,0.45687698735688986,311,4,-0.007162860694650441
24950,AOI-0038,2025-05-04,зерновые,0.5137884814104348,0.4920220524725384,311,5,-0.021766428937896376
24954,AOI-0038,2025-05-08,зерновые,0.4771556667831189,0.4869078173764612,311,5,0.009752150593342335
24972,AOI-0038,2025-05-26,зерновые,0.5501239486221002,0.5507934065621016,311,5,0.0006694579400013945
24987,AOI-0038,2025-06-10,зерновые,0.4285172944138153,0.47294724182651166,311,6,0.04442994741269635
25032,AOI-0038,2025-07-25,зерновые,0.1949767340175364,0.19817384358265966,311,7,0.0031971095651232573
25082,AOI-0038,2025-09-13,зерновые,0.1676408939439281,0.16026555935421954,311,9,-0.007375334589708543
25126,AOI-0038,2025-10-27,зерновые,0.3227963667737287,0.24518859077689842,311,10,-0.07760777599683027
25135,AOI-0039,2025-04-18,зерновые,0.7079048632965197,0.6859513618476345,311,4,-0.021953501448885193
25138,AOI-0039,2025-04-25,зерновые,0.7828694888410991,0.6991980609555093,311,4,-0.08367142788558979
25144,AOI-0039,2025-05-09,зерновые,0.607836048749198,0.6784352287370404,311,5,0.07059917998784238
25145,AOI-0039,2025-05-15,зерновые,0.6572408768732937,0.6431506330077493,311,5,-0.01409024386554436
25162,AOI-0039,2025-07-02,зерновые,0.5235210263694071,0.4509412935004332,311,7,-0.0725797328689739
25180,AOI-0039,2025-08-09,зерновые,0.2451399374106448,0.3268943620621857,311,8,0.0817544246515409
25195,AOI-0039,2025-09-09,зерновые,0.3384501962224441,0.3319328532994389,311,9,-0.006517342923005209
25197,AOI-0039,2025-09-13,зерновые,0.3237480485836535,0.28554459594395054,311,9,-0.038203452639702984
25210,AOI-0039,2025-10-08,зерновые,0.2778938380725397,0.3319086277008219,311,10,0.05401478962828221
25247,AOI-0040,2025-05-04,зерновые,0.6821880269828915,0.6931765332962365,311,5,0.010988506313345026
25263,AOI-0040,2025-05-20,зерновые,0.8392278604793478,0.8613560918965623,311,5,0.022128231417214428
25271,AOI-0040,2025-05-28,зерновые,0.7482715115665319,0.7582305358962478,311,5,0.009959024329715849
25300,AOI-0040,2025-06-26,зерновые,0.2382531606217617,0.34723304608900135,311,6,0.10897988546723966
25303,AOI-0040,2025-06-29,зерновые,0.3213656302764578,0.2990761190584408,311,6,-0.022289511218017033
25304,AOI-0040,2025-06-30,зерновые,0.2354414801472987,0.25848714774501574,311,6,0.023045667597717034
25314,AOI-0040,2025-07-10,зерновые,0.2201799404542483,0.18773147182389452,311,7,-0.03244846863035378
25318,AOI-0040,2025-07-14,зерновые,0.1789095557396727,0.22427345544749508,311,7,0.04536389970782237
25364,AOI-0040,2025-08-29,зерновые,0.1620766719837671,0.1930944644126592,311,8,0.031017792428892105
25432,AOI-0041,2025-04-18,зерновые,0.6114567850773861,0.6111321016127783,311,4,-0.00032468346460778896
25435,AOI-0041,2025-04-25,зерновые,0.6562416819639099,0.6098897459507159,311,4,-0.046351936013193984
25448,AOI-0041,2025-06-04,зерновые,0.540654050390898,0.5988065235916236,311,6,0.058152473200725585
25452,AOI-0041,2025-06-10,зерновые,0.4366345624519112,0.47630056306778235,311,6,0.039666000615871166
25466,AOI-0041,2025-07-10,зерновые,0.3622921127391822,0.29255669309487153,311,7,-0.06973541964431068
25476,AOI-0041,2025-08-01,зерновые,0.1893412001214535,0.2398988499122745,311,8,0.050557649790821
25478,AOI-0041,2025-08-09,зерновые,0.2113857141472663,0.2176176971831839,311,8,0.006231983035917599
25501,AOI-0041,2025-09-28,зерновые,0.2175747941050299,0.19017849198786074,311,9,-0.027396302117169147
25503,AOI-0041,2025-10-02,зерновые,0.2097434778676261,0.24066735573447656,311,10,0.03092387786685047
25533,AOI-0042,2025-04-23,зерновые,0.1580430686259077,0.25939350754191776,311,4,0.10135043891601006
25548,AOI-0042,2025-05-08,зерновые,0.136318242580526,0.17056863153015034,311,5,0.034250388949624344
25563,AOI-0042,2025-05-23,зерновые,0.121621874953465,0.1832050258887765,311,5,0.061583150935311484
25597,AOI-0042,2025-06-26,зерновые,0.2147605255721956,0.21918917135835866,311,6,0.00442864578616306
25598,AOI-0042,2025-06-27,зерновые,0.1398442010638048,0.13880085901923017,311,6,-0.0010433420445746244
25608,AOI-0042,2025-07-07,зерновые,0.1285495516664307,0.12323325231065212,311,7,-0.005316299355778584
25613,AOI-0042,2025-07-12,зерновые,0.1166807949413973,0.18156625039225188,311,7,0.06488545545085458
25631,AOI-0042,2025-07-30,зерновые,0.1300529995762314,0.12937060906484255,311,7,-0.0006823905113888529
25663,AOI-0042,2025-08-31,зерновые,0.1191730210297094,0.15019258248633963,311,8,0.03101956145663022
25737,AOI-0043,2025-04-14,зерновые,0.2015090611504154,0.1726284094333526,311,4,-0.028880651717062805
25744,AOI-0043,2025-04-21,зерновые,0.2001638874052513,0.22508449361776617,311,4,0.02492060621251488
25764,AOI-0043,2025-05-11,зерновые,0.3184337214384041,0.16926582858455494,311,5,-0.14916789285384915
25811,AOI-0043,2025-06-27,зерновые,0.1853181982109931,0.1624030269114041,311,6,-0.022915171299589004
25822,AOI-0043,2025-07-08,зерновые,0.1792812177934462,0.1664592447299672,311,7,-0.012821973063478986
25859,AOI-0043,2025-08-14,зерновые,0.1732034459920048,0.14776592574727143,311,8,-0.025437520244733364
25861,AOI-0043,2025-08-16,зерновые,0.1480452982984574,0.15739927326150324,311,8,0.009353974963045852
25862,AOI-0043,2025-08-17,зерновые,0.165589680536475,0.16871299544881838,311,8,0.0031233149123433834
25879,AOI-0043,2025-09-03,зерновые,0.1695405318900082,0.14821760319759536,311,9,-0.02132292869241284
25906,AOI-0043,2025-09-30,зерновые,0.2271992326012173,0.24462981481065418,311,9,0.017430582209436885
26016,AOI-0044,2010-06-19,зерновые,0.376003606948019,0.491771715529167,311,6,0.115768108581148
26039,AOI-0044,2010-07-12,зерновые,0.5483096224436285,0.4731126702172929,311,7,-0.07519695222633554
26055,AOI-0044,2010-07-28,зерновые,0.3089724174095437,0.3007319066709852,311,7,-0.00824051073855847
26217,AOI-0044,2011-06-07,зерновые,0.3359081449844182,0.3563837681076621,311,6,0.020475623123243913
26248,AOI-0044,2011-07-08,зерновые,0.6319215163623021,0.8045764361232353,311,7,0.17265491976093317
26252,AOI-0044,2011-07-12,зерновые,0.7184773990561091,0.6564375150386235,311,7,-0.062039884017485614
26305,AOI-0044,2011-09-03,зерновые,0.2102422458848308,0.1563183116114823,311,9,-0.05392393427334849
26329,AOI-0044,2011-09-27,зерновые,0.270969183781962,0.22902713403820515,311,9,-0.04194204974375684
26544,AOI-0044,2012-09-29,зерновые,0.1390118048758179,0.2159181183723254,311,9,0.0769063134965075
26551,AOI-0044,2012-10-06,зерновые,0.1401737856962132,0.15996870896837884,311,10,0.019794923272165643
26591,AOI-0044,2013-04-16,зерновые,0.1828396797280764,0.18323844453101254,311,4,0.00039876480293613015
26671,AOI-0044,2013-07-05,зерновые,0.6248256307234755,0.623278414035998,311,7,-0.0015472166874774818
26694,AOI-0044,2013-07-28,зерновые,0.4282299095437864,0.38818050386027647,311,7,-0.04004940568350995
26703,AOI-0044,2013-08-06,зерновые,0.3202077843215786,0.33689900940237727,311,8,0.016691225080798677
26856,AOI-0044,2014-06-07,зерновые,0.2450226999300773,0.26846631504235935,311,6,0.023443615112282046
26927,AOI-0044,2014-08-17,зерновые,0.2121255732075073,0.18844176150063757,311,8,-0.02368381170686973
26928,AOI-0044,2014-08-18,зерновые,0.1477536346037359,0.16181066135592603,311,8,0.014057026752190144
26952,AOI-0044,2014-09-11,зерновые,0.2178356594973723,0.16451435046485313,311,9,-0.053321309032519165
27071,AOI-0044,2015-06-09,зерновые,0.8025445083083188,0.8186059746598653,311,6,0.016061466351546483
27111,AOI-0044,2015-07-19,зерновые,0.3017100307873752,0.2920985140718983,311,7,-0.009611516715476887
27176,AOI-0044,2015-09-22,зерновые,0.1611825836214537,0.19676931878192674,311,9,0.03558673516047303
27183,AOI-0044,2015-09-29,зерновые,0.1689262618874791,0.1780888987979131,311,9,0.00916263691043398
27223,AOI-0044,2016-04-09,зерновые,0.5336030343052711,0.48594699167310673,311,4,-0.047656042632164386
27246,AOI-0044,2016-05-02,зерновые,0.8286337227860252,0.8011195978831889,311,5,-0.027514124902836334
27268,AOI-0044,2016-05-24,зерновые,0.8089647286313584,0.791378849401579,311,5,-0.01758587922977939
27327,AOI-0044,2016-07-22,зерновые,0.2773480593544612,0.2667422857727724,311,7,-0.010605773581688793
27359,AOI-0044,2016-08-23,зерновые,0.208026420420821,0.21390002797293134,311,8,0.005873607552110333
27494,AOI-0044,2017-06-06,зерновые,0.2556577525370971,0.25959960849270375,311,6,0.0039418559556066435
27495,AOI-0044,2017-06-07,зерновые,0.2298596801977983,0.2616015507711987,311,6,0.03174187057340039
27498,AOI-0044,2017-06-10,зерновые,0.3554264027267961,0.4233832445985748,311,6,0.0679568418717787
27582,AOI-0044,2017-09-02,зерновые,0.1189617121830849,0.1256718138106749,311,9,0.006710101627590004
27610,AOI-0044,2017-09-30,зерновые,0.1642019317501082,0.2700537237044679,311,9,0.1058517919543597
27615,AOI-0044,2017-10-05,зерновые,0.2348521628779359,0.2021587139491951,311,10,-0.03269344892874079
27702,AOI-0044,2018-06-01,зерновые,0.8255794262559584,0.8240690108717352,311,6,-0.0015104153842231405
27751,AOI-0044,2018-07-20,зерновые,0.2051152636550406,0.23241218444462797,311,7,0.02729692078958737
27782,AOI-0044,2018-08-20,зерновые,0.1868224408849609,0.20639174900029383,311,8,0.019569308115332945
27806,AOI-0044,2018-09-13,зерновые,0.2210624436685551,0.16810364905872266,311,9,-0.05295879460983244
27807,AOI-0044,2018-09-14,зерновые,0.2505141714735187,0.23094110031278464,311,9,-0.019573071160734035
27863,AOI-0044,2019-04-10,зерновые,0.199483728401929,0.2506788670766456,311,4,0.05119513867471662
27871,AOI-0044,2019-04-18,зерновые,0.3185846012321439,0.256023768026827,311,4,-0.06256083320531686
27901,AOI-0044,2019-05-18,зерновые,0.6714895484580692,0.6888258307653071,311,5,0.017336282307237938
27956,AOI-0044,2019-07-12,зерновые,0.2401440482433141,0.22135052206800387,311,7,-0.018793526175310216
27959,AOI-0044,2019-07-15,зерновые,0.1413330608225911,0.146304774198753,311,7,0.004971713376161924
27972,AOI-0044,2019-07-28,зерновые,0.3815650825904563,0.3137216674629955,311,7,-0.06784341512746078
28020,AOI-0044,2019-09-14,зерновые,0.2349322299423177,0.23457022163550373,311,9,-0.0003620083068139601
28051,AOI-0044,2019-10-15,зерновые,0.1710160272183029,0.17371900495696657,311,10,0.002702977738663681
28138,AOI-0044,2020-06-11,зерновые,0.1462024565084018,0.18379777234295522,311,6,0.03759531583455342
28203,AOI-0044,2020-08-15,зерновые,0.1584154494938394,0.13678335548671902,311,8,-0.021632094007120378
28205,AOI-0044,2020-08-17,зерновые,0.1892477861673833,0.16956679880048567,311,8,-0.019680987366897634
28213,AOI-0044,2020-08-25,зерновые,0.1554001870881084,0.14003141565886634,311,8,-0.015368771429242062
28218,AOI-0044,2020-08-30,зерновые,0.143817773161614,0.13892622353437822,311,8,-0.004891549627235786
28237,AOI-0044,2020-09-18,зерновые,0.175335310479776,0.1797378775049837,311,9,0.004402567025207721
28269,AOI-0044,2020-10-20,зерновые,0.2373963109645491,0.20830365332475642,311,10,-0.029092657639792685
28286,AOI-0044,2021-04-07,зерновые,0.3052067711064499,0.40870043515630944,311,4,0.10349366404985955
28373,AOI-0044,2021-07-03,зерновые,0.3980190120461692,0.3605206483241977,311,7,-0.03749836372197146
28406,AOI-0044,2021-08-05,зерновые,0.1212044862939731,0.15069947907570966,311,8,0.029494992781736562
28441,AOI-0044,2021-09-09,зерновые,0.1693434300630184,0.16861429539442369,311,9,-0.0007291346685947275
28478,AOI-0044,2021-10-16,зерновые,0.2220861534181478,0.29195741382398765,311,10,0.06987126040583985
28561,AOI-0044,2022-06-08,зерновые,0.7615828916893282,0.7362984374474055,311,6,-0.025284454241922716
28564,AOI-0044,2022-06-11,зерновые,0.6881065284215059,0.7072404660220496,311,6,0.019133937600543716
28569,AOI-0044,2022-06-16,зерновые,0.5026679138199123,0.5076540926148032,311,6,0.004986178794890939
28595,AOI-0044,2022-07-12,зерновые,0.1940542356801037,0.23322850467368922,311,7,0.03917426899358553
28612,AOI-0044,2022-07-29,зерновые,0.1546614357982289,0.1662008059813179,311,7,0.011539370183088982
28646,AOI-0044,2022-09-01,зерновые,0.2057949047610054,0.16776651667324124,311,9,-0.03802838808776415
28659,AOI-0044,2022-09-14,зерновые,0.2400871736447356,0.22089748525173453,311,9,-0.019189688393001086
28728,AOI-0044,2023-04-23,зерновые,0.3304680060304142,0.39965068364483947,311,4,0.06918267761442526
28732,AOI-0044,2023-04-27,зерновые,0.2081222261738483,0.209955882057102,311,4,0.0018336558832537098
28766,AOI-0044,2023-05-31,зерновые,0.2935503031968579,0.2619306853923415,311,5,-0.03161961780451639
28776,AOI-0044,2023-06-10,зерновые,0.2881901481384374,0.33993571871517164,311,6,0.051745570576734234
28813,AOI-0044,2023-07-17,зерновые,0.2372886423291242,0.1985876262499373,311,7,-0.038701016079186884
28840,AOI-0044,2023-08-13,зерновые,0.2380262191924488,0.2040877578795384,311,8,-0.033938461312910395
28847,AOI-0044,2023-08-20,зерновые,0.1434568438864678,0.14605711262556142,311,8,0.0026002687390936363
28855,AOI-0044,2023-08-28,зерновые,0.1314507068111182,0.16697910527229748,311,8,0.03552839846117928
28925,AOI-0044,2024-04-07,зерновые,0.8234085484235454,0.7786403373834931,311,4,-0.04476821104005224
28973,AOI-0044,2024-05-25,зерновые,0.8260704155884774,0.8035742574643113,311,5,-0.022496158124166055
28981,AOI-0044,2024-06-02,зерновые,0.6742037774193326,0.6320469080010896,311,6,-0.042156869418242926
28994,AOI-0044,2024-06-15,зерновые,0.2551264071403805,0.34187498944803146,311,6,0.08674858230765098
29029,AOI-0044,2024-07-20,зерновые,0.1352907268339688,0.12478938343635809,311,7,-0.010501343397610718
29100,AOI-0044,2024-09-29,зерновые,0.1725750957342471,0.18059557665199463,311,9,0.008020480917747541
29114,AOI-0044,2024-10-13,зерновые,0.1353616283980481,0.12035888002386064,311,10,-0.015002748374187469
29197,AOI-0044,2025-06-05,зерновые,0.1974221551017063,0.16738164398850192,311,6,-0.030040511113204382
29207,AOI-0044,2025-06-15,зерновые,0.1540847384501397,0.16296754213791897,311,6,0.008882803687779273
29237,AOI-0044,2025-07-15,зерновые,0.1458263666830441,0.15706642645380633,311,7,0.011240059770762229
29269,AOI-0044,2025-08-16,зерновые,0.1326700504596431,0.14987589919492822,311,8,0.017205848735285106
29276,AOI-0044,2025-08-23,зерновые,0.1968547716957496,0.1846675519018872,311,8,-0.01218721979386242
29282,AOI-0044,2025-08-29,зерновые,0.1490392728314204,0.16116550049572595,311,8,0.012126227664305544
29285,AOI-0044,2025-09-01,зерновые,0.1842975761221875,0.14373009832562875,311,9,-0.040567477796558754
29299,AOI-0044,2025-09-15,зерновые,0.1478279427635114,0.14503415192980756,311,9,-0.0027937908337038464
29337,AOI-0044,2025-10-23,зерновые,0.1887799993117573,0.15833393556057812,311,10,-0.03044606375117917
29365,AOI-0045,2025-04-21,зерновые,0.1952505592629023,0.18135301656322983,311,4,-0.013897542699672472
29382,AOI-0045,2025-05-08,зерновые,0.152045702988041,0.17847577573224346,311,5,0.026430072744202476
29394,AOI-0045,2025-05-20,зерновые,0.2203319170773994,0.20938900348893058,311,5,-0.010942913588468828
29433,AOI-0045,2025-06-28,зерновые,0.2095841236964852,0.18580967288867017,311,6,-0.023774450807815012
29460,AOI-0045,2025-07-25,зерновые,0.1335930465753912,0.1619817786278227,311,7,0.028388732052431503
29512,AOI-0045,2025-09-15,зерновые,0.1404855496426696,0.14581351051454222,311,9,0.005327960871872622
29529,AOI-0045,2025-10-02,зерновые,0.2006845781303198,0.18867029673049712,311,10,-0.01201428139982269
29550,AOI-0045,2025-10-23,зерновые,0.1969924654382042,0.17322574816140796,311,10,-0.023766717276796245
29605,AOI-0046,2010-05-18,зерновые,0.2320598276074391,0.28021569504236593,311,5,0.048155867434926836
29637,AOI-0046,2010-06-19,зерновые,0.1906336442906172,0.2021353224352579,311,6,0.011501678144640703
29661,AOI-0046,2010-07-13,зерновые,0.2475397765202753,0.2512107002868912,311,7,0.0036709237666158745
29678,AOI-0046,2010-07-30,зерновые,0.4786430802752872,0.40739504258794446,311,7,-0.07124803768734272
29789,AOI-0046,2011-04-19,зерновые,0.1679721853704909,0.1838364810977606,311,4,0.01586429572726969
29825,AOI-0046,2011-05-25,зерновые,0.3753614886731392,0.4614274076578576,311,5,0.08606591898471844
29870,AOI-0046,2011-07-09,зерновые,0.2903438682327219,0.29346740187075904,311,7,0.003123533638037135
29934,AOI-0046,2011-09-11,зерновые,0.0953640604769299,0.1603145155329358,311,9,0.0649504550560059
29950,AOI-0046,2011-09-27,зерновые,0.15147987488942,0.18325974617055404,311,9,0.03177987128113405
30076,AOI-0046,2012-07-02,зерновые,0.391867630636041,0.40265858874295635,311,7,0.010790958106915327
30172,AOI-0046,2012-10-06,зерновые,0.402296615504907,0.3549876711283326,311,10,-0.04730894437657435
30251,AOI-0046,2013-05-25,зерновые,0.6605315456927107,0.6238207056935795,311,5,-0.03671083999913116
30269,AOI-0046,2013-06-12,зерновые,0.5625796976106889,0.4444384368572475,311,6,-0.11814126075344145
30276,AOI-0046,2013-06-19,зерновые,0.4578167444025229,0.41719646942342087,311,6,-0.04062027497910203
30300,AOI-0046,2013-07-13,зерновые,0.3561345689049058,0.317633500365337,311,7,-0.038501068539568806
30412,AOI-0046,2014-04-03,зерновые,0.3418865936443692,0.3532009044470256,311,4,0.011314310802656435
30524,AOI-0046,2014-07-24,зерновые,0.2222114715469252,0.20760872359376892,311,7,-0.014602747953156275
30541,AOI-0046,2014-08-10,зерновые,0.2079235515456166,0.1854094841785346,311,8,-0.022514067367082002
30557,AOI-0046,2014-08-26,зерновые,0.1998150323467257,0.17139467356785254,311,8,-0.028420358778873167
30604,AOI-0046,2014-10-12,зерновые,0.149541621230525,0.15098683335171587,311,10,0.0014452121211908642
30668,AOI-0046,2015-05-16,зерновые,0.2593734742857835,0.22347401727683452,311,5,-0.035899457008948976
30781,AOI-0046,2015-09-06,зерновые,0.1678483845605838,0.1927340751896874,311,9,0.02488569062910362
30805,AOI-0046,2015-09-30,зерновые,0.210409691035062,0.2649343250186674,311,9,0.054524633983605436
30812,AOI-0046,2015-10-07,зерновые,0.1959020273518017,0.20552822168288748,311,10,0.009626194331085774
30857,AOI-0046,2016-04-22,зерновые,0.7473336107258438,0.8114859895369224,311,4,0.0641523788110786
30916,AOI-0046,2016-06-20,зерновые,0.4576264999847847,0.4677174888045842,311,6,0.010090988819799473
30980,AOI-0046,2016-08-23,зерновые,0.2755420073977681,0.2390504207387939,311,8,-0.03649158665897417
30985,AOI-0046,2016-08-28,зерновые,0.3206340422253043,0.3007511414373525,311,8,-0.019882900787951796
31036,AOI-0046,2016-10-18,зерновые,0.3486350093620425,0.2966160764341397,311,10,-0.05201893292790283
31051,AOI-0046,2017-04-03,зерновые,0.3050848826410536,0.28172419858497494,311,4,-0.023360684056078662
31076,AOI-0046,2017-04-28,зерновые,0.6221495789856184,0.6450475076935382,311,4,0.022897928707919846
31139,AOI-0046,2017-06-30,зерновые,0.3791711647834677,0.40501858697695137,311,6,0.025847422193483682
31155,AOI-0046,2017-07-16,зерновые,0.2188351626102324,0.19684809448333396,311,7,-0.021987068126898435
31181,AOI-0046,2017-08-11,зерновые,0.1510347720868221,0.15482014359335394,311,8,0.003785371506531854
31228,AOI-0046,2017-09-27,зерновые,0.3004639104366733,0.3351977611875517,311,9,0.03473385075087837
31275,AOI-0046,2018-04-14,зерновые,0.1584354320464334,0.19127577714591348,311,4,0.032840345099480084
31289,AOI-0046,2018-04-28,зерновые,0.1729154245964372,0.1909001109178276,311,4,0.017984686321390414
31307,AOI-0046,2018-05-16,зерновые,0.2283099984402374,0.24534051915622124,311,5,0.01703052071598385
31420,AOI-0046,2018-09-06,зерновые,0.1932208641857043,0.1833017411416355,311,9,-0.009919123044068806
31428,AOI-0046,2018-09-14,зерновые,0.2280087686854677,0.23452299473318383,311,9,0.006514226047716121
31512,AOI-0046,2019-05-08,зерновые,0.654216745156285,0.6784701206876094,311,5,0.02425337553132434
31513,AOI-0046,2019-05-09,зерновые,0.7541704885190319,0.8027247400655353,311,5,0.04855425154650339
31524,AOI-0046,2019-05-20,зерновые,0.7778385752941943,0.7762033801179848,311,5,-0.0016351951762094696
31545,AOI-0046,2019-06-10,зерновые,0.568475805208815,0.6058145261838075,311,6,0.03733872097499247
31561,AOI-0046,2019-06-26,зерновые,0.3569636153490522,0.38724921490820197,311,6,0.03028559955914978
31580,AOI-0046,2019-07-15,зерновые,0.1539202190344744,0.16622841458679555,311,7,0.012308195552321155
31620,AOI-0046,2019-08-24,зерновые,0.2775643496272098,0.19244647867221665,311,8,-0.08511787095499318
31660,AOI-0046,2019-10-03,зерновые,0.1873339513188353,0.24616320950818749,311,10,0.058829258189352196
31786,AOI-0046,2020-07-08,зерновые,0.1413806189807545,0.1296711393471471,311,7,-0.011709479633607384
31824,AOI-0046,2020-08-15,зерновые,0.1037878315196768,0.13074905977816487,311,8,0.026961228258488068
31827,AOI-0046,2020-08-18,зерновые,0.1314063817226291,0.13045658723312178,311,8,-0.0009497944895073274
31844,AOI-0046,2020-09-04,зерновые,0.1231968416971257,0.12509238499895126,311,9,0.0018955433018255502
31851,AOI-0046,2020-09-11,зерновые,0.175854657414284,0.1383154848228302,311,9,-0.037539172591453784
31867,AOI-0046,2020-09-27,зерновые,0.1864028064287245,0.12714468228538345,311,9,-0.05925812414334106
31875,AOI-0046,2020-10-05,зерновые,0.1317174416485602,0.13445641119126306,311,10,0.0027389695427028626
31939,AOI-0046,2021-05-09,зерновые,0.8396001849283404,0.7800999104324996,311,5,-0.05950027449584083
31967,AOI-0046,2021-06-06,зерновые,0.8354423815902553,0.7381454024856504,311,6,-0.09729697910460489
31992,AOI-0046,2021-07-01,зерновые,0.4250343334520076,0.4598509373000405,311,7,0.03481660384803292
32010,AOI-0046,2021-07-19,зерновые,0.3058580494335561,0.2410910430336421,311,7,-0.064767006399914
32022,AOI-0046,2021-07-31,зерновые,0.2190311817943288,0.21887711830964726,311,7,-0.00015406348468152697
32180,AOI-0046,2022-06-06,зерновые,0.1433821109880091,0.20970578493571726,311,6,0.06632367394770816
32200,AOI-0046,2022-06-26,зерновые,0.226253089844352,0.305371062249403,311,6,0.07911797240505103
32210,AOI-0046,2022-07-06,зерновые,0.1715810428212537,0.1642597602442886,311,7,-0.007321282576965099
32243,AOI-0046,2022-08-08,зерновые,0.2117482813613195,0.17573103586993083,311,8,-0.03601724549138868
32267,AOI-0046,2022-09-01,зерновые,0.1773317586983086,0.16056544984099844,311,9,-0.016766308857310175
32280,AOI-0046,2022-09-14,зерновые,0.2147195099398983,0.23854322826645447,311,9,0.023823718326556165
32315,AOI-0046,2022-10-19,зерновые,0.1774450822067554,0.19391393545037175,311,10,0.016468853243616355
32365,AOI-0046,2023-05-09,зерновые,0.9194279704114656,0.8895029792655017,311,5,-0.02992499114596392
32393,AOI-0046,2023-06-06,зерновые,0.8518138648398085,0.8508532353323707,311,6,-0.0009606295074378046
32397,AOI-0046,2023-06-10,зерновые,0.729466004006781,0.7243407867710957,311,6,-0.005125217235685264
32429,AOI-0046,2023-07-12,зерновые,0.3078212359377409,0.32015189381807496,311,7,0.01233065788033405
32445,AOI-0046,2023-07-28,зерновые,0.2274038834951456,0.2662650727200694,311,7,0.03886118922492379
32449,AOI-0046,2023-08-01,зерновые,0.1832987802534712,0.18682559643705932,311,8,0.003526816183588105
32482,AOI-0046,2023-09-03,зерновые,0.2005851974068624,0.19816535361714413,311,9,-0.002419843789718268
32498,AOI-0046,2023-09-19,зерновые,0.1577173285709483,0.1766877553082363,311,9,0.018970426737287993
32565,AOI-0046,2024-04-26,зерновые,0.7532605683980256,0.8039915641625761,311,4,0.050730995764550535
32625,AOI-0046,2024-06-25,зерновые,0.3162762367082756,0.30931287485592673,311,6,-0.006963361852348859
32673,AOI-0046,2024-08-12,зерновые,0.2422203883495146,0.19824401146276716,311,8,-0.04397637688674744
32698,AOI-0046,2024-09-06,зерновые,0.2011611787765028,0.1566931659602058,311,9,-0.044468012816297
32710,AOI-0046,2024-09-18,зерновые,0.1604623141275903,0.14290748134165238,311,9,-0.01755483278593792
32715,AOI-0046,2024-09-23,зерновые,0.1467273679595813,0.1446978772333009,311,9,-0.002029490726280392
32773,AOI-0046,2025-04-21,зерновые,0.2015446749225357,0.20409329172583682,311,4,0.0025486168033011236
32839,AOI-0046,2025-06-26,зерновые,0.6471998150716599,0.657494249798628,311,6,0.010294434726968116
32840,AOI-0046,2025-06-27,зерновые,0.7652500464199975,0.6976927012359923,311,6,-0.06755734518400525
32857,AOI-0046,2025-07-14,зерновые,0.4621835593694009,0.5244763643208916,311,7,0.0622928049514907
32871,AOI-0046,2025-07-28,зерновые,0.4787501155802126,0.49840680487688915,311,7,0.019656689296676577
32890,AOI-0046,2025-08-16,зерновые,0.4240625159822762,0.35425587288890154,311,8,-0.06980664309337464
32903,AOI-0046,2025-08-29,зерновые,0.2880598251119,0.2818108350205407,311,8,-0.006248990091359263
32938,AOI-0046,2025-10-03,зерновые,0.1698764773780061,0.17017360901544637,311,10,0.00029713163744027327
32958,AOI-0046,2025-10-23,зерновые,0.2009070940089801,0.183027569402671,311,10,-0.017879524606309094
32983,AOI-0047,2025-04-18,зерновые,0.8302427853720903,0.8195322028854723,311,4,-0.010710582486617937
33019,AOI-0047,2025-05-24,зерновые,0.7641344522308033,0.7679568541103486,311,5,0.0038224018795453008
33030,AOI-0047,2025-06-04,зерновые,0.6243495172144352,0.6244154724039179,311,6,6.595518948271373e-05
33053,AOI-0047,2025-06-27,зерновые,0.2551833871007892,0.26261767159435545,311,6,0.007434284493566257
33054,AOI-0047,2025-06-28,зерновые,0.2621014421709781,0.27183012084921554,311,6,0.009728678678237457
33059,AOI-0047,2025-07-03,зерновые,0.2256614446615466,0.20191052335791582,311,7,-0.023750921303630795
33083,AOI-0047,2025-07-27,зерновые,0.1949299417912781,0.18621475027651035,311,7,-0.00871519151476774
33093,AOI-0047,2025-08-06,зерновые,0.1565686580148878,0.15647053829954147,311,8,-9.811971534634534e-05
33103,AOI-0047,2025-08-16,зерновые,0.1550667839152759,0.17286887011504687,311,8,0.017802086199770972
33166,AOI-0047,2025-10-18,зерновые,0.1432833224815735,0.1360320702304224,311,10,-0.007251252251151086
33216,AOI-0048,2025-05-08,зерновые,0.7224193357176563,0.698199778994083,311,5,-0.024219556723573232
33228,AOI-0048,2025-05-20,зерновые,0.7544048566117838,0.679569153582002,311,5,-0.07483570302978182
33264,AOI-0048,2025-06-25,зерновые,0.1769829125751254,0.20729988138982924,311,6,0.030316968814703832
33265,AOI-0048,2025-06-26,зерновые,0.2705520573903627,0.31481354842072945,311,6,0.04426149103036675
33276,AOI-0048,2025-07-07,зерновые,0.1365429932305084,0.14581635320494535,311,7,0.009273359974436957
33279,AOI-0048,2025-07-10,зерновые,0.1335394224556596,0.14441880479029806,311,7,0.010879382334638449
33294,AOI-0048,2025-07-25,зерновые,0.1369334262244787,0.15232247476420321,311,7,0.015389048539724504
33300,AOI-0048,2025-07-31,зерновые,0.2080324770856081,0.191193142889193,311,7,-0.01683933419641509
33344,AOI-0048,2025-09-13,зерновые,0.1481084531425545,0.12339180735179547,311,9,-0.024716645790759023
33414,AOI-0049,2025-04-23,озимая пшеница,0.8156420901246406,0.7306908606887748,311,4,-0.08495122943586586
33440,AOI-0049,2025-05-19,озимая пшеница,0.7642152687013688,0.6405663800855986,311,5,-0.12364888861577017
33445,AOI-0049,2025-05-24,озимая пшеница,0.784855667636004,0.6306928158548307,311,5,-0.15416285178117328
33446,AOI-0049,2025-05-25,озимая пшеница,0.7497672998267431,0.632226305062337,311,5,-0.11754099476440605
33471,AOI-0049,2025-06-19,озимая пшеница,0.3001974542932156,0.25308493504065543,311,6,-0.04711251925256016
33526,AOI-0049,2025-08-13,озимая пшеница,0.2713172092791692,0.2549664422127633,311,8,-0.01635076706640587
33607,AOI-0050,2025-04-11,озимая пшеница,0.2820264309358089,0.3402883566038663,311,4,0.05826192566805738
33611,AOI-0050,2025-04-19,озимая пшеница,0.349702352008721,0.36455829790313843,311,4,0.01485594589441741
33624,AOI-0050,2025-06-13,озимая пшеница,0.3639624097090051,0.3991251091516952,311,6,0.03516269944269007
33651,AOI-0050,2025-09-01,озимая пшеница,0.2734416562328741,0.28394650133880167,311,9,0.010504845105927585
33656,AOI-0050,2025-09-14,озимая пшеница,0.3615527282939879,0.4119692775907359,311,9,0.05041654929674805
33660,AOI-0050,2025-09-22,озимая пшеница,0.3541409741840053,0.34526924125668373,311,9,-0.008871732927321574
33674,AOI-0051,2010-05-09,озимая пшеница,0.6138892105263157,0.6889282047619486,311,5,0.07503899423563287
33682,AOI-0051,2010-07-27,озимая пшеница,0.3603529449312296,0.3571451940969458,311,7,-0.003207750834283818
33689,AOI-0051,2010-09-05,озимая пшеница,0.2558408307157835,0.3012146725828749,311,9,0.04537384186709137
33700,AOI-0051,2011-04-26,озимая пшеница,0.2034631191061446,0.23217187711820603,311,4,0.028708758012061436
33707,AOI-0051,2011-06-10,озимая пшеница,0.7533557894736843,0.7495947522213883,311,6,-0.00376103725229604
33710,AOI-0051,2011-06-26,озимая пшеница,0.7604147368421053,0.7525258306882385,311,6,-0.007888906153866726
33714,AOI-0051,2011-07-14,озимая пшеница,0.6577211049184357,0.7226501281346325,311,7,0.06492902321619676
33758,AOI-0051,2012-09-29,озимая пшеница,0.4373657894736841,0.44895536449267626,311,9,0.01158957501899216
33760,AOI-0051,2012-10-15,озимая пшеница,0.4175092105263158,0.4578637455843816,311,10,0.0403545350580658
33761,AOI-0051,2012-10-20,озимая пшеница,0.5023070394997958,0.33652141872649893,311,10,-0.1657856207732969
33763,AOI-0051,2013-04-08,озимая пшеница,0.6204891570048645,0.530525263428041,311,4,-0.08996389357682355
33766,AOI-0051,2013-04-23,озимая пшеница,0.6683402631578947,0.7448001179664989,311,4,0.07645985480860418
33773,AOI-0051,2013-06-09,озимая пшеница,0.4653752068212552,0.5725709425711024,311,6,0.1071957357498472
33786,AOI-0051,2013-08-13,озимая пшеница,0.5320852631578947,0.4655883005230864,311,8,-0.06649696263480831
33808,AOI-0051,2014-05-20,озимая пшеница,0.8741556936802084,0.8016301072712855,311,5,-0.07252558640892293
33826,AOI-0051,2014-08-16,озимая пшеница,0.4068883592346062,0.41080017041214145,311,8,0.0039118111775352515
33828,AOI-0051,2014-08-29,озимая пшеница,0.4150181578947368,0.43169003610228907,311,8,0.016671878207552282
33837,AOI-0051,2014-10-26,озимая пшеница,0.2540325600388289,0.2781039852527297,311,10,0.02407142521390082
33843,AOI-0051,2015-04-28,озимая пшеница,0.3472751044618151,0.34947562478432476,311,4,0.0022005203225096692
33857,AOI-0051,2015-07-12,озимая пшеница,0.6199502631578947,0.6421845408960413,311,7,0.02223427773814657
33864,AOI-0051,2015-08-10,озимая пшеница,0.4597098917139955,0.5038648662194037,311,8,0.04415497450540823
33865,AOI-0051,2015-08-11,озимая пшеница,0.4865946045996414,0.5030944979439392,311,8,0.016499893344297856
33890,AOI-0051,2016-06-10,озимая пшеница,0.8272414329252663,0.6990997149803354,311,6,-0.1281417179449309
33894,AOI-0051,2016-06-26,озимая пшеница,0.484488907026777,0.5014232490495012,311,6,0.016934342022724203
33899,AOI-0051,2016-07-27,озимая пшеница,0.3946995350393335,0.5244741651708668,311,7,0.12977463013153323
33926,AOI-0051,2017-05-06,озимая пшеница,0.3308518786402725,0.4516152155911094,311,5,0.12076333695083691
33940,AOI-0051,2017-06-26,озимая пшеница,0.671257105263158,0.6543423853719017,311,6,-0.016914719891256258
33959,AOI-0051,2017-09-01,озимая пшеница,0.4384307069026743,0.492762921334558,311,9,0.054332214431883685
33964,AOI-0051,2017-09-17,озимая пшеница,0.422051128294076,0.3785149280249338,311,9,-0.04353620026914218
33971,AOI-0051,2017-10-11,озимая пшеница,0.3113711032981104,0.25063902650444075,311,10,-0.060732076793669654
33973,AOI-0051,2017-10-18,озимая пшеница,0.1083392988885124,0.12417278642797264,311,10,0.015833487539460234
33987,AOI-0051,2018-05-15,озимая пшеница,0.8449914398593954,0.7178219226224589,311,5,-0.12716951723693648
33991,AOI-0051,2018-06-07,озимая пшеница,0.6697367350881953,0.6397564320048015,311,6,-0.029980303083393833
33993,AOI-0051,2018-06-10,озимая пшеница,0.5048207894736843,0.5392091510840162,311,6,0.034388361610331986
33997,AOI-0051,2018-06-23,озимая пшеница,0.3444872143094984,0.3297019250614561,311,6,-0.014785289248042288
34009,AOI-0051,2018-08-13,озимая пшеница,0.4730347368421054,0.40149688931738703,311,8,-0.07153784752471837
34033,AOI-0051,2019-04-07,озимая пшеница,0.4812207952442234,0.6123939154873962,311,4,0.1311731202431728
34035,AOI-0051,2019-04-21,озимая пшеница,0.7526287073336866,0.597686211597412,311,4,-0.1549424957362746
34043,AOI-0051,2019-05-21,озимая пшеница,0.8462457712617781,0.7947462333536998,311,5,-0.051499537908078374
34048,AOI-0051,2019-06-10,озимая пшеница,0.3138782398752867,0.5095356587249609,311,6,0.1956574188496742
34058,AOI-0051,2019-07-05,озимая пшеница,0.2101329712915464,0.3263170799150516,311,7,0.1161841086235052
34069,AOI-0051,2019-08-21,озимая пшеница,0.339937012935963,0.25414619083038725,311,8,-0.08579082210557576
34090,AOI-0051,2020-04-02,озимая пшеница,0.2777134901687285,0.21407745736036599,311,4,-0.0636360328083625
34106,AOI-0051,2020-05-24,озимая пшеница,0.7706144736842104,0.778336211744939,311,5,0.007721738060728622
34114,AOI-0051,2020-06-20,озимая пшеница,0.6729179560079179,0.7079248761996678,311,6,0.03500692019174989
34132,AOI-0051,2020-08-07,озимая пшеница,0.3574790873302805,0.3356971246692776,311,8,-0.021781962661002907
34133,AOI-0051,2020-08-08,озимая пшеница,0.283258257511457,0.2960681178133654,311,8,0.012809860301908393
34134,AOI-0051,2020-08-12,озимая пшеница,0.4739202631578947,0.4232486245493062,311,8,-0.05067163860858853
34140,AOI-0051,2020-08-28,озимая пшеница,0.4066486842105263,0.38918514931950793,311,8,-0.017463534891018373
34149,AOI-0051,2020-09-17,озимая пшеница,0.237510790623773,0.2591304301328652,311,9,0.02161963950909218
34174,AOI-0051,2021-05-31,озимая пшеница,0.8639033129729476,0.7377831245786657,311,5,-0.12612018839428196
34176,AOI-0051,2021-06-10,озимая пшеница,0.7954360526315789,0.6716237968018084,311,6,-0.12381225582977051
34190,AOI-0051,2021-07-17,озимая пшеница,0.3653711477233198,0.3276504361833712,311,7,-0.037720711539948604
34194,AOI-0051,2021-07-25,озимая пшеница,0.347591469489495,0.3297644193060998,311,7,-0.0178270501833952
34195,AOI-0051,2021-07-26,озимая пшеница,0.3356648759020707,0.2813426463087956,311,7,-0.05432222959327515
34215,AOI-0051,2021-10-07,озимая пшеница,0.2583031062685603,0.32682963204143045,311,10,0.06852652577287016
34229,AOI-0051,2022-05-17,озимая пшеница,0.4728872838681427,0.4039250738863571,311,5,-0.0689622099817856
34254,AOI-0051,2022-07-21,озимая пшеница,0.5594903932495601,0.7595633950891583,311,7,0.2000730018395982
34260,AOI-0051,2022-08-05,озимая пшеница,0.7653199052709365,0.7196519873951606,311,8,-0.045667917875775954
34266,AOI-0051,2022-08-22,озимая пшеница,0.622825896470868,0.6220531502689042,311,8,-0.0007727462019637699
34272,AOI-0051,2022-09-02,озимая пшеница,0.5002291103990526,0.43069519046172144,311,9,-0.06953391993733116
34276,AOI-0051,2022-09-15,озимая пшеница,0.571746951314941,0.43443294933423776,311,9,-0.13731400198070326
34299,AOI-0051,2023-05-25,озимая пшеница,0.8164474218239004,0.8286954500627937,311,5,0.01224802823889326
34303,AOI-0051,2023-06-10,озимая пшеница,0.6722,0.7321410792459087,311,6,0.059941079245908635
34316,AOI-0051,2023-07-28,озимая пшеница,0.5946273684210527,0.434756004265763,311,7,-0.15987136415528969
34319,AOI-0051,2023-08-01,озимая пшеница,0.3764140766304698,0.28562960249578034,311,8,-0.09078447413468943
34333,AOI-0051,2023-09-07,озимая пшеница,0.1835410201849199,0.34312306966183154,311,9,0.15958204947691162
34336,AOI-0051,2023-09-14,озимая пшеница,0.4076323684210525,0.4106803878658476,311,9,0.0030480194447951026
34350,AOI-0051,2023-10-12,озимая пшеница,0.3560905051062487,0.34922565149994655,311,10,-0.006864853606302124
34354,AOI-0051,2024-04-04,озимая пшеница,0.238454080120171,0.30548128936096725,311,4,0.06702720924079625
34363,AOI-0051,2024-05-07,озимая пшеница,0.4776981687158784,0.44511497499328323,311,5,-0.03258319372259516
34368,AOI-0051,2024-05-30,озимая пшеница,0.6250834773639075,0.5402968983236693,311,5,-0.08478657904023812
34372,AOI-0051,2024-06-09,озимая пшеница,0.5528392105263157,0.6266777635077212,311,6,0.07383855298140551
34397,AOI-0051,2024-08-18,озимая пшеница,0.3466732064700626,0.30769914744305543,311,8,-0.03897405902700718
34399,AOI-0051,2024-08-22,озимая пшеница,0.2426357283294698,0.2590931033602674,311,8,0.01645737503079761
34416,AOI-0051,2024-09-29,озимая пшеница,0.345636052631579,0.3468168610260632,311,9,0.0011808083944842007
34440,AOI-0051,2025-06-03,озимая пшеница,0.6535641359589828,0.7211790471778363,311,6,0.06761491121885355
34451,AOI-0051,2025-07-08,озимая пшеница,0.2112592589740946,0.2892112073981741,311,7,0.07795194842407949
34454,AOI-0051,2025-07-13,озимая пшеница,0.1917376260999647,0.2383553170481536,311,7,0.046617690948188906
34459,AOI-0051,2025-07-30,озимая пшеница,0.1540415459831977,0.15443256610988296,311,7,0.0003910201266852653
34468,AOI-0051,2025-08-21,озимая пшеница,0.2605581104676292,0.22794136010647892,311,8,-0.032616750361150304
34471,AOI-0051,2025-08-29,озимая пшеница,0.1603207857213081,0.24309589247580113,311,8,0.08277510675449304
34490,AOI-0051,2025-10-28,озимая пшеница,0.4371484930507008,0.4467101438694948,311,10,0.00956165081879401
34593,AOI-0052,2025-07-12,озимая пшеница,0.549719421356725,0.4587847215581992,311,7,-0.09093469979852581
34610,AOI-0052,2025-07-29,озимая пшеница,0.2823349138007709,0.25824509762356596,311,7,-0.02408981617720496
34617,AOI-0052,2025-08-05,озимая пшеница,0.1992450014240966,0.1940864657584263,311,8,-0.0051585356656702885
34619,AOI-0052,2025-08-07,озимая пшеница,0.1343502499420757,0.14804635605539643,311,8,0.013696106113320727
34624,AOI-0052,2025-08-12,озимая пшеница,0.1384765923480907,0.13723869480600234,311,8,-0.001237897542088362
34631,AOI-0052,2025-08-19,озимая пшеница,0.1239315786941367,0.14437897603940225,311,8,0.02044739734526556
34664,AOI-0052,2025-09-21,озимая пшеница,0.1635434972817226,0.14021493808242033,311,9,-0.023328559199302268
34758,AOI-0053,2025-05-25,озимая пшеница,0.7475907364765391,0.6276480322327451,311,5,-0.11994270424379394
34777,AOI-0053,2025-06-13,озимая пшеница,0.238537734007407,0.28454685601462915,311,6,0.04600912200722215
34817,AOI-0053,2025-07-23,озимая пшеница,0.1306834303048012,0.15062472232089114,311,7,0.019941292016089934
34824,AOI-0053,2025-07-30,озимая пшеница,0.1301277161894586,0.1689598659366607,311,7,0.038832149747202116
34862,AOI-0053,2025-09-06,озимая пшеница,0.1732621655451134,0.15582890059888124,311,9,-0.017433264946232152
34894,AOI-0053,2025-10-08,озимая пшеница,0.1779896170328239,0.19519994661272244,311,10,0.017210329579898542
34963,AOI-0054,2025-05-17,озимая пшеница,0.6588628163233143,0.8042344428197771,311,5,0.14537162649646274
35015,AOI-0054,2025-07-08,озимая пшеница,0.7647016646511378,0.7220316911790077,311,7,-0.042669973472130085
35019,AOI-0054,2025-07-12,озимая пшеница,0.750059319106982,0.6673083273232846,311,7,-0.08275099178369738
35040,AOI-0054,2025-08-02,озимая пшеница,0.5141390461381372,0.6432608887351641,311,8,0.12912184259702686
35055,AOI-0054,2025-08-17,озимая пшеница,0.7713338586662662,0.6993602871276503,311,8,-0.07197357153861594
35092,AOI-0054,2025-09-23,озимая пшеница,0.7157479351022344,0.725769189656476,311,9,0.010021254554241521
35107,AOI-0054,2025-10-08,озимая пшеница,0.6600109139423199,0.6451350230327919,311,10,-0.014875890909528011
35148,AOI-0055,2025-06-10,озимая пшеница,0.4914,0.5652501478439904,311,6,0.07385014784399041
35159,AOI-0055,2025-07-13,озимая пшеница,0.421736265964067,0.4571135209346807,311,7,0.035377254970613725
35164,AOI-0055,2025-07-29,озимая пшеница,0.4322446695021195,0.4208644702646523,311,7,-0.011380199237467192
35174,AOI-0055,2025-08-21,озимая пшеница,0.4171037983985513,0.37963818378887015,311,8,-0.03746561460968112
35175,AOI-0055,2025-08-22,озимая пшеница,0.3655027949142527,0.3583290772909563,311,8,-0.007173717623296383
35190,AOI-0055,2025-09-30,озимая пшеница,0.4481,0.4615906335693204,311,9,0.013490633569320398
35200,AOI-0056,2025-04-29,озимая пшеница,0.8303715223077969,0.764416138748393,311,4,-0.06595538355940389
35204,AOI-0056,2025-05-17,озимая пшеница,0.7721249293916695,0.7894924617162473,311,5,0.017367532324577772
35221,AOI-0056,2025-07-12,озимая пшеница,0.230071608688543,0.3198342632659332,311,7,0.08976265457739022
35229,AOI-0056,2025-08-02,озимая пшеница,0.1818914139836777,0.1772254494690922,311,8,-0.004665964514585508
35235,AOI-0056,2025-08-17,озимая пшеница,0.1773156526391915,0.1742561135491282,311,8,-0.00305953909006329
35236,AOI-0056,2025-08-19,озимая пшеница,0.1686510740339975,0.1791408805634247,311,8,0.010489806529427187
35256,AOI-0056,2025-10-17,озимая пшеница,0.2507401335777993,0.20493385009497878,311,10,-0.04580628348282051
35272,AOI-0057,2025-06-08,озимая пшеница,0.34137193802093,0.3453485626802701,311,6,0.003976624659340067
35273,AOI-0057,2025-06-10,озимая пшеница,0.3689837642814192,0.41757083039093057,311,6,0.048587066109511357
35275,AOI-0057,2025-06-19,озимая пшеница,0.3156348938992717,0.3209579130725131,311,6,0.005323019173241406
35288,AOI-0057,2025-07-29,озимая пшеница,0.2597449663946825,0.24230095598071744,311,7,-0.01744401041396504
35297,AOI-0057,2025-08-14,озимая пшеница,0.2523562869091139,0.1370798935147513,311,8,-0.11527639339436258
35311,AOI-0057,2025-09-15,озимая пшеница,0.1931561135325097,0.16177672873542204,311,9,-0.031379384797087656
35359,AOI-0058,2010-05-09,озимая пшеница,0.6554763327475105,0.5427572796238382,311,5,-0.11271905312367225
35439,AOI-0058,2010-07-28,озимая пшеница,0.6126382026557902,0.550637719335323,311,7,-0.06200048332046715
35526,AOI-0058,2010-10-23,озимая пшеница,0.3220375472457586,0.30696404357360174,311,10,-0.015073503672156874
35540,AOI-0058,2011-04-07,озимая пшеница,0.4920689318492484,0.4788752459166554,311,4,-0.013193685932592958
35572,AOI-0058,2011-05-09,озимая пшеница,0.6705368482718219,0.7051619031439096,311,5,0.03462505487208767
35636,AOI-0058,2011-07-12,озимая пшеница,0.5726153290372975,0.5495681408154397,311,7,-0.023047188221857806
35798,AOI-0058,2012-05-22,озимая пшеница,0.5645684567218295,0.5885202628255911,311,5,0.023951806103761575
35862,AOI-0058,2012-07-25,озимая пшеница,0.5284690142137459,0.520038404726058,311,7,-0.008430609487687923
35942,AOI-0058,2012-10-13,озимая пшеница,0.5519632702429041,0.526436523891264,311,10,-0.025526746351640095
35989,AOI-0058,2013-04-30,озимая пшеница,0.2850420993134887,0.30552499323919174,311,4,0.020482893925703072
36045,AOI-0058,2013-06-25,озимая пшеница,0.7116948932336228,0.6393653132925781,311,6,-0.07232957994104472
36078,AOI-0058,2013-07-28,озимая пшеница,0.6427707458440085,0.6034256304039577,311,7,-0.039345115440050815
36278,AOI-0058,2014-07-15,озимая пшеница,0.2639716203523286,0.3020976197583207,311,7,0.03812599940599215
36291,AOI-0058,2014-07-28,озимая пшеница,0.4775269088068737,0.3579407617427163,311,7,-0.11958614706415743
36318,AOI-0058,2014-08-24,озимая пшеница,0.2590898752071489,0.2417463238818794,311,8,-0.01734355132526949
36381,AOI-0058,2014-10-26,озимая пшеница,0.1885829046305344,0.22988741190790363,311,10,0.04130450727736923
36398,AOI-0058,2015-04-13,озимая пшеница,0.2553062110439503,0.30156891015657306,311,4,0.04626269911262276
36478,AOI-0058,2015-07-02,озимая пшеница,0.7114684788714715,0.511790955097092,311,7,-0.19967752377437942
36494,AOI-0058,2015-07-18,озимая пшеница,0.6794502083279448,0.7377403605343823,311,7,0.05829015220643752
36533,AOI-0058,2015-08-26,озимая пшеница,0.5129347365768462,0.5200253087609705,311,8,0.007090572184124344
36597,AOI-0058,2015-10-29,озимая пшеница,0.3414608713059865,0.32641949372179696,311,10,-0.015041377584189553
36605,AOI-0058,2016-04-07,озимая пшеница,0.7270686919847632,0.5733788934081276,311,4,-0.15368979857663556
36621,AOI-0058,2016-04-23,озимая пшеница,0.8788924037766188,0.7474171725065591,311,4,-0.13147523127005967
36709,AOI-0058,2016-07-20,озимая пшеница,0.4282574500998529,0.47371202380775856,311,7,0.04545457370790568
36741,AOI-0058,2016-08-21,озимая пшеница,0.2708017186228783,0.363136072004382,311,8,0.09233435338150375
36837,AOI-0058,2017-04-26,озимая пшеница,0.8286393253320623,0.8148969030643376,311,4,-0.013742422267724708
36844,AOI-0058,2017-05-03,озимая пшеница,0.8417658898285917,0.8277376416846864,311,5,-0.014028248143905242
36868,AOI-0058,2017-05-27,озимая пшеница,0.6554211138237509,0.7920212252336317,311,5,0.13660011140988082
36892,AOI-0058,2017-06-20,озимая пшеница,0.848669170260129,0.8304198931552627,311,6,-0.018249277104866346
36978,AOI-0058,2017-09-14,озимая пшеница,0.3457586994727593,0.3018741069737006,311,9,-0.04388459249905868
36989,AOI-0058,2017-09-25,озимая пшеница,0.1793781360521268,0.19598140374002734,311,9,0.016603267687900547
37036,AOI-0058,2018-04-12,озимая пшеница,0.5280208720819314,0.3936325947645278,311,4,-0.1343882773174036
37047,AOI-0058,2018-04-23,озимая пшеница,0.610694610427651,0.6241723992452601,311,4,0.013477788817609082
37101,AOI-0058,2018-06-16,озимая пшеница,0.5625129979802189,0.6195648745628111,311,6,0.05705187658259214
37164,AOI-0058,2018-08-18,озимая пшеница,0.3483679340546308,0.43329092504486044,311,8,0.08492299099022965
37173,AOI-0058,2018-08-27,озимая пшеница,0.3747066646513857,0.3954094999495901,311,8,0.020702835298204436
37181,AOI-0058,2018-09-04,озимая пшеница,0.4119177637749145,0.4200432815242061,311,9,0.0081255177492916
37300,AOI-0058,2019-06-02,озимая пшеница,0.8001897282222192,0.8476449013777971,311,6,0.0474551731555779
37318,AOI-0058,2019-06-20,озимая пшеница,0.3322810581225983,0.3404160333990006,311,6,0.008134975276402334
37324,AOI-0058,2019-06-26,озимая пшеница,0.3471495238254662,0.42592898131989576,311,6,0.07877945749442955
37365,AOI-0058,2019-08-06,озимая пшеница,0.2517812907638967,0.18101004156374703,311,8,-0.07077124920014968
37393,AOI-0058,2019-09-03,озимая пшеница,0.1546091930256438,0.15994308809302404,311,9,0.0053338950673802454
37429,AOI-0058,2019-10-09,озимая пшеница,0.2468814288266686,0.2133820978034834,311,10,-0.0334993310231852
37491,AOI-0058,2020-05-11,озимая пшеница,0.5458569155463087,0.548701703227457,311,5,0.002844787681148375
37556,AOI-0058,2020-07-15,озимая пшеница,0.4604041391366455,0.4784086495700184,311,7,0.018004510433372867
37570,AOI-0058,2020-07-29,озимая пшеница,0.3685322857841794,0.3724536179858491,311,7,0.0039213322016696806
37580,AOI-0058,2020-08-08,озимая пшеница,0.3277760368894417,0.34501436737188496,311,8,0.017238330482443276
37596,AOI-0058,2020-08-24,озимая пшеница,0.3701363842945951,0.3524726641959982,311,8,-0.017663720098596902
37630,AOI-0058,2020-09-27,озимая пшеница,0.284245660050033,0.29769466250109977,311,9,0.013449002451066783
37640,AOI-0058,2020-10-07,озимая пшеница,0.3405654953193073,0.23014115750885594,311,10,-0.11042433781045136
37707,AOI-0058,2021-05-14,озимая пшеница,0.640355970985972,0.6358334595861735,311,5,-0.004522511399798423
37713,AOI-0058,2021-05-20,озимая пшеница,0.3334390536168178,0.6114362486226551,311,5,0.2779971950058373
37738,AOI-0058,2021-06-14,озимая пшеница,0.6049124240396836,0.7253570024401705,311,6,0.12044457840048695
37788,AOI-0058,2021-08-03,озимая пшеница,0.399473970865736,0.2993112916342101,311,8,-0.10016267923152589
37808,AOI-0058,2021-08-23,озимая пшеница,0.3390459850054134,0.26349866738421757,311,8,-0.07554731762119582
37833,AOI-0058,2021-09-17,озимая пшеница,0.3928381832898139,0.4898872265002333,311,9,0.0970490432104194
37852,AOI-0058,2021-10-06,озимая пшеница,0.4174721683816338,0.4356834284816986,311,10,0.018211260100064797
37939,AOI-0058,2022-06-02,озимая пшеница,0.8862373735152811,0.8563775575940717,311,6,-0.029859815921209343
37956,AOI-0058,2022-06-19,озимая пшеница,0.7635183011481955,0.7532896498832393,311,6,-0.010228651264956201
38003,AOI-0058,2022-08-05,озимая пшеница,0.2653611692927342,0.25325860793353133,311,8,-0.012102561359202846
38020,AOI-0058,2022-08-22,озимая пшеница,0.3064325669824996,0.28351366437781145,311,8,-0.02291890260468815
38023,AOI-0058,2022-08-25,озимая пшеница,0.2846898490380346,0.2443005161591915,311,8,-0.04038933287884314
38056,AOI-0058,2022-09-27,озимая пшеница,0.1789538000165643,0.19747055634337848,311,9,0.018516756326814182
38147,AOI-0058,2023-05-28,озимая пшеница,0.8070482831586101,0.7988556003167916,311,5,-0.00819268284181851
38155,AOI-0058,2023-06-05,озимая пшеница,0.8709676813716188,0.8051070098204305,311,6,-0.06586067155118835
38171,AOI-0058,2023-06-21,озимая пшеница,0.8062236569615207,0.7935397536056286,311,6,-0.01268390335589209
38179,AOI-0058,2023-06-29,озимая пшеница,0.8609185722094193,0.7655233722995091,311,6,-0.09539519990991019
38196,AOI-0058,2023-07-16,озимая пшеница,0.9056652146584734,0.8206858766663917,311,7,-0.08497933799208168
38203,AOI-0058,2023-07-23,озимая пшеница,0.9133375324451342,0.8086565572882034,311,7,-0.10468097515693076
38227,AOI-0058,2023-08-16,озимая пшеница,0.5257666091985865,0.5496292135440907,311,8,0.023862604345504135
38268,AOI-0058,2023-09-26,озимая пшеница,0.5194201799696989,0.5092637533701804,311,9,-0.010156426599518542
38324,AOI-0058,2024-04-22,озимая пшеница,0.7351537590314394,0.8078120444764312,311,4,0.07265828544499175
38356,AOI-0058,2024-05-24,озимая пшеница,0.6230716499890697,0.6811396684703975,311,5,0.05806801848132781
38396,AOI-0058,2024-07-03,озимая пшеница,0.31584360931742,0.3339038825903442,311,7,0.0180602732729242
38406,AOI-0058,2024-07-13,озимая пшеница,0.2729355859102338,0.27221105853841954,311,7,-0.0007245273718142764
38436,AOI-0058,2024-08-12,озимая пшеница,0.2649288733017285,0.3293096833327276,311,8,0.0643808100309991
38471,AOI-0058,2024-09-16,озимая пшеница,0.2115589929030775,0.22545715792803595,311,9,0.013898165024958442
38500,AOI-0058,2024-10-15,озимая пшеница,0.2946053309900411,0.27516707552811825,311,10,-0.01943825546192285
38516,AOI-0058,2025-04-01,озимая пшеница,0.3304919899880708,0.32933586577883667,311,4,-0.0011561242092341106
38595,AOI-0058,2025-06-19,озимая пшеница,0.5529106734889256,0.49912676117115995,311,6,-0.05378391231776569
38611,AOI-0058,2025-07-05,озимая пшеница,0.6581040852288871,0.5743169612767858,311,7,-0.0837871239521013
38635,AOI-0058,2025-07-29,озимая пшеница,0.3457186187509826,0.30340226561250205,311,7,-0.042316353138480534
38654,AOI-0058,2025-08-17,озимая пшеница,0.1538669947519784,0.18226144200063463,311,8,0.028394447248656224
38658,AOI-0058,2025-08-21,озимая пшеница,0.2149058761599196,0.19776176404489088,311,8,-0.017144112115028726
38726,AOI-0058,2025-10-28,озимая пшеница,0.186393181411917,0.20200572975259462,311,10,0.015612548340677629
38730,AOI-0059,2010-04-07,озимая пшеница,0.197726327347598,0.3537659029866195,311,4,0.15603957563902146
38746,AOI-0059,2010-08-05,озимая пшеница,0.5081701915074465,0.4392514674674783,311,8,-0.06891872403996818
38753,AOI-0059,2010-09-30,озимая пшеница,0.392163181448332,0.37152152496026514,311,9,-0.020641656488066873
38765,AOI-0059,2011-06-04,озимая пшеница,0.3538118029397384,0.6010122565557321,311,6,0.2472004536159937
38787,AOI-0059,2011-09-16,озимая пшеница,0.7479290569273366,0.6492960202009236,311,9,-0.09863303672641299
38788,AOI-0059,2011-09-17,озимая пшеница,0.7372909758965802,0.6420611279380551,311,9,-0.09522984795852507
38795,AOI-0059,2011-10-27,озимая пшеница,0.6609382868927363,0.6545373270141706,311,10,-0.006400959878565704
38802,AOI-0059,2012-05-13,озимая пшеница,0.8847453785421564,0.6887993518254623,311,5,-0.19594602671669414
38805,AOI-0059,2012-06-09,озимая пшеница,0.8397526851098455,0.8180554639994195,311,6,-0.021697221110425935
38807,AOI-0059,2012-06-23,озимая пшеница,0.8235886168407376,0.6890845407618568,311,6,-0.13450407607888082
38833,AOI-0059,2013-06-01,озимая пшеница,0.5997221453418302,0.7159436283674566,311,6,0.1162214830256264
38841,AOI-0059,2013-07-11,озимая пшеница,0.2981440913816032,0.2294438746816566,311,7,-0.06870021669994658
38851,AOI-0059,2013-08-28,озимая пшеница,0.236889529905457,0.21058027320880074,311,8,-0.026309256696656264
38855,AOI-0059,2013-09-30,озимая пшеница,0.3244041497152156,0.38522365820092974,311,9,0.06081950848571416
38861,AOI-0059,2014-04-10,озимая пшеница,0.8101216535013396,0.7475365520538318,311,4,-0.06258510144750773
38872,AOI-0059,2014-06-05,озимая пшеница,0.5435769229264514,0.7530727740704752,311,6,0.2094958511440238
38879,AOI-0059,2014-07-23,озимая пшеница,0.2613600882656289,0.2670471289330647,311,7,0.005687040667435805
38891,AOI-0059,2014-08-31,озимая пшеница,0.1970648116394994,0.23479006748304695,311,8,0.03772525584354755
38895,AOI-0059,2014-10-02,озимая пшеница,0.2212897793563136,0.2541017464184547,311,10,0.03281196706214107
38904,AOI-0059,2015-04-23,озимая пшеница,0.4820904800650936,0.4421230593300096,311,4,-0.03996742073508397
38906,AOI-0059,2015-05-09,озимая пшеница,0.5839851912123678,0.5928053440416062,311,5,0.008820152829238426
38911,AOI-0059,2015-06-08,озимая пшеница,0.8085726932045144,0.6408425615211553,311,6,-0.16773013168335915
38942,AOI-0059,2015-10-30,озимая пшеница,0.2221992962273758,0.23494290819994407,311,10,0.012743611972568264
38949,AOI-0059,2016-05-09,озимая пшеница,0.9474668018349612,0.888681576619311,311,5,-0.058785225215650216
38955,AOI-0059,2016-06-17,озимая пшеница,0.7922224994159461,0.7139383996379177,311,6,-0.07828409977802842
38956,AOI-0059,2016-06-18,озимая пшеница,0.6996379969115399,0.6594205972381063,311,6,-0.04021739967343363
38971,AOI-0059,2016-08-29,озимая пшеница,0.2172470487488438,0.211617389291849,311,8,-0.005629659456994784
38984,AOI-0059,2017-04-25,озимая пшеница,0.8695793238760879,0.810151455254061,311,4,-0.05942786862202698
38992,AOI-0059,2017-05-12,озимая пшеница,0.905806470996818,0.9276914206740612,311,5,0.021884949677243193
38993,AOI-0059,2017-05-19,озимая пшеница,0.9193382396998044,0.914730359614516,311,5,-0.004607880085288452
38998,AOI-0059,2017-06-05,озимая пшеница,0.8951600946888825,0.8923500989512473,311,6,-0.0028099957376351847
39007,AOI-0059,2017-07-03,озимая пшеница,0.442592461265997,0.4503780484830834,311,7,0.007785587217086387
39016,AOI-0059,2017-08-04,озимая пшеница,0.1314246265450393,0.16279187685084795,311,8,0.03136725030580864
39053,AOI-0059,2018-05-25,озимая пшеница,0.654622742066721,0.6223975044387403,311,5,-0.032225237627980685
39061,AOI-0059,2018-06-20,озимая пшеница,0.4994497510121322,0.5283684444485268,311,6,0.028918693436394638
39062,AOI-0059,2018-06-26,озимая пшеница,0.628083034987795,0.6578344582737692,311,6,0.029751423285974132
39075,AOI-0059,2018-08-19,озимая пшеница,0.2944321804874929,0.26403193642536255,311,8,-0.030400244062130377
39085,AOI-0059,2018-09-19,озимая пшеница,0.1785339819129701,0.22564586460110772,311,9,0.047111882688137624
39086,AOI-0059,2018-09-20,озимая пшеница,0.2191699242145661,0.21480168820583284,311,9,-0.004368236008733262
39097,AOI-0059,2019-04-06,озимая пшеница,0.6436699784948893,0.5939379738937394,311,4,-0.049732004601149904
39104,AOI-0059,2019-04-26,озимая пшеница,0.7825655458397972,0.8168774389851002,311,4,0.03431189314530303
39134,AOI-0059,2019-08-14,озимая пшеница,0.0967664770290527,0.1898016056876622,311,8,0.0930351286586095
39144,AOI-0059,2019-09-15,озимая пшеница,0.2147155946441496,0.1744885651065085,311,9,-0.040227029537641096
39152,AOI-0059,2019-10-16,озимая пшеница,0.2403249921857919,0.3521512906745834,311,10,0.1118262984887915
39155,AOI-0059,2019-10-23,озимая пшеница,0.1652781379132557,0.21507701833095613,311,10,0.04979888041770042
39167,AOI-0059,2020-04-26,озимая пшеница,0.2264207205297806,0.2507350649808575,311,4,0.024314344451076914
39185,AOI-0059,2020-06-28,озимая пшеница,0.867957807491334,0.7902126323982619,311,6,-0.0777451750930721
39191,AOI-0059,2020-07-12,озимая пшеница,0.7724189902034665,0.7033684506953158,311,7,-0.06905053950815065
39193,AOI-0059,2020-07-15,озимая пшеница,0.7694509961532903,0.6728301191182479,311,7,-0.09662087703504241
39213,AOI-0059,2020-09-01,озимая пшеница,0.5185152093578744,0.540255424237533,311,9,0.021740214879658604
39215,AOI-0059,2020-09-07,озимая пшеница,0.1845910822316405,0.5135361807660521,311,9,0.3289450985344116
39219,AOI-0059,2020-09-16,озимая пшеница,0.5582410787227648,0.5109992851346452,311,9,-0.04724179358811964
39228,AOI-0059,2020-10-12,озимая пшеница,0.409122965280621,0.3790820496414078,311,10,-0.030040915639213184
39237,AOI-0059,2021-04-30,озимая пшеница,0.7306796418672316,0.8404158370779096,311,4,0.10973619521067801
39246,AOI-0059,2021-06-09,озимая пшеница,0.265887442203264,0.8423512539453684,311,6,0.5764638117421044
39262,AOI-0059,2021-07-19,озимая пшеница,0.1894103268783633,0.24721505946352532,311,7,0.05780473258516203
39263,AOI-0059,2021-07-24,озимая пшеница,0.2004816115550223,0.2526001317830909,311,7,0.052118520228068566
39270,AOI-0059,2021-08-13,озимая пшеница,0.5809550040683483,0.483862155701392,311,8,-0.09709284836695631
39291,AOI-0059,2021-10-27,озимая пшеница,0.2136217754791286,0.23205838842911036,311,10,0.01843661294998175
39296,AOI-0059,2022-04-23,озимая пшеница,0.6140412123677788,0.49338157030615415,311,4,-0.1206596420616246
39303,AOI-0059,2022-05-30,озимая пшеница,0.6441779966170302,0.6148372789391889,311,5,-0.0293407176778413
39308,AOI-0059,2022-06-18,озимая пшеница,0.7989955660280768,0.7717344850163279,311,6,-0.027261081011748844
39330,AOI-0059,2022-08-13,озимая пшеница,0.7544420631873366,0.6691004443205746,311,8,-0.08534161886676206
39334,AOI-0059,2022-08-25,озимая пшеница,0.6017584205035524,0.6212473082259001,311,8,0.019488887722347692
39341,AOI-0059,2022-09-14,озимая пшеница,0.5746475589910497,0.43622356954375724,311,9,-0.13842398944729245
39354,AOI-0059,2023-04-18,озимая пшеница,0.7945016772119508,0.7963029119393165,311,4,0.0018012347273657081
39357,AOI-0059,2023-04-27,озимая пшеница,0.8362161672578357,0.8582477093795782,311,4,0.02203154212174252
39381,AOI-0059,2023-07-15,озимая пшеница,0.2480386751693424,0.24054233090783067,311,7,-0.007496344261511717
39384,AOI-0059,2023-07-23,озимая пшеница,0.3559240957338423,0.2329839422277145,311,7,-0.1229401535061278
39410,AOI-0059,2023-09-22,озимая пшеница,0.2958726970353479,0.27966537524008384,311,9,-0.016207321795264074
39419,AOI-0059,2023-10-07,озимая пшеница,0.17172860943508,0.17685037174539087,311,10,0.005121762310310862
39423,AOI-0059,2023-10-17,озимая пшеница,0.1507893989972206,0.18744673419210522,311,10,0.03665733519488462
39426,AOI-0059,2023-10-22,озимая пшеница,0.1190100851168666,0.1739348535228793,311,10,0.054924768406012694
39450,AOI-0059,2024-06-24,озимая пшеница,0.5870915078479633,0.6051501066467482,311,6,0.01805859879878491
39452,AOI-0059,2024-06-28,озимая пшеница,0.7059734790199391,0.556125891466249,311,6,-0.1498475875536901
39456,AOI-0059,2024-07-09,озимая пшеница,0.5182667252088246,0.48030301242839646,311,7,-0.037963712780428094
39477,AOI-0059,2024-09-06,озимая пшеница,0.1518167233617186,0.1503731079883258,311,9,-0.001443615373392798
39479,AOI-0059,2024-09-12,озимая пшеница,0.226892648969802,0.19161893313949105,311,9,-0.03527371583031094
39481,AOI-0059,2024-09-16,озимая пшеница,0.1573186444652899,0.17188758529788928,311,9,0.01456894083259938
39494,AOI-0059,2024-10-26,озимая пшеница,0.1537236264251652,0.16941939315414253,311,10,0.015695766728977323
39503,AOI-0059,2025-04-24,озимая пшеница,0.8327739034105088,0.7919874719629256,311,4,-0.040786431447583205
39520,AOI-0059,2025-06-27,озимая пшеница,0.2671535833705326,0.2547075511431108,311,6,-0.0124460322274218
39532,AOI-0059,2025-07-30,озимая пшеница,0.103237982875654,0.13003231668142334,311,7,0.026794333805769344
39535,AOI-0059,2025-08-06,озимая пшеница,0.1994278411466667,0.14908697097038873,311,8,-0.050340870176277974
39538,AOI-0059,2025-08-12,озимая пшеница,0.1286838530060182,0.12121099417174111,311,8,-0.007472858834277091
39553,AOI-0059,2025-09-15,озимая пшеница,0.1952075685514623,0.16366854609864265,311,9,-0.03153902245281964
39558,AOI-0059,2025-09-30,озимая пшеница,0.2851957689178194,0.28253553082625327,311,9,-0.002660238091566125
39648,AOI-0060,2025-06-26,озимая пшеница,0.6233607218683651,0.6479635690779503,311,6,0.024602847209585166
39681,AOI-0060,2025-07-29,озимая пшеница,0.2790766316216233,0.30014098471867134,311,7,0.021064353097048072
39689,AOI-0060,2025-08-06,озимая пшеница,0.2523406844405902,0.1977321186018876,311,8,-0.054608565838702605
39736,AOI-0060,2025-09-22,озимая пшеница,0.2592784582110624,0.2520893435697758,311,9,-0.007189114641286576
39740,AOI-0060,2025-09-26,озимая пшеница,0.2202548475473842,0.19055112054565118,311,9,-0.029703727001733016
39744,AOI-0060,2025-09-30,озимая пшеница,0.4039541401273885,0.3189832758072157,311,9,-0.08497086432017281
39787,AOI-0061,2010-07-13,озимая пшеница,0.674206285107738,0.7002316552781391,311,7,0.026025370170401185
39797,AOI-0061,2010-09-30,озимая пшеница,0.2868614957834,0.2923286617903491,311,9,0.005467166006949131
39799,AOI-0061,2010-10-16,озимая пшеница,0.3272527518863737,0.270274311970136,311,10,-0.05697843991623769
39804,AOI-0061,2011-05-09,озимая пшеница,0.723206369285397,0.7504193451829587,311,5,0.027212975897561664
39811,AOI-0061,2011-06-26,озимая пшеница,0.5542428317798492,0.5666865394692737,311,6,0.012443707689424488
39813,AOI-0061,2011-07-12,озимая пшеница,0.4972359520639147,0.5374358959594001,311,7,0.040199943895485424
39834,AOI-0061,2012-05-31,озимая пшеница,0.6806640454346876,0.5831038304986809,311,5,-0.09756021493600675
39840,AOI-0061,2012-08-03,озимая пшеница,0.5555317488010908,0.6322187016585521,311,8,0.0766869528574613
39856,AOI-0061,2013-05-25,озимая пшеница,0.7803215490457169,0.7416163207664064,311,5,-0.038705228279310555
39869,AOI-0061,2013-08-13,озимая пшеница,0.3571206391478029,0.3771903406251683,311,8,0.02006970147736542
39878,AOI-0061,2013-10-16,озимая пшеница,0.2727497558810474,0.3220174617070384,311,10,0.04926770582599099
39890,AOI-0061,2014-06-14,озимая пшеница,0.6161754456664453,0.6301516749076457,311,6,0.013976229241200344
39894,AOI-0061,2014-07-12,озимая пшеница,0.3293282734132267,0.3588428236259624,311,7,0.029514550212735746
39900,AOI-0061,2014-08-17,озимая пшеница,0.2369584567978057,0.199048931597169,311,8,-0.0379095252006367
39916,AOI-0061,2015-05-09,озимая пшеница,0.4351414114513982,0.47862027116988526,311,5,0.043478859718487084
39921,AOI-0061,2015-06-09,озимая пшеница,0.6675245215934006,0.63614243645678,311,6,-0.03138208513662055
39934,AOI-0061,2015-09-05,озимая пшеница,0.5459271690776949,0.49205485959697426,311,9,-0.05387230948072064
39944,AOI-0061,2016-04-24,озимая пшеница,0.7043994110355272,0.7642622353467196,311,4,0.059862824311192386
39951,AOI-0061,2016-06-25,озимая пшеница,0.4734806702174878,0.567043528543192,311,6,0.09356285832570416
39966,AOI-0061,2016-10-15,озимая пшеница,0.260317820683533,0.27690478600880764,311,10,0.01658696532527465
39975,AOI-0061,2017-04-27,озимая пшеница,0.2245687831611385,0.25584521336747124,311,4,0.03127643020633272
39984,AOI-0061,2017-06-06,озимая пшеница,0.4421606606563431,0.4465145034450588,311,6,0.0043538427887157005
40005,AOI-0061,2017-08-21,озимая пшеница,0.3343717385316804,0.31944664211846757,311,8,-0.014925096413212824
40008,AOI-0061,2017-09-03,озимая пшеница,0.2556130521521507,0.2754945024908254,311,9,0.019881450338674722
40014,AOI-0061,2017-09-18,озимая пшеница,0.1846903362365092,0.1891182545750229,311,9,0.004427918338513692
40015,AOI-0061,2017-09-20,озимая пшеница,0.1858635541117197,0.1717622292964774,311,9,-0.014101324815242317
40029,AOI-0061,2018-05-01,озимая пшеница,0.9074292875447576,0.8627969535870155,311,5,-0.04463233395774213
40031,AOI-0061,2018-05-09,озимая пшеница,0.8772591433644029,0.8467000911667343,311,5,-0.030559052197668635
40032,AOI-0061,2018-05-16,озимая пшеница,0.8867870992046732,0.8827499071042397,311,5,-0.004037192100433518
40036,AOI-0061,2018-06-01,озимая пшеница,0.8453814075817303,0.8772508037423643,311,6,0.031869396160634
40040,AOI-0061,2018-06-20,озимая пшеница,0.5460842941993522,0.5513146408959716,311,6,0.00523034669661937
40074,AOI-0061,2019-05-06,озимая пшеница,0.2263545037509531,0.22793640536846776,311,5,0.001581901617514675
40076,AOI-0061,2019-05-09,озимая пшеница,0.5392694629383046,0.572201152402857,311,5,0.03293168946455238
40081,AOI-0061,2019-05-23,озимая пшеница,0.4192037130868851,0.48192230497085,311,5,0.06271859188396489
40092,AOI-0061,2019-06-17,озимая пшеница,0.759768954309395,0.7169074791454649,311,6,-0.04286147516393002
40111,AOI-0061,2019-08-06,озимая пшеница,0.8288552924311694,0.7668559875328034,311,8,-0.061999304898366026
40113,AOI-0061,2019-08-09,озимая пшеница,0.8288519283316924,0.7867737478448731,311,8,-0.04207818048681933
40116,AOI-0061,2019-08-14,озимая пшеница,0.7953790086474374,0.8028361635739778,311,8,0.007457154926540421
40118,AOI-0061,2019-08-16,озимая пшеница,0.0460539679517143,0.7337535164100369,311,8,0.6876995484583226
40140,AOI-0061,2019-10-16,озимая пшеница,0.4170849312028407,0.3887286645755019,311,10,-0.028356266627338755
40148,AOI-0061,2020-04-06,озимая пшеница,0.6512853306702177,0.6064716244832453,311,4,-0.044813706186972335
40149,AOI-0061,2020-04-07,озимая пшеница,0.64579393552153,0.5603446302224023,311,4,-0.08544930529912764
40155,AOI-0061,2020-04-25,озимая пшеница,0.6563130485190775,0.3805598119716972,311,4,-0.27575323654738026
40200,AOI-0061,2020-08-28,озимая пшеница,0.2703795162006214,0.2739502165463299,311,8,0.0035707003457084996
40208,AOI-0061,2020-09-13,озимая пшеница,0.2208134931202841,0.23983914029693731,311,9,0.019025647176653226
40210,AOI-0061,2020-09-17,озимая пшеница,0.1560652377992848,0.1466144765641021,311,9,-0.009450761235182709
40220,AOI-0061,2020-10-12,озимая пшеница,0.1282777402738683,0.11483415175392578,311,10,-0.013443588519942512
40225,AOI-0061,2020-10-28,озимая пшеница,0.1058150454615413,0.09443676092433528,311,10,-0.011378284537206018
40232,AOI-0061,2021-04-22,озимая пшеница,0.8689447158980942,0.8030808277199333,311,4,-0.06586388817816091
40239,AOI-0061,2021-05-12,озимая пшеница,0.908698290803277,0.86587800647396,311,5,-0.04282028432931706
40241,AOI-0061,2021-05-16,озимая пшеница,0.9013571005632846,0.9020570892134963,311,5,0.0006999886502117025
40244,AOI-0061,2021-05-27,озимая пшеница,0.8914642408969932,0.8010058192050837,311,5,-0.09045842169190943
40296,AOI-0061,2021-10-14,озимая пшеница,0.2024665750944844,0.25318816780376235,311,10,0.05072159270927795
40298,AOI-0061,2021-10-19,озимая пшеница,0.2400749471920091,0.13979187078310087,311,10,-0.10028307640890824
40299,AOI-0061,2021-10-22,озимая пшеница,0.2347643312666281,0.21464410684878305,311,10,-0.020120224417845056
40300,AOI-0061,2021-10-23,озимая пшеница,0.245112966747219,0.22069039613234392,311,10,-0.024422570614875072
40305,AOI-0061,2022-04-10,озимая пшеница,0.1921756082068661,0.19203119990533005,311,4,-0.00014440830153605866
40317,AOI-0061,2022-05-30,озимая пшеница,0.5196335448746202,0.4580965668740521,311,5,-0.06153697800056812
40332,AOI-0061,2022-07-04,озимая пшеница,0.8433590742851547,0.8099765729732709,311,7,-0.033382501311883805
40334,AOI-0061,2022-07-09,озимая пшеница,0.7994399308528121,0.8089291515866821,311,7,0.00948922073387004
40341,AOI-0061,2022-07-26,озимая пшеница,0.8320603426722707,0.7733853638387855,311,7,-0.05867497883348516
40343,AOI-0061,2022-07-29,озимая пшеница,0.8148105524165078,0.8039279348246495,311,7,-0.010882617591858268
40354,AOI-0061,2022-08-25,озимая пшеница,0.3707507183516973,0.34259562637127144,311,8,-0.028155091980425873
40394,AOI-0061,2023-06-18,озимая пшеница,0.7675620058740013,0.787725091335294,311,6,0.02016308546129275
40402,AOI-0061,2023-07-05,озимая пшеница,0.476478507376384,0.5332400385985528,311,7,0.05676153122216887
40404,AOI-0061,2023-07-12,озимая пшеница,0.4631736129604972,0.5276191766901945,311,7,0.06444556372969734
40409,AOI-0061,2023-07-26,озимая пшеница,0.455390115025448,0.4709058164373034,311,7,0.015515701411855376
40430,AOI-0061,2023-09-12,озимая пшеница,0.1822181825060759,0.17409910266573686,311,9,-0.00811907984033905
40431,AOI-0061,2023-09-14,озимая пшеница,0.1621622739903814,0.23848786698664748,311,9,0.07632559299626607
40442,AOI-0061,2023-10-07,озимая пшеница,0.2070913527301592,0.1551134177487297,311,10,-0.0519779349814295
40451,AOI-0061,2023-10-22,озимая пшеница,0.1252050487084448,0.17834077105868792,311,10,0.053135722350243136
40463,AOI-0061,2024-05-06,озимая пшеница,0.4281731901776734,0.416593508584664,311,5,-0.011579681593009428
40480,AOI-0061,2024-07-05,озимая пшеница,0.4491796003123607,0.410880215522048,311,7,-0.038299384790312696
40483,AOI-0061,2024-07-13,озимая пшеница,0.4549853334249268,0.4169840598091915,311,7,-0.0380012736157353
40500,AOI-0061,2024-08-22,озимая пшеница,0.272939327068008,0.2725225608793734,311,8,-0.0004167661886346208
40501,AOI-0061,2024-08-24,озимая пшеница,0.2813616149527732,0.2614383495415604,311,8,-0.019923265411212754
40502,AOI-0061,2024-08-27,озимая пшеница,0.1934318851592838,0.2671299290440012,311,8,0.07369804388471737
40509,AOI-0061,2024-09-13,озимая пшеница,0.1978971373362344,0.23345742654326646,311,9,0.03556028920703205
40532,AOI-0061,2025-04-24,озимая пшеница,0.6862501771403974,0.7730174912831838,311,4,0.08676731414278638
40541,AOI-0061,2025-05-25,озимая пшеница,0.8627708832667556,0.8290093066786116,311,5,-0.03376157658814394
40548,AOI-0061,2025-06-10,озимая пшеница,0.748417835695973,0.6975813691140587,311,6,-0.05083646658191432
40550,AOI-0061,2025-06-25,озимая пшеница,0.5313869416664854,0.575431958860722,311,6,0.04404501719423659
40568,AOI-0061,2025-07-25,озимая пшеница,0.1684757644195512,0.1911591954373386,311,7,0.022683431017787414
40573,AOI-0061,2025-08-04,озимая пшеница,0.0917282057636204,0.16594905835566798,311,8,0.07422085259204758
40577,AOI-0061,2025-08-12,озимая пшеница,0.187203799318703,0.16530775842507206,311,8,-0.021896040893630953
40592,AOI-0061,2025-09-13,озимая пшеница,0.2281428502189051,0.20853180718563444,311,9,-0.01961104303327066
40596,AOI-0061,2025-09-21,озимая пшеница,0.1544754052164112,0.24894081781686908,311,9,0.09446541260045788
40621,AOI-0062,2010-07-21,озимая пшеница,0.1817358422046644,0.19132047293456156,311,7,0.009584630729897153
40628,AOI-0062,2010-08-30,озимая пшеница,0.1382731037901391,0.18254198776164887,311,8,0.04426888397150977
40636,AOI-0062,2011-05-09,озимая пшеница,0.6305593792172741,0.7695438087037392,311,5,0.13898442948646506
40653,AOI-0062,2011-09-14,озимая пшеница,0.2841290148448043,0.2940140410617963,311,9,0.009885026216991999
40656,AOI-0062,2011-09-30,озимая пшеница,0.3301451641925326,0.3840324881516053,311,9,0.0538873239590727
40663,AOI-0062,2012-05-08,озимая пшеница,0.8271905083220874,0.8596678654401957,311,5,0.032477357118108285
40678,AOI-0062,2012-10-22,озимая пшеница,0.1905813231553269,0.19800068287066597,311,10,0.00741935971533908
40679,AOI-0062,2013-04-07,озимая пшеница,0.3990225820962663,0.33716712831630175,311,4,-0.06185545377996454
40683,AOI-0062,2013-05-02,озимая пшеница,0.2339057085447974,0.2741267324870675,311,5,0.04022102394227009
40687,AOI-0062,2013-06-11,озимая пшеница,0.5005037279420942,0.5432095342449438,311,6,0.04270580630284959
40708,AOI-0062,2014-04-23,озимая пшеница,0.8881220872694557,0.8501678753453392,311,4,-0.03795421192411652
40711,AOI-0062,2014-05-21,озимая пшеница,0.8841760674457062,0.8569022288099303,311,5,-0.027273838635775927
40714,AOI-0062,2014-06-06,озимая пшеница,0.7695546007090021,0.8339549850073127,311,6,0.06440038429831063
40740,AOI-0062,2015-05-08,озимая пшеница,0.6191006501124827,0.6922318747238811,311,5,0.07313122461139843
40758,AOI-0062,2015-09-14,озимая пшеница,0.3261506072874495,0.28313843907876807,311,9,-0.04301216820868142
40763,AOI-0062,2015-10-16,озимая пшеница,0.4217535762483131,0.3451271086015677,311,10,-0.07662646764674541
40765,AOI-0062,2016-04-08,озимая пшеница,0.8656863246477222,0.7814783887711532,311,4,-0.08420793587656905
40792,AOI-0062,2016-10-15,озимая пшеница,0.3767004498425552,0.2874691889909986,311,10,-0.08923126085155658
40793,AOI-0062,2016-10-17,озимая пшеница,0.318583748864446,0.20120919405877818,311,10,-0.11737455480566783
40798,AOI-0062,2017-04-16,озимая пшеница,0.1869359075870496,0.16046114014061044,311,4,-0.026474767446439146
40803,AOI-0062,2017-05-01,озимая пшеница,0.1971196559308188,0.19601577342985776,311,5,-0.0011038825009610231
40835,AOI-0062,2017-09-10,озимая пшеница,0.1927551671955747,0.21236181731227377,311,9,0.01960665011669907
40839,AOI-0062,2017-09-18,озимая пшеница,0.1652459718912958,0.17195578544301032,311,9,0.006709813551714516
40841,AOI-0062,2017-09-25,озимая пшеница,0.1687376584493203,0.17179652473409301,311,9,0.0030588662847727266
40843,AOI-0062,2017-09-30,озимая пшеница,0.1733181420734426,0.2583858181412579,311,9,0.08506767606781529
40849,AOI-0062,2018-04-11,озимая пшеница,0.755406939330212,0.6580052919348618,311,4,-0.09740164739535018
40867,AOI-0062,2018-07-11,озимая пшеница,0.2238921260290873,0.21633419059967102,311,7,-0.007557935429416296
40879,AOI-0062,2018-09-18,озимая пшеница,0.1712673333786828,0.14507410572856283,311,9,-0.02619322765011997
40884,AOI-0062,2018-10-08,озимая пшеница,0.1718817781321499,0.16533083605724064,311,10,-0.0065509420749092495
40901,AOI-0062,2019-05-09,озимая пшеница,0.4143921727395411,0.45899464127616574,311,5,0.04460246853662464
40912,AOI-0062,2019-06-04,озимая пшеница,0.5172513271493278,0.4569709284301282,311,6,-0.060280398719199546
40924,AOI-0062,2019-07-05,озимая пшеница,0.7435469086622778,0.7642052226850469,311,7,0.020658314022769075
40926,AOI-0062,2019-07-07,озимая пшеница,0.6686037144304746,0.755969539596822,311,7,0.08736582516634739
40938,AOI-0062,2019-08-13,озимая пшеница,0.6508974358974359,0.6298241980912417,311,8,-0.02107323780619419
40947,AOI-0062,2019-08-31,озимая пшеница,0.2694479841141466,0.2726379042334255,311,8,0.0031899201192788773
40960,AOI-0062,2019-10-13,озимая пшеница,0.1850679960853582,0.19302043497864446,311,10,0.007952438893286257
40961,AOI-0062,2019-10-15,озимая пшеница,0.1777909504012892,0.1832704673677328,311,10,0.005479516966443609
40966,AOI-0062,2019-10-25,озимая пшеница,0.2036005388077521,0.21048030830843528,311,10,0.006879769500683169
41008,AOI-0062,2020-07-31,озимая пшеница,0.1520748433037149,0.18510901585709433,311,7,0.033034172553379426
41015,AOI-0062,2020-08-15,озимая пшеница,0.148993043462048,0.16491759245110116,311,8,0.015924548989053156
41027,AOI-0062,2020-09-10,озимая пшеница,0.1620315625694841,0.1472379904428748,311,9,-0.014793572126609283
41028,AOI-0062,2020-09-12,озимая пшеница,0.1435301657815955,0.13902198790768605,311,9,-0.004508177873909447
41034,AOI-0062,2020-09-22,озимая пшеница,0.1422687085811597,0.13091459260199084,311,9,-0.011354115979168855
41035,AOI-0062,2020-09-24,озимая пшеница,0.1317794740506991,0.15094215450150233,311,9,0.019162680450803243
41038,AOI-0062,2020-09-29,озимая пшеница,0.2403420602789023,0.22883160830157098,311,9,-0.011510451977331304
41047,AOI-0062,2020-10-29,озимая пшеница,0.0441423104197238,0.07655230181973828,311,10,0.03240999140001448
41052,AOI-0062,2021-04-20,озимая пшеница,0.2112912268415955,0.20363967314030082,311,4,-0.007651553701294667
41077,AOI-0062,2021-06-26,озимая пшеница,0.7540029611126151,0.7671523063612332,311,6,0.013149345248618105
41080,AOI-0062,2021-07-06,озимая пшеница,0.4682938562316653,0.7132496397749349,311,7,0.24495578354326963
41084,AOI-0062,2021-07-14,озимая пшеница,0.7748894109634538,0.7314418836427452,311,7,-0.04344752732070856
41102,AOI-0062,2021-08-28,озимая пшеница,0.3990252416252502,0.39748580672139383,311,8,-0.0015394349038563848
41103,AOI-0062,2021-08-29,озимая пшеница,0.4381069275753487,0.3966528874784228,311,8,-0.04145404009692588
41111,AOI-0062,2021-09-14,озимая пшеница,0.187382298586007,0.2972404373692842,311,9,0.10985813878327719
41135,AOI-0062,2022-05-12,озимая пшеница,0.900898992619094,0.8499405343477942,311,5,-0.050958458271299856
41143,AOI-0062,2022-06-04,озимая пшеница,0.8226811530112826,0.8595510215431454,311,6,0.036869868531862804
41149,AOI-0062,2022-06-16,озимая пшеница,0.7666913121195965,0.7407279926610316,311,6,-0.025963319458564893
41159,AOI-0062,2022-07-12,озимая пшеница,0.2485308897928386,0.30515644718719276,311,7,0.056625557394354153
41178,AOI-0062,2022-08-30,озимая пшеница,0.1513146014985333,0.1608904566028166,311,8,0.009575855104283298
41181,AOI-0062,2022-09-02,озимая пшеница,0.138254338924626,0.15947485409129297,311,9,0.02122051516666698
41182,AOI-0062,2022-09-07,озимая пшеница,0.1664045644187416,0.15988920740084445,311,9,-0.006515357017897155
41202,AOI-0062,2023-04-25,озимая пшеница,0.0529111974894102,0.20290947745014187,311,4,0.14999827996073167
41228,AOI-0062,2023-07-12,озимая пшеница,0.7323217273954116,0.7485122786629649,311,7,0.01619055126755331
41234,AOI-0062,2023-07-27,озимая пшеница,0.6734984657085039,0.7274661256824677,311,7,0.0539676599739638
41235,AOI-0062,2023-07-28,озимая пшеница,0.5736201079622133,0.5968572524593685,311,7,0.023237144497155193
41252,AOI-0062,2023-09-11,озимая пшеница,0.204477128009357,0.1938654473110681,311,9,-0.010611680698288883
41254,AOI-0062,2023-09-14,озимая пшеница,0.1398360139811112,0.21504566038762762,311,9,0.07520964640651642
41256,AOI-0062,2023-09-19,озимая пшеница,0.162873801478954,0.16923836974751644,311,9,0.006364568268562437
41263,AOI-0062,2023-10-05,озимая пшеница,0.2003656248288137,0.2092452113077897,311,10,0.008879586478975993
41275,AOI-0062,2024-04-01,озимая пшеница,0.7392614372651556,0.6758190930469874,311,4,-0.06344234421816819
41282,AOI-0062,2024-05-01,озимая пшеница,0.8749833952431115,0.8747716440782605,311,5,-0.0002117511648510595
41287,AOI-0062,2024-05-19,озимая пшеница,0.7928355185743443,0.8271951553471913,311,5,0.034359636772847035
41308,AOI-0062,2024-07-19,озимая пшеница,0.1948092530061606,0.2087977551385655,311,7,0.013988502132404906
41319,AOI-0062,2024-08-19,озимая пшеница,0.1519180721907909,0.1543381779459413,311,8,0.0024201057551503924
41324,AOI-0062,2024-08-29,озимая пшеница,0.122848568999639,0.1353926399736578,311,8,0.0125440709740188
41335,AOI-0062,2024-10-03,озимая пшеница,0.1291002354865058,0.13556267053627818,311,10,0.006462435049772397
41368,AOI-0062,2025-06-10,озимая пшеница,0.6422078760913669,0.7467326036207662,311,6,0.10452472752939934
41378,AOI-0062,2025-07-08,озимая пшеница,0.8019304907228068,0.7254866996876927,311,7,-0.076443791035114
41386,AOI-0062,2025-07-23,озимая пшеница,0.4576511623408278,0.3901091616000927,311,7,-0.06754200074073513
41388,AOI-0062,2025-07-27,озимая пшеница,0.3580780152161323,0.39554907806837974,311,7,0.03747106285224744
41392,AOI-0062,2025-08-04,озимая пшеница,0.2369820838968007,0.27371640379910667,311,8,0.03673431990230597
41400,AOI-0062,2025-08-19,озимая пшеница,0.2192707104691028,0.21973625291684318,311,8,0.0004655424477403858
41403,AOI-0062,2025-08-27,озимая пшеница,0.2126988942992651,0.18331806324888078,311,8,-0.029380831050384332
41414,AOI-0062,2025-09-21,озимая пшеница,0.1186960046862,0.162700275321514,311,9,0.044004270635313994
41455,AOI-0063,2025-04-28,озимая пшеница,0.2361878944657949,0.25969121941769774,311,4,0.023503324951902826
41532,AOI-0063,2025-07-14,озимая пшеница,0.6076385657136277,0.5833802942766957,311,7,-0.024258271436932044
41545,AOI-0063,2025-07-27,озимая пшеница,0.4213451502903393,0.4427163238787647,311,7,0.021371173588425385
41553,AOI-0063,2025-08-04,озимая пшеница,0.3148397950074461,0.3401894898121967,311,8,0.025349694804750633
41556,AOI-0063,2025-08-07,озимая пшеница,0.2422585665212067,0.3518002445565959,311,8,0.10954167803538922
41578,AOI-0063,2025-08-29,озимая пшеница,0.4363443550256705,0.40875166130691265,311,8,-0.027592693718757832
41606,AOI-0063,2025-09-26,озимая пшеница,0.191945204205133,0.2070248066063776,311,9,0.01507960240124459
41616,AOI-0063,2025-10-06,озимая пшеница,0.1995315460082955,0.19383961738098615,311,10,-0.005691928627309356
41651,AOI-0064,2025-04-11,озимая пшеница,0.4752262391259459,0.44291055699047194,311,4,-0.03231568213547398
41658,AOI-0064,2025-04-18,озимая пшеница,0.4287082165940261,0.43718138075304,311,4,0.008473164159013946
41737,AOI-0064,2025-07-06,озимая пшеница,0.3411757698981575,0.3431927623327755,311,7,0.0020169924346180035
41745,AOI-0064,2025-07-14,озимая пшеница,0.2813269234886588,0.24698427743004178,311,7,-0.034342646058617005
41754,AOI-0064,2025-07-23,озимая пшеница,0.2011302161443539,0.16099295343290082,311,7,-0.04013726271145307
41778,AOI-0064,2025-08-16,озимая пшеница,0.1607274313694525,0.1858792605368529,311,8,0.025151829167400414
41799,AOI-0064,2025-09-06,озимая пшеница,0.189976303375484,0.17325022360973963,311,9,-0.01672607976574436
41819,AOI-0064,2025-09-26,озимая пшеница,0.1815138255686364,0.24459412141404485,311,9,0.06308029584540845
41871,AOI-0065,2025-04-18,озимая пшеница,0.4334270132840677,0.4035941627135761,311,4,-0.029832850570491565
41882,AOI-0065,2025-04-29,озимая пшеница,0.5416193784953789,0.4576699502316981,311,4,-0.08394942826368079
41957,AOI-0065,2025-07-13,озимая пшеница,0.5102317043091732,0.4802934572784324,311,7,-0.029938247030740772
41969,AOI-0065,2025-07-25,озимая пшеница,0.3522841167892059,0.31722988211104175,311,7,-0.03505423467816415
41972,AOI-0065,2025-07-28,озимая пшеница,0.3235477937650272,0.3293823914234871,311,7,0.005834597658459895
41977,AOI-0065,2025-08-02,озимая пшеница,0.2990282945838471,0.2168730417157096,311,8,-0.08215525286813752
42006,AOI-0065,2025-08-31,озимая пшеница,0.2760592367880419,0.2653147993358666,311,8,-0.010744437452175293
42052,AOI-0065,2025-10-16,озимая пшеница,0.3494441395097244,0.30903192224381437,311,10,-0.040412217265910044
42080,AOI-0066,2025-04-14,озимая пшеница,0.2078019752406366,0.2228152897289436,311,4,0.015013314488307006
42085,AOI-0066,2025-04-19,озимая пшеница,0.2131531037039427,0.228680946392749,311,4,0.015527842688806304
42121,AOI-0066,2025-05-25,озимая пшеница,0.5039416046120587,0.5597064601443259,311,5,0.05576485553226718
42137,AOI-0066,2025-06-10,озимая пшеница,0.7139335094883498,0.6680392004799555,311,6,-0.04589430900839431
42167,AOI-0066,2025-07-10,озимая пшеница,0.7758767314954681,0.7341843329212658,311,7,-0.04169239857420226
42175,AOI-0066,2025-07-18,озимая пшеница,0.7023556576299912,0.635426820107193,311,7,-0.06692883752279821
42180,AOI-0066,2025-07-23,озимая пшеница,0.6520119523637273,0.5287367964555354,311,7,-0.12327515590819194
42215,AOI-0066,2025-08-27,озимая пшеница,0.2671464510958705,0.1998045651137304,311,8,-0.06734188598214008
42243,AOI-0066,2025-09-24,озимая пшеница,0.2286042988242826,0.20570239825937153,311,9,-0.022901900564911065
42303,AOI-0067,2010-04-24,зерновые,0.1616070910984949,0.2173406129505864,311,4,0.05573352185209152
42311,AOI-0067,2010-05-02,зерновые,0.149476747607636,0.2130549007162648,311,5,0.0635781531086288
42488,AOI-0067,2010-10-26,зерновые,0.147886494304398,0.13564582221439744,311,10,-0.012240672090000543
42499,AOI-0067,2011-04-07,зерновые,0.2823069322709163,0.2554070276416441,311,4,-0.02689990462927222
42579,AOI-0067,2011-06-26,зерновые,0.5430603984063745,0.5152262717888534,311,6,-0.02783412661752116
42607,AOI-0067,2011-07-24,зерновые,0.6606697676712889,0.6111905439006701,311,7,-0.04947922377061886
42663,AOI-0067,2011-09-18,зерновые,0.2866219059196496,0.3254310470921158,311,9,0.0388091411724662
42807,AOI-0067,2012-07-11,зерновые,0.2025958565737051,0.20353166805399503,311,7,0.0009358114802899276
42910,AOI-0067,2012-10-22,зерновые,0.1265362148180497,0.13265132458883416,311,10,0.0061151097707844715
42951,AOI-0067,2013-05-03,зерновые,0.6351865215692547,0.5618116544508645,311,5,-0.07337486711839025
42957,AOI-0067,2013-05-09,зерновые,0.6538918725099602,0.6512640544745516,311,5,-0.002627818035408569
42973,AOI-0067,2013-05-25,зерновые,0.5924145019920319,0.6476433583676214,311,5,0.0552288563755895
42990,AOI-0067,2013-06-11,зерновые,0.4832315997535061,0.4123526490698114,311,6,-0.07087895068369471
43246,AOI-0067,2014-07-24,зерновые,0.1664314537991603,0.16587229724575475,311,7,-0.0005591565534055487
43286,AOI-0067,2014-09-02,зерновые,0.1796545427212794,0.17405551247375972,311,9,-0.005599030247519676
43287,AOI-0067,2014-09-03,зерновые,0.1370550512377465,0.16080543911738615,311,9,0.02375038787963965
43330,AOI-0067,2014-10-16,зерновые,0.2020508366533864,0.2061850471192406,311,10,0.004134210465854188
43462,AOI-0067,2015-07-27,зерновые,0.4364531474712119,0.41129898930803094,311,7,-0.02515415816318095
43479,AOI-0067,2015-08-13,зерновые,0.6042582094593858,0.5443215527303531,311,8,-0.0599366567290327
43502,AOI-0067,2015-09-05,зерновые,0.4824569190612526,0.44101469732573473,311,9,-0.04144222173551787
43589,AOI-0067,2016-05-02,зерновые,0.2268480069665636,0.22010947865133895,311,5,-0.006738528315224646
43613,AOI-0067,2016-05-26,зерновые,0.1692372863858501,0.24864587799741728,311,5,0.07940859161156719
43627,AOI-0067,2016-06-09,зерновые,0.2920495617529881,0.3142373771836574,311,6,0.022187815430669333
43723,AOI-0067,2016-09-13,зерновые,0.2772756175298805,0.24166789363173635,311,9,-0.03560772389814415
43814,AOI-0067,2017-05-14,зерновые,0.2447349167705604,0.19449099853568158,311,5,-0.05024391823487881
43825,AOI-0067,2017-05-25,зерновые,0.3285180876494024,0.35862683716137134,311,5,0.030108749511968957
43830,AOI-0067,2017-05-30,зерновые,0.2268404878704712,0.23361617060212791,311,5,0.0067756827316567125
43873,AOI-0067,2017-07-12,зерновые,0.4851049402390438,0.5295055682912273,311,7,0.04440062805218348
43888,AOI-0067,2017-07-27,зерновые,0.5200852505280531,0.5349141432582014,311,7,0.014828892730148313
43910,AOI-0067,2017-08-18,зерновые,0.5717702007197945,0.5039476506672965,311,8,-0.06782255005249793
43990,AOI-0067,2018-04-07,зерновые,0.1356835958225089,0.2083125584845963,311,4,0.07262896266208738
44013,AOI-0067,2018-04-30,зерновые,0.1748329135830452,0.1746326374712152,311,4,-0.00020027611182998895
44094,AOI-0067,2018-07-20,зерновые,0.18911562418994,0.1974718233151958,311,7,0.008356199125255814
44173,AOI-0067,2018-10-07,зерновые,0.1981416202178482,0.1712746267959855,311,10,-0.02686699342186269
44176,AOI-0067,2018-10-10,зерновые,0.1847889801150961,0.18045574984542803,311,10,-0.004333230269668059
44197,AOI-0067,2019-04-01,зерновые,0.2497928102918436,0.2668765556828838,311,4,0.01708374539104021
44219,AOI-0067,2019-04-23,зерновые,0.4859581566790529,0.608576150780455,311,4,0.12261799410140212
44221,AOI-0067,2019-04-25,зерновые,0.5556977701810821,0.550796428138291,311,4,-0.004901342042791135
44245,AOI-0067,2019-05-19,зерновые,0.8489498295796363,0.8172961743238588,311,5,-0.03165365525577746
44374,AOI-0067,2019-09-25,зерновые,0.2610407496704391,0.24766770780670616,311,9,-0.013373041863732948
44398,AOI-0067,2019-10-19,зерновые,0.2953054673303511,0.27477921170226116,311,10,-0.020526255628089962
44399,AOI-0067,2019-10-20,зерновые,0.3002370569001947,0.22624426147906163,311,10,-0.07399279542113307
44456,AOI-0067,2020-05-17,зерновые,0.1532440789570316,0.17292450411839128,311,5,0.019680425161359677
44466,AOI-0067,2020-05-27,зерновые,0.1297126091198384,0.20098514468841255,311,5,0.07127253556857416
44468,AOI-0067,2020-05-29,зерновые,0.2818388787334889,0.2472420437122395,311,5,-0.034596835021249384
44476,AOI-0067,2020-06-06,зерновые,0.2276177328964835,0.27711082651867947,311,6,0.04949309362219598
44541,AOI-0067,2020-08-10,зерновые,0.428059281786784,0.40115767634327,311,8,-0.026901605443514
44581,AOI-0067,2020-09-19,зерновые,0.2343186396240318,0.18380347637343705,311,9,-0.05051516325059474
44586,AOI-0067,2020-09-24,зерновые,0.2085271209664482,0.19995745046032593,311,9,-0.008569670506122284
44639,AOI-0067,2021-04-17,зерновые,-0.0011802384882075,0.15099014271344385,311,4,0.15217038120165136
44739,AOI-0067,2021-07-26,зерновые,0.1373641030309406,0.15230090691014048,311,7,0.014936803879199878
44769,AOI-0067,2021-08-25,зерновые,0.2314465872409276,0.22835446908127927,311,8,-0.003092118159648327
44773,AOI-0067,2021-08-29,зерновые,0.2975307855809737,0.361178559917902,311,8,0.06364777433692831
44789,AOI-0067,2021-09-14,зерновые,0.3317933591547226,0.33644568993021456,311,9,0.004652330775491986
44821,AOI-0067,2021-10-16,зерновые,0.1994121114450263,0.21519121224324175,311,10,0.015779100798215456
44904,AOI-0067,2022-06-08,зерновые,0.4931503971182016,0.4281898375177295,311,6,-0.06496055960047209
44922,AOI-0067,2022-06-26,зерновые,0.6446543473804264,0.6182735051327799,311,6,-0.026380842247646474
44984,AOI-0067,2022-08-27,зерновые,0.3884435114990214,0.41444085116187257,311,8,0.02599733966285117
45017,AOI-0067,2022-09-29,зерновые,0.2961799191506787,0.30746970025230447,311,9,0.011289781101625762
45036,AOI-0067,2022-10-18,зерновые,0.3252483367017599,0.2795005396838376,311,10,-0.04574779701792231
45037,AOI-0067,2022-10-19,зерновые,0.2680263278270519,0.26955715235775823,311,10,0.001530824530706354
45075,AOI-0067,2023-04-27,зерновые,0.1528124077621754,0.18346745720279223,311,4,0.03065504944061684
45117,AOI-0067,2023-06-08,зерновые,0.2473172465280183,0.28978834201040815,311,6,0.042471095482389865
45125,AOI-0067,2023-06-16,зерновые,0.4118306965525032,0.452747445438894,311,6,0.0409167488863908
45135,AOI-0067,2023-06-26,зерновые,0.6537340345566937,0.638681253748638,311,6,-0.01505278080805561
45155,AOI-0067,2023-07-16,зерновые,0.7276401056024664,0.6466316734023335,311,7,-0.08100843220013287
45157,AOI-0067,2023-07-18,зерновые,0.7024456384796381,0.6085436945592098,311,7,-0.09390194392042839
45181,AOI-0067,2023-08-11,зерновые,0.3721541142789503,0.2850170116083315,311,8,-0.0871371026706188
45200,AOI-0067,2023-08-30,зерновые,0.2635726369210762,0.25698299761048415,311,8,-0.0065896393105920326
45268,AOI-0067,2024-04-07,зерновые,0.2275607567498787,0.24197954841557984,311,4,0.014418791665701147
45292,AOI-0067,2024-05-01,зерновые,0.3319097982545866,0.293737746414988,311,5,-0.0381720518395986
45339,AOI-0067,2024-06-17,зерновые,0.5347192486699595,0.4813942170323475,311,6,-0.05332503163761193
45363,AOI-0067,2024-07-11,зерновые,0.2929241880177348,0.31655270532491747,311,7,0.023628517307182684
45379,AOI-0067,2024-07-27,зерновые,0.2068877764962091,0.2564850937144879,311,7,0.049597317218278814
45436,AOI-0067,2024-09-22,зерновые,0.1650330257165391,0.15880712055360102,311,9,-0.0062259051629380835
45468,AOI-0067,2024-10-24,зерновые,0.1714886507123987,0.14623579689103336,311,10,-0.02525285382136533
45476,AOI-0067,2025-04-02,зерновые,0.1886584128123069,0.11438388941920642,311,4,-0.07427452339310049
45495,AOI-0067,2025-04-21,зерновые,0.1319691190466032,0.1423786754222682,311,4,0.010409556375665013
45510,AOI-0067,2025-05-06,зерновые,0.1058347955439252,0.1747973621954022,311,5,0.068962566651477
45535,AOI-0067,2025-05-31,зерновые,0.1227444887955012,0.1515080464445125,311,5,0.028763557649011284
45552,AOI-0067,2025-06-17,зерновые,0.1882913128400872,0.18729993561639666,311,6,-0.0009913772236905538
45592,AOI-0067,2025-07-27,зерновые,0.1531403564508126,0.5505930731027548,311,7,0.39745271665194226
45641,AOI-0067,2025-09-14,зерновые,0.3634523505976095,0.3447894163008177,311,9,-0.018662934296791778
45670,AOI-0067,2025-10-13,зерновые,0.189910407764704,0.19102232126605567,311,10,0.0011119135013516745
45759,AOI-0068,2010-06-11,зерновые,0.1685596479473084,0.19180541333141354,311,6,0.023245765384105138
45839,AOI-0068,2010-08-30,зерновые,0.1430223282906908,0.1403434809518609,311,8,-0.0026788473388299205
45863,AOI-0068,2010-09-23,зерновые,0.1469807779969912,0.14770211290181284,311,9,0.0007213349048216522
45895,AOI-0068,2010-10-25,зерновые,0.3360487225439958,0.309232481053855,311,10,-0.026816241490140835
45923,AOI-0068,2011-04-23,зерновые,0.6300049894957983,0.5168530572331891,311,4,-0.11315193226260922
45939,AOI-0068,2011-05-09,зерновые,0.6489463970588231,0.6437068120212877,311,5,-0.00523958503753541
46024,AOI-0068,2011-08-02,зерновые,0.1726107045293589,0.1788432953516301,311,8,0.006232590822271206
46072,AOI-0068,2011-09-19,зерновые,0.2494160766667163,0.2307833327468669,311,9,-0.018632743919849398
46135,AOI-0068,2012-04-22,зерновые,0.1756818418042872,0.27139052798083035,311,4,0.09570868617654316
46286,AOI-0068,2012-09-20,зерновые,0.2081311010551828,0.15639969930303024,311,9,-0.051731401752152545
46349,AOI-0068,2013-04-23,зерновые,0.3806327258403362,0.39460478116055836,311,4,0.013972055320222165
46365,AOI-0068,2013-05-09,зерновые,0.4565691911764706,0.4996449133901677,311,5,0.0430757222136971
46430,AOI-0068,2013-07-13,зерновые,0.2239379233437074,0.19793355444526572,311,7,-0.026004368898441682
46470,AOI-0068,2013-08-22,зерновые,0.1930988079463249,0.19935672623631367,311,8,0.006257918289988784
46590,AOI-0068,2014-05-21,зерновые,0.4271754546862695,0.4371464162931322,311,5,0.009970961606862727
46599,AOI-0068,2014-05-30,зерновые,0.3215118004950819,0.31676882756226543,311,5,-0.004742972932816447
46626,AOI-0068,2014-06-26,зерновые,0.2246350262605042,0.24547709215501023,311,6,0.020842065894506046
46630,AOI-0068,2014-06-30,зерновые,0.207268302719593,0.18995681361863598,311,6,-0.017311489100957034
46722,AOI-0068,2014-09-30,зерновые,0.1943305392819588,0.21643404165661145,311,9,0.022103502374652667
46798,AOI-0068,2015-05-16,зерновые,0.2460367815790255,0.46240686354094407,311,5,0.21637008196191856
46814,AOI-0068,2015-06-01,зерновые,0.5101639461304787,0.3662074964862688,311,6,-0.14395644964420984
46854,AOI-0068,2015-07-11,зерновые,0.2781159401732636,0.3069094663011461,311,7,0.02879352612788255
46887,AOI-0068,2015-08-13,зерновые,0.2722617755615082,0.29771063372935397,311,8,0.025448858167845756
47118,AOI-0068,2016-08-31,зерновые,0.2735889484193278,0.22884509913263096,311,8,-0.044743849286696835
47126,AOI-0068,2016-09-08,зерновые,0.2379122477527967,0.2114358880322443,311,9,-0.0264763597205524
47133,AOI-0068,2016-09-15,зерновые,0.1767357022218876,0.2061241369663076,311,9,0.029388434744420017
47150,AOI-0068,2016-10-02,зерновые,0.3371728923869395,0.30269626083029394,311,10,-0.03447663155664554
47158,AOI-0068,2016-10-10,зерновые,0.3176707820413491,0.3088354833210566,311,10,-0.008835298720292484
47182,AOI-0068,2017-04-04,зерновые,0.2679009263762602,0.3029870098569705,311,4,0.03508608348071035
47186,AOI-0068,2017-04-08,зерновые,0.0872625205676311,0.3158744907997641,311,4,0.22861197023213298
47217,AOI-0068,2017-05-09,зерновые,0.5541630777310927,0.587983264125842,311,5,0.03382018639474926
47296,AOI-0068,2017-07-27,зерновые,0.1667505946127359,0.15884581228384237,311,7,-0.007904782328893523
47329,AOI-0068,2017-08-29,зерновые,0.2526489915966388,0.249373633833539,311,8,-0.0032753577630997843
47342,AOI-0068,2017-09-11,зерновые,0.1932011309019461,0.21143808385179752,311,9,0.01823695294985142
47397,AOI-0068,2018-04-06,зерновые,0.2495900494876521,0.21337850992211754,311,4,-0.03621153956553455
47454,AOI-0068,2018-06-02,зерновые,0.2205810094526505,0.17513013752123457,311,6,-0.04545087193141592
47461,AOI-0068,2018-06-09,зерновые,0.2354481018367224,0.23042054737414513,311,6,-0.005027554462577272
47534,AOI-0068,2018-08-21,зерновые,0.1684044248176705,0.15188831831665112,311,8,-0.016516106501019395
47677,AOI-0068,2019-06-12,зерновые,0.3073332107073594,0.30836084394464675,311,6,0.0010276332372873287
47678,AOI-0068,2019-06-13,зерновые,0.2521551967398491,0.3182892032713121,311,6,0.06613400653146301
47687,AOI-0068,2019-06-22,зерновые,0.1907129370477182,0.1879761560112756,311,6,-0.0027367810364425926
47691,AOI-0068,2019-06-26,зерновые,0.2418475682773109,0.2643512166210322,311,6,0.022503648343721316
47701,AOI-0068,2019-07-06,зерновые,0.1664336677051134,0.17386474879705174,311,7,0.007431081091938352
47749,AOI-0068,2019-08-23,зерновые,0.1838397478067747,0.17862886543272405,311,8,-0.005210882374050652
47755,AOI-0068,2019-08-29,зерновые,0.226165,0.19634455608401974,311,8,-0.029820443915980266
47807,AOI-0068,2019-10-20,зерновые,0.3344303710054507,0.32039397882953546,311,10,-0.014036392175915235
47820,AOI-0068,2020-04-03,зерновые,0.3051034489147857,0.29768357403583207,311,4,-0.007419874878953625
47903,AOI-0068,2020-06-25,зерновые,0.2572519905462186,0.27771365631305334,311,6,0.020461665766834725
47934,AOI-0068,2020-07-26,зерновые,0.1435295461134128,0.1333570228422539,311,7,-0.01017252327115889
47949,AOI-0068,2020-08-10,зерновые,0.1304341166950471,0.12588118154942604,311,8,-0.004552935145621051
47957,AOI-0068,2020-08-18,зерновые,0.133830005265139,0.13847306027321926,311,8,0.004643055008080266
47981,AOI-0068,2020-09-11,зерновые,0.1749553127129371,0.1538953950358489,311,9,-0.021059917677088202
48024,AOI-0068,2020-10-24,зерновые,0.1043541968330572,0.12384412190027352,311,10,0.01948992506721632
48125,AOI-0068,2021-07-04,зерновые,0.3321982353706386,0.2770600376605026,311,7,-0.055138197710136005
48132,AOI-0068,2021-07-11,зерновые,0.2024503036719137,0.26475768735414207,311,7,0.06230738368222838
48157,AOI-0068,2021-08-05,зерновые,0.1918754936732515,0.21567862696768192,311,8,0.02380313329443043
48220,AOI-0068,2021-10-07,зерновые,0.4154812633981609,0.34505109381847787,311,10,-0.07043016957968301
48221,AOI-0068,2021-10-08,зерновые,0.3796512606488642,0.36074077514070224,311,10,-0.018910485508161934
48280,AOI-0068,2022-05-07,зерновые,0.4032158310253387,0.46514998677716046,311,5,0.06193415575182176
48309,AOI-0068,2022-06-05,зерновые,0.3864747983607446,0.3561400082996697,311,6,-0.030334790061074923
48390,AOI-0068,2022-08-25,зерновые,0.1569560039979613,0.15645303664052537,311,8,-0.000502967357435935
48395,AOI-0068,2022-08-30,зерновые,0.1256187716824501,0.13923425766019806,311,8,0.013615485977747976
48425,AOI-0068,2022-09-29,зерновые,0.1846490103743614,0.20870581975056623,311,9,0.02405680937620483
48435,AOI-0068,2022-10-09,зерновые,0.3631235333745106,0.30562432450025895,311,10,-0.05749920887425164
48443,AOI-0068,2022-10-17,зерновые,0.5025820078477764,0.40709844878658774,311,10,-0.09548355906118866
48511,AOI-0068,2023-05-25,зерновые,0.5824075262605042,0.5692542959198742,311,5,-0.013153230340629984
48524,AOI-0068,2023-06-07,зерновые,0.5360780666010825,0.49733124581763516,311,6,-0.03874682078344732
48564,AOI-0068,2023-07-17,зерновые,0.251343488868765,0.24675385133958347,311,7,-0.0045896375291815394
48572,AOI-0068,2023-07-25,зерновые,0.2881868969016115,0.24966968315896876,311,7,-0.03851721374264272
48598,AOI-0068,2023-08-20,зерновые,0.3059980237892789,0.279553205611617,311,8,-0.026444818177661866
48603,AOI-0068,2023-08-25,зерновые,0.3162344793287005,0.2919604162535632,311,8,-0.024274063075137298
48605,AOI-0068,2023-08-27,зерновые,0.370208821700038,0.3267420373804943,311,8,-0.043466784319543705
48607,AOI-0068,2023-08-29,зерновые,0.3539025210084034,0.37140235702681074,311,8,0.017499836018407322
48653,AOI-0068,2023-10-14,зерновые,0.2083424445444902,0.282614732145464,311,10,0.07427228760097382
48739,AOI-0068,2024-06-09,зерновые,0.2086693219024588,0.2580462886682465,311,6,0.04937696676578773
48747,AOI-0068,2024-06-17,зерновые,0.2259018201066027,0.1572509417804099,311,6,-0.0686508783261928
48763,AOI-0068,2024-07-03,зерновые,0.1904064919942987,0.15342724320589343,311,7,-0.03697924878840528
48765,AOI-0068,2024-07-05,зерновые,0.1323028540535792,0.1407834943448214,311,7,0.008480640291242209
48785,AOI-0068,2024-07-25,зерновые,0.1537526056553337,0.1290179330195091,311,7,-0.0247346726358246
48859,AOI-0068,2024-10-07,зерновые,0.1843309139975513,0.1627245455337565,311,10,-0.021606368463794795
48876,AOI-0068,2024-10-24,зерновые,0.1921832568626684,0.1799897269724974,311,10,-0.012193529890171001
48918,AOI-0068,2025-05-06,зерновые,0.7083646582597417,0.6897035456614675,311,5,-0.018661112598274188
48964,AOI-0068,2025-06-21,зерновые,0.3308854982209737,0.34208136616508655,311,6,0.01119586794411287
48980,AOI-0068,2025-07-07,зерновые,0.2165703491053992,0.20963145395988847,311,7,-0.006938895145510743
49019,AOI-0068,2025-08-15,зерновые,0.2397040855202658,0.20824889810910407,311,8,-0.03145518741116174
49033,AOI-0068,2025-08-29,зерновые,0.212006373417483,0.22652119863444437,311,8,0.014514825216961375
49058,AOI-0068,2025-09-23,зерновые,0.1994528088194128,0.19128639010307158,311,9,-0.008166418716341217
49063,AOI-0068,2025-09-28,зерновые,0.2170445721213802,0.1895919362215424,311,9,-0.02745263589983779
49092,AOI-0068,2025-10-27,зерновые,0.288818613925755,0.20583682006678336,311,10,-0.08298179385897161
49102,AOI-0069,2025-04-07,зерновые,0.2487992685978251,0.3030511213171601,311,4,0.054251852719335
49128,AOI-0069,2025-05-03,зерновые,0.2203484011791862,0.19016562589233826,311,5,-0.03018277528684793
49171,AOI-0069,2025-06-15,зерновые,0.4229698215863212,0.3626534293518384,311,6,-0.06031639223448276
49216,AOI-0069,2025-07-30,зерновые,0.1416372487616218,0.13312592674392018,311,7,-0.008511322017701606
49246,AOI-0069,2025-08-29,зерновые,0.1379205134935531,0.16808742179770095,311,8,0.030166908304147838
49256,AOI-0069,2025-09-08,зерновые,0.1112511629201058,0.13986698761531063,311,9,0.028615824695204836
49278,AOI-0069,2025-09-30,зерновые,0.2228940525454721,0.2163833146467907,311,9,-0.006510737898681396
49358,AOI-0070,2025-05-20,зерновые,0.2919908689181966,0.3007212901774058,311,5,0.008730421259209198
49397,AOI-0070,2025-06-28,зерновые,0.2649046592917989,0.2448222024974649,311,6,-0.020082456794334014
49416,AOI-0070,2025-07-17,зерновые,0.0764262391938654,0.16610649602490934,311,7,0.08968025683104394
49437,AOI-0070,2025-08-07,зерновые,0.1794720760634176,0.15875523877485032,311,8,-0.020716837288567297
49456,AOI-0070,2025-08-26,зерновые,0.1482404959313619,0.1745501781400171,311,8,0.026309682208655205
49464,AOI-0070,2025-09-03,зерновые,0.1368812379199012,0.14597670834223964,311,9,0.009095470422338436
49475,AOI-0070,2025-09-14,зерновые,0.2048393628376713,0.23489526255801885,311,9,0.030055899720347556
49491,AOI-0070,2025-09-30,зерновые,0.2183838574595614,0.24184252281941704,311,9,0.023458665359855635
49528,AOI-0071,2025-04-23,зерновые,0.6138488636363637,0.4973093684319607,311,4,-0.11653949520440299
49530,AOI-0071,2025-05-03,зерновые,0.3580720282543156,0.34685795299891564,311,5,-0.011214075255399969
49544,AOI-0071,2025-06-21,зерновые,0.624259879140831,0.5167454168059129,311,6,-0.10751446233491813
49571,AOI-0071,2025-09-14,зерновые,0.2938215909090909,0.3550389501970275,311,9,0.061217359287936646
49575,AOI-0071,2025-09-23,зерновые,0.3218447293664748,0.29647242109580246,311,9,-0.025372308270672328
49584,AOI-0071,2025-10-15,зерновые,0.3096572755648275,0.2722787005547094,311,10,-0.037378575010118154
49610,AOI-0072,2025-04-23,зерновые,0.7254582077716099,0.7721863617495175,311,4,0.04672815397790764
49628,AOI-0072,2025-05-11,зерновые,0.8725228755716048,0.7703830646416044,311,5,-0.10213981093000035
49642,AOI-0072,2025-05-25,зерновые,0.7028498810467884,0.7674720411780509,311,5,0.06462216013126254
49644,AOI-0072,2025-05-27,зерновые,0.826409590349871,0.7894403547887305,311,5,-0.03696923556114051
49655,AOI-0072,2025-06-07,зерновые,0.6104413473872,0.5394657484348271,311,6,-0.07097559895237293
49703,AOI-0072,2025-07-25,зерновые,0.134675365030486,0.17184198714738022,311,7,0.03716662211689423
49754,AOI-0072,2025-09-14,зерновые,0.2291820777160983,0.21542827246335866,311,9,-0.013753805252739643
49855,AOI-0073,2010-05-25,озимая пшеница,0.6694369640354975,0.6914056767498784,311,5,0.021968712714380945
49926,AOI-0073,2010-08-04,озимая пшеница,0.272916481132521,0.37768404155300045,311,8,0.10476756042047947
50070,AOI-0073,2011-05-27,озимая пшеница,0.4235608982597487,0.3591028091607405,311,5,-0.06445808909900819
50078,AOI-0073,2011-06-04,озимая пшеница,0.2690147752975363,0.3909126117155345,311,6,0.12189783641799817
50134,AOI-0073,2011-07-30,озимая пшеница,0.5310453715317441,0.5326461695940058,311,7,0.0016007980622616547
50312,AOI-0073,2012-06-25,озимая пшеница,0.4105959177954227,0.46072987379262664,311,6,0.05013395599720394
50376,AOI-0073,2012-08-28,озимая пшеница,0.3380356188696869,0.3244528197872998,311,8,-0.013582799082387131
50574,AOI-0073,2013-08-13,озимая пшеница,0.4194657823446989,0.47446918420151585,311,8,0.05500340185681696
50590,AOI-0073,2013-08-29,озимая пшеница,0.3836868099019148,0.4254920788992214,311,8,0.04180526899730663
50677,AOI-0073,2014-04-25,озимая пшеница,0.2701900861146977,0.29833592578880824,311,4,0.02814583967411055
50691,AOI-0073,2014-05-09,озимая пшеница,0.4288875758991126,0.5158516724940513,311,5,0.0869640965949387
50851,AOI-0073,2014-10-16,озимая пшеница,0.2738992246613732,0.28637914545623544,311,10,0.012479920794862265
50893,AOI-0073,2015-04-28,озимая пшеница,0.2080027172244376,0.1998503747883421,311,4,-0.0081523424360955
50997,AOI-0073,2015-08-10,озимая пшеница,0.4783413919884404,0.5151394696287965,311,8,0.03679807764035614
51021,AOI-0073,2015-09-03,озимая пшеница,0.285990963999305,0.27029110052698446,311,9,-0.015699863472320552
51116,AOI-0073,2016-05-08,озимая пшеница,0.674063239991586,0.8009438926746466,311,5,0.1268806526830606
51220,AOI-0073,2016-08-20,озимая пшеница,0.3493034701609838,0.3147078037404777,311,8,-0.0345956664205061
51324,AOI-0073,2017-05-03,озимая пшеница,0.2565368644779129,0.24875462072272947,311,5,-0.007782243755183438
51325,AOI-0073,2017-05-04,озимая пшеница,0.210927928485449,0.23916256863036828,311,5,0.028234640144919276
51458,AOI-0073,2017-09-14,озимая пшеница,0.3824466230733302,0.35639665694686595,311,9,-0.026049966126464263
51484,AOI-0073,2017-10-10,озимая пшеница,0.347072617355564,0.28049096908703264,311,10,-0.06658164826853136
51572,AOI-0073,2018-06-07,озимая пшеница,0.3814328700956794,0.3107392438955616,311,6,-0.07069362620011777
51575,AOI-0073,2018-06-10,озимая пшеница,0.4882666978047641,0.5044866206621847,311,6,0.016219922857420632
51583,AOI-0073,2018-06-18,озимая пшеница,0.3622831322877546,0.3372867614449558,311,6,-0.02499637084279882
51639,AOI-0073,2018-08-13,озимая пшеница,0.7325395983185427,0.6610180542577683,311,8,-0.07152154406077438
51655,AOI-0073,2018-08-29,озимая пшеница,0.5485835030359644,0.5314693519927485,311,8,-0.017114151043215897
51724,AOI-0073,2019-04-07,озимая пшеница,0.2513022793087342,0.25294935481467157,311,4,0.0016470755059373454
51772,AOI-0073,2019-05-25,озимая пшеница,0.6248197664642687,0.6013987617587685,311,5,-0.023421004705500237
51778,AOI-0073,2019-05-31,озимая пшеница,0.4579921251571876,0.4512557860059181,311,5,-0.0067363391512695325
51783,AOI-0073,2019-06-05,озимая пшеница,0.5840543530559079,0.5280853404374163,311,6,-0.05596901261849163
51806,AOI-0073,2019-06-28,озимая пшеница,0.5141115097615494,0.7050971810970973,311,6,0.1909856713355479
51848,AOI-0073,2019-08-09,озимая пшеница,0.4929417110105387,0.6174321220116636,311,8,0.12449041100112496
51893,AOI-0073,2019-09-23,озимая пшеница,0.3609226360179159,0.23267797778182547,311,9,-0.12824465823609044
51917,AOI-0073,2019-10-17,озимая пшеница,0.2278539768766456,0.2508288890658207,311,10,0.02297491218917508
51972,AOI-0073,2020-05-12,озимая пшеница,0.592324191645809,0.5932897306561429,311,5,0.0009655390103339156
51998,AOI-0073,2020-06-07,озимая пшеница,0.747458381084828,0.6062548042083722,311,6,-0.1412035768764558
52033,AOI-0073,2020-07-12,озимая пшеница,0.2417733917436335,0.22775917910930404,311,7,-0.014014212634329448
52068,AOI-0073,2020-08-16,озимая пшеница,0.1180663869551351,0.22428039613211712,311,8,0.10621400917698201
52090,AOI-0073,2020-09-07,озимая пшеница,0.174253841117733,0.15689305682274582,311,9,-0.01736078429498719
52100,AOI-0073,2020-09-17,озимая пшеница,0.1708425796872991,0.15342497026097007,311,9,-0.017417609426329028
52105,AOI-0073,2020-09-22,озимая пшеница,0.1533813268125061,0.16416502519411086,311,9,0.010783698381604756
52107,AOI-0073,2020-09-24,озимая пшеница,0.2031304932359,0.1843702724734903,311,9,-0.018760220762409685
52125,AOI-0073,2020-10-12,озимая пшеница,0.1328472006543145,0.14822436940184722,311,10,0.015377168747532727
52178,AOI-0073,2021-05-05,озимая пшеница,0.2017149471117658,0.2114774947748031,311,5,0.009762547663037302
52211,AOI-0073,2021-06-07,озимая пшеница,0.3568518110021982,0.4209421299429357,311,6,0.06409031894073752
52219,AOI-0073,2021-06-15,озимая пшеница,0.5551032933329769,0.5093826163948139,311,6,-0.04572067693816306
52230,AOI-0073,2021-06-26,озимая пшеница,0.8018768893040635,0.6790016376080604,311,6,-0.12287525169600311
52256,AOI-0073,2021-07-22,озимая пшеница,0.7502112365934084,0.7387693853883005,311,7,-0.011441851205107878
52263,AOI-0073,2021-07-29,озимая пшеница,0.6720952787026507,0.6994289546487071,311,7,0.0273336759460564
52268,AOI-0073,2021-08-03,озимая пшеница,0.6381072578470436,0.6652734725410259,311,8,0.027166214693982282
52301,AOI-0073,2021-09-05,озимая пшеница,0.2350732234725568,0.3676598602298995,311,9,0.1325866367573427
52423,AOI-0073,2022-06-06,озимая пшеница,0.3260162927537965,0.27931115223009195,311,6,-0.04670514052370456
52449,AOI-0073,2022-07-02,озимая пшеница,0.7285595116301012,0.7223428618163715,311,7,-0.006216649813729713
52464,AOI-0073,2022-07-17,озимая пшеница,0.7822952735812528,0.7758884466384832,311,7,-0.006406826942769617
52471,AOI-0073,2022-07-24,озимая пшеница,0.8068206952429335,0.7536354093923907,311,7,-0.05318528585054283
52509,AOI-0073,2022-08-31,озимая пшеница,0.434462174993293,0.41402685617423785,311,8,-0.020435318819055137
52511,AOI-0073,2022-09-02,озимая пшеница,0.4960142510742972,0.3989561249436464,311,9,-0.09705812613065079
52556,AOI-0073,2022-10-17,озимая пшеница,0.2749345544433676,0.23781066364327225,311,10,-0.03712389080009537
52652,AOI-0073,2023-06-22,озимая пшеница,0.2299040248307004,0.2966297624951558,311,6,0.06672573766445541
52653,AOI-0073,2023-06-23,озимая пшеница,0.2706107496195641,0.2973287464753763,311,6,0.02671799685581222
52675,AOI-0073,2023-07-15,озимая пшеница,0.4310181470090109,0.37976647189592033,311,7,-0.05125167511309059
52679,AOI-0073,2023-07-19,озимая пшеница,0.3460158887348206,0.27847150170100277,311,7,-0.06754438703381782
52717,AOI-0073,2023-08-26,озимая пшеница,0.222528004980549,0.24733165033274354,311,8,0.024803645352194537
52747,AOI-0073,2023-09-25,озимая пшеница,0.2087783127834026,0.2169280526922172,311,9,0.008149739908814624
52771,AOI-0073,2023-10-19,озимая пшеница,0.3065702723054726,0.24478401907627212,311,10,-0.061786253229200505
52809,AOI-0073,2024-04-27,озимая пшеница,0.5577050831825061,0.559712683101325,311,4,0.0020075999188189364
52821,AOI-0073,2024-05-09,озимая пшеница,0.613865048157248,0.616947029884998,311,5,0.003081981727750094
52842,AOI-0073,2024-05-30,озимая пшеница,0.6064035517340164,0.6068309493787973,311,5,0.0004273976447809469
52850,AOI-0073,2024-06-07,озимая пшеница,0.7784192528316498,0.5706117512483998,311,6,-0.20780750158325
52896,AOI-0073,2024-07-23,озимая пшеница,0.1755969787509229,0.260843194742869,311,7,0.0852462159919461
52926,AOI-0073,2024-08-22,озимая пшеница,0.1831797845256015,0.18298884924588135,311,8,-0.00019093527972013913
52930,AOI-0073,2024-08-26,озимая пшеница,0.2446046636477699,0.2440352411684576,311,8,-0.0005694224793122982
52969,AOI-0073,2024-10-04,озимая пшеница,0.159167554243484,0.19827160023343227,311,10,0.039104045989948266
52997,AOI-0073,2025-04-02,озимая пшеница,0.1738971670147667,0.18157600814979957,311,4,0.007678841135032866
53066,AOI-0073,2025-06-10,озимая пшеница,0.6071417748715552,0.5389184643943099,311,6,-0.06822331047724528
53090,AOI-0073,2025-07-04,озимая пшеница,0.8301479598654434,0.7386241817268115,311,7,-0.09152377813863188
53099,AOI-0073,2025-07-13,озимая пшеница,0.7002268218265704,0.7276323940880247,311,7,0.027405572261454347
53119,AOI-0073,2025-08-02,озимая пшеница,0.7475749186408496,0.7010124165267038,311,8,-0.04656250211414581
53184,AOI-0073,2025-10-06,озимая пшеница,0.2506459202141141,0.22209066594853166,311,10,-0.02855525426558242
53194,AOI-0073,2025-10-16,озимая пшеница,0.3061234563288182,0.2684218652929456,311,10,-0.03770159103587262
53327,AOI-0074,2010-07-28,озимая пшеница,0.3604623464770524,0.3492745953544033,311,7,-0.011187751122649081
53407,AOI-0074,2010-10-16,озимая пшеница,0.2634037168713639,0.2628259146947489,311,10,-0.000577802176614961
53428,AOI-0074,2011-04-07,озимая пшеница,0.2675177117000646,0.30807673830066323,311,4,0.040559026600598624
53492,AOI-0074,2011-06-10,озимая пшеница,0.6343723658694248,0.6648407392122226,311,6,0.03046837334279784
53494,AOI-0074,2011-06-12,озимая пшеница,0.4841946954873131,0.4667605505661522,311,6,-0.01743414492116091
53640,AOI-0074,2012-04-06,озимая пшеница,0.2605689075630251,0.29540824822283485,311,4,0.03483934065980976
53720,AOI-0074,2012-06-25,озимая пшеница,0.4362851001939239,0.4475105921395228,311,6,0.011225491945598909
53821,AOI-0074,2012-10-04,озимая пшеница,0.195340251429705,0.19507445915882082,311,10,-0.00026579227088416313
53854,AOI-0074,2013-04-07,озимая пшеница,0.3878927278603749,0.4354357977380889,311,4,0.047543069877714006
53917,AOI-0074,2013-06-09,озимая пшеница,0.5029449557521948,0.4704532497326237,311,6,-0.032491706019571076
54083,AOI-0074,2014-04-23,озимая пшеница,0.3670492889463478,0.36437115280534527,311,4,-0.0026781361410025406
54115,AOI-0074,2014-05-25,озимая пшеница,0.6918148351648351,0.6888536498428793,311,5,-0.0029611853219557727
54205,AOI-0074,2014-08-23,озимая пшеница,0.3069430357010863,0.31470053754902666,311,8,0.0077575018479403846
54397,AOI-0074,2015-08-02,озимая пшеница,0.6595062937188704,0.6128316705267927,311,8,-0.04667462319207771
54445,AOI-0074,2015-09-19,озимая пшеница,0.2366665164132609,0.24632728696427442,311,9,0.009660770551013526
54469,AOI-0074,2015-10-13,озимая пшеница,0.2043482258518721,0.19271131713770223,311,10,-0.011636908714169863
54556,AOI-0074,2016-06-09,озимая пшеница,0.7434703296703298,0.7762124867032061,311,6,0.03274215703287631
54580,AOI-0074,2016-07-03,озимая пшеница,0.5044660467291924,0.547146826818124,311,7,0.042680780088931614
54772,AOI-0074,2017-06-12,озимая пшеница,0.4528546899986586,0.4908394750571995,311,6,0.037984785058540915
54863,AOI-0074,2017-09-11,озимая пшеница,0.3007368388489122,0.37587968227162644,311,9,0.07514284342271421
54900,AOI-0074,2017-10-18,озимая пшеница,0.2073740200013328,0.14020045114650037,311,10,-0.06717356885483242
54946,AOI-0074,2018-05-04,озимая пшеница,0.2520974268567755,0.2691589896531058,311,5,0.01706156279633031
54967,AOI-0074,2018-05-25,озимая пшеница,0.4866214932126698,0.49008071493431093,311,5,0.003459221721641148
55078,AOI-0074,2018-09-13,озимая пшеница,0.4024004229030307,0.39875745679813246,311,9,-0.0036429661048982265
55108,AOI-0074,2018-10-13,озимая пшеница,0.1979609856151453,0.214262579482855,311,10,0.016301593867709685
55146,AOI-0074,2019-04-21,озимая пшеница,0.1255603274293541,-0.08755455906367629,311,4,-0.2131148864930304
55189,AOI-0074,2019-06-03,озимая пшеница,0.5070688590795713,0.4711418622859198,311,6,-0.03592699679365152
55212,AOI-0074,2019-06-26,озимая пшеница,0.698870787197525,0.6793424831674968,311,6,-0.019528304030028254
55219,AOI-0074,2019-07-03,озимая пшеница,0.7580454868220671,0.7176695742756257,311,7,-0.04037591254644135
55269,AOI-0074,2019-08-22,озимая пшеница,0.2996112287640061,0.3565755860039537,311,8,0.05696435723994764
55306,AOI-0074,2019-09-28,озимая пшеница,0.2137542169500769,0.18906732665557568,311,9,-0.024686890294501218
55321,AOI-0074,2019-10-13,озимая пшеница,0.18982640436311,0.20223035921015714,311,10,0.01240395484704715
55346,AOI-0074,2020-04-08,озимая пшеница,0.1597828697685846,0.15875789944481963,311,4,-0.0010249703237649732
55360,AOI-0074,2020-04-22,озимая пшеница,0.4745194570135748,0.37102814922976357,311,4,-0.10349130778381121
55376,AOI-0074,2020-05-08,озимая пшеница,0.6354445054945056,0.6060982276220407,311,5,-0.02934627787246491
55392,AOI-0074,2020-05-24,озимая пшеница,0.7929016806722692,0.6643359308274911,311,5,-0.1285657498447781
55408,AOI-0074,2020-06-09,озимая пшеница,0.6845343552876664,0.6641916140360401,311,6,-0.020342741251626273
55411,AOI-0074,2020-06-12,озимая пшеница,0.6645703908839244,0.6383107257608052,311,6,-0.02625966512311928
55412,AOI-0074,2020-06-13,озимая пшеница,0.6941250542543389,0.6407430551323784,311,6,-0.05338199912196051
55426,AOI-0074,2020-06-27,озимая пшеница,0.4842738483422721,0.45956071633508333,311,6,-0.024713132007188776
55518,AOI-0074,2020-09-27,озимая пшеница,0.144849510997878,0.15824463003556155,311,9,0.013395119037683562
55590,AOI-0074,2021-05-09,озимая пшеница,0.3662373303167421,0.3919477804097544,311,5,0.025710450093012316
55626,AOI-0074,2021-06-14,озимая пшеница,0.0628837737934595,0.4738673243345343,311,6,0.4109835505410748
55644,AOI-0074,2021-07-02,озимая пшеница,0.8261832175580124,0.6698934600154607,311,7,-0.1562897575425517
55649,AOI-0074,2021-07-07,озимая пшеница,0.7408896071496213,0.6513797839923664,311,7,-0.08950982315725486
55656,AOI-0074,2021-07-14,озимая пшеница,0.6561320027032457,0.6733261610019133,311,7,0.01719415829866766
55660,AOI-0074,2021-07-18,озимая пшеница,0.7724203582841712,0.671136018716608,311,7,-0.10128433956756322
55675,AOI-0074,2021-08-02,озимая пшеница,0.6368144159137852,0.5482189308056096,311,8,-0.08859548510817561
55764,AOI-0074,2021-10-30,озимая пшеница,0.2251012191194872,0.20725656857190364,311,10,-0.01784465054758355
55795,AOI-0074,2022-05-01,озимая пшеница,0.2460132202039869,0.2246361996532535,311,5,-0.0213770205507334
55834,AOI-0074,2022-06-09,озимая пшеница,0.2966220675445264,0.3047978588205522,311,6,0.008175791276025801
55860,AOI-0074,2022-07-05,озимая пшеница,0.8208626439734281,0.7319373583110516,311,7,-0.08892528566237656
55862,AOI-0074,2022-07-07,озимая пшеница,0.7852953515484973,0.7046778410247179,311,7,-0.08061751052377941
55892,AOI-0074,2022-08-06,озимая пшеница,0.7774528601572576,0.7577177660428694,311,8,-0.01973509411438812
55927,AOI-0074,2022-09-10,озимая пшеница,0.4507372052544104,0.4466769134139736,311,9,-0.004060291840436825
55928,AOI-0074,2022-09-11,озимая пшеница,0.3234070245704419,0.43312833341258244,311,9,0.10972130884214054
55987,AOI-0074,2023-04-10,озимая пшеница,0.1612177224877434,0.20279104172791756,311,4,0.041573319240174156
56022,AOI-0074,2023-05-15,озимая пшеница,0.2855581608088428,0.2656694267095513,311,5,-0.019888734099291483
56027,AOI-0074,2023-05-20,озимая пшеница,0.2933755088097123,0.307572177432024,311,5,0.01419666862231167
56042,AOI-0074,2023-06-04,озимая пшеница,0.5113442191089882,0.4944637948423359,311,6,-0.016880424266652316
56064,AOI-0074,2023-06-26,озимая пшеница,0.4226430187459599,0.40572334683811007,311,6,-0.01691967190784982
56130,AOI-0074,2023-08-31,озимая пшеница,0.187713690919532,0.19658138431626618,311,8,0.008867693396734183
56152,AOI-0074,2023-09-22,озимая пшеница,0.1805625955894756,0.17829074771816977,311,9,-0.0022718478713058265
56202,AOI-0074,2024-04-12,озимая пшеница,0.4043152423665028,0.40803370295564256,311,4,0.0037184605891397715
56217,AOI-0074,2024-04-27,озимая пшеница,0.5889243491905256,0.5815609114927328,311,4,-0.007363437697792796
56218,AOI-0074,2024-04-28,озимая пшеница,0.6035055811756035,0.5827072003924109,311,4,-0.020798380783192627
56224,AOI-0074,2024-05-04,озимая пшеница,0.667460340410925,0.6068887874253512,311,5,-0.06057155298557371
56237,AOI-0074,2024-05-17,озимая пшеница,0.6569343083574388,0.6176183257424932,311,5,-0.03931598261494562
56247,AOI-0074,2024-05-27,озимая пшеница,0.595106360029434,0.6100996630705485,311,5,0.01499330304111457
56304,AOI-0074,2024-07-23,озимая пшеница,0.2465248713999708,0.24130468697773183,311,7,-0.005220184422238983
56307,AOI-0074,2024-07-26,озимая пшеница,0.1692536996255012,0.23125049750167276,311,7,0.061996797876171544
56312,AOI-0074,2024-07-31,озимая пшеница,0.127801709134728,0.22701166130374759,311,7,0.0992099521690196
56435,AOI-0074,2025-05-02,озимая пшеница,0.2056782031553722,0.23214483894670562,311,5,0.02646663579133343
56458,AOI-0074,2025-05-25,озимая пшеница,0.2850701888563249,0.45922761010999047,311,5,0.17415742125366557
56466,AOI-0074,2025-06-02,озимая пшеница,0.3594264248597226,0.3672263325771161,311,6,0.007799907717393528
56507,AOI-0074,2025-07-13,озимая пшеница,0.6610444383023646,0.6925840067115634,311,7,0.031539568409198804
56524,AOI-0074,2025-07-30,озимая пшеница,0.6962655006141633,0.7052947416657351,311,7,0.009029241051571879
56545,AOI-0074,2025-08-20,озимая пшеница,0.4402995277515423,0.4790059918379354,311,8,0.03870646408639311
56557,AOI-0074,2025-09-01,озимая пшеница,0.2632152556409285,0.26505704450535916,311,9,0.001841788864430649
56637,AOI-0075,2025-04-21,озимая пшеница,0.3235889835323397,0.2643823888198464,311,4,-0.05920659471249334
56648,AOI-0075,2025-05-02,озимая пшеница,0.270734665237793,0.26696529949018555,311,5,-0.003769365747607445
56650,AOI-0075,2025-05-04,озимая пшеница,0.2438043066065136,0.23853040544413873,311,5,-0.005273901162374861
56683,AOI-0075,2025-06-06,озимая пшеница,0.3737009200816316,0.3703106476386824,311,6,-0.003390272442949205
56687,AOI-0075,2025-06-10,озимая пшеница,0.663145316214931,0.5731979291504293,311,6,-0.08994738706450167
56718,AOI-0075,2025-07-11,озимая пшеница,0.6185722018265084,0.6404745315963585,311,7,0.02190232976985007
56738,AOI-0075,2025-07-31,озимая пшеница,0.5836955868214424,0.5902494668836418,311,7,0.006553880062199369
56757,AOI-0075,2025-08-19,озимая пшеница,0.5191009232314346,0.4903708781155882,311,8,-0.028730045115846425
56832,AOI-0076,2025-04-07,озимая пшеница,0.2309281866679762,0.2926753140165925,311,4,0.061747127348616315
56848,AOI-0076,2025-05-12,озимая пшеница,0.2662348870746441,0.23488482909429043,311,5,-0.031350057980353674
56860,AOI-0076,2025-06-11,озимая пшеница,0.7213857410278284,0.6943209979939229,311,6,-0.027064743033905492
56881,AOI-0076,2025-08-13,озимая пшеница,0.6492506376312538,0.5171096246458358,311,8,-0.13214101298541803
56884,AOI-0076,2025-08-19,озимая пшеница,0.4056756264019714,0.40956837733459245,311,8,0.0038927509326210363
56888,AOI-0076,2025-08-29,озимая пшеница,0.3118027381871691,0.35790690983694096,311,8,0.046104171649771875
56901,AOI-0076,2025-10-16,озимая пшеница,0.3832001809954752,0.31315882540575035,311,10,-0.07004135558972485
56913,AOI-0077,2025-04-29,озимая пшеница,0.701918057162742,0.6786852608148072,311,4,-0.023232796347934848
56924,AOI-0077,2025-06-01,озимая пшеница,0.7784750927864547,0.646718085514669,311,6,-0.13175700727178563
56928,AOI-0077,2025-06-08,озимая пшеница,0.3814867960662975,0.571056919854872,311,6,0.18957012378857446
56933,AOI-0077,2025-06-26,озимая пшеница,0.5338130890052357,0.5230188804187275,311,6,-0.010794208586508258
56937,AOI-0077,2025-07-10,озимая пшеница,0.2230066255626202,0.24710856359349387,311,7,0.024101938030873682
56942,AOI-0077,2025-07-18,озимая пшеница,0.1835101588384741,0.2109676256403326,311,7,0.02745746680185851
56958,AOI-0077,2025-09-06,озимая пшеница,0.2635935461147418,0.1701347092091759,311,9,-0.09345883690556589
56975,AOI-0078,2025-04-04,озимая пшеница,0.5825348082157658,0.3484802362980362,311,4,-0.23405457191772955
57010,AOI-0078,2025-05-09,озимая пшеница,0.7842403667647725,0.672924128659242,311,5,-0.11131623810553049
57012,AOI-0078,2025-05-11,озимая пшеница,0.8732320504856925,0.7017972061019316,311,5,-0.1714348443837609
57080,AOI-0078,2025-07-18,озимая пшеница,0.1574784984324959,0.1787568643817171,311,7,0.021278365949221195
57083,AOI-0078,2025-07-21,озимая пшеница,0.1810948147891816,0.2288821306608284,311,7,0.04778731587164681
57138,AOI-0078,2025-09-14,озимая пшеница,0.2369844182426407,0.2800428366573792,311,9,0.043058418414738536
57170,AOI-0078,2025-10-16,озимая пшеница,0.4617952003622367,0.36167545296379944,311,10,-0.10011974739843726
6,AOI-0001,2010-04-07,озимая пшеница,0.4918884405159174,0.7048754455112973,577,4,0.21298700499537992
79,AOI-0001,2010-06-19,озимая пшеница,0.289866735469166,0.43002126814931474,577,6,0.1401545326801487
126,AOI-0001,2010-08-05,озимая пшеница,0.2595620376619891,0.2537460167825214,577,8,-0.005816020879467698
151,AOI-0001,2010-08-30,озимая пшеница,0.1589617400262272,0.17055841389565957,577,8,0.011596673869432361
214,AOI-0001,2011-04-02,озимая пшеница,0.1558049550545673,0.13413176962483192,577,4,-0.02167318542973537
279,AOI-0001,2011-06-06,озимая пшеница,0.4818190797932549,0.5464106086975491,577,6,0.0645915289042942
311,AOI-0001,2011-07-08,озимая пшеница,0.7712520011323701,0.7957595443844836,577,7,0.024507543252113462
347,AOI-0001,2011-08-13,озимая пшеница,0.4284993794905292,0.46065657803356624,577,8,0.03215719854303706
486,AOI-0001,2012-05-31,озимая пшеница,0.7279036400427955,0.6124958856611189,577,5,-0.11540775438167661
495,AOI-0001,2012-06-09,озимая пшеница,0.4854246244284782,0.5070319831858003,577,6,0.021607358757322115
654,AOI-0001,2013-04-16,озимая пшеница,0.7998728617736489,0.7318496532197556,577,4,-0.06802320855389332
773,AOI-0001,2013-08-13,озимая пшеница,0.2258507859373163,0.370936982106589,577,8,0.14508619616927268
874,AOI-0001,2014-04-23,озимая пшеница,0.4061868386675376,0.43257382028629754,577,4,0.026386981618759964
901,AOI-0001,2014-05-20,озимая пшеница,0.4130174353894709,0.3884158088161641,577,5,-0.02460162657330678
981,AOI-0001,2014-08-08,озимая пшеница,0.4944619945302101,0.5058139188487512,577,8,0.01135192431854104
1133,AOI-0001,2015-06-08,озимая пшеница,0.7947071923272728,0.7294789131635047,577,6,-0.06522827916376817
1167,AOI-0001,2015-07-12,озимая пшеница,0.2871526126714566,0.38895378350759147,577,7,0.10180117083613488
1247,AOI-0001,2015-09-30,озимая пшеница,0.2219707571801566,0.22396405928306717,577,9,0.0019933021029105713
1332,AOI-0001,2016-05-25,озимая пшеница,0.474403473696065,0.5871850471996405,577,5,0.11278157350357548
1379,AOI-0001,2016-07-11,озимая пшеница,0.3567804049640759,0.3652520020135829,577,7,0.008471597049506951
1443,AOI-0001,2016-09-13,озимая пшеница,0.3378143696930112,0.33208254330574477,577,9,-0.0057318263872664366
1460,AOI-0001,2016-09-30,озимая пшеница,1.0375758380275422,0.27843428296301337,577,9,-0.7591415550645289
1491,AOI-0001,2017-04-01,озимая пшеница,0.576951038270535,0.34062300042544025,577,4,-0.2363280378450947
1545,AOI-0001,2017-05-25,озимая пшеница,0.7266577400391903,0.7606268921471494,577,5,0.033969152107959144
1581,AOI-0001,2017-06-30,озимая пшеница,0.4494595027719163,0.586312556890827,577,6,0.13685305411891063
1656,AOI-0001,2017-09-13,озимая пшеница,0.1830558311833355,0.19346316696355678,577,9,0.010407335780221294
1689,AOI-0001,2017-10-16,озимая пшеница,0.4323826583932072,0.28441811848956483,577,10,-0.1479645399036424
1758,AOI-0001,2018-05-25,озимая пшеница,0.8195537230568258,0.7594563594462043,577,5,-0.06009736361062157
1779,AOI-0001,2018-06-15,озимая пшеница,0.4570444607516349,0.4376982994107002,577,6,-0.019346161340934698
1790,AOI-0001,2018-06-26,озимая пшеница,0.2963481384715872,0.38289884712552524,577,6,0.08655070865393805
1820,AOI-0001,2018-07-26,озимая пшеница,0.1702866730770812,0.27336770321943066,577,7,0.10308103014234946
1852,AOI-0001,2018-08-27,озимая пшеница,0.1865369959456821,0.30907483222120663,577,8,0.12253783627552453
1922,AOI-0001,2019-04-06,озимая пшеница,0.1668592992839871,0.21295985229882947,577,4,0.046100553014842366
1923,AOI-0001,2019-04-07,озимая пшеница,0.3036362181580667,0.4326667142570044,577,4,0.12903049609893774
2027,AOI-0001,2019-07-20,озимая пшеница,0.4037910393561491,0.3541082714144188,577,7,-0.049682767941730266
2082,AOI-0001,2019-09-13,озимая пшеница,0.2208222808645141,0.19328188454280773,577,9,-0.02754039632170638
2092,AOI-0001,2019-09-23,озимая пшеница,-0.0080282820632567,0.14313364520128907,577,9,0.15116192726454578
2125,AOI-0001,2019-10-26,озимая пшеница,0.2754452619293974,0.27086245115294705,577,10,-0.004582810776450341
2131,AOI-0001,2020-04-02,озимая пшеница,0.598022919288523,0.4265014940813091,577,4,-0.17152142520721392
2159,AOI-0001,2020-04-30,озимая пшеница,0.7095644214350622,0.7328178500344277,577,4,0.023253428599365522
2235,AOI-0001,2020-07-15,озимая пшеница,0.2084714374464287,0.23396813020962137,577,7,0.025496692763192663
2254,AOI-0001,2020-08-03,озимая пшеница,0.163218170368171,0.18550762108417845,577,8,0.022289450716007464
2289,AOI-0001,2020-09-07,озимая пшеница,0.2797971828328482,0.25001075282196944,577,9,-0.029786430010878773
2315,AOI-0001,2020-10-03,озимая пшеница,0.1790005543290375,0.20241320604020185,577,10,0.023412651711164356
2380,AOI-0001,2021-05-08,озимая пшеница,0.5185997661299724,0.4391475599590783,577,5,-0.0794522061708941
2395,AOI-0001,2021-05-23,озимая пшеница,0.4731715079299853,0.5035008297060023,577,5,0.030329321776016993
2459,AOI-0001,2021-07-26,озимая пшеница,0.6658048875233159,0.6405338993853368,577,7,-0.025270988137979122
2476,AOI-0001,2021-08-12,озимая пшеница,-0.429090097882423,0.4528442067543571,577,8,0.8819343046367801
2547,AOI-0001,2021-10-22,озимая пшеница,0.2118716150948196,0.21958914132828852,577,10,0.007717526233468913
2555,AOI-0001,2021-10-30,озимая пшеница,0.256278938029607,0.26562796915713727,577,10,0.009349031127530272
2578,AOI-0001,2022-04-23,озимая пшеница,0.7526996080992817,0.7183680663922585,577,4,-0.03433154170702324
2634,AOI-0001,2022-06-18,озимая пшеница,0.7061448999827347,0.6934440686806572,577,6,-0.012700831302077442
2665,AOI-0001,2022-07-19,озимая пшеница,0.3355850901315376,0.32857173324536526,577,7,-0.007013356886172328
2685,AOI-0001,2022-08-08,озимая пшеница,0.261876246391725,0.2627313008782914,577,8,0.0008550544865663645
2705,AOI-0001,2022-08-28,озимая пшеница,0.1969179532495891,0.2191646179401185,577,8,0.022246664690529383
2715,AOI-0001,2022-09-07,озимая пшеница,0.2273404549312375,0.24788436859387986,577,9,0.020543913662642355
2791,AOI-0001,2023-04-23,озимая пшеница,0.7131678641410846,0.7129971097846054,577,4,-0.0001707543564791747
2811,AOI-0001,2023-05-13,озимая пшеница,0.7346884941469781,0.7770694747792044,577,5,0.042380980632226284
2844,AOI-0001,2023-06-15,озимая пшеница,0.8941311160062788,0.8681249568559252,577,6,-0.026006159150353647
2871,AOI-0001,2023-07-12,озимая пшеница,0.2966985303723058,0.3612420235273094,577,7,0.06454349315500357
2945,AOI-0001,2023-09-24,озимая пшеница,0.194354465251819,0.21882051409610492,577,9,0.024466048844285937
2948,AOI-0001,2023-09-27,озимая пшеница,0.1762239763677196,0.19838195974736506,577,9,0.022157983379645446
2990,AOI-0001,2024-04-09,озимая пшеница,0.7033901570800051,0.6309113185835529,577,4,-0.0724788384964522
3034,AOI-0001,2024-05-23,озимая пшеница,0.7980385967343004,0.8265098693837847,577,5,0.028471272649484236
3074,AOI-0001,2024-07-02,озимая пшеница,0.3675548303353989,0.31643022881817673,577,7,-0.051124601517222146
3115,AOI-0001,2024-08-12,озимая пшеница,0.1567391352581243,0.24010713848798343,577,8,0.08336800322985913
3125,AOI-0001,2024-08-22,озимая пшеница,0.1504921712675575,0.15330452941845193,577,8,0.002812358150894423
3201,AOI-0001,2025-04-07,озимая пшеница,0.3652618876551275,0.4086209376210824,577,4,0.04335904996595491
3315,AOI-0001,2025-07-30,озимая пшеница,0.3418079888432604,0.35084221695636164,577,7,0.009034228113101228
3330,AOI-0001,2025-08-14,озимая пшеница,0.2964736974845159,0.24173245486810707,577,8,-0.054741242616408836
3335,AOI-0001,2025-08-19,озимая пшеница,0.2147965637431217,0.21040657052129444,577,8,-0.00438999322182726
3338,AOI-0001,2025-08-22,озимая пшеница,0.2117398483515584,0.2067416796577514,577,8,-0.004998168693807009
3373,AOI-0001,2025-09-26,озимая пшеница,0.2089199455022372,0.19522632550917357,577,9,-0.013693619993063622
3424,AOI-0002,2025-04-17,озимая пшеница,0.8037006678167701,0.8091932192379601,577,4,0.005492551421189984
3426,AOI-0002,2025-04-19,озимая пшеница,0.8606566905196058,0.7954142720588186,577,4,-0.06524241846078715
3476,AOI-0002,2025-06-08,озимая пшеница,0.4117396985101638,0.5039859894031675,577,6,0.09224629089300374
3521,AOI-0002,2025-07-23,озимая пшеница,0.2021636036421595,0.1810918101149007,577,7,-0.021071793527258798
3559,AOI-0002,2025-08-30,озимая пшеница,0.218463170796843,0.22285675674051855,577,8,0.00439358594367556
3567,AOI-0002,2025-09-07,озимая пшеница,0.2207698002404996,0.20464484563922788,577,9,-0.016124954601271724
3643,AOI-0003,2025-04-23,озимая пшеница,0.8578908778625953,0.8525506100484795,577,4,-0.0053402678141157844
3678,AOI-0003,2025-05-28,озимая пшеница,0.6562537691408792,0.7697264630355642,577,5,0.11347269389468506
3709,AOI-0003,2025-06-28,озимая пшеница,0.1880169959128333,0.2529428568269629,577,6,0.06492586091412958
3728,AOI-0003,2025-07-17,озимая пшеница,0.1442444534268911,0.19283733853431972,577,7,0.048592885107428624
3754,AOI-0003,2025-08-12,озимая пшеница,0.184054163635445,0.19975302581049376,577,8,0.01569886217504876
3776,AOI-0003,2025-09-03,озимая пшеница,0.1790349749618665,0.1503754494251084,577,9,-0.0286595255367581
3788,AOI-0003,2025-09-15,озимая пшеница,0.1971597774295365,0.24385618455626662,577,9,0.04669640712673012
3821,AOI-0003,2025-10-18,озимая пшеница,0.3280938667004101,0.24277574493542384,577,10,-0.08531812176498624
3831,AOI-0003,2025-10-28,озимая пшеница,0.1926798905729186,0.26885092782608494,577,10,0.07617103725316635
3872,AOI-0004,2025-05-09,озимая пшеница,0.5767706319036298,0.6863305121875221,577,5,0.1095598802838923
3942,AOI-0004,2025-07-18,озимая пшеница,0.4371234587410624,0.45923378130412373,577,7,0.022110322563061335
3967,AOI-0004,2025-08-12,озимая пшеница,0.4090527653613894,0.33708252894116286,577,8,-0.07197023642022654
3972,AOI-0004,2025-08-17,озимая пшеница,0.3808595238772488,0.34147547591382577,577,8,-0.03938404796342304
3982,AOI-0004,2025-08-27,озимая пшеница,0.3611170672708078,0.3281506929767527,577,8,-0.03296637429405508
3993,AOI-0004,2025-09-07,озимая пшеница,0.3690393494039043,0.3348398589501317,577,9,-0.03419949045377263
4065,AOI-0005,2025-04-19,озимая пшеница,0.615867763394536,0.5891173562043446,577,4,-0.026750407190191394
4115,AOI-0005,2025-06-08,озимая пшеница,0.6006333203915126,0.6190439016977305,577,6,0.018410581306217866
4155,AOI-0005,2025-07-18,озимая пшеница,0.3549521586873462,0.3649383454133496,577,7,0.009986186726003377
4190,AOI-0005,2025-08-22,озимая пшеница,0.2896994700778882,0.26788007151577553,577,8,-0.02181939856211268
4210,AOI-0005,2025-09-11,озимая пшеница,0.1717949667403646,0.23774629332381897,577,9,0.06595132658345437
4214,AOI-0005,2025-09-15,озимая пшеница,0.3063766392644343,0.2646501242979574,577,9,-0.04172651496647689
4269,AOI-0006,2025-05-04,озимая пшеница,0.225871525391425,0.18371500137970118,577,5,-0.04215652401172382
4282,AOI-0006,2025-06-28,озимая пшеница,0.5499107067694771,0.7338057395118102,577,6,0.1838950327423331
4289,AOI-0006,2025-07-18,озимая пшеница,0.4258076214261095,0.5005578473063989,577,7,0.07475022588028934
4299,AOI-0006,2025-08-12,озимая пшеница,0.2855490371449873,0.3106728333123407,577,8,0.025123796167353385
4309,AOI-0006,2025-09-08,озимая пшеница,0.1497473112416869,0.16696586165828484,577,9,0.01721855041659795
4316,AOI-0006,2025-09-30,озимая пшеница,0.315238626609442,0.27326581634178393,577,9,-0.04197281026765809
4377,AOI-0007,2025-05-28,озимая пшеница,0.769628461792281,0.7488678734234758,577,5,-0.020760588368805122
4383,AOI-0007,2025-06-03,озимая пшеница,0.8039975994438987,0.7635605096302402,577,6,-0.040437089813658456
4388,AOI-0007,2025-06-08,озимая пшеница,0.6555573776223546,0.602190840094653,577,6,-0.053366537527701596
4432,AOI-0007,2025-07-22,озимая пшеница,0.2176086314444393,0.15897655374009156,577,7,-0.058632077704347724
4433,AOI-0007,2025-07-23,озимая пшеница,0.1368918014600975,0.1353276208023177,577,7,-0.0015641806577798012
4470,AOI-0007,2025-08-29,озимая пшеница,0.1481347505703089,0.16943157733211645,577,8,0.021296826761807552
4472,AOI-0007,2025-08-31,озимая пшеница,0.1888777434496562,0.1683874959444992,577,8,-0.02049024750515699
4507,AOI-0007,2025-10-05,озимая пшеница,0.1530792058403083,0.21450606004248873,577,10,0.06142685420218044
4518,AOI-0007,2025-10-16,озимая пшеница,0.504426410026858,0.3360385148927311,577,10,-0.16838789513412683
4536,AOI-0008,2025-04-16,озимая пшеница,0.5420507733995085,0.7916610307077124,577,4,0.24961025730820396
4540,AOI-0008,2025-04-23,озимая пшеница,0.7566566115702479,0.9036841665933497,577,4,0.14702755502310183
4544,AOI-0008,2025-05-01,озимая пшеница,0.8897905585075614,0.8546660429369554,577,5,-0.03512451557060603
4559,AOI-0008,2025-06-15,озимая пшеница,0.7007002781594087,0.5680344051430436,577,6,-0.13266587301636512
4561,AOI-0008,2025-06-28,озимая пшеница,0.2727862318297628,0.2982878471521826,577,6,0.02550161532241979
4576,AOI-0008,2025-07-28,озимая пшеница,0.1512755939756565,0.18978877517779236,577,7,0.03851318120213584
4577,AOI-0008,2025-07-30,озимая пшеница,0.1424038860321836,0.16039459323647928,577,7,0.017990707204295686
4587,AOI-0008,2025-08-19,озимая пшеница,0.1531161706355512,0.15270144788764065,577,8,-0.0004147227479105453
4630,AOI-0009,2025-04-19,озимая пшеница,0.7946882060583588,0.7508201040989199,577,4,-0.04386810195943891
4666,AOI-0009,2025-05-25,озимая пшеница,0.7975855562112718,0.7404551303756627,577,5,-0.05713042583560912
4708,AOI-0009,2025-07-06,озимая пшеница,0.2539618283675486,0.2224615175031671,577,7,-0.031500310864381514
4717,AOI-0009,2025-07-15,озимая пшеница,0.1526542285566669,0.16025054005756942,577,7,0.007596311500902508
4724,AOI-0009,2025-07-22,озимая пшеница,0.2447520146206542,0.1969837981228003,577,7,-0.0477682164978539
4747,AOI-0009,2025-08-14,озимая пшеница,0.1598175248799739,0.17562815636743162,577,8,0.015810631487457733
4749,AOI-0009,2025-08-16,озимая пшеница,0.1688994145617127,0.18610366725566213,577,8,0.01720425269394943
4777,AOI-0009,2025-09-13,озимая пшеница,0.1655733068333879,0.13529058337296104,577,9,-0.030282723460426847
4788,AOI-0009,2025-09-24,озимая пшеница,0.2149301788015548,0.21472433645354158,577,9,-0.00020584234801321322
4831,AOI-0010,2010-06-10,озимая пшеница,0.500515306122449,0.5369718133176612,577,6,0.03645650719521221
4834,AOI-0010,2010-06-26,озимая пшеница,0.346234693877551,0.35588831403163695,577,6,0.00965362015408594
4837,AOI-0010,2010-07-13,озимая пшеница,0.2020471103724208,0.24202203851793375,577,7,0.039974928145512956
4854,AOI-0010,2011-05-09,озимая пшеница,0.725908163265306,0.759741420638931,577,5,0.03383325737362497
4857,AOI-0010,2011-06-06,озимая пшеница,0.7021114767340875,0.6649350651219708,577,6,-0.03717641161211671
4861,AOI-0010,2011-06-26,озимая пшеница,0.3332867346938776,0.3773973958319812,577,6,0.04411066113810358
4881,AOI-0010,2012-05-08,озимая пшеница,0.3397316326530612,0.4711253995604636,577,5,0.1313937669074024
4891,AOI-0010,2012-09-04,озимая пшеница,0.1944858899248152,0.21920665757751143,577,9,0.024720767652696235
4899,AOI-0010,2013-04-24,озимая пшеница,0.8391384661161518,0.691962649303066,577,4,-0.1471758168130859
4905,AOI-0010,2013-06-19,озимая пшеница,0.3121741358270364,0.3075265025157947,577,6,-0.0046476333112416834
4915,AOI-0010,2013-08-29,озимая пшеница,0.2480306122448979,0.3041155806538183,577,8,0.05608496840892038
4943,AOI-0010,2014-09-02,озимая пшеница,0.2089987203378616,0.17790157480595958,577,9,-0.031097145531902015
4946,AOI-0010,2014-09-26,озимая пшеница,0.1030350790548789,0.16606696398326806,577,9,0.06303188492838917
4951,AOI-0010,2014-10-28,озимая пшеница,0.1640552230400747,0.14768675444674573,577,10,-0.016368468593328966
4952,AOI-0010,2015-04-06,озимая пшеница,0.1952741280802332,0.1672271033087795,577,4,-0.02804702477145371
4964,AOI-0010,2015-06-26,озимая пшеница,0.3202918367346938,0.30617361903889756,577,6,-0.014118217695796242
4965,AOI-0010,2015-07-12,озимая пшеница,0.2757102040816327,0.2977187738325463,577,7,0.022008569750913587
4986,AOI-0010,2016-05-10,озимая пшеница,0.8356766795973165,0.8042623324382796,577,5,-0.031414347159036904
4990,AOI-0010,2016-06-09,озимая пшеница,0.5782265306122448,0.5507241368211635,577,6,-0.027502393791081325
5006,AOI-0010,2016-10-15,озимая пшеница,0.3320989795918368,0.3444348100343399,577,10,0.012335830442503082
5013,AOI-0010,2017-04-23,озимая пшеница,0.7116561224489797,0.708162628648326,577,4,-0.0034934938006536687
5022,AOI-0010,2017-05-29,озимая пшеница,0.7695458852495133,0.789637204629924,577,5,0.020091319380410755
5024,AOI-0010,2017-06-10,озимая пшеница,0.5605418367346938,0.6287040513728206,577,6,0.06816221463812677
5027,AOI-0010,2017-06-30,озимая пшеница,0.2577972634493986,0.32658004121799117,577,6,0.0687827777685926
5030,AOI-0010,2017-07-16,озимая пшеница,0.184216052774035,0.22699410280913904,577,7,0.04277805003510404
5040,AOI-0010,2017-08-14,озимая пшеница,0.1403800125839296,0.14027817198746217,577,8,-0.00010184059646742294
5073,AOI-0010,2018-05-24,озимая пшеница,0.8071501158504031,0.7355856821943771,577,5,-0.07156443365602594
5076,AOI-0010,2018-06-01,озимая пшеница,0.6302722844946463,0.6415080827032771,577,6,0.011235798208630743
5077,AOI-0010,2018-06-02,озимая пшеница,0.7003169968190667,0.6161278736808109,577,6,-0.08418912313825577
5101,AOI-0010,2018-10-15,озимая пшеница,0.1962760432979107,0.17976333964095575,577,10,-0.016512703656954952
5111,AOI-0010,2019-05-06,озимая пшеница,0.752643814155408,0.7237718960260493,577,5,-0.028871918129358742
5126,AOI-0010,2019-06-10,озимая пшеница,0.4046787478696037,0.40062176859545895,577,6,-0.0040569792741447785
5156,AOI-0010,2019-08-24,озимая пшеница,0.1686488262654771,0.17291627738388352,577,8,0.004267451118406429
5157,AOI-0010,2019-08-26,озимая пшеница,0.1611159907498465,0.17595798348562136,577,8,0.014841992735774856
5166,AOI-0010,2019-09-15,озимая пшеница,0.1616095310728945,0.171057181113699,577,9,0.0094476500408045
5172,AOI-0010,2019-10-10,озимая пшеница,0.2948213796401121,0.24430197908540746,577,10,-0.05051940055470466
5173,AOI-0010,2019-10-13,озимая пшеница,0.257393321591814,0.24706620719662858,577,10,-0.01032711439518541
5175,AOI-0010,2019-10-16,озимая пшеница,0.3573367346938775,0.35789886358869866,577,10,0.0005621288948211567
5193,AOI-0010,2020-05-17,озимая пшеница,0.5935374213518451,0.6061782127452452,577,5,0.01264079139340013
5196,AOI-0010,2020-05-30,озимая пшеница,0.504590771512424,0.43661480523768026,577,5,-0.06797596627474378
5201,AOI-0010,2020-06-24,озимая пшеница,0.215651921644229,0.22176075453394944,577,6,0.006108832889720445
5202,AOI-0010,2020-06-25,озимая пшеница,0.2818591836734694,0.313314247992229,577,6,0.03145506431875961
5204,AOI-0010,2020-06-29,озимая пшеница,0.1750791459571428,0.18724355572592066,577,6,0.012164409768777862
5221,AOI-0010,2020-08-09,озимая пшеница,0.1759620142454839,0.20570187228300874,577,8,0.029739858037524824
5250,AOI-0010,2020-10-12,озимая пшеница,0.1380232877823456,0.15303996121875818,577,10,0.015016673436412581
5253,AOI-0010,2020-10-20,озимая пшеница,0.2604797552067147,0.19298070180415475,577,10,-0.06749905340255993
5259,AOI-0010,2021-04-22,озимая пшеница,0.3679933601199035,0.3159484627173962,577,4,-0.05204489740250734
5260,AOI-0010,2021-04-23,озимая пшеница,0.515334693877551,0.5149334266985411,577,4,-0.00040126717900990094
5274,AOI-0010,2021-06-11,озимая пшеница,0.2672196907140405,0.2476575581530842,577,6,-0.01956213256095629
5287,AOI-0010,2021-07-21,озимая пшеница,0.2091758193262887,0.20699996999170134,577,7,-0.0021758493345873653
5288,AOI-0010,2021-07-24,озимая пшеница,0.2487430646974756,0.2219647011965954,577,7,-0.026778363500880198
5301,AOI-0010,2021-08-29,озимая пшеница,0.3675581632653061,0.3871591795022439,577,8,0.019601016236937774
5307,AOI-0010,2021-09-14,озимая пшеница,0.3319059983567324,0.3707711247389335,577,9,0.038865126382201076
5329,AOI-0010,2022-05-10,озимая пшеница,0.8159331438805285,0.7585942004826853,577,5,-0.05733894339784318
5337,AOI-0010,2022-06-09,озимая пшеница,0.6953192961154571,0.6805988325665437,577,6,-0.01472046354891332
5355,AOI-0010,2022-07-30,озимая пшеница,0.342067247390131,0.2845258673972386,577,7,-0.05754137999289238
5357,AOI-0010,2022-08-07,озимая пшеница,0.3734406241364158,0.2939928087111385,577,8,-0.07944781542527735
5361,AOI-0010,2022-08-15,озимая пшеница,0.3105164722967027,0.2966480699584692,577,8,-0.013868402338233499
5370,AOI-0010,2022-09-09,озимая пшеница,0.2575317038184936,0.22021644598437512,577,9,-0.03731525783411849
5378,AOI-0010,2022-10-14,озимая пшеница,0.2738697158270139,0.22590487897927525,577,10,-0.04796483684773867
5391,AOI-0010,2023-05-20,озимая пшеница,0.7287717505933409,0.7419716600404012,577,5,0.013199909447060287
5393,AOI-0010,2023-06-06,озимая пшеница,0.7478100139945152,0.7332827528798438,577,6,-0.014527261114671397
5405,AOI-0010,2023-07-05,озимая пшеница,0.3963318629957829,0.39632922940839804,577,7,-2.6335873848370994e-06
5422,AOI-0010,2023-08-20,озимая пшеница,0.257952855491369,0.23685949633052134,577,8,-0.021093359160847647
5426,AOI-0010,2023-08-29,озимая пшеница,0.2582816326530612,0.32214385926762146,577,8,0.06386222661456026
5434,AOI-0010,2023-09-22,озимая пшеница,0.2652860646480194,0.24655177686354873,577,9,-0.01873428778447067
5446,AOI-0010,2023-10-16,озимая пшеница,0.3692265306122449,0.3356489330591277,577,10,-0.03357759755311723
5462,AOI-0010,2024-05-24,озимая пшеница,0.6854318913562367,0.6595737504597645,577,5,-0.025858140896472204
5468,AOI-0010,2024-06-17,озимая пшеница,0.3182876432930487,0.2441964930977861,577,6,-0.0740911501952626
5489,AOI-0010,2024-08-14,озимая пшеница,0.2042390866669158,0.18013906706811114,577,8,-0.024100019598804645
5491,AOI-0010,2024-08-19,озимая пшеница,0.2084240777183119,0.1976154040580212,577,8,-0.010808673660290702
5496,AOI-0010,2024-08-29,озимая пшеница,0.1848987814533233,0.17167105256069906,577,8,-0.013227728892624246
5506,AOI-0010,2024-09-29,озимая пшеница,0.2418838427075713,0.2690918114940699,577,9,0.027207968786498615
5535,AOI-0010,2025-06-03,озимая пшеница,0.6229871017814621,0.6176554312713854,577,6,-0.005331670510076658
5540,AOI-0010,2025-06-10,озимая пшеница,0.3364153061224489,0.4029654954867481,577,6,0.06655018936429918
5541,AOI-0010,2025-06-15,озимая пшеница,0.2848823874290542,0.34300637593317707,577,6,0.05812398850412287
5549,AOI-0010,2025-07-10,озимая пшеница,0.1786634467914308,0.14970564372939565,577,7,-0.02895780306203516
5555,AOI-0010,2025-07-23,озимая пшеница,0.1622108813352362,0.1356552067095989,577,7,-0.026555674625637293
5574,AOI-0010,2025-08-31,озимая пшеница,0.2293602951602673,0.2123556365064904,577,8,-0.0170046586537769
5578,AOI-0010,2025-09-14,озимая пшеница,0.2551081632653061,0.270745774605247,577,9,0.015637611339940904
5588,AOI-0010,2025-10-03,озимая пшеница,0.2272558055281486,0.2263478389412082,577,10,-0.000907966586940423
5610,AOI-0011,2025-04-18,озимая пшеница,0.8238464233107823,0.7902589990885536,577,4,-0.03358742422222871
5647,AOI-0011,2025-05-25,озимая пшеница,0.7877680023923446,0.7768898234699445,577,5,-0.010878178922400061
5660,AOI-0011,2025-06-07,озимая пшеница,0.3892464598757531,0.41490512732322815,577,6,0.025658667447475025
5690,AOI-0011,2025-07-07,озимая пшеница,0.2015619836983691,0.20873259296724977,577,7,0.007170609268880662
5698,AOI-0011,2025-07-15,озимая пшеница,0.2110738905633006,0.2006434528863934,577,7,-0.010430437676907184
5711,AOI-0011,2025-07-28,озимая пшеница,0.2232582369643344,0.23272016090361486,577,7,0.00946192393928047
5721,AOI-0011,2025-08-07,озимая пшеница,0.2317457425621044,0.189396521254031,577,8,-0.04234922130807339
5726,AOI-0011,2025-08-12,озимая пшеница,0.2404208188388535,0.1967954247621888,577,8,-0.043625394076664686
5731,AOI-0011,2025-08-17,озимая пшеница,0.2235639692698729,0.21555787380334684,577,8,-0.008006095466526059
5830,AOI-0012,2025-06-07,озимая пшеница,0.4528303982212943,0.5045193110298993,577,6,0.05168891280860505
5838,AOI-0012,2025-07-07,озимая пшеница,0.1629610149525412,0.18756820338160718,577,7,0.02460718842906598
5842,AOI-0012,2025-07-13,озимая пшеница,0.1660629139103641,0.18543514330369948,577,7,0.019372229393335383
5844,AOI-0012,2025-07-15,озимая пшеница,0.1399379979080713,0.1696075409120446,577,7,0.029669543003973314
5846,AOI-0012,2025-07-23,озимая пшеница,0.1512406212124031,0.17168305075670565,577,7,0.02044242954430256
5847,AOI-0012,2025-07-25,озимая пшеница,0.149624565037616,0.1687687754647061,577,7,0.01914421042709008
5862,AOI-0012,2025-08-24,озимая пшеница,0.1458318018794883,0.14677592819117194,577,8,0.0009441263116836407
5876,AOI-0012,2025-09-26,озимая пшеница,0.2038273662993816,0.20589931531797118,577,9,0.002071949018589564
5901,AOI-0013,2010-07-13,озимая пшеница,0.3264460867047308,0.39885005358729664,577,7,0.07240396688256584
5905,AOI-0013,2010-08-06,озимая пшеница,0.2902032427282096,0.2982658286168177,577,8,0.008062585888608143
5906,AOI-0013,2010-08-13,озимая пшеница,0.3449298795180722,0.3687238426065053,577,8,0.023793963088433123
5908,AOI-0013,2010-08-29,озимая пшеница,0.2009976743293573,0.30422258455409035,577,8,0.10322491022473304
5919,AOI-0013,2011-04-07,озимая пшеница,0.2432843373493976,0.30873007732683344,577,4,0.06544573997743583
5937,AOI-0013,2011-07-16,озимая пшеница,0.4931689487295655,0.4947587754956915,577,7,0.0015898267661260124
5946,AOI-0013,2011-08-29,озимая пшеница,0.4347684337349398,0.4741168200258298,577,8,0.03934838629088999
5953,AOI-0013,2011-09-30,озимая пшеница,0.4279985542168674,0.559425225347281,577,9,0.13142667113041362
5970,AOI-0013,2012-07-11,озимая пшеница,0.5140231325301206,0.49077767868100747,577,7,-0.023245453849113085
5983,AOI-0013,2012-10-06,озимая пшеница,0.2637251127394761,0.22873114467822042,577,10,-0.034993968061255654
5984,AOI-0013,2012-10-13,озимая пшеница,0.3137151002346092,0.21243333362387573,577,10,-0.10128176661073346
5991,AOI-0013,2013-05-01,озимая пшеница,0.2912832989217405,0.31141747818734244,577,5,0.02013417926560196
6007,AOI-0013,2013-07-29,озимая пшеница,0.4261517762750368,0.5113137797717562,577,7,0.08516200349671937
6010,AOI-0013,2013-08-14,озимая пшеница,0.3831800274804388,0.3944641413804991,577,8,0.011284113900060344
6022,AOI-0013,2013-10-24,озимая пшеница,0.5647043347405036,0.5754495442330534,577,10,0.010745209492549757
6043,AOI-0013,2014-07-08,озимая пшеница,0.3063568934725598,0.385414225905657,577,7,0.0790573324330972
6044,AOI-0013,2014-07-12,озимая пшеница,0.4407074698795181,0.4734373080260855,577,7,0.032729838146567436
6054,AOI-0013,2014-08-16,озимая пшеница,0.3615815736357593,0.34578161240910954,577,8,-0.015799961226649784
6061,AOI-0013,2014-09-18,озимая пшеница,0.3929346510648984,0.31651689695523405,577,9,-0.07641775410966434
6062,AOI-0013,2014-09-26,озимая пшеница,0.4195928556158151,0.2799486801671141,577,9,-0.139644175448701
6078,AOI-0013,2015-05-25,озимая пшеница,0.6554101204819277,0.5526297550573537,577,5,-0.10278036542457403
6082,AOI-0013,2015-06-10,озимая пшеница,0.5242889156626506,0.5424246691288391,577,6,0.018135753466188564
6083,AOI-0013,2015-06-24,озимая пшеница,0.7436551237795508,0.48596216941367276,577,6,-0.257692954365878
6100,AOI-0013,2015-09-04,озимая пшеница,0.325859507331195,0.36480763602445904,577,9,0.03894812869326403
6121,AOI-0013,2016-05-24,озимая пшеница,0.6007792771084337,0.5968569844151035,577,5,-0.0039222926933302205
6126,AOI-0013,2016-06-19,озимая пшеница,0.5114390031186432,0.4181905590685867,577,6,-0.0932484440500565
6131,AOI-0013,2016-07-05,озимая пшеница,0.5268149162537176,0.4972100151412429,577,7,-0.029604901112474657
6134,AOI-0013,2016-07-13,озимая пшеница,0.4989780818803745,0.5759941271917031,577,7,0.07701604531132855
6135,AOI-0013,2016-07-27,озимая пшеница,0.6766616867469879,0.6075586713343433,577,7,-0.06910301541264463
6162,AOI-0013,2017-04-23,озимая пшеница,0.5747513253012049,0.5016911919659184,577,4,-0.07306013333528649
6184,AOI-0013,2017-07-24,озимая пшеница,0.618705344769091,0.4886571870496268,577,7,-0.1300481577194642
6190,AOI-0013,2017-08-06,озимая пшеница,0.4629456654404575,0.44702122816765055,577,8,-0.015924437272806957
6201,AOI-0013,2017-08-29,озимая пшеница,0.4073198646096241,0.49643195905998905,577,8,0.08911209445036494
6212,AOI-0013,2017-09-25,озимая пшеница,0.4504972708750536,0.45723779080632476,577,9,0.006740519931271172
6220,AOI-0013,2017-10-19,озимая пшеница,0.411309663870583,0.36331296467693575,577,10,-0.04799669919364724
6222,AOI-0013,2018-04-06,озимая пшеница,0.3749203042584366,0.30403857800148176,577,4,-0.07088172625695482
6224,AOI-0013,2018-04-11,озимая пшеница,0.4132537473414038,0.30166829719565585,577,4,-0.11158545014574794
6229,AOI-0013,2018-04-30,озимая пшеница,0.2889084904074577,0.2949081290643319,577,4,0.0059996386568741955
6233,AOI-0013,2018-05-15,озимая пшеница,0.3987662248708065,0.34034390499024725,577,5,-0.05842231988055924
6243,AOI-0013,2018-06-20,озимая пшеница,0.2931404270921853,0.41986599836399285,577,6,0.12672557127180756
6274,AOI-0013,2018-10-14,озимая пшеница,0.3554997984613616,0.3454829549248253,577,10,-0.010016843536536313
6281,AOI-0013,2019-04-23,озимая пшеница,0.3328917130726703,0.42067614638497824,577,4,0.08778443331230795
6288,AOI-0013,2019-05-09,озимая пшеница,0.4592633734939759,0.5405205824963519,577,5,0.08125720900237604
6303,AOI-0013,2019-06-11,озимая пшеница,0.5126466620364801,0.4535445389906511,577,6,-0.059102123045829014
6316,AOI-0013,2019-07-06,озимая пшеница,0.4362541083023957,0.4481963727904992,577,7,0.011942264488103482
6322,AOI-0013,2019-07-22,озимая пшеница,0.5635849114698651,0.5019431176334893,577,7,-0.0616417938363758
6324,AOI-0013,2019-07-29,озимая пшеница,0.5363681033963087,0.5473106374237858,577,7,0.010942534027477135
6346,AOI-0013,2019-09-14,озимая пшеница,0.4298240963855422,0.49854394132740454,577,9,0.06871984494186234
6347,AOI-0013,2019-09-15,озимая пшеница,0.4678292449096162,0.46985829512499866,577,9,0.0020290502153824663
6371,AOI-0013,2020-04-25,озимая пшеница,0.3606679340246042,0.31548758555408274,577,4,-0.045180348470521436
6373,AOI-0013,2020-04-30,озимая пшеница,0.3101304988101023,0.34606167273202004,577,4,0.03593117392191775
6378,AOI-0013,2020-05-13,озимая пшеница,0.3604415963218964,0.3890083179839584,577,5,0.028566721662062033
6396,AOI-0013,2020-07-07,озимая пшеница,0.5125950074868143,0.5482989719474702,577,7,0.035703964460655935
6419,AOI-0013,2020-08-24,озимая пшеница,0.4643905446840499,0.4491299490027365,577,8,-0.015260595681313383
6422,AOI-0013,2020-08-30,озимая пшеница,0.4576071484066344,0.3571806425332645,577,8,-0.10042650587336993
6425,AOI-0013,2020-09-04,озимая пшеница,0.420269358091092,0.3594234803894034,577,9,-0.06084587770168859
6429,AOI-0013,2020-09-12,озимая пшеница,0.4391789169132338,0.35392525115867923,577,9,-0.08525366575455456
6443,AOI-0013,2020-10-12,озимая пшеница,0.3152856215720786,0.33308573805898767,577,10,0.017800116486909046
6450,AOI-0013,2021-04-06,озимая пшеница,0.2782232009731777,0.2192534432329803,577,4,-0.058969757740197415
6457,AOI-0013,2021-05-02,озимая пшеница,0.4400726502784839,0.4281147198136053,577,5,-0.011957930464878586
6460,AOI-0013,2021-05-09,озимая пшеница,0.5868412048192772,0.5793469062271059,577,5,-0.007494298592171211
6480,AOI-0013,2021-07-10,озимая пшеница,0.5313709062813956,0.5621094599187431,577,7,0.030738553637347454
6490,AOI-0013,2021-07-28,озимая пшеница,0.4292520481927711,0.4984131598752138,577,7,0.06916111168244271
6503,AOI-0013,2021-08-28,озимая пшеница,0.5269389615404143,0.46232950882305046,577,8,-0.06460945271736385
6512,AOI-0013,2021-09-17,озимая пшеница,0.4799391898647623,0.43389520373324697,577,9,-0.046043986131515335
6515,AOI-0013,2021-09-29,озимая пшеница,0.3665006781861797,0.4115479443527905,577,9,0.04504726616661081
6527,AOI-0013,2022-04-10,озимая пшеница,0.6363535416790126,0.5142860001857641,577,4,-0.1220675414932485
6535,AOI-0013,2022-05-20,озимая пшеница,0.4805768632398462,0.4950198395344629,577,5,0.01444297629461666
6546,AOI-0013,2022-06-11,озимая пшеница,0.3787864152424748,0.4353891125654421,577,6,0.0566026973229673
6560,AOI-0013,2022-07-12,озимая пшеница,0.6259002545545338,0.5419987318284263,577,7,-0.08390152272610751
6566,AOI-0013,2022-07-28,озимая пшеница,0.5639438554216868,0.5285600367596694,577,7,-0.03538381866201734
6580,AOI-0013,2022-08-28,озимая пшеница,0.4489038046134067,0.4594501537988269,577,8,0.010546349185420245
6585,AOI-0013,2022-09-02,озимая пшеница,0.444722578307309,0.34846912177593725,577,9,-0.09625345653137174
6594,AOI-0013,2022-09-30,озимая пшеница,0.3903077108433735,0.484918641222298,577,9,0.09461093037892448
6603,AOI-0013,2023-04-02,озимая пшеница,0.3965656356550072,0.4266199568757229,577,4,0.03005432122071572
6626,AOI-0013,2023-06-23,озимая пшеница,0.5438053287334137,0.5867938610923807,577,6,0.042988532358967046
6637,AOI-0013,2023-07-21,озимая пшеница,0.4940731526378673,0.5026239125692392,577,7,0.008550759931371943
6642,AOI-0013,2023-07-31,озимая пшеница,0.4838937613342579,0.4556811623527405,577,7,-0.0282125989815174
6643,AOI-0013,2023-08-01,озимая пшеница,0.53426522030077,0.4642607470476803,577,8,-0.07000447325308967
6644,AOI-0013,2023-08-02,озимая пшеница,0.4814010043489218,0.4480173359793139,577,8,-0.03338366836960788
6666,AOI-0013,2023-09-17,озимая пшеница,0.5853875253516514,0.48248463561950206,577,9,-0.10290288973214934
6669,AOI-0013,2023-09-22,озимая пшеница,0.5038389910896862,0.48457132540587156,577,9,-0.01926766568381466
6691,AOI-0013,2024-04-06,озимая пшеница,0.3073460050568526,0.3832817044201841,577,4,0.0759356993633315
6709,AOI-0013,2024-06-05,озимая пшеница,0.490862096143481,0.5504689869305596,577,6,0.05960689078707859
6718,AOI-0013,2024-06-25,озимая пшеница,0.4724759914278798,0.5469177639057636,577,6,0.0744417724778838
6722,AOI-0013,2024-07-05,озимая пшеница,0.5100314380091397,0.5060032610657519,577,7,-0.004028176943387862
6734,AOI-0013,2024-08-03,озимая пшеница,0.5304909342914756,0.4533590365527663,577,8,-0.07713189773870932
6739,AOI-0013,2024-08-14,озимая пшеница,0.5333630592199622,0.4602668883779455,577,8,-0.0730961708420167
6740,AOI-0013,2024-08-17,озимая пшеница,0.5131263045201008,0.4724795146908154,577,8,-0.04064678982928538
6769,AOI-0013,2024-10-15,озимая пшеница,0.2924653012048193,0.4897350861000282,577,10,0.1972697848952089
6795,AOI-0013,2025-06-08,озимая пшеница,0.4491116730810681,0.4488146381803042,577,6,-0.0002970349007638817
6812,AOI-0013,2025-07-17,озимая пшеница,0.4698088557078045,0.506305136108375,577,7,0.03649628040057051
6813,AOI-0013,2025-07-18,озимая пшеница,0.4941488523985844,0.49590052220754854,577,7,0.0017516698089641292
6822,AOI-0013,2025-08-06,озимая пшеница,0.4923838063753314,0.6048084919142914,577,8,0.11242468553896001
6826,AOI-0013,2025-08-13,озимая пшеница,0.4110778313253012,0.49640991353823066,577,8,0.08533208221292948
6829,AOI-0013,2025-08-16,озимая пшеница,0.5465824115040305,0.4837678373583941,577,8,-0.0628145741456364
6833,AOI-0013,2025-08-23,озимая пшеница,0.5233480689147184,0.49547017543387906,577,8,-0.027877893480839355
6835,AOI-0013,2025-08-29,озимая пшеница,0.4982564524694527,0.47947995075823135,577,8,-0.01877650171122136
6857,AOI-0013,2025-10-17,озимая пшеница,0.6638663155526778,0.6266228938254442,577,10,-0.037243421727233605
6890,AOI-0014,2010-05-02,озимая пшеница,0.7991504045481114,0.8043535163326487,577,5,0.005203111784537362
6897,AOI-0014,2010-05-09,озимая пшеница,0.6395750230414748,0.8061758748932677,577,5,0.16660085185179285
6993,AOI-0014,2010-08-13,озимая пшеница,0.4159032258064515,0.35284520742516445,577,8,-0.06305801838128705
7041,AOI-0014,2010-09-30,озимая пшеница,0.2838554838709677,0.2765298488384857,577,9,-0.007325635032482014
7073,AOI-0014,2011-04-02,озимая пшеница,0.1579995866065955,0.12994686858810406,577,4,-0.028052718018491435
7142,AOI-0014,2011-06-10,озимая пшеница,0.8164996313364058,0.7129660049115906,577,6,-0.10353362642481523
7190,AOI-0014,2011-07-28,озимая пшеница,0.5119993548387095,0.5018218801097366,577,7,-0.010177474728972902
7290,AOI-0014,2012-04-06,озимая пшеница,0.3903027188940092,0.475679808582118,577,4,0.08537708968810881
7384,AOI-0014,2012-07-09,озимая пшеница,0.2021937469355527,0.3002156451288385,577,7,0.09802189819328583
7402,AOI-0014,2012-07-27,озимая пшеница,0.3546213364055299,0.36384693744322916,577,7,0.00922560103769926
7529,AOI-0014,2013-05-02,озимая пшеница,0.2296586527572056,0.26826118492823875,577,5,0.038602532171033155
7641,AOI-0014,2013-08-22,озимая пшеница,0.3378420351334126,0.37824743736264094,577,8,0.04040540222922834
7704,AOI-0014,2013-10-24,озимая пшеница,0.2380793950355025,0.23145842717371135,577,10,-0.006620967861791144
7705,AOI-0014,2013-10-25,озимая пшеница,0.1840494535039289,0.20097887417568727,577,10,0.01692942067175837
7744,AOI-0014,2014-05-04,озимая пшеница,0.6992687727236683,0.6410099586670037,577,5,-0.058258814056664554
7793,AOI-0014,2014-06-22,озимая пшеница,0.389569890563077,0.45814970796515486,577,6,0.06857981740207786
7880,AOI-0014,2014-09-17,озимая пшеница,0.1829865347133252,0.22045943462279033,577,9,0.03747289990946512
7896,AOI-0014,2014-10-03,озимая пшеница,0.2191174997797124,0.2029897089523728,577,10,-0.01612779082733959
7921,AOI-0014,2014-10-28,озимая пшеница,0.1695075995943249,0.20592263951586015,577,10,0.03641503992153525
8042,AOI-0014,2015-07-28,озимая пшеница,0.4437476958525346,0.4030060677492661,577,7,-0.04074162810326848
8096,AOI-0014,2015-09-20,озимая пшеница,0.1597226149712878,0.21216087765013975,577,9,0.05243826267885193
8097,AOI-0014,2015-09-21,озимая пшеница,0.2113020989179684,0.21249298302223396,577,9,0.0011908841042655716
8105,AOI-0014,2015-09-29,озимая пшеница,0.1521774700390752,0.17327757403617725,577,9,0.02110010399710205
8112,AOI-0014,2015-10-06,озимая пшеница,0.1108198205215425,0.15797514948495062,577,10,0.047155328963408114
8176,AOI-0014,2016-05-10,озимая пшеница,0.296507047452941,0.3491419801047939,577,5,0.05263493265185293
8190,AOI-0014,2016-05-24,озимая пшеница,0.7722507373271891,0.7326460439424664,577,5,-0.03960469338472272
8191,AOI-0014,2016-05-25,озимая пшеница,0.4677331875573453,0.5163632156693813,577,5,0.04863002811203598
8224,AOI-0014,2016-06-27,озимая пшеница,0.8401900546510663,0.8263201370477362,577,6,-0.013869917603330117
8328,AOI-0014,2016-10-09,озимая пшеница,0.2356247801140965,0.27391783800523306,577,10,0.03829305789113657
8388,AOI-0014,2017-05-09,озимая пшеница,0.8443015207373273,0.8635860296255665,577,5,0.019284508888239182
8404,AOI-0014,2017-05-25,озимая пшеница,0.8423268202764977,0.8795585996149611,577,5,0.03723177933846333
8439,AOI-0014,2017-06-29,озимая пшеница,0.4263367157435007,0.41170897991141764,577,6,-0.014627735832083044
8472,AOI-0014,2017-08-01,озимая пшеница,0.1432340534362509,0.17207544799627908,577,8,0.028841394560028183
8503,AOI-0014,2017-09-01,озимая пшеница,0.2193422394771284,0.21600903022938975,577,9,-0.003333209247738639
8516,AOI-0014,2017-09-14,озимая пшеница,0.3020948847926268,0.2772020580575531,577,9,-0.024892826735073703
8527,AOI-0014,2017-09-25,озимая пшеница,0.1656448341701339,0.16627832544884288,577,9,0.0006334912787089864
8568,AOI-0014,2018-04-06,озимая пшеница,0.5125271844985516,0.45043423110732306,577,4,-0.062092953391228556
8583,AOI-0014,2018-04-21,озимая пшеница,0.7143182124381604,0.7005736835399181,577,4,-0.013744528898242292
8632,AOI-0014,2018-06-09,озимая пшеница,0.5808997364140527,0.547159213321448,577,6,-0.03374052309260467
8663,AOI-0014,2018-07-10,озимая пшеница,0.1515415418730614,0.2096776536235283,577,7,0.0581361117504669
8712,AOI-0014,2018-08-28,озимая пшеница,0.2047589393120849,0.21089611285275492,577,8,0.006137173540670032
8727,AOI-0014,2018-09-12,озимая пшеница,0.1546916546592412,0.19535031176835216,577,9,0.04065865710911096
8735,AOI-0014,2018-09-20,озимая пшеница,0.2262494577141759,0.20235828449387255,577,9,-0.023891173220303347
8781,AOI-0014,2019-04-06,озимая пшеница,0.1594228057245439,0.23295205648700718,577,4,0.07352925076246328
8803,AOI-0014,2019-04-28,озимая пшеница,0.1859971356130355,0.1925821798547227,577,4,0.00658504424168721
8846,AOI-0014,2019-06-10,озимая пшеница,0.8758293473086228,0.8345934427166519,577,6,-0.04123590459197091
8848,AOI-0014,2019-06-12,озимая пшеница,0.886798998701802,0.7957060218692887,577,6,-0.09109297683251327
8855,AOI-0014,2019-06-19,озимая пшеница,0.845167602954545,0.8150741666383052,577,6,-0.03009343631623973
8856,AOI-0014,2019-06-20,озимая пшеница,0.8287616364902506,0.8019683144308205,577,6,-0.02679332205943008
8903,AOI-0014,2019-08-06,озимая пшеница,0.4199831700243812,0.42164829805938625,577,8,0.0016651280350050701
8933,AOI-0014,2019-09-05,озимая пшеница,0.1550455809914896,0.16216888691612125,577,9,0.0071233059246316455
8958,AOI-0014,2019-09-30,озимая пшеница,0.0739060409352651,0.3256927458926258,577,9,0.2517867049573607
9048,AOI-0014,2020-05-30,озимая пшеница,0.7106883859276896,0.6731127950166171,577,5,-0.03757559091107243
9054,AOI-0014,2020-06-05,озимая пшеница,0.7467629798345159,0.7025993422465496,577,6,-0.044163637587966265
9060,AOI-0014,2020-06-11,озимая пшеница,0.4158858853444029,0.4563155257934016,577,6,0.040429640448998716
9075,AOI-0014,2020-06-26,озимая пшеница,0.1494847885877798,0.20191116043222482,577,6,0.05242637184444501
9145,AOI-0014,2020-09-04,озимая пшеница,0.1512246714610949,0.13970603369075188,577,9,-0.01151863777034301
9151,AOI-0014,2020-09-10,озимая пшеница,0.1651365359585292,0.15246355706907794,577,9,-0.012672978889451264
9170,AOI-0014,2020-09-29,озимая пшеница,0.2357879723502304,0.2319934984526888,577,9,-0.003794473897541617
9183,AOI-0014,2020-10-12,озимая пшеница,0.1151750279370222,0.13245903511155682,577,10,0.017284007174534627
9186,AOI-0014,2020-10-15,озимая пшеница,0.248221270718232,0.2550224461277125,577,10,0.0068011754094805255
9243,AOI-0014,2021-05-12,озимая пшеница,0.8343497141587244,0.8221720376029757,577,5,-0.01217767655574864
9262,AOI-0014,2021-05-31,озимая пшеница,0.884080197134487,0.8336436235995646,577,5,-0.05043657353492248
9268,AOI-0014,2021-06-06,озимая пшеница,0.7326010866635744,0.764952125897195,577,6,0.03235103923362059
9273,AOI-0014,2021-06-11,озимая пшеница,0.7418830418236662,0.7793972629135782,577,6,0.03751422108991209
9306,AOI-0014,2021-07-14,озимая пшеница,0.1815796268710382,0.17649042226275058,577,7,-0.0050892046082876286
9316,AOI-0014,2021-07-24,озимая пшеница,0.1633316180827992,0.16912357730764788,577,7,0.005791959224848681
9331,AOI-0014,2021-08-08,озимая пшеница,0.126148814782485,0.14211735567967515,577,8,0.01596854089719016
9386,AOI-0014,2021-10-02,озимая пшеница,0.1744264889966322,0.1722356600738547,577,10,-0.002190828922777499
9424,AOI-0014,2022-04-10,озимая пшеница,0.1761427938950938,0.1709565589539724,577,4,-0.005186234941121387
9484,AOI-0014,2022-06-09,озимая пшеница,0.5037139994433831,0.4969184225214094,577,6,-0.006795576921973745
9494,AOI-0014,2022-06-19,озимая пшеница,0.8010500557158672,0.722885162415914,577,6,-0.07816489329995313
9501,AOI-0014,2022-06-26,озимая пшеница,0.6835756221198157,0.750858858964352,577,6,0.0672832368445363
9533,AOI-0014,2022-07-28,озимая пшеница,0.59540133640553,0.680321228654086,577,7,0.084919892248556
9536,AOI-0014,2022-07-31,озимая пшеница,0.7758607341003446,0.7315899326104918,577,7,-0.04427080148985285
9567,AOI-0014,2022-08-31,озимая пшеница,0.2449401793366754,0.23779149297421198,577,8,-0.007148686362463408
9596,AOI-0014,2022-09-29,озимая пшеница,0.0900295524957651,0.1493319062446702,577,9,0.05930235374890509
9609,AOI-0014,2022-10-12,озимая пшеница,0.1586219685559936,0.1606932600272305,577,10,0.0020712914712369135
9634,AOI-0014,2023-04-07,озимая пшеница,0.724234746543779,0.7022129811164228,577,4,-0.02202176542735612
9710,AOI-0014,2023-06-22,озимая пшеница,0.8010680295877418,0.796537707071498,577,6,-0.0045303225162438565
9730,AOI-0014,2023-07-12,озимая пшеница,0.503065207373272,0.36846044720964766,577,7,-0.13460476016362433
9746,AOI-0014,2023-07-28,озимая пшеница,0.4737378801843317,0.3634996112073472,577,7,-0.11023826897698452
9755,AOI-0014,2023-08-06,озимая пшеница,0.2476883085043876,0.22669364585785834,577,8,-0.020994662646529272
9757,AOI-0014,2023-08-08,озимая пшеница,0.1261803513677097,0.19147829670278602,577,8,0.06529794533507632
9764,AOI-0014,2023-08-15,озимая пшеница,0.1219431296522347,0.1616443067294715,577,8,0.039701177077236804
9802,AOI-0014,2023-09-22,озимая пшеница,0.1462952966554479,0.1526445761957773,577,9,0.006349279540329378
9831,AOI-0014,2023-10-21,озимая пшеница,0.155772836205761,0.18129235455711187,577,10,0.025519518351350884
9918,AOI-0014,2024-06-17,озимая пшеница,0.3764002662752053,0.3594002783531006,577,6,-0.016999987922104665
9941,AOI-0014,2024-07-10,озимая пшеница,0.2638295470285964,0.1625948408074864,577,7,-0.10123470622111
9942,AOI-0014,2024-07-11,озимая пшеница,0.2943358525345622,0.2470240336694332,577,7,-0.047311818865128974
9961,AOI-0014,2024-07-30,озимая пшеница,0.1390435957227526,0.1531518696711274,577,7,0.0141082739483748
9982,AOI-0014,2024-08-20,озимая пшеница,0.2029218198096426,0.20103662497305952,577,8,-0.0018851948365830873
9986,AOI-0014,2024-08-24,озимая пшеница,0.1392846573023846,0.14613738403399934,577,8,0.0068527267316147444
10031,AOI-0014,2024-10-08,озимая пшеница,0.1371848680176823,0.1353774348784996,577,10,-0.0018074331391826903
10046,AOI-0014,2024-10-23,озимая пшеница,0.2407240623473921,0.16815772348097935,577,10,-0.07256633886641276
10117,AOI-0014,2025-06-03,озимая пшеница,0.5931475559332586,0.48113254234698044,577,6,-0.11201501358627819
10125,AOI-0014,2025-06-11,озимая пшеница,0.5418823272496345,0.4679776329633322,577,6,-0.07390469428630225
10154,AOI-0014,2025-07-10,озимая пшеница,0.3423388364447913,0.34978145383122733,577,7,0.0074426173864360345
10158,AOI-0014,2025-07-14,озимая пшеница,0.3491958846208535,0.34174600889585893,577,7,-0.007449875724994559
10169,AOI-0014,2025-07-25,озимая пшеница,0.4849494206758558,0.3995948373672158,577,7,-0.08535458330863999
10181,AOI-0014,2025-08-06,озимая пшеница,0.2791185042561055,0.29785433058199806,577,8,0.018735826325892546
10202,AOI-0014,2025-08-27,озимая пшеница,0.1982433328336598,0.19820824366807127,577,8,-3.5089165588531035e-05
10221,AOI-0014,2025-09-15,озимая пшеница,0.1733165871354401,0.17018942469473744,577,9,-0.0031271624407026577
10254,AOI-0014,2025-10-18,озимая пшеница,0.423813168525828,0.3733673306639268,577,10,-0.05044583786190121
10267,AOI-0015,2025-04-01,озимая пшеница,0.1617673668531182,0.1652337968232393,577,4,0.0034664299701210877
10273,AOI-0015,2025-04-07,озимая пшеница,0.4735728473322768,0.3232756630560932,577,4,-0.1502971842761836
10284,AOI-0015,2025-04-18,озимая пшеница,0.2748316858579161,0.2591179402862639,577,4,-0.015713745571652227
10290,AOI-0015,2025-04-24,озимая пшеница,0.326877057231409,0.31576501768633003,577,4,-0.011112039545078944
10330,AOI-0015,2025-06-03,озимая пшеница,0.5449918131485864,0.49320206927846044,577,6,-0.051789743870125915
10369,AOI-0015,2025-07-12,озимая пшеница,0.3372896724775489,0.359572681978236,577,7,0.022283009500687123
10374,AOI-0015,2025-07-17,озимая пшеница,0.2097644835106727,0.22896567902145992,577,7,0.019201195510787222
10411,AOI-0015,2025-08-23,озимая пшеница,0.268846110812464,0.23879144293372492,577,8,-0.03005466787873909
10449,AOI-0015,2025-09-30,озимая пшеница,0.3152535657686212,0.2857338199104565,577,9,-0.029519745858164692
10492,AOI-0016,2025-05-06,озимая пшеница,0.2013081276618544,0.24061222747103003,577,5,0.039304099809175624
10496,AOI-0016,2025-05-24,озимая пшеница,0.2667000045222769,0.2708904184157267,577,5,0.004190413893449818
10516,AOI-0016,2025-07-13,озимая пшеница,0.7475224185202051,0.7265845613657865,577,7,-0.020937857154418538
10525,AOI-0016,2025-07-28,озимая пшеница,0.7180844821684225,0.5802891697596789,577,7,-0.13779531240874354
10546,AOI-0016,2025-09-03,озимая пшеница,0.3223280401854203,0.2732215312352816,577,9,-0.04910650895013868
10547,AOI-0016,2025-09-05,озимая пшеница,0.1519827104844442,0.27940751421939314,577,9,0.12742480373494894
10555,AOI-0016,2025-09-21,озимая пшеница,0.2108254522086498,0.20883402080480473,577,9,-0.0019914314038450565
10559,AOI-0016,2025-09-30,озимая пшеница,0.3313866768759571,0.32245692976936857,577,9,-0.008929747106588504
10563,AOI-0016,2025-10-16,озимая пшеница,0.2507441590473425,0.2928629533180676,577,10,0.042118794270725124
10567,AOI-0017,2010-04-15,озимая пшеница,0.3129394724979312,0.2906969417873439,577,4,-0.022242530710587294
10585,AOI-0017,2010-08-05,озимая пшеница,0.5365223675933307,0.5542143305040735,577,8,0.01769196291074282
10594,AOI-0017,2010-09-30,озимая пшеница,0.3641867256637168,0.4470984757319465,577,9,0.0829117500682297
10601,AOI-0017,2011-04-19,озимая пшеница,0.3147207076243587,0.30868957718565515,577,4,-0.006031130438703569
10604,AOI-0017,2011-05-09,озимая пшеница,0.6517398230088496,0.6283713048124211,577,5,-0.02336851819642849
10606,AOI-0017,2011-05-28,озимая пшеница,0.6631556232640997,0.5408780060051788,577,5,-0.12227761725892095
10617,AOI-0017,2011-07-31,озимая пшеница,0.4376759785051613,0.4915255377072825,577,7,0.0538495592021212
10653,AOI-0017,2012-08-12,озимая пшеница,0.447633628318584,0.5162819011386282,577,8,0.06864827282004415
10662,AOI-0017,2012-10-06,озимая пшеница,0.423541654771634,0.329244059478354,577,10,-0.09429759529328002
10663,AOI-0017,2012-10-13,озимая пшеница,0.5387357136038199,0.3070970893215713,577,10,-0.23163862428224857
10671,AOI-0017,2013-05-02,озимая пшеница,0.4699190269095815,0.4809422398037818,577,5,0.01102321289420033
10684,AOI-0017,2013-07-28,озимая пшеница,0.476940887796164,0.5323541565876261,577,7,0.05541326879146208
10690,AOI-0017,2013-08-30,озимая пшеница,0.4195345596738006,0.4666539367297151,577,8,0.04711937705591451
10705,AOI-0017,2014-05-04,озимая пшеница,0.6607957885885158,0.6420910736367347,577,5,-0.018704714951781165
10717,AOI-0017,2014-06-29,озимая пшеница,0.5455474826125102,0.5638393790010269,577,6,0.018291896388516693
10736,AOI-0017,2014-09-18,озимая пшеница,0.5004478807056568,0.3216903110401824,577,9,-0.1787575696654744
10740,AOI-0017,2014-10-16,озимая пшеница,0.327358407079646,0.4314656685161181,577,10,0.10410726143647214
10741,AOI-0017,2014-10-27,озимая пшеница,0.4363524159437574,0.34931206269484827,577,10,-0.08704035324890913
10743,AOI-0017,2015-04-07,озимая пшеница,0.3742300884955752,0.43672351684650557,577,4,0.06249342835093036
10757,AOI-0017,2015-06-26,озимая пшеница,0.6775141592920353,0.6725176062463029,577,6,-0.0049965530457324325
10764,AOI-0017,2015-07-28,озимая пшеница,0.5352053097345133,0.5740861064173255,577,7,0.03888079668281219
10766,AOI-0017,2015-08-04,озимая пшеница,0.5603918046885191,0.5793230881003004,577,8,0.018931283411781297
10795,AOI-0017,2016-05-24,озимая пшеница,0.7697469026548672,0.7403513888011436,577,5,-0.02939551385372363
10803,AOI-0017,2016-06-27,озимая пшеница,0.5220215051121245,0.5243745512586622,577,6,0.0023530461465376407
10816,AOI-0017,2016-08-28,озимая пшеница,0.4571150442477876,0.6015752826435408,577,8,0.14446023839575317
10820,AOI-0017,2016-09-13,озимая пшеница,0.459746017699115,0.5733857466006023,577,9,0.11363972890148727
10829,AOI-0017,2017-04-02,озимая пшеница,0.2748602612231655,0.3164387458529032,577,4,0.04157848462973773
10840,AOI-0017,2017-05-06,озимая пшеница,0.54635476650622,0.5396447044491894,577,5,-0.006710062057030508
10844,AOI-0017,2017-05-25,озимая пшеница,0.6431292035398232,0.7053945089918255,577,5,0.06226530545200237
10870,AOI-0017,2017-08-14,озимая пшеница,0.5667876415929228,0.47599990859887886,577,8,-0.09078773299404397
10875,AOI-0017,2017-08-26,озимая пшеница,0.5856761669154665,0.5176606658437858,577,8,-0.06801550107168075
10879,AOI-0017,2017-09-05,озимая пшеница,0.5497155307040192,0.5455374498371403,577,9,-0.004178080866878986
10883,AOI-0017,2017-09-14,озимая пшеница,0.3687469026548672,0.5319103660684483,577,9,0.16316346341358112
10888,AOI-0017,2017-09-25,озимая пшеница,0.5034877342881003,0.5015715914200054,577,9,-0.0019161428680949388
10899,AOI-0017,2018-04-07,озимая пшеница,0.5748938053097346,0.49933976076216036,577,4,-0.0755540445475742
10901,AOI-0017,2018-04-14,озимая пшеница,0.4120862315923937,0.44195363871012794,577,4,0.029867407117734224
10905,AOI-0017,2018-05-01,озимая пшеница,0.4223201666435249,0.4854334516632052,577,5,0.06311328501968028
10909,AOI-0017,2018-05-16,озимая пшеница,0.6496563610476748,0.642827745466391,577,5,-0.006828615581283781
10913,AOI-0017,2018-05-31,озимая пшеница,0.6461946074253277,0.6664874211196748,577,5,0.0202928136943471
10940,AOI-0017,2018-09-14,озимая пшеница,0.396470796460177,0.5657254212620395,577,9,0.16925462480186249
10953,AOI-0017,2019-04-01,озимая пшеница,0.3544167799938574,0.2965024137972907,577,4,-0.0579143661965667
10954,AOI-0017,2019-04-06,озимая пшеница,0.343427099603236,0.29641489573962093,577,4,-0.04701220386361504
10979,AOI-0017,2019-06-10,озимая пшеница,0.71625008613114,0.6690865142660081,577,6,-0.04716357186513198
11000,AOI-0017,2019-07-28,озимая пшеница,0.4637088495575222,0.6171554145129666,577,7,0.15344656495544445
11003,AOI-0017,2019-08-01,озимая пшеница,0.7650093300024133,0.6019677221579223,577,8,-0.16304160784449107
11006,AOI-0017,2019-08-09,озимая пшеница,0.6900401327190298,0.5988247313732844,577,8,-0.09121540134574535
11011,AOI-0017,2019-08-19,озимая пшеница,0.6394146810293888,0.5504616217661196,577,8,-0.08895305926326924
11012,AOI-0017,2019-08-21,озимая пшеница,0.599141325426945,0.5575526465038687,577,8,-0.04158867892307627
11020,AOI-0017,2019-09-03,озимая пшеница,0.5872486196997654,0.4772921122561401,577,9,-0.10995650744362528
11042,AOI-0017,2020-04-03,озимая пшеница,0.2729354712751858,0.278152813883689,577,4,0.005217342608503206
11043,AOI-0017,2020-04-06,озимая пшеница,0.4167530973451328,0.40715985575291136,577,4,-0.009593241592221413
11044,AOI-0017,2020-04-07,озимая пшеница,0.2797221191518342,0.2580430323379247,577,4,-0.02167908681390951
11075,AOI-0017,2020-07-11,озимая пшеница,0.5345072177501828,0.48736752194554095,577,7,-0.04713969580464189
11080,AOI-0017,2020-07-24,озимая пшеница,0.556387761089012,0.38192084139956417,577,7,-0.17446691968944783
11084,AOI-0017,2020-07-31,озимая пшеница,0.4913386947594185,0.3929443110060563,577,7,-0.09839438375336218
11085,AOI-0017,2020-08-03,озимая пшеница,0.531329636946186,0.4177699882130612,577,8,-0.11355964873312474
11091,AOI-0017,2020-08-16,озимая пшеница,0.4821394560991098,0.4552712906099332,577,8,-0.026868165489176588
11116,AOI-0017,2020-09-29,озимая пшеница,0.2992442477876106,0.4620399963025348,577,9,0.16279574851492418
11125,AOI-0017,2021-04-02,озимая пшеница,0.2334449985379527,0.29504890645951887,577,4,0.06160390792156617
11129,AOI-0017,2021-04-23,озимая пшеница,0.478783185840708,0.4839694121701218,577,4,0.00518622632941379
11136,AOI-0017,2021-05-12,озимая пшеница,0.4403554355045627,0.44322111332197955,577,5,0.0028656778174168673
11138,AOI-0017,2021-05-16,озимая пшеница,0.5504674683651264,0.5103389349434726,577,5,-0.04012853342165379
11145,AOI-0017,2021-06-10,озимая пшеница,0.7379681415929205,0.6908045278636425,577,6,-0.04716361372927791
11155,AOI-0017,2021-07-11,озимая пшеница,0.6692519329065658,0.6162055815787046,577,7,-0.053046351327861174
11188,AOI-0017,2021-09-28,озимая пшеница,0.6467956348361282,0.4286119301633927,577,9,-0.2181837046727355
11193,AOI-0017,2021-10-07,озимая пшеница,0.2629804135337386,0.3779502637096577,577,10,0.1149698501759191
11200,AOI-0017,2022-04-07,озимая пшеница,0.6970437444858457,0.5811855242842217,577,4,-0.11585822020162406
11216,AOI-0017,2022-06-08,озимая пшеница,0.7774408631899296,0.6204219142789626,577,6,-0.1570189489109669
11223,AOI-0017,2022-06-20,озимая пшеница,0.6247510760570234,0.6078398396874929,577,6,-0.016911236369530513
11227,AOI-0017,2022-07-01,озимая пшеница,0.6115363040515421,0.5740773208306146,577,7,-0.037458983220927555
11233,AOI-0017,2022-07-14,озимая пшеница,0.5784572012909783,0.5523976046969563,577,7,-0.026059596594022016
11246,AOI-0017,2022-08-13,озимая пшеница,0.5519440738333983,0.5380795299695224,577,8,-0.013864543863875922
11252,AOI-0017,2022-08-28,озимая пшеница,0.5115413989956548,0.4556668431473091,577,8,-0.055874555848345664
11286,AOI-0017,2023-05-20,озимая пшеница,0.5197487738756541,0.6188584938914766,577,5,0.09910972001582252
11288,AOI-0017,2023-05-27,озимая пшеница,0.5023432823741765,0.6163188269402863,577,5,0.11397554456610981
11294,AOI-0017,2023-06-21,озимая пшеница,0.6571433994967772,0.6626764386025058,577,6,0.005533039105728554
11296,AOI-0017,2023-06-23,озимая пшеница,0.6484002661759571,0.6789920744391933,577,6,0.030591808263236153
11306,AOI-0017,2023-07-21,озимая пшеница,0.5883468266941214,0.6182939277860589,577,7,0.029947101091937434
11312,AOI-0017,2023-07-31,озимая пшеница,0.6195485044394733,0.6015234675285269,577,7,-0.018025036910946368
11316,AOI-0017,2023-08-06,озимая пшеница,0.6511990200073835,0.5796420196708281,577,8,-0.07155700033655543
11318,AOI-0017,2023-08-09,озимая пшеница,0.4662520564164722,0.5568632138215612,577,8,0.09061115740508902
11325,AOI-0017,2023-08-26,озимая пшеница,0.504272760011988,0.4755236393359939,577,8,-0.028749120675994055
11358,AOI-0017,2024-04-11,озимая пшеница,0.4023061297268199,0.48783908591092756,577,4,0.08553295618410767
11369,AOI-0017,2024-05-23,озимая пшеница,0.3427185947081124,0.2948576517865319,577,5,-0.047860942921580496
11371,AOI-0017,2024-06-01,озимая пшеница,0.4129492755042036,0.2889472540430378,577,6,-0.12400202146116579
11381,AOI-0017,2024-06-23,озимая пшеница,0.2410005695033884,0.2194427811042599,577,6,-0.021557788399128502
11393,AOI-0017,2024-07-18,озимая пшеница,0.1918874679667256,0.20402421848852037,577,7,0.012136750521794776
11411,AOI-0017,2024-08-28,озимая пшеница,0.3278822564564834,0.34829394555768245,577,8,0.02041168910119906
11414,AOI-0017,2024-09-03,озимая пшеница,0.2123920372278943,0.24555466764759953,577,9,0.03316263041970524
11420,AOI-0017,2024-09-18,озимая пшеница,0.3150208140169817,0.271977608864532,577,9,-0.04304320515244969
11441,AOI-0017,2025-04-19,озимая пшеница,0.8681956198738493,0.8065666595842382,577,4,-0.06162896028961107
11443,AOI-0017,2025-05-01,озимая пшеница,0.884571781907326,0.8555535358738936,577,5,-0.029018246033432393
11444,AOI-0017,2025-05-03,озимая пшеница,0.8545415520037545,0.8257937930435437,577,5,-0.028747758960210756
11447,AOI-0017,2025-05-09,озимая пшеница,0.7992292035398231,0.8520058551412452,577,5,0.05277665160142209
11460,AOI-0017,2025-06-13,озимая пшеница,0.4361394913620937,0.47868384446336437,577,6,0.04254435310127069
11466,AOI-0017,2025-07-03,озимая пшеница,0.1964241107568655,0.2974898819450738,577,7,0.10106577118820831
11467,AOI-0017,2025-07-05,озимая пшеница,0.2685928201099252,0.29789170630306416,577,7,0.029298886193138973
11480,AOI-0017,2025-07-25,озимая пшеница,0.219589724295722,0.20970448475419912,577,7,-0.009885239541522872
11519,AOI-0017,2025-10-18,озимая пшеница,0.254503541347786,0.24719579601488026,577,10,-0.007307745332905763
11526,AOI-0018,2025-04-07,озимая пшеница,0.7687829431438127,0.719321420303111,577,4,-0.04946152284070171
11607,AOI-0018,2025-06-27,озимая пшеница,0.2153743243485309,0.29535654152904567,577,6,0.07998221718051476
11633,AOI-0018,2025-07-23,озимая пшеница,0.2684595074580903,0.24608836408162407,577,7,-0.0223711433764662
11635,AOI-0018,2025-07-25,озимая пшеница,0.3711005245234104,0.2600815087983309,577,7,-0.1110190157250795
11648,AOI-0018,2025-08-07,озимая пшеница,0.3481675704648084,0.3535078827163638,577,8,0.005340312251555401
11654,AOI-0018,2025-08-13,озимая пшеница,0.2821622073578596,0.3892189737093805,577,8,0.10705676635152095
11663,AOI-0018,2025-08-22,озимая пшеница,0.1707737087182246,0.14814721306266532,577,8,-0.02262649565555927
11686,AOI-0018,2025-09-14,озимая пшеница,0.3309290969899666,0.2700232278400294,577,9,-0.060905869149937175
11718,AOI-0018,2025-10-16,озимая пшеница,0.2260363112506254,0.2721150291167188,577,10,0.04607871786609341
11733,AOI-0019,2025-04-01,подсолнечник,0.4075983599475383,0.4052281966877843,577,4,-0.002370163259753977
11751,AOI-0019,2025-04-19,подсолнечник,0.5703149281884677,0.5769430487920599,577,4,0.006628120603592191
11790,AOI-0019,2025-05-28,подсолнечник,0.6420909720824188,0.47441443374959325,577,5,-0.1676765383328256
11829,AOI-0019,2025-07-06,подсолнечник,0.3120140553264844,0.3708048447473735,577,7,0.05879078942088911
11848,AOI-0019,2025-07-25,подсолнечник,0.4199312112849683,0.24767817916926765,577,7,-0.17225303211570064
11856,AOI-0019,2025-08-02,подсолнечник,0.2408530129362829,0.2915827610239787,577,8,0.050729748087695786
11867,AOI-0019,2025-08-13,подсолнечник,0.3244346091933465,0.3707024706490507,577,8,0.04626786145570422
11893,AOI-0019,2025-09-08,подсолнечник,0.1842877545245206,0.1863605629451195,577,9,0.0020728084205988984
11923,AOI-0019,2025-10-08,подсолнечник,0.1803360815149817,0.17373517416810924,577,10,-0.006600907346872464
11962,AOI-0020,2025-04-17,подсолнечник,0.2668741039407523,0.3019870614242668,577,4,0.035112957483514506
11979,AOI-0020,2025-05-04,подсолнечник,0.4315566558358849,0.4436352916543096,577,5,0.012078635818424721
12041,AOI-0020,2025-07-05,подсолнечник,0.4484833972239445,0.39530294748406425,577,7,-0.05318044973988023
12043,AOI-0020,2025-07-07,подсолнечник,0.4250987328264372,0.38572029733770313,577,7,-0.03937843548873404
12049,AOI-0020,2025-07-13,подсолнечник,0.3309289604674703,0.34510777928408876,577,7,0.014178818816618477
12063,AOI-0020,2025-07-27,подсолнечник,0.3200006082005356,0.25067921773860746,577,7,-0.06932139046192815
12064,AOI-0020,2025-07-28,подсолнечник,0.3654215191008323,0.30321853488349704,577,7,-0.06220298421733528
12119,AOI-0020,2025-09-21,подсолнечник,0.2052716332851691,0.18650424188509218,577,9,-0.01876739140007691
12146,AOI-0020,2025-10-18,подсолнечник,0.1942301979967511,0.18297964332314826,577,10,-0.011250554673602836
12165,AOI-0021,2025-04-07,подсолнечник,0.4999139110070257,0.4289500176865529,577,4,-0.07096389332047282
12189,AOI-0021,2025-05-01,подсолнечник,0.4202676257730922,0.4535835534663142,577,5,0.033315927693222
12226,AOI-0021,2025-06-07,подсолнечник,0.5291008094788844,0.5264039169306375,577,6,-0.0026968925482468986
12324,AOI-0021,2025-09-13,подсолнечник,0.212685701560005,0.18725199236878376,577,9,-0.025433709191221232
12325,AOI-0021,2025-09-14,подсолнечник,0.2892630913348946,0.26429269303358427,577,9,-0.024970398301310315
12327,AOI-0021,2025-09-16,подсолнечник,0.2494208512186654,0.18864051763537382,577,9,-0.060780333583291574
12337,AOI-0021,2025-09-26,подсолнечник,0.2229019048386908,0.189853284871202,577,9,-0.033048619967488785
12343,AOI-0021,2025-10-02,подсолнечник,0.2611742061976213,0.2116736945564347,577,10,-0.04950051164118657
12359,AOI-0021,2025-10-18,подсолнечник,0.2092084358822804,0.18339180167890462,577,10,-0.025816634203375793
12378,AOI-0022,2025-04-07,подсолнечник,0.7436341629730654,0.6635771819715384,577,4,-0.08005698100152703
12388,AOI-0022,2025-04-17,подсолнечник,0.7262084172613019,0.7396022008562907,577,4,0.013393783594988773
12420,AOI-0022,2025-05-19,подсолнечник,0.8146443697892953,0.779113479829889,577,5,-0.03553088995940634
12425,AOI-0022,2025-05-24,подсолнечник,0.8715206912127392,0.7898857711034587,577,5,-0.08163492010928053
12476,AOI-0022,2025-07-14,подсолнечник,0.2037573236323182,0.19800077671831973,577,7,-0.0057565469139984615
12477,AOI-0022,2025-07-15,подсолнечник,0.145873884652954,0.1567003955849986,577,7,0.010826510932044592
12507,AOI-0022,2025-08-14,подсолнечник,0.1332935505323987,0.15771396553962105,577,8,0.024420415007222362
12525,AOI-0022,2025-09-01,подсолнечник,0.1370923721838018,0.1366792821013031,577,9,-0.00041309008249870716
12539,AOI-0022,2025-09-15,подсолнечник,0.1580674788795905,0.17512557741100557,577,9,0.017058098531415072
12603,AOI-0023,2025-04-19,подсолнечник,0.1892724207076708,0.19230754705394504,577,4,0.0030351263462742306
12638,AOI-0023,2025-05-24,подсолнечник,0.5303796092392683,0.4195058274472724,577,5,-0.11087378179199592
12681,AOI-0023,2025-07-06,подсолнечник,0.717334660672994,0.6859829488536794,577,7,-0.03135171181931462
12718,AOI-0023,2025-08-12,подсолнечник,0.1668217074964557,0.1452741760705117,577,8,-0.021547531425943983
12729,AOI-0023,2025-08-23,подсолнечник,0.2076263962825145,0.18175467390817454,577,8,-0.02587172237433996
12737,AOI-0023,2025-08-31,подсолнечник,0.1978859578290731,0.18920730827067914,577,8,-0.008678649558393953
12753,AOI-0023,2025-09-16,подсолнечник,0.1556575383563168,0.199991948621556,577,9,0.04433441026523921
12763,AOI-0023,2025-09-26,подсолнечник,0.1839914608018082,0.17831349308221117,577,9,-0.005677967719597027
12783,AOI-0023,2025-10-16,подсолнечник,0.1789684984280485,0.22709735771053352,577,10,0.04812885928248503
12865,AOI-0024,2025-06-07,подсолнечник,0.3180511235513185,0.32930372437000255,577,6,0.011252600818684066
12903,AOI-0024,2025-07-15,подсолнечник,0.3509898304262249,0.2930938036892919,577,7,-0.057896026736933004
12906,AOI-0024,2025-07-18,подсолнечник,0.3038172059745073,0.30348075811201436,577,7,-0.0003364478624929279
12926,AOI-0024,2025-08-07,подсолнечник,0.3022930404786141,0.29420111510579716,577,8,-0.008091925372816944
12932,AOI-0024,2025-08-13,подсолнечник,0.3093605595172791,0.3255195463149774,577,8,0.016158986797698338
12950,AOI-0024,2025-08-31,подсолнечник,0.2212170664848525,0.24360012242620205,577,8,0.02238305594134954
12957,AOI-0024,2025-09-07,подсолнечник,0.2659859487254384,0.24065252688184424,577,9,-0.02533342184359416
12958,AOI-0024,2025-09-08,подсолнечник,0.1994017966843259,0.19893527339594996,577,9,-0.0004665232883759307
12997,AOI-0024,2025-10-17,подсолнечник,0.2291788254564786,0.1698515219480464,577,10,-0.05932730350843221
13025,AOI-0025,2025-06-08,озимая пшеница,0.1544177562896376,0.21564925235920113,577,6,0.06123149606956352
13027,AOI-0025,2025-06-11,озимая пшеница,0.2429196177154164,0.25417623041267634,577,6,0.011256612697259943
13032,AOI-0025,2025-07-08,озимая пшеница,0.1463697531581525,0.16822739814673257,577,7,0.02185764498858006
13052,AOI-0025,2025-09-01,озимая пшеница,0.1385927007466804,0.14771712790513175,577,9,0.009124427158451354
13057,AOI-0025,2025-09-15,озимая пшеница,0.2110648714390205,0.17698851157866602,577,9,-0.03407635986035448
13087,AOI-0026,2025-04-23,озимая пшеница,0.9101975568502164,0.8586463685583727,577,4,-0.051551188291843686
13133,AOI-0026,2025-06-08,озимая пшеница,0.8405068804114048,0.7984484769744845,577,6,-0.042058403436920244
13135,AOI-0026,2025-06-10,озимая пшеница,0.66032881037399,0.7237083987151638,577,6,0.06337958834117374
13160,AOI-0026,2025-07-05,озимая пшеница,0.3199428501489813,0.26454861652931067,577,7,-0.05539423361967061
13184,AOI-0026,2025-07-29,озимая пшеница,0.1868652204335411,0.1811495574114439,577,7,-0.005715663022097195
13198,AOI-0026,2025-08-12,озимая пшеница,0.1409821515150441,0.1655759000730637,577,8,0.0245937485580196
13279,AOI-0027,2025-04-07,озимая пшеница,0.7069485829959514,0.7280468593315627,577,4,0.021098276335611232
13311,AOI-0027,2025-08-12,озимая пшеница,0.264090417394993,0.21942944367570116,577,8,-0.04466097371929184
13323,AOI-0027,2025-09-15,озимая пшеница,0.2602311151496721,0.24471850288057356,577,9,-0.015512612269098558
13330,AOI-0027,2025-10-17,озимая пшеница,0.621175479513743,0.4902614216538937,577,10,-0.13091405785984928
13331,AOI-0027,2025-10-28,озимая пшеница,0.6847667472531973,0.4766559698744569,577,10,-0.2081107773787404
13458,AOI-0028,2010-08-05,озимая пшеница,0.1986805267365446,0.19549593425166686,577,8,-0.003184592484877735
13466,AOI-0028,2010-08-13,озимая пшеница,0.2813160909676036,0.2612468639786104,577,8,-0.020069226988993216
13583,AOI-0028,2011-05-09,озимая пшеница,0.4297157262390046,0.45864112386335176,577,5,0.02892539762434715
13631,AOI-0028,2011-06-26,озимая пшеница,0.7957622613173141,0.7529081209249253,577,6,-0.04285414039238877
13727,AOI-0028,2011-09-30,озимая пшеница,0.2646601802188372,0.3465139866067068,577,9,0.0818538063878696
13907,AOI-0028,2012-08-28,озимая пшеница,0.2365765071872989,0.23044630942804162,577,8,-0.006130197759257272
13953,AOI-0028,2012-10-13,озимая пшеница,0.1796413383478798,0.17222425181941392,577,10,-0.007417086528465872
14065,AOI-0028,2013-07-04,озимая пшеница,0.21944188046331,0.21050028840686413,577,7,-0.008941592056445874
14137,AOI-0028,2013-09-14,озимая пшеница,0.3392514910963314,0.28586714209558933,577,9,-0.05338434900074207
14206,AOI-0028,2014-04-23,озимая пшеница,0.930918429521562,0.8765035496059558,577,4,-0.05441487991560623
14222,AOI-0028,2014-05-09,озимая пшеница,0.9114285561038404,0.8844681115538469,577,5,-0.02696044454999358
14313,AOI-0028,2014-08-08,озимая пшеница,0.2188692225548785,0.18296826950108708,577,8,-0.03590095305379143
14449,AOI-0028,2015-05-23,озимая пшеница,0.303325966235515,0.3804640153649671,577,5,0.0771380491294521
14529,AOI-0028,2015-08-11,озимая пшеница,0.3941017812749854,0.4749386012897414,577,8,0.080836820014756
14553,AOI-0028,2015-09-04,озимая пшеница,0.1405364857410782,0.24503243169095412,577,9,0.10449594594987593
14647,AOI-0028,2016-05-08,озимая пшеница,0.8916035614674965,0.8671078697179866,577,5,-0.02449569174950994
14704,AOI-0028,2016-07-04,озимая пшеница,0.2374318984597991,0.290937179496188,577,7,0.053505281036388935
14711,AOI-0028,2016-07-11,озимая пшеница,0.2575808624758636,0.3088885701944554,577,7,0.05130770771859183
14823,AOI-0028,2017-04-01,озимая пшеница,0.1473748248004573,0.1168620283921527,577,4,-0.030512796408304593
14880,AOI-0028,2017-05-28,озимая пшеница,0.8525597352922727,0.8210994768968112,577,5,-0.031460258395461516
14941,AOI-0028,2017-07-28,озимая пшеница,0.2475803046556533,0.28006688589828704,577,7,0.03248658124263373
15000,AOI-0028,2017-09-25,озимая пшеница,0.2710803475755905,0.2698265421401991,577,9,-0.0012538054353914418
15046,AOI-0028,2018-04-11,озимая пшеница,0.7255419355017352,0.7271911865481087,577,4,0.0016492510463734789
15184,AOI-0028,2018-08-27,озимая пшеница,0.1513933308215617,0.19528846180597015,577,8,0.04389513098440845
15218,AOI-0028,2018-09-30,озимая пшеница,0.2191671100622184,0.262080365012169,577,9,0.04291325494995063
15234,AOI-0028,2018-10-16,озимая пшеница,0.2004723020810985,0.22209899964242294,577,10,0.02162669756132443
15324,AOI-0028,2019-06-15,озимая пшеница,0.1003258679846486,0.13046278853478982,577,6,0.030136920550141222
15376,AOI-0028,2019-08-06,озимая пшеница,0.221015690545649,0.22042670453819638,577,8,-0.0005889860074526354
15415,AOI-0028,2019-09-14,озимая пшеница,0.2377752413645141,0.2220309172764746,577,9,-0.015744324088039524
15429,AOI-0028,2019-09-28,озимая пшеница,0.1029676763136348,0.19427366618865038,577,9,0.09130598987501558
15444,AOI-0028,2019-10-13,озимая пшеница,0.5014272870867272,0.4320405473629352,577,10,-0.06938673972379206
15447,AOI-0028,2019-10-16,озимая пшеница,0.6763814632053209,0.6463300411869154,577,10,-0.030051422018405494
15471,AOI-0028,2020-04-10,озимая пшеница,0.8432283181320754,0.8161402531056735,577,4,-0.02708806502640193
15503,AOI-0028,2020-05-12,озимая пшеница,0.915120965002108,0.86440795668589,577,5,-0.050713008316218056
15563,AOI-0028,2020-07-11,озимая пшеница,0.2897925123364086,0.3012206048631326,577,7,0.011428092526723999
15576,AOI-0028,2020-07-24,озимая пшеница,0.163739906026885,0.17382873650914255,577,7,0.010088830482257533
15611,AOI-0028,2020-08-28,озимая пшеница,0.2225962454408926,0.21849945307584467,577,8,-0.004096792365047924
15651,AOI-0028,2020-10-07,озимая пшеница,0.160459046215323,0.1504187312572297,577,10,-0.010040314958093294
15727,AOI-0028,2021-05-23,озимая пшеница,0.3345670094797666,0.3150557088810392,577,5,-0.01951130059872741
15783,AOI-0028,2021-07-18,озимая пшеница,0.7230255038694823,0.768036565014549,577,7,0.0450110611450667
15825,AOI-0028,2021-08-29,озимая пшеница,0.3399783093756705,0.312565757801604,577,8,-0.027412551574066468
15854,AOI-0028,2021-09-27,озимая пшеница,0.1861832968846463,0.17961426185184737,577,9,-0.006569035032798931
15857,AOI-0028,2021-09-30,озимая пшеница,0.2766803690195237,0.23520735507965396,577,9,-0.04147301393986974
15912,AOI-0028,2022-04-25,озимая пшеница,0.832487918058685,0.8384201774804615,577,4,0.005932259421776442
15944,AOI-0028,2022-05-27,озимая пшеница,0.8979184483457543,0.8784892243133342,577,5,-0.01942922403242009
15995,AOI-0028,2022-07-17,озимая пшеница,0.2378693663317686,0.2457213452518611,577,7,0.007851978920092484
16002,AOI-0028,2022-07-24,озимая пшеница,0.1146384617844607,0.15214948804749429,577,7,0.037511026263033584
16072,AOI-0028,2022-10-02,озимая пшеница,0.1578892670542754,0.15163322630098014,577,10,-0.00625604075329525
16085,AOI-0028,2022-10-15,озимая пшеница,0.1854059779729499,0.21215134265917218,577,10,0.026745364686222295
16143,AOI-0028,2023-05-13,озимая пшеница,0.2788822470605694,0.2855095576420272,577,5,0.006627310581457768
16191,AOI-0028,2023-06-30,озимая пшеница,0.2974329683967832,0.2647692850163421,577,6,-0.032663683380441066
16250,AOI-0028,2023-08-28,озимая пшеница,0.1254273411212545,0.14940024145961553,577,8,0.023972900338361025
16260,AOI-0028,2023-09-07,озимая пшеница,0.1356957959165198,0.15154897120957525,577,9,0.015853175293055438
16271,AOI-0028,2023-09-18,озимая пшеница,0.2142317438387728,0.21924054050023556,577,9,0.0050087966614627555
16300,AOI-0028,2023-10-17,озимая пшеница,0.433844440887525,0.42753011009533937,577,10,-0.0063143307921856295
16397,AOI-0028,2024-06-23,озимая пшеница,0.2529677569790083,0.3001330386320059,577,6,0.047165281652997604
16454,AOI-0028,2024-08-19,озимая пшеница,0.1586846237066303,0.14604232088639896,577,8,-0.01264230282023135
16472,AOI-0028,2024-09-06,озимая пшеница,0.1285328372560398,0.13468066986921687,577,9,0.006147832613177057
16479,AOI-0028,2024-09-13,озимая пшеница,0.1849838446685261,0.17312942142339222,577,9,-0.011854423245133888
16507,AOI-0028,2024-10-11,озимая пшеница,0.1135360893936424,0.13038739369044036,577,10,0.01685130429679796
16527,AOI-0028,2025-04-01,озимая пшеница,0.1586054299909025,0.18729429816967996,577,4,0.02868886817877747
16577,AOI-0028,2025-05-21,озимая пшеница,0.5941686753594942,0.5509448489960287,577,5,-0.043223826363465556
16600,AOI-0028,2025-06-13,озимая пшеница,0.712444508680501,0.5630832730693534,577,6,-0.14936123561114767
16638,AOI-0028,2025-07-21,озимая пшеница,0.2553411561137206,0.20285655038814582,577,7,-0.052484605725574784
16650,AOI-0028,2025-08-02,озимая пшеница,0.0775764006637453,0.14198126483644785,577,8,0.06440486417270255
16727,AOI-0028,2025-10-18,озимая пшеница,0.1968383690642012,0.2190577152238466,577,10,0.02221934615964538
16773,AOI-0029,2025-05-04,озимая пшеница,0.9040189954042404,0.862887933974839,577,5,-0.04113106142940137
16843,AOI-0029,2025-07-13,озимая пшеница,0.1302860703300228,0.12738694839462752,577,7,-0.0028991219353952657
16853,AOI-0029,2025-07-23,озимая пшеница,0.1153179633960352,0.12768836379225856,577,7,0.012370400396223363
16888,AOI-0029,2025-08-27,озимая пшеница,0.1232216056414803,0.1162918708341204,577,8,-0.006929734807359894
16913,AOI-0029,2025-09-21,озимая пшеница,0.1261264743660288,0.14912371573358824,577,9,0.02299724136755943
16922,AOI-0029,2025-09-30,озимая пшеница,0.242398798521257,0.238994572143714,577,9,-0.003404226377543007
17006,AOI-0030,2025-05-24,озимая пшеница,0.7905134313855451,0.7589062658176444,577,5,-0.031607165567900664
17016,AOI-0030,2025-06-03,озимая пшеница,0.7986291669579703,0.750214814095105,577,6,-0.04841435286286522
17073,AOI-0030,2025-07-30,озимая пшеница,0.6839165001557699,0.7326951434816874,577,7,0.048778643325917526
17076,AOI-0030,2025-08-02,озимая пшеница,0.4280988611628701,0.6916802896875686,577,8,0.26358142852469846
17086,AOI-0030,2025-08-12,озимая пшеница,0.7149194159063046,0.6386742076412103,577,8,-0.07624520826509429
17121,AOI-0030,2025-09-16,озимая пшеница,0.660594049801149,0.6259649672595948,577,9,-0.03462908254155417
17151,AOI-0030,2025-10-16,озимая пшеница,0.2754710706537814,0.47664155606208763,577,10,0.20117048540830623
17199,AOI-0031,2010-05-04,пастбища/зерновые,0.6733985355551325,0.6165111006458466,577,5,-0.05688743490928594
17284,AOI-0031,2010-07-28,пастбища/зерновые,0.2150019567597153,0.19672978091468826,577,7,-0.01827217584502705
17303,AOI-0031,2010-08-16,пастбища/зерновые,0.1538169985952925,0.13708304007191832,577,8,-0.01673395852337417
17374,AOI-0031,2010-10-26,пастбища/зерновые,0.1411814729360861,0.14398364425558852,577,10,0.0028021713195024167
17406,AOI-0031,2011-04-28,пастбища/зерновые,0.1894154865884176,0.1935443497427013,577,4,0.004128863154283707
17455,AOI-0031,2011-06-16,пастбища/зерновые,0.4869066714786914,0.3923599912393737,577,6,-0.09454668023931767
17486,AOI-0031,2011-07-17,пастбища/зерновые,0.2061819670441347,0.2152493781432819,577,7,0.009067411099147216
17495,AOI-0031,2011-07-26,пастбища/зерновые,0.1602841746677538,0.20347909110424905,577,7,0.043194916436495256
17638,AOI-0031,2012-05-17,пастбища/зерновые,0.1749377300696041,0.1869752424044686,577,5,0.012037512334864497
17725,AOI-0031,2012-08-12,пастбища/зерновые,0.2070044471811712,0.19186517754628563,577,8,-0.015139269634885572
17806,AOI-0031,2013-04-02,пастбища/зерновые,0.4407915173543713,0.3453768577069746,577,4,-0.09541465964739665
17870,AOI-0031,2013-06-05,пастбища/зерновые,0.3069583839588751,0.3447593312720204,577,6,0.03780094731314532
17925,AOI-0031,2013-07-30,пастбища/зерновые,0.2113617036199691,0.21977493185969016,577,7,0.008413228239721071
17997,AOI-0031,2013-10-10,пастбища/зерновые,0.3112831543330074,0.2083582384340983,577,10,-0.10292491589890912
18102,AOI-0031,2014-06-24,пастбища/зерновые,0.2914589192153505,0.2523351242469371,577,6,-0.039123794968413395
18173,AOI-0031,2014-09-03,пастбища/зерновые,0.148984386643945,0.1422982397381332,577,9,-0.006686146905811818
18184,AOI-0031,2014-09-14,пастбища/зерновые,0.1983037219730941,0.22053187382802036,577,9,0.02222815185492627
18205,AOI-0031,2014-10-05,пастбища/зерновые,0.1757835892951786,0.14271222231308073,577,10,-0.033071366982097866
18326,AOI-0031,2015-07-05,пастбища/зерновые,0.3215717860520913,0.27869621529941735,577,7,-0.04287557075267395
18365,AOI-0031,2015-08-13,пастбища/зерновые,0.2344209967473562,0.2286343775572557,577,8,-0.005786619190100484
18406,AOI-0031,2015-09-23,пастбища/зерновые,0.2387780769477696,0.2075992618421525,577,9,-0.031178815105617097
18413,AOI-0031,2015-09-30,пастбища/зерновые,0.2281956592292252,0.2654565079805752,577,9,0.037260848751349995
18422,AOI-0031,2015-10-09,пастбища/зерновые,0.2132778588544204,0.1850931828296868,577,10,-0.028184676024733624
18449,AOI-0031,2016-04-06,пастбища/зерновые,0.4360986042692938,0.44214291584324616,577,4,0.0060443115739523545
18493,AOI-0031,2016-05-20,пастбища/зерновые,0.8631232242735285,0.6760054030391173,577,5,-0.18711782123441123
18525,AOI-0031,2016-06-21,пастбища/зерновые,0.3717394458249085,0.36182969455196967,577,6,-0.009909751272938805
18556,AOI-0031,2016-07-22,пастбища/зерновые,0.2262665604581524,0.21547393233024617,577,7,-0.01079262812790624
18609,AOI-0031,2016-09-13,пастбища/зерновые,0.2276716475095784,0.2380843949426087,577,9,0.010412747433030278
18659,AOI-0031,2017-04-03,пастбища/зерновые,0.2054864952583632,0.21150916847463547,577,4,0.006022673216272256
18668,AOI-0031,2017-04-12,пастбища/зерновые,0.333694277007196,0.31180951119902406,577,4,-0.021884765808171946
18671,AOI-0031,2017-04-15,пастбища/зерновые,0.3769559759018553,0.3853664750997424,577,4,0.008410499197887111
18685,AOI-0031,2017-04-29,пастбища/зерновые,0.5725040655965881,0.6217786714751606,577,4,0.049274605878572575
18727,AOI-0031,2017-06-10,пастбища/зерновые,0.5366659277504104,0.5838150266555365,577,6,0.047149098905126086
18826,AOI-0031,2017-09-17,пастбища/зерновые,0.3108397662306014,0.3092356744321367,577,9,-0.001604091798464713
18839,AOI-0031,2017-09-30,пастбища/зерновые,0.2978891899288451,0.311837941655548,577,9,0.013948751726702902
18916,AOI-0031,2018-05-17,пастбища/зерновые,0.6701976838999466,0.5998544654519321,577,5,-0.0703432184480145
18959,AOI-0031,2018-06-29,пастбища/зерновые,0.123951606751916,0.13011500110625576,577,6,0.0061633943543397685
18980,AOI-0031,2018-07-20,пастбища/зерновые,0.501325890665839,0.2713708830323845,577,7,-0.2299550076334545
19012,AOI-0031,2018-08-21,пастбища/зерновые,0.2930528306327689,0.23367703922488875,577,8,-0.05937579140788013
19068,AOI-0031,2018-10-16,пастбища/зерновые,0.2979359879584017,0.3058217751554214,577,10,0.007885787197019711
19087,AOI-0031,2019-04-05,пастбища/зерновые,0.2448959920766413,0.34168906639030416,577,4,0.09679307431366285
19100,AOI-0031,2019-04-18,пастбища/зерновые,0.626238632868835,0.5175595718675816,577,4,-0.10867906100125335
19132,AOI-0031,2019-05-20,пастбища/зерновые,0.7624067132342102,0.7734576230020663,577,5,0.011050909767856165
19164,AOI-0031,2019-06-21,пастбища/зерновые,0.228477038257741,0.196822571005423,577,6,-0.03165446725231799
19175,AOI-0031,2019-07-02,пастбища/зерновые,0.1666828590990188,0.14054933978236986,577,7,-0.02613351931664895
19177,AOI-0031,2019-07-04,пастбища/зерновые,0.1499388502438516,0.16391136819974128,577,7,0.01397251795588969
19197,AOI-0031,2019-07-24,пастбища/зерновые,0.274268010779135,0.24474917361792986,577,7,-0.029518837161205125
19220,AOI-0031,2019-08-16,пастбища/зерновые,0.3669386605506688,0.3435689696799869,577,8,-0.023369690870681914
19245,AOI-0031,2019-09-10,пастбища/зерновые,0.2332599331994125,0.21042411789491322,577,9,-0.02283581530449927
19257,AOI-0031,2019-09-22,пастбища/зерновые,0.2198413574965103,0.15492035982455082,577,9,-0.06492099767195947
19307,AOI-0031,2020-04-12,пастбища/зерновые,0.4532671675112422,0.42183449736444284,577,4,-0.031432670146799346
19356,AOI-0031,2020-05-31,пастбища/зерновые,0.5176710491120773,0.5169137600443503,577,5,-0.000757289067726985
19364,AOI-0031,2020-06-08,пастбища/зерновые,0.5397673965409149,0.47804962015368657,577,6,-0.06171777638722831
19367,AOI-0031,2020-06-11,пастбища/зерновые,0.510817835327352,0.4452110697609889,577,6,-0.06560676556636313
19403,AOI-0031,2020-07-17,пастбища/зерновые,0.1367560060472034,0.1273261627865967,577,7,-0.009429843260606696
19417,AOI-0031,2020-07-31,пастбища/зерновые,0.1301680338873231,0.12662718350796637,577,7,-0.0035408503793567248
19447,AOI-0031,2020-08-30,пастбища/зерновые,0.1377323252362148,0.1179106107481345,577,8,-0.01982171448808029
19451,AOI-0031,2020-09-03,пастбища/зерновые,0.1325630760389535,0.13713401457679028,577,9,0.004570938537836772
19474,AOI-0031,2020-09-26,пастбища/зерновые,0.1161427679305447,0.12146909496974104,577,9,0.0053263270391963324
19487,AOI-0031,2020-10-09,пастбища/зерновые,0.1231764154707005,0.12081926667256303,577,10,-0.002357148798137476
19603,AOI-0031,2021-07-04,пастбища/зерновые,0.1255399835749888,0.15760684383942947,577,7,0.032066860264440666
19604,AOI-0031,2021-07-05,пастбища/зерновые,0.2017760915046549,0.15213095041052666,577,7,-0.04964514109412824
19612,AOI-0031,2021-07-13,пастбища/зерновые,0.1592874240018685,0.13951334181463776,577,7,-0.01977408218723073
19632,AOI-0031,2021-08-02,пастбища/зерновые,0.1309335547793631,0.1311257445077375,577,8,0.00019218972837439785
19640,AOI-0031,2021-08-10,пастбища/зерновые,0.1035090097041867,0.14190927546458165,577,8,0.03840026576039496
19643,AOI-0031,2021-08-13,пастбища/зерновые,0.1803984750988257,0.21794013934504058,577,8,0.037541664246214884
19670,AOI-0031,2021-09-09,пастбища/зерновые,0.1470613724940425,0.1361510377662412,577,9,-0.010910334727801285
19682,AOI-0031,2021-09-21,пастбища/зерновые,0.0758524698449961,0.0875456101347156,577,9,0.01169314028971949
19805,AOI-0031,2022-06-23,пастбища/зерновые,0.3336735341732755,0.358841998895866,577,6,0.02516846472259049
19827,AOI-0031,2022-07-15,пастбища/зерновые,0.209440258210544,0.17675813379939295,577,7,-0.03268212441115104
19852,AOI-0031,2022-08-09,пастбища/зерновые,0.1662433490324046,0.1582304883660666,577,8,-0.008012860666337995
19865,AOI-0031,2022-08-22,пастбища/зерновые,0.1246116721281149,0.11894332055400786,577,8,-0.005668351574107042
19867,AOI-0031,2022-08-24,пастбища/зерновые,0.1621425545696452,0.13206923515563723,577,8,-0.030073319414007954
19868,AOI-0031,2022-08-25,пастбища/зерновые,0.1298821918075335,0.11471919069056241,577,8,-0.015163001116971081
19872,AOI-0031,2022-08-29,пастбища/зерновые,0.1809606595511767,0.1702797673545306,577,8,-0.010680892196646113
19930,AOI-0031,2022-10-26,пастбища/зерновые,0.2369187649998795,0.2788882504194392,577,10,0.04196948541955972
19973,AOI-0031,2023-05-09,пастбища/зерновые,0.5279890941434046,0.6388343961624653,577,5,0.11084530201906073
20046,AOI-0031,2023-07-21,пастбища/зерновые,0.3567157318930688,0.3551520548749769,577,7,-0.0015636770180919024
20067,AOI-0031,2023-08-11,пастбища/зерновые,0.3120434156913242,0.26387551474704674,577,8,-0.048167900944277475
20069,AOI-0031,2023-08-13,пастбища/зерновые,0.275384715380405,0.2740994937198695,577,8,-0.0012852216605354627
20074,AOI-0031,2023-08-18,пастбища/зерновые,0.271398213693022,0.24309201298150218,577,8,-0.02830620071151979
20116,AOI-0031,2023-09-29,пастбища/зерновые,0.1786661223791219,0.16750726681404357,577,9,-0.01115885556507834
20123,AOI-0031,2023-10-06,пастбища/зерновые,0.1809308120199718,0.16810019348867358,577,10,-0.012830618531298216
20124,AOI-0031,2023-10-07,пастбища/зерновые,0.2092006352202012,0.17492167362380567,577,10,-0.03427896159639551
20126,AOI-0031,2023-10-09,пастбища/зерновые,0.1945606425731074,0.16450630987868406,577,10,-0.03005433269442334
20150,AOI-0031,2024-04-03,пастбища/зерновые,0.1922963971883648,0.1923038658446978,577,4,7.4686563329984246e-06
20155,AOI-0031,2024-04-08,пастбища/зерновые,0.266678765860404,0.17079910552539151,577,4,-0.0958796603350125
20201,AOI-0031,2024-05-24,пастбища/зерновые,0.3106598385331143,0.26105618200648195,577,5,-0.049603656526632345
20228,AOI-0031,2024-06-20,пастбища/зерновые,0.1323383501785415,0.1198139104535059,577,6,-0.012524439725035613
20243,AOI-0031,2024-07-05,пастбища/зерновые,0.1320143935211764,0.1238884717458672,577,7,-0.008125921775309186
20250,AOI-0031,2024-07-12,пастбища/зерновые,0.125603416099259,0.14261610337734254,577,7,0.017012687278083527
20288,AOI-0031,2024-08-19,пастбища/зерновые,0.144737855950766,0.14836559891106424,577,8,0.003627742960298247
20291,AOI-0031,2024-08-22,пастбища/зерновые,0.1733188767503124,0.1456428408837575,577,8,-0.0276760358665549
20340,AOI-0031,2024-10-10,пастбища/зерновые,0.1427697965314523,0.1386525628040595,577,10,-0.004117233727392811
20376,AOI-0031,2025-04-16,пастбища/зерновые,0.4056879645510303,0.3632419203735733,577,4,-0.04244604417745701
20394,AOI-0031,2025-05-04,пастбища/зерновые,0.663418555739919,0.626975825951816,577,5,-0.036442729788103034
20406,AOI-0031,2025-05-16,пастбища/зерновые,0.8071827829078979,0.775314289444862,577,5,-0.031868493463035885
20413,AOI-0031,2025-05-23,пастбища/зерновые,0.8044135218300489,0.788622255369768,577,5,-0.01579126646028084
20428,AOI-0031,2025-06-07,пастбища/зерновые,0.6991528443711174,0.7068964540606697,577,6,0.007743609689552344
20451,AOI-0031,2025-06-30,пастбища/зерновые,0.3807988706105868,0.3308740091413743,577,6,-0.04992486146921249
20506,AOI-0031,2025-08-24,пастбища/зерновые,0.1383653824415889,0.156269835259935,577,8,0.0179044528183461
20514,AOI-0031,2025-09-01,пастбища/зерновые,0.2045828203136416,0.16559909413473334,577,9,-0.03898372617890827
20547,AOI-0031,2025-10-04,пастбища/зерновые,0.2121468674245945,0.2093685261574234,577,10,-0.0027783412671710805
20612,AOI-0032,2010-05-09,пастбища/зерновые,0.390811111111111,0.42107623238095837,577,5,0.030265121269847373
20670,AOI-0032,2010-07-06,пастбища/зерновые,0.1739554150204546,0.1762529573876363,577,7,0.0022975423671816875
20726,AOI-0032,2010-08-31,пастбища/зерновые,0.1614100933472528,0.13758058131091383,577,8,-0.023829512036338957
20751,AOI-0032,2010-09-25,пастбища/зерновые,0.136087594688377,0.11490237541665042,577,9,-0.021185219271726577
20814,AOI-0032,2011-04-28,пастбища/зерновые,0.5963689206794276,0.5674595714084508,577,4,-0.02890934927097677
20825,AOI-0032,2011-05-09,пастбища/зерновые,0.7333433208489388,0.7518170070836927,577,5,0.018473686234753872
20855,AOI-0032,2011-06-08,пастбища/зерновые,0.7119396692551998,0.7647662741683545,577,6,0.05282660491315472
20985,AOI-0032,2011-10-16,пастбища/зерновые,0.2615749063670412,0.29093104083669463,577,10,0.029356134469653405
21069,AOI-0032,2012-06-09,пастбища/зерновые,0.3621235330836455,0.45658860511662464,577,6,0.09446507203297916
21142,AOI-0032,2012-08-21,пастбища/зерновые,0.214315022345099,0.15765145429168542,577,8,-0.05666356805341358
21315,AOI-0032,2013-07-12,пастбища/зерновые,0.3901003745318352,0.29273707025043183,577,7,-0.09736330428140338
21331,AOI-0032,2013-07-28,пастбища/зерновые,0.3941174781523097,0.3579482689185243,577,7,-0.03616920923378536
21341,AOI-0032,2013-08-07,пастбища/зерновые,0.3694969516063978,0.28072145687714717,577,8,-0.08877549472925061
21421,AOI-0032,2013-10-26,пастбища/зерновые,0.2520831113047294,0.24195763115952112,577,10,-0.010125480145208254
21429,AOI-0032,2014-04-04,пастбища/зерновые,0.3550879953639422,0.2694856745755859,577,4,-0.08560232078835628
21480,AOI-0032,2014-05-25,пастбища/зерновые,0.5655920099875156,0.5800532943805602,577,5,0.014461284393044616
21582,AOI-0032,2014-09-04,пастбища/зерновые,0.1673341822966378,0.14347297569860315,577,9,-0.023861206598034645
21613,AOI-0032,2014-10-05,пастбища/зерновые,0.1482542549752049,0.13950978563498595,577,10,-0.008744469340218941
21709,AOI-0032,2015-06-10,пастбища/зерновые,0.5167804619225967,0.5535258616644958,577,6,0.036745399741899054
21758,AOI-0032,2015-07-29,пастбища/зерновые,0.2237016024805157,0.22629835807098905,577,7,0.002596755590473343
21782,AOI-0032,2015-08-22,пастбища/зерновые,0.2440796764254592,0.18401584674709515,577,8,-0.060063829678364045
21805,AOI-0032,2015-09-14,пастбища/зерновые,0.2587822097378277,0.24087181206224398,577,9,-0.017910397675583695
21852,AOI-0032,2016-04-01,пастбища/зерновые,0.1894763691093828,0.16223831883340897,577,4,-0.027238050275973813
21996,AOI-0032,2016-08-23,пастбища/зерновые,0.1554454317138572,0.15436168762890853,577,8,-0.0010837440849486568
22001,AOI-0032,2016-08-28,пастбища/зерновые,0.2107029962546816,0.2075952575478804,577,8,-0.0031077387068011997
22053,AOI-0032,2016-10-19,пастбища/зерновые,0.425531961136769,0.3420720965235538,577,10,-0.0834598646132152
22077,AOI-0032,2017-04-13,пастбища/зерновые,0.5655172799965111,0.5431679570642547,577,4,-0.022349322932256444
22101,AOI-0032,2017-05-07,пастбища/зерновые,0.8050208800847338,0.7930329825608383,577,5,-0.011987897523895508
22133,AOI-0032,2017-06-08,пастбища/зерновые,0.7745145698133897,0.7206661304928864,577,6,-0.053848439320503316
22159,AOI-0032,2017-07-04,пастбища/зерновые,0.220695659942555,0.22424182413141594,577,7,0.003546164188860945
22173,AOI-0032,2017-07-18,пастбища/зерновые,0.1551602813653715,0.1711415453336573,577,7,0.015981263968285808
22214,AOI-0032,2017-08-28,пастбища/зерновые,0.1362160715240367,0.1272228344339431,577,8,-0.008993237090093587
22301,AOI-0032,2018-04-24,пастбища/зерновые,0.2269727581508144,0.2151413038580883,577,4,-0.011831454292726112
22380,AOI-0032,2018-07-12,пастбища/зерновые,0.2376583645443196,0.17473472081845434,577,7,-0.06292364372586526
22381,AOI-0032,2018-07-13,пастбища/зерновые,0.1918595648648152,0.15179169648951363,577,7,-0.040067868375301574
22461,AOI-0032,2018-10-01,пастбища/зерновые,0.2216725176100491,0.17401930029319027,577,10,-0.04765321731685884
22477,AOI-0032,2018-10-17,пастбища/зерновые,0.3540379707511623,0.2845074583834035,577,10,-0.06953051236775876
22510,AOI-0032,2019-04-20,пастбища/зерновые,0.6990049993346827,0.6413932228764603,577,4,-0.05761177645822246
22589,AOI-0032,2019-07-08,пастбища/зерновые,0.1237018338603569,0.1442236299431341,577,7,0.020521796082777197
22600,AOI-0032,2019-07-19,пастбища/зерновые,-0.0617310180383142,0.0890821835249686,577,7,0.15081320156328282
22621,AOI-0032,2019-08-09,пастбища/зерновые,0.1782436685377234,0.19729393754922372,577,8,0.019050269011500337
22630,AOI-0032,2019-08-18,пастбища/зерновые,0.1396113849104123,0.15797581099258845,577,8,0.018364426082176144
22643,AOI-0032,2019-08-31,пастбища/зерновые,0.1384347223423989,0.140833034967619,577,8,0.0023983126252201115
22645,AOI-0032,2019-09-02,пастбища/зерновые,0.1472759754314609,0.14959815746859564,577,9,0.0023221820371347457
22675,AOI-0032,2019-10-02,пастбища/зерновые,0.029508237200119,0.170608230518612,577,10,0.141099993318493
22693,AOI-0032,2019-10-20,пастбища/зерновые,0.2825030883130912,0.24389511905199912,577,10,-0.03860796926109206
22771,AOI-0032,2020-06-07,пастбища/зерновые,0.3617768457312877,0.39664444497882023,577,6,0.03486759924753252
22797,AOI-0032,2020-07-03,пастбища/зерновые,0.1229493232331393,0.1315894470979058,577,7,0.008640123864766494
22817,AOI-0032,2020-07-23,пастбища/зерновые,0.1301412510011032,0.10035683024265832,577,7,-0.02978442075844487
22825,AOI-0032,2020-07-31,пастбища/зерновые,0.1189602739167194,0.1261253194566218,577,7,0.007165045539902409
22837,AOI-0032,2020-08-12,пастбища/зерновые,0.1150785776253814,0.1550062406357232,577,8,0.03992766301034181
22845,AOI-0032,2020-08-20,пастбища/зерновые,0.1160859339389633,0.11539364750498313,577,8,-0.0006922864339801715
22851,AOI-0032,2020-08-26,пастбища/зерновые,0.1649035600382467,0.14620499268497392,577,8,-0.01869856735327277
22855,AOI-0032,2020-08-30,пастбища/зерновые,0.1224471387676097,0.11344357597371495,577,8,-0.009003562793894748
22876,AOI-0032,2020-09-20,пастбища/зерновые,0.1638352347433986,0.15290629239483877,577,9,-0.010928942348559817
22912,AOI-0032,2020-10-26,пастбища/зерновые,0.1769080953241645,0.1281027741251672,577,10,-0.048805321198997276
22931,AOI-0032,2021-04-15,пастбища/зерновые,0.1588312845138579,0.132818036993434,577,4,-0.026013247520423888
22963,AOI-0032,2021-05-17,пастбища/зерновые,0.2095430440504064,0.1950925431463224,577,5,-0.014450500904084007
23004,AOI-0032,2021-06-27,пастбища/зерновые,0.1780824803158557,0.19166186004801747,577,6,0.013579379732161778
23018,AOI-0032,2021-07-11,пастбища/зерновые,0.1958875443745742,0.13613298492669618,577,7,-0.059754559447878025
23028,AOI-0032,2021-07-21,пастбища/зерновые,0.145715211425823,0.12275714525900053,577,7,-0.02295806616682247
23038,AOI-0032,2021-07-31,пастбища/зерновые,0.1517620978951058,0.12984916980566907,577,7,-0.021912928089436734
23055,AOI-0032,2021-08-17,пастбища/зерновые,0.0539354212682249,0.11303641154127936,577,8,0.05910099027305446
23076,AOI-0032,2021-09-07,пастбища/зерновые,0.1958681970073569,0.140335854939309,577,9,-0.055532342068047885
23171,AOI-0032,2022-05-12,пастбища/зерновые,0.8568225409710205,0.8655024688472599,577,5,0.00867992787623939
23195,AOI-0032,2022-06-05,пастбища/зерновые,0.7516619699627947,0.7715545055139019,577,6,0.01989253555110726
23235,AOI-0032,2022-07-15,пастбища/зерновые,0.159732403220207,0.1478968652316509,577,7,-0.011835537988556077
23256,AOI-0032,2022-08-05,пастбища/зерновые,0.1133661537589527,0.12586339694492135,577,8,0.012497243185968648
23276,AOI-0032,2022-08-25,пастбища/зерновые,0.1268689286250099,0.11133081196681466,577,8,-0.015538116658195239
23318,AOI-0032,2022-10-06,пастбища/зерновые,0.1882375736283371,0.17042555251532504,577,10,-0.017812021113012055
23326,AOI-0032,2022-10-14,пастбища/зерновые,0.1993385973863469,0.17786249514966912,577,10,-0.021476102236677785
23412,AOI-0032,2023-06-09,пастбища/зерновые,0.4619145770034503,0.43559687496052985,577,6,-0.026317702042920443
23416,AOI-0032,2023-06-13,пастбища/зерновые,0.4921726604956635,0.4894333192602308,577,6,-0.0027393412354326796
23445,AOI-0032,2023-07-12,пастбища/зерновые,0.2773430087390761,0.5758495593966041,577,7,0.298506550657528
23456,AOI-0032,2023-07-23,пастбища/зерновые,0.0547379041722949,0.39204799030610726,577,7,0.33731008613381236
23469,AOI-0032,2023-08-05,пастбища/зерновые,0.2091698417005265,0.24803340205378338,577,8,0.03886356035325689
23475,AOI-0032,2023-08-11,пастбища/зерновые,0.2810532092655745,0.23395412117137343,577,8,-0.04709908809420105
23481,AOI-0032,2023-08-17,пастбища/зерновые,0.2288745652480545,0.24019266657457788,577,8,0.011318101326523389
23484,AOI-0032,2023-08-20,пастбища/зерновые,0.2253837775020275,0.21571935052992497,577,8,-0.009664426972102541
23554,AOI-0032,2023-10-29,пастбища/зерновые,0.155339516266577,0.16356485008076108,577,10,0.008225333814184083
23603,AOI-0032,2024-05-18,пастбища/зерновые,0.1988582944653604,0.23511136179411654,577,5,0.03625306732875613
23628,AOI-0032,2024-06-12,пастбища/зерновые,0.1904034926568135,0.16701833561915622,577,6,-0.023385157037657284
23641,AOI-0032,2024-06-25,пастбища/зерновые,0.2125470661672908,0.19449603617022404,577,6,-0.01805102999706676
23668,AOI-0032,2024-07-22,пастбища/зерновые,0.1514848256829934,0.13557099042659118,577,7,-0.01591383525640222
23689,AOI-0032,2024-08-12,пастбища/зерновые,0.186638327091136,0.18372054998795007,577,8,-0.0029177771031859423
23693,AOI-0032,2024-08-16,пастбища/зерновые,0.1422970869869225,0.1550921202734273,577,8,0.012795033286504803
23716,AOI-0032,2024-09-08,пастбища/зерновые,0.1398438889244191,0.13616669517607338,577,9,-0.003677193748345714
23728,AOI-0032,2024-09-20,пастбища/зерновые,0.1513709473737276,0.1525610748744557,577,9,0.0011901275007280832
23739,AOI-0032,2024-10-01,пастбища/зерновые,0.1629973216593477,0.14323502926977497,577,10,-0.019762292389572722
23784,AOI-0032,2025-04-16,пастбища/зерновые,0.4431522468553641,0.4611119695179178,577,4,0.01795972266255369
23786,AOI-0032,2025-04-18,пастбища/зерновые,0.4934549656303181,0.4721977342521362,577,4,-0.021257231378181918
23796,AOI-0032,2025-04-28,пастбища/зерновые,0.5898386518771663,0.6280684340936489,577,4,0.038229782216482544
23876,AOI-0032,2025-07-17,пастбища/зерновые,0.1400867410895246,0.16266859491966212,577,7,0.022581853830137527
23883,AOI-0032,2025-07-24,пастбища/зерновые,0.2046434917312329,0.21313380045067642,577,7,0.008490308719443534
23904,AOI-0032,2025-08-14,пастбища/зерновые,0.1559239526379798,0.13726070104830285,577,8,-0.018663251589676966
23946,AOI-0032,2025-09-25,пастбища/зерновые,0.1261158669990468,0.13068725772330203,577,9,0.00457139072425522
23953,AOI-0032,2025-10-02,пастбища/зерновые,0.1594276677568592,0.19098492355847688,577,10,0.03155725580161767
23981,AOI-0032,2025-10-30,пастбища/зерновые,0.1595365627175475,0.2089623520926399,577,10,0.04942578937509243
23997,AOI-0033,2025-04-16,пастбища/зерновые,0.18281964986152,0.15819598941979338,577,4,-0.02462366044172662
23999,AOI-0033,2025-04-18,пастбища/зерновые,0.1807137110188474,0.15715112152072797,577,4,-0.02356258949811943
24026,AOI-0033,2025-05-15,пастбища/зерновые,0.1948479074162704,0.2128729038729285,577,5,0.018024996456658116
24046,AOI-0033,2025-06-04,пастбища/зерновые,0.4697396846211535,0.4627639217555778,577,6,-0.006975762865575719
24072,AOI-0033,2025-06-30,пастбища/зерновые,0.6565303341730239,0.6284447470734904,577,6,-0.02808558709953346
24079,AOI-0033,2025-07-07,пастбища/зерновые,0.3301594272425242,0.4513955651164526,577,7,0.12123613787392845
24080,AOI-0033,2025-07-08,пастбища/зерновые,0.3842932955243588,0.4451723793932708,577,7,0.060879083868912
24097,AOI-0033,2025-07-25,пастбища/зерновые,0.3360194828609462,0.2815988927922725,577,7,-0.05442059006867367
24122,AOI-0033,2025-08-19,пастбища/зерновые,0.2786284974830347,0.21788097248602067,577,8,-0.060747524997014024
24199,AOI-0034,2025-04-05,пастбища/зерновые,0.1475876440866685,0.1799193358242128,577,4,0.0323316917375443
24213,AOI-0034,2025-04-19,пастбища/зерновые,0.2115888301309375,0.19128495071262816,577,4,-0.02030387941830933
24260,AOI-0034,2025-06-05,пастбища/зерновые,0.1534223808224559,0.17730417795709874,577,6,0.023881797134642835
24281,AOI-0034,2025-06-26,пастбища/зерновые,0.2274847371754275,0.228636489436575,577,6,0.0011517522611474984
24302,AOI-0034,2025-07-17,пастбища/зерновые,0.1203448427824931,0.12550697156236493,577,7,0.005162128779871822
24309,AOI-0034,2025-07-24,пастбища/зерновые,0.2099646279003841,0.1779618016118122,577,7,-0.0320028262885719
24325,AOI-0034,2025-08-09,пастбища/зерновые,0.0912243269859815,0.13305234879117533,577,8,0.041828021805193835
24373,AOI-0034,2025-09-26,пастбища/зерновые,0.1983377482586674,0.18325375877334488,577,9,-0.015083989485322524
24408,AOI-0035,2025-04-05,пастбища/зерновые,0.1391031283783284,0.15593972058838707,577,4,0.016836592210058676
24411,AOI-0035,2025-04-18,пастбища/зерновые,0.1715195073361933,0.1522661680194235,577,4,-0.019253339316769813
24424,AOI-0035,2025-05-23,пастбища/зерновые,0.1255701748264542,0.17226750839185506,577,5,0.04669733356540087
24425,AOI-0035,2025-05-25,пастбища/зерновые,0.2889205855161787,0.24952845416854613,577,5,-0.039392131347632586
24432,AOI-0035,2025-06-13,пастбища/зерновые,0.2197694175611551,0.1518360696674549,577,6,-0.0679333478937002
24460,AOI-0035,2025-08-16,пастбища/зерновые,0.1064763191479709,0.12070144098393987,577,8,0.014225121835968968
24466,AOI-0035,2025-08-29,пастбища/зерновые,0.1328147011139799,0.16372881947852014,577,8,0.03091411836454025
24469,AOI-0035,2025-09-02,пастбища/зерновые,0.1632184307662119,0.16395994780327602,577,9,0.0007415170370641266
24489,AOI-0035,2025-10-27,пастбища/зерновые,0.6298891219205744,0.4579460996357465,577,10,-0.17194302228482794
24521,AOI-0036,2025-05-01,пастбища/зерновые,0.6007055759050697,0.581128884357311,577,5,-0.01957669154775865
24545,AOI-0036,2025-05-25,пастбища/зерновые,0.6692845621506521,0.5651543572587174,577,5,-0.1041302048919347
24557,AOI-0036,2025-06-06,пастбища/зерновые,0.4801604740985637,0.4838946365187642,577,6,0.003734162420200471
24572,AOI-0036,2025-06-21,пастбища/зерновые,0.3750411922965402,0.3125278213504089,577,6,-0.0625133709461313
24609,AOI-0036,2025-07-28,пастбища/зерновые,0.2581548575991483,0.2287458213849043,577,7,-0.02940903621424401
24618,AOI-0036,2025-08-06,пастбища/зерновые,0.18517658522405,0.16576105065601174,577,8,-0.019415534568038267
24666,AOI-0036,2025-09-23,пастбища/зерновые,0.1599265023344381,0.14478541953399374,577,9,-0.01514108280044435
24668,AOI-0036,2025-09-25,пастбища/зерновые,0.1403886993525639,0.13827091666023333,577,9,-0.0021177826923305665
24681,AOI-0036,2025-10-08,пастбища/зерновые,0.1624792403292861,0.17114508332400516,577,10,0.008665842994719064
24705,AOI-0037,2025-04-02,зерновые,0.3791319191064582,0.27273239256693627,577,4,-0.10639952653952195
24726,AOI-0037,2025-04-23,зерновые,0.5695022724289609,0.6103088509327941,577,4,0.04080657850383318
24799,AOI-0037,2025-07-05,зерновые,0.3775216018495675,0.320921265526105,577,7,-0.05660033632346251
24802,AOI-0037,2025-07-08,зерновые,0.3636505000715725,0.3238316746375709,577,7,-0.039818825434001615
24824,AOI-0037,2025-07-30,зерновые,0.2595964471305156,0.23893211157842092,577,7,-0.02066433555209468
24838,AOI-0037,2025-08-13,зерновые,0.2878733393177737,0.30170241232817097,577,8,0.013829073010397264
24850,AOI-0037,2025-08-25,зерновые,0.2729972534198026,0.26211138299059633,577,8,-0.010885870429206246
24856,AOI-0037,2025-08-31,зерновые,0.2011730819861944,0.2262519421739747,577,8,0.0250788601877803
24935,AOI-0038,2025-04-19,зерновые,0.4640398480515403,0.4599767368051699,577,4,-0.004063111246370432
24947,AOI-0038,2025-05-01,зерновые,0.4804970496415174,0.5063715807290267,577,5,0.025874531087509256
24954,AOI-0038,2025-05-08,зерновые,0.4771556667831189,0.4959066450790804,577,5,0.018750978295961507
24969,AOI-0038,2025-05-23,зерновые,0.5038837114105756,0.5593576173367611,577,5,0.05547390592618551
25009,AOI-0038,2025-07-02,зерновые,0.2148900680418895,0.22433615201802348,577,7,0.009446083976133973
25037,AOI-0038,2025-07-30,зерновые,0.1940692304829712,0.18752016892478104,577,7,-0.006549061558190156
25094,AOI-0038,2025-09-25,зерновые,0.1591017409897112,0.18400767160126383,577,9,0.024905930611552635
25097,AOI-0038,2025-09-28,зерновые,0.1748197705977687,0.16810909004649863,577,9,-0.006710680551270082
25122,AOI-0038,2025-10-23,зерновые,0.2555052799928962,0.21029440714674424,577,10,-0.04521087284615194
25130,AOI-0039,2025-04-02,зерновые,0.4895028356056476,0.48755974212109127,577,4,-0.0019430934845563463
25136,AOI-0039,2025-04-19,зерновые,0.697035986202659,0.6962479346707551,577,4,-0.0007880515319039771
25150,AOI-0039,2025-05-26,зерновые,0.7005323060319592,0.6160950821749214,577,5,-0.08443722385703778
25158,AOI-0039,2025-06-26,зерновые,0.4111511335012594,0.5163763915200712,577,6,0.10522525801881177
25183,AOI-0039,2025-08-16,зерновые,0.346512310906712,0.29219879020290707,577,8,-0.05431352070380491
25185,AOI-0039,2025-08-19,зерновые,0.3627835814032153,0.2995397409975208,577,8,-0.06324384040569453
25193,AOI-0039,2025-09-03,зерновые,0.2648005387733901,0.3090865533938352,577,9,0.04428601462044507
25206,AOI-0039,2025-10-02,зерновые,0.3171226499110622,0.3404754232653892,577,10,0.023352773354327006
25211,AOI-0039,2025-10-16,зерновые,0.4332150503778336,0.4093816452872433,577,10,-0.023833405090590287
25220,AOI-0040,2025-04-07,зерновые,0.5772386787564768,0.5216114848154997,577,4,-0.05562719394097715
25280,AOI-0040,2025-06-06,зерновые,0.6704456175518939,0.7195694216858923,577,6,0.04912380413399842
25332,AOI-0040,2025-07-28,зерновые,0.222285829015544,0.17561215225838187,577,7,-0.046673676757162136
25339,AOI-0040,2025-08-04,зерновые,0.1152713483768813,0.14599900739268806,577,8,0.030727659015806763
25351,AOI-0040,2025-08-16,зерновые,0.1451483014238354,0.14138287021291082,577,8,-0.003765431210924569
25360,AOI-0040,2025-08-25,зерновые,0.2024795128764895,0.20009263683577863,577,8,-0.0023868760407108613
25366,AOI-0040,2025-08-31,зерновые,0.1512975877809992,0.16539551581458906,577,8,0.014097928033589863
25368,AOI-0040,2025-09-02,зерновые,0.1982994181200078,0.17306406601942753,577,9,-0.025235352100580255
25419,AOI-0040,2025-10-23,зерновые,0.1575833460202794,0.16594487149257703,577,10,0.008361525472297626
25433,AOI-0041,2025-04-19,зерновые,0.6232960300279464,0.6257824961616234,577,4,0.002486466133676979
25445,AOI-0041,2025-05-25,зерновые,0.5781810810810811,0.6095109168006836,577,5,0.03132983571960246
25447,AOI-0041,2025-05-28,зерновые,0.5960870476084764,0.5550442970888276,577,5,-0.041042750519648785
25452,AOI-0041,2025-06-10,зерновые,0.4366345624519112,0.47286521246992796,577,6,0.036230650018016786
25455,AOI-0041,2025-06-15,зерновые,0.357214439972076,0.42834045962540035,577,6,0.07112601965332432
25464,AOI-0041,2025-07-07,зерновые,0.3393478427007982,0.3681276704933161,577,7,0.028779827792517865
25482,AOI-0041,2025-08-17,зерновые,0.2698326961952266,0.2093693693773372,577,8,-0.06046332681788941
25490,AOI-0041,2025-09-02,зерновые,0.2535641360596308,0.22290083424654064,577,9,-0.030663301813090155
25508,AOI-0041,2025-10-16,зерновые,0.4193036855036856,0.3274070560591545,577,10,-0.09189662944453109
25517,AOI-0042,2025-04-07,зерновые,0.3026933314495621,0.2932597138912307,577,4,-0.009433617558331442
25556,AOI-0042,2025-05-16,зерновые,0.1507400434343987,0.1715618912562283,577,5,0.02082184782182961
25566,AOI-0042,2025-05-26,зерновые,0.1614328596634989,0.19599988680187924,577,5,0.034567027138380335
25597,AOI-0042,2025-06-26,зерновые,0.2147605255721956,0.23005896864188635,577,6,0.015298443069690748
25606,AOI-0042,2025-07-05,зерновые,0.1313546703958968,0.1360308929768408,577,7,0.004676222580943995
25636,AOI-0042,2025-08-04,зерновые,0.1082587173539747,0.1358161254358729,577,8,0.027557408081898202
25664,AOI-0042,2025-09-01,зерновые,0.1645300921560682,0.14266101269541137,577,9,-0.02186907946065683
25697,AOI-0042,2025-10-04,зерновые,0.1663337530889413,0.18857091033271292,577,10,0.02223715724377162
25701,AOI-0042,2025-10-08,зерновые,0.1419768038916192,0.14908910214032914,577,10,0.007112298248709931
25757,AOI-0043,2025-05-04,зерновые,0.1965982446902947,0.19137876732266912,577,5,-0.005219477367625569
25780,AOI-0043,2025-05-27,зерновые,0.2383472757792067,0.2098216719239209,577,5,-0.028525603855285797
25812,AOI-0043,2025-06-28,зерновые,0.1830308848084066,0.2213952120063027,577,6,0.03836432719789609
25819,AOI-0043,2025-07-05,зерновые,0.1805145128125372,0.15307436669892804,577,7,-0.02744014611360915
25847,AOI-0043,2025-08-02,зерновые,-0.0990471258126274,0.14798746172438534,577,8,0.24703458753701274
25859,AOI-0043,2025-08-14,зерновые,0.1732034459920048,0.15161002419630604,577,8,-0.02159342179569876
25864,AOI-0043,2025-08-19,зерновые,0.1705771808526017,0.15436719385224462,577,8,-0.016209987000357085
25879,AOI-0043,2025-09-03,зерновые,0.1695405318900082,0.14503909039783525,577,9,-0.024501441492172954
25891,AOI-0043,2025-09-15,зерновые,0.1533884703035221,0.16858735959404225,577,9,0.015198889290520157
25902,AOI-0043,2025-09-26,зерновые,0.1898711502594666,0.16692508204231843,577,9,-0.022946068217148174
26007,AOI-0044,2010-06-10,зерновые,0.5285764092815943,0.5275303571187977,577,6,-0.001046052162796629
26103,AOI-0044,2010-09-14,зерновые,0.2949521882632516,0.24219852820568988,577,9,-0.05275366005756171
26119,AOI-0044,2010-09-30,зерновые,0.2812994035133719,0.22777077664797507,577,9,-0.05352862686539683
26220,AOI-0044,2011-06-10,зерновые,0.6701203592029369,0.6000106043399678,577,6,-0.07010975486296911
26236,AOI-0044,2011-06-26,зерновые,0.7976915049816462,0.7709655208772543,577,6,-0.026725984104391864
26288,AOI-0044,2011-08-17,зерновые,0.186992222391674,0.19569125655596037,577,8,0.008699034164286357
26289,AOI-0044,2011-08-18,зерновые,0.189833648913054,0.19012713164340433,577,8,0.00029348273035034733
26329,AOI-0044,2011-09-27,зерновые,0.270969183781962,0.2266240188297689,577,9,-0.044345164952193095
26528,AOI-0044,2012-09-13,зерновые,0.1513253942196969,0.1935286787749298,577,9,0.042203284555232895
26560,AOI-0044,2012-10-15,зерновые,0.2540426341335431,0.175033012097368,577,10,-0.07900962203617512
26630,AOI-0044,2013-05-25,зерновые,0.6012492527530156,0.5572424105109053,577,5,-0.04400684224211027
26679,AOI-0044,2013-07-13,зерновые,0.4559748817507771,0.5211378325020715,577,7,0.06516295075129436
26694,AOI-0044,2013-07-28,зерновые,0.4282299095437864,0.3857383362974014,577,7,-0.04249157324638503
26726,AOI-0044,2013-08-29,зерновые,0.3151017239119033,0.32755091179146717,577,8,0.012449187879563894
26848,AOI-0044,2014-05-30,зерновые,0.2692855649475912,0.2922284739756356,577,5,0.02294290902804441
26856,AOI-0044,2014-06-07,зерновые,0.2450226999300773,0.28321828259088644,577,6,0.038195582660809135
26880,AOI-0044,2014-07-01,зерновые,0.2189302649555371,0.22525358903502746,577,7,0.00632332407949035
26968,AOI-0044,2014-09-27,зерновые,0.2165005425843506,0.18036022824709075,577,9,-0.036140314337259866
27031,AOI-0044,2015-04-30,зерновые,0.7914209473635998,0.7473470526847862,577,4,-0.04407389467881362
27047,AOI-0044,2015-05-16,зерновые,0.9014122815330616,0.8377753021097801,577,5,-0.0636369794232815
27104,AOI-0044,2015-07-12,зерновые,0.4330897518814831,0.34058685059663235,577,7,-0.09250290128485072
27159,AOI-0044,2015-09-05,зерновые,0.2119360511397411,0.19323692380821958,577,9,-0.018699127331521515
27215,AOI-0044,2016-04-01,зерновые,0.374281584503093,0.3678019891005142,577,4,-0.006479595402578808
27278,AOI-0044,2016-06-03,зерновые,0.781754131719218,0.7206596861123254,577,6,-0.06109444560689259
27284,AOI-0044,2016-06-09,зерновые,0.6825185238594654,0.5905912996805274,577,6,-0.09192722417893806
27319,AOI-0044,2016-07-14,зерновые,0.3309677610120825,0.26315643062072847,577,7,-0.06781133039135401
27375,AOI-0044,2016-09-08,зерновые,0.2057013255652175,0.17524018585869883,577,9,-0.030461139706518675
27487,AOI-0044,2017-05-30,зерновые,0.2703659276631402,0.2677904032305863,577,5,-0.002575524432553933
27495,AOI-0044,2017-06-07,зерновые,0.2298596801977983,0.2761030131063852,577,6,0.0462433329085869
27520,AOI-0044,2017-07-02,зерновые,0.1895901200238214,0.1858273928958988,577,7,-0.0037627271279225827
27558,AOI-0044,2017-08-09,зерновые,0.195611072795146,0.17197601793318593,577,8,-0.023635054861960075
27598,AOI-0044,2017-09-18,зерновые,0.1638952443333775,0.15844477210350622,577,9,-0.005450472229871273
27626,AOI-0044,2017-10-16,зерновые,0.4813681001006761,0.35680210050575917,577,10,-0.12456599959491693
27679,AOI-0044,2018-05-09,зерновые,0.8815039328788673,0.8490679644438777,577,5,-0.03243596843498964
27694,AOI-0044,2018-05-24,зерновые,0.8613759516491638,0.8467990030727786,577,5,-0.014576948576385251
27719,AOI-0044,2018-06-18,зерновые,0.4547218281012496,0.45225135718154985,577,6,-0.002470470919699763
27774,AOI-0044,2018-08-12,зерновые,0.2334832759066083,0.24668389869083093,577,8,0.013200622784222626
27814,AOI-0044,2018-09-21,зерновые,0.160594041392658,0.16931017554382222,577,9,0.008716134151164207
27892,AOI-0044,2019-05-09,зерновые,0.6862455099632937,0.6572419248541308,577,5,-0.0290035851091629
27902,AOI-0044,2019-05-19,зерновые,0.6711794152683972,0.7040966653838716,577,5,0.03291725011547442
27908,AOI-0044,2019-05-25,зерновые,0.727400163869953,0.7262231581115566,577,5,-0.00117700575839641
27919,AOI-0044,2019-06-05,зерновые,0.7167599586859267,0.6276896897845344,577,6,-0.08907026890139225
27935,AOI-0044,2019-06-21,зерновые,0.327743411939993,0.32735515073727217,577,6,-0.00038826120272084097
27982,AOI-0044,2019-08-07,зерновые,0.3195550037559954,0.33316898022870917,577,8,0.013613976472713785
28052,AOI-0044,2019-10-16,зерновые,0.2733879719454641,0.26649155015662246,577,10,-0.006896421788841645
28061,AOI-0044,2019-10-25,зерновые,0.1051288665897969,0.1777836177779901,577,10,0.0726547511881932
28078,AOI-0044,2020-04-12,зерновые,0.214803396043396,0.19047824762017887,577,4,-0.02432514842321712
28108,AOI-0044,2020-05-12,зерновые,0.1817702590106308,0.19889077678843442,577,5,0.01712051777780363
28120,AOI-0044,2020-05-24,зерновые,0.3552065089145254,0.40355820390391717,577,5,0.04835169498939179
28203,AOI-0044,2020-08-15,зерновые,0.1584154494938394,0.1324111298476679,577,8,-0.026004319646171503
28237,AOI-0044,2020-09-18,зерновые,0.175335310479776,0.18038240369650063,577,9,0.005047093216724641
28258,AOI-0044,2020-10-09,зерновые,0.140220692556386,0.128460787527479,577,10,-0.011759905028907003
28273,AOI-0044,2020-10-24,зерновые,0.0778193686885705,0.10591427057023921,577,10,0.028094901881668702
28336,AOI-0044,2021-05-27,зерновые,0.6517390325742312,0.7416582416164164,577,5,0.0899192090421852
28390,AOI-0044,2021-07-20,зерновые,0.1603022138044255,0.18987638628382184,577,7,0.029574172479396338
28401,AOI-0044,2021-07-31,зерновые,0.1335128540903117,0.14114493879334938,577,7,0.007632084703037695
28414,AOI-0044,2021-08-13,зерновые,0.2849167671735713,0.24130456976849074,577,8,-0.043612197405080544
28476,AOI-0044,2021-10-14,зерновые,0.143799888231916,0.15394117208747748,577,10,0.010141283855561484
28532,AOI-0044,2022-05-10,зерновые,0.7212901165164527,0.6644541460909819,577,5,-0.05683597042547084
28561,AOI-0044,2022-06-08,зерновые,0.7615828916893282,0.7267211581872498,577,6,-0.03486173350207844
28613,AOI-0044,2022-07-30,зерновые,0.2114798291640702,0.21143900048941386,577,7,-4.0828674656351316e-05
28629,AOI-0044,2022-08-15,зерновые,0.2510822562350489,0.2319942927265361,577,8,-0.019087963508512773
28645,AOI-0044,2022-08-31,зерновые,0.236324026661373,0.22443809606564724,577,8,-0.011885930595725763
28659,AOI-0044,2022-09-14,зерновые,0.2400871736447356,0.2154125138293388,577,9,-0.02467465981539682
28689,AOI-0044,2022-10-14,зерновые,0.1914839630136506,0.18763017687003875,577,10,-0.0038537861436118426
28732,AOI-0044,2023-04-27,зерновые,0.2081222261738483,0.20445697643040756,577,4,-0.003665249743440735
28750,AOI-0044,2023-05-15,зерновые,0.2461761883967467,0.2074614689210737,577,5,-0.03871471947567301
28787,AOI-0044,2023-06-21,зерновые,0.0800082629704895,0.19640787809523133,577,6,0.11639961512474183
28840,AOI-0044,2023-08-13,зерновые,0.2380262191924488,0.20694205238280838,577,8,-0.031084166809640407
28842,AOI-0044,2023-08-15,зерновые,0.13945701339694,0.14393966020820653,577,8,0.004482646811266533
28845,AOI-0044,2023-08-18,зерновые,0.1695428492536879,0.15205586743469976,577,8,-0.01748698181898814
28853,AOI-0044,2023-08-26,зерновые,0.1973628430044497,0.16439445409151343,577,8,-0.03296838891293627
28878,AOI-0044,2023-09-20,зерновые,0.2032226322680227,0.18547335391433536,577,9,-0.017749278353687337
28957,AOI-0044,2024-05-09,зерновые,0.8849192018489854,0.8333164353368756,577,5,-0.05160276651210982
28996,AOI-0044,2024-06-17,зерновые,0.3960677946033713,0.2999766921617463,577,6,-0.09609110244162505
29044,AOI-0044,2024-08-04,зерновые,0.1028783019547443,0.12328447113509264,577,8,0.020406169180348335
29045,AOI-0044,2024-08-05,зерновые,0.1816935301939453,0.1601396847942661,577,8,-0.021553845399679195
29059,AOI-0044,2024-08-19,зерновые,0.1173398818971604,0.1350867089592629,577,8,0.017746827062102496
29084,AOI-0044,2024-09-13,зерновые,0.131475246485447,0.16420120620486744,577,9,0.03272595971942044
29108,AOI-0044,2024-10-07,зерновые,0.18930915631752,0.16132929535265722,577,10,-0.02797986096486277
29152,AOI-0044,2025-04-21,зерновые,0.1935511604520642,0.19429015723302662,577,4,0.0007389967809624254
29164,AOI-0044,2025-05-03,зерновые,0.2239262462810147,0.21397304769414516,577,5,-0.00995319858686955
29169,AOI-0044,2025-05-08,зерновые,0.1580502340960814,0.17327350647736459,577,5,0.015223272381283182
29172,AOI-0044,2025-05-11,зерновые,0.1393868161267109,0.1972734547564164,577,5,0.0578866386297055
29207,AOI-0044,2025-06-15,зерновые,0.1540847384501397,0.14590585392606598,577,6,-0.008178884524073726
29209,AOI-0044,2025-06-17,зерновые,-0.0296133753584297,0.14838532996697318,577,6,0.17799870532540288
29287,AOI-0044,2025-09-03,зерновые,0.1426557031798827,0.12350470615609344,577,9,-0.01915099702378925
29298,AOI-0044,2025-09-14,зерновые,0.2235134373361299,0.2151706244298144,577,9,-0.0083428129063155
29322,AOI-0044,2025-10-08,зерновые,0.1412781846124577,0.16228296364723144,577,10,0.02100477903477374
29380,AOI-0045,2025-05-06,зерновые,0.1463760040071946,0.19975045882290277,577,5,0.053374454815708156
29390,AOI-0045,2025-05-16,зерновые,0.1752716791327959,0.1689840234705682,577,5,-0.0062876556622276925
29457,AOI-0045,2025-07-22,зерновые,0.1953942229264784,0.17274346912190908,577,7,-0.022650753804569324
29462,AOI-0045,2025-07-27,зерновые,0.1623235184975472,0.14977336849126952,577,7,-0.012550150006277683
29498,AOI-0045,2025-09-01,зерновые,0.1856167475781752,0.14930519769878148,577,9,-0.03631154987939372
29505,AOI-0045,2025-09-08,зерновые,0.1233714679847403,0.13374677073041652,577,9,0.010375302745676218
29513,AOI-0045,2025-09-16,зерновые,0.1814850301344193,0.17256001771839502,577,9,-0.00892501241602428
29520,AOI-0045,2025-09-23,зерновые,0.1574016687827062,0.15466919059208356,577,9,-0.002732478190622639
29605,AOI-0046,2010-05-18,зерновые,0.2320598276074391,0.274090586539136,577,5,0.04203075893169689
29646,AOI-0046,2010-06-28,зерновые,0.2038302843773676,0.21195986876799347,577,6,0.00812958439062586
29701,AOI-0046,2010-08-22,зерновые,0.5299957914101029,0.5311182126325384,577,8,0.0011224212224355545
29709,AOI-0046,2010-08-30,зерновые,0.5199834328566194,0.4731413786406282,577,8,-0.04684205421599119
29838,AOI-0046,2011-06-07,зерновые,0.3773626220927982,0.2166734563596956,577,6,-0.1606891657331026
29841,AOI-0046,2011-06-10,зерновые,0.3607512559716444,0.34437761234866426,577,6,-0.01637364362298016
29857,AOI-0046,2011-06-26,зерновые,0.4587857759284943,0.3748071088762043,577,6,-0.08397866705229001
29877,AOI-0046,2011-07-16,зерновые,0.2961028582324515,0.2697892120645546,577,7,-0.026313646167896942
29889,AOI-0046,2011-07-28,зерновые,0.3060446447834798,0.3058721654364917,577,7,-0.00017247934698810807
30117,AOI-0046,2012-08-12,зерновые,0.2751520849289949,0.4086451274638177,577,8,0.1334930425348228
30133,AOI-0046,2012-08-28,зерновые,0.4490730403034011,0.4386520184021227,577,8,-0.010421021901278416
30245,AOI-0046,2013-05-19,зерновые,0.6032834446809339,0.4430909802966893,577,5,-0.16019246438424456
30309,AOI-0046,2013-07-22,зерновые,0.324767177376945,0.29349883667674104,577,7,-0.031268340700203956
30331,AOI-0046,2013-08-13,зерновые,0.3409894744952998,0.3274366782974124,577,8,-0.013552796197887407
30341,AOI-0046,2013-08-23,зерновые,0.2778296738923951,0.2657009589467257,577,8,-0.012128714945669417
30412,AOI-0046,2014-04-03,зерновые,0.3418865936443692,0.3570168000769478,577,4,0.015130206432578619
30432,AOI-0046,2014-04-23,зерновые,0.7588263214670982,0.7323286017689273,577,4,-0.02649771969817083
30541,AOI-0046,2014-08-10,зерновые,0.2079235515456166,0.17129549372968603,577,8,-0.036628057815930565
30544,AOI-0046,2014-08-13,зерновые,0.2174766836184312,0.2242483443938449,577,8,0.00677166077541369
30604,AOI-0046,2014-10-12,зерновые,0.149541621230525,0.15257879513168857,577,10,0.0030371739011635646
30645,AOI-0046,2015-04-23,зерновые,0.2228558374261959,0.3216484311104394,577,4,0.09879259368424348
30677,AOI-0046,2015-05-25,зерновые,0.2972231277122814,0.387751231823842,577,5,0.09052810411156065
30756,AOI-0046,2015-08-12,зерновые,0.1638944365797445,0.2008936247502784,577,8,0.03699918817053388
30804,AOI-0046,2015-09-29,зерновые,0.1737976474883221,0.186733616630221,577,9,0.012935969141898901
30916,AOI-0046,2016-06-20,зерновые,0.4576264999847847,0.42433513279671947,577,6,-0.033291367188065246
30921,AOI-0046,2016-06-25,зерновые,0.3949762058868857,0.3785476495948692,577,6,-0.016428556292016505
30923,AOI-0046,2016-06-27,зерновые,0.3265102746183155,0.3803432953451178,577,6,0.053833020726802294
30924,AOI-0046,2016-06-28,зерновые,0.3268962370284946,0.3663303539087063,577,6,0.0394341168802117
30932,AOI-0046,2016-07-06,зерновые,0.2274237832091443,0.24782170135931517,577,7,0.020397918150170863
31131,AOI-0046,2017-06-22,зерновые,0.634550241885972,0.5576908890379007,577,6,-0.07685935284807133
31139,AOI-0046,2017-06-30,зерновые,0.3791711647834677,0.4049749382355154,577,6,0.025803773452047707
31164,AOI-0046,2017-07-25,зерновые,0.1530788270806253,0.17578114893265423,577,7,0.022702321852028917
31180,AOI-0046,2017-08-10,зерновые,0.1494012080128085,0.172444092839907,577,8,0.023042884827098487
31188,AOI-0046,2017-08-18,зерновые,0.1936290727665575,0.18120051429849335,577,8,-0.01242855846806415
31236,AOI-0046,2017-10-05,зерновые,0.3549397892994672,0.25723296980183447,577,10,-0.09770681949763271
31291,AOI-0046,2018-04-30,зерновые,0.1968055606565146,0.21600844258614688,577,4,0.019202881929632265
31292,AOI-0046,2018-05-01,зерновые,0.217227362460496,0.19805130691375258,577,5,-0.019176055546743426
31395,AOI-0046,2018-08-12,зерновые,0.2083958462570226,0.2001023323019031,577,8,-0.008293513955119486
31411,AOI-0046,2018-08-28,зерновые,0.193836701630181,0.1896413288190613,577,8,-0.004195372811119702
31428,AOI-0046,2018-09-14,зерновые,0.2280087686854677,0.23809640027011644,577,9,0.010087631584648732
31481,AOI-0046,2019-04-07,зерновые,0.4150501309909077,0.36358609716182694,577,4,-0.05146403382908077
31537,AOI-0046,2019-06-02,зерновые,0.7586597242655356,0.7717674080600917,577,6,0.013107683794556069
31545,AOI-0046,2019-06-10,зерновые,0.568475805208815,0.6137485155143597,577,6,0.045272710305544694
31619,AOI-0046,2019-08-23,зерновые,0.1937542171542566,0.20901000585993046,577,8,0.015255788705673845
31620,AOI-0046,2019-08-24,зерновые,0.2775643496272098,0.2016841961266747,577,8,-0.07588015350053512
31644,AOI-0046,2019-09-17,зерновые,0.1566616114043789,0.15023899513312733,577,9,-0.006422616271251569
31657,AOI-0046,2019-09-30,зерновые,0.3328478347973494,0.3431675799448306,577,9,0.010319745147481185
31673,AOI-0046,2019-10-16,зерновые,0.6242117737709972,0.508725175379535,577,10,-0.11548659839146225
31746,AOI-0046,2020-05-29,зерновые,0.859882177970765,0.8122930022336774,577,5,-0.04758917573708765
31814,AOI-0046,2020-08-05,зерновые,0.1158548324149403,0.11749605929710977,577,8,0.001641226882169472
31826,AOI-0046,2020-08-17,зерновые,0.1804593413974013,0.14909120287473557,577,8,-0.031368138522665734
31844,AOI-0046,2020-09-04,зерновые,0.1231968416971257,0.1253699778181212,577,9,0.0021731361209954975
31867,AOI-0046,2020-09-27,зерновые,0.1864028064287245,0.12699792922456793,577,9,-0.059404877204156575
31879,AOI-0046,2020-10-09,зерновые,0.1368124137276833,0.123101392693261,577,10,-0.013711021034422302
31894,AOI-0046,2020-10-24,зерновые,0.1115813032608596,0.11451436552351554,577,10,0.002933062262655939
31907,AOI-0046,2021-04-07,зерновые,0.3178642317768532,0.4199853290890254,577,4,0.10212109731217223
32012,AOI-0046,2021-07-21,зерновые,0.2236972091583756,0.21263796813729544,577,7,-0.011059241021080163
32017,AOI-0046,2021-07-26,зерновые,0.2525581365032711,0.22923795548344128,577,7,-0.0233201810198298
32067,AOI-0046,2021-09-14,зерновые,0.5765398094529519,0.594940495175374,577,9,0.01840068572242204
32097,AOI-0046,2021-10-14,зерновые,0.5971389407569494,0.5318977200048587,577,10,-0.06524122075209071
32115,AOI-0046,2022-04-02,зерновые,0.1789630245298844,0.24938125514658926,577,4,0.07041823061670485
32130,AOI-0046,2022-04-17,зерновые,0.2796771314463332,0.2334363839759617,577,4,-0.04624074747037152
32194,AOI-0046,2022-06-20,зерновые,0.2208671389190684,0.20955072671485647,577,6,-0.011316412204211923
32245,AOI-0046,2022-08-10,зерновые,0.1585446615989579,0.16785356579519142,577,8,0.009308904196233536
32260,AOI-0046,2022-08-25,зерновые,0.1648246867320744,0.16905971106168433,577,8,0.004235024329609927
32296,AOI-0046,2022-09-30,зерновые,0.3125732778548313,0.28794353174416554,577,9,-0.024629746110665762
32314,AOI-0046,2022-10-18,зерновые,0.2297159365684115,0.23884261290941478,577,10,0.009126676341003281
32331,AOI-0046,2023-04-05,зерновые,0.625267109495977,0.5993283936853093,577,4,-0.025938715810667645
32333,AOI-0046,2023-04-07,зерновые,0.7264534288796426,0.7666759184425238,577,4,0.040222489562881214
32423,AOI-0046,2023-07-06,зерновые,0.2091892076287766,0.23621809128467858,577,7,0.027028883655901975
32426,AOI-0046,2023-07-09,зерновые,0.2868901443594988,0.25309589882073924,577,7,-0.03379424553875954
32443,AOI-0046,2023-07-26,зерновые,0.1936013716668611,0.1986915313308187,577,7,0.005090159663957622
32499,AOI-0046,2023-09-20,зерновые,0.20273702672751,0.20085339767679433,577,9,-0.0018836290507156794
32515,AOI-0046,2023-10-06,зерновые,0.2146651721942235,0.18135682032260497,577,10,-0.03330835187161854
32520,AOI-0046,2023-10-11,зерновые,0.151980331885827,0.17841142215272682,577,10,0.026431090266899826
32593,AOI-0046,2024-05-24,зерновые,0.862227306418371,0.8267653758782986,577,5,-0.035461930540072406
32610,AOI-0046,2024-06-10,зерновые,0.4477772427051346,0.5469123644554701,577,6,0.09913512175033551
32618,AOI-0046,2024-06-18,зерновые,0.3945737429934231,0.3428985581405779,577,6,-0.051675184852845224
32680,AOI-0046,2024-08-19,зерновые,0.1571814122693625,0.14801714255908405,577,8,-0.00916426971027845
32697,AOI-0046,2024-09-05,зерновые,0.2038538663642037,0.15640257364303917,577,9,-0.04745129272116452
32700,AOI-0046,2024-09-08,зерновые,0.1499434027732435,0.1442595260476935,577,9,-0.005683876725550013
32770,AOI-0046,2025-04-18,зерновые,0.1900089961510321,0.19078074012052199,577,4,0.0007717439694898964
32807,AOI-0046,2025-05-25,зерновые,0.5112361843119125,0.4648168468876722,577,5,-0.046419337424240315
32897,AOI-0046,2025-08-23,зерновые,0.2591871914397437,0.3329652184471437,577,8,0.0737780270074
32898,AOI-0046,2025-08-24,зерновые,0.2910809876569942,0.3066404164141783,577,8,0.01555942875718408
32913,AOI-0046,2025-09-08,зерновые,0.2589233840276752,0.21566637295684477,577,9,-0.04325701107083041
32918,AOI-0046,2025-09-13,зерновые,0.1943531664323465,0.2038788802682075,577,9,0.009525713835860983
32919,AOI-0046,2025-09-14,зерновые,0.2467359531514871,0.2849485030293786,577,9,0.038212549877891466
32928,AOI-0046,2025-09-23,зерновые,0.1838632364882293,0.1759574103984533,577,9,-0.007905826089775997
32950,AOI-0046,2025-10-15,зерновые,0.1676966736495924,0.16899841918082675,577,10,0.001301745531234355
32979,AOI-0047,2025-04-14,зерновые,0.8089278115596221,0.7785944401183511,577,4,-0.030333371441271018
32996,AOI-0047,2025-05-01,зерновые,0.8479920892123658,0.8279139792412757,577,5,-0.020078109971090052
32998,AOI-0047,2025-05-03,зерновые,0.860669448148199,0.8157132417444117,577,5,-0.04495620640378728
32999,AOI-0047,2025-05-04,зерновые,0.8588119445718315,0.8005639669478892,577,5,-0.05824797762394229
33031,AOI-0047,2025-06-05,зерновые,0.5823916941347985,0.6116086409575369,577,6,0.029216946822738343
33066,AOI-0047,2025-07-10,зерновые,0.1966331293286571,0.20388054165087988,577,7,0.007247412322222785
33083,AOI-0047,2025-07-27,зерновые,0.1949299417912781,0.18627973402198839,577,7,-0.008650207769289708
33102,AOI-0047,2025-08-15,зерновые,0.2103759114517512,0.2003732311111146,577,8,-0.010002680340636588
33129,AOI-0047,2025-09-11,зерновые,0.173343499376335,0.1362996474684442,577,9,-0.03704385190789081
33131,AOI-0047,2025-09-13,зерновые,0.0570145260298227,0.12740139158059216,577,9,0.07038686555076945
33209,AOI-0048,2025-05-01,зерновые,0.7734885279019706,0.811961946049989,577,5,0.0384734181480183
33252,AOI-0048,2025-06-13,зерновые,0.3504210061356748,0.27888680252597214,577,6,-0.07153420360970264
33265,AOI-0048,2025-06-26,зерновые,0.2705520573903627,0.29906184570746225,577,6,0.02850978831709955
33274,AOI-0048,2025-07-05,зерновые,0.1537193998097066,0.17146067625473954,577,7,0.017741276445032955
33313,AOI-0048,2025-08-13,зерновые,0.2137883053600433,0.24152113428636884,577,8,0.02773282892632553
33339,AOI-0048,2025-09-08,зерновые,0.1195021933695424,0.1371904130565431,577,9,0.017688219687000684
33361,AOI-0048,2025-09-30,зерновые,0.2078103817000542,0.23546446950744224,577,9,0.02765408780738804
33364,AOI-0048,2025-10-03,зерновые,0.1638122546967379,0.14837554046083729,577,10,-0.015436714235900623
33377,AOI-0048,2025-10-16,зерновые,0.2162515701136978,0.21648222626327307,577,10,0.0002306561495752646
33495,AOI-0049,2025-07-13,озимая пшеница,0.1304258073432802,0.1380580945973828,577,7,0.0076322872541026154
33500,AOI-0049,2025-07-18,озимая пшеница,0.1451216339116035,0.13891517594684263,577,7,-0.006206457964760853
33505,AOI-0049,2025-07-23,озимая пшеница,0.1589087726791146,0.14837028728805224,577,7,-0.010538485391062363
33520,AOI-0049,2025-08-07,озимая пшеница,0.1683082114778711,0.1638661129034883,577,8,-0.004442098574382797
33534,AOI-0049,2025-08-21,озимая пшеница,0.2066960475142054,0.201607162537161,577,8,-0.005088884977044406
33566,AOI-0049,2025-09-22,озимая пшеница,0.2248375500779794,0.2013196048824706,577,9,-0.023517945195508788
33626,AOI-0050,2025-06-26,озимая пшеница,0.6318603773584907,0.5733068892040973,577,6,-0.05855348815439332
33639,AOI-0050,2025-08-06,озимая пшеница,0.3626800154512485,0.2855298575930227,577,8,-0.07715015785822582
33652,AOI-0050,2025-09-06,озимая пшеница,0.33515693964589,0.3012297384176974,577,9,-0.033927201228192594
33654,AOI-0050,2025-09-08,озимая пшеница,0.2954473868078293,0.2931701031092215,577,9,-0.0022772836986078016
33658,AOI-0050,2025-09-16,озимая пшеница,0.2524896201971183,0.3317203532746748,577,9,0.07923073307755651
33662,AOI-0050,2025-09-26,озимая пшеница,0.3182780587406692,0.30032703445218056,577,9,-0.01795102428848866
33675,AOI-0051,2010-05-25,озимая пшеница,0.6254476315789474,0.7178195404313925,577,5,0.09237190885244506
33680,AOI-0051,2010-07-11,озимая пшеница,0.4206423528508975,0.47285301933781504,577,7,0.05221066648691752
33693,AOI-0051,2010-10-16,озимая пшеница,0.2890113749143507,0.36183785594379164,577,10,0.07282648102944095
33707,AOI-0051,2011-06-10,озимая пшеница,0.7533557894736843,0.7236607367241368,577,6,-0.029695052749547535
33712,AOI-0051,2011-07-07,озимая пшеница,0.8365634993553797,0.7455652311125502,577,7,-0.09099826824282942
33727,AOI-0051,2011-09-17,озимая пшеница,0.4873256254003959,0.4959012552166105,577,9,0.00857562981621457
33732,AOI-0051,2011-10-16,озимая пшеница,0.4217044736842105,0.44341344873239447,577,10,0.021708975048183976
33742,AOI-0051,2012-05-24,озимая пшеница,0.7070476315789475,0.6921986393842849,577,5,-0.014848992194662514
33745,AOI-0051,2012-06-23,озимая пшеница,0.5133078677320264,0.6802917980167642,577,6,0.1669839302847378
33750,AOI-0051,2012-07-25,озимая пшеница,0.3545916436784903,0.48804733028693864,577,7,0.13345568660844837
33765,AOI-0051,2013-04-15,озимая пшеница,0.7886128066981666,0.7059904761290412,577,4,-0.08262233056912538
33766,AOI-0051,2013-04-23,озимая пшеница,0.6683402631578947,0.7534225365970602,577,4,0.08508227343916541
33767,AOI-0051,2013-04-30,озимая пшеница,0.7195210949461769,0.7431951633369358,577,4,0.023674068390758918
33784,AOI-0051,2013-08-05,озимая пшеница,0.5207829264464475,0.4884170545306162,577,8,-0.032365871915831346
33807,AOI-0051,2014-05-11,озимая пшеница,0.9197633475154712,0.8269296929683199,577,5,-0.09283365454715131
33821,AOI-0051,2014-07-31,озимая пшеница,0.4198847368187916,0.44607221284765974,577,7,0.026187476028868117
33823,AOI-0051,2014-08-08,озимая пшеница,0.4347403841675097,0.41349794432480597,577,8,-0.021242439842703742
33825,AOI-0051,2014-08-15,озимая пшеница,0.4729558878241406,0.4172918567109166,577,8,-0.05566403111322399
33842,AOI-0051,2015-04-23,озимая пшеница,0.4245618421052631,0.5007121376842137,577,4,0.07615029557895064
33843,AOI-0051,2015-04-28,озимая пшеница,0.3472751044618151,0.36031953901844066,577,4,0.013044434556625573
33844,AOI-0051,2015-05-09,озимая пшеница,0.6854031578947369,0.6437985651361484,577,5,-0.04160459275858852
33857,AOI-0051,2015-07-12,озимая пшеница,0.6199502631578947,0.6467461079200714,577,7,0.026795844762176668
33884,AOI-0051,2016-04-22,озимая пшеница,0.7406628090478696,0.7928469080696018,577,4,0.052184099021732155
33886,AOI-0051,2016-05-08,озимая пшеница,0.6713971052631579,0.8134693354162259,577,5,0.14207223015306802
33892,AOI-0051,2016-06-18,озимая пшеница,0.5245587400447338,0.586214756566375,577,6,0.06165601652164121
33923,AOI-0051,2017-05-01,озимая пшеница,0.324776019905861,0.31722311529908764,577,5,-0.007552904606773381
33943,AOI-0051,2017-07-12,озимая пшеница,0.6236050000000001,0.6473004067798311,577,7,0.023695406779831063
33955,AOI-0051,2017-08-15,озимая пшеница,0.5729674605060134,0.6227877049083169,577,8,0.04982024440230348
33961,AOI-0051,2017-09-13,озимая пшеница,0.3201724494054083,0.39837204626199374,577,9,0.07819959685658545
33962,AOI-0051,2017-09-14,озимая пшеница,0.369052894736842,0.4455100460360179,577,9,0.07645715129917591
33971,AOI-0051,2017-10-11,озимая пшеница,0.3113711032981104,0.23173688546112003,577,10,-0.07963421783699037
33985,AOI-0051,2018-05-09,озимая пшеница,0.5775960526315791,0.7842680291892438,577,5,0.20667197655766467
33986,AOI-0051,2018-05-11,озимая пшеница,0.8295709267439539,0.7627951651556804,577,5,-0.06677576158827359
33997,AOI-0051,2018-06-23,озимая пшеница,0.3444872143094984,0.31953197214257784,577,6,-0.024955242166920577
34011,AOI-0051,2018-08-19,озимая пшеница,0.2862854536232089,0.32649525260791956,577,8,0.040209798984710665
34014,AOI-0051,2018-08-29,озимая пшеница,0.4445047368421052,0.3647438852394442,577,8,-0.079760851602661
34032,AOI-0051,2019-04-06,озимая пшеница,0.4084615633876074,0.3526237663047275,577,4,-0.05583779708287989
34039,AOI-0051,2019-05-09,озимая пшеница,0.7463697368421053,0.804375835191804,577,5,0.05800609834969872
34040,AOI-0051,2019-05-16,озимая пшеница,0.8647119331378618,0.7782060920513454,577,5,-0.08650584108651638
34050,AOI-0051,2019-06-15,озимая пшеница,0.2829523263392386,0.3511969326312819,577,6,0.06824460629204326
34074,AOI-0051,2019-09-03,озимая пшеница,0.2324390038840861,0.27617099798129413,577,9,0.04373199409720804
34088,AOI-0051,2019-10-25,озимая пшеница,0.3122137589172314,0.23796285899334244,577,10,-0.07425089992388897
34093,AOI-0051,2020-04-10,озимая пшеница,0.2453800164930681,0.27681519956165157,577,4,0.03143518306858348
34110,AOI-0051,2020-06-04,озимая пшеница,0.7810485412576127,0.7955767894641834,577,6,0.014528248206570726
34122,AOI-0051,2020-07-14,озимая пшеница,0.3957703896608407,0.4022319132847065,577,7,0.006461523623865761
34123,AOI-0051,2020-07-15,озимая пшеница,0.4774628972798255,0.4310237553135045,577,7,-0.046439141966320985
34125,AOI-0051,2020-07-22,озимая пшеница,0.4677003377158154,0.4052959402331653,577,7,-0.06240439748265009
34150,AOI-0051,2020-09-22,озимая пшеница,0.2342991037176823,0.19998886938654187,577,9,-0.03431023433114044
34154,AOI-0051,2020-10-07,озимая пшеница,0.2307079502266888,0.18913211120538856,577,10,-0.04157583902130024
34157,AOI-0051,2020-10-17,озимая пшеница,0.1683742526455101,0.1632399123123962,577,10,-0.005134340333113885
34190,AOI-0051,2021-07-17,озимая пшеница,0.3653711477233198,0.33573955915946957,577,7,-0.02963158856385023
34199,AOI-0051,2021-08-03,озимая пшеница,0.2270929816181305,0.3041364730437135,577,8,0.077043491425583
34200,AOI-0051,2021-08-13,озимая пшеница,0.4916363157894737,0.47815794090495073,577,8,-0.01347837488452297
34201,AOI-0051,2021-08-18,озимая пшеница,0.3751184692253357,0.30001174576090056,577,8,-0.07510672346443514
34211,AOI-0051,2021-09-27,озимая пшеница,0.19153080025314,0.3530793821131319,577,9,0.16154858185999188
34215,AOI-0051,2021-10-07,озимая пшеница,0.2583031062685603,0.3265849087267913,577,10,0.06828180245823101
34230,AOI-0051,2022-05-20,озимая пшеница,0.3383549712263834,0.42841863021434495,577,5,0.09006365898796154
34238,AOI-0051,2022-06-10,озимая пшеница,0.6514336762201127,0.6622124226907161,577,6,0.010778746470603395
34261,AOI-0051,2022-08-06,озимая пшеница,0.7638882510819764,0.710727772894636,577,8,-0.05316047818734049
34277,AOI-0051,2022-09-17,озимая пшеница,0.3690167833985871,0.46147881418545245,577,9,0.09246203078686532
34282,AOI-0051,2022-10-08,озимая пшеница,0.3710136488784803,0.38886460056326033,577,10,0.017850951684780014
34286,AOI-0051,2022-10-22,озимая пшеница,0.2720940230456273,0.30548479067901047,577,10,0.03339076763338317
34287,AOI-0051,2023-04-02,озимая пшеница,0.7584847123620075,0.5551367426349284,577,4,-0.20334796972707914
34298,AOI-0051,2023-05-20,озимая пшеница,0.8605089971706574,0.8542058882852824,577,5,-0.006303108885374997
34311,AOI-0051,2023-07-07,озимая пшеница,0.419482168652907,0.4459250797249313,577,7,0.02644291107202429
34313,AOI-0051,2023-07-15,озимая пшеница,0.4306641890457727,0.5616796854760878,577,7,0.13101549643031513
34323,AOI-0051,2023-08-13,озимая пшеница,0.2263948260521341,0.40269102036906745,577,8,0.17629619431693336
34324,AOI-0051,2023-08-16,озимая пшеница,0.352488233947567,0.28531296556103164,577,8,-0.06717526838653537
34339,AOI-0051,2023-09-22,озимая пшеница,0.348691738370627,0.3624432309138649,577,9,0.013751492543237875
34372,AOI-0051,2024-06-09,озимая пшеница,0.5528392105263157,0.6234069653155636,577,6,0.07056775478924793
34377,AOI-0051,2024-06-24,озимая пшеница,0.4909588160985477,0.5031612672444488,577,6,0.012202451145901072
34384,AOI-0051,2024-07-11,озимая пшеница,0.4663468421052632,0.44265805409002357,577,7,-0.02368878801523966
34389,AOI-0051,2024-07-26,озимая пшеница,0.3387089154791362,0.33299794225940593,577,7,-0.005710973219730242
34399,AOI-0051,2024-08-22,озимая пшеница,0.2426357283294698,0.28638751172015653,577,8,0.04375178339068672
34402,AOI-0051,2024-08-28,озимая пшеница,0.4043118421052631,0.36833412607572635,577,8,-0.035977716029536755
34414,AOI-0051,2024-09-27,озимая пшеница,0.323461164595472,0.2885116329233192,577,9,-0.034949531672152756
34424,AOI-0051,2025-04-01,озимая пшеница,0.6749905678700148,0.5642945238344703,577,4,-0.11069604403554445
34425,AOI-0051,2025-04-07,озимая пшеница,0.7188163157894738,0.7130720643798485,577,4,-0.005744251409625312
34439,AOI-0051,2025-06-02,озимая пшеница,0.7416551614799847,0.7363578423067818,577,6,-0.0052973191732028635
34457,AOI-0051,2025-07-28,озимая пшеница,0.160212708998939,0.28112552834263055,577,7,0.12091281934369155
34459,AOI-0051,2025-07-30,озимая пшеница,0.1540415459831977,0.17246466233861077,577,7,0.018423116355413077
34468,AOI-0051,2025-08-21,озимая пшеница,0.2605581104676292,0.22268830018956526,577,8,-0.037869810278063964
34473,AOI-0051,2025-09-01,озимая пшеница,0.1516383130540398,0.1661872959266302,577,9,0.014548982872590405
34501,AOI-0052,2025-04-11,озимая пшеница,0.1713123816880992,0.18418203775115233,577,4,0.012869656063053125
34524,AOI-0052,2025-05-04,озимая пшеница,0.1747688642835679,0.16393663805409087,577,5,-0.010832226229477021
34553,AOI-0052,2025-06-02,озимая пшеница,0.4343481018353454,0.3189055628241768,577,6,-0.11544253901116858
34554,AOI-0052,2025-06-03,озимая пшеница,0.34439903344532,0.2776347358063413,577,6,-0.06676429763897873
34658,AOI-0052,2025-09-15,озимая пшеница,0.1862295014770273,0.15830711845031403,577,9,-0.027922383026713266
34664,AOI-0052,2025-09-21,озимая пшеница,0.1635434972817226,0.13925635613177767,577,9,-0.02428714114994493
34666,AOI-0052,2025-09-23,озимая пшеница,0.1948134899329454,0.1740967102677325,577,9,-0.020716779665212903
34750,AOI-0053,2025-05-17,озимая пшеница,0.6975682137530915,0.77151316683867,577,5,0.07394495308557847
34782,AOI-0053,2025-06-18,озимая пшеница,0.343075064295114,0.29430972126256144,577,6,-0.04876534303255253
34799,AOI-0053,2025-07-05,озимая пшеница,0.3671766342141863,0.19534466532309677,577,7,-0.1718319688910895
34830,AOI-0053,2025-08-05,озимая пшеница,0.2055369240163669,0.16814957029128366,577,8,-0.03738735372508323
34842,AOI-0053,2025-08-17,озимая пшеница,0.1406155684739029,0.1467806622070856,577,8,0.006165093733182692
34902,AOI-0053,2025-10-16,озимая пшеница,0.2619665525526813,0.2787571404095768,577,10,0.016790587856895467
34970,AOI-0054,2025-05-24,озимая пшеница,0.8273815400870816,0.7571159064598709,577,5,-0.07026563362721072
35015,AOI-0054,2025-07-08,озимая пшеница,0.7647016646511378,0.7462982776820851,577,7,-0.018403386969052637
35025,AOI-0054,2025-07-18,озимая пшеница,0.7433751765012527,0.676377841084338,577,7,-0.06699733541691477
35055,AOI-0054,2025-08-17,озимая пшеница,0.7713338586662662,0.6987750938548977,577,8,-0.07255876481136858
35067,AOI-0054,2025-08-29,озимая пшеница,0.7073946258847292,0.6494334967933529,577,8,-0.057961129091376296
35068,AOI-0054,2025-08-30,озимая пшеница,0.6556370339656238,0.6729197502749984,577,8,0.017282716309374613
35127,AOI-0054,2025-10-28,озимая пшеница,0.6388010034891431,0.6827178886181617,577,10,0.04391688512901859
35163,AOI-0055,2025-07-28,озимая пшеница,0.4094528112110183,0.47112479942641794,577,7,0.061671988215399653
35164,AOI-0055,2025-07-29,озимая пшеница,0.4322446695021195,0.4358201226403352,577,7,0.003575453138215723
35165,AOI-0055,2025-07-30,озимая пшеница,0.3756213503879422,0.4157603549821276,577,7,0.0401390045941854
35166,AOI-0055,2025-08-02,озимая пшеница,0.2464292088288135,0.41458657866676263,577,8,0.16815736983794913
35175,AOI-0055,2025-08-22,озимая пшеница,0.3655027949142527,0.35850284634011864,577,8,-0.006999948574134052
35180,AOI-0055,2025-09-06,озимая пшеница,0.3876049822281788,0.35160499920448884,577,9,-0.03599998302368995
35200,AOI-0056,2025-04-29,озимая пшеница,0.8303715223077969,0.7721126188892837,577,4,-0.05825890341851314
35201,AOI-0056,2025-05-01,озимая пшеница,0.7447400025498345,0.7903972181376184,577,5,0.045657215587783906
35208,AOI-0056,2025-05-26,озимая пшеница,0.753146949258806,0.7237095129837182,577,5,-0.02943743627508777
35226,AOI-0056,2025-07-28,озимая пшеница,0.1711960928157681,0.24060740845900408,577,7,0.069411315643236
35232,AOI-0056,2025-08-07,озимая пшеница,0.1449078214976033,0.17474326604332585,577,8,0.02983544454572254
35234,AOI-0056,2025-08-13,озимая пшеница,0.2477494610261108,0.27695128483286235,577,8,0.029201823806751542
35254,AOI-0056,2025-10-08,озимая пшеница,0.1971869544960978,0.19643922215284243,577,10,-0.0007477323432553695
35280,AOI-0057,2025-07-08,озимая пшеница,0.1868752392751371,0.20404938188679708,577,7,0.017174142611659976
35282,AOI-0057,2025-07-12,озимая пшеница,0.2423726612135705,0.3034321979702618,577,7,0.06105953675669126
35287,AOI-0057,2025-07-28,озимая пшеница,0.2095421086434194,0.2665220485387907,577,7,0.056979939895371284
35295,AOI-0057,2025-08-12,озимая пшеница,0.1510802207654875,0.16008128349554857,577,8,0.009001062730061071
35304,AOI-0057,2025-08-30,озимая пшеница,0.1791986826000437,0.18650951679946,577,8,0.007310834199416305
35313,AOI-0057,2025-09-22,озимая пшеница,0.2024207471403251,0.20932512980988077,577,9,0.006904382669555675
35358,AOI-0058,2010-05-08,озимая пшеница,0.2641773054335261,0.3650592783884296,577,5,0.10088197295490353
35383,AOI-0058,2010-06-02,озимая пшеница,0.5366584958306525,0.5796113587778128,577,6,0.042952862947160275
35423,AOI-0058,2010-07-12,озимая пшеница,0.7500662481662772,0.6417528084819855,577,7,-0.10831343968429175
35598,AOI-0058,2011-06-04,озимая пшеница,0.6283592265982602,0.6584525758960756,577,6,0.030093349297815486
35620,AOI-0058,2011-06-26,озимая пшеница,0.716921265377856,0.587987008144623,577,6,-0.12893425723323304
35702,AOI-0058,2011-09-16,озимая пшеница,0.2518881723591079,0.301482505454671,577,9,0.0495943330955631
35784,AOI-0058,2012-05-08,озимая пшеница,0.5726245850419841,0.6369192005713032,577,5,0.06429461552931914
35896,AOI-0058,2012-08-28,озимая пшеница,0.4636412614723689,0.40116124747749826,577,8,-0.06248001399487063
35942,AOI-0058,2012-10-13,озимая пшеница,0.5519632702429041,0.5248722246792603,577,10,-0.027091045563643834
35990,AOI-0058,2013-05-01,озимая пшеница,0.2792545251421587,0.3201050280008204,577,5,0.04085050285866171
36086,AOI-0058,2013-08-05,озимая пшеница,0.6425969676496126,0.5002163157522166,577,8,-0.14238065189739602
36093,AOI-0058,2013-08-12,озимая пшеница,0.3389628427478919,0.4192829990068646,577,8,0.08032015625897271
36262,AOI-0058,2014-06-29,озимая пшеница,0.2612932067551878,0.32082197240202875,577,6,0.05952876564684095
36307,AOI-0058,2014-08-13,озимая пшеница,0.3514063659441516,0.33571339885350365,577,8,-0.015692967090647936
36323,AOI-0058,2014-08-29,озимая пшеница,0.3091845928529584,0.34195738047717356,577,8,0.03277278762421515
36366,AOI-0058,2014-10-11,озимая пшеница,0.2345338072165896,0.3298652038456458,577,10,0.09533139662905624
36454,AOI-0058,2015-06-08,озимая пшеница,0.8419636166074892,0.8131844164089111,577,6,-0.028779200198578048
36494,AOI-0058,2015-07-18,озимая пшеница,0.6794502083279448,0.7267898966346402,577,7,0.04733968830669544
36502,AOI-0058,2015-07-26,озимая пшеница,0.7299548450843693,0.6797083899973644,577,7,-0.05024645508700487
36517,AOI-0058,2015-08-10,озимая пшеница,0.5245829578146946,0.6189553919562267,577,8,0.09437243414153218
36566,AOI-0058,2015-09-28,озимая пшеница,0.5233821541367832,0.4800690573638552,577,9,-0.04331309677292805
36605,AOI-0058,2016-04-07,озимая пшеница,0.7270686919847632,0.609383877205457,577,4,-0.11768481477930626
36677,AOI-0058,2016-06-18,озимая пшеница,0.7686850237932125,0.80568553614586,577,6,0.03700051235264756
36749,AOI-0058,2016-08-29,озимая пшеница,0.3299963153807962,0.3281405409161349,577,8,-0.0018557744646612861
36756,AOI-0058,2016-09-05,озимая пшеница,0.4602796709154482,0.3607404483179296,577,9,-0.09953922259751857
36844,AOI-0058,2017-05-03,озимая пшеница,0.8417658898285917,0.829232116715293,577,5,-0.01253377311329873
36868,AOI-0058,2017-05-27,озимая пшеница,0.6554211138237509,0.793860811692617,577,5,0.13843969786886612
36932,AOI-0058,2017-07-30,озимая пшеница,0.2518220576228501,0.29435563458158776,577,7,0.04253357695873766
36946,AOI-0058,2017-08-13,озимая пшеница,0.3276357156805313,0.31860138804155613,577,8,-0.00903432763897516
36947,AOI-0058,2017-08-14,озимая пшеница,0.1919305454305667,0.19239716176266627,577,8,0.0004666163320995731
36994,AOI-0058,2017-09-30,озимая пшеница,0.3044550673696544,0.31165966328664624,577,9,0.007204595916991852
37031,AOI-0058,2018-04-07,озимая пшеница,0.5091180238234722,0.5439236574061984,577,4,0.03480563358272626
37065,AOI-0058,2018-05-11,озимая пшеница,0.5976087402618045,0.6685881088757439,577,5,0.07097936861393939
37124,AOI-0058,2018-07-09,озимая пшеница,0.4971190150898461,0.4508619044705475,577,7,-0.04625711061929855
37181,AOI-0058,2018-09-04,озимая пшеница,0.4119177637749145,0.4066010919327256,577,9,-0.005316671842188925
37213,AOI-0058,2018-10-06,озимая пшеница,0.475518048849755,0.46368615609615804,577,10,-0.011831892753596973
37223,AOI-0058,2018-10-16,озимая пшеница,0.4984619996094513,0.426119222164013,577,10,-0.07234277744543832
37276,AOI-0058,2019-05-09,озимая пшеница,0.8621962897871513,0.8437870715506373,577,5,-0.01840921823651409
37340,AOI-0058,2019-07-12,озимая пшеница,0.2774094934718175,0.35349668726313377,577,7,0.07608719379131629
37365,AOI-0058,2019-08-06,озимая пшеница,0.2517812907638967,0.16882864734548317,577,8,-0.08295264341841355
37368,AOI-0058,2019-08-09,озимая пшеница,0.1624194085974562,0.17239779411772013,577,8,0.009978385520263922
37408,AOI-0058,2019-09-18,озимая пшеница,0.1132936257431057,0.15373855606729822,577,9,0.040444930324192524
37429,AOI-0058,2019-10-09,озимая пшеница,0.2468814288266686,0.2103400402525253,577,10,-0.036541388574143296
37456,AOI-0058,2020-04-06,озимая пшеница,0.4323193126342511,0.5337024318048332,577,4,0.10138311917058213
37499,AOI-0058,2020-05-19,озимая пшеница,0.5736013036393264,0.5728274184049661,577,5,-0.0007738852343602831
37525,AOI-0058,2020-06-14,озимая пшеница,0.6006568179706272,0.5533740170271061,577,6,-0.04728280094352111
37568,AOI-0058,2020-07-27,озимая пшеница,0.573024096856083,0.4237668253982146,577,7,-0.14925727145786843
37610,AOI-0058,2020-09-07,озимая пшеница,0.2159389509052743,0.2903052037917817,577,9,0.07436625288650742
37632,AOI-0058,2020-09-29,озимая пшеница,0.3972279047061122,0.3513259283897387,577,9,-0.045901976316373494
37640,AOI-0058,2020-10-07,озимая пшеница,0.3405654953193073,0.22579277592703634,577,10,-0.11477271939227096
37684,AOI-0058,2021-04-21,озимая пшеница,0.5096928244846963,0.6912468822714423,577,4,0.18155405778674594
37700,AOI-0058,2021-05-07,озимая пшеница,0.5754931142051503,0.5900808707462182,577,5,0.01458775654106792
37734,AOI-0058,2021-06-10,озимая пшеница,0.6909665495020505,0.7635925386662514,577,6,0.07262598916420093
37738,AOI-0058,2021-06-14,озимая пшеница,0.6049124240396836,0.7107146270402884,577,6,0.10580220300060483
37783,AOI-0058,2021-07-29,озимая пшеница,0.2403774269259884,0.4265605786021619,577,7,0.1861831516761735
37833,AOI-0058,2021-09-17,озимая пшеница,0.3928381832898139,0.49464660013648454,577,9,0.10180841684667064
37848,AOI-0058,2021-10-02,озимая пшеница,0.4102988876356075,0.43487239365500757,577,10,0.02457350601940006
37967,AOI-0058,2022-06-30,озимая пшеница,0.3629894131265966,0.3743570184135306,577,6,0.01136760528693398
37976,AOI-0058,2022-07-09,озимая пшеница,0.195916052284863,0.22318414078370874,577,7,0.02726808849884574
38021,AOI-0058,2022-08-23,озимая пшеница,0.245630272603489,0.2424356094199436,577,8,-0.0031946631835453876
38036,AOI-0058,2022-09-07,озимая пшеница,0.2209723818120141,0.22394864433096043,577,9,0.0029762625189463376
38046,AOI-0058,2022-09-17,озимая пшеница,0.2191927754791495,0.20621668106446306,577,9,-0.012976094414686445
38056,AOI-0058,2022-09-27,озимая пшеница,0.1789538000165643,0.19924713638859728,577,9,0.020293336372032983
38155,AOI-0058,2023-06-05,озимая пшеница,0.8709676813716188,0.8559147164475619,577,6,-0.015052964924056944
38169,AOI-0058,2023-06-19,озимая пшеница,0.9448151818546056,0.7290431234780648,577,6,-0.2157720583765408
38171,AOI-0058,2023-06-21,озимая пшеница,0.8062236569615207,0.7408035957760175,577,6,-0.06542006118550314
38208,AOI-0058,2023-07-28,озимая пшеница,0.5790838703378248,0.6989163829580098,577,7,0.11983251262018502
38254,AOI-0058,2023-09-12,озимая пшеница,0.4954975324356345,0.45056299850631454,577,9,-0.04493453392931995
38259,AOI-0058,2023-09-17,озимая пшеница,0.5075536793409312,0.4808296580543824,577,9,-0.026724021286548827
38260,AOI-0058,2023-09-18,озимая пшеница,0.537809128190675,0.5094585782559884,577,9,-0.028350549934686553
38291,AOI-0058,2023-10-19,озимая пшеница,0.5154630368043913,0.43211016219820836,577,10,-0.08335287460618296
38315,AOI-0058,2024-04-13,озимая пшеница,0.7895899385875398,0.7342784014119899,577,4,-0.05531153717554993
38387,AOI-0058,2024-06-24,озимая пшеница,0.4515028475699205,0.3660995171150372,577,6,-0.0854033304548833
38394,AOI-0058,2024-07-01,озимая пшеница,0.3886656533564261,0.3565688601915633,577,7,-0.0320967931648628
38395,AOI-0058,2024-07-02,озимая пшеница,0.3721936000027346,0.37360840369427356,577,7,0.0014148036915389572
38446,AOI-0058,2024-08-22,озимая пшеница,0.1865393473920656,0.20737006303510166,577,8,0.02083071564303607
38458,AOI-0058,2024-09-03,озимая пшеница,0.2702819703607236,0.2031819241092841,577,9,-0.0671000462514395
38482,AOI-0058,2024-09-27,озимая пшеница,0.2603197722727784,0.25662849859227066,577,9,-0.003691273680507756
38534,AOI-0058,2025-04-19,озимая пшеница,0.4934617994462069,0.5322064394434024,577,4,0.03874463999719552
38603,AOI-0058,2025-06-27,озимая пшеница,0.6555889004890935,0.6263325147363183,577,6,-0.029256385752775116
38627,AOI-0058,2025-07-21,озимая пшеница,0.3895930655847386,0.3463199084431199,577,7,-0.04327315714161872
38636,AOI-0058,2025-07-30,озимая пшеница,0.2641475642735796,0.2571799022308297,577,7,-0.0069676620427499
38659,AOI-0058,2025-08-22,озимая пшеница,0.1427157812098985,0.14849047554049827,577,8,0.005774694330599767
38666,AOI-0058,2025-08-29,озимая пшеница,0.1399956327774697,0.21328606735584696,577,8,0.07329043457837725
38679,AOI-0058,2025-09-11,озимая пшеница,0.1960949596555041,0.15888003279267593,577,9,-0.03721492686282818
38737,AOI-0059,2010-05-25,озимая пшеница,0.8040438161106591,0.8264762615793448,577,5,0.022432445468685724
38744,AOI-0059,2010-07-28,озимая пшеница,0.5678541067758051,0.5431273241873427,577,7,-0.024726782588462393
38746,AOI-0059,2010-08-05,озимая пшеница,0.5081701915074465,0.4461774342978479,577,8,-0.06199275720959857
38757,AOI-0059,2011-04-02,озимая пшеница,0.2234980367934954,0.5183208920209943,577,4,0.2948228552274989
38758,AOI-0059,2011-04-07,озимая пшеница,0.5248477624084622,0.6917288893828033,577,4,0.1668811269743411
38760,AOI-0059,2011-04-26,озимая пшеница,0.7149892682876718,0.5876765652339648,577,4,-0.127312703053707
38789,AOI-0059,2011-09-24,озимая пшеница,0.7284259366581488,0.7507059556034182,577,9,0.02228001894526943
38797,AOI-0059,2012-04-06,озимая пшеница,0.6779837266069976,0.7375533702683192,577,4,0.05956964366132167
38803,AOI-0059,2012-05-22,озимая пшеница,0.3521529971083849,0.8213756651758388,577,5,0.46922266806745394
38806,AOI-0059,2012-06-14,озимая пшеница,0.9041909824063348,0.8124003500771626,577,6,-0.09179063232917217
38825,AOI-0059,2013-04-08,озимая пшеница,0.8211365218949328,0.7774946252347039,577,4,-0.043641896660228885
38826,AOI-0059,2013-04-14,озимая пшеница,0.8820792038483932,0.8082611860575573,577,4,-0.07381801779083597
38829,AOI-0059,2013-04-30,озимая пшеница,0.918112056088743,0.862010197456113,577,4,-0.056101858632630064
38830,AOI-0059,2013-05-01,озимая пшеница,0.9083190303065486,0.8774183971795462,577,5,-0.03090063312700242
38861,AOI-0059,2014-04-10,озимая пшеница,0.8101216535013396,0.7479766282960262,577,4,-0.0621450252053134
38872,AOI-0059,2014-06-05,озимая пшеница,0.5435769229264514,0.7559562041113518,577,6,0.21237928118490035
38876,AOI-0059,2014-07-07,озимая пшеница,0.27029269583548,0.2877557250737607,577,7,0.017463029238280692
38881,AOI-0059,2014-07-30,озимая пшеница,0.2604841183796981,0.26050082778394756,577,7,1.670940424947087e-05
38897,AOI-0059,2014-10-16,озимая пшеница,0.346700244100895,0.2845395597981489,577,10,-0.06216068430274613
38924,AOI-0059,2015-08-11,озимая пшеница,0.7411746805598567,0.7274213632760279,577,8,-0.013753317283828781
38927,AOI-0059,2015-08-27,озимая пшеница,0.651697806311993,0.6610669616662811,577,8,0.009369155354288061
38934,AOI-0059,2015-09-20,озимая пшеница,0.5281932250306002,0.4656926974269765,577,9,-0.06250052760362368
38936,AOI-0059,2015-09-28,озимая пшеница,0.5282569639423699,0.40492509573830293,577,9,-0.12333186820406694
38946,AOI-0059,2016-04-23,озимая пшеница,0.8508624663410189,0.8238238232451085,577,4,-0.02703864309591042
38951,AOI-0059,2016-05-24,озимая пшеница,0.8685484133441824,0.8487668165961519,577,5,-0.019781596748030483
38959,AOI-0059,2016-07-03,озимая пшеница,0.3879166522776357,0.40175644946512257,577,7,0.013839797187486846
38972,AOI-0059,2016-09-05,озимая пшеница,0.2364800234650595,0.19564379701307688,577,9,-0.04083622645198262
38984,AOI-0059,2017-04-25,озимая пшеница,0.8695793238760879,0.8226333639651676,577,4,-0.04694595991092032
38987,AOI-0059,2017-05-03,озимая пшеница,0.863320487757592,0.8466410679575601,577,5,-0.016679419800031847
38991,AOI-0059,2017-05-11,озимая пшеница,0.915227585317509,0.9034195466826684,577,5,-0.01180803863484059
38992,AOI-0059,2017-05-12,озимая пшеница,0.905806470996818,0.9151575556876432,577,5,0.00935108469082524
39023,AOI-0059,2017-09-01,озимая пшеница,0.2772102373325689,0.1998886086056441,577,9,-0.07732162872692477
39033,AOI-0059,2017-10-02,озимая пшеница,0.1230642893736501,0.1823973290952482,577,10,0.05933303972159809
39059,AOI-0059,2018-06-15,озимая пшеница,0.4761822569026305,0.48949185212048885,577,6,0.01330959521785835
39076,AOI-0059,2018-08-26,озимая пшеница,0.278684840149514,0.2550619666505458,577,8,-0.02362287349896819
39079,AOI-0059,2018-09-04,озимая пшеница,0.2616587374778366,0.23319722291471967,577,9,-0.028461514563116908
39081,AOI-0059,2018-09-12,озимая пшеница,0.2174325584271974,0.2549357376926352,577,9,0.037503179265437836
39086,AOI-0059,2018-09-20,озимая пшеница,0.2191699242145661,0.20706833731667423,577,9,-0.01210158689789187
39091,AOI-0059,2018-10-08,озимая пшеница,0.1649666940646487,0.16261144834505364,577,10,-0.002355245719595056
39097,AOI-0059,2019-04-06,озимая пшеница,0.6436699784948893,0.6023438246345505,577,4,-0.04132615386033878
39103,AOI-0059,2019-04-24,озимая пшеница,0.7843018261396701,0.7393453244364755,577,4,-0.04495650170319465
39115,AOI-0059,2019-06-11,озимая пшеница,0.7219635460172409,0.6912463485797525,577,6,-0.030717197437488353
39119,AOI-0059,2019-06-20,озимая пшеница,0.3015133845861596,0.3595987350498896,577,6,0.05808535046372998
39139,AOI-0059,2019-08-30,озимая пшеница,0.1967431947391645,0.23556950462043846,577,8,0.038826309881273974
39148,AOI-0059,2019-09-28,озимая пшеница,0.0868244615487399,0.19994889445290998,577,9,0.11312443290417007
39162,AOI-0059,2020-04-10,озимая пшеница,0.1761152025093829,0.1985117079912897,577,4,0.022396505481906803
39173,AOI-0059,2020-05-20,озимая пшеница,0.3226824315003768,0.35884373401646663,577,5,0.036161302516089844
39178,AOI-0059,2020-06-04,озимая пшеница,0.6352691514705996,0.4911506376015391,577,6,-0.1441185138690605
39185,AOI-0059,2020-06-28,озимая пшеница,0.867957807491334,0.7810960465546767,577,6,-0.08686176093665732
39204,AOI-0059,2020-08-12,озимая пшеница,0.5825176159479252,0.6053354524575938,577,8,0.02281783650966862
39208,AOI-0059,2020-08-18,озимая пшеница,0.5953186082894087,0.6389006394208043,577,8,0.04358203113139558
39209,AOI-0059,2020-08-23,озимая пшеница,0.5718736843937899,0.6275476980309206,577,8,0.05567401363713065
39218,AOI-0059,2020-09-13,озимая пшеница,0.5089550854353132,0.522245403900973,577,9,0.013290318465659756
39245,AOI-0059,2021-05-31,озимая пшеница,0.8900026075220581,0.8220818151532059,577,5,-0.06792079236885218
39247,AOI-0059,2021-06-10,озимая пшеница,0.6775615947925144,0.68089621409787,577,6,0.003334619305355613
39248,AOI-0059,2021-06-14,озимая пшеница,0.7790338057710573,0.5106660509997001,577,6,-0.2683677547713572
39258,AOI-0059,2021-07-12,озимая пшеница,0.4926580553295363,0.3874566702616042,577,7,-0.10520138506793214
39262,AOI-0059,2021-07-19,озимая пшеница,0.1894103268783633,0.24500848295289507,577,7,0.05559815607453178
39278,AOI-0059,2021-09-14,озимая пшеница,0.7795902766476811,0.6647061498753544,577,9,-0.11488412677232673
39308,AOI-0059,2022-06-18,озимая пшеница,0.7989955660280768,0.7727682205501345,577,6,-0.026227345477942254
39313,AOI-0059,2022-06-30,озимая пшеница,0.8230108254692745,0.8047343240466456,577,6,-0.018276501422628932
39319,AOI-0059,2022-07-14,озимая пшеница,0.788752306573414,0.7466743579761859,577,7,-0.04207794859722813
39340,AOI-0059,2022-09-07,озимая пшеница,0.5070134639324253,0.45784357721248636,577,9,-0.04916988671993894
39341,AOI-0059,2022-09-14,озимая пшеница,0.5746475589910497,0.4415121514567192,577,9,-0.1331354075343305
39346,AOI-0059,2022-10-07,озимая пшеница,0.4081044683983024,0.39158387656967086,577,10,-0.016520591828631526
39358,AOI-0059,2023-05-04,озимая пшеница,0.8944181450059782,0.8524829168772462,577,5,-0.04193522812873196
39367,AOI-0059,2023-06-05,озимая пшеница,0.8867440852837204,0.8686630577583944,577,6,-0.018081027525326032
39375,AOI-0059,2023-06-26,озимая пшеница,0.5721979658258746,0.36979206226378536,577,6,-0.2024059035620892
39376,AOI-0059,2023-06-28,озимая пшеница,0.5011681165298952,0.40874425329025466,577,6,-0.09242386323964058
39388,AOI-0059,2023-07-31,озимая пшеница,0.2306559297884517,0.18029289746678517,577,7,-0.05036303232166653
39392,AOI-0059,2023-08-08,озимая пшеница,0.1463689934351807,0.15705347842484846,577,8,0.010684484989667759
39406,AOI-0059,2023-09-12,озимая пшеница,0.261645303445457,0.2633359696009,577,9,0.0016906661554429991
39415,AOI-0059,2023-09-29,озимая пшеница,0.1821567071426415,0.1993248909840314,577,9,0.017168183841389878
39438,AOI-0059,2024-05-09,озимая пшеница,0.1639347082691934,0.2986455209507819,577,5,0.1347108126815885
39440,AOI-0059,2024-05-22,озимая пшеница,0.3707015686138478,0.347119170845146,577,5,-0.0235823977687018
39453,AOI-0059,2024-07-01,озимая пшеница,0.6223497554794943,0.5898250311064,577,7,-0.03252472437309428
39457,AOI-0059,2024-07-10,озимая пшеница,0.4282557956777087,0.4104397518164538,577,7,-0.017816043861254904
39461,AOI-0059,2024-07-18,озимая пшеница,0.3350949522064403,0.3055547128985323,577,7,-0.029540239307908
39466,AOI-0059,2024-08-10,озимая пшеница,0.2038714630845885,0.18476311760311687,577,8,-0.01910834548147164
39488,AOI-0059,2024-09-29,озимая пшеница,0.2595742880390561,0.2509047488114666,577,9,-0.008669539227589451
39497,AOI-0059,2025-04-07,озимая пшеница,0.8075501220504475,0.6079339388774375,577,4,-0.19961618317301
39499,AOI-0059,2025-04-14,озимая пшеница,0.7402335147316832,0.6809057908858286,577,4,-0.05932772384585461
39512,AOI-0059,2025-05-26,озимая пшеница,0.6931986500346395,0.6375492783305656,577,5,-0.05564937170407391
39519,AOI-0059,2025-06-26,озимая пшеница,0.3946081366965012,0.3695198174535296,577,6,-0.025088319242971613
39530,AOI-0059,2025-07-28,озимая пшеница,0.1151334321824631,0.19616820369382862,577,7,0.08103477151136552
39531,AOI-0059,2025-07-29,озимая пшеница,0.1842448775283116,0.20608316570373822,577,7,0.02183828817542663
39535,AOI-0059,2025-08-06,озимая пшеница,0.1994278411466667,0.14994886785468772,577,8,-0.04947897329197898
39633,AOI-0060,2025-06-11,озимая пшеница,0.5487926808211598,0.5748600392398981,577,6,0.026067358418738307
39662,AOI-0060,2025-07-10,озимая пшеница,0.4874783317231309,0.4834241576050572,577,7,-0.0040541741180736834
39670,AOI-0060,2025-07-18,озимая пшеница,0.3140909076382275,0.3083829223655772,577,7,-0.005707985272650318
39675,AOI-0060,2025-07-23,озимая пшеница,0.2687953678042152,0.3022212781439629,577,7,0.03342591033974768
39700,AOI-0060,2025-08-17,озимая пшеница,0.1811531108931818,0.15558671362603282,577,8,-0.025566397267148988
39728,AOI-0060,2025-09-14,озимая пшеница,0.259694659196563,0.3198024681285301,577,9,0.0601078089319671
39780,AOI-0061,2010-05-18,озимая пшеница,0.5480680481596455,0.40664773979484337,577,5,-0.14142030836480213
39788,AOI-0061,2010-07-21,озимая пшеница,0.6392235850675981,0.6614689424849236,577,7,0.022245357417325473
39792,AOI-0061,2010-08-13,озимая пшеница,0.3638718597425655,0.3930105494292366,577,8,0.029138689686671104
39801,AOI-0061,2011-04-07,озимая пшеница,0.6308904793608522,0.5425091325702949,577,4,-0.08838134679055731
39807,AOI-0061,2011-06-06,озимая пшеница,0.6935050988784838,0.7072152776891629,577,6,0.013710178810679152
39813,AOI-0061,2011-07-12,озимая пшеница,0.4972359520639147,0.5180908807574892,577,7,0.020854928693574526
39836,AOI-0061,2012-06-25,озимая пшеница,0.7230775854416335,0.7032140586976235,577,6,-0.01986352674400993
39845,AOI-0061,2012-09-20,озимая пшеница,0.3255192177370513,0.29813720655267056,577,9,-0.027382011184380717
39853,AOI-0061,2013-04-24,озимая пшеница,0.5875078745693231,0.7185544708474662,577,4,0.13104659627814308
39865,AOI-0061,2013-07-21,озимая пшеница,0.3442152496032091,0.3541975903648357,577,7,0.009982340761626629
39876,AOI-0061,2013-09-30,озимая пшеница,0.2804513537505548,0.3032153813164363,577,9,0.02276402756588153
39881,AOI-0061,2014-04-07,озимая пшеница,0.7872698845983134,0.7538859467223793,577,4,-0.03338393787593408
39884,AOI-0061,2014-05-09,озимая пшеница,0.8664803595206391,0.8867753033479652,577,5,0.020294943827326106
39886,AOI-0061,2014-05-25,озимая пшеница,0.7506277185974253,0.8342142420945927,577,5,0.08358652349716744
39912,AOI-0061,2015-04-14,озимая пшеница,0.2718074451993471,0.19150199427159234,577,4,-0.08030545092775473
39926,AOI-0061,2015-07-19,озимая пшеница,0.8882506094995354,0.8581015924937718,577,7,-0.030149017005763556
39928,AOI-0061,2015-07-28,озимая пшеница,0.7322436307146027,0.7318051602881483,577,7,-0.00043847042645439593
39945,AOI-0061,2016-05-08,озимая пшеница,0.8423972703062583,0.7123897525540905,577,5,-0.1300075177521678
39953,AOI-0061,2016-07-05,озимая пшеница,0.4466072301111501,0.503995494539336,577,7,0.0573882644281859
39968,AOI-0061,2016-10-25,озимая пшеница,0.2180998962213755,0.2050402125488931,577,10,-0.013059683672482392
39970,AOI-0061,2017-04-07,озимая пшеница,0.3209581446959609,0.30546279856368974,577,4,-0.01549534613227116
39971,AOI-0061,2017-04-13,озимая пшеница,0.1883979222303602,0.17544788542831694,577,4,-0.012950036802043263
39977,AOI-0061,2017-05-01,озимая пшеница,0.2196066362394576,0.20752845016260918,577,5,-0.012078186076848407
39992,AOI-0061,2017-07-15,озимая пшеница,0.8412954272381133,0.8302441512629901,577,7,-0.011051275975123231
40016,AOI-0061,2017-09-25,озимая пшеница,0.1651043486492998,0.16893868430979,577,9,0.0038343356604902123
40018,AOI-0061,2017-09-30,озимая пшеница,0.1775139740985138,0.24107293301491256,577,9,0.06355895891639876
40032,AOI-0061,2018-05-16,озимая пшеница,0.8867870992046732,0.8823870723282203,577,5,-0.004400026876452912
40047,AOI-0061,2018-07-28,озимая пшеница,0.3113660674656014,0.3057449583270664,577,7,-0.00562110913853503
40048,AOI-0061,2018-08-13,озимая пшеница,0.2681989347536618,0.27760989193286123,577,8,0.00941095717919943
40052,AOI-0061,2018-09-05,озимая пшеница,0.1476150659224198,0.1572810853149715,577,9,0.009666019392551711
40054,AOI-0061,2018-09-14,озимая пшеница,0.2521285619174434,0.24668479032806134,577,9,-0.005443771589382029
40068,AOI-0061,2019-04-11,озимая пшеница,0.1708526184914362,0.18514205954442206,577,4,0.014289441052985852
40079,AOI-0061,2019-05-16,озимая пшеница,0.3239902791055804,0.3265362096173877,577,5,0.002545930511807293
40092,AOI-0061,2019-06-17,озимая пшеница,0.759768954309395,0.7175812214269284,577,6,-0.04218773288246658
40097,AOI-0061,2019-06-28,озимая пшеница,0.7461401687707345,0.7487619237498749,577,6,0.0026217549791404116
40101,AOI-0061,2019-07-06,озимая пшеница,0.6273787843335554,0.7164459597639988,577,7,0.0890671754304434
40115,AOI-0061,2019-08-13,озимая пшеница,0.7216758100310697,0.7430337255087491,577,8,0.0213579154776794
40123,AOI-0061,2019-08-26,озимая пшеница,0.6802562991246937,0.6667028113557499,577,8,-0.013553487768943717
40128,AOI-0061,2019-09-10,озимая пшеница,0.3724973948059308,0.39267024042463344,577,9,0.02017284561870264
40129,AOI-0061,2019-09-13,озимая пшеница,0.1989715018603527,0.3185044011646976,577,9,0.11953289930434488
40147,AOI-0061,2020-04-03,озимая пшеница,0.6570999567359345,0.40354664387766775,577,4,-0.2535533128582667
40164,AOI-0061,2020-05-27,озимая пшеница,0.6109806281877415,0.6313751379680582,577,5,0.02039450978031676
40169,AOI-0061,2020-06-11,озимая пшеница,0.5504034823514848,0.576119858080255,577,6,0.02571637572877017
40186,AOI-0061,2020-07-29,озимая пшеница,0.2922227318848007,0.2799001341826327,577,7,-0.012322597702167981
40188,AOI-0061,2020-08-03,озимая пшеница,0.2632965740871557,0.27688080234188667,577,8,0.01358422825473099
40203,AOI-0061,2020-09-04,озимая пшеница,0.173540570513823,0.1511902507563677,577,9,-0.0223503197574553
40205,AOI-0061,2020-09-09,озимая пшеница,0.1418618998610426,0.16265805147097429,577,9,0.020796151609931673
40216,AOI-0061,2020-09-27,озимая пшеница,0.1241567455048171,0.14084855139481067,577,9,0.01669180588999357
40238,AOI-0061,2021-05-09,озимая пшеница,0.917865468264536,0.8731785751119282,577,5,-0.044686893152607765
40244,AOI-0061,2021-05-27,озимая пшеница,0.8914642408969932,0.803797667152313,577,5,-0.08766657374468012
40245,AOI-0061,2021-05-30,озимая пшеница,0.827312428971489,0.771484026431416,577,5,-0.05582840254007304
40256,AOI-0061,2021-07-01,озимая пшеница,0.2604041900234722,0.3169967324442709,577,7,0.0565925424207987
40261,AOI-0061,2021-07-12,озимая пшеница,0.2814927208166888,0.30904085289993444,577,7,0.027548132083245636
40269,AOI-0061,2021-07-29,озимая пшеница,0.2174867854067727,0.20047379589265701,577,7,-0.017012989514115673
40288,AOI-0061,2021-09-13,озимая пшеница,0.3204510769032573,0.30475594155340185,577,9,-0.01569513534985545
40301,AOI-0061,2021-10-27,озимая пшеница,0.2412777025308155,0.18259456239170396,577,10,-0.05868314013911155
40336,AOI-0061,2022-07-14,озимая пшеница,0.8230459482640077,0.7595372547943267,577,7,-0.06350869346968102
40341,AOI-0061,2022-07-26,озимая пшеница,0.8320603426722707,0.769218469965282,577,7,-0.06284187270698871
40343,AOI-0061,2022-07-29,озимая пшеница,0.8148105524165078,0.8024428678651276,577,7,-0.012367684551380154
40348,AOI-0061,2022-08-07,озимая пшеница,0.7104138243786454,0.7351933690203056,577,8,0.02477954464166021
40356,AOI-0061,2022-08-29,озимая пшеница,0.3785363293386596,0.380177289507619,577,8,0.0016409601689593711
40358,AOI-0061,2022-08-31,озимая пшеница,0.392982060674432,0.34420014065468657,577,8,-0.048781920019745406
40367,AOI-0061,2022-09-30,озимая пшеница,0.2736346870838882,0.2740446486675931,577,9,0.00040996158370487645
40377,AOI-0061,2023-04-17,озимая пшеница,0.5838969835348528,0.47143624066222267,577,4,-0.11246074287263008
40384,AOI-0061,2023-05-15,озимая пшеница,0.7012176261572838,0.7344599325817541,577,5,0.03324230642447035
40400,AOI-0061,2023-06-30,озимая пшеница,0.5251692733164331,0.5965994914873469,577,6,0.07143021817091377
40402,AOI-0061,2023-07-05,озимая пшеница,0.476478507376384,0.5308940449411002,577,7,0.05441553756471618
40420,AOI-0061,2023-08-18,озимая пшеница,0.1727105074358253,0.1915254168560517,577,8,0.0188149094202264
40422,AOI-0061,2023-08-23,озимая пшеница,0.1672998841867495,0.18422735510798172,577,8,0.01692747092123223
40432,AOI-0061,2023-09-17,озимая пшеница,0.1651093816981551,0.1696576455710221,577,9,0.004548263872866998
40436,AOI-0061,2023-09-27,озимая пшеница,0.168567605944974,0.17778229123699357,577,9,0.009214685292019575
40465,AOI-0061,2024-05-19,озимая пшеница,0.4087175325991062,0.4414319005677697,577,5,0.032714367968663505
40466,AOI-0061,2024-05-21,озимая пшеница,0.4579577545237769,0.4369583020347507,577,5,-0.020999452489026182
40470,AOI-0061,2024-06-08,озимая пшеница,0.5409058128532186,0.5363855384793739,577,6,-0.004520274373844724
40482,AOI-0061,2024-07-11,озимая пшеница,0.5031806702174877,0.4744589713117642,577,7,-0.028721698905723514
40492,AOI-0061,2024-08-02,озимая пшеница,0.3877985879533688,0.35203135140077224,577,8,-0.03576723655259656
40505,AOI-0061,2024-09-03,озимая пшеница,0.2038779813633712,0.19867096890349362,577,9,-0.005207012459877591
40510,AOI-0061,2024-09-16,озимая пшеница,0.1863931375560006,0.1779880103121496,577,9,-0.00840512724385098
40524,AOI-0061,2025-04-07,озимая пшеница,0.7625555481580116,0.6998092782933425,577,4,-0.06274626986466914
40528,AOI-0061,2025-04-17,озимая пшеница,0.6999270203597056,0.6830684866683344,577,4,-0.016858533691371136
40529,AOI-0061,2025-04-18,озимая пшеница,0.6901919487825343,0.6753419047087439,577,4,-0.014850044073790425
40537,AOI-0061,2025-05-09,озимая пшеница,0.8566034398579669,0.7585745313371486,577,5,-0.09802890852081836
40552,AOI-0061,2025-06-27,озимая пшеница,0.4961936484698346,0.5291105008419397,577,6,0.032916852372105065
40564,AOI-0061,2025-07-17,озимая пшеница,0.2300133727429265,0.24273436954679636,577,7,0.012720996803869872
40575,AOI-0061,2025-08-07,озимая пшеница,0.1468996821949447,0.17014139864975958,577,8,0.023241716454814876
40585,AOI-0061,2025-08-23,озимая пшеница,0.238190436779685,0.23080861470590325,577,8,-0.007381822073781741
40604,AOI-0061,2025-10-06,озимая пшеница,0.311014414142793,0.2839136520944385,577,10,-0.027100762048354543
40624,AOI-0062,2010-08-06,озимая пшеница,0.1512460257289755,0.17450879796895413,577,8,0.023262772239978635
40627,AOI-0062,2010-08-29,озимая пшеница,0.2369393612235718,0.22086757479897953,577,8,-0.016071786424592255
40634,AOI-0062,2011-04-19,озимая пшеница,0.6963049962334242,0.6226805759601486,577,4,-0.07362442027327565
40636,AOI-0062,2011-05-09,озимая пшеница,0.6305593792172741,0.7735010342581721,577,5,0.14294165504089795
40642,AOI-0062,2011-06-22,озимая пшеница,0.6072876103306858,0.6388944749486178,577,6,0.03160686461793205
40662,AOI-0062,2012-04-29,озимая пшеница,0.8511318931472763,0.8307747672232845,577,4,-0.02035712592399186
40670,AOI-0062,2012-08-03,озимая пшеница,0.1664284805469335,0.2086650863168919,577,8,0.04223660576995841
40691,AOI-0062,2013-07-13,озимая пшеница,0.741484378651177,0.7564112513934379,577,7,0.0149268727422609
40695,AOI-0062,2013-08-06,озимая пшеница,0.6939095973098931,0.6918614770880123,577,8,-0.0020481202218808336
40703,AOI-0062,2013-09-30,озимая пшеница,0.3118582546108862,0.3267962903277134,577,9,0.014938035716827225
40724,AOI-0062,2014-08-01,озимая пшеница,0.2229399888208194,0.21204194666788378,577,8,-0.010898042152935605
40725,AOI-0062,2014-08-13,озимая пшеница,0.2977115159694107,0.3085239328612607,577,8,0.010812416891849974
40732,AOI-0062,2014-09-30,озимая пшеница,0.5020467836257311,0.47323668018047627,577,9,-0.02881010344525481
40744,AOI-0062,2015-06-09,озимая пшеница,0.6780222700538465,0.6740711887926653,577,6,-0.003951081261181266
40749,AOI-0062,2015-07-19,озимая пшеница,0.2614845409957224,0.322390810031205,577,7,0.06090626903548263
40761,AOI-0062,2015-09-30,озимая пшеница,0.2623805668016194,0.3074396064308954,577,9,0.04505903962927599
40779,AOI-0062,2016-07-13,озимая пшеница,0.1945673471415187,0.2478763449910859,577,7,0.05330899784956722
40781,AOI-0062,2016-08-06,озимая пшеница,0.4031891317789519,0.22279993527113623,577,8,-0.18038919650781565
40785,AOI-0062,2016-08-30,озимая пшеница,0.1733237789441997,0.2164415858827845,577,8,0.0431178069385848
40797,AOI-0062,2017-04-13,озимая пшеница,0.1825823898421942,0.2030522032121134,577,4,0.02046981336991921
40807,AOI-0062,2017-05-26,озимая пшеница,0.5034061063801146,0.564439496209685,577,5,0.061033389829570406
40808,AOI-0062,2017-05-29,озимая пшеница,0.5386353607860532,0.5875954469267403,577,5,0.04896008614068703
40814,AOI-0062,2017-06-26,озимая пшеница,0.8626744939271255,0.8240638996318634,577,6,-0.038610594295262035
40830,AOI-0062,2017-08-17,озимая пшеница,0.2840911689350077,0.32344502508044237,577,8,0.039353856145434685
40831,AOI-0062,2017-08-21,озимая пшеница,0.2709796254636392,0.29913597243353185,577,8,0.028156346969892665
40869,AOI-0062,2018-07-27,озимая пшеница,0.2365673624771573,0.1787503982464947,577,7,-0.0578169642306626
40882,AOI-0062,2018-09-30,озимая пшеница,0.2446739091318038,0.2501888649095303,577,9,0.005514955777726482
40886,AOI-0062,2018-10-15,озимая пшеница,0.195295101243513,0.20407490151239094,577,10,0.008779800268877952
40887,AOI-0062,2018-10-16,озимая пшеница,0.2373611785874944,0.24170733979710018,577,10,0.004346161209605792
40895,AOI-0062,2019-04-25,озимая пшеница,0.223959229362239,0.25014963212562624,577,4,0.026190402763387244
40897,AOI-0062,2019-04-28,озимая пшеница,0.1835980594748281,0.19467799381134632,577,4,0.011079934336518216
40904,AOI-0062,2019-05-21,озимая пшеница,0.3172138015013923,0.2833023170394631,577,5,-0.03391148446192915
40913,AOI-0062,2019-06-07,озимая пшеница,0.565293072475487,0.5173718949972653,577,6,-0.047921177478221666
40928,AOI-0062,2019-07-14,озимая пшеница,0.7891637827719835,0.7840898864411833,577,7,-0.005073896330800243
40942,AOI-0062,2019-08-21,озимая пшеница,0.3738736539320707,0.45086429302420716,577,8,0.07699063909213644
40948,AOI-0062,2019-09-03,озимая пшеница,0.2567532416677,0.2483325875863453,577,9,-0.008420654081354728
40950,AOI-0062,2019-09-10,озимая пшеница,0.244682843131365,0.24317206420987011,577,9,-0.0015107789214948986
40953,AOI-0062,2019-09-15,озимая пшеница,0.1988906966174858,0.20326503769153892,577,9,0.0043743410740531286
40971,AOI-0062,2020-04-07,озимая пшеница,0.735614376188311,0.712054526367369,577,4,-0.023559849820942058
40973,AOI-0062,2020-04-12,озимая пшеница,0.6945042655276601,0.6961048683247824,577,4,0.0016006027971222636
40995,AOI-0062,2020-06-30,озимая пшеница,0.3237564311507412,0.2903892971139409,577,6,-0.033367134036800306
40997,AOI-0062,2020-07-04,озимая пшеница,0.1726161195497133,0.19499890433576694,577,7,0.022382784786053656
41003,AOI-0062,2020-07-19,озимая пшеница,0.0457973081357863,0.1418484900896058,577,7,0.09605118195381948
41016,AOI-0062,2020-08-17,озимая пшеница,0.2081464766034815,0.18813126786943563,577,8,-0.020015208734045886
41029,AOI-0062,2020-09-13,озимая пшеница,0.2438134952766532,0.23870116474228295,577,9,-0.005112330534370241
41031,AOI-0062,2020-09-17,озимая пшеница,0.1466674700615044,0.14375244511907145,577,9,-0.0029150249424329533
41056,AOI-0062,2021-05-02,озимая пшеница,0.1885385372797164,0.21869653631194721,577,5,0.03015799903223082
41062,AOI-0062,2021-05-15,озимая пшеница,0.2041054767267125,0.20394639535523942,577,5,-0.00015908137147307988
41063,AOI-0062,2021-05-16,озимая пшеница,0.2420186288872833,0.23929964465606113,577,5,-0.00271898423122216
41065,AOI-0062,2021-05-25,озимая пшеница,0.4598541160593792,0.4468873130960265,577,5,-0.01296680296335273
41082,AOI-0062,2021-07-11,озимая пшеница,0.768883705331415,0.7587750144847406,577,7,-0.010108690846674429
41108,AOI-0062,2021-09-09,озимая пшеница,0.2890403833656855,0.2377664699629362,577,9,-0.05127391340274928
41122,AOI-0062,2021-10-22,озимая пшеница,0.1894729665154852,0.19428637888232198,577,10,0.004813412366836772
41132,AOI-0062,2022-05-09,озимая пшеница,0.9018777327935223,0.8555511386614383,577,5,-0.046326594132084065
41147,AOI-0062,2022-06-11,озимая пшеница,0.7945709535534037,0.8447012000856072,577,6,0.05013024653220355
41168,AOI-0062,2022-08-05,озимая пшеница,0.2238687872001099,0.21319142327962626,577,8,-0.010677363920483629
41172,AOI-0062,2022-08-13,озимая пшеница,0.1801258351718423,0.24954356242767617,577,8,0.06941772725583387
41175,AOI-0062,2022-08-25,озимая пшеница,0.1678446840703392,0.18952696588126577,577,8,0.021682281810926574
41180,AOI-0062,2022-09-01,озимая пшеница,0.1626644311052244,0.17627506006428542,577,9,0.01361062895906101
41182,AOI-0062,2022-09-07,озимая пшеница,0.1664045644187416,0.14968398587710185,577,9,-0.016720578541639747
41198,AOI-0062,2023-04-04,озимая пшеница,0.2292776708640796,0.1988911418550784,577,4,-0.030386529009001212
41222,AOI-0062,2023-06-26,озимая пшеница,0.8650147945897739,0.8091229027461473,577,6,-0.05589189184362664
41223,AOI-0062,2023-06-29,озимая пшеница,0.8961190165295363,0.8335439818695609,577,6,-0.06257503465997538
41247,AOI-0062,2023-08-26,озимая пшеница,0.2034430890866609,0.18361786422653176,577,8,-0.019825224860129137
41254,AOI-0062,2023-09-14,озимая пшеница,0.1398360139811112,0.21539639288915505,577,9,0.07556037890804385
41259,AOI-0062,2023-09-27,озимая пшеница,0.1546221750148493,0.17128004623367982,577,9,0.016657871218830528
41271,AOI-0062,2023-10-19,озимая пшеница,0.1826999783003081,0.1744118514627952,577,10,-0.0082881268375129
41272,AOI-0062,2023-10-21,озимая пшеница,0.1652390215657498,0.1891567620992249,577,10,0.023917740533475118
41276,AOI-0062,2024-04-04,озимая пшеница,0.7905808747588183,0.7388703997766797,577,4,-0.051710474982138654
41277,AOI-0062,2024-04-06,озимая пшеница,0.8772132294672912,0.8200957738353485,577,4,-0.057117455631942704
41311,AOI-0062,2024-07-25,озимая пшеница,0.1462780462189579,0.13218896539916197,577,7,-0.01408908081979593
41323,AOI-0062,2024-08-28,озимая пшеница,0.2033393884066417,0.204478184257471,577,8,0.001138795850829294
41324,AOI-0062,2024-08-29,озимая пшеница,0.122848568999639,0.1272598953634751,577,8,0.004411326363836093
41333,AOI-0062,2024-09-29,озимая пшеница,0.1860565418409402,0.21197779073560083,577,9,0.02592124889466063
41336,AOI-0062,2024-10-06,озимая пшеница,0.1333078545394351,0.14232163242172613,577,10,0.009013777882291019
41347,AOI-0062,2025-04-17,озимая пшеница,0.3059552814165255,0.3203947815320688,577,4,0.014439500115543291
41355,AOI-0062,2025-05-06,озимая пшеница,0.1999748545432494,0.2627502208861541,577,5,0.06277536634290468
41357,AOI-0062,2025-05-14,озимая пшеница,0.2723547832674609,0.25924732000679607,577,5,-0.013107463260664809
41371,AOI-0062,2025-06-26,озимая пшеница,0.7919584795321639,0.8312891442922538,577,6,0.03933066476008984
41378,AOI-0062,2025-07-08,озимая пшеница,0.8019304907228068,0.7134717373503474,577,7,-0.08845875337245934
41382,AOI-0062,2025-07-14,озимая пшеница,0.5705012745911885,0.4848078065846225,577,7,-0.08569346800656596
41389,AOI-0062,2025-07-28,озимая пшеница,0.402545200704792,0.3747688288641025,577,7,-0.027776371840689484
41401,AOI-0062,2025-08-22,озимая пшеница,0.2097955122551823,0.21006612867795532,577,8,0.00027061642277301234
41434,AOI-0063,2025-04-07,озимая пшеница,0.4154344170403587,0.4001540779558838,577,4,-0.015280339084474903
41445,AOI-0063,2025-04-18,озимая пшеница,0.218711456037547,0.22071225823544216,577,4,0.0020008021978951684
41455,AOI-0063,2025-04-28,озимая пшеница,0.2361878944657949,0.2557635134285129,577,4,0.019575618962717978
41515,AOI-0063,2025-06-27,озимая пшеница,0.9055980857406796,0.7170646990194368,577,6,-0.18853338672124276
41526,AOI-0063,2025-07-08,озимая пшеница,0.8113430831450907,0.7298541009295225,577,7,-0.08148898221556822
41558,AOI-0063,2025-08-09,озимая пшеница,0.3704039537110368,0.3291196890512437,577,8,-0.04128426465979307
41576,AOI-0063,2025-08-27,озимая пшеница,0.4603645398804554,0.3380570245610542,577,8,-0.1223075153194012
41578,AOI-0063,2025-08-29,озимая пшеница,0.4363443550256705,0.3814181945316739,577,8,-0.05492616049399657
41669,AOI-0064,2025-04-29,озимая пшеница,0.4829696623515979,0.4496855252098968,577,4,-0.03328413714170109
41684,AOI-0064,2025-05-14,озимая пшеница,0.6464626040551061,0.7206640526892445,577,5,0.07420144863413836
41694,AOI-0064,2025-05-24,озимая пшеница,0.7618126264273624,0.7708414059658322,577,5,0.009028779538469811
41708,AOI-0064,2025-06-07,озимая пшеница,0.7210000464431046,0.7472452634921342,577,6,0.0262452170490296
41756,AOI-0064,2025-07-25,озимая пшеница,0.1220636609948528,0.19294252037566906,577,7,0.07087885938081626
41764,AOI-0064,2025-08-02,озимая пшеница,0.287172613322173,0.1838639013611891,577,8,-0.10330871196098387
41775,AOI-0064,2025-08-13,озимая пшеница,0.248718018018018,0.24700834305496808,577,8,-0.001709674963049912
41779,AOI-0064,2025-08-17,озимая пшеница,0.1625523129284949,0.17700346272693185,577,8,0.014451149798436952
41881,AOI-0065,2025-04-28,озимая пшеница,0.5567961264515282,0.5058127495186477,577,4,-0.050983376932880464
41921,AOI-0065,2025-06-07,озимая пшеница,0.5032622771447912,0.5206573898842998,577,6,0.017395112739508556
42002,AOI-0065,2025-08-27,озимая пшеница,0.2484868174308399,0.20127975383027424,577,8,-0.047207063600565646
42007,AOI-0065,2025-09-01,озимая пшеница,0.2245258873996419,0.19628981139165902,577,9,-0.02823607600798289
42011,AOI-0065,2025-09-05,озимая пшеница,0.2017169025493799,0.19184289949700523,577,9,-0.00987400305237468
42012,AOI-0065,2025-09-06,озимая пшеница,0.2023919955022331,0.20452259938664044,577,9,0.002130603884407334
42021,AOI-0065,2025-09-15,озимая пшеница,0.1904928309310155,0.19162811107174926,577,9,0.0011352801407337743
42030,AOI-0065,2025-09-24,озимая пшеница,0.2449210948734262,0.22503492211170148,577,9,-0.01988617276172472
42089,AOI-0066,2025-04-23,озимая пшеница,0.4281862599087199,0.3851279445479057,577,4,-0.04305831536081417
42105,AOI-0066,2025-05-09,озимая пшеница,0.504843886620226,0.46056057096219494,577,5,-0.04428331565803101
42112,AOI-0066,2025-05-16,озимая пшеница,0.3287746448462917,0.28687225126390276,577,5,-0.04190239358238895
42164,AOI-0066,2025-07-07,озимая пшеница,0.7238069112267196,0.7719934357864772,577,7,0.04818652455975758
42169,AOI-0066,2025-07-12,озимая пшеница,0.5728386259908722,0.6306791987400568,577,7,0.05784057274918464
42235,AOI-0066,2025-09-16,озимая пшеница,0.1613698314037007,0.1854329254253259,577,9,0.02406309402162521
42240,AOI-0066,2025-09-21,озимая пшеница,0.1110270482747696,0.17340908138413147,577,9,0.06238203310936187
42249,AOI-0066,2025-09-30,озимая пшеница,0.3001872928176797,0.27993582286806046,577,9,-0.02025146994961924
42255,AOI-0066,2025-10-06,озимая пшеница,0.1974976080343209,0.187726060329919,577,10,-0.00977154770440189
42311,AOI-0067,2010-05-02,зерновые,0.149476747607636,0.19533356155589657,577,5,0.04585681394826058
42352,AOI-0067,2010-06-12,зерновые,0.2095357018440753,0.19570628280050512,577,6,-0.013829419043570185
42423,AOI-0067,2010-08-22,зерновые,0.1335245546877507,0.15538223827981099,577,8,0.02185768359206028
42511,AOI-0067,2011-04-19,зерновые,0.1551317071277597,0.19558863585273017,577,4,0.040456928724970476
42616,AOI-0067,2011-08-02,зерновые,0.6364425778223854,0.6213951988681818,577,8,-0.015047378954203605
42627,AOI-0067,2011-08-13,зерновые,0.5683568924302789,0.5589202083886406,577,8,-0.009436684041638221
42647,AOI-0067,2011-09-02,зерновые,0.3514217817039577,0.34011199794805547,577,9,-0.011309783755902247
42862,AOI-0067,2012-09-04,зерновые,0.1253629435060284,0.1200827756019932,577,9,-0.005280167904035196
42878,AOI-0067,2012-09-20,зерновые,0.1306802639112288,0.1047822324627744,577,9,-0.0258980314484544
42951,AOI-0067,2013-05-03,зерновые,0.6351865215692547,0.5412919106570846,577,5,-0.0938946109121701
42983,AOI-0067,2013-06-04,зерновые,0.561216043824936,0.5426348979866753,577,6,-0.01858114583826065
42989,AOI-0067,2013-06-10,зерновые,0.4104218326693227,0.45016252674118007,577,6,0.039740694071857374
43014,AOI-0067,2013-07-05,зерновые,0.1999576238371994,0.2671358528315511,577,7,0.06717822899435172
43154,AOI-0067,2014-04-23,зерновые,0.3592619123505976,0.3087801054227652,577,4,-0.05048180692783244
43202,AOI-0067,2014-06-10,зерновые,0.279345577689243,0.28578047065385326,577,6,0.00643489296461025
43271,AOI-0067,2014-08-18,зерновые,0.1421858540776769,0.15621331191545396,577,8,0.014027457837777063
43330,AOI-0067,2014-10-16,зерновые,0.2020508366533864,0.20613200897317588,577,10,0.004081172319789467
43390,AOI-0067,2015-05-16,зерновые,0.2670023686135153,0.18135432508394334,577,5,-0.08564804352957195
43487,AOI-0067,2015-08-21,зерновые,0.6056545604970833,0.6273974167069812,577,8,0.02174285620989791
43543,AOI-0067,2015-10-16,зерновые,0.23075066515789,0.23058324502621746,577,10,-0.00016742013167253544
43691,AOI-0067,2016-08-12,зерновые,0.3582650996015936,0.3282377577611314,577,8,-0.030027341840462185
43718,AOI-0067,2016-09-08,зерновые,0.1451658043413375,0.18391315608737693,577,9,0.03874735174603944
43726,AOI-0067,2016-09-16,зерновые,0.1801904004005567,0.18428400827614988,577,9,0.00409360787559318
43758,AOI-0067,2016-10-18,зерновые,0.2194880118425101,0.18865431707783262,577,10,-0.030833694764677483
43830,AOI-0067,2017-05-30,зерновые,0.2268404878704712,0.23634852604256207,577,5,0.009508038172090866
43846,AOI-0067,2017-06-15,зерновые,0.4986242971074052,0.34161740900369375,577,6,-0.15700688810371144
43877,AOI-0067,2017-07-16,зерновые,0.4734708078088538,0.49497749429285326,577,7,0.02150668648399945
43885,AOI-0067,2017-07-24,зерновые,0.5800163910773531,0.538523525756315,577,7,-0.04149286532103813
43893,AOI-0067,2017-08-01,зерновые,0.5743830788963289,0.517662586755536,577,8,-0.05672049214079289
43948,AOI-0067,2017-09-25,зерновые,0.4208368399246632,0.35532430494079664,577,9,-0.06551253498386655
43990,AOI-0067,2018-04-07,зерновые,0.1356835958225089,0.19588343709401884,577,4,0.06019984127150993
43998,AOI-0067,2018-04-15,зерновые,0.163680233940535,0.1715700217772011,577,4,0.007889787836666107
44061,AOI-0067,2018-06-17,зерновые,0.1518256818575546,0.15129589917816247,577,6,-0.0005297826793921323
44062,AOI-0067,2018-06-18,зерновые,0.1795509582881034,0.15535386694001724,577,6,-0.024197091348086175
44070,AOI-0067,2018-06-26,зерновые,0.2100997609561753,0.20606288132034387,577,6,-0.004036879635831436
44197,AOI-0067,2019-04-01,зерновые,0.2497928102918436,0.2639928162494625,577,4,0.014200005957618916
44270,AOI-0067,2019-06-13,зерновые,0.3618422709879365,0.4549956487167648,577,6,0.09315337772882831
44279,AOI-0067,2019-06-22,зерновые,0.3178521321154289,0.32205319281017775,577,6,0.004201060694748848
44333,AOI-0067,2019-08-15,зерновые,0.382239675615224,0.3392527768488344,577,8,-0.04298689876638956
44344,AOI-0067,2019-08-26,зерновые,0.2877763537697412,0.2614402566937796,577,8,-0.026336097075961573
44350,AOI-0067,2019-09-01,зерновые,0.263357558632928,0.27838684552356,577,9,0.015029286890632043
44366,AOI-0067,2019-09-17,зерновые,0.2429024182963726,0.24197222381176417,577,9,-0.000930194484608432
44415,AOI-0067,2020-04-06,зерновые,0.2753372111553784,0.25823396827342027,577,4,-0.017103242881958136
44511,AOI-0067,2020-07-11,зерновые,0.6008390132933416,0.47888348239619394,577,7,-0.12195553089714761
44531,AOI-0067,2020-07-31,зерновые,0.4208244547657486,0.39699089849835095,577,7,-0.023833556267397638
44541,AOI-0067,2020-08-10,зерновые,0.428059281786784,0.4067391597417002,577,8,-0.021320122045083767
44543,AOI-0067,2020-08-12,зерновые,0.3940264541832669,0.4316512816702566,577,8,0.0376248274869897
44571,AOI-0067,2020-09-09,зерновые,0.3125197102710364,0.2720671655142898,577,9,-0.040452544756746645
44597,AOI-0067,2020-10-05,зерновые,0.1888203434887093,0.18101885994780711,577,10,-0.007801483540902182
44669,AOI-0067,2021-05-17,зерновые,0.1585392122473304,0.2728596096582714,577,5,0.114320397410941
44677,AOI-0067,2021-05-25,зерновые,0.5684766533864541,0.4428185858610701,577,5,-0.12565806752538405
44693,AOI-0067,2021-06-10,зерновые,0.715043012302152,0.6347719800897842,577,6,-0.08027103221236775
44769,AOI-0067,2021-08-25,зерновые,0.2314465872409276,0.21044883155633465,577,8,-0.020997755684592945
44789,AOI-0067,2021-09-14,зерновые,0.3317933591547226,0.33040143586149034,577,9,-0.0013919232932322334
44805,AOI-0067,2021-09-30,зерновые,0.2099627312734163,0.3111875771446947,577,9,0.10122484587127839
44860,AOI-0067,2022-04-25,зерновые,0.2048679123212582,0.15713016249145617,577,4,-0.04773774982980203
44902,AOI-0067,2022-06-06,зерновые,0.3631095176046681,0.36036276199360556,577,6,-0.0027467556110625235
44938,AOI-0067,2022-07-12,зерновые,0.6014791415197318,0.6311998694825047,577,7,0.02972072796277292
44941,AOI-0067,2022-07-15,зерновые,0.5966905343103519,0.6477322733666067,577,7,0.051041739056254753
44967,AOI-0067,2022-08-10,зерновые,0.537095315142491,0.46917605782599114,577,8,-0.06791925731649984
44982,AOI-0067,2022-08-25,зерновые,0.4339409952679161,0.4057572559547675,577,8,-0.028183739313148548
45053,AOI-0067,2023-04-05,зерновые,0.1988876661754803,0.19111549541237027,577,4,-0.0077721707631100145
45090,AOI-0067,2023-05-12,зерновые,0.1595249581509398,0.19324296748047323,577,5,0.03371800932953342
45092,AOI-0067,2023-05-14,зерновые,0.2236200764089122,0.21715626116976242,577,5,-0.006463815239149795
45155,AOI-0067,2023-07-16,зерновые,0.7276401056024664,0.6816461391464511,577,7,-0.04599396645601528
45172,AOI-0067,2023-08-02,зерновые,0.4227478255281705,0.44068634251449934,577,8,0.017938516986328867
45183,AOI-0067,2023-08-13,зерновые,-0.0458518084209755,0.4042063141323631,577,8,0.45005812255333855
45213,AOI-0067,2023-09-12,зерновые,0.2879554075883682,0.22970479053698614,577,9,-0.05825061705138204
45237,AOI-0067,2023-10-06,зерновые,0.2673800263475825,0.2303049584089414,577,10,-0.0370750679386411
45327,AOI-0067,2024-06-05,зерновые,0.5809206755992519,0.5995966515207575,577,6,0.018675975921505605
45348,AOI-0067,2024-06-26,зерновые,0.4209317032393166,0.3603701151858402,577,6,-0.06056158805347639
45372,AOI-0067,2024-07-20,зерновые,0.2179158710363034,0.1842928974282645,577,7,-0.0336229736080389
45387,AOI-0067,2024-08-04,зерновые,0.160828362858962,0.16473671095569453,577,8,0.003908348096732545
45435,AOI-0067,2024-09-21,зерновые,0.1684710276381947,0.1427503807387081,577,9,-0.025720646899486582
45442,AOI-0067,2024-09-28,зерновые,0.1286393569424274,0.12580395690574436,577,9,-0.0028354000366830334
45457,AOI-0067,2024-10-13,зерновые,0.1146158895898785,0.12465519469758919,577,10,0.010039305107710686
45563,AOI-0067,2025-06-28,зерновые,0.3759339257954362,0.3275442643822532,577,6,-0.048389661413183016
45572,AOI-0067,2025-07-07,зерновые,0.5001823914208025,0.4485455554673875,577,7,-0.05163683595341495
45595,AOI-0067,2025-07-30,зерновые,0.5699887061993384,0.5380168411730153,577,7,-0.0319718650263231
45609,AOI-0067,2025-08-13,зерновые,0.6312286055776893,0.6110016225567071,577,8,-0.020226983020982248
45611,AOI-0067,2025-08-15,зерновые,0.6307531828461281,0.6422342587888208,577,8,0.011481075942692653
45619,AOI-0067,2025-08-23,зерновые,0.588906022210357,0.6014792581315436,577,8,0.012573235921186532
45622,AOI-0067,2025-08-26,зерновые,0.5103079026620219,0.530545421068952,577,8,0.02023751840693011
45684,AOI-0067,2025-10-27,зерновые,0.1997389898781831,0.23124052667263373,577,10,0.03150153679445064
45760,AOI-0068,2010-06-12,зерновые,0.163622159123632,0.18922026558513322,577,6,0.025598106461501208
45767,AOI-0068,2010-06-19,зерновые,0.1628581136098658,0.18820721007935298,577,6,0.025349096469487187
45863,AOI-0068,2010-09-23,зерновые,0.1469807779969912,0.14622878004057407,577,9,-0.0007519979564171164
45895,AOI-0068,2010-10-25,зерновые,0.3360487225439958,0.30016689624832465,577,10,-0.03588182629567116
45955,AOI-0068,2011-05-25,зерновые,0.6503021586134455,0.587294710016666,577,5,-0.06300744859677954
45971,AOI-0068,2011-06-10,зерновые,0.479896181722689,0.4257586600910335,577,6,-0.05413752163165547
45992,AOI-0068,2011-07-01,зерновые,0.2018357168534439,0.2227830664488838,577,7,0.020947349595439896
46015,AOI-0068,2011-07-24,зерновые,0.1875259982889687,0.20111960203444162,577,7,0.013593603745472915
46126,AOI-0068,2012-04-13,зерновые,0.1579471613770342,0.14611154898794831,577,4,-0.011835612389085898
46270,AOI-0068,2012-09-04,зерновые,0.1739238849805668,0.16514477661461435,577,9,-0.008779108365952443
46381,AOI-0068,2013-05-25,зерновые,0.437630005252101,0.5018841023847715,577,5,0.06425409713267055
46397,AOI-0068,2013-06-10,зерновые,0.3301639390756302,0.34887426926486786,577,6,0.01871033018923768
46415,AOI-0068,2013-06-28,зерновые,0.2433678959999085,0.213905010562202,577,6,-0.029462885437706476
46470,AOI-0068,2013-08-22,зерновые,0.1930988079463249,0.1979890400280021,577,8,0.004890232081677215
46599,AOI-0068,2014-05-30,зерновые,0.3215118004950819,0.32824044667296415,577,5,0.006728646177882269
46642,AOI-0068,2014-07-12,зерновые,0.2045312184873949,0.2236193368078645,577,7,0.01908811832046961
46662,AOI-0068,2014-08-01,зерновые,0.1781380665208004,0.15150703147971836,577,8,-0.026631035041082024
46663,AOI-0068,2014-08-02,зерновые,0.1290163363818451,0.12081235923253178,577,8,-0.008203977149313313
46674,AOI-0068,2014-08-13,зерновые,0.1888240021008403,0.19296600186936,577,8,0.0041419997685197
46766,AOI-0068,2015-04-14,зерновые,0.2135359128842544,0.20635198959336457,577,4,-0.007183923290889821
46799,AOI-0068,2015-05-17,зерновые,0.5315253550400787,0.3269701919104065,577,5,-0.2045551631296722
46854,AOI-0068,2015-07-11,зерновые,0.2781159401732636,0.3068277177680314,577,7,0.02871177759476784
46871,AOI-0068,2015-07-28,зерновые,0.2879461071273511,0.29591599127085094,577,7,0.007969884143499861
47019,AOI-0068,2016-05-24,зерновые,0.405604149159664,0.49968598662435487,577,5,0.0940818374646909
47067,AOI-0068,2016-07-11,зерновые,0.3831612132352942,0.3550060119602412,577,7,-0.028155201275053
47093,AOI-0068,2016-08-06,зерновые,0.335813887894657,0.31992674974689483,577,8,-0.01588713814776216
47109,AOI-0068,2016-08-22,зерновые,0.2796453902076826,0.24458280750827577,577,8,-0.03506258269940682
47174,AOI-0068,2016-10-26,зерновые,0.3708671952753509,0.3557512949682552,577,10,-0.015115900307095698
47185,AOI-0068,2017-04-07,зерновые,0.464728193277311,0.4266618129071444,577,4,-0.03806638037016663
47186,AOI-0068,2017-04-08,зерновые,0.0872625205676311,0.2940975383300671,577,4,0.20683501776243596
47213,AOI-0068,2017-05-05,зерновые,0.4813997977655834,0.43009390752438825,577,5,-0.05130589024119514
47233,AOI-0068,2017-05-25,зерновые,0.5728785976890755,0.5551718202648194,577,5,-0.01770677742425608
47306,AOI-0068,2017-08-06,зерновые,0.1340221293362397,0.13794825290176865,577,8,0.003926123565528961
47309,AOI-0068,2017-08-09,зерновые,0.2008260323737668,0.15809865440282928,577,8,-0.042727377970937536
47461,AOI-0068,2018-06-09,зерновые,0.2354481018367224,0.22925354201321957,577,6,-0.006194559823502838
47478,AOI-0068,2018-06-26,зерновые,0.1677103032392659,0.21119399102359399,577,6,0.043483687784328096
47502,AOI-0068,2018-07-20,зерновые,0.183985328709062,0.171433210566062,577,7,-0.012552118143000002
47518,AOI-0068,2018-08-05,зерновые,0.1763856024896168,0.1794959645552582,577,8,0.0031103620656414144
47630,AOI-0068,2019-04-26,зерновые,0.4215895526989788,0.4288159203512514,577,4,0.007226367652272581
47669,AOI-0068,2019-06-04,зерновые,0.4535743442569007,0.4580861972686594,577,6,0.004511853011758715
47670,AOI-0068,2019-06-05,зерновые,0.4854948660647383,0.4246565659884348,577,6,-0.060838300076303475
47686,AOI-0068,2019-06-21,зерновые,0.2462629658068238,0.24771906676376412,577,6,0.0014561009569403205
47732,AOI-0068,2019-08-06,зерновые,0.1726754668238564,0.1981808555638419,577,8,0.025505388739985507
47766,AOI-0068,2019-09-09,зерновые,0.2143765124864142,0.21560317604952217,577,9,0.0012266635631079659
47797,AOI-0068,2019-10-10,зерновые,0.3183724316806304,0.2911868062574882,577,10,-0.02718562542314218
47798,AOI-0068,2019-10-11,зерновые,0.3473624245473016,0.3140371911499155,577,10,-0.03332523339738608
47820,AOI-0068,2020-04-03,зерновые,0.3051034489147857,0.2978521818590578,577,4,-0.0072512670557278724
47859,AOI-0068,2020-05-12,зерновые,0.3288295370570297,0.36141473320013334,577,5,0.03258519614310362
47908,AOI-0068,2020-06-30,зерновые,0.2291483857602145,0.2043261581530472,577,6,-0.02482222760716732
47909,AOI-0068,2020-07-01,зерновые,0.1532481138005929,0.15658903562669166,577,7,0.0033409218260987694
47957,AOI-0068,2020-08-18,зерновые,0.133830005265139,0.13770672635649153,577,8,0.0038767210913525363
47983,AOI-0068,2020-09-13,зерновые,0.1817717384453782,0.18758988019844045,577,9,0.00581814175306225
47988,AOI-0068,2020-09-18,зерновые,0.1657180219295245,0.15476215265943388,577,9,-0.010955869270090624
48068,AOI-0068,2021-05-08,зерновые,0.3282945250339566,0.3506102187747525,577,5,0.022315693740795894
48097,AOI-0068,2021-06-06,зерновые,0.4463967057508144,0.4779646307725305,577,6,0.03156792502171607
48124,AOI-0068,2021-07-03,зерновые,0.3210325189788893,0.2813034829433253,577,7,-0.03972903603556399
48133,AOI-0068,2021-07-12,зерновые,0.3286364794589882,0.28060420279267156,577,7,-0.04803227666631665
48196,AOI-0068,2021-09-13,зерновые,0.0541413263975363,0.40091859696401544,577,9,0.3467772705664791
48268,AOI-0068,2022-04-25,зерновые,0.4277341771834663,0.394025232359553,577,4,-0.03370894482391329
48280,AOI-0068,2022-05-07,зерновые,0.4032158310253387,0.4647530052818866,577,5,0.06153717425654792
48307,AOI-0068,2022-06-03,зерновые,0.4019224238407833,0.3114795678198978,577,6,-0.09044285602088553
48365,AOI-0068,2022-07-31,зерновые,0.1233369288639351,0.14430666383272375,577,7,0.02096973496878865
48394,AOI-0068,2022-08-29,зерновые,0.1995873319327731,0.22312213327233935,577,8,0.023534801339566258
48404,AOI-0068,2022-09-08,зерновые,0.1854221478701627,0.19061605797230524,577,9,0.0051939101021425405
48425,AOI-0068,2022-09-29,зерновые,0.1846490103743614,0.22148546083223775,577,9,0.03683645045787634
48501,AOI-0068,2023-05-15,зерновые,0.5747871207168967,0.5706448465268061,577,5,-0.004142274190090611
48511,AOI-0068,2023-05-25,зерновые,0.5824075262605042,0.5641250439286946,577,5,-0.018282482331809624
48517,AOI-0068,2023-05-31,зерновые,0.5381464796076076,0.5559329438265225,577,5,0.017786464218914833
48556,AOI-0068,2023-07-09,зерновые,0.2759800730905709,0.21535533664529496,577,7,-0.06062473644527591
48563,AOI-0068,2023-07-16,зерновые,0.2095375868444771,0.20610505592376846,577,7,-0.0034325309207086374
48569,AOI-0068,2023-07-22,зерновые,0.2368560161282953,0.2390443772086587,577,7,0.00218836108036341
48597,AOI-0068,2023-08-19,зерновые,0.3382036154752047,0.3257149851341555,577,8,-0.012488630341049245
48601,AOI-0068,2023-08-23,зерновые,0.3431834118844917,0.30488243743392773,577,8,-0.03830097445056396
48643,AOI-0068,2023-10-04,зерновые,0.3194204866322356,0.30079524785336426,577,10,-0.018625238778871345
48691,AOI-0068,2024-04-22,зерновые,0.3119133732718228,0.3826470177836162,577,4,0.07073364451179343
48705,AOI-0068,2024-05-06,зерновые,0.1957791799550838,0.2422203296926243,577,5,0.046441149737540516
48780,AOI-0068,2024-07-20,зерновые,0.1448876645117382,0.13664384879753888,577,7,-0.008243815714199326
48835,AOI-0068,2024-09-13,зерновые,0.1569485570890249,0.21032932817804356,577,9,0.053380771089018675
48844,AOI-0068,2024-09-22,зерновые,0.1820733902500133,0.16517613856523228,577,9,-0.01689725168478101
48845,AOI-0068,2024-09-23,зерновые,0.14627372567794,0.14530960691857997,577,9,-0.0009641187593600331
48852,AOI-0068,2024-09-30,зерновые,0.1382582501902411,0.16383996692035369,577,9,0.025581716730112586
48884,AOI-0068,2025-04-02,зерновые,0.3455721208041871,0.3672086713274712,577,4,0.021636550523284115
48903,AOI-0068,2025-04-21,зерновые,0.608536000677049,0.5613818782811731,577,4,-0.04715412239587591
48908,AOI-0068,2025-04-26,зерновые,0.6496346654689306,0.6386833967409671,577,4,-0.010951268727963481
48948,AOI-0068,2025-06-05,зерновые,0.4832581898695649,0.5399227868270977,577,6,0.05666459695753279
49019,AOI-0068,2025-08-15,зерновые,0.2397040855202658,0.2091745639353128,577,8,-0.030529521584953007
49048,AOI-0068,2025-09-13,зерновые,0.2015978852401547,0.17873672023123113,577,9,-0.022861165008923573
49060,AOI-0068,2025-09-25,зерновые,0.1889793670639582,0.20975312425810552,577,9,0.020773757194147313
49081,AOI-0068,2025-10-16,зерновые,0.3018390615180504,0.25060338647148533,577,10,-0.051235675046565066
49171,AOI-0069,2025-06-15,зерновые,0.4229698215863212,0.36186659435864654,577,6,-0.06110322722767464
49201,AOI-0069,2025-07-15,зерновые,0.1478198585826374,0.14474315505729857,577,7,-0.003076703525338842
49232,AOI-0069,2025-08-15,зерновые,0.1800528971295289,0.17769210007981023,577,8,-0.0023607970497186714
49243,AOI-0069,2025-08-26,зерновые,0.1313345389887937,0.13180329517091705,577,8,0.0004687561821233588
49246,AOI-0069,2025-08-29,зерновые,0.1379205134935531,0.1576767555721943,577,8,0.019756242078641184
49280,AOI-0069,2025-10-02,зерновые,0.1831679559214983,0.1993923380683989,577,10,0.016224382146900612
49291,AOI-0069,2025-10-13,зерновые,0.141196923742455,0.15016063022393505,577,10,0.008963706481480066
49325,AOI-0070,2025-04-17,зерновые,0.3060902926255407,0.32518547211102294,577,4,0.019095179485482228
49354,AOI-0070,2025-05-16,зерновые,0.2776131922241239,0.2638276886839741,577,5,-0.01378550354014979
49374,AOI-0070,2025-06-05,зерновые,0.1184205952389003,0.20054025871027475,577,6,0.08211966347137445
49395,AOI-0070,2025-06-26,зерновые,0.2677516462763772,0.30918647376876424,577,6,0.04143482749238703
49406,AOI-0070,2025-07-07,зерновые,0.21655861745682,0.20900890208856387,577,7,-0.007549715368256132
49462,AOI-0070,2025-09-01,зерновые,0.1917215660975857,0.15618300242469388,577,9,-0.03553856367289182
49485,AOI-0070,2025-09-24,зерновые,0.1927727329914862,0.19345949924632672,577,9,0.0006867662548405151
49518,AOI-0070,2025-10-27,зерновые,0.285615749282738,0.2721518252718181,577,10,-0.013463924010919892
49530,AOI-0071,2025-05-03,зерновые,0.3580720282543156,0.3435044605385642,577,5,-0.014567567715751406
49542,AOI-0071,2025-06-10,зерновые,0.4142477272727273,0.4918176324955076,577,6,0.07756990522278029
49552,AOI-0071,2025-07-14,зерновые,0.4540729987854242,0.49717278931190434,577,7,0.043099790526480164
49563,AOI-0071,2025-08-16,зерновые,0.438848602264299,0.37405305275635337,577,8,-0.06479554950794564
49564,AOI-0071,2025-08-19,зерновые,0.4281247003887412,0.360554547460884,577,8,-0.06757015292785717
49579,AOI-0071,2025-09-30,зерновые,0.3496784090909091,0.36020178924755797,577,9,0.010523380156648887
49637,AOI-0072,2025-05-20,зерновые,0.8465273878024242,0.7922844867381023,577,5,-0.05424290106432195
49674,AOI-0072,2025-06-26,зерновые,0.2806986518636003,0.2635344812192802,577,6,-0.01716417064432013
49676,AOI-0072,2025-06-28,зерновые,0.2546255321011831,0.20381512975562383,577,6,-0.05081040234555928
49708,AOI-0072,2025-07-30,зерновые,0.1463701494214001,0.14833907217414757,577,7,0.0019689227527474873
49765,AOI-0072,2025-09-25,зерновые,0.1389792608238793,0.15605996111518908,577,9,0.017080700291309786
49768,AOI-0072,2025-09-28,зерновые,0.1595281724874181,0.1549022760265266,577,9,-0.00462589646089151
49785,AOI-0072,2025-10-15,зерновые,0.1395199827142914,0.15230158496411927,577,10,0.012781602249827884
49871,AOI-0073,2010-06-10,озимая пшеница,0.7048881924334423,0.6402585439815822,577,6,-0.06462964845186003
49919,AOI-0073,2010-07-28,озимая пшеница,0.403799887902849,0.41434564612495295,577,7,0.010545758222103963
50038,AOI-0073,2011-04-25,озимая пшеница,0.207687214345055,0.21919786852400436,577,4,0.011510654178949364
50068,AOI-0073,2011-05-25,озимая пшеница,0.5023495189163945,0.5224761824435773,577,5,0.020126663527182842
50086,AOI-0073,2011-06-12,озимая пшеница,0.4160794809616988,0.3311055337051261,577,6,-0.0849739472565727
50269,AOI-0073,2012-05-13,озимая пшеница,0.5381634265942916,0.5193598598380578,577,5,-0.018803566756233847
50397,AOI-0073,2012-09-18,озимая пшеница,0.191841990995826,0.22092179814249563,577,9,0.029079807146669634
50462,AOI-0073,2013-04-23,озимая пшеница,0.4446456889304062,0.439568354061721,577,4,-0.005077334868685168
50581,AOI-0073,2013-08-20,озимая пшеница,0.4245849602796843,0.3625338748058065,577,8,-0.062051085473877776
50691,AOI-0073,2014-05-09,озимая пшеница,0.4288875758991126,0.5073001373766073,577,5,0.0784125614774947
50717,AOI-0073,2014-06-04,озимая пшеница,0.6165613299651223,0.5743021032371974,577,6,-0.042259226727924815
50741,AOI-0073,2014-06-28,озимая пшеница,0.8261894761655353,0.7804337907235125,577,6,-0.0457556854420228
50893,AOI-0073,2015-04-28,озимая пшеница,0.2080027172244376,0.20035059217878534,577,4,-0.007652125045652269
50920,AOI-0073,2015-05-25,озимая пшеница,0.5222107052779077,0.4909137481842363,577,5,-0.03129695709367142
51048,AOI-0073,2015-09-30,озимая пшеница,0.2787721064922932,0.29155362443820354,577,9,0.012781517945910315
51148,AOI-0073,2016-06-09,озимая пшеница,0.7437016534329751,0.812741252955697,577,6,0.06903959952272187
51212,AOI-0073,2016-08-12,озимая пшеница,0.2868365958107368,0.422914252620633,577,8,0.1360776568098962
51428,AOI-0073,2017-08-15,озимая пшеница,0.5978187236887624,0.5641244952980559,577,8,-0.03369422839070657
51465,AOI-0073,2017-09-21,озимая пшеница,0.2908329108136263,0.305230482770226,577,9,0.014397571956599742
51467,AOI-0073,2017-09-23,озимая пшеница,0.303241390392684,0.31565767975543213,577,9,0.012416289362748134
51468,AOI-0073,2017-09-24,озимая пшеница,0.3617723871707579,0.3389430379520864,577,9,-0.02282934921867147
51543,AOI-0073,2018-05-09,озимая пшеница,0.4425449322746379,0.42588438114675253,577,5,-0.016660551127885392
51593,AOI-0073,2018-06-28,озимая пшеница,0.4180839623360895,0.47497790949275154,577,6,0.05689394715666202
51596,AOI-0073,2018-07-01,озимая пшеница,0.6141995787920683,0.5422163700619895,577,7,-0.0719832087300788
51652,AOI-0073,2018-08-26,озимая пшеница,0.6816256151004532,0.6910086526235893,577,8,0.009383037523136184
51687,AOI-0073,2018-09-30,озимая пшеница,0.3273852031760859,0.33228685924127566,577,9,0.0049016560651897745
51741,AOI-0073,2019-04-24,озимая пшеница,0.1499395511361654,0.1613079478076408,577,4,0.011368396671475406
51743,AOI-0073,2019-04-26,озимая пшеница,0.0254249049594392,0.14698301552666973,577,4,0.12155811056723054
51756,AOI-0073,2019-05-09,озимая пшеница,0.4187896777206913,0.41974035523483266,577,5,0.0009506775141413515
51776,AOI-0073,2019-05-29,озимая пшеница,0.4202615032499717,0.43385592344780527,577,5,0.013594420197833579
51803,AOI-0073,2019-06-25,озимая пшеница,0.6933453028308832,0.6708755832290978,577,6,-0.022469719601785454
51804,AOI-0073,2019-06-26,озимая пшеница,0.6726447055317056,0.6835942982156713,577,6,0.01094959268396567
51852,AOI-0073,2019-08-13,озимая пшеница,0.5877140207463731,0.5282235084703092,577,8,-0.059490512276063945
51871,AOI-0073,2019-09-01,озимая пшеница,0.3256663749862347,0.33066681123963,577,9,0.005000436253395302
51936,AOI-0073,2020-04-06,озимая пшеница,0.2681364222326016,0.3390301701954311,577,4,0.07089374796282949
51938,AOI-0073,2020-04-08,озимая пшеница,0.162293458753013,0.17930942922101378,577,4,0.017015970468000796
51972,AOI-0073,2020-05-12,озимая пшеница,0.592324191645809,0.5937294713166437,577,5,0.0014052796708347026
52023,AOI-0073,2020-07-02,озимая пшеница,0.33514578281977,0.38856569939021274,577,7,0.05341991657044276
52032,AOI-0073,2020-07-11,озимая пшеница,0.3561714245679588,0.3376123010893157,577,7,-0.01855912347864308
52033,AOI-0073,2020-07-12,озимая пшеница,0.2417733917436335,0.24098981536018943,577,7,-0.0007835763834440623
52090,AOI-0073,2020-09-07,озимая пшеница,0.174253841117733,0.15659815313868422,577,9,-0.01765568797904879
52098,AOI-0073,2020-09-15,озимая пшеница,0.0985895321081458,0.18254986873114754,577,9,0.08396033662300173
52120,AOI-0073,2020-10-07,озимая пшеница,0.1892298812198534,0.1609338206808722,577,10,-0.028296060538981205
52172,AOI-0073,2021-04-29,озимая пшеница,0.2324799128393517,0.23868020355274147,577,4,0.006200290713389761
52203,AOI-0073,2021-05-30,озимая пшеница,0.2109141819194235,0.2758283629237256,577,5,0.0649141810043021
52220,AOI-0073,2021-06-16,озимая пшеница,0.6165550500663917,0.5089031009439338,577,6,-0.1076519491224579
52253,AOI-0073,2021-07-19,озимая пшеница,0.681261718948433,0.7486281256724501,577,7,0.06736640672401706
52261,AOI-0073,2021-07-27,озимая пшеница,0.7306684225825396,0.6847819209388959,577,7,-0.04588650164364372
52286,AOI-0073,2021-08-21,озимая пшеница,0.2185286690362335,0.4905068348952213,577,8,0.2719781658589878
52294,AOI-0073,2021-08-29,озимая пшеница,0.4609109388136385,0.4519714259348404,577,8,-0.008939512878798073
52356,AOI-0073,2021-10-30,озимая пшеница,0.2024071170672719,0.20897010262464077,577,10,0.006562985557368867
52387,AOI-0073,2022-05-01,озимая пшеница,0.2822373915846619,0.23127303192655208,577,5,-0.050964359658109804
52396,AOI-0073,2022-05-10,озимая пшеница,0.1505093396067547,0.18524214190348426,577,5,0.034732802296729565
52446,AOI-0073,2022-06-29,озимая пшеница,0.7430122294642669,0.7017072853521362,577,6,-0.041304944112130704
52456,AOI-0073,2022-07-09,озимая пшеница,0.7609470810921016,0.7543763387609204,577,7,-0.006570742331181267
52464,AOI-0073,2022-07-17,озимая пшеница,0.7822952735812528,0.7784999831257348,577,7,-0.0037952904555180744
52484,AOI-0073,2022-08-06,озимая пшеница,0.7843453330957856,0.7563955429040201,577,8,-0.027949790191765467
52544,AOI-0073,2022-10-05,озимая пшеница,0.218309738893372,0.30755416425504534,577,10,0.08924442536167335
52592,AOI-0073,2023-04-23,озимая пшеница,0.3629486314806165,0.4037744841784459,577,4,0.0408258526978294
52595,AOI-0073,2023-04-26,озимая пшеница,0.2793191831529473,0.2886186568250605,577,4,0.009299473672113201
52662,AOI-0073,2023-07-02,озимая пшеница,0.2132660851705516,0.24570749186067936,577,7,0.032441406690127766
52674,AOI-0073,2023-07-14,озимая пшеница,0.3093483264778824,0.2794271964578716,577,7,-0.02992113002001079
52679,AOI-0073,2023-07-19,озимая пшеница,0.3460158887348206,0.3061311792840257,577,7,-0.039884709450794864
52704,AOI-0073,2023-08-13,озимая пшеница,0.2568114373153508,0.3280825326503804,577,8,0.07127109533502962
52720,AOI-0073,2023-08-29,озимая пшеница,0.3423623820644557,0.32964855378504765,577,8,-0.012713828279408035
52786,AOI-0073,2024-04-04,озимая пшеница,0.3586328204483485,0.3487839730656965,577,4,-0.009848847382652015
52889,AOI-0073,2024-07-16,озимая пшеница,0.2527323583521607,0.27975254756023427,577,7,0.027020189208073586
52921,AOI-0073,2024-08-17,озимая пшеница,0.1909016403750148,0.17642404277008522,577,8,-0.014477597604929587
52949,AOI-0073,2024-09-14,озимая пшеница,0.1797585927284869,0.19797382554499282,577,9,0.018215232816505916
52954,AOI-0073,2024-09-19,озимая пшеница,0.1885649236289305,0.21259549931969218,577,9,0.024030575690761696
52971,AOI-0073,2024-10-06,озимая пшеница,0.1602605713348795,0.16723452605881356,577,10,0.006973954723934056
52976,AOI-0073,2024-10-11,озимая пшеница,0.1817790329288602,0.15321636614249465,577,10,-0.028562666786365543
52989,AOI-0073,2024-10-24,озимая пшеница,0.1980456026324408,0.1659707353974024,577,10,-0.03207486723503841
52997,AOI-0073,2025-04-02,озимая пшеница,0.1738971670147667,0.1561849047639245,577,4,-0.017712262250842215
52999,AOI-0073,2025-04-04,озимая пшеница,0.180062746199539,0.14808558163164995,577,4,-0.031977164567889044
53012,AOI-0073,2025-04-17,озимая пшеница,0.1782438484233404,0.19777598667284602,577,4,0.019532138249505615
53037,AOI-0073,2025-05-12,озимая пшеница,0.2214001861662483,0.20584765052676118,577,5,-0.015552535639487108
53067,AOI-0073,2025-06-11,озимая пшеница,0.5222113001923226,0.41873080946974267,577,6,-0.10348049072257998
53104,AOI-0073,2025-07-18,озимая пшеница,0.6810269845149243,0.6694485898294753,577,7,-0.011578394685448967
53119,AOI-0073,2025-08-02,озимая пшеница,0.7475749186408496,0.7055413364826867,577,8,-0.042033582158162885
53279,AOI-0074,2010-06-10,озимая пшеница,0.7468496444731739,0.6669077905848678,577,6,-0.0799418538883061
53294,AOI-0074,2010-06-25,озимая пшеница,0.3941160378625948,0.4755633054397236,577,6,0.08144726757712878
53492,AOI-0074,2011-06-10,озимая пшеница,0.6343723658694248,0.6741335011632663,577,6,0.03976113529384151
53494,AOI-0074,2011-06-12,озимая пшеница,0.4841946954873131,0.4841023875840843,577,6,-9.230790322878324e-05
53542,AOI-0074,2011-07-30,озимая пшеница,0.7636313464695578,0.7163839156094133,577,7,-0.04724743086014449
53725,AOI-0074,2012-06-30,озимая пшеница,0.2804743629883279,0.42876677970014526,577,6,0.14829241671181737
53752,AOI-0074,2012-07-27,озимая пшеница,0.3539223981900453,0.42532278007618896,577,7,0.07140038188614367
53821,AOI-0074,2012-10-04,озимая пшеница,0.195340251429705,0.2004520965039891,577,10,0.00511184507428411
54014,AOI-0074,2013-09-14,озимая пшеница,0.4222428248222366,0.3981456762701519,577,9,-0.02409714855208467
54030,AOI-0074,2013-09-30,озимая пшеница,0.3885952811893989,0.3958225179907897,577,9,0.007227236801390813
54083,AOI-0074,2014-04-23,озимая пшеница,0.3670492889463478,0.36438823010207755,577,4,-0.0026610588442702587
54115,AOI-0074,2014-05-25,озимая пшеница,0.6918148351648351,0.6870887692756881,577,5,-0.004726065889147035
54141,AOI-0074,2014-06-20,озимая пшеница,0.714691731732098,0.7867053139491236,577,6,0.07201358221702558
54392,AOI-0074,2015-07-28,озимая пшеница,0.6412557207498386,0.6387251913517855,577,7,-0.002530529398053094
54445,AOI-0074,2015-09-19,озимая пшеница,0.2366665164132609,0.23517844176043706,577,9,-0.0014880746528238287
54453,AOI-0074,2015-09-27,озимая пшеница,0.2067834209168982,0.21328903263647403,577,9,0.006505611719575838
54492,AOI-0074,2016-04-06,озимая пшеница,0.3041303211216012,0.5427732255067962,577,4,0.23864290438519498
54572,AOI-0074,2016-06-25,озимая пшеница,0.6738207041038756,0.5995724378718943,577,6,-0.07424826623198133
54724,AOI-0074,2017-04-25,озимая пшеница,0.2282683855772742,0.21286428843671418,577,4,-0.015404097140560014
54834,AOI-0074,2017-08-13,озимая пшеница,0.5779545572074983,0.5276585366043487,577,8,-0.05029602060314964
54835,AOI-0074,2017-08-14,озимая пшеница,0.5818952009039,0.5755005090912606,577,8,-0.006394691812639408
54951,AOI-0074,2018-05-09,озимая пшеница,0.5413149967679382,0.4203084421381136,577,5,-0.12100655462982457
54967,AOI-0074,2018-05-25,озимая пшеница,0.4866214932126698,0.4236165278069426,577,5,-0.0630049654057272
54991,AOI-0074,2018-06-18,озимая пшеница,0.2724021554971013,0.3133732388677044,577,6,0.04097108337060312
55006,AOI-0074,2018-07-03,озимая пшеница,0.4894083975490896,0.47130680333676556,577,7,-0.018101594212324046
55164,AOI-0074,2019-05-09,озимая пшеница,0.4681934389140272,0.43670922223657427,577,5,-0.031484216677452936
55172,AOI-0074,2019-05-17,озимая пшеница,0.3545308622839959,0.28826156083858556,577,5,-0.06626930144541032
55174,AOI-0074,2019-05-19,озимая пшеница,0.2587472443817029,0.28352549017743134,577,5,0.02477824579572846
55191,AOI-0074,2019-06-05,озимая пшеница,0.5325987432549418,0.5345367181955285,577,6,0.001937974940586673
55220,AOI-0074,2019-07-04,озимая пшеница,0.7397516747649454,0.683316504786066,577,7,-0.05643516997887943
55221,AOI-0074,2019-07-05,озимая пшеница,0.4963119951123324,0.6968589285039466,577,7,0.20054693339161417
55268,AOI-0074,2019-08-21,озимая пшеница,0.3945385822547775,0.3991256972808181,577,8,0.004587115026040589
55351,AOI-0074,2020-04-13,озимая пшеница,0.2103002920666785,0.217277302235372,577,4,0.006977010168693509
55356,AOI-0074,2020-04-18,озимая пшеница,0.1784881487170923,0.2233944543272506,577,4,0.04490630561015832
55368,AOI-0074,2020-04-30,озимая пшеница,0.3489935954122113,0.3979786754552511,577,4,0.04898508004303981
55376,AOI-0074,2020-05-08,озимая пшеница,0.6354445054945056,0.6672721674904604,577,5,0.03182766199595477
55380,AOI-0074,2020-05-12,озимая пшеница,0.6100593816148314,0.5616672438185264,577,5,-0.048392137796305024
55393,AOI-0074,2020-05-25,озимая пшеница,0.5184322368753755,0.7023514653404596,577,5,0.18391922846508402
55396,AOI-0074,2020-05-28,озимая пшеница,0.645908710359208,0.7394137216113266,577,5,0.09350501125211852
55461,AOI-0074,2020-08-01,озимая пшеница,0.1240273230845373,0.18120918051362614,577,8,0.057181857429088837
55506,AOI-0074,2020-09-15,озимая пшеница,0.1126926353168956,0.19305603033408505,577,9,0.08036339501718945
55558,AOI-0074,2021-04-07,озимая пшеница,0.1856225921137686,0.22552449750750034,577,4,0.03990190539373173
55569,AOI-0074,2021-04-18,озимая пшеница,0.0425684765248156,0.13297183567058718,577,4,0.09040335914577158
55579,AOI-0074,2021-04-28,озимая пшеница,0.1829435026869475,0.13949551075871114,577,4,-0.04344799192823637
55634,AOI-0074,2021-06-22,озимая пшеница,0.5797628412140836,0.5720398256575817,577,6,-0.0077230155565019
55638,AOI-0074,2021-06-26,озимая пшеница,0.8018837427278607,0.6531656055563694,577,6,-0.1487181371714913
55686,AOI-0074,2021-08-13,озимая пшеница,0.5282615384615384,0.5043543290645829,577,8,-0.023907209396955564
55699,AOI-0074,2021-08-26,озимая пшеница,0.3817047529297859,0.37080979287511573,577,8,-0.010894960054670166
55731,AOI-0074,2021-09-27,озимая пшеница,0.2028565601411476,0.21376041665625722,577,9,0.010903856515109611
55803,AOI-0074,2022-05-09,озимая пшеница,0.4685751131221719,0.36166507654181973,577,5,-0.1069100365803522
55844,AOI-0074,2022-06-19,озимая пшеница,0.5504320798663962,0.5437284391652104,577,6,-0.006703640701185787
55859,AOI-0074,2022-07-04,озимая пшеница,0.7607724090080469,0.7605442368896796,577,7,-0.0002281721183672314
55883,AOI-0074,2022-07-28,озимая пшеница,0.7854243901924783,0.7137603124561512,577,7,-0.0716640777363271
55887,AOI-0074,2022-08-01,озимая пшеница,0.7435195435514758,0.7467525657140992,577,8,0.0032330221626234446
55892,AOI-0074,2022-08-06,озимая пшеница,0.7774528601572576,0.7619483788682613,577,8,-0.015504481288996286
55937,AOI-0074,2022-09-20,озимая пшеница,0.3419856695534625,0.3444737181044851,577,9,0.002488048551022637
56025,AOI-0074,2023-05-18,озимая пшеница,0.2845468286798486,0.307044206128217,577,5,0.022497377448368383
56048,AOI-0074,2023-06-10,озимая пшеница,0.6652781189398838,0.5953194912761761,577,6,-0.06995862766370764
56072,AOI-0074,2023-07-04,озимая пшеница,0.1783188056227775,0.2596083311275087,577,7,0.0812895255047312
56075,AOI-0074,2023-07-07,озимая пшеница,0.216309840625525,0.28372321659116606,577,7,0.06741337596564106
56083,AOI-0074,2023-07-15,озимая пшеница,0.414450952434696,0.30875728288360316,577,7,-0.10569366955109283
56087,AOI-0074,2023-07-19,озимая пшеница,0.3182834017842971,0.24134967446798483,577,7,-0.07693372731631226
56152,AOI-0074,2023-09-22,озимая пшеница,0.1805625955894756,0.17819394588296864,577,9,-0.0023686497065069645
56199,AOI-0074,2024-04-09,озимая пшеница,0.3554908216891558,0.37646914612062654,577,4,0.02097832443147074
56224,AOI-0074,2024-05-04,озимая пшеница,0.667460340410925,0.6103090785368597,577,5,-0.05715126187406527
56250,AOI-0074,2024-05-30,озимая пшеница,0.602498380227653,0.5821054359730065,577,5,-0.02039294425464655
56262,AOI-0074,2024-06-11,озимая пшеница,0.4439346979843271,0.42827994426075056,577,6,-0.015654753723576553
56294,AOI-0074,2024-07-13,озимая пшеница,0.308420078851595,0.25737013834060496,577,7,-0.051049940510990044
56302,AOI-0074,2024-07-21,озимая пшеница,0.2594316729184492,0.24748521563094206,577,7,-0.01194645728750715
56356,AOI-0074,2024-09-13,озимая пшеница,0.279763897866839,0.2567050000342593,577,9,-0.023058897832579694
56369,AOI-0074,2024-09-26,озимая пшеница,0.1489814209887079,0.16511559044524954,577,9,0.01613416945654164
56377,AOI-0074,2024-10-04,озимая пшеница,0.1366811475561276,0.18844788358043313,577,10,0.05176673602430554
56405,AOI-0074,2025-04-02,озимая пшеница,0.163602849856769,0.13625341597889445,577,4,-0.027349433877874557
56425,AOI-0074,2025-04-22,озимая пшеница,0.1797734009266821,0.19569432669985812,577,4,0.015920925773176026
56442,AOI-0074,2025-05-09,озимая пшеница,0.441728312863607,0.372670713683676,577,5,-0.06905759917993098
56485,AOI-0074,2025-06-21,озимая пшеница,0.6082727837051449,0.6661227113027379,577,6,0.057849927597593
56586,AOI-0074,2025-09-30,озимая пшеница,0.2948818363730855,0.2918938518476772,577,9,-0.002987984525408327
56590,AOI-0074,2025-10-04,озимая пшеница,0.2118457407611456,0.23170278286182078,577,10,0.019857042100675182
56602,AOI-0074,2025-10-16,озимая пшеница,0.2861249191984485,0.25894943276893934,577,10,-0.027175486429509177
56618,AOI-0075,2025-04-02,озимая пшеница,0.209905529048139,0.22117348306137538,577,4,0.011267954013236381
56620,AOI-0075,2025-04-04,озимая пшеница,0.224815823365558,0.2357955857177528,577,4,0.010979762352194805
56633,AOI-0075,2025-04-17,озимая пшеница,0.2674882967889846,0.30492175407047645,577,4,0.03743345728149183
56657,AOI-0075,2025-05-11,озимая пшеница,0.2992283031872998,0.30504594421400943,577,5,0.005817641026709619
56713,AOI-0075,2025-07-06,озимая пшеница,0.7152611589692693,0.6985181072284394,577,7,-0.016743051740829906
56735,AOI-0075,2025-07-28,озимая пшеница,0.619295633132724,0.5389734612175247,577,7,-0.0803221719151993
56758,AOI-0075,2025-08-20,озимая пшеница,0.5036532822930491,0.4721562615183593,577,8,-0.031497020774689743
56760,AOI-0075,2025-08-22,озимая пшеница,0.4894843350743605,0.429143579171667,577,8,-0.0603407559026935
56845,AOI-0076,2025-05-04,озимая пшеница,0.2348351016912461,0.23902486770595233,577,5,0.00418976601470622
56863,AOI-0076,2025-06-30,озимая пшеница,0.8385504855810643,0.7995126927061381,577,6,-0.03903779287492615
56869,AOI-0076,2025-07-12,озимая пшеница,0.7978377998345118,0.7195912911279265,577,7,-0.07824650870658523
56872,AOI-0076,2025-07-18,озимая пшеница,0.6884655240712952,0.6564426071445287,577,7,-0.03202291692676651
56878,AOI-0076,2025-08-05,озимая пшеница,0.665855393126114,0.6472313319293245,577,8,-0.0186240611967895
56884,AOI-0076,2025-08-19,озимая пшеница,0.4056756264019714,0.40279258955699293,577,8,-0.0028830368449784816
56893,AOI-0076,2025-09-16,озимая пшеница,0.2832684421410297,0.23917535982307547,577,9,-0.044093082317954224
56903,AOI-0077,2025-04-02,озимая пшеница,0.3121880984209799,0.26446692562372476,577,4,-0.04772117279725513
56921,AOI-0077,2025-05-24,озимая пшеница,0.788759185826396,0.7630641343391513,577,5,-0.025695051487244713
56922,AOI-0077,2025-05-25,озимая пшеница,0.7951122578172298,0.73650760857753,577,5,-0.05860464923969988
56937,AOI-0077,2025-07-10,озимая пшеница,0.2230066255626202,0.245822636609097,577,7,0.02281601104647682
56942,AOI-0077,2025-07-18,озимая пшеница,0.1835101588384741,0.20975135704186776,577,7,0.026241198203393656
56948,AOI-0077,2025-08-05,озимая пшеница,0.2015378936856474,0.22895553559118786,577,8,0.02741764190554047
56962,AOI-0077,2025-09-21,озимая пшеница,0.2022573645447162,0.17552116770363527,577,9,-0.026736196841080945
56973,AOI-0078,2025-04-02,озимая пшеница,0.4845179888376659,0.47814061660717133,577,4,-0.00637737223049456
56983,AOI-0078,2025-04-12,озимая пшеница,0.7065197540781364,0.5389451604659556,577,4,-0.16757459361218074
56993,AOI-0078,2025-04-22,озимая пшеница,0.8030008047321625,0.7657382309046127,577,4,-0.03726257382754983
57032,AOI-0078,2025-05-31,озимая пшеница,0.5327563600886557,0.7698676727245477,577,5,0.23711131263589202
57093,AOI-0078,2025-07-31,озимая пшеница,0.2069522841972909,0.2291861718207384,577,7,0.022233887623447496
57110,AOI-0078,2025-08-17,озимая пшеница,0.1414089388219162,0.16899564792668434,577,8,0.027586709104768126
57146,AOI-0078,2025-09-22,озимая пшеница,0.2685230237287977,0.2433135197988062,577,9,-0.025209503929991522
38,AOI-0001,2010-05-09,озимая пшеница,0.756947746570869,0.8119430267658944,911,5,0.05499528019502531
86,AOI-0001,2010-06-26,озимая пшеница,0.3448496734160681,0.3342211899279585,911,6,-0.010628483488109575
127,AOI-0001,2010-08-06,озимая пшеница,0.2564828267657814,0.2491036353183218,911,8,-0.0073791914474595766
206,AOI-0001,2010-10-24,озимая пшеница,0.1527701454076881,0.18474951092351327,911,10,0.03197936551582517
270,AOI-0001,2011-05-28,озимая пшеница,0.3470171376340523,0.4697139710340076,911,5,0.1226968333999553
287,AOI-0001,2011-06-14,озимая пшеница,0.6464711895625018,0.6934077188582943,911,6,0.046936529295792506
310,AOI-0001,2011-07-07,озимая пшеница,0.8329365360162124,0.7899850250166278,911,7,-0.04295151099958461
342,AOI-0001,2011-08-08,озимая пшеница,0.536999632876944,0.500227049000401,911,8,-0.03677258387654292
454,AOI-0001,2012-04-29,озимая пшеница,0.8137304195408607,0.733783330046866,911,4,-0.07994708949399465
605,AOI-0001,2012-09-27,озимая пшеница,0.1582254102869223,0.2100663782680179,911,9,0.05184096798109561
645,AOI-0001,2013-04-07,озимая пшеница,0.7865743305029396,0.6613272552076974,911,4,-0.12524707529524215
677,AOI-0001,2013-05-09,озимая пшеница,0.8305008497391546,0.8179056264845999,911,5,-0.012595223254554755
885,AOI-0001,2014-05-04,озимая пшеница,0.2717092084490022,0.3030449842465393,911,5,0.0313357757975371
949,AOI-0001,2014-07-07,озимая пшеница,0.879382162633396,0.760238180513452,911,7,-0.11914398211994393
1021,AOI-0001,2014-09-17,озимая пшеница,0.1896712240565146,0.19836216270186346,911,9,0.008690938645348867
1133,AOI-0001,2015-06-08,озимая пшеница,0.7947071923272728,0.7314186588807174,911,6,-0.06328853344655538
1134,AOI-0001,2015-06-09,озимая пшеница,0.7377647037818047,0.7174077487400775,911,6,-0.020356955041727187
1157,AOI-0001,2015-07-02,озимая пшеница,0.3996157819429381,0.39765136765894304,911,7,-0.001964414283995075
1331,AOI-0001,2016-05-24,озимая пшеница,0.6950718158066623,0.6439448685394691,911,5,-0.051126947267193246
1364,AOI-0001,2016-06-26,озимая пшеница,0.2992731350146707,0.2948614188777449,911,6,-0.0044117161369257585
1379,AOI-0001,2016-07-11,озимая пшеница,0.3567804049640759,0.3789708272163116,911,7,0.022190422252235664
1427,AOI-0001,2016-08-28,озимая пшеница,0.3582285107772698,0.3386018384733556,911,8,-0.019626672303914183
1501,AOI-0001,2017-04-11,озимая пшеница,0.4397266823209729,0.5132998485853235,911,4,0.07357316626435062
1561,AOI-0001,2017-06-10,озимая пшеница,0.7089388961463098,0.732373011774831,911,6,0.023434115628521268
1572,AOI-0001,2017-06-21,озимая пшеница,0.7163758163907239,0.6892311202204917,911,6,-0.027144696170232185
1626,AOI-0001,2017-08-14,озимая пшеница,0.2728494956632588,0.28175920818827827,911,8,0.008909712525019486
1673,AOI-0001,2017-09-30,озимая пшеница,0.2742384062704115,0.2699061617663514,911,9,-0.004332244504060112
1780,AOI-0001,2018-06-16,озимая пшеница,0.4445005308381434,0.40935046083925,911,6,-0.03515006999889342
1829,AOI-0001,2018-08-04,озимая пшеница,0.32366413491681,0.35931193867752714,911,8,0.035647803760717134
1845,AOI-0001,2018-08-20,озимая пшеница,0.4232734895617462,0.3405435312494718,911,8,-0.08272995831227442
1852,AOI-0001,2018-08-27,озимая пшеница,0.1865369959456821,0.3242339613059828,911,8,0.1376969653603007
1900,AOI-0001,2018-10-14,озимая пшеница,0.1701282066824904,0.18922444248353187,911,10,0.019096235801041472
1962,AOI-0001,2019-05-16,озимая пшеница,0.6218768288816312,0.5662586308039864,911,5,-0.05561819807764479
1967,AOI-0001,2019-05-21,озимая пшеница,0.6601628061487727,0.5953614704373777,911,5,-0.0648013357113949
1971,AOI-0001,2019-05-25,озимая пшеница,0.7363274003919009,0.6829589537735068,911,5,-0.05336844661839413
1987,AOI-0001,2019-06-10,озимая пшеница,0.7131669072882235,0.6517353588296949,911,6,-0.061431548458528606
2062,AOI-0001,2019-08-24,озимая пшеница,0.1132404448203133,0.22855447898605433,911,8,0.11531403416574103
2115,AOI-0001,2019-10-16,озимая пшеница,0.2904351404310909,0.33130590702035334,911,10,0.04087076658926242
2148,AOI-0001,2020-04-19,озимая пшеница,0.5253266389625683,0.5641927836446815,911,4,0.038866144682113246
2215,AOI-0001,2020-06-25,озимая пшеница,0.3760591116917049,0.40567297448060696,911,6,0.029613862788902046
2267,AOI-0001,2020-08-16,озимая пшеница,0.2691101958142895,0.28630120960937805,911,8,0.017191013795088528
2279,AOI-0001,2020-08-28,озимая пшеница,0.3537251469627695,0.3406269849176449,911,8,-0.013098162045124595
2295,AOI-0001,2020-09-13,озимая пшеница,0.2802503592423253,0.2950417638648241,911,9,0.014791404622498838
2307,AOI-0001,2020-09-25,озимая пшеница,0.2593748569655686,0.23693478683755476,911,9,-0.022440070128013856
2445,AOI-0001,2021-07-12,озимая пшеница,0.6788144676681909,0.6303820819926732,911,7,-0.048432385675517664
2451,AOI-0001,2021-07-18,озимая пшеница,0.6488922749586912,0.6923921780226769,911,7,0.04349990306398577
2462,AOI-0001,2021-07-29,озимая пшеница,0.6217606554258613,0.6602226638402644,911,7,0.03846200841440306
2492,AOI-0001,2021-08-28,озимая пшеница,0.4909402751187119,0.35556622522477443,911,8,-0.13537404989393748
2531,AOI-0001,2021-10-06,озимая пшеница,0.2190136939136862,0.23900814477185744,911,10,0.019994450858171253
2537,AOI-0001,2021-10-12,озимая пшеница,0.0265446605134422,0.16161983756163223,911,10,0.13507517704819003
2600,AOI-0001,2022-05-15,озимая пшеница,0.6958754426065755,0.7079025384404383,911,5,0.012027095833862744
2625,AOI-0001,2022-06-09,озимая пшеница,0.7629511671713092,0.7567887397603779,911,6,-0.006162427410931315
2642,AOI-0001,2022-06-26,озимая пшеница,0.5208566949706077,0.48574596431756867,911,6,-0.035110730653039046
2655,AOI-0001,2022-07-09,озимая пшеница,0.3349322697568063,0.3804730346163208,911,7,0.045540764859514526
2699,AOI-0001,2022-08-22,озимая пшеница,0.2735196770726318,0.25345391580021415,911,8,-0.02006576127241766
2722,AOI-0001,2022-09-14,озимая пшеница,0.2413693337687786,0.2878639483045908,911,9,0.04649461453581219
2804,AOI-0001,2023-05-06,озимая пшеница,0.6769799366124308,0.669291609087873,911,5,-0.007688327524557836
2844,AOI-0001,2023-06-15,озимая пшеница,0.8941311160062788,0.8534973775328679,911,6,-0.040633738473410896
2848,AOI-0001,2023-06-19,озимая пшеница,0.8758809002243553,0.7782436948910372,911,6,-0.0976372053333181
2883,AOI-0001,2023-07-24,озимая пшеница,0.173264997682864,0.2220881503913325,911,7,0.048823152708468515
2945,AOI-0001,2023-09-24,озимая пшеница,0.194354465251819,0.2071345267416985,911,9,0.012780061489879507
2955,AOI-0001,2023-10-04,озимая пшеница,0.2316182929900382,0.21251495174841384,911,10,-0.019103341241624355
3099,AOI-0001,2024-07-27,озимая пшеница,0.2673398105813195,0.2992776755847434,911,7,0.03193786500342388
3115,AOI-0001,2024-08-12,озимая пшеница,0.1567391352581243,0.2426295693732073,911,8,0.08589043411508299
3140,AOI-0001,2024-09-06,озимая пшеница,0.1651256514002845,0.14935035533263613,911,9,-0.01577529606764838
3162,AOI-0001,2024-09-28,озимая пшеница,0.198125203979439,0.157170351967831,911,9,-0.040954852011608006
3179,AOI-0001,2024-10-15,озимая пшеница,0.2023360050890585,0.2443067895996805,911,10,0.041970784510622
3195,AOI-0001,2025-04-01,озимая пшеница,0.2298310680501595,0.22891067513565688,911,4,-0.0009203929145026046
3243,AOI-0001,2025-05-19,озимая пшеница,0.2792619200475962,0.4266943889923545,911,5,0.1474324689447583
3249,AOI-0001,2025-05-25,озимая пшеница,0.5701401698236448,0.5798884376028289,911,5,0.009748267779184139
3329,AOI-0001,2025-08-13,озимая пшеница,0.2812131286740693,0.3377945501242122,911,8,0.056581421450142944
3358,AOI-0001,2025-09-11,озимая пшеница,0.1407202295989276,0.18313664592035467,911,9,0.042416416321427064
3368,AOI-0001,2025-09-21,озимая пшеница,0.1910475510863999,0.17740941218627385,911,9,-0.013638138900126051
3423,AOI-0002,2025-04-16,озимая пшеница,0.7919750302067261,0.7916073768962233,911,4,-0.00036765331050281347
3461,AOI-0002,2025-05-24,озимая пшеница,0.820201310034402,0.6995281754658703,911,5,-0.12067313456853168
3462,AOI-0002,2025-05-25,озимая пшеница,0.746759522673031,0.7022563598885235,911,5,-0.0445031627845075
3478,AOI-0002,2025-06-10,озимая пшеница,0.3590617044563346,0.5046022212340348,911,6,0.14554051677770014
3541,AOI-0002,2025-08-12,озимая пшеница,0.1869452671401147,0.16312921932469132,911,8,-0.023816047815423375
3590,AOI-0002,2025-09-30,озимая пшеница,0.3679729832935561,0.3190883535660679,911,9,-0.048884629727488194
3674,AOI-0003,2025-05-24,озимая пшеница,0.8599341680487209,0.7949804207622571,911,5,-0.06495374728646386
3688,AOI-0003,2025-06-07,озимая пшеница,0.7032718694940119,0.7048627295080929,911,6,0.0015908600140810414
3717,AOI-0003,2025-07-06,озимая пшеница,0.2850005346316959,0.2196213648704515,911,7,-0.06537916976124439
3732,AOI-0003,2025-07-21,озимая пшеница,0.2346298831124106,0.2044875993638281,911,7,-0.030142283748582493
3734,AOI-0003,2025-07-23,озимая пшеница,0.1530466223337981,0.17459076732612666,911,7,0.021544144992328568
3741,AOI-0003,2025-07-30,озимая пшеница,0.1779096852703366,0.16604814330990547,911,7,-0.011861541960431127
3755,AOI-0003,2025-08-13,озимая пшеница,0.2719241603053435,0.2763456016482313,911,8,0.0044214413428878
3773,AOI-0003,2025-08-31,озимая пшеница,0.2309820499099865,0.21584453888993071,911,8,-0.015137511020055783
3781,AOI-0003,2025-09-08,озимая пшеница,0.1199183472449007,0.21088146277104708,911,9,0.09096311552614637
3864,AOI-0004,2025-05-01,озимая пшеница,0.6603826676158937,0.5421887064575877,911,5,-0.11819396115830605
3882,AOI-0004,2025-05-19,озимая пшеница,0.6102409311499802,0.6409931560962647,911,5,0.03075222494628449
3907,AOI-0004,2025-06-13,озимая пшеница,0.6420412478155264,0.5985832129397275,911,6,-0.04345803487579891
3932,AOI-0004,2025-07-08,озимая пшеница,0.5642735369589681,0.5629349957203459,911,7,-0.001338541238622204
3937,AOI-0004,2025-07-13,озимая пшеница,0.4757416296865577,0.5123077233610377,911,7,0.036566093674479994
3969,AOI-0004,2025-08-14,озимая пшеница,0.4101535063329603,0.3955783441260737,911,8,-0.01457516220688665
4063,AOI-0005,2025-04-17,озимая пшеница,0.5623279020799687,0.5979348751153821,911,4,0.03560697303541338
4147,AOI-0005,2025-07-10,озимая пшеница,0.4583090716612384,0.4380519617592858,911,7,-0.02025710990195262
4167,AOI-0005,2025-07-30,озимая пшеница,0.3469639500731233,0.3554504444273876,911,7,0.008486494354264296
4181,AOI-0005,2025-08-13,озимая пшеница,0.3452906848659002,0.44426950720611397,911,8,0.09897882234021377
4214,AOI-0005,2025-09-15,озимая пшеница,0.3063766392644343,0.24502482126716352,911,9,-0.0613518179972708
4220,AOI-0005,2025-09-21,озимая пшеница,0.2562876672374183,0.24337655657823118,911,9,-0.012911110659187125
4280,AOI-0006,2025-06-26,озимая пшеница,0.793530972818312,0.7336281199943562,911,6,-0.0599028528239558
4289,AOI-0006,2025-07-18,озимая пшеница,0.4258076214261095,0.5066962646030491,911,7,0.08088864317693956
4291,AOI-0006,2025-07-23,озимая пшеница,0.4574197513814804,0.4599864217147919,911,7,0.002566670333311538
4304,AOI-0006,2025-08-27,озимая пшеница,0.2563525825073486,0.24983117329432147,911,8,-0.0065214092130271295
4317,AOI-0006,2025-10-16,озимая пшеница,0.1999124008124966,0.3019372881487341,911,10,0.10202488733623752
4318,AOI-0006,2025-10-17,озимая пшеница,0.2524198666666101,0.25504253470515165,911,10,0.0026226680385415535
4336,AOI-0007,2025-04-17,озимая пшеница,0.2860895039467663,0.3495978038468767,911,4,0.06350829990011042
4374,AOI-0007,2025-05-25,озимая пшеница,0.7995889883616835,0.7824460012917317,911,5,-0.017142987069951765
4418,AOI-0007,2025-07-08,озимая пшеница,0.221547921040734,0.20833864907945007,911,7,-0.013209271961283936
4423,AOI-0007,2025-07-13,озимая пшеница,0.1563008087351521,0.15172419350014868,911,7,-0.004576615235003412
4432,AOI-0007,2025-07-22,озимая пшеница,0.2176086314444393,0.17484394607886758,911,7,-0.04276468536557171
4443,AOI-0007,2025-08-02,озимая пшеница,0.0334282124406903,0.14293161681838648,911,8,0.10950340437769618
4472,AOI-0007,2025-08-31,озимая пшеница,0.1888777434496562,0.16126339751996813,911,8,-0.02761434592968806
4473,AOI-0007,2025-09-01,озимая пшеница,0.1347975738548305,0.1314925530081716,911,9,-0.0033050208466589015
4510,AOI-0007,2025-10-08,озимая пшеница,0.2595106345911955,0.1820535884962641,911,10,-0.0774570460949314
4535,AOI-0008,2025-04-14,озимая пшеница,0.8719795051525803,0.6517155426746957,911,4,-0.2202639624778846
4539,AOI-0008,2025-04-19,озимая пшеница,0.8767397477589483,0.8015980175840007,911,4,-0.07514173017494752
4540,AOI-0008,2025-04-23,озимая пшеница,0.7566566115702479,0.9061960996296401,911,4,0.1495394880593922
4545,AOI-0008,2025-05-04,озимая пшеница,0.8420075741200501,0.8188754194240833,911,5,-0.023132154695966856
4573,AOI-0008,2025-07-22,озимая пшеница,0.2511871486545634,0.21061870460504975,911,7,-0.040568444049513624
4591,AOI-0008,2025-08-27,озимая пшеница,0.1522594214908493,0.14669241337176153,911,8,-0.00556700811908778
4601,AOI-0008,2025-09-21,озимая пшеница,0.1651502660094393,0.16565845802522158,911,9,0.0005081920157822828
4605,AOI-0008,2025-09-26,озимая пшеница,0.1691714180460438,0.1695606848244513,911,9,0.00038926677840750434
4679,AOI-0009,2025-06-07,озимая пшеница,0.4079002212015989,0.44218641179275353,911,6,0.03428619059115462
4682,AOI-0009,2025-06-10,озимая пшеница,0.3570465218515644,0.40084634759688836,911,6,0.043799825745323984
4714,AOI-0009,2025-07-12,озимая пшеница,0.2560023015638831,0.2629076859972474,911,7,0.006905384433364303
4732,AOI-0009,2025-07-30,озимая пшеница,0.1743465726465328,0.1509063837238263,911,7,-0.023440188922706495
4756,AOI-0009,2025-08-23,озимая пшеница,0.2339155659263024,0.20181600266683725,911,8,-0.03209956325946514
4794,AOI-0009,2025-09-30,озимая пшеница,0.2578142814989673,0.23602020551075728,911,9,-0.02179407598821001
4796,AOI-0009,2025-10-02,озимая пшеница,0.2278653771923129,0.22577224225584375,911,10,-0.0020931349364691487
4810,AOI-0009,2025-10-16,озимая пшеница,0.1781818019742247,0.21680503563500425,911,10,0.03862323366077955
4812,AOI-0009,2025-10-18,озимая пшеница,0.1717386828896308,0.1594919536857281,911,10,-0.012246729203902684
4829,AOI-0010,2010-05-18,озимая пшеница,0.7824657020004765,0.6497166861308192,911,5,-0.13274901586965726
4835,AOI-0010,2010-07-05,озимая пшеница,0.2172517335681531,0.24517567161368187,911,7,0.027923938045528757
4843,AOI-0010,2010-08-29,озимая пшеница,0.2986959183673469,0.29386577354598464,911,8,-0.004830144821362237
4854,AOI-0010,2011-05-09,озимая пшеница,0.725908163265306,0.7265265366335318,911,5,0.0006183733682257886
4856,AOI-0010,2011-05-25,озимая пшеница,0.7910928571428573,0.7387497472397244,911,5,-0.052343109903132845
4860,AOI-0010,2011-06-22,озимая пшеница,0.3084729432409574,0.4360573154288161,911,6,0.12758437218785867
4879,AOI-0010,2012-04-22,озимая пшеница,0.5021693877551021,0.4125690984694387,911,4,-0.08960028928566344
4890,AOI-0010,2012-08-28,озимая пшеница,0.3195163265306122,0.29926705178425966,911,8,-0.02024927474635252
4898,AOI-0010,2013-04-23,озимая пшеница,0.7354489795918367,0.809620689675799,911,4,0.07417171008396228
4904,AOI-0010,2013-06-11,озимая пшеница,0.4468115983620884,0.39460979587166645,911,6,-0.052201802490421945
4911,AOI-0010,2013-07-29,озимая пшеница,0.4125804864427081,0.23416260731980876,911,7,-0.17841787912289936
4934,AOI-0010,2014-07-16,озимая пшеница,0.2260458724733762,0.2149580045985075,911,7,-0.011087867874868707
4940,AOI-0010,2014-08-17,озимая пшеница,0.2298519756585908,0.1884861207160935,911,8,-0.04136585494249731
4945,AOI-0010,2014-09-18,озимая пшеница,0.2014798662806631,0.1959735883541579,911,9,-0.00550627792650521
4957,AOI-0010,2015-05-09,озимая пшеница,0.4115091836734694,0.3712099309877968,911,5,-0.04029925268567258
4973,AOI-0010,2015-08-29,озимая пшеница,0.235669387755102,0.2742063700277834,911,8,0.03853698227268143
4978,AOI-0010,2015-09-30,озимая пшеница,0.2668928571428571,0.2799670305007439,911,9,0.013074173357886798
4986,AOI-0010,2016-05-10,озимая пшеница,0.8356766795973165,0.8013079882560474,911,5,-0.034368691341269075
5000,AOI-0010,2016-08-30,озимая пшеница,0.2107827714799136,0.23162100188586499,911,8,0.020838230405951397
5006,AOI-0010,2016-10-15,озимая пшеница,0.3320989795918368,0.3438317060544826,911,10,0.011732726462645782
5014,AOI-0010,2017-04-26,озимая пшеница,0.6420612613960162,0.6181732303792724,911,4,-0.02388803101674375
5015,AOI-0010,2017-04-27,озимая пшеница,0.6007891864243098,0.6231379129661884,911,4,0.022348726541878583
5016,AOI-0010,2017-04-28,озимая пшеница,0.6152860934773003,0.632265894013958,911,4,0.016979800536657708
5027,AOI-0010,2017-06-30,озимая пшеница,0.2577972634493986,0.3229161052925391,911,6,0.06511884184314054
5041,AOI-0010,2017-08-17,озимая пшеница,0.1586618362946913,0.17602791519096778,911,8,0.017366078896276477
5042,AOI-0010,2017-08-21,озимая пшеница,0.1575273043532824,0.15363826463203376,911,8,-0.003889039721248655
5065,AOI-0010,2018-04-11,озимая пшеница,0.6612937660672681,0.5952598969399857,911,4,-0.06603386912728237
5080,AOI-0010,2018-06-15,озимая пшеница,0.3125390540570005,0.31961849816749976,911,6,0.007079444110499267
5093,AOI-0010,2018-09-13,озимая пшеница,0.1407871525049816,0.15185652735461957,911,9,0.011069374849637964
5099,AOI-0010,2018-10-07,озимая пшеница,0.1629274660937387,0.17044965238864024,911,10,0.007522186294901534
5105,AOI-0010,2019-04-07,озимая пшеница,0.602615306122449,0.6291556159733198,911,4,0.026540309850870858
5114,AOI-0010,2019-05-13,озимая пшеница,0.8156762521559358,0.7624778996439792,911,5,-0.05319835251195659
5122,AOI-0010,2019-06-02,озимая пшеница,0.7269190054233745,0.6894216729922095,911,6,-0.03749733243116504
5147,AOI-0010,2019-08-07,озимая пшеница,0.333286850508984,0.2894301104993524,911,8,-0.04385674000963158
5152,AOI-0010,2019-08-15,озимая пшеница,0.2508387473975123,0.22291106233153818,911,8,-0.027927685065974095
5163,AOI-0010,2019-09-10,озимая пшеница,0.1831984553196926,0.17947476328685028,911,9,-0.003723692032842313
5168,AOI-0010,2019-09-18,озимая пшеница,0.1733696967881408,0.15624083276878153,911,9,-0.017128864019359258
5175,AOI-0010,2019-10-16,озимая пшеница,0.3573367346938775,0.36819764372514896,911,10,0.01086090903127146
5183,AOI-0010,2020-04-12,озимая пшеница,0.7192328459886446,0.6589679808596152,911,4,-0.0602648651290294
5202,AOI-0010,2020-06-25,озимая пшеница,0.2818591836734694,0.3163132343973482,911,6,0.034454050723878804
5209,AOI-0010,2020-07-11,озимая пшеница,0.1565733010945382,0.21189213043049634,911,7,0.055318829335958136
5218,AOI-0010,2020-08-03,озимая пшеница,0.1051209392097598,0.15069483548571122,911,8,0.04557389627595142
5225,AOI-0010,2020-08-17,озимая пшеница,0.2199026270894238,0.2051278322957108,911,8,-0.014774794793712992
5230,AOI-0010,2020-08-28,озимая пшеница,0.270234693877551,0.23289180656084885,911,8,-0.037342887316702156
5231,AOI-0010,2020-08-30,озимая пшеница,0.1517978201979305,0.1506283952409391,911,8,-0.001169424956991405
5232,AOI-0010,2020-09-02,озимая пшеница,0.156505039869855,0.1681088849883249,911,9,0.011603845118469902
5259,AOI-0010,2021-04-22,озимая пшеница,0.3679933601199035,0.2982738745450476,911,4,-0.06971948557485591
5262,AOI-0010,2021-05-02,озимая пшеница,0.4292938743992804,0.3437679333840889,911,5,-0.08552594101519151
5283,AOI-0010,2021-07-12,озимая пшеница,0.3062091836734693,0.3012978106319949,911,7,-0.004911373041474376
5286,AOI-0010,2021-07-19,озимая пшеница,0.2284277564687625,0.23429511499317748,911,7,0.005867358524414973
5299,AOI-0010,2021-08-25,озимая пшеница,0.3325284679248927,0.304190299918325,911,8,-0.028338168006567688
5313,AOI-0010,2021-10-02,озимая пшеница,0.3337188475160397,0.31662217286738226,911,10,-0.01709667464865744
5315,AOI-0010,2021-10-12,озимая пшеница,0.1850149098697921,0.28810076223038594,911,10,0.10308585236059384
5325,AOI-0010,2022-04-25,озимая пшеница,0.7463849890607764,0.643322387815017,911,4,-0.10306260124575939
5327,AOI-0010,2022-05-07,озимая пшеница,0.7123708954641549,0.7236983005682163,911,5,0.011327405104061383
5331,AOI-0010,2022-05-20,озимая пшеница,0.8409888681303574,0.7975383687418902,911,5,-0.043450499388467234
5336,AOI-0010,2022-06-08,озимая пшеница,0.7182254460354559,0.7236860495760304,911,6,0.005460603540574538
5348,AOI-0010,2022-07-09,озимая пшеница,0.2291847516714253,0.25375641827991163,911,7,0.024571666608486337
5372,AOI-0010,2022-09-18,озимая пшеница,0.2367585581917794,0.20933973353716293,911,9,-0.02741882465461648
5380,AOI-0010,2022-10-18,озимая пшеница,0.3178673764847106,0.30353854722691265,911,10,-0.014328829257797937
5384,AOI-0010,2023-04-10,озимая пшеница,0.5415099656875738,0.5574845486441045,911,4,0.015974582956530647
5407,AOI-0010,2023-07-09,озимая пшеница,0.3378472392565306,0.319037477787541,911,7,-0.018809761468989605
5417,AOI-0010,2023-08-05,озимая пшеница,0.2637910982758849,0.22727911389464528,911,8,-0.03651198438123965
5431,AOI-0010,2023-09-14,озимая пшеница,0.2708578264855542,0.2995292064588307,911,9,0.028671379973276512
5439,AOI-0010,2023-10-02,озимая пшеница,0.2521945445060512,0.2525183825307617,911,10,0.0003238380247104766
5448,AOI-0010,2023-10-21,озимая пшеница,0.2212853752524255,0.30252153381866587,911,10,0.08123615856624036
5449,AOI-0010,2023-10-29,озимая пшеница,0.3580794808132807,0.33642785004581477,911,10,-0.021651630767465957
5464,AOI-0010,2024-06-08,озимая пшеница,0.3465746292418449,0.4111877817656861,911,6,0.0646131525238412
5475,AOI-0010,2024-07-03,озимая пшеница,0.1951677600094416,0.18681014668387652,911,7,-0.008357613325565089
5482,AOI-0010,2024-07-18,озимая пшеница,0.1754109519525002,0.1808441344890564,911,7,0.005433182536556197
5492,AOI-0010,2024-08-20,озимая пшеница,0.2521295223166718,0.2298140175436426,911,8,-0.022315504773029182
5495,AOI-0010,2024-08-28,озимая пшеница,0.2513439263096776,0.24629150674186567,911,8,-0.005052419567811939
5510,AOI-0010,2024-10-08,озимая пшеница,0.1936415514561534,0.1475801419728849,911,10,-0.04606140948326848
5515,AOI-0010,2025-04-07,озимая пшеница,0.3636897959183673,0.5234045267376608,911,4,0.1597147308192935
5530,AOI-0010,2025-05-16,озимая пшеница,0.7683899434629001,0.7405283765467057,911,5,-0.027861566916194458
5550,AOI-0010,2025-07-12,озимая пшеница,0.2398163265306122,0.24957521243626554,911,7,0.009758885905653353
5560,AOI-0010,2025-08-06,озимая пшеница,0.1716989177835469,0.17895593100838364,911,8,0.007257013224836739
5561,AOI-0010,2025-08-07,озимая пшеница,0.1774454621583887,0.15734940188558988,911,8,-0.02009606027279881
5569,AOI-0010,2025-08-22,озимая пшеница,0.1823869530035692,0.17106550370050938,911,8,-0.01132144930305981
5582,AOI-0010,2025-09-23,озимая пшеница,0.1983293766614815,0.2048674508861328,911,9,0.006538074224651302
5592,AOI-0010,2025-10-18,озимая пшеница,0.2475140541141912,0.239310827157092,911,10,-0.008203226957099186
5606,AOI-0011,2025-04-14,озимая пшеница,0.7775348468032379,0.5501656021156236,911,4,-0.22736924468761432
5611,AOI-0011,2025-04-19,озимая пшеница,0.8362737883814466,0.7357458112457861,911,4,-0.10052797713566053
5623,AOI-0011,2025-05-01,озимая пшеница,0.8399160856252283,0.816258651040632,911,5,-0.02365743458459635
5638,AOI-0011,2025-05-16,озимая пшеница,0.8152250843680131,0.8129077168058865,911,5,-0.0023173675621266376
5668,AOI-0011,2025-06-15,озимая пшеница,0.2708946204026335,0.26661120944812633,911,6,-0.004283410954507183
5679,AOI-0011,2025-06-26,озимая пшеница,0.330088716108453,0.3578744726420035,911,6,0.027785756533550532
5680,AOI-0011,2025-06-27,озимая пшеница,0.2431426241168449,0.26444874669456037,911,6,0.02130612257771547
5746,AOI-0011,2025-09-01,озимая пшеница,0.1498474708908951,0.1511290508228817,911,9,0.001281579931986604
5761,AOI-0011,2025-09-16,озимая пшеница,0.2102862238673306,0.19806330949909173,911,9,-0.012222914368238857
5819,AOI-0012,2025-05-06,озимая пшеница,0.5700515864585757,0.5669938628628509,911,5,-0.0030577235957247595
5830,AOI-0012,2025-06-07,озимая пшеница,0.4528303982212943,0.49965786738412754,911,6,0.04682746916283326
5835,AOI-0012,2025-06-28,озимая пшеница,0.0793257083017356,0.25269927965166683,911,6,0.17337357134993123
5842,AOI-0012,2025-07-13,озимая пшеница,0.1660629139103641,0.1768226963864862,911,7,0.01075978247612211
5857,AOI-0012,2025-08-16,озимая пшеница,0.1611142188670825,0.1936088212626476,911,8,0.03249460239556512
5859,AOI-0012,2025-08-19,озимая пшеница,0.1609024906259349,0.16484902205023905,911,8,0.0039465314243041505
5876,AOI-0012,2025-09-26,озимая пшеница,0.2038273662993816,0.1980422342250419,911,9,-0.0057851320743396994
5877,AOI-0012,2025-09-30,озимая пшеница,0.3587510460251046,0.28256646504353566,911,9,-0.07618458098156894
5884,AOI-0013,2010-04-07,озимая пшеница,0.6881500211888585,0.6739464739608764,911,4,-0.014203547227982116
5892,AOI-0013,2010-05-18,озимая пшеница,0.5118834661920934,0.43856475904622527,911,5,-0.07331870714586808
5905,AOI-0013,2010-08-06,озимая пшеница,0.2902032427282096,0.3108273668632261,911,8,0.02062412413501652
5910,AOI-0013,2010-09-06,озимая пшеница,0.2130440915546251,0.20811261665815153,911,9,-0.004931474896473553
5931,AOI-0013,2011-06-13,озимая пшеница,0.3094012317112227,0.5175672166968335,911,6,0.20816598498561079
5932,AOI-0013,2011-06-22,озимая пшеница,0.3126952313414736,0.5647416305282829,911,6,0.25204639918680927
5944,AOI-0013,2011-08-16,озимая пшеница,0.2827573198084163,0.32744099673227833,911,8,0.04468367692386205
5956,AOI-0013,2011-10-27,озимая пшеница,0.7295751870796017,0.5298220558648474,911,10,-0.19975313121475424
5957,AOI-0013,2012-04-04,озимая пшеница,0.5141913894916389,0.3921465651267219,911,4,-0.12204482436491698
5969,AOI-0013,2012-07-09,озимая пшеница,0.3734903899369661,0.518214776199479,911,7,0.14472438626251288
5981,AOI-0013,2012-09-27,озимая пшеница,0.2583144133703621,0.27866121103789643,911,9,0.020346797667534333
6003,AOI-0013,2013-07-13,озимая пшеница,0.4842619354861824,0.44586955725351773,911,7,-0.03839237823266467
6009,AOI-0013,2013-08-13,озимая пшеница,0.4425838554216867,0.44552961932109714,911,8,0.002945763899410425
6012,AOI-0013,2013-08-22,озимая пшеница,0.3992276077770875,0.36870534979356945,911,8,-0.030522257983518042
6020,AOI-0013,2013-10-09,озимая пшеница,0.6654813462121195,0.6473252704869652,911,10,-0.01815607572515432
6036,AOI-0013,2014-06-06,озимая пшеница,0.3214919996899784,0.4196799919859579,911,6,0.09818799229597952
6038,AOI-0013,2014-06-21,озимая пшеница,0.4860181806552222,0.3911797107015733,911,6,-0.09483846995364886
6043,AOI-0013,2014-07-08,озимая пшеница,0.3063568934725598,0.39970103291558934,911,7,0.09334413944302955
6058,AOI-0013,2014-08-29,озимая пшеница,0.3226959036144578,0.42084087933904324,911,8,0.09814497572458541
6060,AOI-0013,2014-09-14,озимая пшеница,0.3575949397590361,0.4169050817608073,911,9,0.059310142001771204
6078,AOI-0013,2015-05-25,озимая пшеница,0.6554101204819277,0.5561413901822666,911,5,-0.0992687302996611
6083,AOI-0013,2015-06-24,озимая пшеница,0.7436551237795508,0.4673199796914843,911,6,-0.2763351440880665
6103,AOI-0013,2015-09-20,озимая пшеница,0.3630581713396653,0.343144777982164,911,9,-0.019913393357501308
6104,AOI-0013,2015-09-21,озимая пшеница,0.4020134067440027,0.3479938967144155,911,9,-0.054019510029587214
6115,AOI-0013,2016-04-23,озимая пшеница,0.4215557906717272,0.3714081542528761,911,4,-0.050147636418851116
6123,AOI-0013,2016-06-03,озимая пшеница,0.6595490925262709,0.5212914597160923,911,6,-0.13825763281017867
6126,AOI-0013,2016-06-19,озимая пшеница,0.5114390031186432,0.4280909164605389,911,6,-0.08334808665810434
6132,AOI-0013,2016-07-11,озимая пшеница,0.6261366265060241,0.5543852965801874,911,7,-0.07175132992583666
6144,AOI-0013,2016-08-30,озимая пшеница,0.6701481936442384,0.7074003994567808,911,8,0.037252205812542405
6161,AOI-0013,2017-04-13,озимая пшеница,0.2780277612358872,0.3056900692221109,911,4,0.02766230798622371
6176,AOI-0013,2017-06-10,озимая пшеница,0.670850843373494,0.5954150450802423,911,6,-0.07543579829325164
6179,AOI-0013,2017-06-29,озимая пшеница,0.7162988707978426,0.6419883797276162,911,6,-0.07431049107022636
6192,AOI-0013,2017-08-09,озимая пшеница,0.4485459139730953,0.44596230150282834,911,8,-0.0025836124702669494
6194,AOI-0013,2017-08-13,озимая пшеница,0.3569096385542169,0.446569180300068,911,8,0.08965954174585106
6217,AOI-0013,2017-10-08,озимая пшеница,0.4155680572632562,0.3877589461264611,911,10,-0.027809111136795073
6231,AOI-0013,2018-05-03,озимая пшеница,0.2666054069602767,0.2653492469301585,911,5,-0.0012561600301181919
6236,AOI-0013,2018-05-31,озимая пшеница,0.3504842109537308,0.3590884486732893,911,5,0.008604237719558538
6237,AOI-0013,2018-06-01,озимая пшеница,0.3740726863456831,0.3771838561482014,911,6,0.0031111698025182988
6263,AOI-0013,2018-09-13,озимая пшеница,0.4634488225917269,0.36428095507039837,911,9,-0.09916786752132856
6270,AOI-0013,2018-09-30,озимая пшеница,0.3576053012048193,0.4409231445399472,911,9,0.08331784333512787
6272,AOI-0013,2018-10-07,озимая пшеница,0.376349885423452,0.3737445179473258,911,10,-0.0026053674761261636
6294,AOI-0013,2019-05-25,озимая пшеница,0.4771313253012048,0.5779242424558335,911,5,0.10079291715462874
6296,AOI-0013,2019-05-28,озимая пшеница,0.4492726926754119,0.450855141774989,911,5,0.0015824490995770546
6299,AOI-0013,2019-06-04,озимая пшеница,0.4556853031463987,0.4305984210441739,911,6,-0.025086882102224817
6310,AOI-0013,2019-06-26,озимая пшеница,0.5773481927710844,0.5262837043166865,911,6,-0.05106448845439793
6333,AOI-0013,2019-08-19,озимая пшеница,0.6050559316444535,0.5563731488562181,911,8,-0.048682782788235346
6336,AOI-0013,2019-08-23,озимая пшеница,0.3262968856406699,0.5197780573599469,911,8,0.19348117171927698
6348,AOI-0013,2019-09-16,озимая пшеница,0.5270664903372153,0.3819448189862431,911,9,-0.1451216713509722
6361,AOI-0013,2019-10-28,озимая пшеница,0.3214299295933237,0.4017905201362951,911,10,0.0803605905429714
6362,AOI-0013,2020-04-02,озимая пшеница,0.3263615352451435,0.34866428000631583,911,4,0.022302744761172333
6364,AOI-0013,2020-04-06,озимая пшеница,0.4501913253012048,0.4111235134657835,911,4,-0.039067811835421296
6371,AOI-0013,2020-04-25,озимая пшеница,0.3606679340246042,0.30125668421015417,911,4,-0.05941124981445001
6372,AOI-0013,2020-04-26,озимая пшеница,0.3657188583559843,0.3400314162935343,911,4,-0.025687442062449994
6407,AOI-0013,2020-08-03,озимая пшеница,0.4674650678627456,0.4233531944153259,911,8,-0.044111873447419736
6409,AOI-0013,2020-08-08,озимая пшеница,0.4395995138975927,0.42741016804435705,911,8,-0.012189345853235667
6410,AOI-0013,2020-08-09,озимая пшеница,0.4195121969241863,0.43547236612901263,911,8,0.015960169204826347
6431,AOI-0013,2020-09-14,озимая пшеница,0.4423996284181312,0.3405381431278416,911,9,-0.1018614852902896
6438,AOI-0013,2020-09-26,озимая пшеница,0.3701443769318336,0.3390636527568378,911,9,-0.0310807241749958
6463,AOI-0013,2021-05-16,озимая пшеница,0.4921352846769408,0.5067084706396168,911,5,0.014573185962675983
6476,AOI-0013,2021-06-26,озимая пшеница,0.6073021686746988,0.5344694132266331,911,6,-0.07283275544806567
6478,AOI-0013,2021-07-02,озимая пшеница,0.5267945541852811,0.5469442666981823,911,7,0.020149712512901208
6484,AOI-0013,2021-07-16,озимая пшеница,0.6470963963245567,0.4798300571279731,911,7,-0.16726633919658362
6490,AOI-0013,2021-07-28,озимая пшеница,0.4292520481927711,0.49413302285577243,911,7,0.06488097466300136
6502,AOI-0013,2021-08-25,озимая пшеница,0.5147083604656132,0.46865716408742186,911,8,-0.04605119637819133
6508,AOI-0013,2021-09-07,озимая пшеница,0.5132456689121134,0.4724701782917009,911,9,-0.040775490620412524
6513,AOI-0013,2021-09-19,озимая пшеница,0.4532493074027215,0.43979981504978016,911,9,-0.01344949235294135
6540,AOI-0013,2022-06-03,озимая пшеница,0.4651850858756327,0.4800220782584137,911,6,0.014836992382781022
6554,AOI-0013,2022-06-30,озимая пшеница,0.5391790984898936,0.4978885665398699,911,6,-0.041290531950023746
6560,AOI-0013,2022-07-12,озимая пшеница,0.6259002545545338,0.5476001313288135,911,7,-0.07830012322572033
6566,AOI-0013,2022-07-28,озимая пшеница,0.5639438554216868,0.5377748206623653,911,7,-0.02616903475932153
6571,AOI-0013,2022-08-07,озимая пшеница,0.5692923038680435,0.532531182863788,911,8,-0.03676112100425555
6578,AOI-0013,2022-08-23,озимая пшеница,0.5777419397410853,0.541778921209449,911,8,-0.035963018531636304
6587,AOI-0013,2022-09-08,озимая пшеница,0.458382741387852,0.45376569604130323,911,9,-0.004617045346548776
6592,AOI-0013,2022-09-18,озимая пшеница,0.4022838341131441,0.385419300509096,911,9,-0.016864533604048104
6616,AOI-0013,2023-05-25,озимая пшеница,0.6365079518072289,0.5437814221364339,911,5,-0.09272652967079498
6619,AOI-0013,2023-06-07,озимая пшеница,0.5183686224740253,0.4941597129829691,911,6,-0.02420890949105614
6622,AOI-0013,2023-06-15,озимая пшеница,0.5869911242245499,0.5779885039977658,911,6,-0.009002620226784108
6637,AOI-0013,2023-07-21,озимая пшеница,0.4940731526378673,0.5033378315058934,911,7,0.009264678868026122
6652,AOI-0013,2023-08-18,озимая пшеница,0.5020387591409838,0.5049099136869337,911,8,0.0028711545459498833
6657,AOI-0013,2023-08-28,озимая пшеница,0.5219831050501614,0.4738347786709446,911,8,-0.048148326379216844
6675,AOI-0013,2023-10-02,озимая пшеница,0.4071725029845036,0.4235355858511771,911,10,0.01636308286667354
6686,AOI-0013,2023-10-21,озимая пшеница,0.3318368573941976,0.3526023137811783,911,10,0.020765456386980685
6701,AOI-0013,2024-05-08,озимая пшеница,0.5413978313253012,0.5923110974589764,911,5,0.050913266133675195
6707,AOI-0013,2024-06-01,озимая пшеница,0.5039352392307398,0.5195213644606136,911,6,0.015586125229873793
6711,AOI-0013,2024-06-09,озимая пшеница,0.6649183132530121,0.5714109420024478,911,6,-0.0935073712505643
6713,AOI-0013,2024-06-17,озимая пшеница,0.554181504271838,0.5557052784830999,911,6,0.0015237742112619301
6738,AOI-0013,2024-08-12,озимая пшеница,0.5265434799850368,0.5116192324805829,911,8,-0.01492424750445387
6753,AOI-0013,2024-09-12,озимая пшеница,0.4457279139235561,0.4875642371184903,911,9,0.04183632319493419
6755,AOI-0013,2024-09-16,озимая пшеница,0.4732287728541774,0.473153481762173,911,9,-7.529109200443695e-05
6762,AOI-0013,2024-09-29,озимая пшеница,0.468202360361064,0.44029521221825474,911,9,-0.027907148142809257
6790,AOI-0013,2025-05-27,озимая пшеница,0.4822302990182732,0.5347726334549818,911,5,0.05254233443670864
6804,AOI-0013,2025-07-06,озимая пшеница,0.5354262830254009,0.5124895305660183,911,7,-0.022936752459382537
6808,AOI-0013,2025-07-12,озимая пшеница,0.5020306024096386,0.5145746429475183,911,7,0.01254404053787972
6823,AOI-0013,2025-08-07,озимая пшеница,0.5233831027295145,0.4767890846948602,911,8,-0.046594018034654294
6829,AOI-0013,2025-08-16,озимая пшеница,0.5465824115040305,0.48178601315562486,911,8,-0.06479639834840567
6836,AOI-0013,2025-08-30,озимая пшеница,0.4804930819034348,0.49195381771986746,911,8,0.011460735816432643
6847,AOI-0013,2025-09-16,озимая пшеница,0.5163235792548173,0.484694607646128,911,9,-0.03162897160868933
6851,AOI-0013,2025-09-26,озимая пшеница,0.5787942258070559,0.4559369610874825,911,9,-0.12285726471957337
6855,AOI-0013,2025-10-08,озимая пшеница,0.5253979209248794,0.5630842701988703,911,10,0.03768634927399095
6873,AOI-0014,2010-04-15,озимая пшеница,0.6073223152509999,0.4835919328473428,911,4,-0.12373038240365708
6889,AOI-0014,2010-05-01,озимая пшеница,0.8151930239012235,0.7273147385880552,911,5,-0.08787828531316833
6913,AOI-0014,2010-05-25,озимая пшеница,0.7954931797235024,0.7900698291321954,911,5,-0.005423350591307052
7025,AOI-0014,2010-09-14,озимая пшеница,0.3078600460829493,0.27444921932915556,911,9,-0.033410826753793754
7126,AOI-0014,2011-05-25,озимая пшеница,0.7069098617511522,0.726613054910098,911,5,0.019703193158945753
7158,AOI-0014,2011-06-26,озимая пшеница,0.6479234101382487,0.7264490006980979,911,6,0.0785255905598492
7193,AOI-0014,2011-07-31,озимая пшеница,0.445253376831129,0.4890091831382316,911,7,0.04375580630710263
7306,AOI-0014,2012-04-22,озимая пшеница,0.6164161290322581,0.638238086901892,911,4,0.021821957869633923
7368,AOI-0014,2012-06-23,озимая пшеница,0.3237791725694035,0.41175126841208154,911,6,0.08797209584267807
7386,AOI-0014,2012-07-11,озимая пшеница,0.4200464516129032,0.3258981520854657,911,7,-0.09414829952743753
7520,AOI-0014,2013-04-23,озимая пшеница,0.5156352995391704,0.4012202203998399,911,4,-0.11441507913933052
7552,AOI-0014,2013-05-25,озимая пшеница,0.6020883410138248,0.5244805264580327,911,5,-0.07760781455579213
7608,AOI-0014,2013-07-20,озимая пшеница,0.78551497114155,0.7617431011051866,911,7,-0.023771870036363385
7704,AOI-0014,2013-10-24,озимая пшеница,0.2380793950355025,0.23302630237948568,911,10,-0.0050530926560168055
7749,AOI-0014,2014-05-09,озимая пшеница,0.7925892626728112,0.8346530097280416,911,5,0.042063747055230416
7781,AOI-0014,2014-06-10,озимая пшеница,0.5635648387096774,0.6289630477007453,911,6,0.06539820899106785
7845,AOI-0014,2014-08-13,озимая пшеница,0.3018963133640553,0.2930504356904226,911,8,-0.008845877673632707
7848,AOI-0014,2014-08-16,озимая пшеница,0.1789795051918144,0.21496526651258552,911,8,0.03598576132077111
7896,AOI-0014,2014-10-03,озимая пшеница,0.2191174997797124,0.2073664244484016,911,10,-0.011751075331310812
7946,AOI-0014,2015-04-23,озимая пшеница,0.5582678801843317,0.5867525123164717,911,4,0.02848463213214003
7961,AOI-0014,2015-05-08,озимая пшеница,0.6721479093848792,0.6692241511477254,911,5,-0.0029237582371538506
8040,AOI-0014,2015-07-26,озимая пшеница,0.2866385631840595,0.37957364332089927,911,7,0.09293508013683976
8074,AOI-0014,2015-08-29,озимая пшеница,0.2943853917050691,0.26583401319705724,911,8,-0.02855137850801187
8113,AOI-0014,2015-10-07,озимая пшеница,0.1907849324459752,0.19802521535010206,911,10,0.007240282904126871
8174,AOI-0014,2016-05-08,озимая пшеница,0.5739941474654378,0.5836029630597854,911,5,0.009608815594347675
8184,AOI-0014,2016-05-18,озимая пшеница,0.4239103228502201,0.44378384160870366,911,5,0.019873518758483533
8191,AOI-0014,2016-05-25,озимая пшеница,0.4677331875573453,0.5786083769991618,911,5,0.11087518944181651
8318,AOI-0014,2016-09-29,озимая пшеница,0.3564560829493087,0.3141981619961035,911,9,-0.042257920953205186
8343,AOI-0014,2016-10-24,озимая пшеница,0.1829927046835336,0.2968802378062391,911,10,0.11388753312270553
8360,AOI-0014,2017-04-11,озимая пшеница,0.48055856159998,0.40112140501982646,911,4,-0.07943715658015355
8384,AOI-0014,2017-05-05,озимая пшеница,0.865342872236648,0.8524684067425824,911,5,-0.012874465494065568
8404,AOI-0014,2017-05-25,озимая пшеница,0.8423268202764977,0.8791251640531723,911,5,0.03679834377667457
8467,AOI-0014,2017-07-27,озимая пшеница,0.1551565692328666,0.2522394405758259,911,7,0.09708287134295931
8480,AOI-0014,2017-08-09,озимая пшеница,0.1132708978139115,0.15052769572594515,911,8,0.03725679791203365
8497,AOI-0014,2017-08-26,озимая пшеница,0.1241714410109072,0.13618899347230323,911,8,0.012017552461396033
8543,AOI-0014,2017-10-11,озимая пшеница,0.1976413677186705,0.21898796254104846,911,10,0.021346594822377968
8591,AOI-0014,2018-04-29,озимая пшеница,0.8104184366303813,0.8004329571036112,911,4,-0.009985479526770091
8601,AOI-0014,2018-05-09,озимая пшеница,0.6758180184331799,0.810134683666598,911,5,0.13431666523341812
8663,AOI-0014,2018-07-10,озимая пшеница,0.1515415418730614,0.1915559472181933,911,7,0.0400144053451319
8665,AOI-0014,2018-07-12,озимая пшеница,0.3893122580645162,0.3197416110439607,911,7,-0.06957064702055549
8712,AOI-0014,2018-08-28,озимая пшеница,0.2047589393120849,0.21045281493287032,911,8,0.005693875620785438
8736,AOI-0014,2018-09-21,озимая пшеница,0.1780057081648026,0.1797414054406019,911,9,0.0017356972757993083
8775,AOI-0014,2018-10-30,озимая пшеница,0.1694677597626981,0.22136242292092384,911,10,0.051894663158225746
8807,AOI-0014,2019-05-02,озимая пшеница,0.3014109934467621,0.2710826763525816,911,5,-0.03032831709418049
8811,AOI-0014,2019-05-06,озимая пшеница,0.2346815094798015,0.24019507468385737,911,5,0.005513565204055881
8868,AOI-0014,2019-07-02,озимая пшеница,0.6779081188256874,0.7255865146921137,911,7,0.047678395866426304
8895,AOI-0014,2019-07-29,озимая пшеница,0.5031307494135319,0.5426917846995839,911,7,0.03956103528605204
8912,AOI-0014,2019-08-15,озимая пшеница,0.3678709086957871,0.3260993847872336,911,8,-0.04177152390855349
8926,AOI-0014,2019-08-29,озимая пшеница,0.2145647809549013,0.23617919811872146,911,8,0.02161441716382015
8938,AOI-0014,2019-09-10,озимая пшеница,0.1924685329845376,0.1877182661379147,911,9,-0.004750266846622886
8944,AOI-0014,2019-09-16,озимая пшеница,0.2266522540150824,0.17407244835021696,911,9,-0.05257980566486545
8967,AOI-0014,2019-10-09,озимая пшеница,0.38934331094395,0.3171672355108268,911,10,-0.07217607543312321
8998,AOI-0014,2020-04-10,озимая пшеница,0.7099145252964206,0.6699882190413932,911,4,-0.039926306255027466
9014,AOI-0014,2020-04-26,озимая пшеница,0.7058024318616671,0.7327331234458634,911,4,0.026930691584196254
9022,AOI-0014,2020-05-04,озимая пшеница,0.8091480594561092,0.7453026796315356,911,5,-0.06384537982457361
9047,AOI-0014,2020-05-29,озимая пшеница,0.7490508024829439,0.715656852431052,911,5,-0.03339395005189183
9075,AOI-0014,2020-06-26,озимая пшеница,0.1494847885877798,0.1935993946893078,911,6,0.04411460610152801
9102,AOI-0014,2020-07-23,озимая пшеница,0.2182515530585488,0.20565191545178652,911,7,-0.012599637606762276
9127,AOI-0014,2020-08-17,озимая пшеница,0.213301724689661,0.18841069371977223,911,8,-0.02489103096988876
9151,AOI-0014,2020-09-10,озимая пшеница,0.1651365359585292,0.15133462537204845,911,9,-0.013801910586480753
9182,AOI-0014,2020-10-11,озимая пшеница,0.1789642871256748,0.18515710896760873,911,10,0.0061928218419339265
9223,AOI-0014,2021-04-22,озимая пшеница,0.3706418711471937,0.5927027534364568,911,4,0.22206088228926313
9243,AOI-0014,2021-05-12,озимая пшеница,0.8343497141587244,0.824706483679551,911,5,-0.00964323047917337
9295,AOI-0014,2021-07-03,озимая пшеница,0.3916712141836418,0.29758677760567825,911,7,-0.09408443657796356
9318,AOI-0014,2021-07-26,озимая пшеница,0.1351202365167375,0.1726788358749221,911,7,0.03755859935818462
9326,AOI-0014,2021-08-03,озимая пшеница,0.1215660424730626,0.16634461898758585,911,8,0.044778576514523244
9331,AOI-0014,2021-08-08,озимая пшеница,0.126148814782485,0.14229262746096857,911,8,0.016143812678483582
9353,AOI-0014,2021-08-30,озимая пшеница,0.1745690851326488,0.17412801448762497,911,8,-0.00044107064502382776
9411,AOI-0014,2021-10-27,озимая пшеница,0.1855625467114885,0.16292262259525908,911,10,-0.02263992411622942
9419,AOI-0014,2022-04-05,озимая пшеница,0.1171275911098315,0.16724825272582675,911,4,0.05012066161599525
9421,AOI-0014,2022-04-07,озимая пшеница,0.1710892862190924,0.2864666761721607,911,4,0.11537738995306832
9485,AOI-0014,2022-06-10,озимая пшеница,0.7358001382488482,0.6834685334323498,911,6,-0.052331604816498345
9486,AOI-0014,2022-06-11,озимая пшеница,0.5538614003273663,0.527079215451344,911,6,-0.026782184876022352
9506,AOI-0014,2022-07-01,озимая пшеница,0.8457994708846779,0.7866556143237766,911,7,-0.059143856560901265
9510,AOI-0014,2022-07-05,озимая пшеница,0.8661672430939108,0.8150465433587721,911,7,-0.051120699735138664
9539,AOI-0014,2022-08-03,озимая пшеница,0.4492126317947651,0.684409263413758,911,8,0.23519663161899285
9542,AOI-0014,2022-08-06,озимая пшеница,0.6355982079204971,0.6221010234940236,911,8,-0.013497184426473519
9584,AOI-0014,2022-09-17,озимая пшеница,0.1422688146179309,0.16176520586570867,911,9,0.019496391247777772
9710,AOI-0014,2023-06-22,озимая пшеница,0.8010680295877418,0.8032504103005911,911,6,0.0021823807128492634
9743,AOI-0014,2023-07-25,озимая пшеница,0.3036133039537234,0.2957863585328333,911,7,-0.007826945420890075
9757,AOI-0014,2023-08-08,озимая пшеница,0.1261803513677097,0.15031709993163644,911,8,0.024136748563926752
9767,AOI-0014,2023-08-18,озимая пшеница,0.1436662787611493,0.1631359532970864,911,8,0.01946967453593712
9774,AOI-0014,2023-08-25,озимая пшеница,0.1312046318393321,0.17367405271297578,911,8,0.04246942087364369
9775,AOI-0014,2023-08-26,озимая пшеница,0.2129392315866319,0.19658901093748968,911,8,-0.01635022064914221
9802,AOI-0014,2023-09-22,озимая пшеница,0.1462952966554479,0.15273599573555485,911,9,0.006440699080106943
9806,AOI-0014,2023-09-26,озимая пшеница,0.2118863636514255,0.19680691200185918,911,9,-0.015079451649566311
9822,AOI-0014,2023-10-12,озимая пшеница,0.1773025453010079,0.16776385902793184,911,10,-0.009538686273076052
9851,AOI-0014,2024-04-11,озимая пшеница,0.7796628766738524,0.7530716096921839,911,4,-0.02659126698166847
9911,AOI-0014,2024-06-10,озимая пшеница,0.4124895481557418,0.44542034564858457,911,6,0.03293079749284278
9926,AOI-0014,2024-06-25,озимая пшеница,0.3501388018433179,0.31677210464250743,911,6,-0.03336669720081048
9933,AOI-0014,2024-07-02,озимая пшеница,0.2623492099571872,0.2471272839115254,911,7,-0.015221926045661777
9984,AOI-0014,2024-08-22,озимая пшеница,0.1571934772774967,0.14389615536593875,911,8,-0.013297321911557941
9990,AOI-0014,2024-08-28,озимая пшеница,0.2035948539022612,0.22832800048551893,911,8,0.02473314658325773
10021,AOI-0014,2024-09-28,озимая пшеница,0.1463860817856624,0.15272623258979653,911,9,0.006340150804134137
10038,AOI-0014,2024-10-15,озимая пшеница,0.2436672350230414,0.28156616519781436,911,10,0.03789893017477294
10070,AOI-0014,2025-04-17,озимая пшеница,0.2290260577201973,0.25336277134485197,911,4,0.02433671362465467
10092,AOI-0014,2025-05-09,озимая пшеница,0.4805589400921658,0.46484937227875733,911,5,-0.015709567813408487
10118,AOI-0014,2025-06-04,озимая пшеница,0.547083022110069,0.5579151439994685,911,6,0.010832121889399526
10122,AOI-0014,2025-06-08,озимая пшеница,0.4819031974727497,0.5002469216833574,911,6,0.018343724210607704
10188,AOI-0014,2025-08-13,озимая пшеница,0.3191868202764977,0.2854574507740505,911,8,-0.033729369502447204
10197,AOI-0014,2025-08-22,озимая пшеница,0.2744181868712533,0.24206349868761928,911,8,-0.03235468818363402
10198,AOI-0014,2025-08-23,озимая пшеница,0.2986684229946128,0.2690298732608676,911,8,-0.029638549733745245
10204,AOI-0014,2025-08-29,озимая пшеница,0.1822227520263387,0.23401966294670484,911,8,0.051796910920366146
10219,AOI-0014,2025-09-13,озимая пшеница,0.1701419850425578,0.1480740458302389,911,9,-0.022067939212318893
10267,AOI-0015,2025-04-01,озимая пшеница,0.1617673668531182,0.21400242345465595,911,4,0.05223505660153774
10321,AOI-0015,2025-05-25,озимая пшеница,0.6104741679873219,0.6103343210015938,911,5,-0.00013984698572810927
10330,AOI-0015,2025-06-03,озимая пшеница,0.5449918131485864,0.48471043285620197,911,6,-0.06028138029238439
10338,AOI-0015,2025-06-11,озимая пшеница,0.4152808967545637,0.4027258784148231,911,6,-0.012555018339740598
10402,AOI-0015,2025-08-14,озимая пшеница,0.2267835253995068,0.2741862031992651,911,8,0.04740267779975832
10405,AOI-0015,2025-08-17,озимая пшеница,0.2366255666168708,0.24231842188771047,911,8,0.005692855270839653
10411,AOI-0015,2025-08-23,озимая пшеница,0.268846110812464,0.23976137585993773,911,8,-0.02908473495252628
10412,AOI-0015,2025-08-24,озимая пшеница,0.136468495832688,0.1794074944944679,911,8,0.042938998661779915
10466,AOI-0015,2025-10-17,озимая пшеница,0.2927660500419401,0.2076638564763435,911,10,-0.08510219356559662
10486,AOI-0016,2025-04-23,озимая пшеница,0.5292107197549771,0.434793310352324,911,4,-0.09441740940265314
10488,AOI-0016,2025-04-28,озимая пшеница,0.2499068338396359,0.2910847968482788,911,4,0.041177963008642904
10491,AOI-0016,2025-05-04,озимая пшеница,0.1734219348279061,0.2309949079874358,911,5,0.057572973159529695
10502,AOI-0016,2025-06-07,озимая пшеница,0.4835317567260584,0.4643959534947253,911,6,-0.019135803231333126
10523,AOI-0016,2025-07-25,озимая пшеница,0.7116580121735449,0.6952487476230537,911,7,-0.016409264550491187
10540,AOI-0016,2025-08-23,озимая пшеница,0.3915866865365892,0.37215336064006144,911,8,-0.019433325896527742
10544,AOI-0016,2025-08-31,озимая пшеница,0.3706723014891802,0.3407390227261165,911,8,-0.029933278763063675
10554,AOI-0016,2025-09-16,озимая пшеница,0.2326426140370959,0.23910060354584112,911,9,0.00645798950874521
10559,AOI-0016,2025-09-30,озимая пшеница,0.3313866768759571,0.32476509432685363,911,9,-0.006621582549103444
10566,AOI-0017,2010-04-07,озимая пшеница,0.3270232553323142,0.3444016257525523,911,4,0.0173783704202381
10585,AOI-0017,2010-08-05,озимая пшеница,0.5365223675933307,0.5793235638766127,911,8,0.04280119628328194
10586,AOI-0017,2010-08-06,озимая пшеница,0.4763887430636114,0.5505988084024216,911,8,0.0742100653388102
10611,AOI-0017,2011-06-26,озимая пшеница,0.5770309734513275,0.5715866508930871,911,6,-0.005444322558240344
10613,AOI-0017,2011-07-12,озимая пшеница,0.4824566371681416,0.5211286705686493,911,7,0.03867203340050773
10621,AOI-0017,2011-08-13,озимая пшеница,0.5042504424778762,0.5168441901273627,911,8,0.012593747649486509
10623,AOI-0017,2011-08-17,озимая пшеница,0.4729997049627372,0.4276416504452015,911,8,-0.04535805451753566
10648,AOI-0017,2012-07-11,озимая пшеница,0.6190185840707965,0.6142954403793641,911,7,-0.004723143691432341
10652,AOI-0017,2012-08-03,озимая пшеница,0.4649414627893852,0.5089988240893919,911,8,0.0440573613000067
10657,AOI-0017,2012-09-11,озимая пшеница,0.4334019401370677,0.41195761453268365,911,9,-0.02144432560438403
10684,AOI-0017,2013-07-28,озимая пшеница,0.476940887796164,0.5308738469127561,911,7,0.05393295911659207
10692,AOI-0017,2013-09-15,озимая пшеница,0.6684443667704235,0.4861048725468058,911,9,-0.18233949422361773
10698,AOI-0017,2013-10-24,озимая пшеница,0.6766930887069331,0.5969592108345226,911,10,-0.07973387787241049
10710,AOI-0017,2014-05-29,озимая пшеница,0.761190270324607,0.6731699297917872,911,5,-0.08802034053281971
10716,AOI-0017,2014-06-26,озимая пшеница,0.6031265486725664,0.5814372881583867,911,6,-0.021689260514179742
10725,AOI-0017,2014-07-31,озимая пшеница,0.4234621362686676,0.38309349062078907,911,7,-0.04036864564787851
10727,AOI-0017,2014-08-08,озимая пшеница,0.4702030994743783,0.38502136593183667,911,8,-0.08518173354254166
10729,AOI-0017,2014-08-16,озимая пшеница,0.4146347731518914,0.40031535537949076,911,8,-0.014319417772400644
10754,AOI-0017,2015-06-09,озимая пшеница,0.5418947864684246,0.5323158366914114,911,6,-0.009578949777013235
10762,AOI-0017,2015-07-26,озимая пшеница,0.6490704409333832,0.7166102237714328,911,7,0.06753978283804962
10769,AOI-0017,2015-08-13,озимая пшеница,0.4200592920353982,0.5253419003677688,911,8,0.10528260833237063
10782,AOI-0017,2015-10-07,озимая пшеница,0.4686870509224918,0.36849235047721685,911,10,-0.10019470044527495
10792,AOI-0017,2016-05-09,озимая пшеница,0.6643344964085524,0.7176689553174491,911,5,0.053334458908896765
10802,AOI-0017,2016-06-26,озимая пшеница,0.5951137248778049,0.5430351471178805,911,6,-0.052078577759924416
10804,AOI-0017,2016-07-04,озимая пшеница,0.5566538928377516,0.5072066883426342,911,7,-0.049447204495117414
10807,AOI-0017,2016-07-12,озимая пшеница,0.5866168254109942,0.5174879679562965,911,7,-0.06912885745469777
10843,AOI-0017,2017-05-21,озимая пшеница,0.6552089863320297,0.6325994511174893,911,5,-0.022609535214540455
10846,AOI-0017,2017-06-05,озимая пшеница,0.6340210129769315,0.6835276661024317,911,6,0.04950665312550018
10855,AOI-0017,2017-07-07,озимая пшеница,0.615557438244125,0.7242432385718286,911,7,0.10868580032770359
10877,AOI-0017,2017-09-01,озимая пшеница,0.6488647409154968,0.5746171930160777,911,9,-0.07424754789941912
10884,AOI-0017,2017-09-15,озимая пшеница,0.528585581265723,0.4640245407806729,911,9,-0.06456104048505007
10886,AOI-0017,2017-09-18,озимая пшеница,0.5529882524555187,0.4910644038337959,911,9,-0.06192384862172284
10888,AOI-0017,2017-09-25,озимая пшеница,0.5034877342881003,0.49682192623580124,911,9,-0.006665808052299105
10891,AOI-0017,2017-10-04,озимая пшеница,0.3958220212480213,0.4303746711878104,911,10,0.034552649939789126
10912,AOI-0017,2018-05-25,озимая пшеница,0.5733849557522125,0.6844247548401846,911,5,0.11103979908797212
10916,AOI-0017,2018-06-08,озимая пшеница,0.6194945993465497,0.6556955895436118,911,6,0.03620099019706213
10918,AOI-0017,2018-06-10,озимая пшеница,0.483566371681416,0.5972846358221843,911,6,0.1137182641407683
10921,AOI-0017,2018-06-25,озимая пшеница,0.5982565983543754,0.5144648988264864,911,6,-0.08379169952788901
10933,AOI-0017,2018-08-20,озимая пшеница,0.4369687988752846,0.44622031514354277,911,8,0.009251516268258153
10951,AOI-0017,2018-10-16,озимая пшеница,0.3422610619469026,0.45508310288719517,911,10,0.11282204094029258
10954,AOI-0017,2019-04-06,озимая пшеница,0.343427099603236,0.2804397344727123,911,4,-0.06298736513052366
10957,AOI-0017,2019-04-21,озимая пшеница,0.4749021333653755,0.34253914934387086,911,4,-0.13236298402150465
10978,AOI-0017,2019-06-07,озимая пшеница,0.5482329537794067,0.647217779567169,911,6,0.09898482578776224
10979,AOI-0017,2019-06-10,озимая пшеница,0.71625008613114,0.6619554126856002,911,6,-0.05429467344553984
10992,AOI-0017,2019-07-05,озимая пшеница,0.6374279055596842,0.6022942974013566,911,7,-0.035133608158327556
11000,AOI-0017,2019-07-28,озимая пшеница,0.4637088495575222,0.6432321502908295,911,7,0.1795233007333073
11002,AOI-0017,2019-07-30,озимая пшеница,0.585563681357361,0.663409453940095,911,7,0.07784577258273395
11008,AOI-0017,2019-08-13,озимая пшеница,0.4313584070796461,0.6213739332976866,911,8,0.19001552621804052
11035,AOI-0017,2019-10-16,озимая пшеница,0.439037168141593,0.6048808039457316,911,10,0.16584363580413863
11044,AOI-0017,2020-04-07,озимая пшеница,0.2797221191518342,0.25006761725031273,911,4,-0.02965450190152147
11045,AOI-0017,2020-04-10,озимая пшеница,0.2668516111783436,0.24650529246045746,911,4,-0.02034631871788614
11051,AOI-0017,2020-05-04,озимая пшеница,0.5457881392681683,0.4060660251479414,911,5,-0.1397221141202269
11065,AOI-0017,2020-06-09,озимая пшеница,0.6704126809303602,0.5738415546681392,911,6,-0.09657112626222097
11077,AOI-0017,2020-07-16,озимая пшеница,0.4078563746533558,0.4521122031635173,911,7,0.04425582851016152
11091,AOI-0017,2020-08-16,озимая пшеница,0.4821394560991098,0.45436871550050417,911,8,-0.027770740598605625
11113,AOI-0017,2020-09-25,озимая пшеница,0.4272163326737658,0.41402609187411155,911,9,-0.013190240799654251
11115,AOI-0017,2020-09-27,озимая пшеница,0.4536098267814409,0.3425158476744937,911,9,-0.11109397910694718
11121,AOI-0017,2020-10-17,озимая пшеница,0.3991594022054995,0.34725472581953426,911,10,-0.05190467638596524
11133,AOI-0017,2021-05-05,озимая пшеница,0.4426641450107653,0.4034969639887085,911,5,-0.039167181022056796
11134,AOI-0017,2021-05-08,озимая пшеница,0.4570470147939609,0.4396485109307684,911,5,-0.017398503863192527
11148,AOI-0017,2021-06-19,озимая пшеница,0.6493133915824729,0.6592993363346169,911,6,0.009985944752143983
11154,AOI-0017,2021-07-10,озимая пшеница,0.6835350763857218,0.6138189998740512,911,7,-0.06971607651167055
11155,AOI-0017,2021-07-11,озимая пшеница,0.6692519329065658,0.5836061612475061,911,7,-0.08564577165905973
11174,AOI-0017,2021-08-23,озимая пшеница,0.4519515542655128,0.5039638619442071,911,8,0.05201230767869425
11184,AOI-0017,2021-09-17,озимая пшеница,0.5294559704716157,0.44245107850602083,911,9,-0.08700489196559491
11185,AOI-0017,2021-09-19,озимая пшеница,0.4219311595424191,0.43653548991288554,911,9,0.014604330370466434
11205,AOI-0017,2022-04-27,озимая пшеница,0.5966528070551069,0.6483064934622137,911,4,0.05165368640710677
11239,AOI-0017,2022-07-30,озимая пшеница,0.5934847050708901,0.5619166840589609,911,7,-0.03156802101192924
11242,AOI-0017,2022-08-06,озимая пшеница,0.529205564897431,0.5560433587432451,911,8,0.026837793845814084
11252,AOI-0017,2022-08-28,озимая пшеница,0.5115413989956548,0.495908781475345,911,8,-0.015632617520309755
11253,AOI-0017,2022-08-29,озимая пшеница,0.4134929203539823,0.5274638321355419,911,8,0.11397091178155966
11262,AOI-0017,2022-09-18,озимая пшеница,0.4670917754413504,0.39364990335056427,911,9,-0.07344187209078612
11266,AOI-0017,2022-10-02,озимая пшеница,0.4450665614814215,0.4772026511395374,911,10,0.03213608965811593
11282,AOI-0017,2023-05-09,озимая пшеница,0.6291672566371682,0.6678782620667133,911,5,0.03871100542954509
11290,AOI-0017,2023-06-07,озимая пшеница,0.6270343093198554,0.647086127566188,911,6,0.02005181824633262
11294,AOI-0017,2023-06-21,озимая пшеница,0.6571433994967772,0.6303876038330027,911,6,-0.026755795663774506
11303,AOI-0017,2023-07-12,озимая пшеница,0.690745132743363,0.6491282381440804,911,7,-0.04161689459928264
11313,AOI-0017,2023-08-01,озимая пшеница,0.6474540393614917,0.6502074750306247,911,8,0.0027534356691329975
11319,AOI-0017,2023-08-13,озимая пшеница,0.5276168239136598,0.5104720209884515,911,8,-0.01714480292520837
11333,AOI-0017,2023-09-12,озимая пшеница,0.4767106931258927,0.4408444061046441,911,9,-0.03586628702124861
11341,AOI-0017,2023-09-27,озимая пшеница,0.4597780351517198,0.40387055616657996,911,9,-0.055907478985139814
11345,AOI-0017,2023-10-04,озимая пшеница,0.2723744768074421,0.3063291590695352,911,10,0.03395468226209308
11358,AOI-0017,2024-04-11,озимая пшеница,0.4023061297268199,0.4891402809383558,911,4,0.08683415121153593
11392,AOI-0017,2024-07-15,озимая пшеница,0.1995519183746472,0.17590339024950485,911,7,-0.023648528125142343
11398,AOI-0017,2024-07-27,озимая пшеница,0.3056380436440201,0.3473077198229233,911,7,0.041669676178903214
11405,AOI-0017,2024-08-17,озимая пшеница,0.202662152555072,0.19974210714588847,911,8,-0.0029200454091835304
11406,AOI-0017,2024-08-19,озимая пшеница,0.2227482517592034,0.2058727127228091,911,8,-0.0168755390363943
11407,AOI-0017,2024-08-20,озимая пшеница,0.2969893785464868,0.2259644718278233,911,8,-0.07102490671866352
11409,AOI-0017,2024-08-24,озимая пшеница,0.2422753582242951,0.19326737524703635,911,8,-0.04900798297725875
11426,AOI-0017,2024-10-01,озимая пшеница,0.1895506677187516,0.18879620111883022,911,10,-0.0007544665999213718
11437,AOI-0017,2025-04-07,озимая пшеница,0.7573469026548674,0.7625111000196719,911,4,0.005164197364804557
11438,AOI-0017,2025-04-14,озимая пшеница,0.8301423286460388,0.7012651034769446,911,4,-0.12887722516909417
11453,AOI-0017,2025-06-03,озимая пшеница,0.6533329228325553,0.7803434881295979,911,6,0.12701056529704258
11458,AOI-0017,2025-06-10,озимая пшеница,0.4708424778761062,0.5604460501569287,911,6,0.0896035722808225
11459,AOI-0017,2025-06-11,озимая пшеница,0.5606551346986695,0.570418870673303,911,6,0.009763735974633536
11473,AOI-0017,2025-07-13,озимая пшеница,0.2307217207990473,0.2301708763393845,911,7,-0.0005508444596628026
11485,AOI-0017,2025-08-07,озимая пшеница,0.1698625860760111,0.18354247158924278,911,8,0.013679885513231682
11499,AOI-0017,2025-08-31,озимая пшеница,0.232580038539038,0.18420135519458197,911,8,-0.048378683344456025
11512,AOI-0017,2025-09-30,озимая пшеница,0.3166380530973451,0.339479098943046,911,9,0.022841045845700902
11573,AOI-0018,2025-05-24,озимая пшеница,0.7099480770432124,0.7559269943440556,911,5,0.04597891730084325
11613,AOI-0018,2025-07-03,озимая пшеница,0.1761070791067815,0.2666275252710778,911,7,0.0905204461642963
11620,AOI-0018,2025-07-10,озимая пшеница,0.2072086374117389,0.2793168043706038,911,7,0.0721081669588649
11639,AOI-0018,2025-07-29,озимая пшеница,0.399059653188034,0.37015309785571693,911,7,-0.028906555332317063
11648,AOI-0018,2025-08-07,озимая пшеница,0.3481675704648084,0.29838387477276523,911,8,-0.04978369569204316
11653,AOI-0018,2025-08-12,озимая пшеница,0.3882795796079574,0.2518964487856484,911,8,-0.13638313082230902
11687,AOI-0018,2025-09-15,озимая пшеница,0.1746394391059473,0.18456700102819207,911,9,0.009927561922244782
11693,AOI-0018,2025-09-21,озимая пшеница,0.1784248831771867,0.1661727508399679,911,9,-0.01225213233721878
11695,AOI-0018,2025-09-23,озимая пшеница,0.1817708199476206,0.18869132912136644,911,9,0.006920509173745842
11778,AOI-0019,2025-05-16,подсолнечник,0.5807231376457651,0.5473592918643627,911,5,-0.03336384578140239
11786,AOI-0019,2025-05-24,подсолнечник,0.5984974809114596,0.5519434389258844,911,5,-0.04655404198557522
11819,AOI-0019,2025-06-26,подсолнечник,0.5364651940618853,0.5011117205756611,911,6,-0.035353473486224196
11841,AOI-0019,2025-07-18,подсолнечник,0.2450841471989825,0.28335891455930196,911,7,0.038274767360319456
11860,AOI-0019,2025-08-06,подсолнечник,0.311862068113539,0.2693835097439673,911,8,-0.042478558369571706
11883,AOI-0019,2025-08-29,подсолнечник,0.203562872355284,0.22492515245859762,911,8,0.02136228010331362
11890,AOI-0019,2025-09-05,подсолнечник,0.2001024735398592,0.23779109222632563,911,9,0.037688618686466446
11893,AOI-0019,2025-09-08,подсолнечник,0.1842877545245206,0.17887453909507817,911,9,-0.005413215429442425
11931,AOI-0019,2025-10-16,подсолнечник,0.2316765654033476,0.23317708546063495,911,10,0.0015005200572873467
11991,AOI-0020,2025-05-16,подсолнечник,0.6299867752624662,0.6205018352110508,911,5,-0.009484940051415314
12033,AOI-0020,2025-06-27,подсолнечник,0.4855649469660329,0.4634827405870423,911,6,-0.02208220637899061
12046,AOI-0020,2025-07-10,подсолнечник,0.3783572620375012,0.3725357751291773,911,7,-0.005821486908323903
12051,AOI-0020,2025-07-15,подсолнечник,0.3328685710089054,0.304704375582994,911,7,-0.028164195425911365
12069,AOI-0020,2025-08-02,подсолнечник,0.2130883932125037,0.25556693320103724,911,8,0.04247853998853354
12079,AOI-0020,2025-08-12,подсолнечник,0.2697206967991234,0.21946937185931914,911,8,-0.050251324939804276
12099,AOI-0020,2025-09-01,подсолнечник,0.1978918201741686,0.18164814611853067,911,9,-0.016243674055637924
12144,AOI-0020,2025-10-16,подсолнечник,0.212049740866324,0.23345789783434664,911,10,0.021408156968022646
12145,AOI-0020,2025-10-17,подсолнечник,0.233865827189274,0.22766029584031164,911,10,-0.006205531348962373
12165,AOI-0021,2025-04-07,подсолнечник,0.4999139110070257,0.4387651972038507,911,4,-0.06114871380317499
12176,AOI-0021,2025-04-18,подсолнечник,0.2974380085048252,0.3172714117662892,911,4,0.01983340326146399
12194,AOI-0021,2025-05-06,подсолнечник,0.4834052112944264,0.4914472937482021,911,5,0.008042082453775745
12197,AOI-0021,2025-05-09,подсолнечник,0.7105611709601873,0.6457491560183125,911,5,-0.06481201494187483
12226,AOI-0021,2025-06-07,подсолнечник,0.5291008094788844,0.530534572378065,911,6,0.001433762899180624
12247,AOI-0021,2025-06-28,подсолнечник,0.2291664022037008,0.40547228605363583,911,6,0.17630588384993504
12289,AOI-0021,2025-08-09,подсолнечник,0.226210240238258,0.24212370995728466,911,8,0.015913469719026657
12297,AOI-0021,2025-08-17,подсолнечник,0.245067377382301,0.26391115441527757,911,8,0.018843777032976572
12304,AOI-0021,2025-08-24,подсолнечник,0.2131980404111843,0.20356773128524389,911,8,-0.0096303091259404
12402,AOI-0022,2025-05-01,подсолнечник,0.8225395304905835,0.8257399401831231,911,5,0.003200409692539652
12442,AOI-0022,2025-06-10,подсолнечник,0.5869727923627686,0.6696186187491524,911,6,0.08264582638638385
12462,AOI-0022,2025-06-30,подсолнечник,0.2302506259957163,0.23736738113000133,911,6,0.00711675513428503
12467,AOI-0022,2025-07-05,подсолнечник,0.2095047082741032,0.17868574337212298,911,7,-0.030818964901980217
12474,AOI-0022,2025-07-12,подсолнечник,0.2644209001022844,0.2580302466161859,911,7,-0.006390653486098519
12510,AOI-0022,2025-08-17,подсолнечник,0.150097626248079,0.17796725515072254,911,8,0.027869628902643523
12515,AOI-0022,2025-08-22,подсолнечник,0.1549816580717013,0.14061775767520301,911,8,-0.014363900396498291
12525,AOI-0022,2025-09-01,подсолнечник,0.1370923721838018,0.13770472298626163,911,9,0.0006123508024598323
12532,AOI-0022,2025-09-08,подсолнечник,0.1108891393009764,0.14390931357151743,911,9,0.03302017427054103
12591,AOI-0023,2025-04-07,подсолнечник,0.3200801322678424,0.3485004476843349,911,4,0.028420315416492536
12598,AOI-0023,2025-04-14,подсолнечник,0.1892851159763136,0.18686463578973841,911,4,-0.0024204801865751746
12620,AOI-0023,2025-05-06,подсолнечник,0.1835094079182715,0.23390858286515775,911,5,0.050399174946886255
12656,AOI-0023,2025-06-11,подсолнечник,0.6652066873349798,0.5973345702336232,911,6,-0.06787211710135654
12685,AOI-0023,2025-07-10,подсолнечник,0.5299347196703197,0.5058921644225403,911,7,-0.02404255524777943
12738,AOI-0023,2025-09-01,подсолнечник,0.1354912187445349,0.13670201033269846,911,9,0.0012107915881635622
12742,AOI-0023,2025-09-05,подсолнечник,0.1376197980409296,0.14492976431435975,911,9,0.007309966273430141
12745,AOI-0023,2025-09-08,подсолнечник,0.1193045615178804,0.159029306812758,911,9,0.039724745294877614
12761,AOI-0023,2025-09-24,подсолнечник,0.2095903416927168,0.19516049388898665,911,9,-0.014429847803730134
12831,AOI-0024,2025-05-04,подсолнечник,0.2041284563712169,0.2186225244106174,911,5,0.01449406803940051
12869,AOI-0024,2025-06-11,подсолнечник,0.4498592679152297,0.44791193343148356,911,6,-0.0019473344837461215
12885,AOI-0024,2025-06-27,подсолнечник,0.6669552415799758,0.5891651446740337,911,6,-0.07779009690594207
12888,AOI-0024,2025-06-30,подсолнечник,0.6601299381302443,0.5888521719291774,911,6,-0.07127776620106696
12917,AOI-0024,2025-07-29,подсолнечник,0.3796697610651833,0.332017239913663,911,7,-0.0476525211515203
12934,AOI-0024,2025-08-15,подсолнечник,0.3197544073973973,0.29949221547097715,911,8,-0.020262191926420148
12948,AOI-0024,2025-08-29,подсолнечник,0.2429317600436004,0.27048936685182573,911,8,0.027557606808225332
12951,AOI-0024,2025-09-01,подсолнечник,0.2264446735521077,0.2139963337675524,911,9,-0.012448339784555312
12966,AOI-0024,2025-09-16,подсолнечник,0.2156266927811415,0.21935406395422466,911,9,0.003727371173083166
13021,AOI-0025,2025-05-14,озимая пшеница,0.1871390644589766,0.20137964400845013,911,5,0.014240579549473525
13034,AOI-0025,2025-07-12,озимая пшеница,0.2819854967948718,0.23237585591930804,911,7,-0.04960964087556374
13057,AOI-0025,2025-09-15,озимая пшеница,0.2110648714390205,0.17006400310658712,911,9,-0.04100086833243338
13061,AOI-0025,2025-09-30,озимая пшеница,0.4440927083333334,0.30831791864679187,911,9,-0.13577478968654155
13064,AOI-0025,2025-10-28,озимая пшеница,0.7249030115979403,0.23576670199157562,911,10,-0.4891363096063647
13133,AOI-0026,2025-06-08,озимая пшеница,0.8405068804114048,0.8284583119440466,911,6,-0.012048568467358134
13160,AOI-0026,2025-07-05,озимая пшеница,0.3199428501489813,0.2608123394340982,911,7,-0.05913051071488307
13233,AOI-0026,2025-09-16,озимая пшеница,0.124963881182381,0.1565934179700604,911,9,0.03162953678767941
13243,AOI-0026,2025-09-26,озимая пшеница,0.1586704713567706,0.16022136908478132,911,9,0.0015508977280107306
13265,AOI-0026,2025-10-18,озимая пшеница,0.3103560449197975,0.2887462368977612,911,10,-0.021609808022036325
13275,AOI-0026,2025-10-28,озимая пшеница,0.5279286813147064,0.3031574979276451,911,10,-0.22477118338706126
13288,AOI-0027,2025-05-14,озимая пшеница,0.8805039466670411,0.7703527771837141,911,5,-0.11015116948332704
13296,AOI-0027,2025-06-26,озимая пшеница,0.4745955465587045,0.4431900986002883,911,6,-0.03140544795841621
13304,AOI-0027,2025-07-21,озимая пшеница,0.3081509329045842,0.24753677960698348,911,7,-0.0606141532976007
13306,AOI-0027,2025-07-28,озимая пшеница,0.2340270408000594,0.3370993695031935,911,7,0.10307232870313413
13320,AOI-0027,2025-09-07,озимая пшеница,0.258787627351259,0.24860196372408433,911,9,-0.010185663627174657
13490,AOI-0028,2010-09-06,озимая пшеница,0.2203123066343024,0.2047075050826787,911,9,-0.015604801551623693
13530,AOI-0028,2010-10-16,озимая пшеница,0.1629195902999978,0.2230335324829994,911,10,0.06011394218300159
13567,AOI-0028,2011-04-23,озимая пшеница,0.2424492169062434,0.36137187246227614,911,4,0.11892265555603274
13570,AOI-0028,2011-04-26,озимая пшеница,0.1696729334501159,0.20322331279829148,911,4,0.03355037934817559
13711,AOI-0028,2011-09-14,озимая пшеница,0.3177573052992922,0.3569656930266949,911,9,0.039208387727402705
13795,AOI-0028,2012-05-08,озимая пшеница,0.807273911177859,0.7954942652771182,911,5,-0.011779645900740765
13811,AOI-0028,2012-05-24,озимая пшеница,0.7469630980476294,0.7143924512684185,911,5,-0.03257064677921084
13985,AOI-0028,2013-04-15,озимая пшеница,0.2347891856550519,0.1780683272271481,911,4,-0.05672085842790381
14025,AOI-0028,2013-05-25,озимая пшеница,0.3659949152542374,0.3006260510107715,911,5,-0.06536886424346589
14249,AOI-0028,2014-06-05,озимая пшеница,0.8909375488018059,0.8000619013538679,911,6,-0.09087564744793797
14321,AOI-0028,2014-08-16,озимая пшеница,0.1406593276745538,0.1814248431453277,911,8,0.040765515470773894
14334,AOI-0028,2014-08-29,озимая пшеница,0.1909038832868483,0.2327152645121402,911,8,0.041811381225291905
14435,AOI-0028,2015-05-09,озимая пшеница,0.4186682257026391,0.46352315250633114,911,5,0.04485492680369202
14483,AOI-0028,2015-06-26,озимая пшеница,0.7888850032181939,0.7454622365099774,911,6,-0.04342276670821643
14569,AOI-0028,2015-09-20,озимая пшеница,0.1619817010776604,0.17194699025379478,911,9,0.009965289176134373
14688,AOI-0028,2016-06-18,озимая пшеница,0.4981098050282317,0.4933617957058248,911,6,-0.004748009322406932
14807,AOI-0028,2016-10-15,озимая пшеница,0.2626695773439176,0.2764886380633025,911,10,0.013819060719384879
14816,AOI-0028,2016-10-24,озимая пшеница,0.1621425012137316,0.16498185965101902,911,10,0.0028393584372874148
14861,AOI-0028,2017-05-09,озимая пшеница,0.6168846384895946,0.7398403116289282,911,5,0.12295567313933353
14880,AOI-0028,2017-05-28,озимая пшеница,0.8525597352922727,0.819324191884881,911,5,-0.033235543407391654
14958,AOI-0028,2017-08-14,озимая пшеница,0.1550520434611182,0.15882507475098215,911,8,0.0037730312898639484
14976,AOI-0028,2017-09-01,озимая пшеница,0.2442291235759381,0.19863064729407554,911,9,-0.04559847628186256
15058,AOI-0028,2018-04-23,озимая пшеница,0.8934098905814207,0.8368426219390579,911,4,-0.056567268642362833
15064,AOI-0028,2018-04-29,озимая пшеница,0.898137211061533,0.8200505887709655,911,4,-0.07808662229056751
15066,AOI-0028,2018-05-01,озимая пшеница,0.9131289584924144,0.821697468196302,911,5,-0.09143149029611242
15232,AOI-0028,2018-10-14,озимая пшеница,0.1420807026917213,0.17916102973242676,911,10,0.03708032704070546
15255,AOI-0028,2019-04-07,озимая пшеница,0.2527769577343918,0.29796462821601066,911,4,0.04518767048161887
15284,AOI-0028,2019-05-06,озимая пшеница,0.1969253130055652,0.19501879912400436,911,5,-0.0019065138815608507
15287,AOI-0028,2019-05-09,озимая пшеница,0.3547792962883503,0.4364403116300074,911,5,0.0816610153416571
15324,AOI-0028,2019-06-15,озимая пшеница,0.1003258679846486,0.12796940870731902,911,6,0.027643540722670418
15364,AOI-0028,2019-07-25,озимая пшеница,0.0683660681782322,0.20156523209345187,911,7,0.1331991639152197
15389,AOI-0028,2019-08-19,озимая пшеница,0.1443227726818939,0.14554162486307085,911,8,0.0012188521811769548
15491,AOI-0028,2020-04-30,озимая пшеница,0.8742519036750565,0.8327598182585212,911,4,-0.04149208541653526
15516,AOI-0028,2020-05-25,озимая пшеница,0.7932224569011563,0.8161308011463291,911,5,0.02290834424517274
15559,AOI-0028,2020-07-07,озимая пшеница,0.2816548687295254,0.2510956489770191,911,7,-0.030559219752506306
15626,AOI-0028,2020-09-12,озимая пшеница,0.1403144760516989,0.14099668898494389,911,9,0.0006822129332449967
15636,AOI-0028,2020-09-22,озимая пшеница,0.159909504917485,0.14124919123570812,911,9,-0.018660313681776897
15651,AOI-0028,2020-10-07,озимая пшеница,0.160459046215323,0.14884743120031652,911,10,-0.011611615015006488
15689,AOI-0028,2021-04-15,озимая пшеница,0.0627113199491227,0.1876486428655632,911,4,0.12493732291644051
15703,AOI-0028,2021-04-29,озимая пшеница,0.2255612809735698,0.21466944018350081,911,4,-0.010891840790068996
15744,AOI-0028,2021-06-09,озимая пшеница,0.4947614695956568,0.4601794504425477,911,6,-0.0345820191531091
15809,AOI-0028,2021-08-13,озимая пшеница,0.3468204033469214,0.5239943487308162,911,8,0.1771739453838948
15824,AOI-0028,2021-08-28,озимая пшеница,0.3072153282970369,0.3282963001904694,911,8,0.0210809718934325
15958,AOI-0028,2022-06-10,озимая пшеница,0.8651373739540873,0.799014750180757,911,6,-0.06612262377333034
15966,AOI-0028,2022-06-18,озимая пшеница,0.7998920473451544,0.812114797921407,911,6,0.01222275057625255
15983,AOI-0028,2022-07-05,озимая пшеница,0.3072171111402232,0.29475557354674115,911,7,-0.012461537593482064
15995,AOI-0028,2022-07-17,озимая пшеница,0.2378693663317686,0.24937347568361906,911,7,0.01150410935185045
16070,AOI-0028,2022-09-30,озимая пшеница,0.2246818708431667,0.2069043617702795,911,9,-0.01777750907288722
16072,AOI-0028,2022-10-02,озимая пшеница,0.1578892670542754,0.12981148491317593,911,10,-0.02807778214109946
16123,AOI-0028,2023-04-23,озимая пшеница,0.3286591074876637,0.33757005937874696,911,4,0.008910951891083263
16155,AOI-0028,2023-05-25,озимая пшеница,0.4004074232997211,0.3780654599877188,911,5,-0.022341963312002333
16207,AOI-0028,2023-07-16,озимая пшеница,0.2454350017286234,0.16999756072813488,911,7,-0.07543744100048852
16225,AOI-0028,2023-08-03,озимая пшеница,0.1397467471446214,0.1496305822861126,911,8,0.009883835141491187
16267,AOI-0028,2023-09-14,озимая пшеница,0.2535292855610384,0.3005629738362435,911,9,0.0470336882752051
16279,AOI-0028,2023-09-26,озимая пшеница,0.2044076686507535,0.25403499267348245,911,9,0.04962732402272896
16399,AOI-0028,2024-06-25,озимая пшеница,0.2447923192447973,0.32551271715476054,911,6,0.08072039790996324
16415,AOI-0028,2024-07-11,озимая пшеница,0.2259216262604591,0.2860417533247749,911,7,0.06012012706431577
16430,AOI-0028,2024-07-26,озимая пшеница,0.1790962766842843,0.16410010396911107,911,7,-0.014996172715173228
16502,AOI-0028,2024-10-06,озимая пшеница,0.1215890642363841,0.1338772954078896,911,10,0.012288231171505487
16507,AOI-0028,2024-10-11,озимая пшеница,0.1135360893936424,0.12871884987102175,911,10,0.015182760477379348
16557,AOI-0028,2025-05-01,озимая пшеница,0.2433966335664763,0.25524524110756686,911,5,0.011848607541090544
16590,AOI-0028,2025-06-03,озимая пшеница,0.7128619987537159,0.6012026805691761,911,6,-0.11165931818453978
16635,AOI-0028,2025-07-18,озимая пшеница,0.1602667943790481,0.20154320352111163,911,7,0.04127640914206354
16660,AOI-0028,2025-08-12,озимая пшеница,0.156439291921305,0.1355438520528669,911,8,-0.020895439868438115
16677,AOI-0028,2025-08-29,озимая пшеница,0.1426281470155258,0.18018144104963962,911,8,0.03755329403411381
16705,AOI-0028,2025-09-26,озимая пшеница,0.1781674371484045,0.17899742029757476,911,9,0.0008299831491702658
16755,AOI-0029,2025-04-16,озимая пшеница,0.7471235370896406,0.7230372869790929,911,4,-0.02408625011054777
16790,AOI-0029,2025-05-21,озимая пшеница,0.8408423294602735,0.8113077674527059,911,5,-0.029534562007567544
16803,AOI-0029,2025-06-03,озимая пшеница,0.8203693251461899,0.6066066625853964,911,6,-0.21376266256079346
16873,AOI-0029,2025-08-12,озимая пшеница,0.1270308382584013,0.11688839129103602,911,8,-0.010142446967365285
16883,AOI-0029,2025-08-22,озимая пшеница,0.1207905088997173,0.12676951391150315,911,8,0.005979005011785846
16922,AOI-0029,2025-09-30,озимая пшеница,0.242398798521257,0.238994572143714,911,9,-0.003404226377543007
17040,AOI-0030,2025-06-27,озимая пшеница,0.7928235200882544,0.7102079655781884,911,6,-0.08261555451006597
17055,AOI-0030,2025-07-12,озимая пшеница,0.6820057211925867,0.6588979119415684,911,7,-0.023107809251018296
17072,AOI-0030,2025-07-29,озимая пшеница,0.7274659623021005,0.6881507081113413,911,7,-0.03931525419075921
17073,AOI-0030,2025-07-30,озимая пшеница,0.6839165001557699,0.677285014749587,911,7,-0.006631485406182858
17080,AOI-0030,2025-08-06,озимая пшеница,0.7137678420234612,0.6222166799429796,911,8,-0.09155116208048164
17113,AOI-0030,2025-09-08,озимая пшеница,0.6355753930652632,0.6368461882575215,911,9,0.001270795192258256
17151,AOI-0030,2025-10-16,озимая пшеница,0.2754710706537814,0.4746883394192704,911,10,0.199217268765489
17188,AOI-0031,2010-04-23,пастбища/зерновые,0.702626724137931,0.6401145932717537,911,4,-0.06251213086617735
17239,AOI-0031,2010-06-13,пастбища/зерновые,0.3172588395680411,0.31688028937516355,911,6,-0.0003785501928775248
17262,AOI-0031,2010-07-06,пастбища/зерновые,0.1653196540980207,0.17590010948547055,911,7,0.010580455387449839
17319,AOI-0031,2010-09-01,пастбища/зерновые,0.1316616136238649,0.1202474921820939,911,9,-0.01141412144177098
17497,AOI-0031,2011-07-28,пастбища/зерновые,0.2544715927750409,0.27377536462749263,911,7,0.019303771852451745
17527,AOI-0031,2011-08-27,пастбища/зерновые,0.1811065635132581,0.1984296776658416,911,8,0.017323114152583502
17542,AOI-0031,2011-09-11,пастбища/зерновые,0.1799167622563808,0.17107273181883606,911,9,-0.008844030437544753
17561,AOI-0031,2011-09-30,пастбища/зерновые,0.2824682327816337,0.2861346834816354,911,9,0.003666450700001711
17622,AOI-0031,2012-05-01,пастбища/зерновые,0.1973019202366002,0.1808859178702468,911,5,-0.016416002366353405
17629,AOI-0031,2012-05-08,пастбища/зерновые,0.2263386263209412,0.2970320983455228,911,5,0.0706934720245816
17894,AOI-0031,2013-06-29,пастбища/зерновые,0.2270786036164506,0.19149707257389387,911,6,-0.035581531042556735
17909,AOI-0031,2013-07-14,пастбища/зерновые,0.1633204211141174,0.17827615074897873,911,7,0.014955729634861331
17955,AOI-0031,2013-08-29,пастбища/зерновые,0.2371887931034482,0.29105131376536664,911,8,0.053862520661918434
17971,AOI-0031,2013-09-14,пастбища/зерновые,0.2333284619594964,0.318627132261943,911,9,0.08529867030244659
18077,AOI-0031,2014-05-30,пастбища/зерновые,0.3957641766799539,0.4206551224576896,911,5,0.024890945777735707
18118,AOI-0031,2014-07-10,пастбища/зерновые,0.2029373390622502,0.17470747488427776,911,7,-0.028229864177972436
18134,AOI-0031,2014-07-26,пастбища/зерновые,0.1560195634397003,0.15263793121786365,911,7,-0.0033816322218366557
18157,AOI-0031,2014-08-18,пастбища/зерновые,0.1496987268818717,0.14244759243384691,911,8,-0.007251134448024776
18262,AOI-0031,2015-05-02,пастбища/зерновые,0.2592950774503001,0.22360236690913837,911,5,-0.03569271054116174
18294,AOI-0031,2015-06-03,пастбища/зерновые,0.5072079717783632,0.4369143380135766,911,6,-0.07029363376478659
18381,AOI-0031,2015-08-29,пастбища/зерновые,0.2249722593961531,0.22403076256887666,911,8,-0.0009414968272764279
18389,AOI-0031,2015-09-06,пастбища/зерновые,0.1833225358561588,0.16504527752249482,911,9,-0.018277258333663976
18422,AOI-0031,2015-10-09,пастбища/зерновые,0.2132778588544204,0.1767614578092378,911,10,-0.03651640104518261
18452,AOI-0031,2016-04-09,пастбища/зерновые,0.3526176045832514,0.3366241983801918,911,4,-0.015993406203059612
18493,AOI-0031,2016-05-20,пастбища/зерновые,0.8631232242735285,0.6750147439304492,911,5,-0.18810848034307925
18533,AOI-0031,2016-06-29,пастбища/зерновые,0.2421606488761403,0.2529103796432339,911,6,0.010749730767093568
18588,AOI-0031,2016-08-23,пастбища/зерновые,0.2149950624557354,0.19381419869538727,911,8,-0.02118086376034814
18596,AOI-0031,2016-08-31,пастбища/зерновые,0.2416430658974032,0.20736115611064965,911,8,-0.03428190978675355
18679,AOI-0031,2017-04-23,пастбища/зерновые,0.7163020935960592,0.6608496366045181,911,4,-0.05545245699154111
18685,AOI-0031,2017-04-29,пастбища/зерновые,0.5725040655965881,0.592454115357176,911,4,0.019950049760587896
18766,AOI-0031,2017-07-19,пастбища/зерновые,0.20891103917837,0.18914630414341285,911,7,-0.019764735034957154
18826,AOI-0031,2017-09-17,пастбища/зерновые,0.3108397662306014,0.2921155255253909,911,9,-0.018724240705210504
18828,AOI-0031,2017-09-19,пастбища/зерновые,0.3396034699710664,0.3211890966410556,911,9,-0.01841437333001078
18839,AOI-0031,2017-09-30,пастбища/зерновые,0.2978891899288451,0.3167914255787726,911,9,0.01890223564992749
18844,AOI-0031,2017-10-05,пастбища/зерновые,0.2799011637476682,0.24085790992308725,911,10,-0.03904325382458096
18916,AOI-0031,2018-05-17,пастбища/зерновые,0.6701976838999466,0.6112255791381741,911,5,-0.058972104761772504
18972,AOI-0031,2018-07-12,пастбища/зерновые,0.209101155526488,0.331528491118712,911,7,0.12242733559222402
18980,AOI-0031,2018-07-20,пастбища/зерновые,0.501325890665839,0.2759532027562063,911,7,-0.22537268790963272
18981,AOI-0031,2018-07-21,пастбища/зерновые,0.4242522431526229,0.24875866794359613,911,7,-0.17549357520902675
19037,AOI-0031,2018-09-15,пастбища/зерновые,0.1964185496537709,0.17544205917350045,911,9,-0.02097649048027045
19105,AOI-0031,2019-04-23,пастбища/зерновые,0.6318843474785198,0.6560644183193083,911,4,0.024180070840788437
19133,AOI-0031,2019-05-21,пастбища/зерновые,0.729655933054602,0.7636097134290788,911,5,0.03395378037447683
19160,AOI-0031,2019-06-17,пастбища/зерновые,0.1682955078809165,0.17917298325981637,911,6,0.010877475378899881
19190,AOI-0031,2019-07-17,пастбища/зерновые,0.1551807511309161,0.13190867117341432,911,7,-0.023272079957501773
19197,AOI-0031,2019-07-24,пастбища/зерновые,0.274268010779135,0.24200255961061584,911,7,-0.032265451168519144
19202,AOI-0031,2019-07-29,пастбища/зерновые,0.4330411058700126,0.37902334229295165,911,7,-0.05401776357706095
19237,AOI-0031,2019-09-02,пастбища/зерновые,0.2416047178562247,0.23273291441603206,911,9,-0.008871803440192644
19245,AOI-0031,2019-09-10,пастбища/зерновые,0.2332599331994125,0.20351097903398344,911,9,-0.029748954165429053
19247,AOI-0031,2019-09-12,пастбища/зерновые,0.2147296969955364,0.20371735560078533,911,9,-0.011012341394751074
19260,AOI-0031,2019-09-25,пастбища/зерновые,0.1191515314298577,0.18125045814261626,911,9,0.06209892671275856
19299,AOI-0031,2020-04-04,пастбища/зерновые,0.2766531083384021,0.4133697108078286,911,4,0.13671660246942646
19324,AOI-0031,2020-04-29,пастбища/зерновые,0.4970802555078966,0.4271484094466297,911,4,-0.0699318460612669
19329,AOI-0031,2020-05-04,пастбища/зерновые,0.5054206710003811,0.42171992894045285,911,5,-0.08370074205992828
19354,AOI-0031,2020-05-29,пастбища/зерновые,0.4760836935746508,0.4511612522276168,911,5,-0.024922441347033975
19420,AOI-0031,2020-08-03,пастбища/зерновые,0.175731915853345,0.15941529281738726,911,8,-0.01631662303595774
19422,AOI-0031,2020-08-05,пастбища/зерновые,0.1267090403578828,0.11618000773818925,911,8,-0.010529032619693554
19432,AOI-0031,2020-08-15,пастбища/зерновые,0.1178029852296836,0.09008316628762211,911,8,-0.02771981894206149
19452,AOI-0031,2020-09-04,пастбища/зерновые,0.1342994874059621,0.11732762613135991,911,9,-0.01697186127460218
19459,AOI-0031,2020-09-11,пастбища/зерновые,0.1358435828030216,0.12505977875654908,911,9,-0.010783804046472528
19483,AOI-0031,2020-10-05,пастбища/зерновые,0.1238204206707525,0.12800593003473681,911,10,0.004185509363984319
19531,AOI-0031,2021-04-23,пастбища/зерновые,0.251158735155097,0.32541667569541216,911,4,0.07425794054031515
19545,AOI-0031,2021-05-07,пастбища/зерновые,0.2058213549455015,0.19729019581579582,911,5,-0.008531159129705673
19548,AOI-0031,2021-05-10,пастбища/зерновые,0.2631786086647761,0.25270405579899013,911,5,-0.010474552865785969
19567,AOI-0031,2021-05-29,пастбища/зерновые,0.1716675472893819,0.228736826100774,911,5,0.05706927881139209
19587,AOI-0031,2021-06-18,пастбища/зерновые,0.1214046325578243,0.16918997695421373,911,6,0.04778534439638943
19595,AOI-0031,2021-06-26,пастбища/зерновые,0.1258376399991798,0.16490538747029665,911,6,0.039067747471116854
19692,AOI-0031,2021-10-01,пастбища/зерновые,0.2525177608535309,0.19812514016371574,911,10,-0.05439262068981515
19712,AOI-0031,2021-10-21,пастбища/зерновые,0.1884544958688578,0.22923329748105856,911,10,0.040778801612200766
19731,AOI-0031,2022-04-10,пастбища/зерновые,0.6352745149872918,0.5840498683884078,911,4,-0.05122464659888404
19732,AOI-0031,2022-04-11,пастбища/зерновые,0.677106079511161,0.6002784248239525,911,4,-0.07682765468720842
19763,AOI-0031,2022-05-12,пастбища/зерновые,0.8750111402014498,0.8598553383048879,911,5,-0.015155801896561849
19787,AOI-0031,2022-06-05,пастбища/зерновые,0.8137639539678229,0.8307552610837623,911,6,0.016991307115939436
19795,AOI-0031,2022-06-13,пастбища/зерновые,0.6107896183923692,0.7186720390564554,911,6,0.10788242066408615
19895,AOI-0031,2022-09-21,пастбища/зерновые,0.1345258143287966,0.14276485138616837,911,9,0.008239037057371779
19913,AOI-0031,2022-10-09,пастбища/зерновые,0.2264884819464411,0.20363164984063242,911,10,-0.02285683210580869
19918,AOI-0031,2022-10-14,пастбища/зерновые,0.2301318368536889,0.20377855519396204,911,10,-0.026353281659726863
19937,AOI-0031,2023-04-03,пастбища/зерновые,0.385155723582915,0.2671053425087669,911,4,-0.11805038107414811
19946,AOI-0031,2023-04-12,пастбища/зерновые,0.3827113282214545,0.3549883032537932,911,4,-0.02772302496766127
19988,AOI-0031,2023-05-24,пастбища/зерновые,0.4439956250928065,0.43254605435600113,911,5,-0.011449570736805359
19989,AOI-0031,2023-05-25,пастбища/зерновые,0.5462349616858237,0.5627717188038639,911,5,0.016536757118040146
20015,AOI-0031,2023-06-20,пастбища/зерновые,0.296318772377767,0.28295051704590346,911,6,-0.013368255331863532
20038,AOI-0031,2023-07-13,пастбища/зерновые,0.3186349433024247,0.3411836687463847,911,7,0.022548725443960027
20068,AOI-0031,2023-08-12,пастбища/зерновые,0.2529310568700387,0.23615684899263795,911,8,-0.01677420787740075
20078,AOI-0031,2023-08-22,пастбища/зерновые,0.2224192296839935,0.19942259870187695,911,8,-0.022996630982116545
20116,AOI-0031,2023-09-29,пастбища/зерновые,0.1786661223791219,0.16851464886810807,911,9,-0.010151473511013837
20200,AOI-0031,2024-05-23,пастбища/зерновые,0.1519454873439152,0.21733682439959975,911,5,0.06539133705568456
20201,AOI-0031,2024-05-24,пастбища/зерновые,0.3106598385331143,0.2557142214309872,911,5,-0.05494561710212709
20228,AOI-0031,2024-06-20,пастбища/зерновые,0.1323383501785415,0.11840786333266719,911,6,-0.01393048684587432
20238,AOI-0031,2024-06-30,пастбища/зерновые,0.1514868343316493,0.1189663645071585,911,6,-0.032520469824490805
20242,AOI-0031,2024-07-04,пастбища/зерновые,0.1817623114064217,0.1718274837587442,911,7,-0.009934827647677502
20259,AOI-0031,2024-07-21,пастбища/зерновые,0.1734115057663864,0.17759974508406323,911,7,0.0041882393176768395
20308,AOI-0031,2024-09-08,пастбища/зерновые,0.143516620554385,0.13709131394392235,911,9,-0.006425306610462644
20313,AOI-0031,2024-09-13,пастбища/зерновые,0.1486169678935706,0.17639545888782093,911,9,0.027778490994250338
20338,AOI-0031,2024-10-08,пастбища/зерновые,0.1590727951150742,0.12913701667231334,911,10,-0.029935778442760852
20381,AOI-0031,2025-04-21,пастбища/зерновые,0.5348007516024812,0.48923152523294866,911,4,-0.045569226369532534
20399,AOI-0031,2025-05-09,пастбища/зерновые,0.7744615489874109,0.7948106983554754,911,5,0.020349149368064423
20431,AOI-0031,2025-06-10,пастбища/зерновые,0.6397298595415419,0.6020861215730122,911,6,-0.03764373796852971
20451,AOI-0031,2025-06-30,пастбища/зерновые,0.3807988706105868,0.34190395924920325,911,6,-0.038894911361383566
20453,AOI-0031,2025-07-02,пастбища/зерновые,0.3567879566518773,0.3460273934372838,911,7,-0.01076056321459351
20468,AOI-0031,2025-07-17,пастбища/зерновые,0.1918400645688652,0.18247462523853608,911,7,-0.009365439330329128
20506,AOI-0031,2025-08-24,пастбища/зерновые,0.1383653824415889,0.15028885051503504,911,8,0.01192346807344613
20507,AOI-0031,2025-08-25,пастбища/зерновые,0.219488508065879,0.1823961372024826,911,8,-0.037092370863396396
20568,AOI-0031,2025-10-25,пастбища/зерновые,0.1586122489886481,0.2469813997058134,911,10,0.0883691507171653
20628,AOI-0032,2010-05-25,пастбища/зерновые,0.4149659176029963,0.3914245049945295,911,5,-0.02354141260846676
20660,AOI-0032,2010-06-26,пастбища/зерновые,0.2810157927590512,0.25939583466034877,911,6,-0.02161995809870243
20751,AOI-0032,2010-09-25,пастбища/зерновые,0.136087594688377,0.12683664152151936,911,9,-0.009250953166857645
20772,AOI-0032,2010-10-16,пастбища/зерновые,0.2456180399500624,0.19692607543938812,911,10,-0.048691964510674285
20847,AOI-0032,2011-05-31,пастбища/зерновые,0.8451738143440608,0.7945826080483044,911,5,-0.05059120629575642
20921,AOI-0032,2011-08-13,пастбища/зерновые,0.3426881398252185,0.29868652343076696,911,8,-0.04400161639445155
20953,AOI-0032,2011-09-14,пастбища/зерновые,0.2732870162297129,0.2688431947328756,911,9,-0.004443821496837308
20966,AOI-0032,2011-09-27,пастбища/зерновые,0.1929361200547758,0.20285301891662938,911,9,0.009916898861853568
21069,AOI-0032,2012-06-09,пастбища/зерновые,0.3621235330836455,0.45480201580408913,911,6,0.09267848272044366
21181,AOI-0032,2012-09-29,пастбища/зерновые,0.1440060211958398,0.17880306396185722,911,9,0.034797042766017416
21214,AOI-0032,2013-04-02,пастбища/зерновые,0.1791769954887806,0.1572918267620647,911,4,-0.021885168726715892
21230,AOI-0032,2013-04-18,пастбища/зерновые,0.2136516433893146,0.36766953789342577,911,4,0.15401789450411116
21245,AOI-0032,2013-05-03,пастбища/зерновые,0.2969537236977998,0.26903795938629654,911,5,-0.027915764311503277
21267,AOI-0032,2013-05-25,пастбища/зерновые,0.4795040574282147,0.4544207408015994,911,5,-0.025083316626615337
21438,AOI-0032,2014-04-13,пастбища/зерновые,0.3894917174128488,0.37218277637633296,911,4,-0.017308941036515868
21464,AOI-0032,2014-05-09,пастбища/зерновые,0.6634074906367043,0.6369892952065566,911,5,-0.026418195430147784
21533,AOI-0032,2014-07-17,пастбища/зерновые,0.1410582692217684,0.12475866548048865,911,7,-0.016299603741279742
21560,AOI-0032,2014-08-13,пастбища/зерновые,0.1783380149812734,0.1817241024324078,911,8,0.0033860874511343897
21670,AOI-0032,2015-05-02,пастбища/зерновые,0.2533192264900029,0.19178049219878568,911,5,-0.0615387342912172
21734,AOI-0032,2015-07-05,пастбища/зерновые,0.6806694315174014,0.46860620702226014,911,7,-0.2120632244951413
21741,AOI-0032,2015-07-12,пастбища/зерновые,0.294124531835206,0.42886942925432875,911,7,0.13474489741912277
21765,AOI-0032,2015-08-05,пастбища/зерновые,0.213559563468637,0.21170272215912647,911,8,-0.0018568413095105263
21873,AOI-0032,2016-04-22,пастбища/зерновые,0.2782151061173533,0.3428443073423737,911,4,0.06462920122502042
21901,AOI-0032,2016-05-20,пастбища/зерновые,0.2663198943988005,0.23425024433345143,911,5,-0.032069650065349065
21905,AOI-0032,2016-05-24,пастбища/зерновые,0.4666719101123595,0.35270812332482787,911,5,-0.1139637867875316
22033,AOI-0032,2016-09-29,пастбища/зерновые,0.3655053682896379,0.30517836178850605,911,9,-0.060327006501131875
22076,AOI-0032,2017-04-12,пастбища/зерновые,0.559287506784641,0.5188021201888767,911,4,-0.04048538659576428
22151,AOI-0032,2017-06-26,пастбища/зерновые,0.301348938826467,0.34764108582844744,911,6,0.04629214700198042
22156,AOI-0032,2017-07-01,пастбища/зерновые,0.2989413936820867,0.3583102984878782,911,7,0.05936890480579149
22183,AOI-0032,2017-07-28,пастбища/зерновые,0.214307365792759,0.20461133120770908,911,7,-0.009696034585049917
22247,AOI-0032,2017-09-30,пастбища/зерновые,0.2824167915106117,0.2185121527745083,911,9,-0.06390463873610341
22252,AOI-0032,2017-10-05,пастбища/зерновые,0.1861765637915092,0.1587576267785355,911,10,-0.02741893701297371
22310,AOI-0032,2018-05-03,пастбища/зерновые,0.1699347913705228,0.18316476536924337,911,5,0.013229973998720557
22324,AOI-0032,2018-05-17,пастбища/зерновые,0.2274828968448995,0.20701430655151798,911,5,-0.020468590293381522
22325,AOI-0032,2018-05-18,пастбища/зерновые,0.196410144058953,0.21097491836362792,911,5,0.014564774304674927
22352,AOI-0032,2018-06-14,пастбища/зерновые,0.1500382555411484,0.14755706856292797,911,6,-0.0024811869782204454
22380,AOI-0032,2018-07-12,пастбища/зерновые,0.2376583645443196,0.1712685582330854,911,7,-0.0663898063112342
22510,AOI-0032,2019-04-20,пастбища/зерновые,0.6990049993346827,0.639697095036173,911,4,-0.05930790429850974
22532,AOI-0032,2019-05-12,пастбища/зерновые,0.8254520929233176,0.7878343223861111,911,5,-0.037617770537206496
22609,AOI-0032,2019-07-28,пастбища/зерновые,0.2448774032459425,0.24120262645679263,911,7,-0.003674776789149875
22615,AOI-0032,2019-08-03,пастбища/зерновые,0.1625328241320529,0.17748781957697346,911,8,0.014954995444920571
22621,AOI-0032,2019-08-09,пастбища/зерновые,0.1782436685377234,0.19673862065432687,911,8,0.018494952116603486
22655,AOI-0032,2019-09-12,пастбища/зерновые,0.1351979219033407,0.13266038506697234,911,9,-0.0025375368363683704
22685,AOI-0032,2019-10-12,пастбища/зерновые,0.0466424401771247,0.12124563323190235,911,10,0.07460319305477765
22693,AOI-0032,2019-10-20,пастбища/зерновые,0.2825030883130912,0.25242475185441043,911,10,-0.030078336458680743
22700,AOI-0032,2019-10-27,пастбища/зерновые,0.4159541653938381,0.2789536214309627,911,10,-0.13700054396287542
22742,AOI-0032,2020-05-09,пастбища/зерновые,0.4123093616947826,0.42755117684290955,911,5,0.015241815148126947
22767,AOI-0032,2020-06-03,пастбища/зерновые,0.347019617195251,0.36264343138182437,911,6,0.015623814186573382
22792,AOI-0032,2020-06-28,пастбища/зерновые,0.1331375822768925,0.1849500344635371,911,6,0.0518124521866446
22797,AOI-0032,2020-07-03,пастбища/зерновые,0.1229493232331393,0.13521443652669557,911,7,0.01226511329355627
22820,AOI-0032,2020-07-26,пастбища/зерновые,0.1197251643084899,0.13669633607056203,911,7,0.016971171762072135
22842,AOI-0032,2020-08-17,пастбища/зерновые,0.1275904543591421,0.12202501048154261,911,8,-0.0055654438775994824
22852,AOI-0032,2020-08-27,пастбища/зерновые,0.1263434867088773,0.11826070967458793,911,8,-0.008082777034289362
22867,AOI-0032,2020-09-11,пастбища/зерновые,0.1254985400561224,0.11970423582150787,911,9,-0.005794304234614536
22870,AOI-0032,2020-09-14,пастбища/зерновые,0.1237608858595258,0.10577092117939149,911,9,-0.017989964680134307
22883,AOI-0032,2020-09-27,пастбища/зерновые,0.1584402245208353,0.1381023536368765,911,9,-0.020337870883958803
22931,AOI-0032,2021-04-15,пастбища/зерновые,0.1588312845138579,0.13389416703294482,911,4,-0.024937117480913068
22955,AOI-0032,2021-05-09,пастбища/зерновые,0.3283284019975032,0.2582903955124718,911,5,-0.07003800648503139
22998,AOI-0032,2021-06-21,пастбища/зерновые,0.1364431080855829,0.16362095118141975,911,6,0.027177843095836846
23004,AOI-0032,2021-06-27,пастбища/зерновые,0.1780824803158557,0.19282565320650671,911,6,0.014743172890651024
23019,AOI-0032,2021-07-12,пастбища/зерновые,0.1965188889097781,0.22076652193305987,911,7,0.024247633023281784
23051,AOI-0032,2021-08-13,пастбища/зерновые,0.2020387016229713,0.1742005503090276,911,8,-0.02783815131394371
23068,AOI-0032,2021-08-30,пастбища/зерновые,0.1382437923956657,0.13674279034649034,911,8,-0.0015010020491753595
23099,AOI-0032,2021-09-30,пастбища/зерновые,0.2784773286874169,0.3060532977700131,911,9,0.027575969082596186
23141,AOI-0032,2022-04-12,пастбища/зерновые,0.7118360250015645,0.6710506277832621,911,4,-0.04078539721830243
23222,AOI-0032,2022-07-02,пастбища/зерновые,0.2620575249575386,0.24535137433575768,911,7,-0.016706150621780907
23260,AOI-0032,2022-08-09,пастбища/зерновые,0.1612172701330672,0.15029656109789136,911,8,-0.010920709035175835
23264,AOI-0032,2022-08-13,пастбища/зерновые,0.1664916354556804,0.15710466848048707,911,8,-0.00938696697519334
23273,AOI-0032,2022-08-22,пастбища/зерновые,0.1304195293950983,0.11096086291273585,911,8,-0.01945866648236244
23281,AOI-0032,2022-08-30,пастбища/зерновые,0.1077931813518989,0.09876212118231606,911,8,-0.009031060169582841
23318,AOI-0032,2022-10-06,пастбища/зерновые,0.1882375736283371,0.17237841070547158,911,10,-0.015859162922865516
23381,AOI-0032,2023-05-09,пастбища/зерновые,0.4267229088639202,0.4336175233854628,911,5,0.0068946145215425525
23413,AOI-0032,2023-06-10,пастбища/зерновые,0.6084878277153558,0.5282315402853561,911,6,-0.08025628742999968
23420,AOI-0032,2023-06-17,пастбища/зерновые,0.5883826993611538,0.5444553420984507,911,6,-0.04392735726270314
23455,AOI-0032,2023-07-22,пастбища/зерновые,0.4711884170051769,0.33671728721471483,911,7,-0.13447112979046205
23516,AOI-0032,2023-09-21,пастбища/зерновые,0.1998250165453574,0.1771424097750015,911,9,-0.022682606770355884
23526,AOI-0032,2023-10-01,пастбища/зерновые,0.1867199523918789,0.16152587715758127,911,10,-0.025194075234297647
23540,AOI-0032,2023-10-15,пастбища/зерновые,0.2058194590453736,0.19792110962264808,911,10,-0.00789834942272552
23547,AOI-0032,2023-10-22,пастбища/зерновые,0.2002749016077998,0.1750124842692919,911,10,-0.025262417338507898
23548,AOI-0032,2023-10-23,пастбища/зерновые,0.1980521575352425,0.16133673396514886,911,10,-0.036715423570093636
23561,AOI-0032,2024-04-06,пастбища/зерновые,0.1743804096712845,0.19402337333648173,911,4,0.019642963665197244
23636,AOI-0032,2024-06-20,пастбища/зерновые,0.1779463265970954,0.14443548712926696,911,6,-0.03351083946782843
23661,AOI-0032,2024-07-15,пастбища/зерновые,0.1359054416186272,0.13157556377573493,911,7,-0.004329877842892266
23667,AOI-0032,2024-07-21,пастбища/зерновые,0.1896724684736888,0.19089058661640446,911,7,0.0012181181427156629
23686,AOI-0032,2024-08-09,пастбища/зерновые,0.1510537607422278,0.14298191001252875,911,8,-0.008071850729699043
23691,AOI-0032,2024-08-14,пастбища/зерновые,0.1742379601885914,0.17685125542416266,911,8,0.0026132952355712724
23698,AOI-0032,2024-08-21,пастбища/зерновые,0.1405277220118799,0.1228745036496071,911,8,-0.017653218362272807
23705,AOI-0032,2024-08-28,пастбища/зерновые,0.1762729088639201,0.1774314083825369,911,8,0.0011584995186167957
23722,AOI-0032,2024-09-14,пастбища/зерновые,0.1701591625442407,0.1536779359541218,911,9,-0.016481226590118914
23813,AOI-0032,2025-05-15,пастбища/зерновые,0.696209861790255,0.7162783356246192,911,5,0.020068473834364164
23833,AOI-0032,2025-06-04,пастбища/зерновые,0.6774219291317073,0.7470643586465254,911,6,0.06964242951481814
23864,AOI-0032,2025-07-05,пастбища/зерновые,0.2329080336811462,0.21790053165276269,911,7,-0.015007502028383524
23874,AOI-0032,2025-07-15,пастбища/зерновые,0.1398203482908678,0.16242926957703357,911,7,0.022608921286165762
23884,AOI-0032,2025-07-25,пастбища/зерновые,0.1602271993198743,0.16286099448606584,911,7,0.002633795166191527
23922,AOI-0032,2025-09-01,пастбища/зерновые,0.1948682747453092,0.14764976161632934,911,9,-0.04721851312897987
23953,AOI-0032,2025-10-02,пастбища/зерновые,0.1594276677568592,0.18942140242504696,911,10,0.02999373466818775
23956,AOI-0032,2025-10-05,пастбища/зерновые,0.1292258539943129,0.14701894393544057,911,10,0.01779308994112766
23973,AOI-0032,2025-10-22,пастбища/зерновые,0.1566723520577801,0.20453609306125053,911,10,0.047863741003470434
24000,AOI-0033,2025-04-19,пастбища/зерновые,0.222310759346506,0.20889647412109424,911,4,-0.013414285225411743
24063,AOI-0033,2025-06-21,пастбища/зерновые,0.8024358041769671,0.7526838006643742,911,6,-0.0497520035125929
24067,AOI-0033,2025-06-25,пастбища/зерновые,0.644748163397495,0.7235523807278917,911,6,0.07880421733039678
24094,AOI-0033,2025-07-22,пастбища/зерновые,0.3220309569911398,0.29373260962408015,911,7,-0.028298347367059662
24116,AOI-0033,2025-08-13,пастбища/зерновые,0.3504879553181155,0.29040876509258173,911,8,-0.06007919022553376
24122,AOI-0033,2025-08-19,пастбища/зерновые,0.2786284974830347,0.21981181432463692,911,8,-0.058816683158397776
24132,AOI-0033,2025-08-29,пастбища/зерновые,0.286607874436064,0.30251924361863375,911,8,0.015911369182569746
24160,AOI-0033,2025-09-26,пастбища/зерновые,0.411800969717174,0.32087075344538546,911,9,-0.09093021627178854
24169,AOI-0033,2025-10-05,пастбища/зерновые,0.3382802370678271,0.34896060670900114,911,10,0.010680369641174026
24201,AOI-0034,2025-04-07,пастбища/зерновые,0.282869696010133,0.24762517134289597,911,4,-0.03524452466723704
24210,AOI-0034,2025-04-16,пастбища/зерновые,0.1778784361590572,0.16832031185664548,911,4,-0.009558124302411736
24232,AOI-0034,2025-05-08,пастбища/зерновые,0.2360844625207875,0.16557239829579395,911,5,-0.07051206422499354
24239,AOI-0034,2025-05-15,пастбища/зерновые,0.1414364560688642,0.20316145900485416,911,5,0.06172500293598995
24349,AOI-0034,2025-09-02,пастбища/зерновые,0.1792160694340991,0.18912366835235714,911,9,0.009907598918258043
24362,AOI-0034,2025-09-15,пастбища/зерновые,0.1416676670535484,0.1382273360581683,911,9,-0.003440330995380103
24364,AOI-0034,2025-09-17,пастбища/зерновые,0.1872339613143272,0.1583748232023428,911,9,-0.0288591381119844
24404,AOI-0034,2025-10-27,пастбища/зерновые,0.7365252967355177,0.5544966417202245,911,10,-0.1820286550152932
24412,AOI-0035,2025-04-19,пастбища/зерновые,0.1999872758191454,0.18725054966016497,911,4,-0.012736726158980444
24415,AOI-0035,2025-04-28,пастбища/зерновые,0.1639194895056691,0.15286374452363807,911,4,-0.011055744982031018
24429,AOI-0035,2025-06-06,пастбища/зерновые,0.1942436573242963,0.18011415711919646,911,6,-0.014129500205099843
24448,AOI-0035,2025-07-16,пастбища/зерновые,0.2053246068584522,0.17200368427131463,911,7,-0.033320922587137564
24456,AOI-0035,2025-08-06,пастбища/зерновые,0.1301240832005549,0.11637425569625526,911,8,-0.01374982750429965
24461,AOI-0035,2025-08-17,пастбища/зерновые,0.1508443742492208,0.15612300777512955,911,8,0.005278633525908766
24468,AOI-0035,2025-09-01,пастбища/зерновые,0.1644381581572622,0.13166052876840725,911,9,-0.03277762938885495
24474,AOI-0035,2025-09-14,пастбища/зерновые,0.2067592295839753,0.21311191447659822,911,9,0.006352684892622917
24478,AOI-0035,2025-09-25,пастбища/зерновые,0.1215842090494018,0.14489217914352776,911,9,0.023307970094125954
24513,AOI-0036,2025-04-23,пастбища/зерновые,0.5437978919309335,0.6087907740404304,911,4,0.06499288210949683
24548,AOI-0036,2025-05-28,пастбища/зерновые,0.4943758705910025,0.5519715229973354,911,5,0.05759565240633291
24556,AOI-0036,2025-06-05,пастбища/зерновые,0.4567004544557541,0.4823886153674454,911,6,0.025688160911691293
24564,AOI-0036,2025-06-13,пастбища/зерновые,0.43865500326033,0.38500563616609773,911,6,-0.05364936709423229
24566,AOI-0036,2025-06-15,пастбища/зерновые,0.2078762924155961,0.3541941682636007,911,6,0.14631787584800457
24591,AOI-0036,2025-07-10,пастбища/зерновые,0.2453413337602484,0.21583275618543069,911,7,-0.0295085775748177
24625,AOI-0036,2025-08-13,пастбища/зерновые,0.2290252861325526,0.22713928838560277,911,8,-0.0018859977469498357
24657,AOI-0036,2025-09-14,пастбища/зерновые,0.225847458078254,0.22596373860182747,911,9,0.0001162805235734865
24677,AOI-0036,2025-10-04,пастбища/зерновые,0.2021180029083022,0.20119067175492844,911,10,-0.0009273311533737616
24737,AOI-0037,2025-05-04,зерновые,0.5993281173025944,0.5938329863341916,911,5,-0.005495130968402817
24748,AOI-0037,2025-05-15,зерновые,0.5980165483061101,0.602524863904658,911,5,0.004508315598547918
24799,AOI-0037,2025-07-05,зерновые,0.3775216018495675,0.32804307087825924,911,7,-0.04947853097130828
24848,AOI-0037,2025-08-23,зерновые,0.2293173297507485,0.24919281016106098,911,8,0.01987548041031248
24849,AOI-0037,2025-08-24,зерновые,0.1937933695569627,0.20929890325174386,911,8,0.015505533694781165
24881,AOI-0037,2025-09-25,зерновые,0.1949484767962795,0.1939138603734925,911,9,-0.001034616422786988
24890,AOI-0037,2025-10-04,зерновые,0.2307199470823762,0.2413499687304231,911,10,0.010630021648046911
24913,AOI-0037,2025-10-27,зерновые,0.2927829879355087,0.25328635769960445,911,10,-0.03949663023590427
24932,AOI-0038,2025-04-16,зерновые,0.4365374542894,0.3854296290867768,911,4,-0.05110782520262319
24954,AOI-0038,2025-05-08,зерновые,0.4771556667831189,0.49466949251884573,911,5,0.01751382573572685
24966,AOI-0038,2025-05-20,зерновые,0.5631922398072147,0.5439358090332882,911,5,-0.01925643077392647
25004,AOI-0038,2025-06-27,зерновые,0.3182209243833575,0.2586965299270349,911,6,-0.05952439445632257
25006,AOI-0038,2025-06-29,зерновые,0.2849258323641168,0.27836959547890716,911,6,-0.006556236885209621
25032,AOI-0038,2025-07-25,зерновые,0.1949767340175364,0.19854078433990982,911,7,0.003564050322373419
25061,AOI-0038,2025-08-23,зерновые,0.1780560823140235,0.20572272422867632,911,8,0.027666641914652818
25077,AOI-0038,2025-09-08,зерновые,0.1685872136424663,0.16290965383529277,911,9,-0.005677559807173521
25092,AOI-0038,2025-09-23,зерновые,0.1652025248552794,0.17791017053175445,911,9,0.01270764567647506
25149,AOI-0039,2025-05-25,зерновые,0.5835345717884131,0.680198072529855,911,5,0.09666350074144192
25155,AOI-0039,2025-06-10,зерновые,0.5245057036700754,0.5478455217173538,911,6,0.02333981804727836
25168,AOI-0039,2025-07-14,зерновые,0.3381232060047843,0.4184818790620737,911,7,0.08035867305728939
25181,AOI-0039,2025-08-13,зерновые,0.3438416246851385,0.3790441578157702,911,8,0.03520253313063171
25188,AOI-0039,2025-08-25,зерновые,0.3780476832853353,0.3543135474674157,911,8,-0.023734135817919555
25191,AOI-0039,2025-09-01,зерновые,0.3603756436655808,0.33167965193267596,911,9,-0.028695991732904824
25193,AOI-0039,2025-09-03,зерновые,0.2648005387733901,0.27662219497109214,911,9,0.011821656197702035
25195,AOI-0039,2025-09-09,зерновые,0.3384501962224441,0.32607929322691837,911,9,-0.012370902995525734
25209,AOI-0039,2025-10-05,зерновые,0.2889126726537192,0.29283995024104925,911,10,0.003927277587330025
25271,AOI-0040,2025-05-28,зерновые,0.7482715115665319,0.7717403819921431,911,5,0.023468870425611188
25288,AOI-0040,2025-06-14,зерновые,0.611180971292335,0.5359944730633779,911,6,-0.07518649822895707
25311,AOI-0040,2025-07-07,зерновые,0.2117488347448488,0.19128395302945783,911,7,-0.02046488171539096
25319,AOI-0040,2025-07-15,зерновые,0.1989937878433085,0.17965304030021767,911,7,-0.01934074754309084
25336,AOI-0040,2025-08-01,зерновые,0.1130181858634178,0.14024785897411252,911,8,0.027229673110694713
25352,AOI-0040,2025-08-17,зерновые,0.1869435802454801,0.1774083268759421,911,8,-0.009535253369538005
25360,AOI-0040,2025-08-25,зерновые,0.2024795128764895,0.1913577474426969,911,8,-0.01112176543379259
25383,AOI-0040,2025-09-17,зерновые,0.1599011871774318,0.16449530493849707,911,9,0.004594117761065275
25400,AOI-0040,2025-10-04,зерновые,0.1624314238684147,0.1855746537204395,911,10,0.0231432298520248
25427,AOI-0041,2025-04-02,зерновые,0.4083495733809124,0.32112574130527616,911,4,-0.08722383207563622
25436,AOI-0041,2025-04-28,зерновые,0.5961625760108736,0.5997216092096772,911,4,0.003559033198803574
25437,AOI-0041,2025-05-01,зерновые,0.6514842631131192,0.6179203503980998,911,5,-0.03356391271501946
25448,AOI-0041,2025-06-04,зерновые,0.540654050390898,0.5869121317314288,911,6,0.04625808134053078
25458,AOI-0041,2025-06-26,зерновые,0.3857925061425062,0.41325046789526865,911,6,0.02745796175276244
25466,AOI-0041,2025-07-10,зерновые,0.3622921127391822,0.2939874738979551,911,7,-0.06830463884122712
25471,AOI-0041,2025-07-22,зерновые,0.2561553763475384,0.28248807219442196,911,7,0.02633269584688358
25485,AOI-0041,2025-08-24,зерновые,0.2056998956117273,0.21884921847267186,911,8,0.013149322860944557
25504,AOI-0041,2025-10-03,зерновые,0.2106489249163763,0.20886545907905696,911,10,-0.0017834658373193368
25512,AOI-0042,2025-04-02,зерновые,0.2176847116025391,0.1442095049218889,911,4,-0.07347520668065022
25560,AOI-0042,2025-05-20,зерновые,0.1821885041590338,0.20123436444879866,911,5,0.019045860289764877
25581,AOI-0042,2025-06-10,зерновые,0.1586471950992761,0.24273395968477735,911,6,0.08408676458550124
25616,AOI-0042,2025-07-15,зерновые,0.1383344006636406,0.12865106272834662,911,7,-0.009683337935293995
25626,AOI-0042,2025-07-25,зерновые,0.1166281819211454,0.12898199541929384,911,7,0.012353813498148444
25655,AOI-0042,2025-08-23,зерновые,0.1244685296055594,0.1398939303535106,911,8,0.015425400747951207
25671,AOI-0042,2025-09-08,зерновые,0.1199313609454249,0.12949042621308676,911,9,0.009559065267661856
25675,AOI-0042,2025-09-12,зерновые,0.1222699311732663,0.1410857595658791,911,9,0.018815828392612796
25689,AOI-0042,2025-09-26,зерновые,0.1600038614909415,0.16007794502388367,911,9,7.408353294216519e-05
25737,AOI-0043,2025-04-14,зерновые,0.2015090611504154,0.17343470834444294,911,4,-0.028074352805972452
25749,AOI-0043,2025-04-26,зерновые,0.2033987947629884,0.22772984187922773,911,4,0.024331047116239346
25757,AOI-0043,2025-05-04,зерновые,0.1965982446902947,0.18681571509569095,911,5,-0.00978252959460374
25762,AOI-0043,2025-05-09,зерновые,0.3033006350886478,0.331335955492012,911,5,0.028035320403364206
25814,AOI-0043,2025-06-30,зерновые,0.1641520315783029,0.1842638575836978,911,6,0.02011182600539488
25828,AOI-0043,2025-07-14,зерновые,0.2052112134998402,0.1844347040928779,911,7,-0.020776509406962296
25867,AOI-0043,2025-08-22,зерновые,0.1636350066651918,0.14504598058681084,911,8,-0.01858902607838095
25877,AOI-0043,2025-09-01,зерновые,0.15970380004353,0.16244220189405878,911,9,0.0027384018505287877
25884,AOI-0043,2025-09-08,зерновые,0.1258565256925194,0.14186785550018272,911,9,0.016011329807663316
25897,AOI-0043,2025-09-21,зерновые,0.1612876887178579,0.1503905182469152,911,9,-0.010897170470942685
26040,AOI-0044,2010-07-13,зерновые,0.4839465592955533,0.39370455227414314,911,7,-0.09024200702141016
26065,AOI-0044,2010-08-07,зерновые,0.1849416165559654,0.18109085432207533,911,8,-0.003850762233890054
26071,AOI-0044,2010-08-13,зерновые,0.2897144140010487,0.25518486829203035,911,8,-0.03452954570901834
26209,AOI-0044,2011-05-30,зерновые,0.1841185451817368,0.26698109831824246,911,5,0.08286255313650567
26233,AOI-0044,2011-06-23,зерновые,0.6418452562886153,0.7271173390413777,911,6,0.08527208275276232
26240,AOI-0044,2011-06-30,зерновые,0.8166709778086161,0.7743854904251184,911,6,-0.04228548738349769
26297,AOI-0044,2011-08-26,зерновые,0.1766920430841288,0.18218875535135715,911,8,0.0054967122672283375
26300,AOI-0044,2011-08-29,зерновые,0.2497458966963818,0.2721687422755953,911,8,0.02242284557921348
26416,AOI-0044,2012-05-24,зерновые,0.6707397155217621,0.5618724876294316,911,5,-0.1088672278923305
26551,AOI-0044,2012-10-06,зерновые,0.1401737856962132,0.15756709382431233,911,10,0.01739330812809914
26591,AOI-0044,2013-04-16,зерновые,0.1828396797280764,0.18397910025960584,911,4,0.0011394205315294337
26598,AOI-0044,2013-04-23,зерновые,0.3191464538542214,0.3411402826299811,911,4,0.021993828775759672
26655,AOI-0044,2013-06-19,зерновые,0.6546315028552919,0.6886817163782131,911,6,0.03405021352292115
26680,AOI-0044,2013-07-14,зерновые,0.4374952682574307,0.41093139623698927,911,7,-0.026563872020441415
26843,AOI-0044,2014-05-25,зерновые,0.3641558665443106,0.4237309078316927,911,5,0.05957504128738211
26856,AOI-0044,2014-06-07,зерновые,0.2450226999300773,0.2732954440670974,911,6,0.02827274413702008
26880,AOI-0044,2014-07-01,зерновые,0.2189302649555371,0.22387314988228788,911,7,0.004942884926750768
26923,AOI-0044,2014-08-13,зерновые,0.2432302635028841,0.23880826123575083,911,8,-0.004422002267133268
27031,AOI-0044,2015-04-30,зерновые,0.7914209473635998,0.7446810324535418,911,4,-0.04673991491005802
27048,AOI-0044,2015-05-17,зерновые,0.8904980370072428,0.8682637223141321,911,5,-0.022234314693110768
27104,AOI-0044,2015-07-12,зерновые,0.4330897518814831,0.3420740853555219,911,7,-0.09101566652596116
27191,AOI-0044,2015-10-07,зерновые,0.1936679902668609,0.15200960920436035,911,10,-0.041658381062500555
27238,AOI-0044,2016-04-24,зерновые,0.6722727324106902,0.7441760183362562,911,4,0.07190328592556605
27246,AOI-0044,2016-05-02,зерновые,0.8286337227860252,0.7936546995490261,911,5,-0.034979023236999085
27284,AOI-0044,2016-06-09,зерновые,0.6825185238594654,0.5968544812356655,911,6,-0.0856640426237999
27327,AOI-0044,2016-07-22,зерновые,0.2773480593544612,0.2664104895183031,911,7,-0.010937569836158123
27414,AOI-0044,2016-10-17,зерновые,0.1855116455022258,0.22353637094354165,911,10,0.038024725441315854
27510,AOI-0044,2017-06-22,зерновые,0.2756707950237587,0.28315914307866774,911,6,0.007488348054909055
27514,AOI-0044,2017-06-26,зерновые,0.2995488529103304,0.34245401027849215,911,6,0.04290515736816175
27543,AOI-0044,2017-07-25,зерновые,0.1793049576933068,0.17576217033093963,911,7,-0.0035427873623671557
27562,AOI-0044,2017-08-13,зерновые,0.2294541622968014,0.2168178967249605,911,8,-0.012636265571840916
27595,AOI-0044,2017-09-15,зерновые,0.1523040220063842,0.16390375017371167,911,9,0.011599728167327461
27607,AOI-0044,2017-09-27,зерновые,0.1575426555896159,0.1954758595807596,911,9,0.03793320399114372
27654,AOI-0044,2018-04-14,зерновые,0.6587074035445958,0.6392047004672685,911,4,-0.019502703077327266
27663,AOI-0044,2018-04-23,зерновые,0.8632772155217624,0.8366805330336071,911,4,-0.026596682488155277
27686,AOI-0044,2018-05-16,зерновые,0.8778454925086525,0.8717991685464147,911,5,-0.0060463239622378095
27710,AOI-0044,2018-06-09,зерновые,0.7289342785664651,0.6781445404144721,911,6,-0.05078973815199295
27727,AOI-0044,2018-06-26,зерновые,0.2791909821594943,0.31047869959217383,911,6,0.03128771743267955
27876,AOI-0044,2019-04-23,зерновые,0.3076196752384258,0.4882704428707173,911,4,0.1806507676322915
27891,AOI-0044,2019-05-08,зерновые,0.5642204924217767,0.5326700746483526,911,5,-0.031550417773424155
27942,AOI-0044,2019-06-28,зерновые,0.2582695167794847,0.2408582394597254,911,6,-0.017411277319759277
27951,AOI-0044,2019-07-07,зерновые,0.1302963861487688,0.13796909017214784,911,7,0.007672704023379051
27956,AOI-0044,2019-07-12,зерновые,0.2401440482433141,0.24637909249392784,911,7,0.006235044250613747
27959,AOI-0044,2019-07-15,зерновые,0.1413330608225911,0.15094939729801615,911,7,0.009616336475425064
28001,AOI-0044,2019-08-26,зерновые,0.2935358093181753,0.2764945151685881,911,8,-0.017041294149587216
28047,AOI-0044,2019-10-11,зерновые,0.2202861230071554,0.2093008512868536,911,10,-0.010985271720301781
28123,AOI-0044,2020-05-27,зерновые,0.1888169883258902,0.22088039671569848,911,5,0.032063408389808284
28153,AOI-0044,2020-06-26,зерновые,0.1443591831367058,0.14593482866354027,911,6,0.0015756455268344793
28182,AOI-0044,2020-07-25,зерновые,0.1860704238442377,0.17643707882864434,911,7,-0.009633345015593348
28208,AOI-0044,2020-08-20,зерновые,0.148293649953476,0.13313409623246322,911,8,-0.01515955372101277
28218,AOI-0044,2020-08-30,зерновые,0.143817773161614,0.1410588842064352,911,8,-0.002758888955178812
28232,AOI-0044,2020-09-13,зерновые,0.2161939630309386,0.20615336796436692,911,9,-0.010040595066571678
28273,AOI-0044,2020-10-24,зерновые,0.0778193686885705,0.12488106082504387,911,10,0.04706169213647336
28281,AOI-0044,2021-04-02,зерновые,0.1881713404986391,0.17517879754940982,911,4,-0.012992542949229274
28285,AOI-0044,2021-04-06,зерновые,0.1621871914862401,0.20380232436158735,911,4,0.04161513287534724
28346,AOI-0044,2021-06-06,зерновые,0.6558346622834234,0.7235049982598061,911,6,0.06767033597638272
28373,AOI-0044,2021-07-03,зерновые,0.3980190120461692,0.3495609900289175,911,7,-0.04845802201725169
28381,AOI-0044,2021-07-11,зерновые,0.3186901341961303,0.31719472285954936,911,7,-0.0014954113365809318
28509,AOI-0044,2022-04-17,зерновые,0.4781704817951007,0.49857772166557,911,4,0.02040723987046933
28526,AOI-0044,2022-05-04,зерновые,0.6729335284029199,0.6518333249010112,911,5,-0.021100203501908665
28561,AOI-0044,2022-06-08,зерновые,0.7615828916893282,0.725553006756051,911,6,-0.03602988493327719
28579,AOI-0044,2022-06-26,зерновые,0.2473328919769271,0.3489231412446448,911,6,0.1015902492677177
28598,AOI-0044,2022-07-15,зерновые,0.1829264174772745,0.1619299805865077,911,7,-0.0209964368907668
28611,AOI-0044,2022-07-28,зерновые,0.2964999475616151,0.23823580357507956,911,7,-0.05826414398653551
28639,AOI-0044,2022-08-25,зерновые,0.22499529064115,0.22416235181063698,911,8,-0.0008329388305130248
28737,AOI-0044,2023-05-02,зерновые,0.1545526181909621,0.22779028014545105,911,5,0.07323766195448894
28766,AOI-0044,2023-05-31,зерновые,0.2935503031968579,0.27214053625975976,911,5,-0.021409766937098118
28773,AOI-0044,2023-06-07,зерновые,0.2504225372572612,0.2590796590787624,911,6,0.00865712182150119
28781,AOI-0044,2023-06-15,зерновые,0.2539398590495673,0.25831508984819396,911,6,0.0043752307986266725
28797,AOI-0044,2023-07-01,зерновые,0.1278440626735643,0.16610200189166022,911,7,0.03825793921809592
28798,AOI-0044,2023-07-02,зерновые,0.2163381400291668,0.18005943314918624,911,7,-0.036278706879980555
28813,AOI-0044,2023-07-17,зерновые,0.2372886423291242,0.19032538148667605,911,7,-0.046963260842448146
28894,AOI-0044,2023-10-06,зерновые,0.2647156659385696,0.25284769237236226,911,10,-0.011867973566207335
28969,AOI-0044,2024-05-21,зерновые,0.8286570500294744,0.8414359133732852,911,5,0.012778863343810731
29028,AOI-0044,2024-07-19,зерновые,0.1894534571983884,0.1700080932758184,911,7,-0.019445363922570014
29034,AOI-0044,2024-07-25,зерновые,0.1030027392799989,0.11204284558125985,911,7,0.009040106301260953
29068,AOI-0044,2024-08-28,зерновые,0.1777529097399184,0.1950342320560757,911,8,0.01728132231615731
29085,AOI-0044,2024-09-14,зерновые,0.174554287628119,0.15260131855402362,911,9,-0.021952969074095385
29100,AOI-0044,2024-09-29,зерновые,0.1725750957342471,0.17756009283171076,911,9,0.004984997097463667
29109,AOI-0044,2024-10-08,зерновые,0.1069268336675585,0.13199165790708633,911,10,0.02506482423952784
29149,AOI-0044,2025-04-18,зерновые,0.176103953007012,0.17357251423829612,911,4,-0.0025314387687158935
29188,AOI-0044,2025-05-27,зерновые,0.218624219770043,0.22586066308659536,911,5,0.007236443316552349
29192,AOI-0044,2025-05-31,зерновые,0.1569276225313214,0.1884228880333216,911,5,0.031495265502000214
29196,AOI-0044,2025-06-04,зерновые,0.2239233973543398,0.21135199164823065,911,6,-0.012571405706109151
29229,AOI-0044,2025-07-07,зерновые,0.131676724107498,0.14776527329708353,911,7,0.01608854918958552
29247,AOI-0044,2025-07-25,зерновые,0.1407471349626194,0.15965155952669435,911,7,0.018904424564074956
29292,AOI-0044,2025-09-08,зерновые,0.1281137772603557,0.1413785511984501,911,9,0.013264773938094415
29297,AOI-0044,2025-09-13,зерновые,0.1271292743400226,0.1364347138353464,911,9,0.00930543949532378
29316,AOI-0044,2025-10-02,зерновые,0.1963540765416425,0.16997271548422652,911,10,-0.02638136105741598
29380,AOI-0045,2025-05-06,зерновые,0.1463760040071946,0.20473875607206513,911,5,0.058362752064870516
29390,AOI-0045,2025-05-16,зерновые,0.1752716791327959,0.168848725008729,911,5,-0.006422954124066904
29402,AOI-0045,2025-05-28,зерновые,0.2327851347167751,0.18803481755125362,911,5,-0.04475031716552147
29433,AOI-0045,2025-06-28,зерновые,0.2095841236964852,0.18558391820643774,911,6,-0.024000205490047444
29440,AOI-0045,2025-07-05,зерновые,0.1488108288855057,0.14469404543176156,911,7,-0.004116783453744138
29441,AOI-0045,2025-07-06,зерновые,0.2143183120170842,0.18037132500403508,911,7,-0.03394698701304913
29513,AOI-0045,2025-09-16,зерновые,0.1814850301344193,0.17204124895611636,911,9,-0.00944378117830294
29521,AOI-0045,2025-09-24,зерновые,0.1897721166538999,0.18631027028698194,911,9,-0.003461846366917959
29630,AOI-0046,2010-06-12,зерновые,0.2010077679568458,0.21282476600683564,911,6,0.01181699804998984
29692,AOI-0046,2010-08-13,зерновые,0.5188113422715366,0.49851912815769445,911,8,-0.020292214113842133
29701,AOI-0046,2010-08-22,зерновые,0.5299957914101029,0.4973720826938437,911,8,-0.03262370871625919
29708,AOI-0046,2010-08-29,зерновые,0.4873182462629064,0.4746657571456525,911,8,-0.012652489117253862
29809,AOI-0046,2011-05-09,зерновые,0.3828549699491447,0.37298753239637294,911,5,-0.009867437552771752
29814,AOI-0046,2011-05-14,зерновые,0.4306322385136379,0.2085201728417499,911,5,-0.22211206567188801
29870,AOI-0046,2011-07-09,зерновые,0.2903438682327219,0.2889552327817484,911,7,-0.0013886354509735077
29917,AOI-0046,2011-08-25,зерновые,0.1369953634289581,0.1524720832208961,911,8,0.015476719791937987
29949,AOI-0046,2011-09-26,зерновые,0.1451056743098413,0.18114461556850717,911,9,0.03603894125866586
30037,AOI-0046,2012-05-24,зерновые,0.7024901833872708,0.5514075609847772,911,5,-0.1510826224024936
30076,AOI-0046,2012-07-02,зерновые,0.391867630636041,0.3915930349840803,911,7,-0.00027459565196069624
30203,AOI-0046,2013-04-07,зерновые,0.3094544613962089,0.3142371201484274,911,4,0.004782658752218505
30228,AOI-0046,2013-05-02,зерновые,0.2534981714039628,0.26873631683735544,911,5,0.015238145433392636
30285,AOI-0046,2013-06-28,зерновые,0.3533238122671681,0.3281658050378217,911,6,-0.025158007229346357
30332,AOI-0046,2013-08-14,зерновые,0.3233934821607054,0.287539495230853,911,8,-0.03585398692985242
30492,AOI-0046,2014-06-22,зерновые,0.3314496932547341,0.44615245714841023,911,6,0.11470276389367612
30517,AOI-0046,2014-07-17,зерновые,0.2206369455557334,0.22053434348255235,911,7,-0.00010260207318105175
30549,AOI-0046,2014-08-18,зерновые,0.1389294524248854,0.15543005619025196,911,8,0.01650060376536655
30589,AOI-0046,2014-09-27,зерновые,0.2107398792669643,0.18814232249708981,911,9,-0.02259755676987449
30604,AOI-0046,2014-10-12,зерновые,0.149541621230525,0.15160138602471518,911,10,0.0020597647941901776
30628,AOI-0046,2015-04-06,зерновые,0.164926787763476,0.16497583227693652,911,4,4.904451346052219e-05
30668,AOI-0046,2015-05-16,зерновые,0.2593734742857835,0.21953404480971853,911,5,-0.039839429476064975
30717,AOI-0046,2015-07-04,зерновые,0.3348597200710394,0.3480924956256424,911,7,0.013232775554602949
30724,AOI-0046,2015-07-11,зерновые,0.342194231529803,0.32940167891669186,911,7,-0.01279255261311113
30859,AOI-0046,2016-04-24,зерновые,0.7704582345277727,0.7887513185009899,911,4,0.01829308397321716
30932,AOI-0046,2016-07-06,зерновые,0.2274237832091443,0.24467027235073607,911,7,0.01724648914159177
31004,AOI-0046,2016-09-16,зерновые,0.2127194637157399,0.20632651157821358,911,9,-0.006392952137526331
31017,AOI-0046,2016-09-29,зерновые,0.3077040838341809,0.29782328981339323,911,9,-0.009880794020787675
31028,AOI-0046,2016-10-10,зерновые,0.2326883213611415,0.2673035539234742,911,10,0.034615232562332704
31084,AOI-0046,2017-05-06,зерновые,0.7405926886164895,0.7897847113220893,911,5,0.04919202270559975
31107,AOI-0046,2017-05-29,зерновые,0.7960287909685829,0.8344991333343788,911,5,0.03847034236579583
31188,AOI-0046,2017-08-18,зерновые,0.1936290727665575,0.181931180408955,911,8,-0.01169789235760249
31220,AOI-0046,2017-09-19,зерновые,0.3379052899437542,0.32683410680619884,911,9,-0.01107118313755534
31228,AOI-0046,2017-09-27,зерновые,0.3004639104366733,0.32742546648189963,911,9,0.02696155604522632
31231,AOI-0046,2017-09-30,зерновые,0.3273704991607853,0.3579503894224047,911,9,0.03057989026161939
31268,AOI-0046,2018-04-07,зерновые,0.1575554736512306,0.2848002962485323,911,4,0.12724482259730172
31292,AOI-0046,2018-05-01,зерновые,0.217227362460496,0.17440388824547037,911,5,-0.042823474215025636
31363,AOI-0046,2018-07-11,зерновые,0.2079376930827619,0.16695066128606373,911,7,-0.04098703179669816
31428,AOI-0046,2018-09-14,зерновые,0.2280087686854677,0.23853803794957545,911,9,0.010529269264107743
31443,AOI-0046,2018-09-29,зерновые,0.2315626833364685,0.1864692060572078,911,9,-0.04509347727926072
31545,AOI-0046,2019-06-10,зерновые,0.568475805208815,0.600879063693937,911,6,0.03240325848512193
31547,AOI-0046,2019-06-12,зерновые,0.5057403890276497,0.6098510032437118,911,6,0.10411061421606205
31571,AOI-0046,2019-07-06,зерновые,0.1919531193230869,0.24243406492347877,911,7,0.050480945600391874
31572,AOI-0046,2019-07-07,зерновые,0.1685741953808331,0.21925791010694784,911,7,0.05068371472611474
31609,AOI-0046,2019-08-13,зерновые,0.3435454153182309,0.28438327581863293,911,8,-0.05916213949959798
31625,AOI-0046,2019-08-29,зерновые,0.2663161658190786,0.2247313422885307,911,8,-0.041584823530547876
31635,AOI-0046,2019-09-08,зерновые,0.1643832312840655,0.1740164326605902,911,9,0.00963320137652468
31641,AOI-0046,2019-09-14,зерновые,0.2286012636769917,0.2443699068772221,911,9,0.015768643200230387
31789,AOI-0046,2020-07-11,зерновые,0.1344776554780218,0.15692803141888353,911,7,0.022450375940861744
31805,AOI-0046,2020-07-27,зерновые,0.1900698104484512,0.1852046717672374,911,7,-0.004865138681213799
31835,AOI-0046,2020-08-26,зерновые,0.1695177953204597,0.1635067006548484,911,8,-0.006011094665611311
31859,AOI-0046,2020-09-19,зерновые,0.1273174338384563,0.12536063645870035,911,9,-0.001956797379755959
31882,AOI-0046,2020-10-12,зерновые,0.1129125470895683,0.11945216218642893,911,10,0.006539615096860629
31885,AOI-0046,2020-10-15,зерновые,0.2044584745762711,0.19470094681459757,911,10,-0.009757527761673518
31890,AOI-0046,2020-10-20,зерновые,0.1788491248016831,0.17432733113420756,911,10,-0.004521793667475543
31942,AOI-0046,2021-05-12,зерновые,0.7152621118835736,0.7355317039237175,911,5,0.02026959204014389
31977,AOI-0046,2021-06-16,зерновые,0.7904000680299875,0.7533913281060854,911,6,-0.03700873992390208
31987,AOI-0046,2021-06-26,зерновые,0.6194989014850977,0.5283595623156105,911,6,-0.09113933916948713
31994,AOI-0046,2021-07-03,зерновые,0.4225422826650997,0.37087410673757143,911,7,-0.05166817592752826
32091,AOI-0046,2021-10-08,зерновые,0.6387006807396808,0.6348343519082592,911,10,-0.0038663288314215727
32123,AOI-0046,2022-04-10,зерновые,0.2233206865492492,0.21127740982560655,911,4,-0.012043276723642637
32136,AOI-0046,2022-04-23,зерновые,0.47457238403452,0.4156266322473251,911,4,-0.05894575178719491
32140,AOI-0046,2022-04-27,зерновые,0.2915666181473277,0.22832711360557006,911,4,-0.06323950454175764
32187,AOI-0046,2022-06-13,зерновые,0.2288886425784281,0.22617881516866473,911,6,-0.00270982740976336
32200,AOI-0046,2022-06-26,зерновые,0.226253089844352,0.2833842087165513,911,6,0.057131118872199294
32216,AOI-0046,2022-07-12,зерновые,0.2240852663752747,0.2572881813644693,911,7,0.03320291498919459
32264,AOI-0046,2022-08-29,зерновые,0.2177655108645399,0.235762017751789,911,8,0.017996506887249103
32358,AOI-0046,2023-05-02,зерновые,0.818948727193388,0.8254054736643747,911,5,0.006456746470986707
32370,AOI-0046,2023-05-14,зерновые,0.8490185565259375,0.8404953201735698,911,5,-0.008523236352367736
32402,AOI-0046,2023-06-15,зерновые,0.7742680801922812,0.8200333102352728,911,6,0.0457652300429916
32418,AOI-0046,2023-07-01,зерновые,0.252707300939279,0.32079315568189953,911,7,0.06808585474262052
32426,AOI-0046,2023-07-09,зерновые,0.2868901443594988,0.24731301742552875,911,7,-0.03957712693397003
32438,AOI-0046,2023-07-21,зерновые,0.2077489733882691,0.21048728486069257,911,7,0.0027383114724234825
32444,AOI-0046,2023-07-27,зерновые,0.1965757309352692,0.21584985086909628,911,7,0.019274119933827077
32515,AOI-0046,2023-10-06,зерновые,0.2146651721942235,0.17967164266057908,911,10,-0.03499352953364443
32540,AOI-0046,2024-04-01,зерновые,0.6195092172104779,0.5725746582339402,911,4,-0.046934558976537755
32546,AOI-0046,2024-04-07,зерновые,0.7320329840389626,0.6205107619032237,911,4,-0.11152222213573881
32561,AOI-0046,2024-04-22,зерновые,0.9012395740600392,0.8599022206978245,911,4,-0.04133735336221467
32680,AOI-0046,2024-08-19,зерновые,0.1571814122693625,0.1457039633660386,911,8,-0.011477448903323889
32682,AOI-0046,2024-08-21,зерновые,0.2100241441960813,0.15477937116319618,911,8,-0.055244773032885136
32730,AOI-0046,2024-10-08,зерновые,0.1077023352665201,0.14605131009032696,911,10,0.038348974823806864
32785,AOI-0046,2025-05-03,зерновые,0.241226246655689,0.2246142218875536,911,5,-0.01661202476813542
32788,AOI-0046,2025-05-06,зерновые,0.1473943976094516,0.2166421494065492,911,5,0.06924775179709758
32793,AOI-0046,2025-05-11,зерновые,0.147651965510054,0.2066045541163269,911,5,0.05895258860627289
32823,AOI-0046,2025-06-10,зерновые,0.4495442876367171,0.5691364994813184,911,6,0.11959221184460128
32848,AOI-0046,2025-07-05,зерновые,0.6952380342117641,0.5722011676824613,911,7,-0.12303686652930279
32849,AOI-0046,2025-07-06,зерновые,0.7158358988580923,0.5540915853597962,911,7,-0.1617443134982961
32870,AOI-0046,2025-07-27,зерновые,0.6704133930977325,0.4336479742608325,911,7,-0.2367654188369
32898,AOI-0046,2025-08-24,зерновые,0.2910809876569942,0.25811325454095135,911,8,-0.03296773311604284
32951,AOI-0046,2025-10-16,зерновые,0.2610308368007398,0.23740701469402936,911,10,-0.023623822106710435
32984,AOI-0047,2025-04-19,зерновые,0.851578813399767,0.8287534886255086,911,4,-0.02282532477425847
33019,AOI-0047,2025-05-24,зерновые,0.7641344522308033,0.7659394233636041,911,5,0.001804971132800759
33033,AOI-0047,2025-06-07,зерновые,0.5146986292768406,0.5640374440111624,911,6,0.04933881473432178
33062,AOI-0047,2025-07-06,зерновые,0.3179436461233313,0.2403486686394959,911,7,-0.07759497748383543
33066,AOI-0047,2025-07-10,зерновые,0.1966331293286571,0.20157930886060518,911,7,0.004946179531948092
33101,AOI-0047,2025-08-14,зерновые,0.1693195547512739,0.1518133577237178,911,8,-0.017506197027556097
33104,AOI-0047,2025-08-17,зерновые,0.1359865761220614,0.18420693529226206,911,8,0.04822035917020068
33110,AOI-0047,2025-08-23,зерновые,0.2147073392698816,0.20816787000039044,911,8,-0.006539469269491144
33132,AOI-0047,2025-09-14,зерновые,0.2484455510458945,0.23186957215264492,911,9,-0.016575978893249577
33133,AOI-0047,2025-09-15,зерновые,0.1542316256894762,0.14336816187750945,911,9,-0.010863463811966761
33194,AOI-0048,2025-04-16,зерновые,0.6768994524356792,0.5703683134861435,911,4,-0.1065311389495357
33201,AOI-0048,2025-04-23,зерновые,0.8087662696264213,0.7520993359584183,911,4,-0.05666693366800302
33219,AOI-0048,2025-05-11,зерновые,0.4470561746420273,0.7555946915533095,911,5,0.3085385169112822
33254,AOI-0048,2025-06-15,зерновые,0.2307356640993825,0.21622534983879765,911,6,-0.014510314260584856
33265,AOI-0048,2025-06-26,зерновые,0.2705520573903627,0.2996897492093361,911,6,0.02913769181897341
33269,AOI-0048,2025-06-30,зерновые,0.1930470505750375,0.18853219284736078,911,6,-0.004514857727676708
33283,AOI-0048,2025-07-14,зерновые,0.1946678946356059,0.1738322552089215,911,7,-0.0208356394266844
33329,AOI-0048,2025-08-29,зерновые,0.1392332341964776,0.17437974684245125,911,8,0.035146512645973654
33369,AOI-0048,2025-10-08,зерновые,0.1381655127784635,0.14378209054270863,911,10,0.005616577764245123
33392,AOI-0049,2025-04-01,озимая пшеница,0.4758851724845089,0.5597002348747189,911,4,0.08381506239020997
33446,AOI-0049,2025-05-25,озимая пшеница,0.7497672998267431,0.6481091467386161,911,5,-0.10165815308812698
33471,AOI-0049,2025-06-19,озимая пшеница,0.3001974542932156,0.25192097418070136,911,6,-0.04827648011251423
33500,AOI-0049,2025-07-18,озимая пшеница,0.1451216339116035,0.13670750817655938,911,7,-0.008414125735044103
33526,AOI-0049,2025-08-13,озимая пшеница,0.2713172092791692,0.254206323748407,911,8,-0.017110885530762177
33532,AOI-0049,2025-08-19,озимая пшеница,0.1517032820312849,0.1459588892110805,911,8,-0.0057443928202043915
33618,AOI-0050,2025-05-24,озимая пшеница,0.681438753459877,0.4751162502454244,911,5,-0.2063225032144526
33620,AOI-0050,2025-06-03,озимая пшеница,0.3951057923909089,0.43378721913076757,911,6,0.03868142673985864
33631,AOI-0050,2025-07-12,озимая пшеница,0.4917490935657481,0.5074420234683535,911,7,0.015692929902605457
33633,AOI-0050,2025-07-18,озимая пшеница,0.3155114491937507,0.3663140669788038,911,7,0.05080261778505313
33642,AOI-0050,2025-08-12,озимая пшеница,0.3355381755347169,0.28741189949043816,911,8,-0.048126276044278715
33662,AOI-0050,2025-09-26,озимая пшеница,0.3182780587406692,0.30323229481582004,911,9,-0.015045763924849187
33668,AOI-0051,2010-04-06,озимая пшеница,0.4180275792175275,0.32381869791829404,911,4,-0.09420888129923344
33679,AOI-0051,2010-06-26,озимая пшеница,0.6554439473684212,0.5677272189427567,911,6,-0.08771672842566447
33695,AOI-0051,2010-10-24,озимая пшеница,0.2852919445596938,0.26437268406577313,911,10,-0.020919260493920677
33698,AOI-0051,2011-04-18,озимая пшеница,0.2168654606306023,0.18648868899312565,911,4,-0.03037677163747665
33707,AOI-0051,2011-06-10,озимая пшеница,0.7533557894736843,0.7502476798562092,911,6,-0.0031081096174750966
33710,AOI-0051,2011-06-26,озимая пшеница,0.7604147368421053,0.7614019517100961,911,6,0.0009872148679908044
33713,AOI-0051,2011-07-12,озимая пшеница,0.641312105263158,0.7082327381535622,911,7,0.06692063289040429
33744,AOI-0051,2012-06-14,озимая пшеница,0.6363489597049593,0.6184637532017666,911,6,-0.017885206503192697
33758,AOI-0051,2012-09-29,озимая пшеница,0.4373657894736841,0.4762883928893601,911,9,0.038922603415675994
33760,AOI-0051,2012-10-15,озимая пшеница,0.4175092105263158,0.47829321449994244,911,10,0.060784003973626655
33774,AOI-0051,2013-06-10,озимая пшеница,0.5859086842105263,0.5405930505912389,911,6,-0.045315633619287476
33776,AOI-0051,2013-06-26,озимая пшеница,0.3654510919744331,0.4798165727637719,911,6,0.11436548078933878
33784,AOI-0051,2013-08-05,озимая пшеница,0.5207829264464475,0.4674309499597321,911,8,-0.05335197648671541
33785,AOI-0051,2013-08-12,озимая пшеница,0.5476875804080329,0.44436250465910254,911,8,-0.10332507574893035
33801,AOI-0051,2014-04-17,озимая пшеница,0.7407892444657199,0.756107897192959,911,4,0.01531865272723909
33806,AOI-0051,2014-05-09,озимая пшеница,0.7517276315789474,0.8428087496569926,911,5,0.0910811180780452
33807,AOI-0051,2014-05-11,озимая пшеница,0.9197633475154712,0.8623762608564813,911,5,-0.05738708665898984
33818,AOI-0051,2014-07-23,озимая пшеница,0.4345938875326943,0.45451491839104236,911,7,0.019921030858348066
33841,AOI-0051,2015-04-13,озимая пшеница,0.2272568289301032,0.22822403635394833,911,4,0.0009672074238451234
33866,AOI-0051,2015-08-13,озимая пшеница,0.5318373684210526,0.45249396350581694,911,8,-0.07934340491523562
33872,AOI-0051,2015-09-19,озимая пшеница,0.3376038593004531,0.3369890569252394,911,9,-0.0006148023752137188
33876,AOI-0051,2015-09-30,озимая пшеница,0.3402044736842105,0.3488403267158604,911,9,0.008635853031649932
33883,AOI-0051,2016-04-07,озимая пшеница,0.7162609587501838,0.5867209612829231,911,4,-0.12953999746726075
33901,AOI-0051,2016-08-12,озимая пшеница,0.4449676621190813,0.47556452085987144,911,8,0.030596858740790156
33906,AOI-0051,2016-08-29,озимая пшеница,0.3447836583322866,0.3834510525257356,911,8,0.038667394193449
33924,AOI-0051,2017-05-03,озимая пшеница,0.4455849718135705,0.37383879102114914,911,5,-0.07174618079242134
33926,AOI-0051,2017-05-06,озимая пшеница,0.3308518786402725,0.4291616359162572,911,5,0.09830975727598473
33934,AOI-0051,2017-06-04,озимая пшеница,0.4755842537236676,0.4856872461259217,911,6,0.010102992402254096
33943,AOI-0051,2017-07-12,озимая пшеница,0.6236050000000001,0.6345140879538715,911,7,0.010909087953871466
33947,AOI-0051,2017-07-28,озимая пшеница,0.5087471052631579,0.5976091742489974,911,7,0.08886206898583948
33958,AOI-0051,2017-08-29,озимая пшеница,0.5339864331617249,0.46048510068174553,911,8,-0.07350133247997936
33996,AOI-0051,2018-06-20,озимая пшеница,0.297051534148272,0.30056874501038083,911,6,0.0035172108621088216
34003,AOI-0051,2018-07-12,озимая пшеница,0.4803184210526315,0.4272980896143189,911,7,-0.053020331438312585
34015,AOI-0051,2018-09-04,озимая пшеница,0.2696982649293015,0.3114046016130382,911,9,0.04170633668373669
34019,AOI-0051,2018-09-18,озимая пшеница,0.240955758659204,0.24563917542719538,911,9,0.0046834167679913885
34030,AOI-0051,2018-10-30,озимая пшеница,0.2808582595150172,0.25045532019866623,911,10,-0.030402939316350963
34035,AOI-0051,2019-04-21,озимая пшеница,0.7526287073336866,0.5974537273644894,911,4,-0.15517497996919716
34043,AOI-0051,2019-05-21,озимая пшеница,0.8462457712617781,0.7898827930215799,911,5,-0.0563629782401982
34047,AOI-0051,2019-06-05,озимая пшеница,0.5466015327660219,0.6128373457658972,911,6,0.06623581299987535
34053,AOI-0051,2019-06-20,озимая пшеница,0.2699459434446192,0.30230538278068153,911,6,0.032359439336062334
34074,AOI-0051,2019-09-03,озимая пшеница,0.2324390038840861,0.27665381121733584,911,9,0.044214807333249756
34081,AOI-0051,2019-09-28,озимая пшеница,0.1266792134960023,0.19796736528546974,911,9,0.07128815178946743
34094,AOI-0051,2020-04-17,озимая пшеница,0.2863257855794485,0.2829038453345747,911,4,-0.0034219402448738
34104,AOI-0051,2020-05-19,озимая пшеница,0.7808737328293381,0.6907954381970853,911,5,-0.09007829463225281
34108,AOI-0051,2020-05-28,озимая пшеница,0.7981541809076597,0.767177470011024,911,5,-0.030976710896635673
34117,AOI-0051,2020-06-29,озимая пшеница,0.5451850986436386,0.5754063466878117,911,6,0.030221248044173032
34119,AOI-0051,2020-07-06,озимая пшеница,0.458858378301763,0.48873754231428834,911,7,0.029879164012525328
34123,AOI-0051,2020-07-15,озимая пшеница,0.4774628972798255,0.4414461369414212,911,7,-0.036016760338404286
34153,AOI-0051,2020-09-29,озимая пшеница,0.2984073684210527,0.2783695611145269,911,9,-0.020037807306525823
34158,AOI-0051,2020-10-26,озимая пшеница,0.183475374914415,0.1544308484555931,911,10,-0.029044526458821912
34162,AOI-0051,2021-04-23,озимая пшеница,0.6301136842105263,0.599450159383904,911,4,-0.030663524826622268
34163,AOI-0051,2021-04-29,озимая пшеница,0.7547318353445477,0.44902942588291644,911,4,-0.30570240946163124
34179,AOI-0051,2021-06-19,озимая пшеница,0.5104592485649058,0.5956759143875685,911,6,0.08521666582266274
34183,AOI-0051,2021-06-29,озимая пшеница,0.3476455329171012,0.43209336086017747,911,6,0.08444782794307626
34191,AOI-0051,2021-07-18,озимая пшеница,0.3359679401405762,0.32495514118281116,911,7,-0.011012798957765024
34209,AOI-0051,2021-09-17,озимая пшеница,0.2718207567684064,0.3825019734007811,911,9,0.11068121663237473
34229,AOI-0051,2022-05-17,озимая пшеница,0.4728872838681427,0.40477989169338313,911,5,-0.06810739217475958
34235,AOI-0051,2022-06-02,озимая пшеница,0.5280029090559604,0.4673883524921567,911,6,-0.060614556563803657
34242,AOI-0051,2022-06-26,озимая пшеница,0.5763773684210526,0.6957394202804231,911,6,0.11936205185937054
34249,AOI-0051,2022-07-13,озимая пшеница,0.7656984146729349,0.7505091286278374,911,7,-0.015189286045097505
34268,AOI-0051,2022-08-25,озимая пшеница,0.5500099309584878,0.581881075060461,911,8,0.031871144101973226
34282,AOI-0051,2022-10-08,озимая пшеница,0.3710136488784803,0.384155694703168,911,10,0.013142045824687698
34294,AOI-0051,2023-05-09,озимая пшеница,0.7806957894736843,0.8381242165320956,911,5,0.057428427058411224
34316,AOI-0051,2023-07-28,озимая пшеница,0.5946273684210527,0.487796121170475,911,7,-0.10683124725057769
34317,AOI-0051,2023-07-29,озимая пшеница,0.2219624994678676,0.3702373680390696,911,7,0.14827486857120198
34320,AOI-0051,2023-08-06,озимая пшеница,0.3434578398419339,0.334242579821054,911,8,-0.009215260020879912
34337,AOI-0051,2023-09-17,озимая пшеница,0.363981284461153,0.36870164750927703,911,9,0.00472036304812401
34340,AOI-0051,2023-09-24,озимая пшеница,0.4206067211255017,0.36673337490072827,911,9,-0.05387334622477341
34351,AOI-0051,2023-10-16,озимая пшеница,0.3528834210526315,0.41405886597322594,911,10,0.06117544492059446
34362,AOI-0051,2024-05-06,озимая пшеница,0.4850329619771985,0.41551066674238857,911,5,-0.0695222952348099
34382,AOI-0051,2024-07-03,озимая пшеница,0.3183917211014482,0.38495517132484325,911,7,0.06656345022339505
34388,AOI-0051,2024-07-25,озимая пшеница,0.3461638007779585,0.3249151005320537,911,7,-0.021248700245904806
34395,AOI-0051,2024-08-12,озимая пшеница,0.2429572884792815,0.3792174265228373,911,8,0.1362601380435558
34400,AOI-0051,2024-08-26,озимая пшеница,0.3462704058694924,0.2832695044467587,911,8,-0.06300090142273373
34409,AOI-0051,2024-09-16,озимая пшеница,0.2542207599150876,0.2752283455898768,911,9,0.02100758567478922
34414,AOI-0051,2024-09-27,озимая пшеница,0.323461164595472,0.2938274094625698,911,9,-0.029633755132902173
34429,AOI-0051,2025-04-19,озимая пшеница,0.8515905333929715,0.798806711012978,911,4,-0.05278382237999357
34436,AOI-0051,2025-05-14,озимая пшеница,0.8468981735319616,0.8163357807437439,911,5,-0.030562392788217707
34438,AOI-0051,2025-05-25,озимая пшеница,0.7640502231669076,0.7741261302955236,911,5,0.010075907128615946
34443,AOI-0051,2025-06-11,озимая пшеница,0.5103385093249804,0.5212127361790532,911,6,0.0108742268540728
34456,AOI-0051,2025-07-21,озимая пшеница,0.2533239785108773,0.2080575035656457,911,7,-0.04526647494523159
34464,AOI-0051,2025-08-13,озимая пшеница,0.2487333495435774,0.3395556898514835,911,8,0.09082234030790609
34487,AOI-0051,2025-10-16,озимая пшеница,0.3609718421052632,0.41597343596394604,911,10,0.05500159385868286
34497,AOI-0052,2025-04-07,озимая пшеница,0.2991637263277804,0.31528227762136474,911,4,0.01611855129358436
34609,AOI-0052,2025-07-28,озимая пшеница,0.2252147736195658,0.26735682865873184,911,7,0.04214205503916604
34610,AOI-0052,2025-07-29,озимая пшеница,0.2823349138007709,0.26779936123907727,911,7,-0.014535552561693643
34611,AOI-0052,2025-07-30,озимая пшеница,0.2037494770623431,0.22799587939065016,911,7,0.024246402328307076
34625,AOI-0052,2025-08-13,озимая пшеница,0.18963225201902,0.2312564107421087,911,8,0.041624158723088694
34633,AOI-0052,2025-08-21,озимая пшеница,0.1923237218578397,0.18073068421033525,911,8,-0.01159303764750444
34665,AOI-0052,2025-09-22,озимая пшеница,0.2033286047802617,0.20051460542848293,911,9,-0.0028139993517787842
34737,AOI-0053,2025-05-04,озимая пшеница,0.8470343122294993,0.7988015856837221,911,5,-0.04823272654577726
34806,AOI-0053,2025-07-12,озимая пшеница,0.1842309015613585,0.26907979767227386,911,7,0.08484889611091537
34815,AOI-0053,2025-07-21,озимая пшеница,0.2235636522898911,0.1866880388093076,911,7,-0.03687561348058352
34817,AOI-0053,2025-07-23,озимая пшеница,0.1306834303048012,0.14234961905421745,911,7,0.011666188749416245
34855,AOI-0053,2025-08-30,озимая пшеница,0.1806116899530332,0.17049585647929535,911,8,-0.010115833473737845
34864,AOI-0053,2025-09-08,озимая пшеница,0.1134549902956857,0.13769237392807096,911,9,0.024237383632385257
34931,AOI-0054,2025-04-15,озимая пшеница,0.5886303487211793,0.5895217428348708,911,4,0.000891394113691546
35004,AOI-0054,2025-06-27,озимая пшеница,0.8071278869467716,0.7323775656241494,911,6,-0.07475032132262227
35040,AOI-0054,2025-08-02,озимая пшеница,0.5141390461381372,0.6499389192633105,911,8,0.13579987312517328
35047,AOI-0054,2025-08-09,озимая пшеница,0.6785034234000458,0.691118421189507,911,8,0.01261499778946118
35076,AOI-0054,2025-09-07,озимая пшеница,0.6865643002713123,0.6648535623282159,911,9,-0.021710737943096414
35083,AOI-0054,2025-09-14,озимая пшеница,0.710031341832674,0.6431397113908365,911,9,-0.06689163044183755
35084,AOI-0054,2025-09-15,озимая пшеница,0.6987782091820284,0.6767935420118436,911,9,-0.02198466717018477
35144,AOI-0055,2025-05-24,озимая пшеница,0.4981954585212805,0.4842218246077218,911,5,-0.013973633913558714
35151,AOI-0055,2025-06-19,озимая пшеница,0.5465381992678994,0.5136085004426001,911,6,-0.03292969882529928
35153,AOI-0055,2025-06-27,озимая пшеница,0.5699227159536029,0.4944694356401668,911,6,-0.07545328031343607
35159,AOI-0055,2025-07-13,озимая пшеница,0.421736265964067,0.4553953368578891,911,7,0.033659070893822085
35166,AOI-0055,2025-08-02,озимая пшеница,0.2464292088288135,0.3811241553392539,911,8,0.13469494651044042
35167,AOI-0055,2025-08-05,озимая пшеница,0.3961228357689061,0.41116309615810487,911,8,0.015040260389198756
35193,AOI-0056,2025-04-01,озимая пшеница,0.5115623529252458,0.5631541925398195,911,4,0.0515918396145737
35229,AOI-0056,2025-08-02,озимая пшеница,0.1818914139836777,0.17860445335784622,911,8,-0.0032869606258314754
35235,AOI-0056,2025-08-17,озимая пшеница,0.1773156526391915,0.17471523717621737,911,8,-0.002600415462974126
35239,AOI-0056,2025-08-27,озимая пшеница,0.1900783131365959,0.1699336905319933,911,8,-0.02014462260460259
35241,AOI-0056,2025-08-30,озимая пшеница,0.2202684123715156,0.21986376010294395,911,8,-0.0004046522685716425
35247,AOI-0056,2025-09-14,озимая пшеница,0.2379249019075829,0.2749250872749942,911,9,0.037000185367411315
35252,AOI-0056,2025-09-26,озимая пшеница,0.2265137079599061,0.2105814161941216,911,9,-0.015932291765784506
35258,AOI-0057,2025-04-07,озимая пшеница,0.7379189416716779,0.5577957660022094,911,4,-0.18012317566946856
35282,AOI-0057,2025-07-12,озимая пшеница,0.2423726612135705,0.30716839079906233,911,7,0.06479572958549182
35288,AOI-0057,2025-07-29,озимая пшеница,0.2597449663946825,0.2374421247827278,911,7,-0.02230284161195467
35292,AOI-0057,2025-08-06,озимая пшеница,0.2019362774750923,0.1742506630376967,911,8,-0.02768561443739559
35294,AOI-0057,2025-08-09,озимая пшеница,0.1340825793174603,0.1536448907024219,911,8,0.019562311384961617
35316,AOI-0057,2025-09-30,озимая пшеница,0.2393243535778713,0.2413945068135554,911,9,0.0020701532356841024
35375,AOI-0058,2010-05-25,озимая пшеница,0.6573684046084752,0.7320833571250175,911,5,0.07471495251654225
35438,AOI-0058,2010-07-27,озимая пшеница,0.6629939310615379,0.6097365709203493,911,7,-0.05325736014118865
35446,AOI-0058,2010-08-04,озимая пшеница,0.4893249924449914,0.5230913976353812,911,8,0.03376640519038976
35588,AOI-0058,2011-05-25,озимая пшеница,0.7204123413395822,0.7275711306077143,911,5,0.007158789268132071
35636,AOI-0058,2011-07-12,озимая пшеница,0.5726153290372975,0.4727379189451643,911,7,-0.09987741009213319
35652,AOI-0058,2011-07-28,озимая пшеница,0.6145193321616872,0.4412361164350713,911,7,-0.17328321572661587
35894,AOI-0058,2012-08-26,озимая пшеница,0.3419650249973403,0.42897687017805625,911,8,0.08701184518071597
35896,AOI-0058,2012-08-28,озимая пшеница,0.4636412614723689,0.45027921314332364,911,8,-0.01336204832904525
35949,AOI-0058,2012-10-20,озимая пшеница,0.4288704208455349,0.49520859827490754,911,10,0.06633817742937265
36062,AOI-0058,2013-07-12,озимая пшеница,0.6552895489894276,0.6635806914532676,911,7,0.008291142463839996
36086,AOI-0058,2013-08-05,озимая пшеница,0.6425969676496126,0.4769010525412189,911,8,-0.1656959151083937
36101,AOI-0058,2013-08-20,озимая пшеница,0.1893329740934394,0.28330165152460474,911,8,0.09396867743116533
36182,AOI-0058,2014-04-10,озимая пшеница,0.8158773094329406,0.722448624794267,911,4,-0.0934286846386736
36261,AOI-0058,2014-06-28,озимая пшеница,0.3068141061948128,0.422431249831028,911,6,0.11561714363621517
36275,AOI-0058,2014-07-12,озимая пшеница,0.4740462604959971,0.437086289202811,911,7,-0.03695997129318607
36278,AOI-0058,2014-07-15,озимая пшеница,0.2639716203523286,0.2957897495358639,911,7,0.031818129183535326
36390,AOI-0058,2015-04-05,озимая пшеница,0.2878646474093895,0.2783584312112316,911,4,-0.00950621619815789
36408,AOI-0058,2015-04-23,озимая пшеница,0.5764229447373561,0.49668283450929457,911,4,-0.07974011022806154
36494,AOI-0058,2015-07-18,озимая пшеница,0.6794502083279448,0.7463490466945101,911,7,0.0668988383665653
36518,AOI-0058,2015-08-11,озимая пшеница,0.5390692021339136,0.5540860220174083,911,8,0.015016819883494681
36584,AOI-0058,2015-10-16,озимая пшеница,0.3594381566100372,0.4496619373021413,911,10,0.09022378069210413
36605,AOI-0058,2016-04-07,озимая пшеница,0.7270686919847632,0.5730288806078472,911,4,-0.15403981137691602
36621,AOI-0058,2016-04-23,озимая пшеница,0.8788924037766188,0.7416328146845714,911,4,-0.13725958909204738
36732,AOI-0058,2016-08-12,озимая пшеница,0.5929557410537248,0.4304643736833399,911,8,-0.16249136737038494
36805,AOI-0058,2016-10-24,озимая пшеница,0.4249464763854937,0.534988561319574,911,10,0.11004208493408024
36850,AOI-0058,2017-05-09,озимая пшеница,0.8298082405780123,0.8666288938347015,911,5,0.03682065325668926
36877,AOI-0058,2017-06-05,озимая пшеница,0.8334819911169397,0.8268576367973248,911,6,-0.0066243543196148336
36884,AOI-0058,2017-06-12,озимая пшеница,0.8930854565752309,0.853321308649809,911,6,-0.03976414792542182
36893,AOI-0058,2017-06-21,озимая пшеница,0.838313657540345,0.8237992940771666,911,6,-0.01451436346317847
36925,AOI-0058,2017-07-23,озимая пшеница,0.258512430640649,0.26017594587725146,911,7,0.0016635152366024641
36937,AOI-0058,2017-08-04,озимая пшеница,0.1944031604433416,0.19333095443460502,911,8,-0.001072206008736587
37028,AOI-0058,2018-04-04,озимая пшеница,0.4942709278995908,0.34711055644327216,911,4,-0.14716037145631866
37047,AOI-0058,2018-04-23,озимая пшеница,0.610694610427651,0.624429781323069,911,4,0.01373517089541798
37124,AOI-0058,2018-07-09,озимая пшеница,0.4971190150898461,0.49303538501177085,911,7,-0.004083630078075218
37125,AOI-0058,2018-07-10,озимая пшеница,0.4348782080173364,0.4890920887320338,911,7,0.054213880714697404
37165,AOI-0058,2018-08-19,озимая пшеница,0.4251439707470563,0.391920432154667,911,8,-0.0332235385923893
37189,AOI-0058,2018-09-12,озимая пшеница,0.506526341971552,0.4121687563741526,911,9,-0.09435758559739937
37244,AOI-0058,2019-04-07,озимая пшеница,0.7273325082891444,0.8038646000659043,911,4,0.0765320917767599
37248,AOI-0058,2019-04-11,озимая пшеница,0.6809365028839374,0.72073802093837,911,4,0.03980151805443266
37300,AOI-0058,2019-06-02,озимая пшеница,0.8001897282222192,0.8465079080206226,911,6,0.04631817979840336
37317,AOI-0058,2019-06-19,озимая пшеница,0.4408957231347071,0.4303539407465729,911,6,-0.010541782388134191
37381,AOI-0058,2019-08-22,озимая пшеница,0.2374418030080397,0.2073000660970797,911,8,-0.030141736910959976
37445,AOI-0058,2019-10-25,озимая пшеница,0.3189408717494775,0.2016348818426006,911,10,-0.1173059899068769
37460,AOI-0058,2020-04-10,озимая пшеница,0.4309517330233919,0.42561593729329533,911,4,-0.005335795730096571
37488,AOI-0058,2020-05-08,озимая пшеница,0.5455583284514743,0.6899542814232692,911,5,0.14439595297179486
37555,AOI-0058,2020-07-14,озимая пшеница,0.3943539627691609,0.474241670524957,911,7,0.07988770775579612
37565,AOI-0058,2020-07-24,озимая пшеница,0.4087701381105505,0.41659414907473413,911,7,0.007824010964183614
37596,AOI-0058,2020-08-24,озимая пшеница,0.3701363842945951,0.3529523334177932,911,8,-0.017184050876801915
37619,AOI-0058,2020-09-16,озимая пшеница,0.3615352188099546,0.3290252734546104,911,9,-0.03250994535534418
37625,AOI-0058,2020-09-22,озимая пшеница,0.3026388500860186,0.2976761190945507,911,9,-0.0049627309914678785
37686,AOI-0058,2021-04-23,озимая пшеница,0.76918508103886,0.680331638340847,911,4,-0.08885344269801299
37692,AOI-0058,2021-04-29,озимая пшеница,0.6298305086495902,0.5730123534435383,911,4,-0.056818155206051935
37693,AOI-0058,2021-04-30,озимая пшеница,0.3436872360406715,0.5533260923179174,911,4,0.20963885627724593
37748,AOI-0058,2021-06-24,озимая пшеница,0.770601781663533,0.6545896515904446,911,6,-0.11601213007308842
37753,AOI-0058,2021-06-29,озимая пшеница,0.557374217016735,0.67230000063385,911,6,0.11492578361711503
37814,AOI-0058,2021-08-29,озимая пшеница,0.5519379222808046,0.4284582304494515,911,8,-0.1234796918313531
37823,AOI-0058,2021-09-07,озимая пшеница,0.3649595157707027,0.34012249308053705,911,9,-0.024837022690165633
37915,AOI-0058,2022-05-09,озимая пшеница,0.8680622701180648,0.8510257044504423,911,5,-0.01703656566762246
37956,AOI-0058,2022-06-19,озимая пшеница,0.7635183011481955,0.7562126060507608,911,6,-0.007305695097434728
37991,AOI-0058,2022-07-24,озимая пшеница,0.1541274746605918,0.17511315916718406,911,7,0.020985684506592273
38012,AOI-0058,2022-08-14,озимая пшеница,0.4111415195620581,0.26492687644609636,911,8,-0.14621464311596172
38021,AOI-0058,2022-08-23,озимая пшеница,0.245630272603489,0.23605056147690356,911,8,-0.009579711126585427
38028,AOI-0058,2022-08-30,озимая пшеница,0.3028116350618757,0.23264214642799794,911,8,-0.07016948863387776
38132,AOI-0058,2023-05-13,озимая пшеница,0.475520625369337,0.52046085402017,911,5,0.04494022865083297
38176,AOI-0058,2023-06-26,озимая пшеница,0.7362288615504784,0.7283984442189808,911,6,-0.007830417331497586
38187,AOI-0058,2023-07-07,озимая пшеница,0.8451111271447433,0.7601130152673562,911,7,-0.08499811187738715
38200,AOI-0058,2023-07-20,озимая пшеница,0.8384251693536433,0.8598301454106086,911,7,0.02140497605696534
38214,AOI-0058,2023-08-03,озимая пшеница,0.7300779153655594,0.7383203093693813,911,8,0.008242394003821873
38249,AOI-0058,2023-09-07,озимая пшеница,0.4741744009931344,0.4349307407852615,911,9,-0.0392436602078729
38271,AOI-0058,2023-09-29,озимая пшеница,0.5262512059462091,0.4885620811824739,911,9,-0.037689124763735204
38292,AOI-0058,2023-10-20,озимая пшеница,0.4985382192267272,0.44599562422353245,911,10,-0.05254259500319475
38315,AOI-0058,2024-04-13,озимая пшеница,0.7895899385875398,0.734581489621982,911,4,-0.05500844896555779
38336,AOI-0058,2024-05-04,озимая пшеница,0.8265848432428341,0.8041746881171556,911,5,-0.022410155125678455
38339,AOI-0058,2024-05-07,озимая пшеница,0.8340280975428959,0.7957261771958616,911,5,-0.03830192034703428
38340,AOI-0058,2024-05-08,озимая пшеница,0.8117729349736382,0.7779282301060673,911,5,-0.03384470486757096
38434,AOI-0058,2024-08-10,озимая пшеница,0.3267863752953129,0.2710758343709906,911,8,-0.055710540924322316
38436,AOI-0058,2024-08-12,озимая пшеница,0.2649288733017285,0.32676539584299813,911,8,0.061836522541269645
38456,AOI-0058,2024-09-01,озимая пшеница,0.1994038208117115,0.21754886691895864,911,9,0.018145046107247126
38544,AOI-0058,2025-04-29,озимая пшеница,0.503052494437076,0.5451549970634868,911,4,0.0421025026264108
38564,AOI-0058,2025-05-19,озимая пшеница,0.277470932410944,0.3012230736677188,911,5,0.023752141256774773
38587,AOI-0058,2025-06-11,озимая пшеница,0.4294842864504203,0.45110200302313735,911,6,0.02161771657271705
38611,AOI-0058,2025-07-05,озимая пшеница,0.6581040852288871,0.56191149709184,911,7,-0.09619258813704712
38618,AOI-0058,2025-07-12,озимая пшеница,0.491665396420508,0.4215161484946326,911,7,-0.0701492479258754
38636,AOI-0058,2025-07-30,озимая пшеница,0.2641475642735796,0.2592599359781412,911,7,-0.004887628295438429
38666,AOI-0058,2025-08-29,озимая пшеница,0.1399956327774697,0.21321976196859388,911,8,0.07322412919112417
38739,AOI-0059,2010-06-10,озимая пшеница,0.8546728729523179,0.8200209937689737,911,6,-0.034651879183344114
38744,AOI-0059,2010-07-28,озимая пшеница,0.5678541067758051,0.5468807959299644,911,7,-0.020973310845840643
38756,AOI-0059,2010-10-24,озимая пшеница,0.3533729658391409,0.3520217585824119,911,10,-0.0013512072567289923
38757,AOI-0059,2011-04-02,озимая пшеница,0.2234980367934954,0.46754515880157127,911,4,0.24404712200807588
38758,AOI-0059,2011-04-07,озимая пшеница,0.5248477624084622,0.6290215245720762,911,4,0.10417376216361396
38775,AOI-0059,2011-07-15,озимая пшеница,0.7679825202579604,0.5013751226449459,911,7,-0.26660739761301455
38778,AOI-0059,2011-08-07,озимая пшеница,0.5485509360935402,0.4020182250455789,911,8,-0.14653271104796134
38805,AOI-0059,2012-06-09,озимая пшеница,0.8397526851098455,0.8242788830600369,911,6,-0.015473802049808527
38813,AOI-0059,2012-07-27,озимая пшеница,0.4369008136696501,0.34544407001407834,911,7,-0.09145674365557177
38816,AOI-0059,2012-08-28,озимая пшеница,0.4237768510984541,0.32321253175002657,911,8,-0.10056431934842752
38829,AOI-0059,2013-04-30,озимая пшеница,0.918112056088743,0.8801920063365523,911,4,-0.037920049752190765
38832,AOI-0059,2013-05-25,озимая пшеница,0.8245072898461338,0.7302922985458065,911,5,-0.09421499130032729
38842,AOI-0059,2013-07-12,озимая пшеница,0.2547271651743432,0.31922448476363857,911,7,0.06449731958929539
38854,AOI-0059,2013-09-14,озимая пшеница,0.345119690805533,0.3482692239334782,911,9,0.003149533127945192
38882,AOI-0059,2014-07-31,озимая пшеница,0.2278491890473399,0.2683032454705374,911,7,0.04045405642319752
38885,AOI-0059,2014-08-13,озимая пшеница,0.360973067534581,0.3031001380174278,911,8,-0.05787292951715323
38891,AOI-0059,2014-08-31,озимая пшеница,0.1970648116394994,0.2453419664411526,911,8,0.048277154801653205
38893,AOI-0059,2014-09-16,озимая пшеница,0.2339082126822682,0.2747346407434968,911,9,0.0408264280612286
38897,AOI-0059,2014-10-16,озимая пшеница,0.346700244100895,0.27851701295503406,911,10,-0.06818323114586095
38902,AOI-0059,2015-04-12,озимая пшеница,0.2311248493298934,0.44947788932669697,911,4,0.21835303999680356
38905,AOI-0059,2015-04-28,озимая пшеница,0.2914856563075563,0.43568213831572855,911,4,0.14419648200817226
38922,AOI-0059,2015-08-03,озимая пшеница,0.7578498682659858,0.7762128104531102,911,8,0.01836294218712442
38940,AOI-0059,2015-10-16,озимая пшеница,0.3030897477624085,0.3590770844927662,911,10,0.05598733673035772
38953,AOI-0059,2016-06-09,озимая пшеница,0.7618135069161923,0.7959886739361279,911,6,0.034175167019935615
38964,AOI-0059,2016-07-27,озимая пшеница,0.260833155876686,0.3579874013640455,911,7,0.09715424548735951
38972,AOI-0059,2016-09-05,озимая пшеница,0.2364800234650595,0.19543117747267136,911,9,-0.041048845992388144
38977,AOI-0059,2016-10-15,озимая пшеница,0.2132764699294073,0.4864762638502129,911,10,0.2731997939208056
38992,AOI-0059,2017-05-12,озимая пшеница,0.905806470996818,0.9150246900284114,911,5,0.009218219031593367
39010,AOI-0059,2017-07-14,озимая пшеница,0.2033126185204446,0.33688662750511317,911,7,0.13357400898466856
39017,AOI-0059,2017-08-08,озимая пшеница,0.196572013489965,0.2301327718639709,911,8,0.033560758374005906
39020,AOI-0059,2017-08-14,озимая пшеница,0.1620682161269546,0.17408128921802318,911,8,0.012013073091068582
39021,AOI-0059,2017-08-24,озимая пшеница,0.1705665518493041,0.2031193408597687,911,8,0.0325527890104646
39037,AOI-0059,2017-10-18,озимая пшеница,0.0514376980057032,0.08448269783591103,911,10,0.03304499983020783
39045,AOI-0059,2018-04-23,озимая пшеница,0.5183334011391375,0.4795555262624981,911,4,-0.03877787487663942
39062,AOI-0059,2018-06-26,озимая пшеница,0.628083034987795,0.6305519040025831,911,6,0.0024688690147880443
39064,AOI-0059,2018-07-02,озимая пшеница,0.7096062819828517,0.6196377063297067,911,7,-0.08996857565314498
39067,AOI-0059,2018-07-12,озимая пшеница,0.5710429210740441,0.5051301886898557,911,7,-0.06591273238418838
39074,AOI-0059,2018-08-18,озимая пшеница,0.25288302061182,0.3291780829491216,911,8,0.0762950623373016
39080,AOI-0059,2018-09-11,озимая пшеница,0.2729109133380208,0.23493045420372974,911,9,-0.03798045913429107
39106,AOI-0059,2019-05-09,озимая пшеница,0.8913009357200977,0.8374986238156152,911,5,-0.05380231190448248
39111,AOI-0059,2019-05-31,озимая пшеница,0.8652236783488892,0.8298179398396411,911,5,-0.03540573850924811
39149,AOI-0059,2019-09-30,озимая пшеница,0.4901794141578519,0.378887449913169,911,9,-0.11129196424468285
39152,AOI-0059,2019-10-16,озимая пшеница,0.2403249921857919,0.36208551327329563,911,10,0.12176052108750374
39153,AOI-0059,2019-10-17,озимая пшеница,0.191918584465654,0.23825125308441175,911,10,0.04633266861875776
39154,AOI-0059,2019-10-18,озимая пшеница,0.1207593904692147,0.21679402555880167,911,10,0.09603463508958697
39165,AOI-0059,2020-04-22,озимая пшеница,0.4172498372660701,0.4438303535843249,911,4,0.026580516318254754
39168,AOI-0059,2020-04-30,озимая пшеница,0.171985008574216,0.22604653696846083,911,4,0.05406152839424483
39177,AOI-0059,2020-05-30,озимая пшеница,0.4206112667967461,0.48932889249591865,911,5,0.06871762569917256
39205,AOI-0059,2020-08-13,озимая пшеница,0.6222424034716003,0.6656555065690692,911,8,0.04341310309746893
39207,AOI-0059,2020-08-16,озимая пшеница,0.5992042560275013,0.6441379163267238,911,8,0.04493366029922252
39226,AOI-0059,2020-10-03,озимая пшеница,0.4980503526142076,0.44828969523814105,911,10,-0.04976065737606655
39227,AOI-0059,2020-10-07,озимая пшеница,0.5596658895232293,0.44099391360153617,911,10,-0.1186719759216931
39230,AOI-0059,2020-10-17,озимая пшеница,0.159857390440746,0.188715817486281,911,10,0.028858427045534985
39251,AOI-0059,2021-06-24,озимая пшеница,0.578221219681367,0.5741339039968082,911,6,-0.004087315684558779
39257,AOI-0059,2021-07-10,озимая пшеница,0.3120359040991836,0.29215147119525864,911,7,-0.019884432903924942
39275,AOI-0059,2021-09-03,озимая пшеница,0.8090277560207504,0.6904609132832125,911,9,-0.11856684273753793
39280,AOI-0059,2021-09-20,озимая пшеница,0.8205644784538226,0.4956519975750222,911,9,-0.3249124808788004
39285,AOI-0059,2021-10-06,озимая пшеница,0.2311186328627473,0.26833775176473923,911,10,0.03721911890199192
39291,AOI-0059,2021-10-27,озимая пшеница,0.2136217754791286,0.2202264873739169,911,10,0.006604711894788284
39298,AOI-0059,2022-05-09,озимая пшеница,0.3255355005554134,0.570857016823993,911,5,0.24532151626857962
39312,AOI-0059,2022-06-29,озимая пшеница,0.8055651778663298,0.7884320067710242,911,6,-0.017133171095305544
39315,AOI-0059,2022-07-05,озимая пшеница,0.8033454985211068,0.7847239104041841,911,7,-0.018621588116922716
39337,AOI-0059,2022-08-30,озимая пшеница,0.6202241140856806,0.5197731587324244,911,8,-0.10045095535325621
39340,AOI-0059,2022-09-07,озимая пшеница,0.5070134639324253,0.4544216344373704,911,9,-0.05259182949505492
39341,AOI-0059,2022-09-14,озимая пшеница,0.5746475589910497,0.43723926798726154,911,9,-0.13740829100378815
39361,AOI-0059,2023-05-12,озимая пшеница,0.8964397797779531,0.8974415580033603,911,5,0.0010017782254072571
39364,AOI-0059,2023-05-20,озимая пшеница,0.8460214246314205,0.8874019006844557,911,5,0.04138047605303519
39376,AOI-0059,2023-06-28,озимая пшеница,0.5011681165298952,0.4030224366195021,911,6,-0.09814567991039314
39405,AOI-0059,2023-09-10,озимая пшеница,0.3021527493642306,0.28734789450919984,911,9,-0.014804854855030747
39407,AOI-0059,2023-09-14,озимая пшеница,0.3670246135069162,0.3712271752735009,911,9,0.004202561766584734
39412,AOI-0059,2023-09-25,озимая пшеница,0.2781695704711276,0.27914840398545865,911,9,0.0009788335143310345
39423,AOI-0059,2023-10-17,озимая пшеница,0.1507893989972206,0.18178267222503547,911,10,0.030993273227814866
39425,AOI-0059,2023-10-20,озимая пшеница,0.2207136351178577,0.24119844027915188,911,10,0.020484805161294195
39429,AOI-0059,2024-04-06,озимая пшеница,0.4376073637103336,0.4076039600374829,911,4,-0.030003403672850704
39442,AOI-0059,2024-05-24,озимая пшеница,0.3077362803807865,0.5256504371866458,911,5,0.21791415680585935
39443,AOI-0059,2024-05-30,озимая пшеница,0.5092546205108356,0.444716122409745,911,5,-0.06453849810109058
39448,AOI-0059,2024-06-18,озимая пшеница,0.6168681426981542,0.5222910055171952,911,6,-0.09457713718095895
39449,AOI-0059,2024-06-23,озимая пшеница,0.5732765776550003,0.5240262342795947,911,6,-0.04925034337540557
39454,AOI-0059,2024-07-02,озимая пшеница,0.6156939295606566,0.6008576001006986,911,7,-0.014836329459958053
39490,AOI-0059,2024-10-05,озимая пшеница,0.1992456260858104,0.19294065085125703,911,10,-0.006304975234553367
39506,AOI-0059,2025-05-04,озимая пшеница,0.844940601149337,0.8151963218157909,911,5,-0.029744279333546064
39525,AOI-0059,2025-07-12,озимая пшеница,0.2159216509154888,0.28207918288556294,911,7,0.06615753197007415
39526,AOI-0059,2025-07-13,озимая пшеница,0.1461308638795507,0.16967181401730552,911,7,0.023540950137754812
39532,AOI-0059,2025-07-30,озимая пшеница,0.103237982875654,0.1330983870921874,911,7,0.02986040421653341
39534,AOI-0059,2025-08-05,озимая пшеница,0.2010235505392442,0.16529406391943746,911,8,-0.03572948661980674
39550,AOI-0059,2025-09-08,озимая пшеница,0.1033092039413317,0.15509254435502634,911,9,0.051783340413694645
39557,AOI-0059,2025-09-26,озимая пшеница,0.1700792266676143,0.184117254826691,911,9,0.014038028159076704
39615,AOI-0060,2025-05-24,озимая пшеница,0.4122622577746704,0.4951173888846008,911,5,0.08285513110993037
39616,AOI-0060,2025-05-25,озимая пшеница,0.5116834394904458,0.5770282313316666,911,5,0.06534479184122077
39662,AOI-0060,2025-07-10,озимая пшеница,0.4874783317231309,0.48014221256651723,911,7,-0.007336119156613641
39705,AOI-0060,2025-08-22,озимая пшеница,0.1709890547600321,0.15908466538444554,911,8,-0.01190438937558655
39720,AOI-0060,2025-09-06,озимая пшеница,0.2266605572833501,0.17021934563004004,911,9,-0.056441211653310064
39729,AOI-0060,2025-09-15,озимая пшеница,0.2449670110785387,0.19279155041438498,911,9,-0.05217546066415371
39777,AOI-0061,2010-04-24,озимая пшеница,0.3012539299635257,0.25558568433764567,911,4,-0.04566824562588001
39787,AOI-0061,2010-07-13,озимая пшеница,0.674206285107738,0.6982902442312823,911,7,0.02408395912354433
39800,AOI-0061,2010-10-25,озимая пшеница,0.1922662944903702,0.22238137902405586,911,10,0.030115084533685665
39801,AOI-0061,2011-04-07,озимая пшеница,0.6308904793608522,0.5280222988158749,911,4,-0.10286818054497726
39806,AOI-0061,2011-05-25,озимая пшеница,0.8000357745228583,0.6934114883672324,911,5,-0.10662428615562591
39818,AOI-0061,2011-08-17,озимая пшеница,0.4206472911515904,0.3486083439585656,911,8,-0.07203894719302478
39836,AOI-0061,2012-06-25,озимая пшеница,0.7230775854416335,0.6987114273850289,911,6,-0.02436615805660458
39839,AOI-0061,2012-07-27,озимая пшеница,0.6063153794940082,0.5970112035220959,911,7,-0.009304175971912243
39862,AOI-0061,2013-06-27,озимая пшеница,0.4435200483442061,0.5514481348920559,911,6,0.1079280865478498
39868,AOI-0061,2013-08-06,озимая пшеница,0.2077051969607998,0.3181810479254297,911,8,0.11047585096462992
39875,AOI-0061,2013-09-23,озимая пшеница,0.1804255088566625,0.17428421419079299,911,9,-0.006141294665869518
39888,AOI-0061,2014-06-06,озимая пшеница,0.7502622220146051,0.8159521079547384,911,6,0.06568988594013325
39890,AOI-0061,2014-06-14,озимая пшеница,0.6161754456664453,0.6798826909797848,911,6,0.06370724531333949
39899,AOI-0061,2014-08-13,озимая пшеница,0.2796837328007101,0.2933746805420201,911,8,0.013690947741309967
39920,AOI-0061,2015-06-01,озимая пшеница,0.5874171848673492,0.47758769902353265,911,6,-0.10982948584381652
39923,AOI-0061,2015-06-26,озимая пшеница,0.8337747891699958,0.8170505611814177,911,6,-0.01672422798857809
39929,AOI-0061,2015-08-04,озимая пшеница,0.7537108972477696,0.7685138188998148,911,8,0.01480292165204522
39945,AOI-0061,2016-05-08,озимая пшеница,0.8423972703062583,0.712894233147853,911,5,-0.12950303715840528
39958,AOI-0061,2016-08-28,озимая пшеница,0.3280830448291167,0.31891901086868346,911,8,-0.009164033960433249
39961,AOI-0061,2016-09-13,озимая пшеница,0.2378359964491789,0.2741978216546255,911,9,0.03636182520544656
39974,AOI-0061,2017-04-26,озимая пшеница,0.2144874016793924,0.1820385305289557,911,4,-0.03244887115043671
39981,AOI-0061,2017-05-26,озимая пшеница,0.2579759283496785,0.3002235118939265,911,5,0.04224758354424801
39985,AOI-0061,2017-06-10,озимая пшеница,0.7664421881935198,0.7346485414311656,911,6,-0.03179364676235419
40000,AOI-0061,2017-08-09,озимая пшеница,0.5708811394218755,0.6050502496759033,911,8,0.0341691102540278
40013,AOI-0061,2017-09-15,озимая пшеница,0.1933375265463544,0.1768239235230818,911,9,-0.016513603023272594
40020,AOI-0061,2017-10-08,озимая пшеница,0.1685592139755327,0.1538732257121281,911,10,-0.014685988263404587
40031,AOI-0061,2018-05-09,озимая пшеница,0.8772591433644029,0.8484613977513722,911,5,-0.028797745613030723
40037,AOI-0061,2018-06-02,озимая пшеница,0.8792834502149648,0.8368113247143769,911,6,-0.042472125500587876
40038,AOI-0061,2018-06-09,озимая пшеница,0.8135795223455845,0.8328885458028897,911,6,0.01930902345730523
40041,AOI-0061,2018-06-25,озимая пшеница,0.4240522601416944,0.44752740978633154,911,6,0.02347514964463715
40048,AOI-0061,2018-08-13,озимая пшеница,0.2681989347536618,0.29773790325942207,911,8,0.029538968505760266
40069,AOI-0061,2019-04-21,озимая пшеница,0.1911184229246673,0.20269206376843596,911,4,0.011573640843768662
40086,AOI-0061,2019-05-31,озимая пшеница,0.6380369821343312,0.6427383327897783,911,5,0.0047013506554470785
40091,AOI-0061,2019-06-15,озимая пшеница,0.7592807864153337,0.7523182443578694,911,6,-0.006962542057464272
40097,AOI-0061,2019-06-28,озимая пшеница,0.7461401687707345,0.7352813203938469,911,6,-0.010858848376887664
40106,AOI-0061,2019-07-20,озимая пшеница,0.8234132431946343,0.7780339806679941,911,7,-0.04537926252664015
40110,AOI-0061,2019-08-01,озимая пшеница,0.7673510247138058,0.7780229267069697,911,8,0.010671901993163924
40136,AOI-0061,2019-10-02,озимая пшеница,0.2280998191486424,0.21907719809898138,911,10,-0.009022621049661034
40137,AOI-0061,2019-10-10,озимая пшеница,0.2393781311171353,0.20374784303314622,911,10,-0.035630288083989076
40143,AOI-0061,2019-10-23,озимая пшеница,0.3449525440928913,0.27320423314674724,911,10,-0.07174831094614403
40147,AOI-0061,2020-04-03,озимая пшеница,0.6570999567359345,0.4077838676311184,911,4,-0.24931608910481606
40157,AOI-0061,2020-05-08,озимая пшеница,0.6987699289835774,0.7014465903233157,911,5,0.0026766613397383177
40166,AOI-0061,2020-06-01,озимая пшеница,0.610049075568138,0.6103047403766498,911,6,0.00025566480851180184
40168,AOI-0061,2020-06-09,озимая пшеница,0.6226477909208596,0.6508873807438081,911,6,0.028239589822948497
40173,AOI-0061,2020-06-26,озимая пшеница,0.4041582613316173,0.3976559506716478,911,6,-0.006502310659969535
40186,AOI-0061,2020-07-29,озимая пшеница,0.2922227318848007,0.2688474205238383,911,7,-0.02337531136096238
40203,AOI-0061,2020-09-04,озимая пшеница,0.173540570513823,0.15023002331432372,911,9,-0.023310547199499265
40221,AOI-0061,2020-10-15,озимая пшеница,0.2398184442485675,0.26638800273472185,911,10,0.02656955848615436
40244,AOI-0061,2021-05-27,озимая пшеница,0.8914642408969932,0.8040553161611237,911,5,-0.08740892473586948
40245,AOI-0061,2021-05-30,озимая пшеница,0.827312428971489,0.7879470279952157,911,5,-0.03936540097627339
40247,AOI-0061,2021-06-09,озимая пшеница,0.795629860994664,0.7575715768201217,911,6,-0.03805828417454238
40248,AOI-0061,2021-06-10,озимая пшеница,0.5008276520195295,0.7157466156504871,911,6,0.21491896363095764
40269,AOI-0061,2021-07-29,озимая пшеница,0.2174867854067727,0.19878762108599501,911,7,-0.018699164320777673
40286,AOI-0061,2021-09-09,озимая пшеница,0.3105735142946795,0.22642061908955993,911,9,-0.08415289520511957
40294,AOI-0061,2021-10-02,озимая пшеница,0.2954947482561957,0.2829567193521107,911,10,-0.012538028904085008
40296,AOI-0061,2021-10-14,озимая пшеница,0.2024665750944844,0.25933461629843,911,10,0.05686804120394562
40306,AOI-0061,2022-04-17,озимая пшеница,0.2256849852976493,0.19810427216834656,911,4,-0.027580713129302742
40317,AOI-0061,2022-05-30,озимая пшеница,0.5196335448746202,0.45813698805052594,911,5,-0.06149655682409427
40328,AOI-0061,2022-06-26,озимая пшеница,0.8346641367066135,0.8029669051725989,911,6,-0.0316972315340146
40346,AOI-0061,2022-08-03,озимая пшеница,0.7118954375049967,0.7635964323003595,911,8,0.05170099479536272
40348,AOI-0061,2022-08-07,озимая пшеница,0.7104138243786454,0.7277782997735291,911,8,0.017364475394883727
40359,AOI-0061,2022-09-01,озимая пшеница,0.328183447915282,0.3216639448751816,911,9,-0.006519503040100405
40364,AOI-0061,2022-09-14,озимая пшеница,0.1816859080899114,0.2767740223289537,911,9,0.09508811423904232
40377,AOI-0061,2023-04-17,озимая пшеница,0.5838969835348528,0.4766323172068818,911,4,-0.10726466632797094
40393,AOI-0061,2023-06-16,озимая пшеница,0.80023698805492,0.7872553945704891,911,6,-0.012981593484430953
40394,AOI-0061,2023-06-18,озимая пшеница,0.7675620058740013,0.7700333866813924,911,6,0.002471380807391177
40396,AOI-0061,2023-06-23,озимая пшеница,0.7312195533287451,0.772805399607928,911,6,0.041585846279182936
40403,AOI-0061,2023-07-06,озимая пшеница,0.4463135581068173,0.4565625593307945,911,7,0.010249001223977205
40404,AOI-0061,2023-07-12,озимая пшеница,0.4631736129604972,0.5287907722443188,911,7,0.06561715928382161
40423,AOI-0061,2023-08-25,озимая пшеница,0.1684383414267663,0.16658936010365055,911,8,-0.001848981323115756
40438,AOI-0061,2023-09-30,озимая пшеница,0.2370292498890367,0.2455419045664649,911,9,0.008512654677428205
40456,AOI-0061,2024-04-09,озимая пшеница,0.3964221619466875,0.36666907565153395,911,4,-0.029753086295153552
40474,AOI-0061,2024-06-18,озимая пшеница,0.2326730298205582,0.5627200865829372,911,6,0.33004705676237894
40486,AOI-0061,2024-07-19,озимая пшеница,0.3958188492766454,0.36202433423301683,911,7,-0.03379451504362857
40493,AOI-0061,2024-08-04,озимая пшеница,0.3343346339163804,0.3099848779455622,911,8,-0.024349755970818232
40498,AOI-0061,2024-08-19,озимая пшеница,0.3103379725036891,0.29654492927953374,911,8,-0.013793043224155366
40510,AOI-0061,2024-09-16,озимая пшеница,0.1863931375560006,0.18005666038430793,911,9,-0.006336477171692667
40520,AOI-0061,2024-10-15,озимая пшеница,0.2363495117620949,0.26464537420994316,911,10,0.028295862447848263
40532,AOI-0061,2025-04-24,озимая пшеница,0.6862501771403974,0.7774213302382276,911,4,0.0911711530978302
40551,AOI-0061,2025-06-26,озимая пшеница,0.5098377718597426,0.5400980673050654,911,6,0.030260295445322827
40565,AOI-0061,2025-07-18,озимая пшеница,0.2260548040523678,0.20968601816379534,911,7,-0.016368785888572462
40566,AOI-0061,2025-07-22,озимая пшеница,0.3924742163439518,0.23422852191562465,911,7,-0.15824569442832714
40572,AOI-0061,2025-08-02,озимая пшеница,0.1190859116842657,0.18757393559249433,911,8,0.06848802390822863
40580,AOI-0061,2025-08-15,озимая пшеница,0.2333064018598746,0.2612348532348071,911,8,0.027928451374932495
40589,AOI-0061,2025-09-01,озимая пшеница,0.1737381328412237,0.18696438369846435,911,9,0.013226250857240662
40590,AOI-0061,2025-09-05,озимая пшеница,0.2061775971987194,0.2034322831065797,911,9,-0.0027453140921396835
40603,AOI-0061,2025-10-05,озимая пшеница,0.2735999216600179,0.29135664688724294,911,10,0.017756725227225045
40610,AOI-0062,2010-04-23,озимая пшеница,0.8434297345928925,0.7969967874595612,911,4,-0.04643294713333135
40631,AOI-0062,2010-10-01,озимая пшеница,0.2024739371832009,0.22785803348257308,911,10,0.02538409629937219
40633,AOI-0062,2011-04-07,озимая пшеница,0.7277331983805669,0.6019375135088073,911,4,-0.12579568487175963
40647,AOI-0062,2011-08-01,озимая пшеница,0.3971451235876222,0.445453674586425,911,8,0.04830855099880277
40656,AOI-0062,2011-09-30,озимая пшеница,0.3301451641925326,0.38158061031207835,911,9,0.05143544611954576
40671,AOI-0062,2012-08-12,озимая пшеница,0.2672163742690058,0.31760267149701416,911,8,0.05038629722800836
40675,AOI-0062,2012-09-20,озимая пшеница,0.1669804769057537,0.17573733245111306,911,9,0.008756855545359349
40685,AOI-0062,2013-05-25,озимая пшеница,0.6255806117858751,0.586661050473887,911,5,-0.03891956131198815
40694,AOI-0062,2013-07-29,озимая пшеница,0.7245338205253979,0.7261032726103195,911,7,0.001569452084921541
40699,AOI-0062,2013-08-29,озимая пшеница,0.3953048582995952,0.4036925336109521,911,8,0.008387675311356868
40726,AOI-0062,2014-08-17,озимая пшеница,0.2535160647115114,0.20650174759179957,911,8,-0.047014317119711824
40729,AOI-0062,2014-09-02,озимая пшеница,0.2079047751662169,0.1982453208896558,911,9,-0.009659454276561091
40730,AOI-0062,2014-09-14,озимая пшеница,0.3217170940170941,0.32485151567001685,911,9,0.0031344216529227698
40752,AOI-0062,2015-08-04,озимая пшеница,0.2333061732584192,0.2083480552556277,911,8,-0.02495811800279152
40755,AOI-0062,2015-08-28,озимая пшеница,0.149918002979152,0.18411843203494369,911,8,0.03420042905579168
40760,AOI-0062,2015-09-29,озимая пшеница,0.1670747123855703,0.17556727363844069,911,9,0.008492561252870373
40764,AOI-0062,2016-04-06,озимая пшеница,0.90229689608637,0.8000385092048397,911,4,-0.10225838688153033
40771,AOI-0062,2016-05-24,озимая пшеница,0.9056232118758436,0.8355448204348123,911,5,-0.07007839144103134
40792,AOI-0062,2016-10-15,озимая пшеница,0.3767004498425552,0.3434386658839629,911,10,-0.033261783958592306
40801,AOI-0062,2017-04-27,озимая пшеница,0.1959852340986566,0.23652344415710908,911,4,0.040538210058452484
40806,AOI-0062,2017-05-25,озимая пшеница,0.6785840755735494,0.7159570657610712,911,5,0.037372990187521826
40816,AOI-0062,2017-07-02,озимая пшеница,0.862674720176392,0.8508528500100823,911,7,-0.011821870166309756
40832,AOI-0062,2017-08-29,озимая пшеница,0.3492504273504274,0.2687423486372805,911,8,-0.08050807871314686
40836,AOI-0062,2017-09-13,озимая пшеница,0.1831061010460144,0.18028487745539068,911,9,-0.002821223590623728
40845,AOI-0062,2017-10-08,озимая пшеница,0.1637302128555843,0.14537160795324633,911,10,-0.018358604902337983
40852,AOI-0062,2018-04-30,озимая пшеница,0.860329901310597,0.8468781235916714,911,4,-0.013451777718925584
40863,AOI-0062,2018-06-20,озимая пшеница,0.358604504266486,0.45478839297019125,911,6,0.09618388870370526
40872,AOI-0062,2018-08-13,озимая пшеница,0.271114979757085,0.2586830464829833,911,8,-0.012431933274101692
40875,AOI-0062,2018-08-29,озимая пшеница,0.2545797121007647,0.2158835628554715,911,8,-0.03869614924529319
40897,AOI-0062,2019-04-28,озимая пшеница,0.1835980594748281,0.19350721639805374,911,4,0.009909156923225637
40904,AOI-0062,2019-05-21,озимая пшеница,0.3172138015013923,0.2861023879696365,911,5,-0.031111413531755783
40914,AOI-0062,2019-06-10,озимая пшеница,0.6552174338813421,0.7063321302249235,911,6,0.051114696343581345
40927,AOI-0062,2019-07-12,озимая пшеница,0.8055072874493927,0.7132383248306555,911,7,-0.09226896261873718
40931,AOI-0062,2019-07-28,озимая пшеница,0.7317798470535314,0.6781253510172117,911,7,-0.053654496036319665
40937,AOI-0062,2019-08-11,озимая пшеница,0.7142266160713625,0.6928877775872071,911,8,-0.02133883848415541
40941,AOI-0062,2019-08-19,озимая пшеница,0.5162506065303375,0.5066699656779453,911,8,-0.009580640852392186
40957,AOI-0062,2019-09-30,озимая пшеница,0.1294461257997936,0.2536099107314438,911,9,0.1241637849316502
40964,AOI-0062,2019-10-20,озимая пшеница,0.166351518545951,0.18293089359162526,911,10,0.01657937504567425
40976,AOI-0062,2020-04-22,озимая пшеница,0.6832818344467617,0.7475584033769478,911,4,0.06427656893018607
40990,AOI-0062,2020-06-11,озимая пшеница,0.7176232878769275,0.6400862411383964,911,6,-0.07753704673853112
40992,AOI-0062,2020-06-25,озимая пшеница,0.3531847053531264,0.47337941365297737,911,6,0.12019470829985096
40994,AOI-0062,2020-06-29,озимая пшеница,0.2526871271450482,0.26735065567848526,911,6,0.014663528533437054
41002,AOI-0062,2020-07-16,озимая пшеница,0.1406421619712813,0.15973419339304656,911,7,0.01909203142176527
41003,AOI-0062,2020-07-19,озимая пшеница,0.0457973081357863,0.15638913616803102,911,7,0.11059182803224471
41037,AOI-0062,2020-09-27,озимая пшеница,0.1160713566769472,0.15486168415796103,911,9,0.03879032748101384
41043,AOI-0062,2020-10-17,озимая пшеница,0.1177935188527123,0.15524708477449428,911,10,0.03745356592178198
41073,AOI-0062,2021-06-16,озимая пшеница,0.3649259955989527,0.47531039313097834,911,6,0.11038439753202561
41082,AOI-0062,2021-07-11,озимая пшеница,0.768883705331415,0.7610898205073063,911,7,-0.007793884824108699
41090,AOI-0062,2021-07-28,озимая пшеница,0.6960796221322537,0.6610194085473176,911,7,-0.03506021358493616
41094,AOI-0062,2021-08-04,озимая пшеница,0.6738831336293901,0.6520667661329461,911,8,-0.021816367496444
41095,AOI-0062,2021-08-05,озимая пшеница,0.6096274367043171,0.5930491661779009,911,8,-0.01657827052641614
41096,AOI-0062,2021-08-08,озимая пшеница,0.6073000778636914,0.5745457262625809,911,8,-0.03275435160111051
41122,AOI-0062,2021-10-22,озимая пшеница,0.1894729665154852,0.19373528387138966,911,10,0.00426231735590446
41129,AOI-0062,2022-04-23,озимая пшеница,0.846835582546109,0.8144240410469243,911,4,-0.03241154149918468
41130,AOI-0062,2022-04-25,озимая пшеница,0.85795092932067,0.8030961634201184,911,4,-0.054854765900551605
41132,AOI-0062,2022-05-09,озимая пшеница,0.9018777327935223,0.846717225999206,911,5,-0.05516050679431639
41149,AOI-0062,2022-06-16,озимая пшеница,0.7666913121195965,0.7368761202819234,911,6,-0.029815191837673116
41154,AOI-0062,2022-06-30,озимая пшеница,0.318783740569427,0.3280570005769694,911,6,0.009273260007542417
41162,AOI-0062,2022-07-22,озимая пшеница,0.2636743610462769,0.2053259050181986,911,7,-0.05834845602807828
41166,AOI-0062,2022-07-30,озимая пшеница,0.2749608375229521,0.2554192737103844,911,7,-0.019541563812567664
41219,AOI-0062,2023-06-21,озимая пшеница,0.9190109188371202,0.8567028543344319,911,6,-0.06230806450268822
41223,AOI-0062,2023-06-29,озимая пшеница,0.8961190165295363,0.8232916987226755,911,6,-0.0728273178068608
41231,AOI-0062,2023-07-21,озимая пшеница,0.7965049041945302,0.808947205471677,911,7,0.012442301277146739
41247,AOI-0062,2023-08-26,озимая пшеница,0.2034430890866609,0.1846680295864267,911,8,-0.018775059500234198
41251,AOI-0062,2023-09-07,озимая пшеница,0.1582467518560188,0.16318968352197374,911,9,0.004942931665954942
41254,AOI-0062,2023-09-14,озимая пшеница,0.1398360139811112,0.2140637335931685,911,9,0.07422771961205729
41265,AOI-0062,2023-10-09,озимая пшеница,0.1711147801149009,0.1670128441636993,911,10,-0.004101935951201591
41272,AOI-0062,2023-10-21,озимая пшеница,0.1652390215657498,0.1795572075890362,911,10,0.014318186023286411
41293,AOI-0062,2024-06-13,озимая пшеница,0.5177206532531032,0.43971157970924823,911,6,-0.078009073543855
41295,AOI-0062,2024-06-18,озимая пшеница,0.3397376392230387,0.3205843271211448,911,6,-0.01915331210189386
41296,AOI-0062,2024-06-20,озимая пшеница,0.2889181802938811,0.3043906472462023,911,6,0.015472466952321184
41300,AOI-0062,2024-06-30,озимая пшеница,0.209191830444928,0.1736298678710858,911,6,-0.0355619625738422
41310,AOI-0062,2024-07-23,озимая пшеница,0.1094043594327865,0.1847299993218627,911,7,0.07532563988907622
41319,AOI-0062,2024-08-19,озимая пшеница,0.1519180721907909,0.1590365497178801,911,8,0.00711847752708919
41321,AOI-0062,2024-08-22,озимая пшеница,0.12828133885518,0.15634867593754337,911,8,0.028067337082363364
41348,AOI-0062,2025-04-18,озимая пшеница,0.2673478451170961,0.29049461752134675,911,4,0.02314677240425067
41355,AOI-0062,2025-05-06,озимая пшеница,0.1999748545432494,0.2606948732630482,911,5,0.06072001871979879
41370,AOI-0062,2025-06-25,озимая пшеница,0.8778197802585148,0.7491032914977211,911,6,-0.12871648876079367
41379,AOI-0062,2025-07-10,озимая пшеница,0.7114326282505024,0.7010772884288166,911,7,-0.010355339821685794
41386,AOI-0062,2025-07-23,озимая пшеница,0.4576511623408278,0.399459888063735,911,7,-0.05819127427709281
41392,AOI-0062,2025-08-04,озимая пшеница,0.2369820838968007,0.27784289088110714,911,8,0.04086080698430644
41404,AOI-0062,2025-08-29,озимая пшеница,0.1969756179829668,0.2414665900575085,911,8,0.044490972074541696
41413,AOI-0062,2025-09-16,озимая пшеница,0.1607947976805621,0.1833044378757392,911,9,0.022509640195177094
41438,AOI-0063,2025-04-11,озимая пшеница,0.2243560081697115,0.213040022076824,911,4,-0.011315986092887503
41455,AOI-0063,2025-04-28,озимая пшеница,0.2361878944657949,0.2510066296607489,911,4,0.01481873519495397
41458,AOI-0063,2025-05-01,озимая пшеница,0.2478061328871283,0.2176354962729646,911,5,-0.030170636614163693
41471,AOI-0063,2025-05-14,озимая пшеница,0.2507484673155221,0.3131517117254499,911,5,0.06240324440992784
41531,AOI-0063,2025-07-13,озимая пшеница,0.6740825394239239,0.6407902162620243,911,7,-0.03329232316189967
41533,AOI-0063,2025-07-15,озимая пшеница,0.597086072463334,0.5828327297386018,911,7,-0.01425334272473222
41586,AOI-0063,2025-09-06,озимая пшеница,0.3588081271902367,0.330338086480452,911,9,-0.028470040709784705
41626,AOI-0063,2025-10-16,озимая пшеница,0.2494399573568338,0.2588265884574087,911,10,0.009386631100574888
41669,AOI-0064,2025-04-29,озимая пшеница,0.4829696623515979,0.45079641667844905,911,4,-0.03217324567314883
41684,AOI-0064,2025-05-14,озимая пшеница,0.6464626040551061,0.7147918906035748,911,5,0.0683292865484687
41726,AOI-0064,2025-06-25,озимая пшеница,0.5368972554173639,0.3209386917057191,911,6,-0.2159585637116448
41745,AOI-0064,2025-07-14,озимая пшеница,0.2813269234886588,0.2547307330311279,911,7,-0.026596190457530866
41761,AOI-0064,2025-07-30,озимая пшеница,0.1520455681305383,0.19120617086591038,911,7,0.039160602735372085
41794,AOI-0064,2025-09-01,озимая пшеница,0.1623489412331565,0.16781062332149602,911,9,0.005461682088339526
41798,AOI-0064,2025-09-05,озимая пшеница,0.1871698656885612,0.16580159657139357,911,9,-0.021368269117167632
41816,AOI-0064,2025-09-23,озимая пшеница,0.2486476880722231,0.19149426495465516,911,9,-0.057153423117567936
41889,AOI-0065,2025-05-06,озимая пшеница,0.3717971470663854,0.5163361799077228,911,5,0.14453903284133746
41958,AOI-0065,2025-07-14,озимая пшеница,0.470171174271291,0.4803755609002324,911,7,0.010204386628941409
41972,AOI-0065,2025-07-28,озимая пшеница,0.3235477937650272,0.34256755236185776,911,7,0.019019758596830583
41989,AOI-0065,2025-08-14,озимая пшеница,0.1964914693323123,0.2267841899517362,911,8,0.030292720619423896
41991,AOI-0065,2025-08-16,озимая пшеница,0.2112517261549894,0.24697548390732238,911,8,0.03572375775233297
42019,AOI-0065,2025-09-13,озимая пшеница,0.1808731233270205,0.1909458781973926,911,9,0.010072754870372097
42041,AOI-0065,2025-10-05,озимая пшеница,0.2035045219514677,0.21564294034907258,911,10,0.012138418397604878
42052,AOI-0065,2025-10-16,озимая пшеница,0.3494441395097244,0.3204417853154523,911,10,-0.029002354194272106
42073,AOI-0066,2025-04-07,озимая пшеница,0.5061314436704302,0.3625274328879333,911,4,-0.14360401078249685
42082,AOI-0066,2025-04-16,озимая пшеница,0.2947899001632196,0.200098890232226,911,4,-0.09469100993099361
42120,AOI-0066,2025-05-24,озимая пшеница,0.2784515553360325,0.3317887517330917,911,5,0.053337196397059194
42163,AOI-0066,2025-07-06,озимая пшеница,0.8181277492963406,0.7885904582483875,911,7,-0.029537291047953107
42167,AOI-0066,2025-07-10,озимая пшеница,0.7758767314954681,0.7296378068446451,911,7,-0.04623892465082302
42171,AOI-0066,2025-07-14,озимая пшеница,0.6962898902184564,0.6745093021870288,911,7,-0.021780588031427683
42235,AOI-0066,2025-09-16,озимая пшеница,0.1613698314037007,0.18745925650422351,911,9,0.02608942510052281
42251,AOI-0066,2025-10-02,озимая пшеница,0.250859601781176,0.20760321295977618,911,10,-0.043256388821399816
42257,AOI-0066,2025-10-08,озимая пшеница,0.1800337307882057,0.1764765905915417,911,10,-0.003557140196664005
42286,AOI-0067,2010-04-07,зерновые,0.2635785657370518,0.23279141658343577,911,4,-0.030787149153616022
42334,AOI-0067,2010-05-25,зерновые,0.3125591235059761,0.34622876476997055,911,5,0.033669641263994465
42352,AOI-0067,2010-06-12,зерновые,0.2095357018440753,0.1944263246947336,911,6,-0.015109377149341713
42499,AOI-0067,2011-04-07,зерновые,0.2823069322709163,0.24502312868089554,911,4,-0.03728380359002076
42607,AOI-0067,2011-07-24,зерновые,0.6606697676712889,0.6287611368258587,911,7,-0.031908630845430275
42611,AOI-0067,2011-07-28,зерновые,0.6018550597609562,0.6248749621153407,911,7,0.023019902354384447
42615,AOI-0067,2011-08-01,зерновые,0.657331234892618,0.6321817431087883,911,8,-0.025149491783829747
42798,AOI-0067,2012-07-02,зерновые,0.1364290145896883,0.14023555527162967,911,7,0.0038065406819413616
42862,AOI-0067,2012-09-04,зерновые,0.1253629435060284,0.12240825268131938,911,9,-0.0029546908247090053
42935,AOI-0067,2013-04-17,зерновые,0.2438926247228646,0.25637860699503656,911,4,0.012485982272171958
43022,AOI-0067,2013-07-13,зерновые,0.2408796540845489,0.21609256898305068,911,7,-0.024787085101498213
43085,AOI-0067,2013-09-14,зерновые,0.4926368924302788,0.45303005874629504,911,9,-0.039606833683983766
43117,AOI-0067,2013-10-16,зерновые,0.5480291633466134,0.5506011272869901,911,10,0.0025719639403766204
43158,AOI-0067,2014-04-27,зерновые,0.2132162453205455,0.25392395173623994,911,4,0.040707706415694433
43279,AOI-0067,2014-08-26,зерновые,0.1882870737304067,0.1869615869059418,911,8,-0.0013254868244648998
43310,AOI-0067,2014-09-26,зерновые,0.1434935911815096,0.14846525665115687,911,9,0.0049716654696472795
43319,AOI-0067,2014-10-05,зерновые,0.130620621637066,0.1504172176411105,911,10,0.019796596004044487
43367,AOI-0067,2015-04-23,зерновые,0.1855265242998993,0.25242602589851393,911,4,0.06689950159861463
43414,AOI-0067,2015-06-09,зерновые,0.2272734143886861,0.21703833827046143,911,6,-0.010235076118224662
43502,AOI-0067,2015-09-05,зерновые,0.4824569190612526,0.45180370958623317,911,9,-0.030653209475019427
43621,AOI-0067,2016-06-03,зерновые,0.2431796300119988,0.20053321117673822,911,6,-0.042646418835260574
43630,AOI-0067,2016-06-12,зерновые,0.2030124031864582,0.19100073576917986,911,6,-0.012011667417278327
43645,AOI-0067,2016-06-27,зерновые,0.1642290917315849,0.1771442374892094,911,6,0.012915145757624508
43726,AOI-0067,2016-09-16,зерновые,0.1801904004005567,0.18680380481076347,911,9,0.006613404410206775
43777,AOI-0067,2017-04-07,зерновые,0.2493054980079681,0.23089487086708085,911,4,-0.01841062714088726
43830,AOI-0067,2017-05-30,зерновые,0.2268404878704712,0.2447024142169858,911,5,0.017861926346514595
43873,AOI-0067,2017-07-12,зерновые,0.4851049402390438,0.5294497626382979,911,7,0.04434482239925408
43898,AOI-0067,2017-08-06,зерновые,0.5278782584254589,0.5722741917447148,911,8,0.044395933319255954
43957,AOI-0067,2017-10-04,зерновые,0.334960659795408,0.28303028892955717,911,10,-0.05193037086585084
43965,AOI-0067,2017-10-12,зерновые,0.3133385128086567,0.2839888326499148,911,10,-0.029349680158741898
43998,AOI-0067,2018-04-15,зерновые,0.163680233940535,0.16340094307139835,911,4,-0.00027929086913663914
44118,AOI-0067,2018-08-13,зерновые,0.193098326693227,0.23825562249798266,911,8,0.045157295804755665
44157,AOI-0067,2018-09-21,зерновые,0.124618150347221,0.1442594179590705,911,9,0.01964126761184949
44166,AOI-0067,2018-09-30,зерновые,0.2379772908366534,0.24303306860518753,911,9,0.0050557777685341365
44176,AOI-0067,2018-10-10,зерновые,0.1847889801150961,0.16422103278530317,911,10,-0.02056794732979292
44206,AOI-0067,2019-04-10,зерновые,0.3268963541713,0.3425671501322096,911,4,0.015670795960909645
44224,AOI-0067,2019-04-28,зерновые,0.582395444030529,0.630840461841913,911,4,0.048445017811383995
44284,AOI-0067,2019-06-27,зерновые,0.2968493948315494,0.29867111799764656,911,6,0.0018217231660971889
44294,AOI-0067,2019-07-07,зерновые,0.1499500359129348,0.18912391336539694,911,7,0.03917387745246215
44302,AOI-0067,2019-07-15,зерновые,0.1676221216942831,0.20579541555993075,911,7,0.03817329386564766
44374,AOI-0067,2019-09-25,зерновые,0.2610407496704391,0.24991334534921117,911,9,-0.01112740432122794
44405,AOI-0067,2019-10-26,зерновые,0.1972257456505638,0.2326648272543374,911,10,0.0354390816037736
44411,AOI-0067,2020-04-02,зерновые,0.1685506335824559,0.17678762068548903,911,4,0.008236987103033139
44501,AOI-0067,2020-07-01,зерновые,0.6368316749300031,0.6694130380015851,911,7,0.03258136307158199
44536,AOI-0067,2020-08-05,зерновые,0.4557834688085601,0.3893099765593043,911,8,-0.06647349224925575
44549,AOI-0067,2020-08-18,зерновые,0.3740299220999384,0.3822260989955971,911,8,0.008196176895658713
44561,AOI-0067,2020-08-30,зерновые,0.3646743737791966,0.3072728110966204,911,8,-0.05740156268257618
44604,AOI-0067,2020-10-12,зерновые,0.1608187188430334,0.16114877413125864,911,10,0.000330055288225245
44613,AOI-0067,2020-10-21,зерновые,0.1890642957024336,0.15181983427632345,911,10,-0.037244461426110154
44639,AOI-0067,2021-04-17,зерновые,-0.0011802384882075,0.1512053937157165,911,4,0.152385632203924
44669,AOI-0067,2021-05-17,зерновые,0.1585392122473304,0.30713992134293694,911,5,0.14860070909560655
44714,AOI-0067,2021-07-01,зерновые,0.4940421012417053,0.4618364921237652,911,7,-0.03220560911794007
44716,AOI-0067,2021-07-03,зерновые,0.5256243772485817,0.48607081608976754,911,7,-0.03955356115881414
44732,AOI-0067,2021-07-19,зерновые,0.2466341758697784,0.15549465094832537,911,7,-0.09113952492145302
44744,AOI-0067,2021-07-31,зерновые,0.1457638844592883,0.14001859858822235,911,7,-0.005745285871065958
44901,AOI-0067,2022-06-05,зерновые,0.3399188559223483,0.35369616334367826,911,6,0.013777307421329987
44956,AOI-0067,2022-07-30,зерновые,0.634774406185321,0.5869582676806652,911,7,-0.047816138504655825
44957,AOI-0067,2022-07-31,зерновые,0.2462885922897189,0.5597158531621647,911,7,0.31342726087244577
44988,AOI-0067,2022-08-31,зерновые,0.3982908232052821,0.37693467118807894,911,8,-0.021356152017203145
45018,AOI-0067,2022-09-30,зерновые,0.4216545019920319,0.343510106804933,911,9,-0.07814439518709893
45035,AOI-0067,2022-10-17,зерновые,0.3092436855508368,0.27343979509405386,911,10,-0.03580389045678295
45124,AOI-0067,2023-06-15,зерновые,0.4184180137589288,0.48522258939227186,911,6,0.06680457563334308
45133,AOI-0067,2023-06-24,зерновые,0.5605709726418856,0.6169535627480105,911,6,0.0563825901061249
45144,AOI-0067,2023-07-05,зерновые,0.757081241976983,0.6942353524560454,911,7,-0.06284588952093761
45148,AOI-0067,2023-07-09,зерновые,0.6789476803946598,0.6751464305028401,911,7,-0.0038012498918197357
45167,AOI-0067,2023-07-28,зерновые,0.4129052589641434,0.4948607395476069,911,7,0.08195548058346352
45172,AOI-0067,2023-08-02,зерновые,0.4227478255281705,0.45921414389040044,911,8,0.036466318362229966
45230,AOI-0067,2023-09-29,зерновые,0.2071411461614863,0.2121494067091299,911,9,0.0050082605476436115
45240,AOI-0067,2023-10-09,зерновые,0.1936962511114148,0.18483670962893972,911,10,-0.008859541482475086
45312,AOI-0067,2024-05-21,зерновые,0.5405372921621452,0.5475114419729964,911,5,0.0069741498108512046
45324,AOI-0067,2024-06-02,зерновые,0.6671814287393063,0.5477982099596326,911,6,-0.11938321877967373
45327,AOI-0067,2024-06-05,зерновые,0.5809206755992519,0.5142411700602849,911,6,-0.06667950553896695
45331,AOI-0067,2024-06-09,зерновые,0.5952192289874859,0.5385738748958815,911,6,-0.05664535409160443
45337,AOI-0067,2024-06-15,зерновые,0.3712211494770103,0.5252294606156911,911,6,0.1540083111386808
45396,AOI-0067,2024-08-13,зерновые,0.2352850194508228,0.20909176009014008,911,8,-0.02619325936068273
45411,AOI-0067,2024-08-28,зерновые,0.1815152305031623,0.21223627254673044,911,8,0.030721042043568153
45545,AOI-0067,2025-06-10,зерновые,0.0022067913565899,0.29559184023270346,911,6,0.29338504887611355
45560,AOI-0067,2025-06-25,зерновые,0.2885715260516839,0.2450997951581023,911,6,-0.04347173089358161
45587,AOI-0067,2025-07-22,зерновые,0.5840615438471245,0.46126416801204373,911,7,-0.12279737583508077
45615,AOI-0067,2025-08-19,зерновые,0.6389608921252083,0.6144774696691784,911,8,-0.02448342245602997
45642,AOI-0067,2025-09-15,зерновые,0.2951730784635175,0.2839525289089052,911,9,-0.011220549554612269
45651,AOI-0067,2025-09-24,зерновые,0.3072302762933407,0.2790434390972019,911,9,-0.028186837196138792
45652,AOI-0067,2025-09-25,зерновые,0.2382530872457596,0.25711100938128706,911,9,0.01885792213552745
45672,AOI-0067,2025-10-15,зерновые,0.2006377786252807,0.1764193027228549,911,10,-0.024218475902425818
45808,AOI-0068,2010-07-30,зерновые,0.156004539455748,0.13693725874341314,911,7,-0.01906728071233485
45822,AOI-0068,2010-08-13,зерновые,0.2018235346638656,0.21046769482235156,911,8,0.008644160158485958
45870,AOI-0068,2010-09-30,зерновые,0.2656104433779815,0.30702644003404955,911,9,0.041415996656068044
45879,AOI-0068,2010-10-09,зерновые,0.2304709005562342,0.19663618013727963,911,10,-0.03383472041895458
46032,AOI-0068,2011-08-10,зерновые,0.1703277194045379,0.17712378201758894,911,8,0.006796062613051046
46039,AOI-0068,2011-08-17,зерновые,0.1757454601056817,0.18601507920340143,911,8,0.010269619097719729
46055,AOI-0068,2011-09-02,зерновые,0.1600483826242352,0.1724795461537498,911,9,0.012431163529514594
46099,AOI-0068,2011-10-16,зерновые,0.3490672163865547,0.30617421093990466,911,10,-0.042893005446650034
46199,AOI-0068,2012-06-25,зерновые,0.2305956820104661,0.2142701676778312,911,6,-0.016325514332634905
46279,AOI-0068,2012-09-13,зерновые,0.190437194352617,0.21236455870961762,911,9,0.021927364357000628
46429,AOI-0068,2013-07-12,зерновые,0.2382757405462185,0.2565359408294584,911,7,0.018260200283239908
46431,AOI-0068,2013-07-14,зерновые,0.1709933043658048,0.17912824851415066,911,7,0.008134944148345868
46438,AOI-0068,2013-07-21,зерновые,0.154207443652422,0.2091491110219887,911,7,0.05494166736956668
46447,AOI-0068,2013-07-30,зерновые,0.16159654661265,0.19498656474046333,911,7,0.03339001812781334
46662,AOI-0068,2014-08-01,зерновые,0.1781380665208004,0.1486986591254738,911,8,-0.029439407395326578
46670,AOI-0068,2014-08-09,зерновые,0.1255521855430956,0.12595023947923184,911,8,0.0003980539361362334
46671,AOI-0068,2014-08-10,зерновые,0.1783556029714545,0.14556022824558984,911,8,-0.03279537472586466
46711,AOI-0068,2014-09-19,зерновые,0.1426047721076938,0.14466820239070735,911,9,0.002063430283013562
46722,AOI-0068,2014-09-30,зерновые,0.1943305392819588,0.2159411460176185,911,9,0.021610606735659704
46798,AOI-0068,2015-05-16,зерновые,0.2460367815790255,0.46377346398173214,911,5,0.21773668240270663
46823,AOI-0068,2015-06-10,зерновые,0.3559911236398999,0.3674406226480996,911,6,0.011449499008199748
46894,AOI-0068,2015-08-20,зерновые,0.3256698718786009,0.25552583381802374,911,8,-0.07014403806057717
46951,AOI-0068,2015-10-16,зерновые,0.251911999728587,0.28093907546248553,911,10,0.02902707573389851
47019,AOI-0068,2016-05-24,зерновые,0.405604149159664,0.4897993068696921,911,5,0.08419515771002811
47029,AOI-0068,2016-06-03,зерновые,0.3637384914322029,0.3604163492905086,911,6,-0.0033221421416942953
47109,AOI-0068,2016-08-22,зерновые,0.2796453902076826,0.2507490365947538,911,8,-0.028896353612928805
47117,AOI-0068,2016-08-30,зерновые,0.2360929571132378,0.23593740852823744,911,8,-0.00015554858500035906
47150,AOI-0068,2016-10-02,зерновые,0.3371728923869395,0.2895133719478218,911,10,-0.0476595204391177
47185,AOI-0068,2017-04-07,зерновые,0.464728193277311,0.40572905558053785,911,4,-0.058999137696773174
47189,AOI-0068,2017-04-11,зерновые,0.2958433451342256,0.2511660852545107,911,4,-0.04467725987971494
47294,AOI-0068,2017-07-25,зерновые,0.1707200523789909,0.1720492136537918,911,7,0.0013291612748008996
47296,AOI-0068,2017-07-27,зерновые,0.1667505946127359,0.17592725104077653,911,7,0.009176656428040636
47345,AOI-0068,2017-09-14,зерновые,0.356597830882353,0.3153120822185498,911,9,-0.04128574866380319
47349,AOI-0068,2017-09-18,зерновые,0.2639391242110044,0.2289573287225605,911,9,-0.034981795488443906
47461,AOI-0068,2018-06-09,зерновые,0.2354481018367224,0.22578468772188237,911,6,-0.009663414114840035
47478,AOI-0068,2018-06-26,зерновые,0.1677103032392659,0.2030111405144511,911,6,0.03530083727518521
47525,AOI-0068,2018-08-12,зерновые,0.173708947212122,0.15923475773924944,911,8,-0.014474189472872545
47566,AOI-0068,2018-09-22,зерновые,0.1882448727827226,0.1713606535327361,911,9,-0.016884219249986482
47686,AOI-0068,2019-06-21,зерновые,0.2462629658068238,0.24720186641756364,911,6,0.0009389006107398401
47701,AOI-0068,2019-07-06,зерновые,0.1664336677051134,0.17219116314559837,911,7,0.005757495440484983
47710,AOI-0068,2019-07-15,зерновые,0.1396295906085659,0.1501614340070581,911,7,0.010531843398492197
47712,AOI-0068,2019-07-17,зерновые,0.0522143965745069,0.13665906202424502,911,7,0.08444466544973812
47734,AOI-0068,2019-08-08,зерновые,0.2601800755645602,0.23779226827546462,911,8,-0.022387807289095563
47802,AOI-0068,2019-10-15,зерновые,0.3372638457535339,0.3234166991384821,911,10,-0.01384714661505182
47813,AOI-0068,2019-10-26,зерновые,0.3512861092826868,0.3040460888947718,911,10,-0.04724002038791497
47814,AOI-0068,2019-10-27,зерновые,0.4077050221652876,0.29995563641777107,911,10,-0.10774938574751652
47820,AOI-0068,2020-04-03,зерновые,0.3051034489147857,0.2871997712456128,911,4,-0.01790367766917289
47874,AOI-0068,2020-05-27,зерновые,0.3240839026258545,0.36540253428017655,911,5,0.041318631654322036
47884,AOI-0068,2020-06-06,зерновые,0.3018373093844461,0.3476859125629916,911,6,0.0458486031785455
47885,AOI-0068,2020-06-07,зерновые,0.3380286226457201,0.35347183401254234,911,6,0.015443211366822251
47903,AOI-0068,2020-06-25,зерновые,0.2572519905462186,0.28019425574965506,911,6,0.02294226520343645
47933,AOI-0068,2020-07-25,зерновые,0.1841380885583041,0.15071183712841185,911,7,-0.03342625142989225
47989,AOI-0068,2020-09-19,зерновые,0.1188816948277707,0.1154997682663916,911,9,-0.0033819265613790894
48036,AOI-0068,2021-04-06,зерновые,0.1394297536437913,0.16533062305138102,911,4,0.025900869407589733
48037,AOI-0068,2021-04-07,зерновые,0.2781368642468043,0.2980338458475881,911,4,0.019896981600783792
48124,AOI-0068,2021-07-03,зерновые,0.3210325189788893,0.2788556448389603,911,7,-0.04217687413992899
48133,AOI-0068,2021-07-12,зерновые,0.3286364794589882,0.2810249688043141,911,7,-0.047611510654674116
48229,AOI-0068,2021-10-16,зерновые,0.3653925610464786,0.36819994381594023,911,10,0.0028073827694616305
48280,AOI-0068,2022-05-07,зерновые,0.4032158310253387,0.47043295782528116,911,5,0.06721712679994246
48308,AOI-0068,2022-06-04,зерновые,0.2742534735924695,0.33694510179697224,911,6,0.06269162820450275
48320,AOI-0068,2022-06-16,зерновые,0.1868052736778095,0.23413879670113677,911,6,0.04733352302332727
48375,AOI-0068,2022-08-10,зерновые,0.1644994824447514,0.15614644394395605,911,8,-0.008353038500795357
48388,AOI-0068,2022-08-23,зерновые,0.1855918440170581,0.15615459670457701,911,8,-0.029437247312481096
48421,AOI-0068,2022-09-25,зерновые,0.2793307923772168,0.25144466285931044,911,9,-0.027886129517906366
48443,AOI-0068,2022-10-17,зерновые,0.5025820078477764,0.41956206082890235,911,10,-0.08301994701887405
48461,AOI-0068,2023-04-05,зерновые,0.4877671466847276,0.44828893311118156,911,4,-0.03947821357354603
48533,AOI-0068,2023-06-16,зерновые,0.2937624383842969,0.322708056275043,911,6,0.028945617890746123
48541,AOI-0068,2023-06-24,зерновые,0.2997040557266453,0.25037417811081814,911,6,-0.04932987761582719
48564,AOI-0068,2023-07-17,зерновые,0.251343488868765,0.24440813696059296,911,7,-0.006935351908172044
48568,AOI-0068,2023-07-21,зерновые,0.2061384444885241,0.19280539588358514,911,7,-0.013333048604938946
48572,AOI-0068,2023-07-25,зерновые,0.2881868969016115,0.2631545763402124,911,7,-0.02503232056139909
48583,AOI-0068,2023-08-05,зерновые,0.2242443781135555,0.22660128865774815,911,8,0.002356910544192653
48596,AOI-0068,2023-08-18,зерновые,0.3343928060163065,0.2888817037774428,911,8,-0.04551110223886368
48607,AOI-0068,2023-08-29,зерновые,0.3539025210084034,0.3727581480774672,911,8,0.018855627069063796
48691,AOI-0068,2024-04-22,зерновые,0.3119133732718228,0.3688511432750437,911,4,0.05693777000322092
48716,AOI-0068,2024-05-17,зерновые,0.2338487188330189,0.22788426048371369,911,5,-0.005964458349305202
48723,AOI-0068,2024-05-24,зерновые,0.2324366731691992,0.28750774119619327,911,5,0.055071068026994074
48740,AOI-0068,2024-06-10,зерновые,0.1323316134194731,0.14618248468535663,911,6,0.013850871265883524
48748,AOI-0068,2024-06-18,зерновые,0.2078689957686347,0.159680931388979,911,6,-0.0481880643796557
48756,AOI-0068,2024-06-26,зерновые,0.1939898309805263,0.186944625822974,911,6,-0.007045205157552303
48765,AOI-0068,2024-07-05,зерновые,0.1323028540535792,0.14234922129803762,911,7,0.010046367244458426
48905,AOI-0068,2025-04-23,зерновые,0.6858832352941179,0.655851752414125,911,4,-0.03003148287999291
48916,AOI-0068,2025-05-04,зерновые,0.7048018964534889,0.6941673784739333,911,5,-0.010634517979555613
48964,AOI-0068,2025-06-21,зерновые,0.3308854982209737,0.3426033218361108,911,6,0.011717823615137124
48985,AOI-0068,2025-07-12,зерновые,0.2452114548319327,0.23084383676874826,911,7,-0.014367618063184456
49003,AOI-0068,2025-07-30,зерновые,0.1818587850843917,0.16784374623574158,911,7,-0.01401503884865013
49019,AOI-0068,2025-08-15,зерновые,0.2397040855202658,0.21261495940010527,911,8,-0.02708912612016054
49033,AOI-0068,2025-08-29,зерновые,0.212006373417483,0.22415222088622633,911,8,0.012145847468743337
49073,AOI-0068,2025-10-08,зерновые,0.1966689740551161,0.17722856223863478,911,10,-0.019440411816481318
49112,AOI-0069,2025-04-17,зерновые,0.2014297554703292,0.1990099782985319,911,4,-0.0024197771717973104
49134,AOI-0069,2025-05-09,зерновые,0.4244567895294006,0.37827202375978014,911,5,-0.04618476576962044
49152,AOI-0069,2025-05-27,зерновые,0.4457587310395336,0.3923128510301942,911,5,-0.05344588000933942
49203,AOI-0069,2025-07-17,зерновые,0.133358170862089,0.12295098986309472,911,7,-0.010407180998994292
49232,AOI-0069,2025-08-15,зерновые,0.1800528971295289,0.17874750293896752,911,8,-0.0013053941905613875
49291,AOI-0069,2025-10-13,зерновые,0.141196923742455,0.14920511343162535,911,10,0.008008189689170359
49301,AOI-0069,2025-10-23,зерновые,0.159089748955269,0.17692162760915503,911,10,0.017831878653886024
49315,AOI-0070,2025-04-07,зерновые,0.3388860251252153,0.40344754201923017,911,4,0.06456151689401485
49324,AOI-0070,2025-04-16,зерновые,0.2718264261797152,0.2514209774471445,911,4,-0.02040544873257072
49325,AOI-0070,2025-04-17,зерновые,0.3060902926255407,0.2884227012527879,911,4,-0.01766759137275281
49346,AOI-0070,2025-05-08,зерновые,0.324311181627974,0.23180391701313202,911,5,-0.09250726461484199
49354,AOI-0070,2025-05-16,зерновые,0.2776131922241239,0.24064353870411023,911,5,-0.03696965352001366
49406,AOI-0070,2025-07-07,зерновые,0.21655861745682,0.21438281247089386,911,7,-0.0021758049859261497
49414,AOI-0070,2025-07-15,зерновые,0.2025020166878595,0.15622918985135642,911,7,-0.04627282683650308
49506,AOI-0070,2025-10-15,зерновые,0.1735760611671141,0.17612820453224942,911,10,0.0025521433651353176
49525,AOI-0071,2025-04-17,зерновые,0.3403240682715812,0.3981012168189829,911,4,0.057777148547401735
49533,AOI-0071,2025-05-09,зерновые,0.6970000000000001,0.45323331650708387,911,5,-0.2437666834929162
49534,AOI-0071,2025-05-16,зерновые,0.2675485134092489,0.30827927334789795,911,5,0.04073075993864905
49537,AOI-0071,2025-05-27,зерновые,0.3724909150802455,0.35280234530876453,911,5,-0.01968856977148098
49559,AOI-0071,2025-08-06,зерновые,0.4992442356772464,0.3928942697349053,911,8,-0.10634996594234108
49580,AOI-0071,2025-10-02,зерновые,0.3414842897466674,0.325858872569349,911,10,-0.015625417177318413
49603,AOI-0072,2025-04-16,зерновые,0.5538986002542879,0.6259055201556613,911,4,0.07200691990137331
49620,AOI-0072,2025-05-03,зерновые,0.8159228662853456,0.7942452736449673,911,5,-0.021677592640378274
49621,AOI-0072,2025-05-04,зерновые,0.8144746899982735,0.7917967439718513,911,5,-0.022677946026422258
49658,AOI-0072,2025-06-10,зерновые,0.4499264076130055,0.4319432464102305,911,6,-0.01798316120277499
49724,AOI-0072,2025-08-15,зерновые,0.2056926593680804,0.19930967440807737,911,8,-0.00638298496000303
49741,AOI-0072,2025-09-01,зерновые,0.2141824510255384,0.13793876663849633,911,9,-0.07624368438704207
49763,AOI-0072,2025-09-23,зерновые,0.1399975037408887,0.1581381595170145,911,9,0.01814065577612578
49935,AOI-0073,2010-08-13,озимая пшеница,0.3664625408687529,0.36517636550896865,911,8,-0.0012861753597842585
49951,AOI-0073,2010-08-29,озимая пшеница,0.3185683886034562,0.33291374310187016,911,8,0.014345354498413954
50036,AOI-0073,2011-04-23,озимая пшеница,0.3277831013545072,0.2913140126229042,911,4,-0.03646908873160304
50078,AOI-0073,2011-06-04,озимая пшеница,0.2690147752975363,0.41635972325489345,911,6,0.14734494795735714
50132,AOI-0073,2011-07-28,озимая пшеница,0.6127909294722093,0.6071607895097113,911,7,-0.005630139962497949
50360,AOI-0073,2012-08-12,озимая пшеница,0.3679154974311069,0.371264170702326,911,8,0.0033486732712190714
50392,AOI-0073,2012-09-13,озимая пшеница,0.2921789350770668,0.28434253575411206,911,9,-0.007836399322954768
50478,AOI-0073,2013-05-09,озимая пшеница,0.4888952171882298,0.4729241549120672,911,5,-0.01597106227616263
50557,AOI-0073,2013-07-27,озимая пшеница,0.6503110400743944,0.442421881569929,911,7,-0.20788915850446543
50701,AOI-0073,2014-05-19,озимая пшеница,0.455507725127212,0.4191644824611217,911,5,-0.03634324266609029
50771,AOI-0073,2014-07-28,озимая пшеница,0.6709224381130312,0.5849051798907593,911,7,-0.08601725822227191
50797,AOI-0073,2014-08-23,озимая пшеница,0.4117362955160515,0.4296198017044959,911,8,0.017883506188444365
50893,AOI-0073,2015-04-28,озимая пшеница,0.2080027172244376,0.20181605382139378,911,4,-0.0061866634030438294
51021,AOI-0073,2015-09-03,озимая пшеница,0.285990963999305,0.2747525367014845,911,9,-0.011238427297820541
51048,AOI-0073,2015-09-30,озимая пшеница,0.2787721064922932,0.2913832214035685,911,9,0.012611114911275256
51172,AOI-0073,2016-07-03,озимая пшеница,0.534227949938366,0.5563403453441466,911,7,0.022112395405780583
51228,AOI-0073,2016-08-28,озимая пшеница,0.359037774782864,0.43613519011413115,911,8,0.07709741533126713
51298,AOI-0073,2017-04-07,озимая пшеница,0.2333589911256421,0.27726116046380367,911,4,0.04390216933816157
51378,AOI-0073,2017-06-26,озимая пшеница,0.7438737972909851,0.7335448110707166,911,6,-0.010328986220268566
51468,AOI-0073,2017-09-24,озимая пшеница,0.3617723871707579,0.3272166243583525,911,9,-0.034555762812405355
51492,AOI-0073,2017-10-18,озимая пшеница,0.2394258938267156,0.21634868329374196,911,10,-0.023077210532973652
51543,AOI-0073,2018-05-09,озимая пшеница,0.4425449322746379,0.42815163393017674,911,5,-0.01439329834446118
51560,AOI-0073,2018-05-26,озимая пшеница,0.2388372334650872,0.3131524678848735,911,5,0.0743152344197863
51575,AOI-0073,2018-06-10,озимая пшеница,0.4882666978047641,0.5120401286331138,911,6,0.02377343082834965
51588,AOI-0073,2018-06-23,озимая пшеница,0.3836930660418778,0.412933214869767,911,6,0.029240148827889167
51607,AOI-0073,2018-07-12,озимая пшеница,0.8016077907519848,0.7072897041741237,911,7,-0.09431808657786112
51718,AOI-0073,2019-04-01,озимая пшеница,0.1944312443360503,0.18234122722763724,911,4,-0.012090017108413065
51758,AOI-0073,2019-05-11,озимая пшеница,0.2294171689999309,0.22007564849525266,911,5,-0.009341520504678236
51768,AOI-0073,2019-05-21,озимая пшеница,0.3097896458104341,0.3054479099804177,911,5,-0.004341735830016402
51786,AOI-0073,2019-06-08,озимая пшеница,0.5886672848370501,0.5865862650786919,911,6,-0.0020810197583581713
51789,AOI-0073,2019-06-11,озимая пшеница,0.7778387115629103,0.6701086025418391,911,6,-0.10773010902107116
51805,AOI-0073,2019-06-27,озимая пшеница,0.7437934301048048,0.6762172276750416,911,6,-0.06757620242976325
51868,AOI-0073,2019-08-29,озимая пшеница,0.3363688885336365,0.3774193972852692,911,8,0.041050508751632686
51900,AOI-0073,2019-09-30,озимая пшеница,0.3134468846333488,0.3252819178756283,911,9,0.011835033242279525
51985,AOI-0073,2020-05-25,озимая пшеница,0.6183645952086089,0.6816004913138839,911,5,0.06323589610527502
51993,AOI-0073,2020-06-02,озимая пшеница,0.2962146055819313,0.6608400319017538,911,6,0.3646254263198225
52005,AOI-0073,2020-06-14,озимая пшеница,0.6594320281523111,0.6777637034113455,911,6,0.018331675259034452
52016,AOI-0073,2020-06-25,озимая пшеница,0.5667746660439049,0.57001145040861,911,6,0.003236784364705092
52019,AOI-0073,2020-06-28,озимая пшеница,0.5034093304224385,0.47274552548952653,911,6,-0.030663804932911987
52091,AOI-0073,2020-09-08,озимая пшеница,0.2075836455082448,0.22618212440776567,911,9,0.018598478899520876
52108,AOI-0073,2020-09-25,озимая пшеница,0.1735576468872571,0.1943900969562597,911,9,0.020832450069002584
52112,AOI-0073,2020-09-29,озимая пшеница,0.2763898085007006,0.2533273164126246,911,9,-0.02306249208807598
52113,AOI-0073,2020-09-30,озимая пшеница,0.1870103214516993,0.18156076393538978,911,9,-0.005449557516309517
52153,AOI-0073,2021-04-10,озимая пшеница,0.1476572045616515,0.10994978996790454,911,4,-0.03770741459374695
52201,AOI-0073,2021-05-28,озимая пшеница,0.2807617879788175,0.27081560257937237,911,5,-0.00994618539944514
52213,AOI-0073,2021-06-09,озимая пшеница,0.4791504004495681,0.4181157027936152,911,6,-0.061034697655952874
52216,AOI-0073,2021-06-12,озимая пшеница,0.0106667061266768,0.46626757989966344,911,6,0.45560087377298664
52230,AOI-0073,2021-06-26,озимая пшеница,0.8018768893040635,0.6836893607181148,911,6,-0.11818752858594872
52276,AOI-0073,2021-08-11,озимая пшеница,0.5722754511070217,0.5898928491273945,911,8,0.017617398020372765
52301,AOI-0073,2021-09-05,озимая пшеница,0.2350732234725568,0.3697211219626177,911,9,0.1346478984900609
52326,AOI-0073,2021-09-30,озимая пшеница,0.2701372556651873,0.2938915615781148,911,9,0.023754305912927487
52394,AOI-0073,2022-05-08,озимая пшеница,0.2174041795908462,0.21408499137622825,911,5,-0.003319188214617963
52419,AOI-0073,2022-06-02,озимая пшеница,0.1967056586014754,0.27688638527165516,911,6,0.08018072667017975
52476,AOI-0073,2022-07-29,озимая пшеница,0.7511243616027369,0.747897823655999,911,7,-0.003226537946737884
52503,AOI-0073,2022-08-25,озимая пшеница,0.5758809965313958,0.506001873241264,911,8,-0.0698791232901318
52507,AOI-0073,2022-08-29,озимая пшеница,0.5028693601120972,0.45271453205611323,911,8,-0.050154828055983924
52511,AOI-0073,2022-09-02,озимая пшеница,0.4960142510742972,0.40542414686467493,911,9,-0.09059010420962227
52520,AOI-0073,2022-09-11,озимая пшеница,0.3101956999778288,0.3658378365050494,911,9,0.05564213652722061
52632,AOI-0073,2023-06-02,озимая пшеница,0.5340095709555098,0.49354274954549104,911,6,-0.04046682141001878
52653,AOI-0073,2023-06-23,озимая пшеница,0.2706107496195641,0.2787850914563801,911,6,0.00817434183681598
52679,AOI-0073,2023-07-19,озимая пшеница,0.3460158887348206,0.3043034655214526,911,7,-0.04171242321336799
52720,AOI-0073,2023-08-29,озимая пшеница,0.3423623820644557,0.32905647746080374,911,8,-0.013305904603651941
52736,AOI-0073,2023-09-14,озимая пшеница,0.3295455021018215,0.2669484527358929,911,9,-0.06259704936592858
52739,AOI-0073,2023-09-17,озимая пшеница,0.1965214150064689,0.19896259251996412,911,9,0.0024411775134952074
52744,AOI-0073,2023-09-22,озимая пшеница,0.1966755382554821,0.18014372860961436,911,9,-0.01653180964586773
52799,AOI-0073,2024-04-17,озимая пшеница,0.6880985411339196,0.4279023239892086,911,4,-0.260196217144711
52816,AOI-0073,2024-05-04,озимая пшеница,0.63734492880986,0.594822105798257,911,5,-0.04252282301160304
52852,AOI-0073,2024-06-09,озимая пшеница,0.5549534890238207,0.5390451869175973,911,6,-0.015908302106223404
52890,AOI-0073,2024-07-17,озимая пшеница,0.343998120994154,0.29205081554236645,911,7,-0.05194730545178755
52939,AOI-0073,2024-09-04,озимая пшеница,0.1932482938097642,0.21590411230172818,911,9,0.02265581849196399
52951,AOI-0073,2024-09-16,озимая пшеница,0.1700959012406098,0.19113366141803012,911,9,0.021037760177420317
52956,AOI-0073,2024-09-21,озимая пшеница,0.1674142621644564,0.1808533263020532,911,9,0.013439064137596796
52971,AOI-0073,2024-10-06,озимая пшеница,0.1602605713348795,0.16219311845774148,911,10,0.0019325471228619773
53007,AOI-0073,2025-04-12,озимая пшеница,0.1807431633216509,0.186472148829881,911,4,0.005728985508230089
53050,AOI-0073,2025-05-25,озимая пшеница,0.2938845405859986,0.4406932232762917,911,5,0.14680868269029307
53056,AOI-0073,2025-05-31,озимая пшеница,0.2399385535501277,0.31654670637398524,911,5,0.07660815282385755
53058,AOI-0073,2025-06-02,озимая пшеница,0.3603506402119757,0.35225211173695037,911,6,-0.008098528475025346
53104,AOI-0073,2025-07-18,озимая пшеница,0.6810269845149243,0.6722865376478415,911,7,-0.008740446867082752
53134,AOI-0073,2025-08-17,озимая пшеница,0.6138216883489624,0.5824326383211358,911,8,-0.03138905002782666
53164,AOI-0073,2025-09-16,озимая пшеница,0.2829809415366726,0.275408611711978,911,9,-0.007572329824694579
53295,AOI-0074,2010-06-26,озимая пшеница,0.4046898513251455,0.43651168582663447,911,6,0.031821834501488955
53375,AOI-0074,2010-09-14,озимая пшеница,0.3051739172592114,0.29949452917830566,911,9,-0.005679388080905734
53422,AOI-0074,2011-04-01,озимая пшеница,0.0582310158511446,0.15248877319308135,911,4,0.09425775734193675
53428,AOI-0074,2011-04-07,озимая пшеница,0.2675177117000646,0.2878490331304604,911,4,0.020331321430395788
53494,AOI-0074,2011-06-12,озимая пшеница,0.4841946954873131,0.5032693043119842,911,6,0.019074608824671158
53640,AOI-0074,2012-04-06,озимая пшеница,0.2605689075630251,0.36492975289923524,911,4,0.10436084533621015
53645,AOI-0074,2012-04-11,озимая пшеница,0.1919849439952101,0.24247015356769697,911,4,0.05048520957248687
53709,AOI-0074,2012-06-14,озимая пшеница,0.6385697078657171,0.480203925430453,911,6,-0.1583657824352641
53850,AOI-0074,2013-04-03,озимая пшеница,0.2915234728495508,0.2829268578734832,911,4,-0.008596614976067618
53966,AOI-0074,2013-07-28,озимая пшеница,0.3726595669036845,0.33095284074161185,911,7,-0.04170672616207266
54077,AOI-0074,2014-04-17,озимая пшеница,0.2053751583802744,0.2021261213842564,911,4,-0.003249036996018001
54163,AOI-0074,2014-07-12,озимая пшеница,0.7950926308985135,0.6996999483352474,911,7,-0.09539268256326605
54213,AOI-0074,2014-08-31,озимая пшеница,0.3247013236350732,0.3135612387471615,911,8,-0.011140084887911683
54365,AOI-0074,2015-07-01,озимая пшеница,0.5343452602662143,0.49896890319161213,911,7,-0.03537635707460218
54397,AOI-0074,2015-08-02,озимая пшеница,0.6595062937188704,0.6133454592741148,911,8,-0.046160834444755605
54437,AOI-0074,2015-09-11,озимая пшеница,0.2164461885232803,0.27516237260720805,911,9,0.05871618408392776
54636,AOI-0074,2016-08-28,озимая пшеница,0.2279181338688965,0.3610876940341494,911,8,0.13316956016525291
54644,AOI-0074,2016-09-05,озимая пшеница,0.2481791412340961,0.24688793197872383,911,9,-0.0012912092553722665
54706,AOI-0074,2017-04-07,озимая пшеница,0.2260841628959276,0.29004062693536203,911,4,0.06395646403943445
54835,AOI-0074,2017-08-14,озимая пшеница,0.5818952009039,0.5826859437838716,911,8,0.0007907428799716065
54840,AOI-0074,2017-08-19,озимая пшеница,0.473271283417332,0.47880433097891006,911,8,0.005533047561578075
54919,AOI-0074,2018-04-07,озимая пшеница,0.2489189722042663,0.2896528991428669,911,4,0.04073392693860062
54928,AOI-0074,2018-04-16,озимая пшеница,0.1395703290731577,0.14802963248777448,911,4,0.008459303414616787
54951,AOI-0074,2018-05-09,озимая пшеница,0.5413149967679382,0.4413255800616222,911,5,-0.09998941670631595
55006,AOI-0074,2018-07-03,озимая пшеница,0.4894083975490896,0.4769104543157699,911,7,-0.012497943233319708
55131,AOI-0074,2019-04-06,озимая пшеница,0.1464089101776991,-0.16186193529544657,911,4,-0.30827084547314565
55212,AOI-0074,2019-06-26,озимая пшеница,0.698870787197525,0.6743554652490499,911,6,-0.024515321948475166
55219,AOI-0074,2019-07-03,озимая пшеница,0.7580454868220671,0.7153211941844939,911,7,-0.04272429263757316
55239,AOI-0074,2019-07-23,озимая пшеница,0.6580194284305585,0.5388225615235626,911,7,-0.11919686690699594
55244,AOI-0074,2019-07-28,озимая пшеница,0.6085373902540611,0.4894824223982891,911,7,-0.11905496785577196
55279,AOI-0074,2019-09-01,озимая пшеница,0.2412327303956776,0.2657623327827242,911,9,0.0245296023870466
55325,AOI-0074,2019-10-17,озимая пшеница,0.2244192611874941,0.2385691658508906,911,10,0.014149904663396495
55356,AOI-0074,2020-04-18,озимая пшеница,0.1784881487170923,0.21771923944444277,911,4,0.03923109072735048
55379,AOI-0074,2020-05-11,озимая пшеница,0.7362912003796178,0.4910514317043777,911,5,-0.2452397686752401
55416,AOI-0074,2020-06-17,озимая пшеница,0.6508541220165316,0.6552300038285124,911,6,0.004375881811980786
55427,AOI-0074,2020-06-28,озимая пшеница,0.4590384192277448,0.40446126659735093,911,6,-0.054577152630393866
55463,AOI-0074,2020-08-03,озимая пшеница,0.1652031735785131,0.20090597701692067,911,8,0.035702803438407565
55468,AOI-0074,2020-08-08,озимая пшеница,0.1518586775650942,0.18804145117693966,911,8,0.036182773611845465
55491,AOI-0074,2020-08-31,озимая пшеница,0.1746872364612793,0.15936658642186113,911,8,-0.015320650039418154
55518,AOI-0074,2020-09-27,озимая пшеница,0.144849510997878,0.15896588150552912,911,9,0.014116370507651133
55540,AOI-0074,2020-10-19,озимая пшеница,0.1738726598984234,0.17351029820207092,911,10,-0.00036236169635248117
55558,AOI-0074,2021-04-07,озимая пшеница,0.1856225921137686,0.21689822228530997,911,4,0.03127563017154136
55563,AOI-0074,2021-04-12,озимая пшеница,0.1752581167273635,0.13193042999010407,911,4,-0.043327686737259424
55580,AOI-0074,2021-04-29,озимая пшеница,0.2268671381835076,0.19774512731410973,911,4,-0.029122010869397863
55627,AOI-0074,2021-06-15,озимая пшеница,0.5309419591737108,0.4477400464124067,911,6,-0.08320191276130406
55651,AOI-0074,2021-07-09,озимая пшеница,0.6736816791259761,0.704211601990902,911,7,0.03052992286492595
55666,AOI-0074,2021-07-24,озимая пшеница,0.7163288227116091,0.7114109580378245,911,7,-0.004917864673784633
55691,AOI-0074,2021-08-18,озимая пшеница,0.5013517503316364,0.4223877282127765,911,8,-0.07896402211885989
55750,AOI-0074,2021-10-16,озимая пшеница,0.2891795733678087,0.2914507752760741,911,10,0.002271201908265408
55814,AOI-0074,2022-05-20,озимая пшеница,0.1992737298758342,0.2291698013227432,911,5,0.029896071446909006
55839,AOI-0074,2022-06-14,озимая пшеница,0.4060602795908458,0.4157595804767253,911,6,0.009699300885879503
55860,AOI-0074,2022-07-05,озимая пшеница,0.8208626439734281,0.7481013100501239,911,7,-0.0727613339233042
55875,AOI-0074,2022-07-20,озимая пшеница,0.8622869475786146,0.7558230442316485,911,7,-0.1064639033469661
55917,AOI-0074,2022-08-31,озимая пшеница,0.4516120668629506,0.47729719820241534,911,8,0.025685131339464762
55927,AOI-0074,2022-09-10,озимая пшеница,0.4507372052544104,0.40549271219680383,911,9,-0.04524449305760658
55959,AOI-0074,2022-10-12,озимая пшеница,0.1591806065740603,0.20618775554157365,911,10,0.047007148967513346
56016,AOI-0074,2023-05-09,озимая пшеница,0.4562361344537816,0.4665393069117979,911,5,0.010303172458016319
56032,AOI-0074,2023-05-25,озимая пшеница,0.3477321027147985,0.5419476501039404,911,5,0.19421554738914193
56060,AOI-0074,2023-06-22,озимая пшеница,0.2377840505684188,0.3395171658675854,911,6,0.1017331152991666
56131,AOI-0074,2023-09-01,озимая пшеница,0.2456280986776867,0.2418267150256428,911,9,-0.0038013836520439104
56137,AOI-0074,2023-09-07,озимая пшеница,0.1847520172116341,0.18164862020872333,911,9,-0.0031033970029107627
56150,AOI-0074,2023-09-20,озимая пшеница,0.1812666474471976,0.21571575346877303,911,9,0.03444910602157544
56163,AOI-0074,2023-10-03,озимая пшеница,0.3006410344747496,0.23085169499297162,911,10,-0.06978933948177798
56234,AOI-0074,2024-05-14,озимая пшеница,0.4964407878925767,0.6235972115048876,911,5,0.1271564236123109
56237,AOI-0074,2024-05-17,озимая пшеница,0.6569343083574388,0.6297631643554479,911,5,-0.027171144001990943
56298,AOI-0074,2024-07-17,озимая пшеница,0.3441107403554155,0.3153937325529181,911,7,-0.02871700780249742
56329,AOI-0074,2024-08-17,озимая пшеница,0.16886118355354,0.167714221142353,911,8,-0.0011469624111870025
56338,AOI-0074,2024-08-26,озимая пшеница,0.232855599207227,0.22928427708382726,911,8,-0.0035713221233997505
56349,AOI-0074,2024-09-06,озимая пшеница,0.1628178601983365,0.14478824065868195,911,9,-0.01802961953965454
56362,AOI-0074,2024-09-19,озимая пшеница,0.1651773478135329,0.19468556052506283,911,9,0.029508212711529924
56372,AOI-0074,2024-09-29,озимая пшеница,0.1617550017173224,0.2197470185582156,911,9,0.057992016840893196
56388,AOI-0074,2024-10-15,озимая пшеница,0.2305657724628313,0.22102721112198934,911,10,-0.009538561340841967
56457,AOI-0074,2025-05-24,озимая пшеница,0.2168668152708059,0.21424186631568912,911,5,-0.0026249489551167793
56464,AOI-0074,2025-05-31,озимая пшеница,0.2902447213685473,0.28017352918041566,911,5,-0.010071192188131628
56475,AOI-0074,2025-06-11,озимая пшеница,0.5229177886632705,0.4441356060128405,911,6,-0.07878218265043002
56498,AOI-0074,2025-07-04,озимая пшеница,0.814320439793336,0.7815218423005136,911,7,-0.032798597492822434
56504,AOI-0074,2025-07-10,озимая пшеница,0.7913816795815516,0.7443291169074678,911,7,-0.04705256267408375
56562,AOI-0074,2025-09-06,озимая пшеница,0.2363336402286061,0.2541559402821677,911,9,0.017822300053561613
56570,AOI-0074,2025-09-14,озимая пшеница,0.3112419849974682,0.3065895388744659,911,9,-0.004652446123002307
56620,AOI-0075,2025-04-04,озимая пшеница,0.224815823365558,0.19043966772757515,911,4,-0.03437615563798285
56635,AOI-0075,2025-04-19,озимая пшеница,0.2934557566553381,0.2422861643562676,911,4,-0.05116959229907048
56640,AOI-0075,2025-04-24,озимая пшеница,0.232931003274466,0.23501076081128958,911,4,0.0020797575368235732
56647,AOI-0075,2025-05-01,озимая пшеница,0.2277982778616242,0.24878280140615985,911,5,0.020984523544535644
56679,AOI-0075,2025-06-02,озимая пшеница,0.3407364797759252,0.35823565139058383,911,6,0.017499171614658637
56685,AOI-0075,2025-06-08,озимая пшеница,0.383788894131537,0.4021103223107332,911,6,0.018321428179196186
56800,AOI-0075,2025-10-01,озимая пшеница,0.1904157902065949,0.23424507535598643,911,10,0.04382928514939152
56813,AOI-0075,2025-10-14,озимая пшеница,0.2293158386024399,0.260658350104327,911,10,0.03134251150188708
56841,AOI-0076,2025-04-24,озимая пшеница,0.2114928711165561,0.20191946563417867,911,4,-0.009573405482377423
56851,AOI-0076,2025-05-22,озимая пшеница,0.3071445618761232,0.34943170526720607,911,5,0.04228714339108286
56852,AOI-0076,2025-05-24,озимая пшеница,0.3293359562563859,0.3378096344295114,911,5,0.008473678173125498
56856,AOI-0076,2025-06-03,озимая пшеница,0.560521314604252,0.546145293291745,911,6,-0.014376021312507037
56866,AOI-0076,2025-07-08,озимая пшеница,0.8247789947509294,0.7908941680171534,911,7,-0.03388482673377602
56868,AOI-0076,2025-07-11,озимая пшеница,0.8011979404072977,0.7903554123960357,911,7,-0.010842528011262065
56891,AOI-0076,2025-09-11,озимая пшеница,0.3009521153612298,0.2744077349934634,911,9,-0.026544380367766407
56914,AOI-0077,2025-05-01,озимая пшеница,0.7006477312084429,0.7150474058300447,911,5,0.014399674621601743
56933,AOI-0077,2025-06-26,озимая пшеница,0.5338130890052357,0.5166856188378222,911,6,-0.01712747016741356
56938,AOI-0077,2025-07-11,озимая пшеница,0.2391465976364271,0.25832854793434723,911,7,0.019181950297920136
56946,AOI-0077,2025-07-31,озимая пшеница,0.1846174989425435,0.2565303332215283,911,7,0.07191283427898479
56960,AOI-0077,2025-09-14,озимая пшеница,0.2316248601523866,0.31888976835892424,911,9,0.08726490820653765
56962,AOI-0077,2025-09-21,озимая пшеница,0.2022573645447162,0.17675036988743487,911,9,-0.025506994657281346
56967,AOI-0077,2025-10-04,озимая пшеница,0.1916535615983027,0.23981614535440537,911,10,0.04816258375610266
56990,AOI-0078,2025-04-19,озимая пшеница,0.8043653857745481,0.738313505262099,911,4,-0.06605188051244903
57013,AOI-0078,2025-05-12,озимая пшеница,0.3331015607978992,0.7938916388156334,911,5,0.4607900780177342
57040,AOI-0078,2025-06-08,озимая пшеница,0.6791371276903028,0.515469351499049,911,6,-0.16366777619125372
57043,AOI-0078,2025-06-11,озимая пшеница,0.6026153246028897,0.5284720497166806,911,6,-0.07414327488620909
57095,AOI-0078,2025-08-02,озимая пшеница,0.1851907593016128,0.20083528180052934,911,8,0.01564452249891654
57140,AOI-0078,2025-09-16,озимая пшеница,0.1933671924024249,0.19095660120094554,911,9,-0.0024105912014793507
57155,AOI-0078,2025-10-01,озимая пшеница,0.2517218641732285,0.21567265303802222,911,10,-0.03604921113520629
