anon_polygon_id,date,crop_type,v3_prediction,v4_prediction,v7_prediction
AOI-0005,2010-05-02,озимая пшеница,0.2210424523174987,0.22376364578354063,0.22541662634093526
AOI-0005,2010-07-28,озимая пшеница,0.30184498710130175,0.3067978101838736,0.30304531600385265
AOI-0005,2010-08-05,озимая пшеница,0.2239061744769947,0.23816882114162186,0.24254764413477026
AOI-0005,2010-08-29,озимая пшеница,0.2838565737462551,0.2823447866440932,0.2759830126745728
AOI-0005,2010-08-30,озимая пшеница,0.22847201018603053,0.23161452626410503,0.2314304887852122
AOI-0005,2010-09-06,озимая пшеница,0.2363948293188575,0.24206920537139362,0.2449787422443571
AOI-0005,2011-04-02,озимая пшеница,0.2737941926382322,0.26777093372550365,0.2636871763418682
AOI-0005,2011-06-06,озимая пшеница,0.7616111446524867,0.7562498908728696,0.7584009201286906
AOI-0005,2011-06-26,озимая пшеница,0.5160185382293537,0.5257807148618348,0.5221668012753932
AOI-0005,2011-09-02,озимая пшеница,0.42697175190117687,0.4244854048280036,0.4224258148640293
AOI-0005,2012-04-04,озимая пшеница,0.2056251207142897,0.19827476516941667,0.19620770381038566
AOI-0005,2012-04-29,озимая пшеница,0.5249282207787884,0.5328984203243763,0.535756049258575
AOI-0005,2012-05-06,озимая пшеница,0.5483936225319834,0.5466504130030402,0.5465838941645735
AOI-0005,2012-05-31,озимая пшеница,0.8029034330069743,0.7920797903805259,0.787525756667381
AOI-0005,2012-08-10,озимая пшеница,0.1817352366672628,0.18141298238117334,0.18538943876348316
AOI-0005,2012-08-12,озимая пшеница,0.2799408450899179,0.28967225259339374,0.2940544718026568
AOI-0005,2013-06-26,озимая пшеница,0.3729588183645741,0.37933493079003183,0.36916737637617847
AOI-0005,2013-07-12,озимая пшеница,0.3358805349622988,0.3372841957446858,0.3294427188243795
AOI-0005,2013-08-21,озимая пшеница,0.45942640762936093,0.4542572299883942,0.4558994762326555
AOI-0005,2013-08-29,озимая пшеница,0.4845465169795028,0.47553050262048596,0.47304122826373146
AOI-0005,2014-04-18,озимая пшеница,0.4037702274992191,0.40508236782799684,0.40588938338847963
AOI-0005,2014-04-27,озимая пшеница,0.5770535280085224,0.5800635289217287,0.5867500401098239
AOI-0005,2014-05-04,озимая пшеница,0.6849651822496391,0.6905217749344483,0.6935109860568468
AOI-0005,2014-05-09,озимая пшеница,0.7561078976061485,0.7701822587052373,0.770377760017768
AOI-0005,2014-06-10,озимая пшеница,0.6556056048716611,0.6600854730619106,0.6572354425636948
AOI-0005,2014-07-28,озимая пшеница,0.4793356887429261,0.47223104927446624,0.4671687821424992
AOI-0005,2014-10-03,озимая пшеница,0.24122602919106018,0.2408387510192926,0.2424180455811869
AOI-0005,2015-05-23,озимая пшеница,0.7407013350900612,0.7361502347197281,0.7337651219184567
AOI-0005,2015-06-10,озимая пшеница,0.7824899834462588,0.7881529922842148,0.7854369921474909
AOI-0005,2015-10-06,озимая пшеница,0.20996895281229672,0.2020806826323533,0.1994225264795263
AOI-0005,2016-04-22,озимая пшеница,0.6367321015671421,0.6533651654169359,0.6682597614116625
AOI-0005,2016-05-08,озимая пшеница,0.7854828149438715,0.7966390464960236,0.794092309718281
AOI-0005,2016-09-13,озимая пшеница,0.3698083030983291,0.3669453723948449,0.36462851791260587
AOI-0005,2017-04-11,озимая пшеница,0.20597829200373044,0.19286718144209183,0.18821468754510332
AOI-0005,2017-04-23,озимая пшеница,0.5102767362836,0.526610962268726,0.5301506337885173
AOI-0005,2017-04-26,озимая пшеница,0.3686108005598956,0.3780358399464627,0.3732381790678629
AOI-0005,2017-07-23,озимая пшеница,0.5524275281492533,0.5540820839107565,0.5572539508365303
AOI-0005,2017-09-25,озимая пшеница,0.5109266754264684,0.5017201059991843,0.505427050193385
AOI-0005,2017-10-04,озимая пшеница,0.4519614542586865,0.4427019888604159,0.44812238021065187
AOI-0005,2018-05-01,озимая пшеница,0.6129884605846283,0.6167238166856996,0.6162319131537858
AOI-0005,2018-05-16,озимая пшеница,0.7125741354999211,0.7034626061325735,0.7043747058244784
AOI-0005,2018-06-01,озимая пшеница,0.6659166626712529,0.6592148177572075,0.6581164992806369
AOI-0005,2018-07-10,озимая пшеница,0.4092560800868751,0.4081323678856649,0.4087724110639915
AOI-0005,2018-08-27,озимая пшеница,0.41607919823871553,0.4149918644853874,0.41790911110521956
AOI-0005,2018-09-30,озимая пшеница,0.3764812637673816,0.3748518665897384,0.37405293481947727
AOI-0005,2019-04-26,озимая пшеница,0.634968378344912,0.6384056079803192,0.6400071947417398
AOI-0005,2019-05-11,озимая пшеница,0.7773397801538451,0.7659786264122478,0.7572603150485201
AOI-0005,2019-05-18,озимая пшеница,0.8284137221203425,0.8207377273946604,0.8177637419710709
AOI-0005,2019-05-21,озимая пшеница,0.7976183591204815,0.7941714327802634,0.7938599740009119
AOI-0005,2019-06-11,озимая пшеница,0.7338477810597132,0.7297838554781673,0.7286043667868729
AOI-0005,2019-06-25,озимая пшеница,0.5432095768282965,0.5378446615284619,0.5368984413240264
AOI-0005,2019-07-12,озимая пшеница,0.4572064868556415,0.44566476152763224,0.4439030956861845
AOI-0005,2019-08-23,озимая пшеница,0.35238255051799794,0.3458853850488729,0.3442810122743904
AOI-0005,2019-08-24,озимая пшеница,0.3286333895287286,0.33021049655134754,0.33185303587921927
AOI-0005,2019-09-03,озимая пшеница,0.3338277542129648,0.3374075017325134,0.34161361426659287
AOI-0005,2019-09-07,озимая пшеница,0.3693187853910169,0.3676011963939375,0.37426990970169915
AOI-0005,2019-09-08,озимая пшеница,0.3425693870175585,0.3422491567024932,0.34457706936228977
AOI-0005,2019-09-15,озимая пшеница,0.26182587190576784,0.2743702601412664,0.27734555688881696
AOI-0005,2020-04-22,озимая пшеница,0.3968561341714639,0.4034726481017918,0.3962115526431873
AOI-0005,2020-05-08,озимая пшеница,0.6848859672090452,0.6932615253122144,0.7041971602233925
AOI-0005,2020-08-16,озимая пшеница,0.49969786988488096,0.4969525536273647,0.5002841500180608
AOI-0005,2020-08-23,озимая пшеница,0.40283091847088814,0.400310127950342,0.3993523627535511
AOI-0005,2020-08-24,озимая пшеница,0.4265018899110752,0.42505829029008263,0.4291048604413111
AOI-0005,2020-09-02,озимая пшеница,0.35600370874893084,0.3577014720995755,0.3608165031883323
AOI-0005,2020-09-17,озимая пшеница,0.27855647077608725,0.2845179092347157,0.29102599008447844
AOI-0005,2020-09-29,озимая пшеница,0.301642839549904,0.29303833091855713,0.29502111206032133
AOI-0005,2021-04-21,озимая пшеница,0.4694313354058134,0.46696820500292646,0.4708205701797733
AOI-0005,2021-07-12,озимая пшеница,0.5291067549665018,0.5209392112435023,0.5198049190926524
AOI-0005,2021-08-29,озимая пшеница,0.420065787602289,0.4263593405557059,0.42613224004002104
AOI-0005,2021-09-04,озимая пшеница,0.2888184992659535,0.2951889587121352,0.301145820907863
AOI-0005,2021-09-30,озимая пшеница,0.3829520891217923,0.38835896582897944,0.3906894676464493
AOI-0005,2021-10-14,озимая пшеница,0.27741935836867354,0.2902071683746965,0.3000235264366355
AOI-0005,2022-05-09,озимая пшеница,0.8045681994588765,0.8128862679760165,0.8145473235362779
AOI-0005,2022-05-30,озимая пшеница,0.8183737783126549,0.8218300732326596,0.8223256565660726
AOI-0005,2022-07-19,озимая пшеница,0.4569173579559266,0.4638204153076176,0.4689153002601383
AOI-0005,2022-07-21,озимая пшеница,0.45483205256428205,0.4464635193435403,0.4453713757780378
AOI-0005,2022-07-28,озимая пшеница,0.5064352823016124,0.5010346715032364,0.49808516401951514
AOI-0005,2022-08-03,озимая пшеница,0.4379315014824877,0.4290840520454488,0.42356254113676
AOI-0005,2022-08-14,озимая пшеница,0.495484581031878,0.4993628486303159,0.5064325942205323
AOI-0005,2022-08-28,озимая пшеница,0.39452813307637186,0.3981797992051397,0.3974068820255174
AOI-0005,2022-10-01,озимая пшеница,0.39582950349464274,0.4022277054935232,0.40680428261766294
AOI-0005,2023-07-14,озимая пшеница,0.5581084506597529,0.5488732053195768,0.5439505151090477
AOI-0005,2023-07-29,озимая пшеница,0.532177883067328,0.5348475891187742,0.532999594433262
AOI-0005,2023-08-08,озимая пшеница,0.4941240410129949,0.500347316434125,0.5034208226233112
AOI-0005,2023-08-29,озимая пшеница,0.4429153683972727,0.4436996857144883,0.43699566508728066
AOI-0005,2023-09-12,озимая пшеница,0.36597955208652777,0.37392560717961143,0.3788406162692273
AOI-0005,2023-09-14,озимая пшеница,0.3907751949424269,0.3847984143088456,0.37463798214352567
AOI-0005,2023-09-26,озимая пшеница,0.34415840315760404,0.3504648212595123,0.35617911923666595
AOI-0005,2023-10-17,озимая пшеница,0.18851892035505596,0.19137773285212464,0.19638308875105628
AOI-0005,2024-05-31,озимая пшеница,0.7231391366621174,0.718067888553641,0.7227770949288037
AOI-0005,2024-06-03,озимая пшеница,0.7134014955324309,0.7168000976892257,0.7190900523132361
AOI-0005,2024-07-28,озимая пшеница,0.3907451402572434,0.39374627467183865,0.39442799689409946
AOI-0005,2024-08-22,озимая пшеница,0.2989787165577812,0.3027817021045841,0.3050111577841803
AOI-0005,2024-08-28,озимая пшеница,0.37260599101084024,0.3686390535536389,0.3630207825711406
AOI-0005,2024-09-16,озимая пшеница,0.2963731210617232,0.29894341506086636,0.3019948849824329
AOI-0006,2010-04-15,озимая пшеница,0.44700278728029214,0.4351295852010611,0.427056498333954
AOI-0006,2010-05-09,озимая пшеница,0.8011393088819144,0.791250080191843,0.7911151422014474
AOI-0006,2010-07-13,озимая пшеница,0.280958922283619,0.2864854277594499,0.288689313041283
AOI-0006,2010-07-28,озимая пшеница,0.2923493260612705,0.29130043485325996,0.2883627712062405
AOI-0006,2010-07-29,озимая пшеница,0.221534838866775,0.2256185156870709,0.22650581352583768
AOI-0006,2010-08-05,озимая пшеница,0.2149218130056612,0.20737343975109304,0.21024202889744145
AOI-0006,2011-04-02,озимая пшеница,0.1491364129576595,0.12840346195997474,0.12613095537589616
AOI-0006,2011-04-19,озимая пшеница,0.1847677732479691,0.1654515529300301,0.1623740330241275
AOI-0006,2011-05-21,озимая пшеница,0.266555982783036,0.2562588477316952,0.25391675536259745
AOI-0006,2011-07-16,озимая пшеница,0.7412936453659902,0.7325041759851865,0.7319083090952085
AOI-0006,2011-08-08,озимая пшеница,0.4601244028714552,0.45226880190556773,0.45326805616809385
AOI-0006,2011-08-09,озимая пшеница,0.4459314049117308,0.4389803241858868,0.4390522228251518
AOI-0006,2011-10-16,озимая пшеница,0.308799476982949,0.31711889768060597,0.3209827759842769
AOI-0006,2012-04-22,озимая пшеница,0.7484072472154464,0.7585715185932497,0.7673194682485839
AOI-0006,2012-06-09,озимая пшеница,0.5443829740184923,0.5413836701612246,0.5353374590951241
AOI-0006,2012-10-15,озимая пшеница,0.2651307111554178,0.27094058789920805,0.27075436779122203
AOI-0006,2013-07-21,озимая пшеница,0.7072210032489846,0.7150569942562229,0.7207459337012478
AOI-0006,2013-08-21,озимая пшеница,0.3485295056917863,0.34751949181531244,0.3435216220736769
AOI-0006,2013-10-24,озимая пшеница,0.24338557472703282,0.251002624280828,0.25734820683856297
AOI-0006,2014-04-07,озимая пшеница,0.6493759867248925,0.6622805046113893,0.6675079858108818
AOI-0006,2014-06-13,озимая пшеница,0.42805253246739366,0.421444329582099,0.416959017343189
AOI-0006,2014-06-26,озимая пшеница,0.32670791487660755,0.33583482885912314,0.3362687294335677
AOI-0006,2014-07-31,озимая пшеница,0.17032940384447,0.1779883203202857,0.17969635466948922
AOI-0006,2014-08-29,озимая пшеница,0.22960284735078407,0.23035828032541966,0.22848176179089516
AOI-0006,2015-06-09,озимая пшеница,0.830598607750321,0.8158014318749272,0.8155428537447335
AOI-0006,2015-07-26,озимая пшеница,0.3009831770049901,0.30385950711537196,0.3027963549073545
AOI-0006,2015-08-03,озимая пшеница,0.303439492664797,0.29894308809425607,0.3000989307310032
AOI-0006,2015-08-11,озимая пшеница,0.2901047073318356,0.2958777575732251,0.29861062149690804
AOI-0006,2015-08-12,озимая пшеница,0.28619632959252606,0.2846301684230933,0.2799640296470561
AOI-0006,2015-10-16,озимая пшеница,0.22569962387007297,0.23379205224041513,0.2353429957321946
AOI-0006,2016-04-22,озимая пшеница,0.520896677329512,0.5434257834854935,0.545726026678079
AOI-0006,2016-04-23,озимая пшеница,0.4513748992931781,0.4603881214462993,0.4487880334336872
AOI-0006,2016-05-08,озимая пшеница,0.48515956361299367,0.491091444127647,0.4980125406467795
AOI-0006,2017-04-23,озимая пшеница,0.3267668018299565,0.3503328121404761,0.35830831056138335
AOI-0006,2017-05-09,озимая пшеница,0.4257154626298541,0.43968325989636087,0.44903968135191213
AOI-0006,2017-07-25,озимая пшеница,0.7769909657607507,0.7847816468524411,0.7775368371655078
AOI-0006,2017-09-01,озимая пшеница,0.2403636319357117,0.2402446564552998,0.2488762540791732
AOI-0006,2017-09-14,озимая пшеница,0.3079540009140232,0.31444170134412647,0.31362962959024426
AOI-0006,2017-10-04,озимая пшеница,0.18738646016684576,0.18360467347815657,0.18434452729919504
AOI-0006,2018-06-08,озимая пшеница,0.37626780247883956,0.39020051782702925,0.38549493768266674
AOI-0006,2018-08-13,озимая пшеница,0.47434839736580525,0.4775399332721683,0.47175972849077463
AOI-0006,2018-09-20,озимая пшеница,0.2544245857176201,0.25993587518598943,0.26219852286408213
AOI-0006,2018-10-16,озимая пшеница,0.2883936117886562,0.3012957955081091,0.29902297694648233
AOI-0006,2019-04-21,озимая пшеница,0.7632223222353863,0.7571486564731511,0.7577647617779576
AOI-0006,2019-04-23,озимая пшеница,0.8284636139557883,0.828570794593463,0.8247276476980853
AOI-0006,2019-05-21,озимая пшеница,0.8955954935396964,0.8810387428664184,0.8746872459512588
AOI-0006,2019-06-27,озимая пшеница,0.23001981823824708,0.23324986629194067,0.23239416493988818
AOI-0006,2019-08-22,озимая пшеница,0.18581252950379284,0.19046202290157696,0.19664309418786857
AOI-0006,2019-09-03,озимая пшеница,0.14754707539077927,0.14234089001690903,0.14071033230190147
AOI-0006,2020-04-06,озимая пшеница,0.25022831372681303,0.26592457445613055,0.2731830082179753
AOI-0006,2020-04-30,озимая пшеница,0.18517799100184856,0.16991869175761307,0.16890118027890774
AOI-0006,2020-05-20,озимая пшеница,0.25210386047217026,0.24165044919011455,0.23168450321822234
AOI-0006,2020-06-05,озимая пшеница,0.609285118249096,0.6145814176730864,0.6156736753691266
AOI-0006,2020-08-03,озимая пшеница,0.4480070161063573,0.4450022377912999,0.4456964026677804
AOI-0006,2020-09-01,озимая пшеница,0.36358594292897334,0.3666253355706127,0.3679780314559567
AOI-0006,2021-04-06,озимая пшеница,0.27842483092282516,0.28485157306221387,0.2771306568618818
AOI-0006,2021-05-20,озимая пшеница,0.8814656932727891,0.86625013986922,0.8634908843252381
AOI-0006,2021-06-16,озимая пшеница,0.823883427591397,0.8115659110162329,0.8001633829158705
AOI-0006,2021-08-29,озимая пшеница,0.2320986622447192,0.24429850368418027,0.2493253378026988
AOI-0006,2021-10-02,озимая пшеница,0.18840323082747634,0.1934034722877827,0.19433730928067844
AOI-0006,2022-04-24,озимая пшеница,0.8195100277535172,0.8164535122019196,0.8112932362559634
AOI-0006,2022-06-10,озимая пшеница,0.7541208066143836,0.7615397840018069,0.7501706493728003
AOI-0006,2022-08-23,озимая пшеница,0.17436194813123054,0.18338119393846275,0.18211307227020576
AOI-0006,2022-09-17,озимая пшеница,0.1620817798427636,0.1557507322946137,0.1536423373133914
AOI-0006,2022-09-30,озимая пшеница,0.2701208923059816,0.288384847331462,0.2884880509504177
AOI-0006,2022-10-02,озимая пшеница,0.16747867221235796,0.1629328480049762,0.16467459169878257
AOI-0006,2022-10-12,озимая пшеница,0.16465236730930358,0.17034961790487185,0.17210961833283972
AOI-0006,2023-04-10,озимая пшеница,0.2547194116696392,0.262675188558585,0.24960890831848803
AOI-0006,2023-04-23,озимая пшеница,0.47003624650754683,0.5000280297430378,0.5038061462654968
AOI-0006,2023-05-06,озимая пшеница,0.3030824404110214,0.300194774165126,0.2996441480764705
AOI-0006,2023-05-13,озимая пшеница,0.29455847115888056,0.29579162884721916,0.29765749505157374
AOI-0006,2023-06-10,озимая пшеница,0.6643188270900693,0.6825478288101612,0.6918817139058571
AOI-0006,2023-06-15,озимая пшеница,0.5981158490945553,0.6013699610483668,0.6003449771146787
AOI-0006,2023-07-16,озимая пшеница,0.7887208654741982,0.8013725908632581,0.7998746649220296
AOI-0006,2023-08-28,озимая пшеница,0.5649580635927357,0.5638968211932552,0.5647864047029405
AOI-0006,2023-09-02,озимая пшеница,0.41659238871679394,0.40559342051233943,0.4024575873660053
AOI-0006,2023-09-14,озимая пшеница,0.38331237991290557,0.3845183567013128,0.37527630292518505
AOI-0006,2023-09-18,озимая пшеница,0.39030157500050555,0.4006435656398898,0.401688713974212
AOI-0006,2023-09-26,озимая пшеница,0.2985896416160918,0.30025435947004125,0.3051000868153839
AOI-0006,2023-10-02,озимая пшеница,0.19271255402667897,0.19051419756274807,0.19434091505613363
AOI-0006,2023-10-16,озимая пшеница,0.2548854517018734,0.27036374446946665,0.26862591173421646
AOI-0006,2023-10-17,озимая пшеница,0.14705575952941552,0.13963427610819634,0.13918194581039045
AOI-0006,2024-06-03,озимая пшеница,0.729949838713115,0.731082625988637,0.7288014475217666
AOI-0006,2024-06-24,озимая пшеница,0.3354294819437575,0.3411810984658582,0.3454220530796249
AOI-0006,2024-07-03,озимая пшеница,0.2082275306294389,0.20930852772599143,0.20816853990929185
AOI-0006,2024-07-13,озимая пшеница,0.19294418876770694,0.1976748116297378,0.19376899510297016
AOI-0006,2024-09-28,озимая пшеница,0.15959467891819096,0.1637644537817514,0.16323919072656284
AOI-0006,2024-10-06,озимая пшеница,0.14362373938849227,0.14323182834503956,0.14577661777834566
AOI-0006,2024-10-26,озимая пшеница,0.17744047740473448,0.17397681545313615,0.17309823199878335
AOI-0009,2010-04-07,озимая пшеница,0.4713085130682,0.4662474955829607,0.4630233280458599
AOI-0009,2010-05-18,озимая пшеница,0.7028779168364704,0.6978618103244902,0.6975610420259065
AOI-0009,2010-06-10,озимая пшеница,0.4667238045807126,0.4613181064675425,0.456932444279067
AOI-0009,2010-09-14,озимая пшеница,0.2591288097045744,0.26090601992540235,0.2657077576601089
AOI-0009,2010-09-30,озимая пшеница,0.23945919359798382,0.24318115382172356,0.2508800276968225
AOI-0009,2011-05-25,озимая пшеница,0.5816084159177821,0.5820081157107184,0.5933053081126793
AOI-0009,2011-07-12,озимая пшеница,0.6803534105867383,0.6750505686164457,0.6712065596306307
AOI-0009,2011-07-28,озимая пшеница,0.5713446133647772,0.5752406689132181,0.5699884170412677
AOI-0009,2011-08-17,озимая пшеница,0.3644975193368407,0.36091480650352165,0.35887739997972545
AOI-0009,2011-09-10,озимая пшеница,0.28183803629014115,0.27394811341260406,0.27279009795753334
AOI-0009,2012-04-29,озимая пшеница,0.5215979127906741,0.5167254830420105,0.5212052049457742
AOI-0009,2012-05-08,озимая пшеница,0.6936032271014324,0.6953607286869284,0.7000198239736174
AOI-0009,2012-08-12,озимая пшеница,0.33296047932988326,0.3349813471088709,0.33358939551405736
AOI-0009,2012-08-28,озимая пшеница,0.3930781985520258,0.38561626723156206,0.38890453001627
AOI-0009,2012-09-29,озимая пшеница,0.3260442087640163,0.3221070810452059,0.3253651340634118
AOI-0009,2012-10-06,озимая пшеница,0.2274838721293352,0.21268664635515863,0.2125452467712409
AOI-0009,2013-04-07,озимая пшеница,0.3083958094610561,0.3062617106179327,0.30587999482165906
AOI-0009,2013-07-21,озимая пшеница,0.567741398946727,0.561635224114253,0.5716675941915278
AOI-0009,2013-08-13,озимая пшеница,0.3721210680211207,0.3805932127637253,0.3800483250715502
AOI-0009,2013-09-14,озимая пшеница,0.30960356199536243,0.3123484642174505,0.315650303775033
AOI-0009,2014-04-07,озимая пшеница,0.6559546530877205,0.6411442209694733,0.6413380732639565
AOI-0009,2014-04-27,озимая пшеница,0.7689743350060716,0.7713717585093683,0.7715792759171545
AOI-0009,2014-05-29,озимая пшеница,0.8501494377356481,0.8541009500757127,0.8555272039246687
AOI-0009,2014-06-10,озимая пшеница,0.5385473817807124,0.5357004644362691,0.5270746775206548
AOI-0009,2014-06-22,озимая пшеница,0.38019413116514106,0.3865810042686145,0.39049128250314985
AOI-0009,2014-08-01,озимая пшеница,0.19876611401698457,0.1963874826317758,0.19314959595675313
AOI-0009,2014-08-09,озимая пшеница,0.17292490834651064,0.16735627708418416,0.16261285036108136
AOI-0009,2014-08-17,озимая пшеница,0.18768978245789095,0.18219108883054833,0.18377348334694787
AOI-0009,2014-08-29,озимая пшеница,0.24642553159870784,0.24758100492201954,0.25234634799479927
AOI-0009,2015-04-14,озимая пшеница,0.3816983482501866,0.3788354443117321,0.38031457148778913
AOI-0009,2015-05-24,озимая пшеница,0.8183435719226925,0.8200192506336309,0.8193966529225233
AOI-0009,2015-06-26,озимая пшеница,0.42173771222537104,0.4162130256093145,0.41123562985396905
AOI-0009,2015-10-07,озимая пшеница,0.1930110028513115,0.1899347795516279,0.1918932612363954
AOI-0009,2016-05-02,озимая пшеница,0.624112698274216,0.6151002830189827,0.6229675753059166
AOI-0009,2016-06-25,озимая пшеница,0.5310294317509833,0.5204031312653901,0.5109690576850014
AOI-0009,2016-07-05,озимая пшеница,0.37769576647427694,0.37067583538041526,0.36768360363137975
AOI-0009,2016-07-13,озимая пшеница,0.38898447307657774,0.39162714475197036,0.3938939020791429
AOI-0009,2016-10-25,озимая пшеница,0.25977901834659367,0.2575696391547937,0.2580342663638457
AOI-0009,2017-04-01,озимая пшеница,0.2160152108460179,0.20000193362786023,0.2000449361382585
AOI-0009,2017-04-23,озимая пшеница,0.6544179528486349,0.6552711259001942,0.6637127918195309
AOI-0009,2017-05-21,озимая пшеница,0.8330132319265371,0.8390941315940956,0.8360200846779258
AOI-0009,2017-07-12,озимая пшеница,0.32246191416118797,0.3234374029104719,0.3223858484209239
AOI-0009,2017-07-24,озимая пшеница,0.21315880577262858,0.20842750070639296,0.2152729748607061
AOI-0009,2017-08-09,озимая пшеница,0.15248700743862725,0.15521904000721248,0.15487538397286954
AOI-0009,2017-08-11,озимая пшеница,0.1441175149502632,0.1457463247847524,0.14462320123424025
AOI-0009,2017-08-14,озимая пшеница,0.158744777071355,0.1653132739282854,0.165161897617538
AOI-0009,2017-08-29,озимая пшеница,0.19543798904664833,0.19985494267967954,0.20168202152363177
AOI-0009,2017-09-05,озимая пшеница,0.13801099658797372,0.13915349095680737,0.1410953300639803
AOI-0009,2017-09-13,озимая пшеница,0.15865193578297082,0.16245290279400562,0.16309725855232834
AOI-0009,2017-09-15,озимая пшеница,0.1584693690366678,0.16055961200813715,0.16236439286230156
AOI-0009,2018-04-14,озимая пшеница,0.43385455495753045,0.42037075896659676,0.4171277264164733
AOI-0009,2018-04-23,озимая пшеница,0.6998101905891307,0.688914656242598,0.6962575589766319
AOI-0009,2018-07-12,озимая пшеница,0.3018418346022623,0.30150460636924414,0.29948505210680154
AOI-0009,2018-09-29,озимая пшеница,0.18066995607828124,0.17610576700223288,0.18033544031935733
AOI-0009,2018-09-30,озимая пшеница,0.2270343940015674,0.2294204041924524,0.23494813405395285
AOI-0009,2018-10-13,озимая пшеница,0.17019637587987302,0.1706973733519709,0.17391392149850637
AOI-0009,2019-04-01,озимая пшеница,0.2377885831505125,0.22754484303184347,0.227467624782475
AOI-0009,2019-04-25,озимая пшеница,0.33906990474082616,0.3278785806183132,0.3347898375028497
AOI-0009,2019-05-09,озимая пшеница,0.5959088952146965,0.5941419228822022,0.6016597098252122
AOI-0009,2019-05-18,озимая пшеница,0.4753564485470643,0.4764228141357529,0.47645735677809803
AOI-0009,2019-05-28,озимая пшеница,0.7306549869142128,0.7220040888622065,0.7146112914418415
AOI-0009,2019-06-28,озимая пшеница,0.2540312950496661,0.23693538609886064,0.24049323094374592
AOI-0009,2019-08-07,озимая пшеница,0.2954921153292312,0.28307980071752464,0.2896793013276779
AOI-0009,2019-08-21,озимая пшеница,0.1743144996673082,0.17556794743106288,0.17625219918351606
AOI-0009,2019-08-26,озимая пшеница,0.16540038369561727,0.1662656585922703,0.16680000660825356
AOI-0009,2019-08-31,озимая пшеница,0.15954214202775477,0.16003238925143967,0.16101160718473104
AOI-0009,2019-10-15,озимая пшеница,0.21891252382271867,0.22175632868430403,0.21778625855794884
AOI-0009,2020-05-13,озимая пшеница,0.7201816238977654,0.7277188449138827,0.7294714822508198
AOI-0009,2020-05-15,озимая пшеница,0.6932484631632454,0.6849865564174332,0.6782146628576663
AOI-0009,2020-05-24,озимая пшеница,0.7830515023769543,0.7870360611927035,0.7887383368492656
AOI-0009,2020-05-27,озимая пшеница,0.7089882106294555,0.7115339751208495,0.70912772282224
AOI-0009,2020-05-29,озимая пшеница,0.7070549321547895,0.712362917344895,0.7083034981117194
AOI-0009,2020-06-06,озимая пшеница,0.6421517141175953,0.6390181854056556,0.6381184995779376
AOI-0009,2020-06-11,озимая пшеница,0.5795269329577497,0.5753442362402014,0.5764518600563912
AOI-0009,2020-06-29,озимая пшеница,0.21773137179238772,0.209355359003446,0.21100997904319005
AOI-0009,2020-07-06,озимая пшеница,0.16218757726448357,0.1560298698033999,0.15867217765404265
AOI-0009,2020-07-24,озимая пшеница,0.14130017781249832,0.14026271197352497,0.14325572357584232
AOI-0009,2020-07-27,озимая пшеница,0.2122439113874262,0.20647653843905403,0.21425437272577294
AOI-0009,2020-08-03,озимая пшеница,0.14287559221033538,0.1419442474774098,0.14399624124601249
AOI-0009,2020-08-12,озимая пшеница,0.21650093435571507,0.22541216479796874,0.23132575128279292
AOI-0009,2020-08-15,озимая пшеница,0.1548515877535764,0.1519477481357,0.1509852227781836
AOI-0009,2020-08-17,озимая пшеница,0.17878791209470885,0.17849025578909744,0.17979753426910908
AOI-0009,2020-08-28,озимая пшеница,0.21350566131551324,0.22463188701368894,0.2304647225547203
AOI-0009,2020-09-02,озимая пшеница,0.14665784664174225,0.14958703179294652,0.1521493315621799
AOI-0009,2020-09-29,озимая пшеница,0.19335764571093197,0.2048003352457118,0.211633637858079
AOI-0009,2020-10-07,озимая пшеница,0.13549986860260232,0.13501712817751313,0.1408890486954919
AOI-0009,2020-10-15,озимая пшеница,0.21939857597128118,0.2213055591846098,0.22659966166583695
AOI-0009,2021-04-06,озимая пшеница,0.407967522627567,0.3924978080313861,0.3915324927842665
AOI-0009,2021-04-30,озимая пшеница,0.6930007825073552,0.7034634445363693,0.6843399889482995
AOI-0009,2021-05-15,озимая пшеница,0.8428141316213749,0.8307106975365028,0.8226999950643293
AOI-0009,2021-05-16,озимая пшеница,0.8565303480777722,0.8538192540781234,0.8514083931296097
AOI-0009,2021-07-14,озимая пшеница,0.1702411248699019,0.17128379854001752,0.1725898409740045
AOI-0009,2021-07-21,озимая пшеница,0.16022190113517934,0.1515693885214839,0.1536611342256872
AOI-0009,2021-07-26,озимая пшеница,0.17208333496400216,0.1724506599121726,0.17349880893682745
AOI-0009,2021-07-29,озимая пшеница,0.16087287941166317,0.16289146775724897,0.16273538672834226
AOI-0009,2021-08-20,озимая пшеница,0.18482820838398753,0.1839021485645108,0.18350732285863325
AOI-0009,2021-09-27,озимая пшеница,0.2813782924449302,0.27420898924730547,0.27626997270981235
AOI-0009,2021-10-02,озимая пшеница,0.3501483176575692,0.3488516763900601,0.34989876107596535
AOI-0009,2021-10-12,озимая пшеница,0.2619742571628597,0.2654123488349679,0.260356320469565
AOI-0009,2021-10-15,озимая пшеница,0.32378951439979353,0.3223925942689908,0.3154373811944496
AOI-0009,2022-04-02,озимая пшеница,0.4372550468191876,0.43712636092995466,0.4394318149638481
AOI-0009,2022-06-06,озимая пшеница,0.8203764089000083,0.8140695207435062,0.8104743930152569
AOI-0009,2022-06-08,озимая пшеница,0.8277724453777144,0.8279007125180626,0.8277987912939865
AOI-0009,2022-06-11,озимая пшеница,0.8212912184669701,0.8147058567996464,0.815872688541121
AOI-0009,2022-07-12,озимая пшеница,0.2607216032012377,0.24737310211450914,0.24728614812881694
AOI-0009,2022-07-14,озимая пшеница,0.16588241482529745,0.16378404873956334,0.1644639901508479
AOI-0009,2022-08-23,озимая пшеница,0.1572779923745777,0.16295957324128924,0.1661671582643077
AOI-0009,2022-09-30,озимая пшеница,0.26007762523065003,0.2625972400981827,0.2669769587074788
AOI-0009,2022-10-02,озимая пшеница,0.1585705433321865,0.1614181664592377,0.16502641131007506
AOI-0009,2022-10-19,озимая пшеница,0.20062867519905653,0.20281600150792192,0.2007407725680431
AOI-0009,2022-10-22,озимая пшеница,0.18959596695490843,0.19751632047105852,0.19513958046708316
AOI-0009,2023-05-17,озимая пшеница,0.8681527573749094,0.8591133364129683,0.8559841179816079
AOI-0009,2023-05-25,озимая пшеница,0.8062492030184198,0.7996513818091602,0.7896096361496641
AOI-0009,2023-06-19,озимая пшеница,0.7032023063896802,0.6919708256969245,0.6911055142540147
AOI-0009,2023-06-26,озимая пшеница,0.45860835365486297,0.44899868501854984,0.44081681296274094
AOI-0009,2023-07-25,озимая пшеница,0.314162916652713,0.3167881194699061,0.3251242315575105
AOI-0009,2023-08-13,озимая пшеница,0.27878005711758025,0.2837769600196672,0.27262278532096396
AOI-0009,2023-08-26,озимая пшеница,0.2943322117852081,0.28747040266691687,0.2890686532579595
AOI-0009,2023-08-28,озимая пшеница,0.2520960013925727,0.2527185213365564,0.2554494845142839
AOI-0009,2023-08-29,озимая пшеница,0.32358622593019537,0.3245831479706976,0.3225948779313232
AOI-0009,2023-09-14,озимая пшеница,0.2695173185424421,0.2708678228183072,0.2633644289624941
AOI-0009,2023-10-02,озимая пшеница,0.2119195656553988,0.21258001267143664,0.21471405420861492
AOI-0009,2023-10-12,озимая пшеница,0.22830792165810285,0.23121859546756518,0.23561397368251583
AOI-0009,2024-05-08,озимая пшеница,0.41327852128153514,0.394940777312309,0.40513612835237556
AOI-0009,2024-06-18,озимая пшеница,0.6876977910163594,0.6699769310953504,0.6660197557790415
AOI-0009,2024-06-23,озимая пшеница,0.7213758120593797,0.7042100189248606,0.7000894112359365
AOI-0009,2024-06-28,озимая пшеница,0.7100768233138165,0.6980992628188385,0.6944499744298483
AOI-0009,2024-07-08,озимая пшеница,0.6510391503947036,0.6409992874708969,0.6350705928201444
AOI-0009,2024-08-04,озимая пшеница,0.5072548376534611,0.4982803848927664,0.4993019548494068
AOI-0009,2024-08-09,озимая пшеница,0.5350581980567461,0.5285157285174931,0.5302211278392994
AOI-0009,2024-08-20,озимая пшеница,0.44877637281332233,0.43776312492706054,0.4357915162106489
AOI-0009,2024-08-27,озимая пшеница,0.32835483026487255,0.32849045408546024,0.3269649497001831
AOI-0009,2024-09-03,озимая пшеница,0.26095360774263576,0.25563160068242885,0.25947685124467507
AOI-0009,2024-09-06,озимая пшеница,0.2577873380402024,0.25333365814840625,0.25511390539373247
AOI-0009,2024-09-08,озимая пшеница,0.24880006923748926,0.24289636040062815,0.24363185840868826
AOI-0009,2024-09-13,озимая пшеница,0.2813962110756144,0.2805527776780682,0.27078903202213356
AOI-0009,2024-10-08,озимая пшеница,0.17650524332372394,0.17492925570307108,0.1758096451681127
AOI-0012,2010-07-13,озимая пшеница,0.2785120270573428,0.27233214676549045,0.2672800315067081
AOI-0012,2010-08-22,озимая пшеница,0.23757233601026445,0.22960227791619967,0.22805330287951844
AOI-0012,2010-10-25,озимая пшеница,0.2814354348735164,0.28195120749114305,0.282957990591117
AOI-0012,2011-05-21,озимая пшеница,0.7578912801711297,0.7578441380583679,0.7592494442107122
AOI-0012,2011-07-12,озимая пшеница,0.38573745638497536,0.383236121637651,0.38540929915994804
AOI-0012,2011-08-13,озимая пшеница,0.33718993576737055,0.3377913936987438,0.34521725004741316
AOI-0012,2011-09-02,озимая пшеница,0.29980888028372366,0.29202684847188703,0.2850744947187526
AOI-0012,2012-04-22,озимая пшеница,0.3863384187727826,0.3902431797390256,0.3934157910545143
AOI-0012,2012-06-09,озимая пшеница,0.3857669113370614,0.3746537306952543,0.3676344547267752
AOI-0012,2012-06-25,озимая пшеница,0.3688188821471312,0.3635570483480219,0.36562478332755954
AOI-0012,2012-08-03,озимая пшеница,0.2676528348060857,0.25968828325982124,0.25466637277661425
AOI-0012,2012-08-28,озимая пшеница,0.3268738261181809,0.32068424945270163,0.3240233501553756
AOI-0012,2012-09-13,озимая пшеница,0.3275061381220612,0.3213259625943854,0.32072722061694625
AOI-0012,2012-10-06,озимая пшеница,0.2968882312683659,0.29031748947072306,0.2885660697745029
AOI-0012,2013-05-09,озимая пшеница,0.761193149131113,0.7485615786021688,0.7478492524153667
AOI-0012,2013-06-10,озимая пшеница,0.4895197008921638,0.4734729639233008,0.4649511078341217
AOI-0012,2013-07-13,озимая пшеница,0.29871686014129206,0.2995137954067431,0.3013725455987247
AOI-0012,2013-07-29,озимая пшеница,0.269954008205989,0.2717465779170216,0.2734980507349848
AOI-0012,2013-10-09,озимая пшеница,0.31680312870306176,0.3087729379602932,0.30824334939602943
AOI-0012,2013-10-25,озимая пшеница,0.33747704453609295,0.3285852097158275,0.33296805289856507
AOI-0012,2014-06-06,озимая пшеница,0.5798859182240974,0.5883072004119362,0.5981310862827378
AOI-0012,2014-06-22,озимая пшеница,0.30943677772374295,0.3082751513081822,0.30799106229280016
AOI-0012,2014-06-26,озимая пшеница,0.32652799587040954,0.3206486980324341,0.3195589275501932
AOI-0012,2014-06-30,озимая пшеница,0.27377156232239325,0.2680532557106877,0.2670607146414466
AOI-0012,2014-08-13,озимая пшеница,0.2678939632619837,0.2694931789185971,0.27227749575180044
AOI-0012,2014-09-14,озимая пшеница,0.26409125583007054,0.26719948281698896,0.2702741868296206
AOI-0012,2014-10-16,озимая пшеница,0.2574208681759593,0.26697126046376063,0.267529152222672
AOI-0012,2014-10-28,озимая пшеница,0.17616902875386267,0.18279672591500462,0.18561721216017313
AOI-0012,2015-05-25,озимая пшеница,0.4215364827749354,0.41542423696636266,0.41969372768753954
AOI-0012,2015-06-09,озимая пшеница,0.32676409073631996,0.33413787195762973,0.33143097533105637
AOI-0012,2015-08-12,озимая пшеница,0.22919203955904005,0.22338636016892363,0.22202606107364556
AOI-0012,2015-08-13,озимая пшеница,0.2888990671207881,0.28441630597264117,0.28479393221196764
AOI-0012,2015-08-20,озимая пшеница,0.2283848063138687,0.2253106502236945,0.22805302828582416
AOI-0012,2015-09-14,озимая пшеница,0.2982684000936121,0.298412387739009,0.3020032785860201
AOI-0012,2016-08-06,озимая пшеница,0.30524045874874683,0.2963168049386936,0.2945028515982992
AOI-0012,2017-04-03,озимая пшеница,0.335484367631294,0.34876872195376846,0.3428524249614964
AOI-0012,2017-04-07,озимая пшеница,0.48561111183862693,0.4952074461329413,0.4961018996035868
AOI-0012,2017-05-06,озимая пшеница,0.6641667611044566,0.6705504833117422,0.6765145244020531
AOI-0012,2017-07-24,озимая пшеница,0.21336254297345225,0.21114177120588826,0.2161032960831421
AOI-0012,2017-08-01,озимая пшеница,0.15641910122491537,0.14807291464156894,0.14924402238472378
AOI-0012,2017-08-04,озимая пшеница,0.1570547139773864,0.1611382611266613,0.1656067843434076
AOI-0012,2017-08-13,озимая пшеница,0.2687617266389761,0.2718068844727717,0.28028570953889037
AOI-0012,2017-08-14,озимая пшеница,0.17338236204941856,0.1743367263633667,0.17558529936687814
AOI-0012,2017-08-17,озимая пшеница,0.18665168812627791,0.18088735620099078,0.18241215117212675
AOI-0012,2017-09-05,озимая пшеница,0.1848801689607859,0.18211106247475806,0.1836794694813071
AOI-0012,2017-09-08,озимая пшеница,0.204011512589106,0.2062059848935695,0.2088002019829074
AOI-0012,2017-09-30,озимая пшеница,0.2485626894746594,0.2542550346683662,0.2597123692126348
AOI-0012,2017-10-04,озимая пшеница,0.20042899323797986,0.19825785212676253,0.20055378797812265
AOI-0012,2018-04-11,озимая пшеница,0.5645775690637016,0.5715284383508308,0.5817832829254473
AOI-0012,2018-05-24,озимая пшеница,0.7693373649877538,0.7790645681240236,0.7804236150292825
AOI-0012,2018-05-25,озимая пшеница,0.7154932355060175,0.6985908753855248,0.687143167412343
AOI-0012,2018-06-09,озимая пшеница,0.5804135576072758,0.582842066275374,0.5896870643506505
AOI-0012,2018-09-13,озимая пшеница,0.17311506375241248,0.16947701938035276,0.16875328162465972
AOI-0012,2018-09-30,озимая пшеница,0.2619963141240519,0.263063110114981,0.26528239955921684
AOI-0012,2019-04-01,озимая пшеница,0.4606210399075256,0.4757791021902823,0.47461750187084434
AOI-0012,2019-06-07,озимая пшеница,0.5539252925801397,0.5552771716747352,0.5593393252062708
AOI-0012,2019-06-17,озимая пшеница,0.23792264695136614,0.24009305836005285,0.24003250362404238
AOI-0012,2019-06-28,озимая пшеница,0.22011977780367,0.22403388018597067,0.22834246785888043
AOI-0012,2019-07-22,озимая пшеница,0.20030307620637372,0.18477572025304656,0.17972447679885964
AOI-0012,2019-08-13,озимая пшеница,0.3105583744172435,0.31582960393298337,0.32490296759001014
AOI-0012,2019-09-13,озимая пшеница,0.19406536816545356,0.19367042197813572,0.19070159846582063
AOI-0012,2020-04-02,озимая пшеница,0.47443376582680175,0.48726379403389974,0.48982679341819396
AOI-0012,2020-04-25,озимая пшеница,0.6791186281316377,0.6797285676402115,0.6807212111550974
AOI-0012,2020-05-15,озимая пшеница,0.6588027899257111,0.6576280844344062,0.660671147804885
AOI-0012,2020-06-09,озимая пшеница,0.5065681445571367,0.4872175777241008,0.4809800760152671
AOI-0012,2020-06-26,озимая пшеница,0.1964746642328076,0.1976055047934728,0.20008348210584562
AOI-0012,2020-07-24,озимая пшеница,0.18470442719605168,0.1845017460865409,0.18506672480455263
AOI-0012,2020-08-03,озимая пшеница,0.17718858566285317,0.17435629007752632,0.17559298410132637
AOI-0012,2020-08-05,озимая пшеница,0.1722975702282993,0.17452746396028612,0.17678647132057818
AOI-0012,2020-08-12,озимая пшеница,0.2727067612008781,0.27623474618335003,0.2841577689430386
AOI-0012,2020-09-09,озимая пшеница,0.17526364138204925,0.17471101162115973,0.17830308334492787
AOI-0012,2020-09-12,озимая пшеница,0.1549307696675823,0.15008571777094587,0.15148002579516207
AOI-0012,2020-09-22,озимая пшеница,0.1540160148800795,0.15545446220798842,0.159687296233964
AOI-0012,2020-09-26,озимая пшеница,0.15309304189738132,0.15264134094589651,0.1565503148317559
AOI-0012,2020-10-17,озимая пшеница,0.1547439840216176,0.16011725154664666,0.16198060388322189
AOI-0012,2021-05-08,озимая пшеница,0.36170844784394907,0.37069602889666825,0.37024143485377525
AOI-0012,2021-05-25,озимая пшеница,0.3998892599853835,0.3900077607443733,0.4044829716968192
AOI-0012,2021-06-06,озимая пшеница,0.245185200481263,0.25162531361764345,0.25141264260117024
AOI-0012,2021-06-26,озимая пшеница,0.2690184539236612,0.27033352298068636,0.2661363634199339
AOI-0012,2021-07-16,озимая пшеница,0.1592834523215691,0.15739534036914196,0.15757757561886085
AOI-0012,2021-07-21,озимая пшеница,0.17019390369222226,0.1664473184055541,0.1669241935062267
AOI-0012,2021-07-24,озимая пшеница,0.166976010122221,0.16262985181665895,0.16370402012807928
AOI-0012,2021-08-18,озимая пшеница,0.1887757606494965,0.18672914340396005,0.1851743548145257
AOI-0012,2021-08-25,озимая пшеница,0.19821021504120168,0.20109723314026434,0.20144783136667554
AOI-0012,2021-08-30,озимая пшеница,0.21237151574825397,0.2071504439889719,0.20593662729579484
AOI-0012,2021-09-07,озимая пшеница,0.2034650671197574,0.20440733784699794,0.2069371768518727
AOI-0012,2022-06-06,озимая пшеница,0.820969597512075,0.8286660557313812,0.8299723373913727
AOI-0012,2022-06-19,озимая пшеница,0.6372637268967279,0.6404357368945797,0.6416284393359794
AOI-0012,2022-07-01,озимая пшеница,0.2130825695666831,0.21478819127136933,0.21496601379799737
AOI-0012,2022-07-28,озимая пшеница,0.28475216139517123,0.2884015272917482,0.2942719702442504
AOI-0012,2022-08-28,озимая пшеница,0.3392508169878958,0.32960484987159416,0.32847034655865387
AOI-0012,2022-09-08,озимая пшеница,0.2642173205654749,0.26220546926130095,0.2654404174922252
AOI-0012,2022-09-14,озимая пшеница,0.24597609651911045,0.2490078984075991,0.24687695529876572
AOI-0012,2023-04-10,озимая пшеница,0.6685469954977677,0.6847260313512215,0.6911332504552412
AOI-0012,2023-06-06,озимая пшеница,0.7757207006130261,0.7854118341085408,0.7923686019977458
AOI-0012,2023-06-23,озимая пшеница,0.38182971727047665,0.38809810345013596,0.3904091839618552
AOI-0012,2023-07-26,озимая пшеница,0.18451179584929675,0.1771983218047335,0.17637407234230706
AOI-0012,2023-08-05,озимая пшеница,0.15889752523938533,0.1534316583483455,0.15328938011730212
AOI-0012,2023-08-15,озимая пшеница,0.15920656088811133,0.15629191303711693,0.15528931256750006
AOI-0012,2023-10-07,озимая пшеница,0.2037066945322567,0.20453613561203912,0.20779896510480156
AOI-0012,2023-10-11,озимая пшеница,0.2509405312901739,0.2539554686874327,0.2548975886760183
AOI-0012,2024-04-01,озимая пшеница,0.63197886982529,0.6452369691921578,0.6471661021514267
AOI-0012,2024-04-06,озимая пшеница,0.6747882328611333,0.6746606752828594,0.6718422985653415
AOI-0012,2024-05-08,озимая пшеница,0.8091415048161836,0.7990606541292984,0.7859101887415023
AOI-0012,2024-05-09,озимая пшеница,0.8010548248760323,0.8020173278004181,0.7980130927793343
AOI-0012,2024-06-17,озимая пшеница,0.30102857455918014,0.30106414006780846,0.3053379470301093
AOI-0012,2024-07-08,озимая пшеница,0.14684179266065542,0.1462288751644371,0.14630839704444332
AOI-0012,2024-07-10,озимая пшеница,0.14703214016169347,0.14989959869542444,0.15212651295969268
AOI-0012,2024-07-20,озимая пшеница,0.14459352676182446,0.1378917348553921,0.1367743010000504
AOI-0012,2024-08-22,озимая пшеница,0.1618056046410252,0.15521356201027595,0.15670771332968889
AOI-0012,2024-10-07,озимая пшеница,0.22221092942063914,0.22697788415272022,0.23194834353338187
AOI-0012,2024-10-15,озимая пшеница,0.24411017544330252,0.25500439871676195,0.25635337502826094
AOI-0016,2010-04-24,озимая пшеница,0.4534518769695003,0.46305191261634854,0.4764504209222211
AOI-0016,2010-08-29,озимая пшеница,0.5439289644910608,0.5440974312103246,0.5422699330993419
AOI-0016,2011-05-09,озимая пшеница,0.6757087423660342,0.6711172050631554,0.6839460176507333
AOI-0016,2011-06-06,озимая пшеница,0.8012819196604365,0.8090106279568213,0.8117370496624592
AOI-0016,2011-06-10,озимая пшеница,0.7496953292559847,0.7430847421286494,0.7373658273740366
AOI-0016,2011-06-30,озимая пшеница,0.6824920161658652,0.6880989326495598,0.685262582477318
AOI-0016,2011-07-28,озимая пшеница,0.5764101679526303,0.5779288597691473,0.5761764742986497
AOI-0016,2012-04-29,озимая пшеница,0.5900837211010267,0.5979293656731636,0.6020982629250067
AOI-0016,2012-07-11,озимая пшеница,0.6879526871192319,0.6832987896102558,0.6741338041467044
AOI-0016,2012-07-27,озимая пшеница,0.598909278476668,0.5975034046061585,0.5934963742019025
AOI-0016,2012-09-11,озимая пшеница,0.5338256192564916,0.5439342950985832,0.5534092876695392
AOI-0016,2012-10-15,озимая пшеница,0.5222485898589494,0.5292743664219611,0.530709363207083
AOI-0016,2013-06-03,озимая пшеница,0.7676845835963398,0.7727288917896536,0.7733048710375019
AOI-0016,2013-07-28,озимая пшеница,0.6831284572713214,0.6813017059501938,0.6731265816244411
AOI-0016,2013-08-13,озимая пшеница,0.621420468898615,0.6180910331799288,0.6076469107953781
AOI-0016,2013-10-24,озимая пшеница,0.5842338931046347,0.5998146527080095,0.6064384246261277
AOI-0016,2014-04-07,озимая пшеница,0.4461780919141073,0.44008872685744715,0.4432758424625222
AOI-0016,2014-05-09,озимая пшеница,0.782786496211376,0.7757721752335303,0.7752468400201357
AOI-0016,2014-05-21,озимая пшеница,0.7879729570032616,0.7903725513059855,0.7923966756890466
AOI-0016,2014-06-29,озимая пшеница,0.6343138697725818,0.6392589835543233,0.6434848354676825
AOI-0016,2014-07-08,озимая пшеница,0.6257519630806658,0.6317428625566693,0.6288164468895435
AOI-0016,2014-07-28,озимая пшеница,0.5853087450264371,0.5821884372113467,0.5740835428629015
AOI-0016,2015-04-06,озимая пшеница,0.26925502448475197,0.28042951497852747,0.27719301169940175
AOI-0016,2015-06-24,озимая пшеница,0.7017035444409541,0.7127962748452972,0.7221361420162598
AOI-0016,2015-07-12,озимая пшеница,0.6580471012011155,0.6552518524017893,0.6482514162603688
AOI-0016,2015-10-07,озимая пшеница,0.3700727257734295,0.38662932273366396,0.4030523603158182
AOI-0016,2016-05-25,озимая пшеница,0.5694488085855831,0.575437396208781,0.5782821492658123
AOI-0016,2016-06-03,озимая пшеница,0.5112405353774273,0.5173029338364146,0.5240671859932517
AOI-0016,2016-06-19,озимая пшеница,0.4367073521454724,0.4393993522717023,0.45009281437517334
AOI-0016,2016-07-04,озимая пшеница,0.5356723367441536,0.545307230441809,0.5524696004933343
AOI-0016,2016-07-05,озимая пшеница,0.586057518193004,0.5965486466077544,0.5972302515959922
AOI-0016,2016-07-27,озимая пшеница,0.7608802467297913,0.7570522513518971,0.7537820368287358
AOI-0016,2017-04-03,озимая пшеница,0.22073519762181976,0.21893819795086622,0.21852550251572758
AOI-0016,2017-04-13,озимая пшеница,0.23482212823276222,0.22926624783969518,0.22961260338149125
AOI-0016,2017-08-09,озимая пшеница,0.5445433990792503,0.5423260053992717,0.5478509531453845
AOI-0016,2017-08-11,озимая пшеница,0.5132245357897599,0.5046055652553181,0.5085222486266736
AOI-0016,2017-08-17,озимая пшеница,0.48616453645670654,0.49164792176308975,0.49849710861621316
AOI-0016,2017-09-15,озимая пшеница,0.43863613795372414,0.43086547181852025,0.43883128927092174
AOI-0016,2018-04-06,озимая пшеница,0.21959637793276604,0.23410311353268495,0.23749635058666674
AOI-0016,2018-04-07,озимая пшеница,0.30044777835572695,0.30633505574173076,0.31152113775069973
AOI-0016,2018-04-11,озимая пшеница,0.18057950297219288,0.18002032270746401,0.18195341133492898
AOI-0016,2018-05-16,озимая пшеница,0.2851839518187337,0.28810952925656086,0.2968122692694376
AOI-0016,2018-06-02,озимая пшеница,0.281362608756394,0.27915369384079464,0.27456146173169366
AOI-0016,2019-04-06,озимая пшеница,0.20767134283867011,0.20898481082788417,0.20817450446748928
AOI-0016,2019-04-21,озимая пшеница,0.23577186566307895,0.23615235136028043,0.23847091045482463
AOI-0016,2019-05-11,озимая пшеница,0.22453653776050686,0.2234837078775685,0.22693737853299953
AOI-0016,2019-06-26,озимая пшеница,0.7369808122007915,0.7237784572306676,0.7145224918057759
AOI-0016,2019-07-06,озимая пшеница,0.7315112356829163,0.7443204682349934,0.7468644134653645
AOI-0016,2019-07-17,озимая пшеница,0.7268112348781972,0.7117369794917321,0.6952825677251978
AOI-0016,2019-07-28,озимая пшеница,0.7360950896299021,0.7265469762529232,0.7093569968591882
AOI-0016,2019-08-24,озимая пшеница,0.33618868623668957,0.33045579512720685,0.3337596333402498
AOI-0016,2019-09-13,озимая пшеница,0.29949966709080267,0.2925014067676099,0.29659512673293736
AOI-0016,2019-09-23,озимая пшеница,0.18614465188761092,0.19045054852236554,0.19328205822722155
AOI-0016,2020-05-04,озимая пшеница,0.24426995670035345,0.24702913189098616,0.25358143179981263
AOI-0016,2020-06-26,озимая пшеница,0.7283648833220269,0.7153924117475701,0.7158532962617792
AOI-0016,2020-07-07,озимая пшеница,0.7656230602143214,0.7701698575879113,0.7683290330242044
AOI-0016,2020-08-08,озимая пшеница,0.48610664333950304,0.47434518696059946,0.47567726504779356
AOI-0016,2020-08-24,озимая пшеница,0.34541422347073747,0.3576038633458097,0.36788582326790614
AOI-0016,2020-08-30,озимая пшеница,0.2557209365040522,0.24664148175444223,0.24793058517323077
AOI-0016,2020-09-17,озимая пшеница,0.17559286656917114,0.17318846034881047,0.17568123932868177
AOI-0016,2020-09-19,озимая пшеница,0.11767888249327836,0.11626921773426227,0.11894895238700175
AOI-0016,2020-10-03,озимая пшеница,0.1686015844738093,0.18308057325068733,0.19185461520790953
AOI-0016,2020-10-17,озимая пшеница,0.15444686143947658,0.14672680433179575,0.15059454342544032
AOI-0016,2021-04-02,озимая пшеница,0.2727945300754844,0.27503861048693146,0.26501018537795695
AOI-0016,2021-04-15,озимая пшеница,0.4984311043011639,0.49341614735435263,0.49445503746495134
AOI-0016,2021-05-12,озимая пшеница,0.8395207200835102,0.8292573537441646,0.8308661334191683
AOI-0016,2021-06-14,озимая пшеница,0.8099304666438953,0.8098556970552366,0.8011681840316164
AOI-0016,2021-07-14,озимая пшеница,0.1918363121977589,0.18700319949977443,0.18419559426711865
AOI-0016,2021-07-24,озимая пшеница,0.14749114341920477,0.14409684998538702,0.13946335115565328
AOI-0016,2021-08-03,озимая пшеница,0.14354145287730863,0.1424540598414526,0.13844351553680972
AOI-0016,2021-08-29,озимая пшеница,0.25127444034687296,0.2582080365547998,0.27121767235247535
AOI-0016,2021-09-17,озимая пшеница,0.18632751589023017,0.18802531521173396,0.18935642310215922
AOI-0016,2021-09-29,озимая пшеница,0.2303959712395362,0.23176017547705413,0.23288437353458633
AOI-0016,2021-10-14,озимая пшеница,0.18968668582197898,0.19146879937613817,0.1942499169356414
AOI-0016,2022-06-04,озимая пшеница,0.2802122883649969,0.2789048433167622,0.27996857705850414
AOI-0016,2022-06-06,озимая пшеница,0.3588633443382433,0.3554630064758077,0.3513449103685405
AOI-0016,2022-07-06,озимая пшеница,0.805192290465077,0.7890314100778416,0.781793681512365
AOI-0016,2022-07-19,озимая пшеница,0.790329871466463,0.7871203828848092,0.7828609990918722
AOI-0016,2022-07-21,озимая пшеница,0.8008160364903787,0.7907174313779699,0.7801738238960856
AOI-0016,2022-07-29,озимая пшеница,0.8088497541117434,0.8027418297409576,0.797021189703011
AOI-0016,2022-08-03,озимая пшеница,0.7489633046317778,0.7362977407615465,0.73162845391635
AOI-0016,2022-08-05,озимая пшеница,0.7408062005578484,0.7351546942111502,0.7315030538141992
AOI-0016,2022-08-08,озимая пшеница,0.6577901527751392,0.650479892085686,0.6545436950864442
AOI-0016,2022-08-13,озимая пшеница,0.502960180023683,0.487996490281015,0.47994494348071143
AOI-0016,2022-08-23,озимая пшеница,0.38033934257534097,0.3792463947160108,0.381783567744423
AOI-0016,2022-09-27,озимая пшеница,0.2033928893854872,0.20729504189481202,0.2082175741115677
AOI-0016,2022-10-19,озимая пшеница,0.18788502089583387,0.19275724719296417,0.19272179115526705
AOI-0016,2023-04-11,озимая пшеница,0.7301610315340008,0.7447184954603097,0.7469167876696282
AOI-0016,2023-05-05,озимая пшеница,0.8340780509559554,0.8239023936842522,0.8262968710094238
AOI-0016,2023-05-25,озимая пшеница,0.7868937261782107,0.7705564146431944,0.760409233789706
AOI-0016,2023-06-07,озимая пшеница,0.777207281788,0.7805103025027084,0.7836293360185301
AOI-0016,2023-06-11,озимая пшеница,0.689084747896157,0.71534380484938,0.7212825030170631
AOI-0016,2023-07-16,озимая пшеница,0.2662389117113394,0.2650016024672705,0.26678348118933615
AOI-0016,2023-07-17,озимая пшеница,0.28536152553330957,0.2941409027134063,0.3008455932237128
AOI-0016,2023-07-24,озимая пшеница,0.35800191895006384,0.3664106186243213,0.3742674990014928
AOI-0016,2023-07-28,озимая пшеница,0.405554647473963,0.40499993135243284,0.40755137663523777
AOI-0016,2023-08-17,озимая пшеница,0.19385572101356657,0.20614034682399873,0.21605700639630382
AOI-0016,2023-08-25,озимая пшеница,0.16278068099492865,0.15999687187943787,0.15686505047921429
AOI-0016,2023-09-07,озимая пшеница,0.1603393136311106,0.15731175124246813,0.15726252341376393
AOI-0016,2023-09-26,озимая пшеница,0.21366593870630052,0.2254817027652473,0.23301556177505106
AOI-0016,2023-10-16,озимая пшеница,0.23843740733331176,0.2437965354421089,0.24854907497258916
AOI-0016,2023-10-19,озимая пшеница,0.17165965350241696,0.17291015089201367,0.17488049969836222
AOI-0016,2024-04-26,озимая пшеница,0.3977782518835686,0.3974541751638525,0.39621054912152803
AOI-0016,2024-05-04,озимая пшеница,0.4686464835071991,0.46520335100529114,0.4672043783789263
AOI-0016,2024-05-06,озимая пшеница,0.47548686624322445,0.4697422620795475,0.469795937857458
AOI-0016,2024-05-09,озимая пшеница,0.47423636547335846,0.46989519657466183,0.46714068712312806
AOI-0016,2024-06-05,озимая пшеница,0.36976239362383956,0.3708709908255038,0.3688580390752624
AOI-0016,2024-06-13,озимая пшеница,0.315227344476763,0.3174281347656596,0.31528557417263253
AOI-0016,2024-06-24,озимая пшеница,0.31243454372822266,0.3211503666333122,0.3306923030319888
AOI-0016,2024-07-10,озимая пшеница,0.24556694193269962,0.24097906899825935,0.23972773217358812
AOI-0016,2024-07-18,озимая пшеница,0.18945844426730465,0.18088189849608674,0.1786852875323768
AOI-0016,2024-09-11,озимая пшеница,0.18143023759271604,0.17743740793442409,0.1794293606456497
AOI-0016,2024-09-16,озимая пшеница,0.1916045764069249,0.18702346747696263,0.18811525483859942
AOI-0016,2024-10-07,озимая пшеница,0.2223614311739463,0.23410780590426566,0.24126281876671754
AOI-0016,2024-10-30,озимая пшеница,0.2438299850969905,0.2505130088993287,0.25347722446919146
AOI-0018,2010-07-12,озимая пшеница,0.7201035770701028,0.7067428585501152,0.697786343056781
AOI-0018,2010-08-29,озимая пшеница,0.5599948160261615,0.5509153255992985,0.5438810581645978
AOI-0018,2010-09-30,озимая пшеница,0.4461715443634316,0.43295261289075243,0.42562958425923214
AOI-0018,2011-04-26,озимая пшеница,0.24730346583420584,0.238480937321548,0.2452498453636866
AOI-0018,2011-05-21,озимая пшеница,0.6593151788439429,0.6544303956941342,0.6544497210251657
AOI-0018,2011-05-25,озимая пшеница,0.7708946439480098,0.749119714828508,0.7404326624437176
AOI-0018,2011-06-22,озимая пшеница,0.7997084462959254,0.7955131593245504,0.7979809202508227
AOI-0018,2011-06-26,озимая пшеница,0.7345952608834028,0.7130735320927305,0.7001889180005626
AOI-0018,2011-07-15,озимая пшеница,0.7007568625568605,0.7076840487097213,0.7094033020197283
AOI-0018,2011-07-28,озимая пшеница,0.6445076768151246,0.6312901629031781,0.6223263032816325
AOI-0018,2011-08-17,озимая пшеница,0.6157346992214674,0.6171643919116951,0.6226281122153049
AOI-0018,2011-10-27,озимая пшеница,0.45806249084456496,0.4683058333702676,0.47662604261412767
AOI-0018,2012-04-06,озимая пшеница,0.4121996557961084,0.4018018070849102,0.3920168220988694
AOI-0018,2012-07-25,озимая пшеница,0.7222593768471045,0.7186101984414109,0.7190624087785342
AOI-0018,2012-07-27,озимая пшеница,0.6308612667259662,0.6108359427495527,0.597191424551802
AOI-0018,2012-09-04,озимая пшеница,0.5398289079783051,0.5461171844538472,0.5562310537352592
AOI-0018,2012-10-06,озимая пшеница,0.6123654076753989,0.617049174818077,0.6222026859680034
AOI-0018,2012-10-15,озимая пшеница,0.568506198179349,0.5495105162908978,0.5433008795144573
AOI-0018,2013-06-11,озимая пшеница,0.6271741592645104,0.6268516977906546,0.6290713362844815
AOI-0018,2013-08-13,озимая пшеница,0.693060544202105,0.6790239957939966,0.6661277590686655
AOI-0018,2013-08-21,озимая пшеница,0.7037810034505553,0.7070699981245873,0.7098710063337882
AOI-0018,2013-09-22,озимая пшеница,0.5556055129918794,0.5563281608772408,0.5683737299930741
AOI-0018,2013-10-16,озимая пшеница,0.5946558036391127,0.5799247911626234,0.5656976316345708
AOI-0018,2014-05-09,озимая пшеница,0.7533918619168049,0.7273189397839054,0.7175619264148017
AOI-0018,2014-06-06,озимая пшеница,0.6674924475707011,0.6660240680281989,0.668961129692017
AOI-0018,2014-06-10,озимая пшеница,0.6298960662592353,0.606052652033731,0.5970106577207746
AOI-0018,2014-09-14,озимая пшеница,0.4774354053603462,0.4662297347186131,0.4560042220847844
AOI-0018,2015-04-07,озимая пшеница,0.4743888971238862,0.46092070998649104,0.4535256878643822
AOI-0018,2015-05-23,озимая пшеница,0.7063666019835184,0.7010509533947035,0.7025969132445289
AOI-0018,2015-05-25,озимая пшеница,0.6632598075075766,0.644595227296957,0.6370473983720825
AOI-0018,2015-08-04,озимая пшеница,0.46677333125161524,0.46988463450844875,0.4809671752675205
AOI-0018,2015-08-11,озимая пшеница,0.46389009003151493,0.47116339986468303,0.4782570285528298
AOI-0018,2015-09-28,озимая пшеница,0.39972118280591856,0.4069654136578278,0.4183102023370103
AOI-0018,2016-05-18,озимая пшеница,0.7795393143865081,0.7767277135477857,0.7787230399990592
AOI-0018,2016-06-03,озимая пшеница,0.7508942589083102,0.7525736834850072,0.758062037090536
AOI-0018,2016-06-18,озимая пшеница,0.7247921039292933,0.7232269938520608,0.7246370195033396
AOI-0018,2016-07-13,озимая пшеница,0.55276239946824,0.5520870646504035,0.5507670007665553
AOI-0018,2016-08-22,озимая пшеница,0.5106445069371711,0.5160108185680574,0.5214269538229072
AOI-0018,2016-10-16,озимая пшеница,0.6532708612538385,0.6750471036527037,0.6916551887192093
AOI-0018,2017-07-12,озимая пшеница,0.6780089249056088,0.6642239500556749,0.6510908197129579
AOI-0018,2017-08-08,озимая пшеница,0.6451723021875885,0.6465811870536164,0.6492760902725314
AOI-0018,2017-08-13,озимая пшеница,0.5670149000820569,0.5573587057014356,0.5505201794013981
AOI-0018,2017-09-02,озимая пшеница,0.5695030543909384,0.5799579399560034,0.5820218441440932
AOI-0018,2017-09-26,озимая пшеница,0.48331011224173004,0.48779833129025,0.4982430563616459
AOI-0018,2017-10-04,озимая пшеница,0.40611433822651843,0.4121497687014181,0.42292736479563164
AOI-0018,2017-10-05,озимая пшеница,0.40173341469984647,0.4047574661357457,0.4116910563814968
AOI-0018,2017-10-08,озимая пшеница,0.39131849981433336,0.387439618315445,0.3899612996605361
AOI-0018,2018-06-15,озимая пшеница,0.6539465110435854,0.6517023863799747,0.6528474406572005
AOI-0018,2018-07-18,озимая пшеница,0.5576499893415979,0.5617343827380896,0.5619192127941067
AOI-0018,2018-07-28,озимая пшеница,0.4796426744561278,0.46398014412185395,0.4619878880268969
AOI-0018,2018-08-13,озимая пшеница,0.38512805891144786,0.3790742546775106,0.3774862312878903
AOI-0018,2018-08-20,озимая пшеница,0.32396723822925777,0.33319656235525813,0.3381632332845254
AOI-0018,2018-09-05,озимая пшеница,0.23910070363258443,0.25142152822325015,0.2544121397790094
AOI-0018,2018-10-07,озимая пшеница,0.22381985573286628,0.2263570923458256,0.2304226021060014
AOI-0018,2019-04-28,озимая пшеница,0.48501424466040816,0.47525421023223585,0.4786559584312498
AOI-0018,2019-05-02,озимая пшеница,0.4444889766119604,0.45483753081011197,0.4611668822208331
AOI-0018,2019-05-06,озимая пшеница,0.3256426567874976,0.3142836050689711,0.3095977327084442
AOI-0018,2019-05-13,озимая пшеница,0.2581536443379945,0.2548750234669124,0.25390421256716755
AOI-0018,2019-05-18,озимая пшеница,0.26056824722999294,0.25532487408551063,0.2521041368303077
AOI-0018,2019-05-21,озимая пшеница,0.2502790138842228,0.23749625445667702,0.23161399752460157
AOI-0018,2019-05-25,озимая пшеница,0.48392843033341243,0.4765568384003598,0.4934630158311071
AOI-0018,2019-06-25,озимая пшеница,0.3165336889184352,0.3137349604700427,0.30729548956537617
AOI-0018,2019-06-26,озимая пшеница,0.46019478912580797,0.4608398663281963,0.46231327157772767
AOI-0018,2019-07-12,озимая пшеница,0.6411618412472455,0.6430906628236536,0.6339582719686919
AOI-0018,2019-08-29,озимая пшеница,0.521729680202759,0.5168324663566426,0.5123799840196316
AOI-0018,2019-09-03,озимая пшеница,0.4557353205515386,0.45938658817267347,0.46236457447893964
AOI-0018,2019-09-10,озимая пшеница,0.36255136819936984,0.3644907485910567,0.36397722898056317
AOI-0018,2019-10-10,озимая пшеница,0.25780860751946244,0.25406122131977527,0.25984900092639224
AOI-0018,2019-10-13,озимая пшеница,0.2472591094431842,0.23917804115580035,0.24186099783745393
AOI-0018,2020-06-11,озимая пшеница,0.6228576091139052,0.6200104686513925,0.615055487611563
AOI-0018,2020-06-25,озимая пшеница,0.39083870756886574,0.39295674360598526,0.3957668619701109
AOI-0018,2020-07-14,озимая пшеница,0.17341348906775522,0.17746731009755373,0.1768885673205967
AOI-0018,2020-08-20,озимая пшеница,0.17244331741917757,0.17526694282579153,0.17774444370837383
AOI-0018,2020-09-02,озимая пшеница,0.17455097110641346,0.1853087541800094,0.18583671670048665
AOI-0018,2020-09-04,озимая пшеница,0.14822869033151825,0.15382945518064772,0.15759748531797724
AOI-0018,2020-09-12,озимая пшеница,0.17273559279171935,0.16283756067808935,0.16408052221929198
AOI-0018,2020-09-26,озимая пшеница,0.17430496463983508,0.1834876084812573,0.18742736664931486
AOI-0018,2020-10-07,озимая пшеница,0.15944700226609793,0.15544940246935485,0.15844977635063928
AOI-0018,2020-10-09,озимая пшеница,0.16356854006963847,0.16014775382920865,0.16250147436830667
AOI-0018,2020-10-27,озимая пшеница,0.15470807537439407,0.15807288556158294,0.164098854605737
AOI-0018,2021-04-02,озимая пшеница,0.2679321722536706,0.26971609025505283,0.26643015605502884
AOI-0018,2021-04-07,озимая пшеница,0.5278062319967533,0.522331380135988,0.5154279359305667
AOI-0018,2021-05-09,озимая пшеница,0.8522604493969108,0.8360396465975118,0.8253938639834445
AOI-0018,2021-05-12,озимая пшеница,0.8315284409156657,0.8161438754590262,0.8135380054626034
AOI-0018,2021-05-20,озимая пшеница,0.8317227881131707,0.8136315251070243,0.8111812876465289
AOI-0018,2021-05-23,озимая пшеница,0.8491364962459216,0.847651088181914,0.8467924903444681
AOI-0018,2021-06-14,озимая пшеница,0.7932686504885449,0.778318278369702,0.773858257983118
AOI-0018,2021-07-19,озимая пшеница,0.20554175779808034,0.20382079457664112,0.2032686906876524
AOI-0018,2021-07-28,озимая пшеница,0.30520535394838594,0.3061006369753707,0.32438837583871166
AOI-0018,2021-08-12,озимая пшеница,-0.04394124610339225,-0.06965148401882734,-0.05852521029666229
AOI-0018,2021-08-23,озимая пшеница,0.23702453491782244,0.24327454919068328,0.24056615283041655
AOI-0018,2021-08-25,озимая пшеница,0.23240410399560923,0.24098241320167518,0.23888575443480187
AOI-0018,2021-08-29,озимая пшеница,0.32935807571589726,0.3410318984465975,0.348014855261844
AOI-0018,2021-09-13,озимая пшеница,0.24389877643411423,0.2597654236484758,0.2653647865356431
AOI-0018,2021-10-27,озимая пшеница,0.23864877625964379,0.23914932277239487,0.2407502109785779
AOI-0018,2022-04-05,озимая пшеница,0.18953541879798189,0.20169888502343933,0.20405825232270636
AOI-0018,2022-04-08,озимая пшеница,0.24821679313224107,0.26775067733904545,0.2806914788205096
AOI-0018,2022-05-20,озимая пшеница,0.26271405222366895,0.23924476480621618,0.23057075091830576
AOI-0018,2022-06-04,озимая пшеница,0.3917830193866353,0.39406002529334466,0.3891369757805657
AOI-0018,2022-06-08,озимая пшеница,0.5605714604872805,0.5656093020170756,0.5677743556825142
AOI-0018,2022-06-19,озимая пшеница,0.7045980387945587,0.7088464691372807,0.7050290127040771
AOI-0018,2022-06-24,озимая пшеница,0.7336051677502967,0.735767801155048,0.7233870444907813
AOI-0018,2022-07-22,озимая пшеница,0.7898841257883824,0.7964309431235728,0.7894900905226143
AOI-0018,2022-07-30,озимая пшеница,0.786189272953701,0.7869045348092824,0.782895973571208
AOI-0018,2022-08-10,озимая пшеница,0.6681239218330417,0.6637814967895835,0.6655893401354427
AOI-0018,2022-08-28,озимая пшеница,0.34133690607620737,0.34283119686644187,0.3413705190896102
AOI-0018,2022-08-31,озимая пшеница,0.3299931279104948,0.35083333694962093,0.3584208113812874
AOI-0018,2022-10-19,озимая пшеница,0.182005107345601,0.1890596627734661,0.19401734438677665
AOI-0018,2023-04-04,озимая пшеница,0.6521288287811908,0.657800481430435,0.6583070262973657
AOI-0018,2023-04-10,озимая пшеница,0.6593255559184242,0.6731725639578136,0.6731958719532947
AOI-0018,2023-05-09,озимая пшеница,0.8579605446636227,0.8345964068759044,0.8241895037980969
AOI-0018,2023-05-15,озимая пшеница,0.8790513160014928,0.8573591784060499,0.8516410873853837
AOI-0018,2023-05-25,озимая пшеница,0.7982946428352433,0.7704913555487916,0.7563771317565195
AOI-0018,2023-06-24,озимая пшеница,0.3917042056130816,0.38972495663936413,0.3865813844373562
AOI-0018,2023-07-06,озимая пшеница,0.32354898925864445,0.3203479533268335,0.3113056564532773
AOI-0018,2023-07-16,озимая пшеница,0.27665292406828385,0.2908189117548306,0.29390568093956426
AOI-0018,2023-07-24,озимая пшеница,0.3032384250207622,0.31175447299371684,0.3214050806369742
AOI-0018,2023-08-02,озимая пшеница,0.26433375792969305,0.27491862080542423,0.29368645162635487
AOI-0018,2023-08-30,озимая пшеница,0.20983516460759438,0.21220261725704492,0.20785585561212924
AOI-0018,2023-09-12,озимая пшеница,0.16710874280138266,0.16610782285667366,0.17042698338161658
AOI-0018,2023-09-18,озимая пшеница,0.22695122086766623,0.23869371681511134,0.24619647985772655
AOI-0018,2023-10-12,озимая пшеница,0.18440992393826866,0.19103058817046425,0.19393313144467333
AOI-0018,2023-10-19,озимая пшеница,0.16907062877522916,0.17004168982011092,0.17472860970594567
AOI-0018,2024-04-05,озимая пшеница,0.2686339430845034,0.2925313026716989,0.31341802552837195
AOI-0018,2024-04-29,озимая пшеница,0.2786023404790605,0.29371081133447285,0.3087229905923371
AOI-0018,2024-05-07,озимая пшеница,0.32341352536863377,0.31596951532111966,0.3117278134827314
AOI-0018,2024-06-17,озимая пшеница,0.7809583282006068,0.7773864360964318,0.7670544114609785
AOI-0018,2024-06-25,озимая пшеница,0.6763439839959936,0.6693730333158187,0.6533485168207852
AOI-0018,2024-06-28,озимая пшеница,0.7515657335775625,0.749621837576034,0.7438720336650514
AOI-0018,2024-07-05,озимая пшеница,0.6475572627830206,0.6412037683973816,0.633244460750229
AOI-0018,2024-08-03,озимая пшеница,0.5473044261777092,0.5570903351850238,0.5628737631940922
AOI-0018,2024-08-20,озимая пшеница,0.31093800591739273,0.32412513806534154,0.3310425569035919
AOI-0018,2024-09-20,озимая пшеница,0.2316627347814296,0.2391246339407484,0.24351307824264104
AOI-0018,2024-09-23,озимая пшеница,0.17104189796749567,0.17510074432913733,0.18416889202486894
AOI-0018,2024-10-01,озимая пшеница,0.16301461239218817,0.16091775710868345,0.16588534780452327
AOI-0018,2024-10-30,озимая пшеница,0.2194818150005108,0.23550083754631307,0.2402682900543473
AOI-0024,2010-04-23,подсолнечник,0.2758875425481047,0.27561893524334447,0.27480185499717136
AOI-0024,2010-06-19,подсолнечник,0.2936323016275654,0.28498889800641003,0.2771196477360696
AOI-0024,2010-07-28,подсолнечник,0.7450079675834627,0.7409229032953486,0.7353097420911012
AOI-0024,2010-10-16,подсолнечник,0.30318146335062346,0.29984679940848125,0.29803031338993224
AOI-0024,2011-06-14,подсолнечник,0.31457834015448,0.31283194820086463,0.3223578092896543
AOI-0024,2011-06-26,подсолнечник,0.4616033471376097,0.4717515665152717,0.47531701925188613
AOI-0024,2011-07-16,подсолнечник,0.4783612696574343,0.4853145308939025,0.49327867903548256
AOI-0024,2011-09-14,подсолнечник,0.4828712739594138,0.4747789109691114,0.46826190653615324
AOI-0024,2011-10-16,подсолнечник,0.3941443211284749,0.3968531555304752,0.3958575264030763
AOI-0024,2012-04-04,подсолнечник,0.159807714673352,0.15528162753485097,0.15605999587309138
AOI-0024,2012-04-06,подсолнечник,0.33505986223397743,0.33196442760041134,0.3318949552624122
AOI-0024,2012-06-23,подсолнечник,0.47056953869239193,0.47137956508719253,0.4705773807067217
AOI-0024,2012-07-18,подсолнечник,0.29493701328114047,0.30008239485812865,0.312481620799304
AOI-0024,2012-08-28,подсолнечник,0.2917188094553994,0.29091523298009175,0.2950470114682953
AOI-0024,2012-09-04,подсолнечник,0.22728402591324431,0.22797335990490322,0.2325912537158725
AOI-0024,2012-09-13,подсолнечник,0.30663121020285417,0.30001226367991,0.301599035583738
AOI-0024,2012-09-27,подсолнечник,0.23604298199039347,0.2336946391787512,0.23463359429856764
AOI-0024,2013-04-16,подсолнечник,0.21588672162052425,0.21101135908795543,0.21269113383493388
AOI-0024,2013-06-11,подсолнечник,0.418670709202173,0.4132256049073306,0.41256856339057846
AOI-0024,2013-07-20,подсолнечник,0.5864123476290647,0.5962333706541871,0.60361721549511
AOI-0024,2013-07-29,подсолнечник,0.5129243379899734,0.5233871489431939,0.5278911218242957
AOI-0024,2013-08-22,подсолнечник,0.3863761748286371,0.3902140978519319,0.3946161194402741
AOI-0024,2013-09-14,подсолнечник,0.4350746348418178,0.4323358677788327,0.43681295268885445
AOI-0024,2014-05-09,подсолнечник,0.7509938229675255,0.7682933831347455,0.7719186761172635
AOI-0024,2014-07-12,подсолнечник,0.34421166005085685,0.3491784260026904,0.35289503619824497
AOI-0024,2014-08-09,подсолнечник,0.17425824309087576,0.18240420662099638,0.18441075580998353
AOI-0024,2014-08-16,подсолнечник,0.18108589818216986,0.1889541148674327,0.1909587969054788
AOI-0024,2014-09-30,подсолнечник,0.2365638093493115,0.23327965367482473,0.23583145193394475
AOI-0024,2014-10-04,подсолнечник,0.19948783153957064,0.20309274918458323,0.20807828078187843
AOI-0024,2015-04-14,подсолнечник,0.2756093906947238,0.272448029490683,0.2688731380615254
AOI-0024,2015-07-11,подсолнечник,0.32708817492373365,0.3361034741838821,0.3464500652137517
AOI-0024,2015-07-12,подсолнечник,0.3947275861929455,0.40158700051401675,0.4032729685790634
AOI-0024,2015-07-28,подсолнечник,0.4014741292780176,0.405889302283093,0.4037244496086641
AOI-0024,2015-09-29,подсолнечник,0.2507562333196343,0.24809334846902437,0.24958155758958442
AOI-0024,2016-04-08,подсолнечник,0.2963795822263028,0.2904879509805937,0.2939999327970131
AOI-0024,2016-04-23,подсолнечник,0.3314606920043375,0.33091157993410947,0.3285353942096423
AOI-0024,2016-06-19,подсолнечник,0.67629380931882,0.6718844053214102,0.6720875128818093
AOI-0024,2016-08-12,подсолнечник,0.7160804228236326,0.7098461990249788,0.7030000844671846
AOI-0024,2016-08-22,подсолнечник,0.6220504890301213,0.6251338008158642,0.6267578591388376
AOI-0024,2016-08-30,подсолнечник,0.5530927616704957,0.5472124248127246,0.5517745606905405
AOI-0024,2016-09-14,подсолнечник,0.3992675912913114,0.39829032231949724,0.4073710505292002
AOI-0024,2016-10-16,подсолнечник,0.4268405311005779,0.4220224946764651,0.4377511299540871
AOI-0024,2017-04-26,подсолнечник,0.5726805092069116,0.5666222331655818,0.5687760124448681
AOI-0024,2017-05-01,подсолнечник,0.6189874797521829,0.6147526014182976,0.6165920788247732
AOI-0024,2017-05-12,подсолнечник,0.7882236002455603,0.7909320205879043,0.7863330346174581
AOI-0024,2017-05-29,подсолнечник,0.8365753561161116,0.8356662054595597,0.8312579527072788
AOI-0024,2017-06-13,подсолнечник,0.7717060501000689,0.7692418662677337,0.7741633037370802
AOI-0024,2017-06-14,подсолнечник,0.7574246012800383,0.7547575196003556,0.7582071803680558
AOI-0024,2017-06-29,подсолнечник,0.3997632288054464,0.40406949811159065,0.40864376212201675
AOI-0024,2017-07-07,подсолнечник,0.32873389895310384,0.3382506870819944,0.3461793685023829
AOI-0024,2017-07-15,подсолнечник,0.279253254958328,0.2874189790870919,0.2982743362978422
AOI-0024,2017-08-01,подсолнечник,0.18605475333448457,0.18834017843375084,0.18718867804165698
AOI-0024,2017-08-04,подсолнечник,0.18239240676440036,0.18923502467492861,0.18708889142700447
AOI-0024,2017-08-08,подсолнечник,0.1946687735488167,0.21094807278386093,0.21586844850625264
AOI-0024,2017-08-16,подсолнечник,0.19669266885480333,0.2079752085984173,0.21605408307453366
AOI-0024,2017-08-24,подсолнечник,0.18527945937105028,0.19415016908271623,0.19684921297919045
AOI-0024,2017-09-02,подсолнечник,0.1914541899782374,0.19203962985627368,0.196346355690674
AOI-0024,2017-09-05,подсолнечник,0.14985620073889344,0.1496702494290937,0.15068723388409133
AOI-0024,2017-09-18,подсолнечник,0.16863217848078116,0.16558244246631007,0.16736992392849437
AOI-0024,2017-09-30,подсолнечник,0.22008867069025678,0.21459999139167035,0.21591911399898153
AOI-0024,2018-04-14,подсолнечник,0.23470962086859343,0.2332096517138769,0.23327975633365355
AOI-0024,2018-06-24,подсолнечник,0.3994871476940605,0.3994954837298897,0.402121023144767
AOI-0024,2018-06-25,подсолнечник,0.38439760071971907,0.38333352065949766,0.3864034792237513
AOI-0024,2018-08-19,подсолнечник,0.20701261288981967,0.21499040416696,0.22027588166068818
AOI-0024,2018-09-04,подсолнечник,0.18412776235133427,0.1864597781128546,0.18889012325019472
AOI-0024,2018-09-29,подсолнечник,0.20267807508846314,0.20467619161508394,0.2088733173499021
AOI-0024,2019-04-01,подсолнечник,0.29803234996681827,0.2931235122746378,0.2924921561335807
AOI-0024,2019-04-21,подсолнечник,0.458435787662194,0.4542833248858631,0.45438339680886386
AOI-0024,2019-05-11,подсолнечник,0.8193601521444096,0.8172745130303554,0.8238270054015289
AOI-0024,2019-05-28,подсолнечник,0.8814805449817875,0.8734265703674919,0.8677881745677907
AOI-0024,2019-08-23,подсолнечник,0.2048420583421379,0.2085527455185674,0.2107046793430089
AOI-0024,2019-08-24,подсолнечник,0.19675182065850116,0.20045060167996667,0.2007821076420574
AOI-0024,2019-09-14,подсолнечник,0.2911349761675115,0.28378509452543715,0.28610062361020716
AOI-0024,2019-09-15,подсолнечник,0.18243046447411546,0.18249680148299705,0.18475236333450476
AOI-0024,2019-09-16,подсолнечник,0.2401626056982767,0.24173244576022376,0.24542805256115638
AOI-0024,2019-10-09,подсолнечник,0.3456912908465991,0.3511486909971562,0.3578823787133819
AOI-0024,2019-10-26,подсолнечник,0.34846461862253186,0.3548879235628499,0.3685052121785122
AOI-0024,2020-04-30,подсолнечник,0.19690758971657338,0.19132327978593233,0.18971027790422426
AOI-0024,2020-05-27,подсолнечник,0.2508384265180063,0.2400052310397416,0.23173875711531625
AOI-0024,2020-07-07,подсолнечник,0.7086048208856043,0.7081191841528568,0.7058493253161771
AOI-0024,2020-08-09,подсолнечник,0.3788596955150435,0.38736658962684484,0.3921779100072749
AOI-0024,2020-08-12,подсолнечник,0.3676996455774575,0.36764211353745413,0.36480458313917385
AOI-0024,2020-09-22,подсолнечник,0.13699295610217355,0.13918156084720815,0.1432483451941802
AOI-0024,2020-10-15,подсолнечник,0.2316512281951347,0.2307873754180228,0.23627907890451633
AOI-0024,2021-06-10,подсолнечник,0.8171893446672704,0.8093368403863406,0.7894065079206962
AOI-0024,2021-07-12,подсолнечник,0.304177875334223,0.304041208400234,0.31067956319326145
AOI-0024,2021-08-03,подсолнечник,0.1865464199908795,0.18931809443069314,0.18818676914431784
AOI-0024,2021-08-12,подсолнечник,0.17509525481694907,0.1839983605126646,0.18559989107821573
AOI-0024,2021-08-23,подсолнечник,0.20781279155082463,0.21186193041248436,0.20784605247969104
AOI-0024,2021-08-25,подсолнечник,0.1988595236577589,0.20309714486992278,0.19797152526527212
AOI-0024,2022-04-05,подсолнечник,0.5176662495356139,0.5104771733358772,0.5098044560844404
AOI-0024,2022-05-25,подсолнечник,0.8648707282351401,0.8630652302495242,0.8581049108496482
AOI-0024,2022-06-04,подсолнечник,0.888222299422725,0.8805277448239782,0.8734534082840311
AOI-0024,2022-06-30,подсолнечник,0.33796561537655256,0.34141691264434415,0.34792129911866837
AOI-0024,2022-07-01,подсолнечник,0.2931598174668012,0.2920426273285373,0.2898221066364343
AOI-0024,2022-07-17,подсолнечник,0.26989647780297144,0.2729833016405791,0.2812528006290033
AOI-0024,2022-08-22,подсолнечник,0.2802087649553009,0.28726687361653463,0.2948260435584596
AOI-0024,2022-09-01,подсолнечник,0.31731476869362313,0.3181757911553189,0.32000431449249384
AOI-0024,2022-09-30,подсолнечник,0.4115531556559319,0.4045934790726157,0.4011763980162913
AOI-0024,2022-10-01,подсолнечник,0.36001204459190994,0.36182369240433343,0.3643414959246226
AOI-0024,2023-04-23,подсолнечник,0.44786680935454265,0.4645824713994854,0.4792320338534334
AOI-0024,2023-04-27,подсолнечник,0.21455535637594253,0.21052294057504886,0.20706239089325515
AOI-0024,2023-05-12,подсолнечник,0.3298851720429349,0.32029821980739587,0.3128723686397827
AOI-0024,2023-05-17,подсолнечник,0.2532088732142296,0.2468914885483056,0.24243420807099528
AOI-0024,2023-06-19,подсолнечник,0.6075644566179452,0.5957984402083664,0.5943795601873639
AOI-0024,2023-07-05,подсолнечник,0.8127790345622466,0.810436909862518,0.8031504890101796
AOI-0024,2023-07-21,подсолнечник,0.8151933325674691,0.8140021095962605,0.8107668879468872
AOI-0024,2023-08-01,подсолнечник,0.8211411281579684,0.8192455730199708,0.8063173132106303
AOI-0024,2023-08-06,подсолнечник,0.803972427418097,0.8045324139129345,0.7936934643656766
AOI-0024,2023-08-13,подсолнечник,0.6477644522592444,0.6369134717440621,0.6313472964188819
AOI-0024,2023-08-18,подсолнечник,0.5823593210964985,0.5849044057529027,0.5867712504429404
AOI-0024,2023-09-22,подсолнечник,0.2510645697825089,0.24883729993232118,0.25048428447144633
AOI-0024,2023-09-29,подсолнечник,0.22095378860256631,0.21788625948384716,0.21753264884871196
AOI-0024,2023-10-11,подсолнечник,0.21898478066696647,0.22178181350575712,0.22570722271378288
AOI-0024,2023-10-12,подсолнечник,0.17733321148874687,0.17514077272007833,0.18056282597272505
AOI-0024,2024-04-05,подсолнечник,0.6782740526829274,0.6702862262964452,0.6704703236719108
AOI-0024,2024-04-11,подсолнечник,0.7541609436700736,0.7432878159753528,0.7419928014845169
AOI-0024,2024-05-23,подсолнечник,0.869264669615041,0.8653492283829042,0.8635895309446185
AOI-0024,2024-06-24,подсолнечник,0.28289878072869534,0.2821388904280079,0.2929573758931039
AOI-0024,2024-06-28,подсолнечник,0.1981273299194581,0.19337369964972678,0.19088220333633496
AOI-0024,2024-07-11,подсолнечник,0.23291132324577174,0.2346961430946835,0.23891956883742096
AOI-0024,2024-07-15,подсолнечник,0.15289363906367742,0.15798826548921974,0.15656647745323718
AOI-0024,2024-07-27,подсолнечник,0.21678612240660072,0.21380274148808148,0.21063111445233845
AOI-0024,2024-07-30,подсолнечник,0.12910158429328705,0.13361166507749847,0.13092543961542394
AOI-0024,2024-08-09,подсолнечник,0.1309825483381749,0.1356587030620376,0.13344459993242686
AOI-0024,2024-09-21,подсолнечник,0.1421367753035689,0.1383930170166426,0.1411770074526218
AOI-0024,2024-10-03,подсолнечник,0.126122643191768,0.1273301534720323,0.12699065695854647
AOI-0024,2024-10-08,подсолнечник,0.13928145678384823,0.13858691936702364,0.1380929270753356
AOI-0025,2010-06-02,озимая пшеница,0.5376727023180672,0.5416343284572389,0.5706138459890991
AOI-0025,2011-04-02,озимая пшеница,0.15711326819723212,0.16755834892431387,0.1741364614843895
AOI-0025,2011-04-07,озимая пшеница,0.26185044860409995,0.275903391070108,0.29339804352321924
AOI-0025,2011-06-26,озимая пшеница,0.42086914921880664,0.43002461556548083,0.44037470598166617
AOI-0025,2011-08-08,озимая пшеница,0.2390910215138229,0.22664933573246093,0.22972938637752582
AOI-0025,2012-04-04,озимая пшеница,0.5095828521297666,0.5057869298657122,0.5286779168709596
AOI-0025,2012-05-24,озимая пшеница,0.691089015090377,0.6945597949544942,0.704177120894172
AOI-0025,2012-08-26,озимая пшеница,0.2107967167037342,0.19780997351574162,0.19906202871723697
AOI-0025,2013-04-07,озимая пшеница,0.41981353094627655,0.44725587119508253,0.45561107308986026
AOI-0025,2013-04-23,озимая пшеница,0.5631667087381778,0.5842032875595151,0.5978554195240884
AOI-0025,2013-08-13,озимая пшеница,0.2771984040063857,0.2667755645208389,0.2749544197905345
AOI-0025,2013-10-16,озимая пшеница,0.5444996708465224,0.5446708034854524,0.5487173579042791
AOI-0025,2014-04-18,озимая пшеница,0.8316026911596234,0.8419030155005547,0.8535371121291557
AOI-0025,2014-05-09,озимая пшеница,0.8840333941869657,0.8903084738511193,0.8852693127657716
AOI-0025,2014-07-28,озимая пшеница,0.3107333650416253,0.30311384714204875,0.3087310398286585
AOI-0025,2014-08-24,озимая пшеница,0.2139470464414756,0.20899904389771787,0.21249635731485278
AOI-0025,2015-04-13,озимая пшеница,0.24771728116574473,0.24698676534525965,0.25033886187734966
AOI-0025,2015-05-25,озимая пшеница,0.47598900964372304,0.5023933617812626,0.5196237145148445
AOI-0025,2015-08-13,озимая пшеница,0.2834838795171779,0.270946960793063,0.2787621742797035
AOI-0025,2015-09-14,озимая пшеница,0.24589104519799818,0.24100305655137316,0.24770532006055535
AOI-0025,2016-04-06,озимая пшеница,0.6857480505621649,0.6941436998973414,0.706455585243928
AOI-0025,2016-05-09,озимая пшеница,0.823529534217195,0.8364646886413069,0.8460378443317937
AOI-0025,2016-05-25,озимая пшеница,0.8077568092431668,0.8030977897225356,0.8188615567136338
AOI-0025,2016-06-10,озимая пшеница,0.45184844962295845,0.46230547746976736,0.4752384694470888
AOI-0025,2016-06-18,озимая пшеница,0.3848346134800112,0.3883899024011105,0.3880987761262064
AOI-0025,2016-07-11,озимая пшеница,0.3204954561444379,0.3237862825524511,0.3281011911256052
AOI-0025,2016-07-27,озимая пшеница,0.2737637972136782,0.2608369855266639,0.26585209826042444
AOI-0025,2016-08-12,озимая пшеница,0.27588125027207705,0.26429596687133067,0.27156986665292226
AOI-0025,2016-09-13,озимая пшеница,0.25837102131654277,0.2522449904997504,0.25908506990238656
AOI-0025,2016-10-15,озимая пшеница,0.31441668361740116,0.3097174789078505,0.3103628854428653
AOI-0025,2016-10-24,озимая пшеница,0.19764777652123255,0.19879459814811862,0.20817138915795197
AOI-0025,2017-04-02,озимая пшеница,0.17686438360222018,0.19525928197889178,0.1992175615707585
AOI-0025,2017-04-23,озимая пшеница,0.38880315263368237,0.4025031706993728,0.42268145652082256
AOI-0025,2017-05-25,озимая пшеница,0.5809830329407276,0.6029056113505534,0.6281840292486158
AOI-0025,2017-07-28,озимая пшеница,0.5282436805173447,0.5306941355858988,0.5323874086953319
AOI-0025,2017-07-31,озимая пшеница,0.594429642720257,0.6098990976583654,0.6308878428102732
AOI-0025,2017-08-09,озимая пшеница,0.2975441876580628,0.2995228495720412,0.3095021559502321
AOI-0025,2017-08-29,озимая пшеница,0.23370172005616435,0.2222296181106277,0.2230510817896055
AOI-0025,2018-07-26,озимая пшеница,0.27305248859453,0.2757647619766546,0.27987616744554916
AOI-0025,2018-09-12,озимая пшеница,0.2045332913810049,0.19599210884087584,0.20029208225677092
AOI-0025,2019-04-07,озимая пшеница,0.3082128562400885,0.32895686007054886,0.3489679902343223
AOI-0025,2019-05-02,озимая пшеница,0.24056628377336747,0.2515601286054029,0.27073451742535926
AOI-0025,2019-06-27,озимая пшеница,0.17180396768606881,0.1761816051625034,0.1805568247820479
AOI-0025,2019-08-06,озимая пшеница,0.19268034037728082,0.18551764044833996,0.18869707199299698
AOI-0025,2019-08-19,озимая пшеница,0.15316009678529602,0.14373351283855035,0.1447728294805824
AOI-0025,2019-08-22,озимая пшеница,0.19325267526503237,0.19096940722600092,0.20238705582700406
AOI-0025,2019-08-29,озимая пшеница,0.19497941686997056,0.17744340548739176,0.17963715099964767
AOI-0025,2019-09-14,озимая пшеница,0.23363289482409638,0.22849476447177294,0.23989659549808418
AOI-0025,2019-09-23,озимая пшеница,0.13827325464522552,0.13192955733320014,0.13825143290623337
AOI-0025,2019-10-23,озимая пшеница,0.6053548340206671,0.6022046726691073,0.6166629700757196
AOI-0025,2020-05-30,озимая пшеница,0.8623700668349338,0.8609376387085718,0.8652762170932561
AOI-0025,2020-08-13,озимая пшеница,0.15992879017937084,0.1552750634427694,0.15745750085836774
AOI-0025,2020-09-22,озимая пшеница,0.13758770408221013,0.12916088375319076,0.1343533390490331
AOI-0025,2020-10-12,озимая пшеница,0.13269207416256035,0.13210839160803228,0.1342320906482803
AOI-0025,2021-05-31,озимая пшеница,0.8619750776319048,0.8613277248135505,0.8748697215412978
AOI-0025,2021-06-24,озимая пшеница,0.7140060801168866,0.7110843350430137,0.722810322918597
AOI-0025,2021-07-14,озимая пшеница,0.17910699641872105,0.17134779897321917,0.1725312259712506
AOI-0025,2021-07-28,озимая пшеница,0.25445185506313944,0.25037456486936266,0.26210255325303705
AOI-0025,2021-09-14,озимая пшеница,0.24019129757332908,0.2349624092231242,0.23562719455666298
AOI-0025,2021-10-16,озимая пшеница,0.2876782012252642,0.28654710072725015,0.2924237531269928
AOI-0025,2022-06-09,озимая пшеница,0.8449774656589222,0.858447285455403,0.8646882734659492
AOI-0025,2022-06-11,озимая пшеница,0.8349677348470248,0.8359328705587618,0.8426184083064471
AOI-0025,2022-06-13,озимая пшеница,0.7993805757635548,0.8118566382517924,0.8188728660093916
AOI-0025,2022-06-29,озимая пшеница,0.31126071074264167,0.3160999198407799,0.316449473949081
AOI-0025,2022-07-21,озимая пшеница,0.15671802835439796,0.144580988880025,0.15167791110885614
AOI-0025,2022-08-13,озимая пшеница,0.1865070343685345,0.17004792125311077,0.1753955541184181
AOI-0025,2022-08-14,озимая пшеница,0.18217675295377925,0.18983256965745376,0.2016723369948547
AOI-0025,2022-08-29,озимая пшеница,0.21691578962848182,0.20964512114728207,0.2182023702383374
AOI-0025,2022-09-30,озимая пшеница,0.2541172002599613,0.2510732900633391,0.25681142906067483
AOI-0025,2023-05-09,озимая пшеница,0.47547502663298696,0.4969840635823371,0.517345841235131
AOI-0025,2023-05-15,озимая пшеница,0.21223197266543706,0.21502875856786563,0.22203724792492266
AOI-0025,2023-06-26,озимая пшеница,0.7487260008764902,0.7350420410303862,0.7241994837370974
AOI-0025,2023-07-16,озимая пшеница,0.7477713148710745,0.7458486460249035,0.7535333435617539
AOI-0025,2023-08-01,озимая пшеница,0.7700528366888982,0.7670307753221408,0.771001175643928
AOI-0025,2023-08-13,озимая пшеница,0.7012433450382589,0.6840092792217543,0.680935104970513
AOI-0025,2023-09-30,озимая пшеница,0.26100957289439686,0.2603845522338206,0.26855532587383
AOI-0025,2024-05-07,озимая пшеница,0.7912019967018378,0.7966946695531031,0.8051145644067108
AOI-0025,2024-05-23,озимая пшеница,0.7518187594596866,0.7576888061627818,0.7656406514335002
AOI-0025,2024-07-18,озимая пшеница,0.15899585313466374,0.1375635970157234,0.1407068863388393
AOI-0025,2024-07-28,озимая пшеница,0.13791133283082627,0.1327192106017027,0.13758883416175882
AOI-0025,2024-08-12,озимая пшеница,0.18163786603137683,0.16322893079901316,0.1664988854400067
AOI-0025,2024-08-17,озимая пшеница,0.1409873324925504,0.1361197040034898,0.13830420984497502
AOI-0025,2024-09-16,озимая пшеница,0.13530057106597174,0.13543796391260723,0.13999955272505146
AOI-0025,2024-09-26,озимая пшеница,0.14149957282778222,0.13916683335451763,0.14368421073136797
AOI-0025,2024-10-11,озимая пшеница,0.13167211714290214,0.13434838576713434,0.13871392739927044
AOI-0025,2024-10-30,озимая пшеница,0.17325886909651222,0.19259011997587516,0.20337474194431995
AOI-0029,2010-08-13,озимая пшеница,0.2150908217853197,0.20459307634373922,0.20385582115845038
AOI-0029,2010-08-29,озимая пшеница,0.2045720725894668,0.19529153429702184,0.19430289312661142
AOI-0029,2011-04-26,озимая пшеница,0.422531792623832,0.40243722056879866,0.39836178202689565
AOI-0029,2012-05-24,озимая пшеница,0.5956327392449097,0.6017953176768465,0.6053006835132225
AOI-0029,2012-06-09,озимая пшеница,0.6359623632199412,0.6313436825355364,0.6397852004381381
AOI-0029,2012-07-27,озимая пшеница,0.39801980111135066,0.3856253916042614,0.3822644808464763
AOI-0029,2012-09-27,озимая пшеница,0.19569026013070415,0.1896975018689483,0.18568413734139208
AOI-0029,2013-04-15,озимая пшеница,0.7625688367484368,0.7616326706639008,0.7625489651429614
AOI-0029,2013-05-09,озимая пшеница,0.8238756185821773,0.8149294875623446,0.8105906611919327
AOI-0029,2014-05-20,озимая пшеница,0.33918128002643744,0.33977420341571835,0.33501748456105956
AOI-0029,2014-06-10,озимая пшеница,0.3347587230339383,0.335338611592926,0.3389998110299621
AOI-0029,2014-07-28,озимая пшеница,0.24216483734456973,0.2298174554482701,0.2281861162427821
AOI-0029,2014-08-13,озимая пшеница,0.23087273901229746,0.2185416999633165,0.21699646035884462
AOI-0029,2015-04-23,озимая пшеница,0.8255102032157737,0.8187734675366465,0.8092828183062134
AOI-0029,2016-04-07,озимая пшеница,0.2292578915621714,0.23053159860132721,0.22514459205912488
AOI-0029,2016-06-18,озимая пшеница,0.8187344037427822,0.8137912309278086,0.8151798923885972
AOI-0029,2016-07-04,озимая пшеница,0.8018270003769633,0.7982329905649309,0.7995228175319713
AOI-0029,2016-08-13,озимая пшеница,0.3932267153061497,0.3862047123411151,0.3861279956185771
AOI-0029,2016-09-29,озимая пшеница,0.36487017678249245,0.36006596466015073,0.3570238342830568
AOI-0029,2017-04-01,озимая пшеница,0.4771022518976699,0.4721550800211373,0.46652809362758485
AOI-0029,2017-04-07,озимая пшеница,0.6426598811376019,0.6463921407047462,0.6481178501260598
AOI-0029,2017-05-01,озимая пшеница,0.7173638670333644,0.7102367942017488,0.7054208514982259
AOI-0029,2017-06-10,озимая пшеница,0.540501400873175,0.5320117768602567,0.5305924192665488
AOI-0029,2017-06-26,озимая пшеница,0.3747846406292078,0.3694676752150475,0.3709098411414948
AOI-0029,2017-08-04,озимая пшеница,0.16862411183251752,0.16159070527886604,0.1584824551643324
AOI-0029,2017-08-09,озимая пшеница,0.15815963569101146,0.1618137877394215,0.16050661693456766
AOI-0029,2017-08-13,озимая пшеница,0.23350223334731987,0.22918381900437404,0.23121937919136645
AOI-0029,2017-09-01,озимая пшеница,0.19226504439046527,0.19703483936165422,0.20030964502487544
AOI-0029,2017-09-30,озимая пшеница,0.2225081603439701,0.22224432369034736,0.224148764770815
AOI-0029,2018-04-23,озимая пшеница,0.4074508020606668,0.41728127753488586,0.42019525550716225
AOI-0029,2018-06-16,озимая пшеница,0.19919380740995143,0.19624551805885532,0.20127233868774394
AOI-0029,2018-09-12,озимая пшеница,0.18255134320792282,0.17772352671748565,0.1750665067189489
AOI-0029,2018-09-18,озимая пшеница,0.15701637959091172,0.1561997520487762,0.15637552548343428
AOI-0029,2018-09-30,озимая пшеница,0.25847027247611026,0.2519030166004996,0.24909282031398877
AOI-0029,2019-04-11,озимая пшеница,0.5231659058232934,0.5203651864039958,0.5179844978288451
AOI-0029,2019-04-23,озимая пшеница,0.7460795352608954,0.7527866000196238,0.7265389744695936
AOI-0029,2019-06-05,озимая пшеница,0.8276683481704767,0.8203430193109184,0.8097596516765191
AOI-0029,2019-06-15,озимая пшеница,0.665199602547862,0.6533157211745358,0.6534970540874478
AOI-0029,2019-06-25,озимая пшеница,0.2633224526991847,0.24608466807461796,0.2410281540194317
AOI-0029,2019-07-25,озимая пшеница,0.13327258820150148,0.12825343963620703,0.12734678018984408
AOI-0029,2019-07-28,озимая пшеница,0.25130100520368603,0.23436668274011146,0.23529056637204332
AOI-0029,2019-09-13,озимая пшеница,0.13718409038027835,0.13627212940190306,0.1356986270357349
AOI-0029,2019-09-23,озимая пшеница,0.11461528468542566,0.11318279162287272,0.11455369216821426
AOI-0029,2020-04-02,озимая пшеница,0.1716393778686615,0.18197279578314027,0.1843470837673027
AOI-0029,2020-04-06,озимая пшеница,0.3212777640763326,0.3371847636473037,0.3443425095758949
AOI-0029,2020-05-20,озимая пшеница,0.6061050145587608,0.5913339319502054,0.5862574972581226
AOI-0029,2020-07-14,озимая пшеница,0.15156952595859144,0.1427205436865243,0.13896880051923666
AOI-0029,2020-07-23,озимая пшеница,0.20274120309599067,0.2063769855344378,0.20936271080535998
AOI-0029,2020-08-03,озимая пшеница,0.1553090793835935,0.14762723573382858,0.14567787363625578
AOI-0029,2020-09-02,озимая пшеница,0.15346774732223384,0.15542450981702388,0.15433535424450495
AOI-0029,2020-09-17,озимая пшеница,0.13571644956819456,0.13927991035190446,0.139543201636221
AOI-0029,2020-09-25,озимая пшеница,0.1902468607608066,0.19451889627496488,0.1962656650719092
AOI-0029,2021-04-21,озимая пшеница,0.5432229081561373,0.5463663773090945,0.5471590189545943
AOI-0029,2021-05-07,озимая пшеница,0.8088812836723516,0.8093570772519714,0.7970445830708238
AOI-0029,2021-05-23,озимая пшеница,0.9011383725696819,0.9062655122011539,0.9042611522923402
AOI-0029,2021-06-16,озимая пшеница,0.8092834143732821,0.7982670516870916,0.7861501515627897
AOI-0029,2021-06-19,озимая пшеница,0.800405113728821,0.7839290013923821,0.7688902007394218
AOI-0029,2021-06-26,озимая пшеница,0.576079096090633,0.5608964471932807,0.546284989539356
AOI-0029,2021-07-10,озимая пшеница,0.29829444956144124,0.2937395135197527,0.2946000472058654
AOI-0029,2021-09-17,озимая пшеница,0.1737369369006768,0.17605014524932924,0.17569670399349235
AOI-0029,2021-10-07,озимая пшеница,0.18593986835848048,0.1796216753685185,0.17695682638615035
AOI-0029,2021-10-22,озимая пшеница,0.23139046783571043,0.2343437575794116,0.23341610600159257
AOI-0029,2021-10-27,озимая пшеница,0.26686757968714714,0.27519410764325025,0.2733573013150236
AOI-0029,2022-04-10,озимая пшеница,0.23434182631601655,0.23111434724896232,0.22405691426320065
AOI-0029,2022-04-15,озимая пшеница,0.27148024154495587,0.2693855819452461,0.26372299785966236
AOI-0029,2022-06-09,озимая пшеница,0.4529715938370285,0.429228914011022,0.41773532417786846
AOI-0029,2022-06-19,озимая пшеница,0.7304966342220091,0.7136790981794437,0.7046626369783201
AOI-0029,2022-07-05,озимая пшеница,0.7914407349857759,0.7899907207992982,0.7886511619610993
AOI-0029,2022-07-12,озимая пшеница,0.6734398702780661,0.6502254721058924,0.6320524522397515
AOI-0029,2022-08-03,озимая пшеница,0.6526122213279125,0.6489045215273058,0.6465285243019779
AOI-0029,2022-08-29,озимая пшеница,0.36875012731750734,0.3582801323455689,0.34987621737084534
AOI-0029,2022-09-17,озимая пшеница,0.20351687117513279,0.19990944165471874,0.19688786259348248
AOI-0029,2023-06-30,озимая пшеница,0.40554260493704897,0.4024572841736895,0.40606268807125195
AOI-0029,2023-07-12,озимая пшеница,0.36533124341772816,0.3591810766306589,0.3574565045919565
AOI-0029,2023-07-28,озимая пшеница,0.3039747695285424,0.305590140718706,0.31024353450808223
AOI-0029,2023-08-01,озимая пшеница,0.21041817686058054,0.209064362436282,0.21184737053528443
AOI-0029,2023-08-09,озимая пшеница,0.3034878991964617,0.3144673735020228,0.3182113252152921
AOI-0029,2023-08-25,озимая пшеница,0.17612074920940554,0.17722818731948403,0.17508224006655085
AOI-0029,2023-09-22,озимая пшеница,0.14559122388525897,0.14051412578045366,0.14047113696256996
AOI-0029,2023-09-24,озимая пшеница,0.15142426968472875,0.1501121406483085,0.14971672174836612
AOI-0029,2024-05-24,озимая пшеница,0.24622435414349528,0.24674893895549171,0.23531102766331652
AOI-0029,2024-06-24,озимая пшеница,0.18882272542504439,0.18241830535209533,0.18461800186488775
AOI-0029,2024-06-28,озимая пшеница,0.14334858093365294,0.12826414639530961,0.12517130395711584
AOI-0029,2024-07-03,озимая пшеница,0.1497996093226973,0.1329942813742542,0.1310909463139221
AOI-0029,2024-07-11,озимая пшеница,0.22245470155540376,0.20582264154993504,0.20347221652224284
AOI-0029,2024-09-28,озимая пшеница,0.16636446276229488,0.170731944709112,0.1698615345561962
AOI-0034,2010-04-26,пастбища/зерновые,0.32668667800993706,0.3233826859649575,0.3265991655777609
AOI-0034,2010-05-28,пастбища/зерновые,0.622163680390864,0.6254785250099753,0.6321314042654834
AOI-0034,2010-06-12,пастбища/зерновые,0.6491125991563084,0.6571767602915786,0.6581986421448024
AOI-0034,2010-07-31,пастбища/зерновые,0.22410559850778405,0.2278730580201495,0.23545016025795382
AOI-0034,2011-04-07,пастбища/зерновые,0.35499108429509557,0.3560792741921988,0.355019505710654
AOI-0034,2011-04-28,пастбища/зерновые,0.3033534743253002,0.2897338118764176,0.29353333580160734
AOI-0034,2011-06-16,пастбища/зерновые,0.25209766301762093,0.25771645383479896,0.26441738043802526
AOI-0034,2011-06-26,пастбища/зерновые,0.2856703018714371,0.29432972913376493,0.2894384222618399
AOI-0034,2011-07-26,пастбища/зерновые,0.1800889937412627,0.1870633469159805,0.1956373769995862
AOI-0034,2011-08-18,пастбища/зерновые,0.16689909949282872,0.17056569824840734,0.17560652828455153
AOI-0034,2011-09-27,пастбища/зерновые,0.24032428116002733,0.24996432503652172,0.25792644461449515
AOI-0034,2011-09-30,пастбища/зерновые,0.35457237042513745,0.3650603168686657,0.36095877255053604
AOI-0034,2012-05-01,пастбища/зерновые,0.6343856042097599,0.6336885350967284,0.6441323200291953
AOI-0034,2012-05-17,пастбища/зерновые,0.593401645684323,0.5960524448889812,0.6061574819954486
AOI-0034,2012-05-24,пастбища/зерновые,0.48904299004262447,0.48829937030215703,0.48425439304345974
AOI-0034,2012-06-09,пастбища/зерновые,0.38375401621470207,0.3756115762358686,0.3493937330762712
AOI-0034,2012-06-25,пастбища/зерновые,0.2909930606794332,0.29085408416435105,0.2749301817577358
AOI-0034,2012-07-27,пастбища/зерновые,0.19342366694720603,0.18897438565996316,0.1779309954388578
AOI-0034,2012-08-12,пастбища/зерновые,0.20975210557089446,0.2113790281054703,0.2041148194037537
AOI-0034,2013-04-02,пастбища/зерновые,0.15236660002934363,0.15251919761217364,0.15324831895771426
AOI-0034,2013-04-18,пастбища/зерновые,0.2730822004106378,0.2761759035993322,0.27875469658534313
AOI-0034,2013-05-11,пастбища/зерновые,0.363080736250813,0.368642896117691,0.37588561419519906
AOI-0034,2013-06-13,пастбища/зерновые,0.19841559247621915,0.20158596265869422,0.20762400548701856
AOI-0034,2013-06-21,пастбища/зерновые,0.1509365569588647,0.15280120441180683,0.1594196072198805
AOI-0034,2013-07-14,пастбища/зерновые,0.1854167071512279,0.1881045476369921,0.19179786522633288
AOI-0034,2013-08-23,пастбища/зерновые,0.20288396756239827,0.20858725259311267,0.21466373172583358
AOI-0034,2013-10-10,пастбища/зерновые,0.3761835656414482,0.38009717227150874,0.3774209486920882
AOI-0034,2014-07-10,пастбища/зерновые,0.13462082578781417,0.13635892212603481,0.14142817655786288
AOI-0034,2014-10-29,пастбища/зерновые,0.17472595355415588,0.18039848909975212,0.1862524145610953
AOI-0034,2015-04-24,пастбища/зерновые,0.21596880502909266,0.20627465583677795,0.20516667082402248
AOI-0034,2015-05-26,пастбища/зерновые,0.21538878451719784,0.21767820933183288,0.21957413534273218
AOI-0034,2015-07-04,пастбища/зерновые,0.16186795468223752,0.16480669432619682,0.1711263207224552
AOI-0034,2015-08-13,пастбища/зерновые,0.1825817700073732,0.17880817363972892,0.17323729470515117
AOI-0034,2015-08-29,пастбища/зерновые,0.1887335297050327,0.18286175825380002,0.17642093604137907
AOI-0034,2015-09-07,пастбища/зерновые,0.1591338035824638,0.1665521390290206,0.17028486543090915
AOI-0034,2015-09-15,пастбища/зерновые,0.13674311587816307,0.13765132847773384,0.13971138907947722
AOI-0034,2015-09-22,пастбища/зерновые,0.1622172709613223,0.16738816910039794,0.1721860687624684
AOI-0034,2015-10-08,пастбища/зерновые,0.16925997681209665,0.1722374312893229,0.17986098675165219
AOI-0034,2016-06-12,пастбища/зерновые,0.5199164032939989,0.5269441450079061,0.5346973507461912
AOI-0034,2016-06-21,пастбища/зерновые,0.24564537148001064,0.2495663838142999,0.2578326710985804
AOI-0034,2016-07-27,пастбища/зерновые,0.21287056194073659,0.20266824420966473,0.19518397053741976
AOI-0034,2016-08-31,пастбища/зерновые,0.16300910440554167,0.1675998665399697,0.1717552513608566
AOI-0034,2016-10-15,пастбища/зерновые,0.25011668683107047,0.24539066697649278,0.2397231157961016
AOI-0034,2016-10-26,пастбища/зерновые,0.1976213057164283,0.2015379996680064,0.20208032796287784
AOI-0034,2017-04-03,пастбища/зерновые,0.15876855965954104,0.15956808639683334,0.15896229199600187
AOI-0034,2017-04-04,пастбища/зерновые,0.1693077177501594,0.16297193790302061,0.1608972722667607
AOI-0034,2017-05-07,пастбища/зерновые,0.22153837816635158,0.22329670936769686,0.22576339466637185
AOI-0034,2017-06-10,пастбища/зерновые,0.29955869780879363,0.30427189927253845,0.3030083207533933
AOI-0034,2017-07-17,пастбища/зерновые,0.1679712370836394,0.17371397185977622,0.18218676927206623
AOI-0034,2017-07-25,пастбища/зерновые,0.15232453406390067,0.160217093150236,0.16491061809666685
AOI-0034,2017-08-02,пастбища/зерновые,0.14746489346457484,0.15122798450577446,0.15506577815885972
AOI-0034,2017-08-06,пастбища/зерновые,0.11779210539208258,0.12629647695200266,0.13291105707185777
AOI-0034,2017-08-19,пастбища/зерновые,0.13419490221491365,0.13779862519872546,0.13999049290429583
AOI-0034,2017-09-11,пастбища/зерновые,0.16665719610346102,0.1746793704193555,0.17722280637678994
AOI-0034,2017-09-28,пастбища/зерновые,0.293516069183623,0.3028859177634009,0.29826939903697564
AOI-0034,2018-04-28,пастбища/зерновые,0.7832340711432798,0.7771159902383783,0.76521696810944
AOI-0034,2018-05-17,пастбища/зерновые,0.8252627708842974,0.8292704377003668,0.8212626105228398
AOI-0034,2018-05-30,пастбища/зерновые,0.6899090967541206,0.6855420848196883,0.6722708013513738
AOI-0034,2018-06-11,пастбища/зерновые,0.36243249550560014,0.3639846627426447,0.37219722942319183
AOI-0034,2018-06-27,пастбища/зерновые,0.16376994929161667,0.16809368693596635,0.17397306520686437
AOI-0034,2018-09-05,пастбища/зерновые,0.11300669261563834,0.11512292174933322,0.12012078432974771
AOI-0034,2019-04-23,пастбища/зерновые,0.22315850505565987,0.2270656351134443,0.22930723198140698
AOI-0034,2019-05-18,пастбища/зерновые,0.16806416109441197,0.17419667917397594,0.1776883108503206
AOI-0034,2019-05-29,пастбища/зерновые,0.2096789780769353,0.21634962895331525,0.21520003120150966
AOI-0034,2019-06-04,пастбища/зерновые,0.16055297134910712,0.1578573226085179,0.15508382232628729
AOI-0034,2019-06-17,пастбища/зерновые,0.14251457100457676,0.1498425694539957,0.15608842234601572
AOI-0034,2019-06-22,пастбища/зерновые,0.13434186958873123,0.13909458879903042,0.14066802229651074
AOI-0034,2019-06-24,пастбища/зерновые,0.1272706589470713,0.12870249501902156,0.13714337835448107
AOI-0034,2019-06-27,пастбища/зерновые,0.13198709374729378,0.13386161390580947,0.13337968687171842
AOI-0034,2019-07-19,пастбища/зерновые,0.07608756039608419,0.07406397907389625,0.07102092377937715
AOI-0034,2019-07-29,пастбища/зерновые,0.1532965988423218,0.1519678472754862,0.15219518181343547
AOI-0034,2019-08-11,пастбища/зерновые,0.13404804030547512,0.1459085905314934,0.15011800926751834
AOI-0034,2019-08-13,пастбища/зерновые,0.17883338243994706,0.1718612450119406,0.16633853715780142
AOI-0034,2019-09-02,пастбища/зерновые,0.15049472866550745,0.15682643518695025,0.15808040971160575
AOI-0034,2019-09-14,пастбища/зерновые,0.2364860617722077,0.23401616936728956,0.23195736714074924
AOI-0034,2019-09-17,пастбища/зерновые,0.15565943711205044,0.16162202798631814,0.16353144166627706
AOI-0034,2019-10-22,пастбища/зерновые,0.7016130014364838,0.7032414450104504,0.6825345928230141
AOI-0034,2020-04-14,пастбища/зерновые,0.7446082573347519,0.7443203744885747,0.7214747852284324
AOI-0034,2020-04-17,пастбища/зерновые,0.774735356123659,0.7828659231697345,0.7703121650083722
AOI-0034,2020-04-29,пастбища/зерновые,0.7153126336934583,0.7241797038935439,0.7419621539675477
AOI-0034,2020-05-04,пастбища/зерновые,0.7131181423453888,0.7117541530159538,0.7252526842848505
AOI-0034,2020-05-24,пастбища/зерновые,0.6892646967022436,0.6847914956870874,0.680347055623748
AOI-0034,2020-05-31,пастбища/зерновые,0.6879123677528686,0.6958092921795711,0.7050101263552505
AOI-0034,2020-06-03,пастбища/зерновые,0.6267940622674144,0.6390708605627685,0.6528848739314954
AOI-0034,2020-07-10,пастбища/зерновые,0.1338284337981967,0.13527507906548464,0.1410717051179721
AOI-0034,2020-07-16,пастбища/зерновые,0.10020468802945051,0.10493743276168706,0.11322137733613069
AOI-0034,2020-07-23,пастбища/зерновые,0.08774391251810802,0.08656716939845194,0.09169418850738281
AOI-0034,2020-07-25,пастбища/зерновые,0.13577394331470616,0.1362116098440515,0.1458977556870346
AOI-0034,2020-07-28,пастбища/зерновые,0.11012215892050532,0.10381333482989648,0.10232177320501772
AOI-0034,2020-07-31,пастбища/зерновые,0.11670921392966087,0.12026324192214613,0.12308044206995483
AOI-0034,2020-08-07,пастбища/зерновые,0.1155337789624435,0.11543058805039265,0.11870414522333071
AOI-0034,2020-08-11,пастбища/зерновые,0.14021292511488012,0.1419764495719115,0.14752351069916006
AOI-0034,2020-09-03,пастбища/зерновые,0.1180902129844101,0.12042724663883908,0.12636144258115478
AOI-0034,2020-09-04,пастбища/зерновые,0.11583068330591387,0.1252877109247415,0.13319555382954015
AOI-0034,2020-09-29,пастбища/зерновые,0.16729195177754289,0.1623211061385758,0.15583458208660642
AOI-0034,2020-10-15,пастбища/зерновые,0.1768010973339577,0.1681665670728814,0.17148802650952405
AOI-0034,2021-04-12,пастбища/зерновые,0.1560289411997174,0.15515388613393757,0.1522816706270865
AOI-0034,2021-04-22,пастбища/зерновые,0.14512294634009598,0.14654724544002817,0.14397644995149778
AOI-0034,2021-05-01,пастбища/зерновые,0.18078001479861894,0.1770612824282037,0.18493159951102428
AOI-0034,2021-05-07,пастбища/зерновые,0.16441988380293365,0.1541025124524925,0.14990565067078207
AOI-0034,2021-05-10,пастбища/зерновые,0.2063961011343018,0.19559664774522206,0.19745579198039176
AOI-0034,2021-05-29,пастбища/зерновые,0.16599410513649232,0.17025730423191968,0.1647969860706856
AOI-0034,2021-07-26,пастбища/зерновые,0.1175095153798988,0.1225234000293592,0.1250093702636928
AOI-0034,2021-07-28,пастбища/зерновые,0.1581317378170313,0.15008446207300322,0.13687751039671642
AOI-0034,2021-07-31,пастбища/зерновые,0.11876214680285098,0.12530346758902883,0.1318731287021696
AOI-0034,2021-08-02,пастбища/зерновые,0.12822208122911632,0.12641992893484214,0.126609534958158
AOI-0034,2021-08-06,пастбища/зерновые,0.1669117743207848,0.170646842841627,0.17581991878901299
AOI-0034,2021-08-17,пастбища/зерновые,0.10526643816715583,0.10400096718516726,0.10682590424178665
AOI-0034,2021-08-29,пастбища/зерновые,0.1948229481817148,0.18837833519736571,0.18531156204194035
AOI-0034,2021-09-11,пастбища/зерновые,0.09553594792044214,0.09764775287476903,0.09942375705366958
AOI-0034,2021-09-14,пастбища/зерновые,0.15048165962535698,0.15426439631992603,0.1492692795060551
AOI-0034,2021-09-15,пастбища/зерновые,0.1311408107957209,0.1397620831921817,0.14599624085303858
AOI-0034,2021-10-06,пастбища/зерновые,0.30400032058100934,0.3087658594797609,0.31699229752033387
AOI-0034,2021-10-09,пастбища/зерновые,0.33194003979491987,0.3390755830262273,0.342723877177208
AOI-0034,2022-04-12,пастбища/зерновые,0.6936535386061738,0.6952514843037882,0.6777065348585739
AOI-0034,2022-05-29,пастбища/зерновые,0.8001450909411341,0.7984563020595701,0.7886444920743201
AOI-0034,2022-06-11,пастбища/зерновые,0.44521494324363686,0.45527402151094076,0.4608807342964752
AOI-0034,2022-06-20,пастбища/зерновые,0.31470381294746735,0.31565072926380633,0.3211945976977315
AOI-0034,2022-06-30,пастбища/зерновые,0.2505208674782819,0.25288941348943506,0.2638502175490153
AOI-0034,2022-08-25,пастбища/зерновые,0.12902618757617978,0.135841005850163,0.13811926103483213
AOI-0034,2022-09-06,пастбища/зерновые,0.1285965730770186,0.13189280384501323,0.13385069390720147
AOI-0034,2022-09-09,пастбища/зерновые,0.11342842199911504,0.12147307150286367,0.1264334175063808
AOI-0034,2022-10-01,пастбища/зерновые,0.13704733093314697,0.14266057695709303,0.14671920158441498
AOI-0034,2022-10-06,пастбища/зерновые,0.14466578953785142,0.1488263568953707,0.15023369931690164
AOI-0034,2023-04-04,пастбища/зерновые,0.21257623400132913,0.20896463389085235,0.20903239188324774
AOI-0034,2023-04-17,пастбища/зерновые,0.15787286248509666,0.16957128389731405,0.17369758493160473
AOI-0034,2023-04-23,пастбища/зерновые,0.3079458091420138,0.3217169261391271,0.33786279086611276
AOI-0034,2023-05-31,пастбища/зерновые,0.1830754173882156,0.186294397733112,0.18978494978231364
AOI-0034,2023-07-21,пастбища/зерновые,0.14036281199035225,0.1503889627970536,0.15830978295859308
AOI-0034,2023-07-23,пастбища/зерновые,0.16421394594313693,0.1603984103366572,0.15767928286954164
AOI-0034,2023-07-28,пастбища/зерновые,0.20596807724682073,0.20016141777204713,0.1946670717321302
AOI-0034,2023-08-08,пастбища/зерновые,0.15552445754438177,0.1645834572037367,0.17500992305406035
AOI-0034,2023-08-17,пастбища/зерновые,0.14437007939476554,0.14578576214838057,0.14578011396248208
AOI-0034,2023-09-26,пастбища/зерновые,0.24123675330390887,0.2442445319603403,0.24810053027316561
AOI-0034,2023-09-28,пастбища/зерновые,0.28270767878390024,0.28453140678895783,0.2907332022336158
AOI-0034,2023-09-30,пастбища/зерновые,0.37461106988274057,0.36964868608576806,0.36324468920579567
AOI-0034,2023-10-01,пастбища/зерновые,0.2987219012285555,0.30153912883354933,0.3028475228468352
AOI-0034,2024-04-28,пастбища/зерновые,0.8234142322184261,0.8181025179223693,0.8017579391250786
AOI-0034,2024-05-09,пастбища/зерновые,0.8158038098879586,0.8144229406552248,0.8085429140698812
AOI-0034,2024-05-10,пастбища/зерновые,0.8125334053812064,0.8063594134328277,0.7963786422771896
AOI-0034,2024-05-21,пастбища/зерновые,0.7057576969960474,0.7117292578992037,0.7246059345597051
AOI-0034,2024-06-26,пастбища/зерновые,0.23326933751484882,0.23433354622324773,0.24002253097427256
AOI-0034,2024-08-16,пастбища/зерновые,0.12317066630833813,0.1213841838384048,0.12309106828504751
AOI-0034,2024-09-06,пастбища/зерновые,0.12414524386581413,0.13470317130599715,0.1429604537256733
AOI-0034,2024-09-07,пастбища/зерновые,0.13610216909221617,0.1382825789577128,0.14840700338028415
AOI-0034,2024-09-13,пастбища/зерновые,0.1475502465096446,0.141892399030213,0.13306606784007144
AOI-0034,2024-09-14,пастбища/зерновые,0.1396285249549463,0.1413826622313467,0.1489612346133101
AOI-0034,2024-10-05,пастбища/зерновые,0.1219735135104141,0.12310711576671218,0.12304648214901738
AOI-0034,2024-10-09,пастбища/зерновые,0.17098999460913705,0.1730870543007589,0.18054022875413592
AOI-0034,2024-10-15,пастбища/зерновые,0.1804363158866974,0.17014244324901326,0.16940379426242105
AOI-0034,2024-10-25,пастбища/зерновые,0.12953918044396448,0.12379002768472161,0.12896438679766067
AOI-0034,2024-10-30,пастбища/зерновые,0.11981812589593573,0.11909166135750728,0.12426185260285595
AOI-0036,2010-05-28,пастбища/зерновые,0.34166183548572027,0.3442824591434492,0.3479489410683861
AOI-0036,2010-06-10,пастбища/зерновые,0.43889730875158345,0.4308326239407693,0.42041517841995857
AOI-0036,2010-07-06,пастбища/зерновые,0.28930611253551064,0.29705579222140505,0.30928425765438644
AOI-0036,2010-07-07,пастбища/зерновые,0.2777297109784142,0.2861075684169755,0.30367593614377725
AOI-0036,2010-07-28,пастбища/зерновые,0.25463882246602154,0.25017020750402,0.24898142675169335
AOI-0036,2010-07-30,пастбища/зерновые,0.20533781858123615,0.21415259897112754,0.231297740361489
AOI-0036,2010-09-01,пастбища/зерновые,0.13104306665083776,0.14099045562914087,0.1488855055982451
AOI-0036,2010-09-14,пастбища/зерновые,0.19280841448531677,0.1964752751355806,0.19403036588816647
AOI-0036,2010-09-30,пастбища/зерновые,0.21412816981688237,0.21823018033030717,0.21926214319132964
AOI-0036,2011-07-01,пастбища/зерновые,0.38442238693703884,0.38495842577538203,0.3995313148425111
AOI-0036,2011-07-12,пастбища/зерновые,0.35229212722318143,0.3538511701711307,0.34220519905050273
AOI-0036,2012-04-22,пастбища/зерновые,0.5424462794933389,0.5418799784655947,0.5431282780885948
AOI-0036,2012-07-20,пастбища/зерновые,0.23048233591062525,0.2358407006856552,0.24447524703726198
AOI-0036,2012-07-27,пастбища/зерновые,0.27235129789912904,0.2747428773364688,0.26374533375928094
AOI-0036,2012-09-06,пастбища/зерновые,0.14539251502675357,0.1529029350332051,0.1609564413980522
AOI-0036,2012-09-13,пастбища/зерновые,0.17843038421694948,0.1795541472968401,0.17299839786716398
AOI-0036,2012-09-29,пастбища/зерновые,0.18997355096774865,0.1912643078040557,0.1878228082631823
AOI-0036,2012-10-15,пастбища/зерновые,0.22513247921669696,0.22205749333337968,0.21667523890880683
AOI-0036,2013-04-02,пастбища/зерновые,0.1568477463975063,0.16743107208234995,0.1736891684873504
AOI-0036,2013-06-10,пастбища/зерновые,0.3454345629632306,0.33986276615357053,0.32875080523349837
AOI-0036,2013-06-26,пастбища/зерновые,0.3548205467628864,0.3489649874541207,0.34032606445670216
AOI-0036,2013-06-28,пастбища/зерновые,0.2648515918352098,0.2689628115908995,0.28637795294878327
AOI-0036,2013-09-14,пастбища/зерновые,0.3489232336169101,0.34849554654280923,0.35266903760607116
AOI-0036,2013-10-10,пастбища/зерновые,0.3035978748871947,0.30009382251018657,0.3005564059894857
AOI-0036,2014-04-23,пастбища/зерновые,0.4934783893337743,0.4939036313446499,0.49995239468633046
AOI-0036,2014-05-25,пастбища/зерновые,0.4369622879946765,0.4370406538336136,0.44246098028040254
AOI-0036,2014-06-24,пастбища/зерновые,0.23197061285836199,0.23859498971961002,0.25106947588415524
AOI-0036,2014-08-02,пастбища/зерновые,0.1417754072235058,0.1491505489071508,0.16042823713530374
AOI-0036,2014-10-05,пастбища/зерновые,0.16233447849629648,0.16595607289508355,0.17405288405005045
AOI-0036,2014-10-14,пастбища/зерновые,0.17897635712644763,0.18438738565300572,0.18943715825319302
AOI-0036,2015-05-25,пастбища/зерновые,0.47728988694945995,0.46522416166511177,0.455475759046119
AOI-0036,2015-07-28,пастбища/зерновые,0.2010600357353644,0.202964791289732,0.2022960621988805
AOI-0036,2015-08-06,пастбища/зерновые,0.15389512279636802,0.1629000151562779,0.17645035707071968
AOI-0036,2015-09-06,пастбища/зерновые,0.13617234216090052,0.14049610277176183,0.14911992950847147
AOI-0036,2015-09-30,пастбища/зерновые,0.18547342412797665,0.18374963607283032,0.18361743601065794
AOI-0036,2016-06-09,пастбища/зерновые,0.38034801634283066,0.3800614108903611,0.36792012139386293
AOI-0036,2016-07-15,пастбища/зерновые,0.281249629997817,0.28399595300635433,0.29937531018240443
AOI-0036,2016-07-27,пастбища/зерновые,0.343218695724576,0.330799143099162,0.3172429782602421
AOI-0036,2016-08-23,пастбища/зерновые,0.21383309298470654,0.21679782902502973,0.22844925129988364
AOI-0036,2016-09-25,пастбища/зерновые,0.17282845491755855,0.1778424903934232,0.18675787048957015
AOI-0036,2016-10-26,пастбища/зерновые,0.24525326537191092,0.24660409607023553,0.25021481479994656
AOI-0036,2017-04-12,пастбища/зерновые,0.33913756027167613,0.3417781915236972,0.3467242890797585
AOI-0036,2017-07-04,пастбища/зерновые,0.17379811873125534,0.1812991343234413,0.1962270931041377
AOI-0036,2017-07-25,пастбища/зерновые,0.21649061041986797,0.22358106022657168,0.23555996142077573
AOI-0036,2017-07-28,пастбища/зерновые,0.2606998951192109,0.2610247217854295,0.2562214782068839
AOI-0036,2017-08-18,пастбища/зерновые,0.15771221273663635,0.16725572086584506,0.17899040879667752
AOI-0036,2017-08-21,пастбища/зерновые,0.1292602993726018,0.14118375461903593,0.1500488445540177
AOI-0036,2017-08-26,пастбища/зерновые,0.13108239773209945,0.14235889852191877,0.15157793965195704
AOI-0036,2017-08-27,пастбища/зерновые,0.1673565239713778,0.1776564640084608,0.19030055807139626
AOI-0036,2017-09-04,пастбища/зерновые,0.151731902231471,0.1590976980539154,0.1649731226140539
AOI-0036,2018-06-03,пастбища/зерновые,0.3674414033569763,0.37028656858045633,0.3905829878648607
AOI-0036,2018-06-26,пастбища/зерновые,0.24209896009875392,0.23920474497740474,0.2326887676903361
AOI-0036,2018-07-12,пастбища/зерновые,0.20938510855367723,0.20808864760540657,0.20147021891469521
AOI-0036,2018-08-22,пастбища/зерновые,0.1492133808807002,0.15778508432655844,0.1662129483829558
AOI-0036,2018-08-29,пастбища/зерновые,0.1839801055301296,0.18297311001137223,0.17658098223541796
AOI-0036,2018-09-05,пастбища/зерновые,0.12914347248207309,0.13417106033386414,0.1404970548673803
AOI-0036,2018-09-06,пастбища/зерновые,0.14785176681775525,0.1558076309782891,0.16653562476913653
AOI-0036,2018-10-01,пастбища/зерновые,0.14133757771264183,0.14856959486845622,0.1574764710343155
AOI-0036,2018-10-09,пастбища/зерновые,0.16647122678589094,0.17246629860360432,0.178705986333897
AOI-0036,2018-10-12,пастбища/зерновые,0.16589939285786967,0.1697698412952454,0.17803813321210735
AOI-0036,2019-05-21,пастбища/зерновые,0.5754464035387556,0.5670702624265237,0.5609198538985556
AOI-0036,2019-05-25,пастбища/зерновые,0.5365524843597973,0.5240118064737564,0.5228733056208388
AOI-0036,2019-05-29,пастбища/зерновые,0.4921660454335436,0.4889103858258924,0.48210887222443405
AOI-0036,2019-06-04,пастбища/зерновые,0.363611200207919,0.36401602661124305,0.362326683790754
AOI-0036,2019-06-17,пастбища/зерновые,0.16509716782073716,0.17633636937413388,0.20230219286430995
AOI-0036,2019-07-12,пастбища/зерновые,0.19005906144713955,0.1850225624287981,0.18521465913117585
AOI-0036,2019-07-28,пастбища/зерновые,0.26141784856948747,0.2502698049033888,0.24619844079382072
AOI-0036,2019-07-29,пастбища/зерновые,0.19147859064478956,0.195019232383096,0.19983086077212775
AOI-0036,2019-08-01,пастбища/зерновые,0.20737867355823286,0.21557471142549528,0.2285456139400247
AOI-0036,2019-08-26,пастбища/зерновые,0.1594317034617278,0.1663425880552612,0.1756588441021697
AOI-0036,2019-08-29,пастбища/зерновые,0.20975163554789428,0.20340137498968722,0.2006602660110544
AOI-0036,2019-09-15,пастбища/зерновые,0.1399260382428566,0.14505852552228998,0.1533606325928907
AOI-0036,2019-10-15,пастбища/зерновые,0.3238281678997572,0.31875864183288305,0.31977590013531376
AOI-0036,2019-10-19,пастбища/зерновые,0.39141932883379915,0.3881326451444428,0.3945698509399447
AOI-0036,2019-10-22,пастбища/зерновые,0.44345198649104856,0.43846150466374784,0.4451489590735349
AOI-0036,2020-04-04,пастбища/зерновые,0.4803614449617101,0.47542067425771023,0.4667695983768184
AOI-0036,2020-04-06,пастбища/зерновые,0.5196293977529758,0.5084866885164183,0.5060030388964989
AOI-0036,2020-05-24,пастбища/зерновые,0.514178276533178,0.5026640212625667,0.5074021935567906
AOI-0036,2020-05-29,пастбища/зерновые,0.42488542496543574,0.42234224070271853,0.41988324019415385
AOI-0036,2020-06-11,пастбища/зерновые,0.32549609629224757,0.33318549615497167,0.3386603418547565
AOI-0036,2020-08-10,пастбища/зерновые,0.1087520085963847,0.11817459644763129,0.12974575278642705
AOI-0036,2020-08-19,пастбища/зерновые,0.14665982165970917,0.15545166107638,0.16700126640489016
AOI-0036,2020-08-26,пастбища/зерновые,0.1613316375313405,0.16791127640311226,0.17311764199952098
AOI-0036,2020-08-28,пастбища/зерновые,0.18940884654867957,0.1905911083569186,0.19165887797059944
AOI-0036,2020-09-20,пастбища/зерновые,0.1636950895935582,0.1697486816383288,0.17681537493137361
AOI-0036,2020-10-19,пастбища/зерновые,0.11131585260854315,0.11777943496599713,0.13235732016991628
AOI-0036,2020-10-26,пастбища/зерновые,0.113050596940094,0.11941808212427404,0.130462214310171
AOI-0036,2021-06-26,пастбища/зерновые,0.2807284500229712,0.27119192009082016,0.2563266988982108
AOI-0036,2021-07-21,пастбища/зерновые,0.15650519132107218,0.16414950019789354,0.1728752400506891
AOI-0036,2021-07-26,пастбища/зерновые,0.15898800466866245,0.16551992542650565,0.1739878637580457
AOI-0036,2021-08-06,пастбища/зерновые,0.2042121383096088,0.2111582666884816,0.2256511192654063
AOI-0036,2021-08-17,пастбища/зерновые,0.2132779237403422,0.2155001620615389,0.22511106399733186
AOI-0036,2021-10-14,пастбища/зерновые,0.33415796806861475,0.33233224073732454,0.33862820624413387
AOI-0036,2022-04-07,пастбища/зерновые,0.4079395716843351,0.394041549746221,0.37332436405782166
AOI-0036,2022-06-14,пастбища/зерновые,0.28680608532824936,0.2905102234592479,0.287534008293217
AOI-0036,2022-06-26,пастбища/зерновые,0.25457266516936655,0.2477209771063269,0.24320775940829095
AOI-0036,2022-07-07,пастбища/зерновые,0.210450771647564,0.2179599783257059,0.23036634579928095
AOI-0036,2022-07-21,пастбища/зерновые,0.12868366460123598,0.1333293011176905,0.14225588462425942
AOI-0036,2022-08-13,пастбища/зерновые,0.169952714597148,0.16498266367093156,0.1632815831201012
AOI-0036,2022-08-22,пастбища/зерновые,0.1352504749188829,0.13951168031099925,0.14738561267119032
AOI-0036,2022-08-24,пастбища/зерновые,0.1506214185570154,0.1593403061119226,0.1713849112697356
AOI-0036,2022-09-14,пастбища/зерновые,0.19038946228540538,0.18918708040016935,0.18832859822883538
AOI-0036,2022-09-18,пастбища/зерновые,0.13972077055813054,0.14436230522905047,0.15292085187444537
AOI-0036,2023-04-17,пастбища/зерновые,0.39714439876021557,0.3962675627783581,0.40103009273464363
AOI-0036,2023-05-09,пастбища/зерновые,0.6553247915304171,0.6494431748518734,0.6535505077701058
AOI-0036,2023-06-18,пастбища/зерновые,0.367794504931953,0.35679418026692894,0.35212713789623734
AOI-0036,2023-06-25,пастбища/зерновые,0.3840145648303341,0.3837332113574096,0.3914511122244168
AOI-0036,2023-07-02,пастбища/зерновые,0.37873368249387696,0.3761197741008205,0.3792616282692197
AOI-0036,2023-08-17,пастбища/зерновые,0.18909560653716534,0.1901658130083704,0.19299890233577166
AOI-0036,2023-09-29,пастбища/зерновые,0.15628658960431743,0.15840254892359384,0.16439530260883725
AOI-0036,2023-10-16,пастбища/зерновые,0.2415910834470064,0.23439624075921509,0.23444129918069706
AOI-0036,2023-10-23,пастбища/зерновые,0.19999766514784897,0.2027086609943905,0.20925916532022718
AOI-0036,2024-04-13,пастбища/зерновые,0.3751255755380275,0.3703087866491193,0.3700053357641679
AOI-0036,2024-05-06,пастбища/зерновые,0.5475715568177215,0.538119656101429,0.531865267034386
AOI-0036,2024-05-10,пастбища/зерновые,0.4574669167875315,0.4548532519399647,0.4594197449654615
AOI-0036,2024-05-16,пастбища/зерновые,0.4432908736402984,0.44407094260304264,0.44274414115250427
AOI-0036,2024-05-18,пастбища/зерновые,0.4201985958110329,0.4186955936319202,0.41960697758510473
AOI-0036,2024-05-23,пастбища/зерновые,0.39170818938251445,0.3866602843154213,0.3829145740388593
AOI-0036,2024-06-07,пастбища/зерновые,0.21401720309726208,0.21432244465461237,0.21242237205711298
AOI-0036,2024-07-22,пастбища/зерновые,0.12372409713094087,0.12994651027927917,0.13750373590810788
AOI-0036,2024-07-25,пастбища/зерновые,0.12487647150632397,0.1307579289538023,0.1359821221629606
AOI-0036,2024-08-21,пастбища/зерновые,0.12699005875928454,0.13238759499535294,0.13743351238641327
AOI-0036,2024-08-28,пастбища/зерновые,0.17158937061924165,0.1659064939930445,0.16325034143587644
AOI-0036,2024-09-15,пастбища/зерновые,0.12902924719987233,0.13206327155428887,0.13650217932220235
AOI-0036,2024-09-22,пастбища/зерновые,0.14293758064889378,0.14724551379764003,0.156018607623159
AOI-0036,2024-09-25,пастбища/зерновые,0.12044223732534878,0.12485519300982623,0.13108987479486156
AOI-0036,2024-09-28,пастбища/зерновые,0.1247125047745314,0.12849451317330685,0.13596806327744923
AOI-0039,2010-04-07,зерновые,0.36890079110662305,0.35661650048452637,0.35376788510118723
AOI-0039,2010-05-04,зерновые,0.44143161204380005,0.43195787135640806,0.44427142615046916
AOI-0039,2010-05-28,зерновые,0.5773440805108201,0.5674245566850976,0.5712972118659432
AOI-0039,2010-07-15,зерновые,0.4431699451904757,0.4576350630317735,0.4813217756795668
AOI-0039,2010-09-30,зерновые,0.37109251380504993,0.371037849699146,0.3623811698543135
AOI-0039,2012-04-06,зерновые,0.4025341532583682,0.3900817136965727,0.39022691971371154
AOI-0039,2012-09-06,зерновые,0.338346196415276,0.3557296449741129,0.3858074215908367
AOI-0039,2013-04-05,зерновые,0.2892832475243672,0.2944497382936079,0.3214052384385193
AOI-0039,2013-06-13,зерновые,0.4168215931035718,0.43513364743331134,0.46102609204767697
AOI-0039,2013-06-26,зерновые,0.4486931720992269,0.44536469958871394,0.4363098946321114
AOI-0039,2013-07-12,зерновые,0.3664899779630421,0.374750136162915,0.3716584337367723
AOI-0039,2013-09-14,зерновые,0.5375313275685256,0.5254847208603596,0.5109159722336645
AOI-0039,2014-04-07,зерновые,0.5393087821839551,0.5197040345159128,0.5150158758312926
AOI-0039,2014-06-08,зерновые,0.49386447767431674,0.4993180414858585,0.5046466926247489
AOI-0039,2014-06-23,зерновые,0.4076097292784059,0.42407314011350355,0.4579838089499091
AOI-0039,2014-08-02,зерновые,0.30497049124243025,0.3219281616350292,0.33816091308590956
AOI-0039,2014-09-04,зерновые,0.27556428969488606,0.29521162697145076,0.3249946211365848
AOI-0039,2015-04-24,зерновые,0.4333602542483253,0.4381282408148311,0.45789283438881134
AOI-0039,2015-05-10,зерновые,0.49981682196553223,0.4936424726066902,0.49416217298825693
AOI-0039,2015-06-10,зерновые,0.4806254131799399,0.47809215988703163,0.4700523051850249
AOI-0039,2015-07-28,зерновые,0.4190601979209464,0.4144011635874735,0.40959978400052593
AOI-0039,2015-08-14,зерновые,0.3422511193070789,0.3603907266551636,0.3797392514769001
AOI-0039,2015-08-21,зерновые,0.33631611373190223,0.3519711830062443,0.37767146195348833
AOI-0039,2015-09-22,зерновые,0.3915827215360549,0.4060441319008757,0.42885639736425574
AOI-0039,2015-09-23,зерновые,0.39691745388464134,0.4162708065047399,0.4401558189899706
AOI-0039,2016-04-25,зерновые,0.5953143592490571,0.6019867549244141,0.611800652561853
AOI-0039,2016-05-08,зерновые,0.6840574952557409,0.665602013388553,0.6457486894252337
AOI-0039,2016-07-06,зерновые,0.40510160518361715,0.4186096357785342,0.45173859156801666
AOI-0039,2016-09-08,зерновые,0.2677590648848388,0.2838825886483787,0.3079932089810946
AOI-0039,2016-10-03,зерновые,0.3451018252504532,0.3550664871822066,0.37677291032827787
AOI-0039,2016-10-15,зерновые,0.413324468703051,0.4042841915187767,0.4033911097205025
AOI-0039,2016-10-18,зерновые,0.37069343723767156,0.3821359151703171,0.40903051747920055
AOI-0039,2017-04-13,зерновые,0.3694236295398885,0.39947108448447644,0.43451253317153116
AOI-0039,2017-05-09,зерновые,0.624557468298746,0.6127455753791482,0.5791625776127843
AOI-0039,2017-08-13,зерновые,0.40439935748630906,0.3927867717425725,0.36644338359702233
AOI-0039,2017-08-19,зерновые,0.3719927240711846,0.38603515738350114,0.40643018702987543
AOI-0039,2017-09-10,зерновые,0.43893342103840005,0.44299137107735787,0.46407185761097536
AOI-0039,2017-09-11,зерновые,0.4541416908263143,0.44957128060130513,0.4611509910730473
AOI-0039,2017-09-17,зерновые,0.500642319907274,0.5039638764449057,0.5062378928955592
AOI-0039,2017-09-22,зерновые,0.5052901655364632,0.5120364851023025,0.5263071223521868
AOI-0039,2018-05-01,зерновые,0.5619407172950578,0.573566897023761,0.5718676083805235
AOI-0039,2018-08-14,зерновые,0.32924636483955255,0.3608065465254977,0.4008430239371926
AOI-0039,2018-08-21,зерновые,0.37510573106015044,0.39461440085127614,0.4167521917503767
AOI-0039,2018-08-29,зерновые,0.4081706780386633,0.3893117487891567,0.36781081201716637
AOI-0039,2019-04-25,зерновые,0.47981173752173134,0.4943306836708016,0.5113675717430916
AOI-0039,2019-06-02,зерновые,0.6429346018131036,0.6470805629879582,0.6461353049281988
AOI-0039,2019-06-10,зерновые,0.5209344760945428,0.5213857447044449,0.49938800148595613
AOI-0039,2019-06-14,зерновые,0.47171158953458486,0.4788169981041762,0.4977129388816764
AOI-0039,2019-07-04,зерновые,0.3414589207854835,0.3603656639077208,0.39361895650603945
AOI-0039,2019-07-17,зерновые,0.3536609386497893,0.3598850605712512,0.381606193515791
AOI-0039,2019-08-01,зерновые,0.45703689692715754,0.46970820006032393,0.48241982815214207
AOI-0039,2019-08-09,зерновые,0.47951798926755307,0.494203732864725,0.47864545028665095
AOI-0039,2019-08-11,зерновые,0.4561865309248634,0.46842670639663503,0.48479284194074895
AOI-0039,2019-08-31,зерновые,0.3738452323905422,0.39043819816850905,0.4129912054816931
AOI-0039,2019-09-12,зерновые,0.32640096421674886,0.34096456176846235,0.35951023533638354
AOI-0039,2019-10-02,зерновые,0.40666967282883293,0.4120157356959703,0.42936411751873194
AOI-0039,2019-10-11,зерновые,0.49952124413587884,0.5012206129320405,0.5076627246563233
AOI-0039,2019-10-12,зерновые,0.42521367399115606,0.4168981116424672,0.41866270839686454
AOI-0039,2019-10-16,зерновые,0.5997778714506314,0.5844677264270967,0.5783186582760076
AOI-0039,2019-10-17,зерновые,0.521435016809305,0.521118806978277,0.5184516557183162
AOI-0039,2019-10-25,зерновые,0.4665021645362478,0.46817310516799054,0.48380401046184945
AOI-0039,2020-04-12,зерновые,0.35904092382938824,0.3775490132559308,0.40144511363140123
AOI-0039,2020-04-21,зерновые,0.38856621249456125,0.4011178245407095,0.4201818647576708
AOI-0039,2020-04-24,зерновые,0.3873976778665258,0.40694938422044796,0.43100258188018026
AOI-0039,2020-05-14,зерновые,0.5653050095228384,0.5643795197351315,0.5627494256470067
AOI-0039,2020-05-29,зерновые,0.569543928550624,0.5601179335607956,0.5604002255228934
AOI-0039,2020-06-28,зерновые,0.4909136263413325,0.48889448929215745,0.5068710658776681
AOI-0039,2020-07-23,зерновые,0.3053100660585636,0.31157387866248665,0.3352495648234729
AOI-0039,2020-07-25,зерновые,0.3134198364657396,0.3285576211261552,0.36028602831848416
AOI-0039,2020-07-26,зерновые,0.28803357737457624,0.3045105440394103,0.31884290145903615
AOI-0039,2020-08-03,зерновые,0.3308671289906366,0.3472776703774691,0.3718274234193949
AOI-0039,2020-08-07,зерновые,0.28229432604407867,0.30286074718916745,0.33382353067748927
AOI-0039,2020-08-18,зерновые,0.34588947257150415,0.347701992488042,0.36702057111075054
AOI-0039,2020-08-19,зерновые,0.35389397019023716,0.3656471129734118,0.3880644880028914
AOI-0039,2020-08-27,зерновые,0.2803123789523845,0.291905452802358,0.31118851415014476
AOI-0039,2020-09-09,зерновые,0.2902832469381932,0.29743292026109935,0.3116262758923745
AOI-0039,2020-10-11,зерновые,0.21870845358744542,0.22782918170725924,0.25383776205777847
AOI-0039,2020-10-26,зерновые,0.22306347872291798,0.22892665273065904,0.24469716437447311
AOI-0039,2021-04-23,зерновые,0.49316405659399914,0.49136007672756676,0.4914271572141232
AOI-0039,2021-05-12,зерновые,0.577130818170495,0.5795601067123102,0.5855600602876108
AOI-0039,2021-05-17,зерновые,0.587170527364161,0.6011112932401091,0.6089999050590598
AOI-0039,2021-05-22,зерновые,0.5751626640977092,0.5784689244363277,0.5899981639574535
AOI-0039,2021-06-26,зерновые,0.485582912564403,0.4876608757768655,0.47190268491352044
AOI-0039,2021-07-26,зерновые,0.4472375389251738,0.44838593447225455,0.44529426536761296
AOI-0039,2021-08-07,зерновые,0.40531306376762793,0.4166068663796841,0.4296209672365567
AOI-0039,2021-08-25,зерновые,0.40668967176283033,0.41767245548024884,0.44394434827211104
AOI-0039,2021-08-29,зерновые,0.4487941120212235,0.43285060082211185,0.4223441467575783
AOI-0039,2021-09-06,зерновые,0.49923909706993663,0.5010066988846895,0.5011537062893369
AOI-0039,2021-09-19,зерновые,0.4388338213361663,0.4406815425327059,0.45889801813124026
AOI-0039,2021-10-09,зерновые,0.43452286928780187,0.4367872138375047,0.45455154735460973
AOI-0039,2022-04-12,зерновые,0.40756355441942926,0.40833088443120424,0.41480174860938723
AOI-0039,2022-05-28,зерновые,0.7405176960225158,0.7340109154330614,0.7490633617810388
AOI-0039,2022-06-05,зерновые,0.7380030810966205,0.7222833976952353,0.706852592196116
AOI-0039,2022-06-16,зерновые,0.5919489574794665,0.5902750671501853,0.5916395667777186
AOI-0039,2022-07-06,зерновые,0.5080864153327791,0.5167084542474564,0.5196324717566299
AOI-0039,2022-07-08,зерновые,0.4510299159495467,0.4621192381914892,0.4821711566836266
AOI-0039,2022-08-13,зерновые,0.3833256769262296,0.38660503514023126,0.357221403878533
AOI-0039,2022-08-30,зерновые,0.3041741900209195,0.3150040341066032,0.3331990621827515
AOI-0039,2022-10-01,зерновые,0.42637593690606457,0.42658572528165034,0.443505039619523
AOI-0039,2023-05-09,зерновые,0.6809750570468157,0.6577045219587531,0.6304044603867245
AOI-0039,2023-06-13,зерновые,0.7063282321799953,0.7090851277383016,0.7293721236992682
AOI-0039,2023-06-21,зерновые,0.6357562636381378,0.6358379250163866,0.6346323686088567
AOI-0039,2023-06-23,зерновые,0.6208496543859294,0.6082647613904207,0.6001918678316918
AOI-0039,2023-07-28,зерновые,0.4283428877594172,0.4084369251557886,0.37896830521509167
AOI-0039,2023-07-31,зерновые,0.39793016735097575,0.401088558113056,0.4172739177824991
AOI-0039,2023-08-18,зерновые,0.39386757523094906,0.401468237188033,0.4131431134924165
AOI-0039,2023-09-30,зерновые,0.44420451123282884,0.4218682410841687,0.3980150443882143
AOI-0039,2023-10-06,зерновые,0.4135803613948269,0.4192275469345159,0.43407600152179543
AOI-0039,2023-10-11,зерновые,0.4318004383691072,0.4258432130157873,0.4428228771397149
AOI-0039,2023-10-15,зерновые,0.439502523790419,0.4488075901535234,0.4683665136564115
AOI-0039,2023-10-29,зерновые,0.4119445410857052,0.41839337943679383,0.435903191461272
AOI-0039,2024-04-08,зерновые,0.4877814048726141,0.487300657918957,0.4877108499005139
AOI-0039,2024-05-23,зерновые,0.6382578050120904,0.6318127962177511,0.6364144983070044
AOI-0039,2024-06-09,зерновые,0.5259924185008372,0.5068160070716464,0.47764629025931876
AOI-0039,2024-06-19,зерновые,0.49253436542807627,0.5068046063298842,0.5075501989193943
AOI-0039,2024-07-15,зерновые,0.3366099965953758,0.3464508945171404,0.36419959249978834
AOI-0039,2024-07-21,зерновые,0.35714417171896334,0.3776352235936995,0.40449591772903093
AOI-0039,2024-08-21,зерновые,0.2818713481793848,0.29909042325778457,0.3228319939909672
AOI-0039,2024-08-31,зерновые,0.2803489287781616,0.29284234639218587,0.31202923799823623
AOI-0039,2024-09-13,зерновые,0.3053330557578895,0.3011840386972417,0.28068819097723013
AOI-0039,2024-09-18,зерновые,0.27191912377779004,0.2834511873921276,0.3097191699013471
AOI-0039,2024-10-30,зерновые,0.20862638313726042,0.20795333533008462,0.2256459608516061
AOI-0042,2010-06-04,зерновые,0.1929258774646452,0.19055056369399484,0.18940535394709876
AOI-0042,2010-06-05,зерновые,0.19382476931432213,0.19150761478344105,0.18938296567259963
AOI-0042,2010-07-15,зерновые,0.15713904779316426,0.15919554528786553,0.16013134560411257
AOI-0042,2010-08-15,зерновые,0.13649241459686282,0.13796575760636037,0.13346662619924232
AOI-0042,2010-08-31,зерновые,0.14464948179610126,0.14506935372546845,0.14370177461796282
AOI-0042,2010-10-16,зерновые,0.2272315466419875,0.22510673983756588,0.21482413287132876
AOI-0042,2011-05-14,зерновые,0.6336927636216104,0.6283361964535278,0.6271890352936094
AOI-0042,2011-05-30,зерновые,0.7218223956302027,0.7229466733474373,0.7221762414922354
AOI-0042,2011-07-02,зерновые,0.22665391511553973,0.22869240416079886,0.2315673996595135
AOI-0042,2011-07-28,зерновые,0.22991303317480655,0.22904457622020286,0.22400280352068608
AOI-0042,2011-08-13,зерновые,0.23510194253267813,0.23441514608977668,0.22940733908831548
AOI-0042,2011-08-29,зерновые,0.25772026696404804,0.2584121164798849,0.2537913450005484
AOI-0042,2011-09-27,зерновые,0.2625469203580965,0.2629915458710373,0.2577828457102452
AOI-0042,2011-10-16,зерновые,0.34074091049536614,0.34109075258679267,0.33444458483387995
AOI-0042,2012-06-25,зерновые,0.25756176652095836,0.24119906615759032,0.2190780840159423
AOI-0042,2012-07-20,зерновые,0.2251111511309744,0.22594879683815783,0.22571956354958778
AOI-0042,2012-08-28,зерновые,0.26689905790364965,0.26290224160312137,0.25085238565992746
AOI-0042,2013-04-26,зерновые,0.19665051857701646,0.19815026255700538,0.19713172982726598
AOI-0042,2013-05-11,зерновые,0.21649976307775182,0.21861858805158765,0.2137581444422473
AOI-0042,2013-06-13,зерновые,0.3791752162361284,0.3789282847869519,0.37875214455842476
AOI-0042,2013-09-08,зерновые,0.25474500768519265,0.25215951134735054,0.24468396681297463
AOI-0042,2014-04-05,зерновые,0.23450045390352034,0.2293265988155417,0.22098173512826366
AOI-0042,2014-06-16,зерновые,0.23272798518654597,0.2296582453423752,0.23269475450982083
AOI-0042,2014-10-16,зерновые,0.17095937690675567,0.16430199902063314,0.14850423827439435
AOI-0042,2015-07-13,зерновые,0.1945022315658135,0.19389079754262653,0.1897522197776326
AOI-0042,2015-08-29,зерновые,0.20732214787812656,0.2021888138952908,0.1899219685583854
AOI-0042,2015-09-06,зерновые,0.16421806851049883,0.16015835910560197,0.16009807234463072
AOI-0042,2015-09-23,зерновые,0.19664518733560746,0.1998908732150426,0.199673241771592
AOI-0042,2015-10-16,зерновые,0.26766636692822443,0.264222816018474,0.2437828547593718
AOI-0042,2016-06-21,зерновые,0.2240735052654527,0.2254642712000284,0.22841333066536046
AOI-0042,2016-07-15,зерновые,0.1618438142915986,0.16252481744176225,0.16248856736478215
AOI-0042,2016-08-16,зерновые,0.1903409559304001,0.18735341897002689,0.1833865454362541
AOI-0042,2017-04-13,зерновые,0.165621285994375,0.17140209142625107,0.17168545597681525
AOI-0042,2017-04-28,зерновые,0.16713105030426906,0.1720729359990285,0.16912635805838783
AOI-0042,2017-05-07,зерновые,0.20569971977869955,0.20950297529021708,0.21001982318234166
AOI-0042,2017-05-23,зерновые,0.19055966439812871,0.19556641235950936,0.20006174720942388
AOI-0042,2017-06-07,зерновые,0.19578212311001142,0.1930737050596605,0.19287898508215084
AOI-0042,2017-06-08,зерновые,0.20274813764502633,0.1990593727706211,0.19682965139548642
AOI-0042,2017-07-25,зерновые,0.16805573322997344,0.17364570246207997,0.170272240344544
AOI-0042,2017-07-26,зерновые,0.19254090264640558,0.19622792058549882,0.19862193631993097
AOI-0042,2017-08-03,зерновые,0.15872508927882117,0.15658015967394154,0.1562153530941379
AOI-0042,2017-08-06,зерновые,0.14254227440335726,0.14398970562068772,0.1392816087793664
AOI-0042,2017-08-13,зерновые,0.1949547776604807,0.18572646521820066,0.1680158037857294
AOI-0042,2017-08-19,зерновые,0.13968647822659244,0.14101056300592746,0.14025116491554088
AOI-0042,2017-08-26,зерновые,0.12939305065199513,0.13081017687498298,0.12417564480173532
AOI-0042,2017-10-05,зерновые,0.19928815820464504,0.20175759885220912,0.20614797958690642
AOI-0042,2018-05-05,зерновые,0.658171082930082,0.6638881499026976,0.6649201850441034
AOI-0042,2018-05-25,зерновые,0.5873432338260401,0.5672638610959411,0.5354350171295514
AOI-0042,2018-06-12,зерновые,0.28520982351491597,0.28604707383819156,0.28759408574644557
AOI-0042,2018-08-21,зерновые,0.18979624322125577,0.190841593405759,0.18910176081073013
AOI-0042,2018-10-01,зерновые,0.22675413179572912,0.2285669392136839,0.2245261203533663
AOI-0042,2019-04-10,зерновые,0.16261506071096066,0.16234007954055465,0.1569931612971588
AOI-0042,2019-04-27,зерновые,0.20860783130130772,0.2079447273541932,0.2045180799169945
AOI-0042,2019-06-21,зерновые,0.1580985122106819,0.15928814812520123,0.16172086304803202
AOI-0042,2019-06-22,зерновые,0.12703570447347318,0.1325526096311409,0.12804368942918345
AOI-0042,2019-08-03,зерновые,0.1403964324884135,0.1407296467179035,0.13164950861080624
AOI-0042,2019-08-16,зерновые,0.14067355452441482,0.1417472940787128,0.13443281886711805
AOI-0042,2019-08-26,зерновые,0.13351076701759929,0.1376020652031399,0.13528450587492064
AOI-0042,2019-09-02,зерновые,0.15953351647850048,0.1591142219869328,0.15422652857285374
AOI-0042,2019-09-10,зерновые,0.15193554113948898,0.1537110403535688,0.15067828748166126
AOI-0042,2019-09-22,зерновые,0.16668653991097085,0.16192767401839298,0.152740389799769
AOI-0042,2019-10-19,зерновые,0.520821471399396,0.5143251829099863,0.5138186437977409
AOI-0042,2019-10-20,зерновые,0.5105923865478836,0.5073687365749011,0.5116943470925863
AOI-0042,2019-10-28,зерновые,0.49270631914697366,0.5044701301487315,0.5259424831079891
AOI-0042,2020-04-06,зерновые,0.7725343980281096,0.7704967429253933,0.7573636743288837
AOI-0042,2020-05-04,зерновые,0.7746945075250155,0.7704338236935523,0.7461851789588843
AOI-0042,2020-07-03,зерновые,0.1555673844021351,0.15786851770247415,0.1514183080620818
AOI-0042,2020-07-25,зерновые,0.15452402243561708,0.1516093517350811,0.1474024674305354
AOI-0042,2020-08-27,зерновые,0.11568993890200345,0.1123256933539765,0.10078481541074634
AOI-0042,2020-09-29,зерновые,0.1751677630096555,0.16449012225516643,0.1476378076754925
AOI-0042,2021-04-07,зерновые,0.17261819731564784,0.16207323313958671,0.15365572986662462
AOI-0042,2021-04-12,зерновые,0.14023876233642013,0.1352183764788444,0.13072426786369587
AOI-0042,2021-05-17,зерновые,0.15781687305937483,0.16672845991807236,0.16306915085020507
AOI-0042,2021-06-23,зерновые,0.15973779620988565,0.15180313286363817,0.14189888038184423
AOI-0042,2021-07-01,зерновые,0.1384751122316082,0.13396284065882183,0.12347228030292583
AOI-0042,2021-07-11,зерновые,0.136155346446912,0.1375940980306132,0.13080363681461082
AOI-0042,2021-07-13,зерновые,0.14850001651635758,0.1527976563754007,0.14507442168928228
AOI-0042,2021-07-21,зерновые,0.12196105844254561,0.12364623660538158,0.11947895982943127
AOI-0042,2021-07-28,зерновые,0.17931860060919008,0.17075622841772625,0.15336278398018408
AOI-0042,2021-07-31,зерновые,0.1290176485548552,0.1292512635143802,0.1227379988833276
AOI-0042,2021-08-17,зерновые,0.1294731130172095,0.13351376648279573,0.12310930936541928
AOI-0042,2021-09-14,зерновые,0.16356405297711116,0.15915457153555046,0.14424234024268817
AOI-0042,2022-04-12,зерновые,0.5865381041586228,0.5871489669757443,0.569566477685568
AOI-0042,2022-04-27,зерновые,0.7974564507763116,0.7954933815692107,0.7762694520087282
AOI-0042,2022-05-09,зерновые,0.8066034082250949,0.7911620259094807,0.7756188925847287
AOI-0042,2022-05-14,зерновые,0.7758257967558301,0.7722544982688769,0.7560014892512075
AOI-0042,2022-05-25,зерновые,0.7774046502827889,0.7612514652147897,0.7421057586179325
AOI-0042,2022-06-05,зерновые,0.773778146145168,0.7652170301007828,0.7505443360605523
AOI-0042,2022-06-21,зерновые,0.27136606927765966,0.2691501775332119,0.2653580783843642
AOI-0042,2022-07-24,зерновые,0.1298712629748337,0.12984962705417374,0.12339334409829229
AOI-0042,2022-08-10,зерновые,0.14625333237496901,0.1471688221913928,0.14021007918156927
AOI-0042,2022-08-17,зерновые,0.12514196690803198,0.12122159677621126,0.11012807219328213
AOI-0042,2022-09-14,зерновые,0.19191656990866526,0.1855277219095268,0.17111832351806083
AOI-0042,2022-10-19,зерновые,0.14776132224770797,0.14810743662090708,0.15382098667035196
AOI-0042,2023-04-23,зерновые,0.3117551190507413,0.30617202479506833,0.31289142781260687
AOI-0042,2023-05-02,зерновые,0.17897159179979488,0.18408623804598973,0.17869477719683055
AOI-0042,2023-05-19,зерновые,0.20895280678678524,0.21066985090916288,0.19704675239664093
AOI-0042,2023-06-08,зерновые,0.17619650150719682,0.16830330204058208,0.16068365413905622
AOI-0042,2023-06-10,зерновые,0.29870802949602976,0.2871178838456602,0.28291439857438366
AOI-0042,2023-06-21,зерновые,0.1529945723815513,0.14448348229979896,0.13367884335315966
AOI-0042,2023-06-23,зерновые,0.1795872021586637,0.15955577958363248,0.1477068707826449
AOI-0042,2023-06-26,зерновые,0.2016398684475301,0.19188796055157578,0.17152135676054855
AOI-0042,2023-07-03,зерновые,0.1676046645665271,0.17483895838689972,0.16901194654000548
AOI-0042,2023-07-06,зерновые,0.14256892070066401,0.14312228364797067,0.13753785294850293
AOI-0042,2023-07-28,зерновые,0.21480049805073925,0.20057615359708356,0.185790745870421
AOI-0042,2023-08-07,зерновые,0.16049026125845753,0.15382691926114025,0.13832275344511255
AOI-0042,2023-08-08,зерновые,0.1571590046846033,0.1493499895805644,0.13954463506344136
AOI-0042,2023-08-15,зерновые,0.14186297878514903,0.14096579204112242,0.13506410206147912
AOI-0042,2023-08-20,зерновые,0.13340345984457697,0.13139337942382534,0.12703922721171343
AOI-0042,2023-09-01,зерновые,0.15396291515051821,0.1437768963398006,0.1321930632434103
AOI-0042,2023-10-01,зерновые,0.1738542458731091,0.1711659841649328,0.16015176309671908
AOI-0042,2023-10-09,зерновые,0.17453286348913286,0.17297432063227683,0.16870197199991022
AOI-0042,2023-10-30,зерновые,0.4229524589402075,0.4116430944325912,0.4173516098210318
AOI-0042,2024-05-17,зерновые,0.8092976703579027,0.8055569890214401,0.7823370539492002
AOI-0042,2024-05-23,зерновые,0.7769098811084669,0.7637681223166459,0.7431322022102936
AOI-0042,2024-06-11,зерновые,0.340239414350226,0.3281822012855176,0.32118850509098756
AOI-0042,2024-06-18,зерновые,0.27710136386563494,0.2732034427305557,0.2706651143561631
AOI-0042,2024-06-19,зерновые,0.26975949754096407,0.2679933859195824,0.2699813317542383
AOI-0042,2024-07-02,зерновые,0.18329043781834287,0.17713873895154494,0.16943355762803028
AOI-0042,2024-07-20,зерновые,0.12141979876918288,0.1179394164690469,0.1113395577209441
AOI-0042,2024-07-29,зерновые,0.16814118530540242,0.16651740783793895,0.1682818344286546
AOI-0042,2024-07-30,зерновые,0.11701388295657007,0.11295141334423432,0.1072901811260213
AOI-0042,2024-08-12,зерновые,0.15657383728419394,0.15096655747916435,0.13452454153696444
AOI-0042,2024-08-13,зерновые,0.14952408149330776,0.14535644852654944,0.14112750608419486
AOI-0042,2024-08-16,зерновые,0.11843483617307507,0.10967526076989578,0.09590106945539646
AOI-0042,2024-08-19,зерновые,0.10841138843761577,0.09948218106742474,0.09549183915005859
AOI-0042,2024-08-21,зерновые,0.11448322803759518,0.10687740570116261,0.09620506729091567
AOI-0042,2024-08-31,зерновые,0.12538969713151343,0.11537966636555304,0.10567510195345163
AOI-0042,2024-09-15,зерновые,0.1344376530955899,0.12630528179710457,0.11631185459585448
AOI-0042,2024-09-23,зерновые,0.13494899150777195,0.127250011237943,0.11898716320606434
AOI-0042,2024-09-25,зерновые,0.1441936004463129,0.1358359771192315,0.12223140447974742
AOI-0042,2024-09-30,зерновые,0.13143743658821447,0.12326462988273194,0.11372046800251286
AOI-0042,2024-10-01,зерновые,0.14757666949780412,0.14568284001464593,0.14576609989212136
AOI-0042,2024-10-13,зерновые,0.10136746452962739,0.09201938179885152,0.08345687596353425
AOI-0042,2024-10-30,зерновые,0.13386256490416656,0.11979640986598251,0.10986100562351742
AOI-0047,2010-04-24,зерновые,0.19741509854765407,0.19720469533552878,0.1993505098573412
AOI-0047,2010-05-09,зерновые,0.31716816600414105,0.32188935147040143,0.34378681381239606
AOI-0047,2010-06-26,зерновые,0.763747716973022,0.7727614762866635,0.7724176486015599
AOI-0047,2010-07-21,зерновые,0.7390096172062794,0.7456470248510352,0.75073687457599
AOI-0047,2010-07-28,зерновые,0.6571290097764629,0.6548752322623885,0.6498352257560829
AOI-0047,2011-05-25,зерновые,0.682701328978889,0.6948715286614744,0.7241920354996028
AOI-0047,2011-07-16,зерновые,0.3064394337751145,0.3190395756702818,0.33197969470247607
AOI-0047,2011-08-13,зерновые,0.24549543574396943,0.259015522767756,0.2741475516388285
AOI-0047,2011-08-29,зерновые,0.24853168036507908,0.26114475716323204,0.2788294418991728
AOI-0047,2012-07-02,зерновые,0.3376287652677701,0.3486671873819822,0.36194134792092086
AOI-0047,2012-07-18,зерновые,0.3003826008840306,0.3135741516176031,0.3233737110299459
AOI-0047,2012-09-29,зерновые,0.2228783972432266,0.22754305938067634,0.23652417688470753
AOI-0047,2013-06-11,зерновые,0.2243666789069115,0.22725703883618611,0.23509390776057876
AOI-0047,2013-07-21,зерновые,0.3024616153102289,0.30916882300396353,0.3225111696942444
AOI-0047,2014-06-30,зерновые,0.24998116076691862,0.25856084530490264,0.2823185196795986
AOI-0047,2014-07-12,зерновые,0.2906396512857101,0.3009642921331195,0.3064372677613742
AOI-0047,2014-07-16,зерновые,0.2248632632427297,0.22877092848475006,0.24940541489764856
AOI-0047,2015-06-01,зерновые,0.7676831335143864,0.7672973988855174,0.777865510848774
AOI-0047,2015-07-11,зерновые,0.36681184182626303,0.37441066031542986,0.38650445591724164
AOI-0047,2015-09-14,зерновые,0.2620785739659997,0.2685101006390949,0.2835453558068907
AOI-0047,2016-06-25,зерновые,0.7661681470461698,0.7655815729738074,0.7608633735017415
AOI-0047,2016-08-28,зерновые,0.40456192352313086,0.4119903944394068,0.4140636937847928
AOI-0047,2016-09-13,зерновые,0.3774487959328702,0.3754575163028082,0.3837742745645232
AOI-0047,2016-10-09,зерновые,0.24584473669157253,0.24525865385737045,0.2662116647257391
AOI-0047,2017-04-03,зерновые,0.18041947007333525,0.18034553011446972,0.19303913985661844
AOI-0047,2017-04-07,зерновые,0.33859799353872166,0.33950163548629847,0.35438292463789123
AOI-0047,2017-04-28,зерновые,0.3117026037353862,0.30492019795928205,0.3076703307890467
AOI-0047,2017-07-28,зерновые,0.2144084413194368,0.22646368499307865,0.24275048224048185
AOI-0047,2018-05-09,зерновые,0.31710593939692516,0.3226026975954517,0.3433740569030576
AOI-0047,2018-06-09,зерновые,0.22111568010151314,0.2168862071887119,0.22751063442678154
AOI-0047,2018-06-10,зерновые,0.2572111317019992,0.2548051575054935,0.2628063175595399
AOI-0047,2018-06-15,зерновые,0.17925921688193508,0.18328988864525872,0.1833293905024832
AOI-0047,2018-07-02,зерновые,0.18155855636066753,0.18354100841766757,0.18804524654471083
AOI-0047,2018-07-28,зерновые,0.3197249660203103,0.3347970340536125,0.3419786840372853
AOI-0047,2018-09-29,зерновые,0.20603536480855925,0.210037960632238,0.21973832195216397
AOI-0047,2018-10-07,зерновые,0.19828651309824735,0.19486635636450572,0.20290323103549066
AOI-0047,2019-05-27,зерновые,0.9105938960945039,0.9177463108510149,0.9174159900114445
AOI-0047,2019-05-28,зерновые,0.8969549994276221,0.8985178575516485,0.9004402370978712
AOI-0047,2019-06-15,зерновые,0.5484217615667213,0.5625882409467478,0.5701670816272714
AOI-0047,2019-06-30,зерновые,0.2400885082413488,0.24530915389113692,0.25902295976698025
AOI-0047,2019-08-19,зерновые,0.33586503234093684,0.3442285189258109,0.35163554402139824
AOI-0047,2019-08-29,зерновые,0.30232056339666513,0.30482991959140365,0.2925889780580659
AOI-0047,2019-08-31,зерновые,0.2485378277367553,0.24839082633304288,0.2558504333223168
AOI-0047,2019-09-14,зерновые,0.3259182923103723,0.3254276405749973,0.334371464972475
AOI-0047,2019-09-30,зерновые,0.3522629292749227,0.3542412412084529,0.3587493531591048
AOI-0047,2019-10-13,зерновые,0.3934258338931684,0.3944711476063556,0.4157108803228256
AOI-0047,2019-10-16,зерновые,0.4776330525231508,0.47815284101581723,0.493038491275825
AOI-0047,2020-04-06,зерновые,0.30894003552113175,0.3137193477146004,0.32610231028906644
AOI-0047,2020-04-30,зерновые,0.16984133398486934,0.1709060176234917,0.18932093829648272
AOI-0047,2020-06-04,зерновые,0.25156014827501,0.24903871602952468,0.2552078292666731
AOI-0047,2020-06-16,зерновые,0.19059709229190147,0.1927779577258517,0.19944113653975143
AOI-0047,2020-07-16,зерновые,0.11356410448623297,0.11847340180289938,0.1326247258075422
AOI-0047,2020-08-03,зерновые,0.14441214823700252,0.14992711814913712,0.16113496928171248
AOI-0047,2020-08-08,зерновые,0.1407317754657138,0.14426734720722142,0.15506310828413583
AOI-0047,2020-10-05,зерновые,0.14579607777668802,0.1456816842772685,0.15731852177296415
AOI-0047,2020-10-20,зерновые,0.20361027385886263,0.20033327854424743,0.2152129684440156
AOI-0047,2020-10-22,зерновые,0.1061851430461086,0.10588310555952374,0.11661210293980548
AOI-0047,2021-05-16,зерновые,0.8628258144994753,0.8524931633985952,0.8504724488253276
AOI-0047,2021-05-17,зерновые,0.8352124688361444,0.8262891615837337,0.8240579441936995
AOI-0047,2021-05-20,зерновые,0.847172770024963,0.8490725454212474,0.8597800950897634
AOI-0047,2021-06-09,зерновые,0.8547262408185844,0.8517503113094336,0.8631388243760917
AOI-0047,2021-07-11,зерновые,0.2775009793257808,0.2781610666414344,0.28866551198148427
AOI-0047,2021-07-19,зерновые,0.18941668797561448,0.19216870584996057,0.19949052415385463
AOI-0047,2021-08-30,зерновые,0.2425212912590018,0.2537446278429897,0.2609899719632191
AOI-0047,2021-09-02,зерновые,0.2353120332531498,0.23892720184236182,0.24408043117516295
AOI-0047,2021-09-07,зерновые,0.3819353493150993,0.3852499366570801,0.4008044895927263
AOI-0047,2021-10-16,зерновые,0.6462093889045334,0.6450488980786467,0.6455642846025683
AOI-0047,2022-04-05,зерновые,0.2347905682416429,0.24087955107965586,0.2463697077633671
AOI-0047,2022-04-10,зерновые,0.26729087314277755,0.27079983214928677,0.2768186458004305
AOI-0047,2022-05-30,зерновые,0.18371027078951932,0.2006717463211722,0.20097485940002416
AOI-0047,2022-06-04,зерновые,0.17468511003725096,0.1827380498732954,0.19334233767612108
AOI-0047,2022-06-08,зерновые,0.20314843336216604,0.2021569072129437,0.21595995939365026
AOI-0047,2022-06-11,зерновые,0.19081717135651746,0.19192429817908296,0.191960477473973
AOI-0047,2022-06-19,зерновые,0.17027008744403543,0.17701546978648042,0.1725698824710767
AOI-0047,2022-06-21,зерновые,0.17606028555314704,0.17722670738366283,0.18376154666614494
AOI-0047,2022-07-14,зерновые,0.1428242076210448,0.1461072644009966,0.15468998662448047
AOI-0047,2022-07-30,зерновые,0.1983555473337006,0.2033776536002659,0.21975989611410282
AOI-0047,2022-08-07,зерновые,0.17296084672969364,0.17570114953142627,0.1886233946213051
AOI-0047,2022-08-08,зерновые,0.14853680836097383,0.15072371127028572,0.15857259271221996
AOI-0047,2022-08-10,зерновые,0.1489431788356598,0.15139215696318198,0.16127685527699506
AOI-0047,2022-08-13,зерновые,0.18292150669432544,0.1853428482340142,0.18188663559502305
AOI-0047,2022-08-30,зерновые,0.15979749151423972,0.16129723709931781,0.16274364361820884
AOI-0047,2022-09-01,зерновые,0.16946979759055045,0.17100173522226458,0.1807998957031106
AOI-0047,2022-10-18,зерновые,0.35848473910854806,0.3536319308447775,0.3702808837096991
AOI-0047,2023-06-16,зерновые,0.7644538934105162,0.7656267445521522,0.7775124581985775
AOI-0047,2023-07-17,зерновые,0.23308202379884274,0.24059646983146912,0.25600555806514125
AOI-0047,2023-07-25,зерновые,0.21740554033774143,0.2235061273955769,0.24186042847360673
AOI-0047,2023-07-26,зерновые,0.1763011637506739,0.18175630750400928,0.18761649285922985
AOI-0047,2023-08-05,зерновые,0.16669892131333525,0.17332558506343976,0.18251479006219223
AOI-0047,2023-08-15,зерновые,0.1556607456393299,0.16178276197525435,0.17227419802140664
AOI-0047,2023-09-17,зерновые,0.15780099600236178,0.16003986956458316,0.1751808900601637
AOI-0047,2023-09-22,зерновые,0.16069898070233593,0.16522202200551006,0.18141929365292828
AOI-0047,2023-09-27,зерновые,0.1770496038701383,0.17534051313940116,0.18561759262860383
AOI-0047,2023-10-04,зерновые,0.16556636352922183,0.16187624423837602,0.1704621145655736
AOI-0047,2023-10-22,зерновые,0.1783234237203449,0.17596301088774774,0.18617272780496605
AOI-0047,2024-04-29,зерновые,0.24770169723644853,0.25961317318723803,0.2703777055007065
AOI-0047,2024-05-04,зерновые,0.2364630471108387,0.23652603923834198,0.24432465366226366
AOI-0047,2024-05-24,зерновые,0.26452801247094443,0.2594070090429145,0.24865290063727818
AOI-0047,2024-06-10,зерновые,0.26144292152148135,0.2628918395238109,0.27025825920879937
AOI-0047,2024-06-25,зерновые,0.2851577460490091,0.28204713509817014,0.27119294457039117
AOI-0047,2024-07-30,зерновые,0.22717981625351533,0.2321532650962763,0.2366794055798332
AOI-0047,2024-09-11,зерновые,0.1689953923301183,0.17171469174342277,0.18295888443739577
AOI-0047,2024-10-08,зерновые,0.12035942768990653,0.1232752630993561,0.13399415204671983
AOI-0047,2024-10-13,зерновые,0.13732003774090115,0.13166357579677138,0.1500503661030103
AOI-0047,2024-10-15,зерновые,0.2445920070339005,0.23853033602876936,0.2508104522640406
AOI-0049,2010-08-04,озимая пшеница,0.5474534892640754,0.5434547230498521,0.547536383360586
AOI-0049,2010-08-28,озимая пшеница,0.20683876368871332,0.2087501342999224,0.2094947701146938
AOI-0049,2010-09-05,озимая пшеница,0.17985782443589735,0.17757636533726448,0.1786314055679959
AOI-0049,2010-09-30,озимая пшеница,0.2851727329922196,0.2832120099569916,0.28616646856837213
AOI-0049,2011-04-26,озимая пшеница,0.5981217118469717,0.5870133108425095,0.5893365528728532
AOI-0049,2011-05-25,озимая пшеница,0.8228899882202818,0.8130262813869031,0.8078528084591994
AOI-0049,2011-05-27,озимая пшеница,0.8377123253650499,0.8325673879361473,0.8275150750646495
AOI-0049,2011-06-12,озимая пшеница,0.7416285225306855,0.7475624839515729,0.7569098568127144
AOI-0049,2011-07-12,озимая пшеница,0.35560188755719435,0.35364849462592285,0.35805900589682765
AOI-0049,2011-09-08,озимая пшеница,0.1963381876418829,0.19238290203589972,0.19131108937016827
AOI-0049,2011-09-24,озимая пшеница,0.20084407627321593,0.1980159306283869,0.19519278815176958
AOI-0049,2011-10-11,озимая пшеница,0.2590483481084219,0.25108187451050673,0.25024526865739855
AOI-0049,2011-10-27,озимая пшеница,0.3340982368759652,0.3285283512279621,0.3279483899103802
AOI-0049,2012-05-06,озимая пшеница,0.24246983487793994,0.23881942924508115,0.23805028413321452
AOI-0049,2012-05-08,озимая пшеница,0.38168143957628275,0.3868086873465688,0.39161559419524117
AOI-0049,2012-09-18,озимая пшеница,0.26269083418415196,0.2612520074764354,0.26189681010107174
AOI-0049,2012-10-15,озимая пшеница,0.29645301115394146,0.2889262628126774,0.291993488602484
AOI-0049,2013-05-25,озимая пшеница,0.4706402064174754,0.47076291975903944,0.4709190854959709
AOI-0049,2013-06-17,озимая пшеница,0.5438142760469051,0.5310641557862323,0.5303877660739059
AOI-0049,2013-07-11,озимая пшеница,0.7699469611540339,0.771409983895514,0.7643450187962942
AOI-0049,2013-08-05,озимая пшеница,0.6824272834565333,0.6924842875215946,0.7046589600977937
AOI-0049,2013-08-20,озимая пшеница,0.416975502690871,0.4140284211405411,0.41299011409699193
AOI-0049,2013-09-30,озимая пшеница,0.29911407530377887,0.2980404609934591,0.30029716610373575
AOI-0049,2013-10-24,озимая пшеница,0.20834857935707757,0.20593395285211166,0.21118705820085332
AOI-0049,2014-04-18,озимая пшеница,0.78904302787147,0.7883907186244289,0.7903302346296881
AOI-0049,2014-05-09,озимая пшеница,0.8574172365293993,0.849469214907864,0.8457223465546885
AOI-0049,2014-07-12,озимая пшеница,0.30816999450743066,0.3076069248496938,0.31051886330823647
AOI-0049,2014-09-16,озимая пшеница,0.2506233528837133,0.2524776938491447,0.2524052929077183
AOI-0049,2015-04-13,озимая пшеница,0.20780399364152732,0.2003366440929162,0.20125314397424446
AOI-0049,2015-05-22,озимая пшеница,0.3024862600606599,0.30056056067838693,0.3045838855549441
AOI-0049,2015-07-12,озимая пшеница,0.7608197301613859,0.7553958997255633,0.7516164306169643
AOI-0049,2015-07-25,озимая пшеница,0.7949632671351132,0.7930799785899884,0.7875519973503492
AOI-0049,2015-07-28,озимая пшеница,0.664575044391573,0.6590916064165316,0.6500959949783
AOI-0049,2015-09-30,озимая пшеница,0.20312299785269666,0.20088917095706257,0.2027129416467919
AOI-0049,2015-10-30,озимая пшеница,0.21221211639334783,0.2030455179945365,0.19754631532013453
AOI-0049,2016-04-22,озимая пшеница,0.8351743271624189,0.8301595178075598,0.8289395998288969
AOI-0049,2016-08-28,озимая пшеница,0.2794788451126876,0.28246095904222457,0.28027317731633167
AOI-0049,2016-09-14,озимая пшеница,0.23431211643682143,0.24081606052964988,0.24039445135644866
AOI-0049,2016-09-29,озимая пшеница,0.4523702374900469,0.4512487432166091,0.4537009298133953
AOI-0049,2017-06-21,озимая пшеница,0.8696278526244118,0.8735533068112619,0.8737398225639403
AOI-0049,2017-07-14,озимая пшеница,0.8086442063352217,0.8151208703742711,0.8115913598395305
AOI-0049,2017-08-13,озимая пшеница,0.45020715623250096,0.4495971264697266,0.4455105419986595
AOI-0049,2017-09-13,озимая пшеница,0.23550365004223045,0.24076627256286157,0.24111766764270884
AOI-0049,2017-09-17,озимая пшеница,0.2568529344121746,0.2612344633434299,0.26772224453303406
AOI-0049,2018-05-09,озимая пшеница,0.839117289563277,0.8311438275310834,0.8291117890073557
AOI-0049,2018-06-16,озимая пшеница,0.2936658159772688,0.29539991592056025,0.30343098736283997
AOI-0049,2018-06-24,озимая пшеница,0.23490271673746657,0.22789927564120252,0.23543129587916825
AOI-0049,2018-07-10,озимая пшеница,0.1915155563160575,0.18917349537136924,0.19248511192105483
AOI-0049,2018-08-02,озимая пшеница,0.17172262156355406,0.17322599977587397,0.1801442617912862
AOI-0049,2018-08-10,озимая пшеница,0.17322122814625696,0.1797457225087201,0.18607728765660644
AOI-0049,2018-08-27,озимая пшеница,0.1796517303221204,0.17602544759535435,0.1757666219552451
AOI-0049,2018-09-18,озимая пшеница,0.14245507159632045,0.1482858230054056,0.14912761251091675
AOI-0049,2018-10-06,озимая пшеница,0.1966050412988589,0.19270112158294525,0.19682818830629428
AOI-0049,2019-04-21,озимая пшеница,0.20922823558709802,0.21155368284391446,0.20609377572410542
AOI-0049,2019-07-12,озимая пшеница,0.6239782997479748,0.6229421074880213,0.6213215115460111
AOI-0049,2019-09-03,озимая пшеница,0.26399355616436004,0.26648388222094016,0.26551362853116467
AOI-0049,2019-09-23,озимая пшеница,0.14963395832036835,0.1487966633811429,0.15041635343286083
AOI-0049,2020-04-02,озимая пшеница,0.515416450576048,0.5144814675000864,0.5172816394226374
AOI-0049,2020-04-18,озимая пшеница,0.6426136469941238,0.6335518917266074,0.6354891651673269
AOI-0049,2020-04-25,озимая пшеница,0.7531929211727058,0.7532850351480249,0.7496411926750387
AOI-0049,2020-04-26,озимая пшеница,0.7452200078383104,0.7373279290842499,0.7329662825824307
AOI-0049,2020-05-11,озимая пшеница,0.8471152840583199,0.8435942870042156,0.838181737992526
AOI-0049,2020-05-28,озимая пшеница,0.8452578536400701,0.8433989245155464,0.8369787052518248
AOI-0049,2020-06-05,озимая пшеница,0.8400426464369671,0.8445739706931773,0.8428163697449732
AOI-0049,2020-07-15,озимая пшеница,0.19142181531901245,0.19684896596515158,0.20467297302838494
AOI-0049,2020-07-31,озимая пшеница,0.14246606161806152,0.1376061102953286,0.14155043369065182
AOI-0049,2020-08-13,озимая пшеница,0.13318256026936542,0.1348753101344789,0.1339245649142872
AOI-0049,2020-08-15,озимая пшеница,0.14815287680466338,0.14856800981757354,0.14709160141707928
AOI-0049,2020-08-31,озимая пшеница,0.17936020832658967,0.17935472739448552,0.18021518656895683
AOI-0049,2020-09-02,озимая пшеница,0.1520255227467448,0.15365751504503405,0.1528183200354491
AOI-0049,2020-09-13,озимая пшеница,0.22669327858094274,0.22578383050583972,0.22737136106543965
AOI-0049,2020-09-27,озимая пшеница,0.13299625661623216,0.12803519307271363,0.12720326212609886
AOI-0049,2020-10-07,озимая пшеница,0.13514670804069406,0.13254461430103565,0.13471093688457186
AOI-0049,2021-04-23,озимая пшеница,0.3906506286265687,0.3979881775343099,0.40681214727438786
AOI-0049,2021-06-09,озимая пшеница,0.5639193966479947,0.5727071114543639,0.5727797172029906
AOI-0049,2021-07-18,озимая пшеница,0.8032712166222724,0.7955444268846744,0.7881882028456272
AOI-0049,2021-07-19,озимая пшеница,0.8107380135479346,0.8055292748780332,0.799466255908494
AOI-0049,2021-07-24,озимая пшеница,0.7954465822167462,0.79538625516639,0.7909668117311981
AOI-0049,2021-08-08,озимая пшеница,0.6912770446551291,0.6889792127536182,0.6886286522898136
AOI-0049,2021-09-27,озимая пшеница,0.1795525776251202,0.1845289524746966,0.18749235019181504
AOI-0049,2021-09-28,озимая пшеница,0.2266894105554825,0.22506761242655665,0.22913077744349003
AOI-0049,2022-06-24,озимая пшеница,0.3860997273560414,0.38716112412010345,0.3798570484300678
AOI-0049,2022-07-13,озимая пшеница,0.20999831716258713,0.2117775834279567,0.22000373204799306
AOI-0049,2022-08-28,озимая пшеница,0.15274600365762722,0.1582071862999605,0.1568647055791452
AOI-0049,2022-08-30,озимая пшеница,0.17228408836940198,0.17619154318037597,0.17629106211338558
AOI-0049,2022-09-06,озимая пшеница,0.17967995614018353,0.17474795847321506,0.1764103816855085
AOI-0049,2022-09-14,озимая пшеница,0.20228568361306812,0.20200578137866612,0.19934632976738328
AOI-0049,2022-10-08,озимая пшеница,0.23259700277887368,0.23176789009259602,0.23920186026054666
AOI-0049,2023-06-22,озимая пшеница,0.5086377976456291,0.5127568802138615,0.512275274713766
AOI-0049,2023-06-23,озимая пшеница,0.49899008744086065,0.5012897460706458,0.4999179047009207
AOI-0049,2023-07-15,озимая пшеница,0.25323158214025077,0.2578935790988552,0.26478019476763776
AOI-0049,2023-07-23,озимая пшеница,0.22618078365239724,0.24274382237714312,0.2484502530367259
AOI-0049,2023-08-08,озимая пшеница,0.28447297016191186,0.2903601034842656,0.2907659273274587
AOI-0049,2023-08-24,озимая пшеница,0.3911860110473562,0.398070180696179,0.40486804426266754
AOI-0049,2023-09-12,озимая пшеница,0.23677534064923605,0.23814808908724006,0.23943079645542814
AOI-0049,2023-09-14,озимая пшеница,0.2801716551608177,0.28011652541590737,0.2723621093218506
AOI-0049,2023-09-22,озимая пшеница,0.2045963454411603,0.2070499474079703,0.20847612253790268
AOI-0049,2023-10-02,озимая пшеница,0.17230651449741602,0.17378843848486583,0.17405688957511328
AOI-0049,2024-06-23,озимая пшеница,0.5933406497771399,0.5922755352670172,0.5933306981816271
AOI-0049,2024-08-17,озимая пшеница,0.3711879264595646,0.37421541564661287,0.37126924655424876
AOI-0049,2024-08-28,озимая пшеница,0.24042882329538173,0.2401894166657851,0.24216891492118153
AOI-0049,2024-09-16,озимая пшеница,0.15704674184403278,0.16021498293523342,0.16006509400155575
AOI-0049,2024-09-29,озимая пшеница,0.21734352731740794,0.21389564514543638,0.21174318878935877
AOI-0049,2024-10-01,озимая пшеница,0.15469225839302775,0.15087524007855327,0.1532594709946505
AOI-0054,2010-07-19,озимая пшеница,0.7628715510723689,0.7632251294247603,0.7658365300654463
AOI-0054,2010-09-06,озимая пшеница,0.6107984017490302,0.6188777383969156,0.6330290554279567
AOI-0054,2010-09-30,озимая пшеница,0.5624825828975043,0.5666685093347184,0.5730287677309472
AOI-0054,2011-04-07,озимая пшеница,0.4387925054664842,0.434641321880917,0.43419189612035763
AOI-0054,2011-05-09,озимая пшеница,0.7145624048616301,0.7228923952016572,0.7358360922836562
AOI-0054,2011-05-25,озимая пшеница,0.8154481604992101,0.8143708487332992,0.8148035052244247
AOI-0054,2011-05-27,озимая пшеница,0.797644917054672,0.798781156915757,0.8004415554176014
AOI-0054,2011-06-10,озимая пшеница,0.7790799027297638,0.779329487006348,0.7758728174157823
AOI-0054,2011-06-20,озимая пшеница,0.8143271342035737,0.8098470231416108,0.8112589212782163
AOI-0054,2011-08-23,озимая пшеница,0.7387246833032923,0.7378635782129763,0.7392982515697598
AOI-0054,2011-10-16,озимая пшеница,0.6154422665330371,0.6270389907163285,0.6278339415099968
AOI-0054,2012-07-09,озимая пшеница,0.7815794015133393,0.7900145412984183,0.7972676775218134
AOI-0054,2012-07-16,озимая пшеница,0.7312809471872516,0.736678172585353,0.7359873721193452
AOI-0054,2012-08-26,озимая пшеница,0.687929150157859,0.6900373505923877,0.6939883253336984
AOI-0054,2012-09-29,озимая пшеница,0.6103913467862613,0.6234461339542323,0.6301694157906134
AOI-0054,2012-10-20,озимая пшеница,0.6515774456515444,0.6509342153565881,0.6634369385410126
AOI-0054,2013-08-21,озимая пшеница,0.7014396180651314,0.7118341588456615,0.7191305760785328
AOI-0054,2014-04-07,озимая пшеница,0.5698749942929057,0.5491854551951753,0.5567196411914095
AOI-0054,2014-05-09,озимая пшеница,0.8413401267374614,0.8376733314365707,0.8340797087770125
AOI-0054,2014-06-28,озимая пшеница,0.7736201642994794,0.772422682122503,0.775127809193159
AOI-0054,2014-07-28,озимая пшеница,0.7035031983639974,0.694314877193938,0.688987416237836
AOI-0054,2014-08-07,озимая пшеница,0.731243242497049,0.734177098038454,0.7366324445077143
AOI-0054,2014-08-08,озимая пшеница,0.7251153738547603,0.7312865978290419,0.736235702261432
AOI-0054,2014-08-13,озимая пшеница,0.6444939887303466,0.6379277144234297,0.6300796996586064
AOI-0054,2014-08-15,озимая пшеница,0.7239768913690356,0.7257120291724904,0.7265344734072074
AOI-0054,2014-10-11,озимая пшеница,0.5603173504742707,0.5863216816364692,0.6085810477305673
AOI-0054,2015-07-25,озимая пшеница,0.7820130498023988,0.7787324146632203,0.7788443780937523
AOI-0054,2015-08-26,озимая пшеница,0.7487331123126567,0.7460698757628689,0.7479499006371301
AOI-0054,2015-08-27,озимая пшеница,0.7536699805303365,0.7572379501637052,0.761016963037874
AOI-0054,2015-08-29,озимая пшеница,0.6695000851043051,0.6658935573426471,0.6612698060175095
AOI-0054,2015-09-20,озимая пшеница,0.6551162290839372,0.6620292886833584,0.6727714901618216
AOI-0054,2015-10-06,озимая пшеница,0.5155570596902811,0.5239614024533329,0.5452783654828988
AOI-0054,2016-04-30,озимая пшеница,0.7606765234615007,0.7502557530282497,0.7480547744323328
AOI-0054,2016-07-03,озимая пшеница,0.7977601830430225,0.7956643779878297,0.7960092019295097
AOI-0054,2016-08-29,озимая пшеница,0.7816476251791306,0.7821465115895228,0.7862082618879812
AOI-0054,2016-09-29,озимая пшеница,0.685750408478931,0.6842454911211197,0.6805988063560128
AOI-0054,2017-05-03,озимая пшеница,0.7413410305483891,0.7378903732877069,0.740809529533886
AOI-0054,2017-05-11,озимая пшеница,0.8229567864357052,0.8206465919428878,0.8206858825375736
AOI-0054,2017-05-19,озимая пшеница,0.845663338022759,0.8371743977007267,0.8334576707676884
AOI-0054,2017-05-27,озимая пшеница,0.8505162266241426,0.843711763488442,0.8424594766295715
AOI-0054,2017-06-10,озимая пшеница,0.8212428037858723,0.8184490286565206,0.8088627109389475
AOI-0054,2017-07-06,озимая пшеница,0.8062761584967258,0.8083007635835658,0.8089890900580902
AOI-0054,2017-09-01,озимая пшеница,0.4520109444194012,0.4850109444194012,0.5049543842589997
AOI-0054,2017-09-18,озимая пшеница,0.657823478686843,0.6798033735630942,0.6897091849321475
AOI-0054,2017-09-24,озимая пшеница,0.6286173436913102,0.6325854764555383,0.644802762170626
AOI-0054,2017-10-11,озимая пшеница,0.5918163140191091,0.6039157888404129,0.6218936041641744
AOI-0054,2018-04-04,озимая пшеница,0.3193348853617695,0.32641673778667846,0.32747334018549695
AOI-0054,2018-04-21,озимая пшеница,0.5555973793664121,0.5627316344588301,0.5697113709152939
AOI-0054,2018-04-28,озимая пшеница,0.7090097798635234,0.7060309029277668,0.700829949741927
AOI-0054,2018-04-29,озимая пшеница,0.7312269184106908,0.7334018229729364,0.7321903912614309
AOI-0054,2018-05-01,озимая пшеница,0.7494578765620077,0.7546084264108456,0.7553782860591775
AOI-0054,2018-05-11,озимая пшеница,0.8005922574190796,0.7952586422999149,0.7922814878864983
AOI-0054,2018-06-15,озимая пшеница,0.8039552631361941,0.8042927683797042,0.8049515036300935
AOI-0054,2018-06-16,озимая пшеница,0.7956012065063733,0.8015317513863851,0.8018051753222282
AOI-0054,2018-07-09,озимая пшеница,0.7169935388631687,0.7139126131007827,0.7140770048915187
AOI-0054,2018-09-12,озимая пшеница,0.6840650746766584,0.678200171747103,0.6736722245931807
AOI-0054,2018-10-13,озимая пшеница,0.6626919338145807,0.6734559322726101,0.681637513022401
AOI-0054,2018-10-29,озимая пшеница,0.5538420362552203,0.5616137298926994,0.5747388527365689
AOI-0054,2019-04-07,озимая пшеница,0.5675676987991688,0.5676157880273891,0.5728836428381171
AOI-0054,2019-05-25,озимая пшеница,0.8390907918806795,0.8332665158590933,0.8146492486763198
AOI-0054,2019-05-31,озимая пшеница,0.8385006143385508,0.8499688791881328,0.8529285087021548
AOI-0054,2019-06-15,озимая пшеница,0.8708660381921296,0.8676232580035913,0.872540598483676
AOI-0054,2019-06-18,озимая пшеница,0.8587358236587258,0.8424648766617437,0.8422008965905132
AOI-0054,2019-06-27,озимая пшеница,0.7939499593693554,0.7995897514365996,0.8014458621386759
AOI-0054,2019-07-04,озимая пшеница,0.8183292890777073,0.7971183551602525,0.7913661280384385
AOI-0054,2019-07-05,озимая пшеница,0.8349655312571838,0.8355773698036228,0.8351842928279537
AOI-0054,2019-07-12,озимая пшеница,0.7538249531684521,0.7364775933474148,0.729322575962475
AOI-0054,2019-07-28,озимая пшеница,0.7885331370937948,0.7751554501167947,0.7617771328026982
AOI-0054,2019-07-29,озимая пшеница,0.8360659928660266,0.8384367640730541,0.8368128408509744
AOI-0054,2019-08-14,озимая пшеница,0.8253043737086546,0.8342618780682212,0.8342167272590046
AOI-0054,2019-08-29,озимая пшеница,0.7054253604238564,0.7074232414116917,0.7041945297513589
AOI-0054,2019-08-30,озимая пшеница,0.7448145411059964,0.7463339174234269,0.7511087343715271
AOI-0054,2019-09-15,озимая пшеница,0.6283561603042556,0.6492121129299859,0.6590757339530096
AOI-0054,2019-10-09,озимая пшеница,0.6896504701378026,0.6960944739014714,0.7009174467811928
AOI-0054,2020-04-02,озимая пшеница,0.45867936633392226,0.4773902408662666,0.47832468311014215
AOI-0054,2020-04-09,озимая пшеница,0.47405263729721153,0.47548967857850616,0.4778096161498486
AOI-0054,2020-04-10,озимая пшеница,0.48626186205804967,0.5064359788407117,0.5157364763050452
AOI-0054,2020-04-22,озимая пшеница,0.6180868373320461,0.6279098713780256,0.633787232063679
AOI-0054,2020-04-30,озимая пшеница,0.6691092060600233,0.6807385204884551,0.6853206224138666
AOI-0054,2020-05-11,озимая пшеница,0.7814518171749592,0.7781576158184762,0.781160014692349
AOI-0054,2020-05-30,озимая пшеница,0.8161894444807503,0.8166867159903994,0.8180347261605255
AOI-0054,2020-06-28,озимая пшеница,0.7626871717971475,0.7604017682434532,0.7615796071362761
AOI-0054,2020-08-03,озимая пшеница,0.7795716616148893,0.7831495411395029,0.7859180756245137
AOI-0054,2020-09-07,озимая пшеница,0.7160439675153214,0.7178970511228224,0.7169545420691386
AOI-0054,2020-09-09,озимая пшеница,0.7618789623263614,0.7658080218603421,0.7664086384792194
AOI-0054,2020-10-17,озимая пшеница,0.3499935188567401,0.38299351885674016,0.3937865594751259
AOI-0054,2020-10-27,озимая пшеница,0.39586791019161255,0.4288679101916125,0.44069143303983543
AOI-0054,2021-04-29,озимая пшеница,0.6466726487018377,0.660019278324091,0.6615303608378889
AOI-0054,2021-05-09,озимая пшеница,0.7839396377612813,0.7848513025055666,0.7887446234344445
AOI-0054,2021-05-20,озимая пшеница,0.7702657194986265,0.7799313124661484,0.7740164869758929
AOI-0054,2021-06-16,озимая пшеница,0.8353358661296821,0.8359072830519398,0.8381069059831376
AOI-0054,2021-07-02,озимая пшеница,0.8190948900954957,0.8197051542423446,0.8185297799997469
AOI-0054,2021-07-18,озимая пшеница,0.803704599290192,0.7962260702298365,0.7924149970807953
AOI-0054,2021-07-24,озимая пшеница,0.7981819383640152,0.7955181638416791,0.7947193065598707
AOI-0054,2021-09-07,озимая пшеница,0.8011579048346548,0.8028768455388514,0.8050570780001307
AOI-0054,2021-10-16,озимая пшеница,0.6017014274983581,0.6146437934471933,0.6145964608954491
AOI-0054,2021-10-22,озимая пшеница,0.5783802071596471,0.6076620499166017,0.6169689010738355
AOI-0054,2021-10-30,озимая пшеница,0.5541303917363418,0.5695175354115336,0.5849066110762625
AOI-0054,2022-06-03,озимая пшеница,0.8889695713511546,0.888886896994328,0.8856493203650095
AOI-0054,2022-06-10,озимая пшеница,0.8491222270783675,0.8369508062893363,0.8270969117381562
AOI-0054,2022-06-26,озимая пшеница,0.7937609542631897,0.7828380896919246,0.7723867458157871
AOI-0054,2022-07-12,озимая пшеница,0.7264972067766927,0.7171471246578626,0.708406879743179
AOI-0054,2022-07-29,озимая пшеница,0.7628132023339973,0.7808415202751215,0.7842810609448922
AOI-0054,2022-08-06,озимая пшеница,0.7843665853943393,0.7769713089301054,0.7725567306803954
AOI-0054,2022-08-18,озимая пшеница,0.7222545435067688,0.7191468894352895,0.7181697327495643
AOI-0054,2022-08-29,озимая пшеница,0.6264058000764086,0.6319657781280809,0.6251860587701815
AOI-0054,2023-04-07,озимая пшеница,0.7102683181472971,0.6843874072658163,0.6910185871981643
AOI-0054,2023-04-23,озимая пшеница,0.7769530716072254,0.7693473642373185,0.770011962646401
AOI-0054,2023-05-28,озимая пшеница,0.8152750829919284,0.8141665861477155,0.8155931832433952
AOI-0054,2023-06-10,озимая пшеница,0.8227013578709815,0.8226203316249666,0.8123020868782092
AOI-0054,2023-06-22,озимая пшеница,0.8598097630762286,0.8567486721099239,0.8569520969908395
AOI-0054,2023-07-07,озимая пшеница,0.7718988004436727,0.7605399822871769,0.7556391782065391
AOI-0054,2023-09-07,озимая пшеница,0.6922721150513,0.6919970367302644,0.6964407232152681
AOI-0054,2023-10-11,озимая пшеница,0.6897668825344514,0.6955814574321325,0.7009686041494169
AOI-0054,2024-04-04,озимая пшеница,0.5459049386126709,0.5437791028308906,0.5436841333359408
AOI-0054,2024-05-07,озимая пшеница,0.8482260318951423,0.8463389760525195,0.8416782734189024
AOI-0054,2024-05-08,озимая пшеница,0.8631653303189012,0.8330310157711923,0.8259158889587486
AOI-0054,2024-05-22,озимая пшеница,0.8287682974643259,0.8265567914748938,0.8241383464580425
AOI-0054,2024-05-23,озимая пшеница,0.8363953154221528,0.8397345555041478,0.8364312215808729
AOI-0054,2024-06-24,озимая пшеница,0.8069485693599535,0.8078728541609258,0.8095662619980664
AOI-0054,2024-07-13,озимая пшеница,0.7977525327699874,0.8014562389519859,0.8036844514214184
AOI-0054,2024-07-18,озимая пшеница,0.8104716979329016,0.8147004857764325,0.8139883957962076
AOI-0054,2024-08-18,озимая пшеница,0.8136904695679504,0.8072531805505104,0.8034072327181854
AOI-0054,2024-09-16,озимая пшеница,0.6933279265753108,0.6961594715108934,0.7071334290982728
AOI-0054,2024-09-21,озимая пшеница,0.736829817382096,0.7514631278131374,0.756227266578531
AOI-0054,2024-09-29,озимая пшеница,0.6292112639186971,0.6382642014307052,0.6331028559116963
AOI-0054,2024-10-05,озимая пшеница,0.6654300422943497,0.6666637417808938,0.6739828700970748
AOI-0054,2024-10-30,озимая пшеница,0.6760840669420856,0.6767811154857194,0.68484363637888
AOI-0057,2010-04-15,озимая пшеница,0.22359294529142343,0.21585120797761256,0.21446900437759214
AOI-0057,2010-04-30,озимая пшеница,0.24623066818217834,0.23798949651022444,0.23629745283018289
AOI-0057,2010-05-01,озимая пшеница,0.2590491231246413,0.2587142645260152,0.25715357004050765
AOI-0057,2010-05-08,озимая пшеница,0.29122347017067596,0.2879428967853814,0.2880599770812734
AOI-0057,2010-06-10,озимая пшеница,0.6854125816818303,0.6895054919975034,0.6916171608053006
AOI-0057,2010-07-27,озимая пшеница,0.6189506488197433,0.6150490893294134,0.6179130314878271
AOI-0057,2010-08-05,озимая пшеница,0.5843926557698701,0.5838734315849087,0.5824593080993333
AOI-0057,2010-09-14,озимая пшеница,0.34719265608540273,0.34101183244906086,0.3374651385312584
AOI-0057,2011-05-25,озимая пшеница,0.8858739846923106,0.8904720058835909,0.889290130095711
AOI-0057,2011-06-10,озимая пшеница,0.78969102396349,0.7977541950129733,0.793540617244176
AOI-0057,2011-06-13,озимая пшеница,0.8030961381468009,0.7999567454476005,0.8033246557554113
AOI-0057,2011-07-07,озимая пшеница,0.2793354263647661,0.2774533474301857,0.28158766104835425
AOI-0057,2011-08-08,озимая пшеница,0.4069587129040359,0.4065647735580225,0.4075697190663798
AOI-0057,2011-09-16,озимая пшеница,0.212611135795976,0.20642421694756283,0.20555324947428097
AOI-0057,2011-10-11,озимая пшеница,0.24312971946883563,0.24011450987167304,0.23744956770162928
AOI-0057,2012-07-16,озимая пшеница,0.8218886405593773,0.8169273452063477,0.8195397160182104
AOI-0057,2012-09-18,озимая пшеница,0.21280141067233943,0.20639278994246296,0.2053881039302229
AOI-0057,2013-04-07,озимая пшеница,0.7080371866132309,0.6999423560139426,0.7017755868880773
AOI-0057,2013-09-14,озимая пшеница,0.3091759835416453,0.3037932862220388,0.30269903923571895
AOI-0057,2013-09-22,озимая пшеница,0.21223130209521307,0.20934594475776802,0.21250800146271787
AOI-0057,2014-04-17,озимая пшеница,0.337121081198492,0.32961988978117357,0.33097020594283133
AOI-0057,2014-04-18,озимая пшеница,0.37201686335206624,0.3756580028767904,0.3758330740901456
AOI-0057,2014-04-25,озимая пшеница,0.6558649260769474,0.6524998062994077,0.6478555147105732
AOI-0057,2014-05-09,озимая пшеница,0.8364640200818414,0.8484533009298926,0.8476653895014012
AOI-0057,2014-06-05,озимая пшеница,0.7851923067406537,0.7881887103242352,0.7969591337853105
AOI-0057,2014-07-15,озимая пшеница,0.29556861256685746,0.2960651109776841,0.29552048919246615
AOI-0057,2014-07-23,озимая пшеница,0.2843588123692406,0.2868449346903025,0.28953480465275155
AOI-0057,2014-08-16,озимая пшеница,0.2263814377617333,0.2285031921680756,0.22386390273758183
AOI-0057,2014-08-23,озимая пшеница,0.21574776592531258,0.20799065362436198,0.2073912437386305
AOI-0057,2014-10-02,озимая пшеница,0.20932288736368232,0.20393170867041077,0.20568040845721539
AOI-0057,2014-10-11,озимая пшеница,0.2039142543104257,0.20639364873315605,0.20909504309439886
AOI-0057,2014-10-16,озимая пшеница,0.27862128620560794,0.26618152404866846,0.26323917654906615
AOI-0057,2015-05-25,озимая пшеница,0.8893262346377961,0.8995273920512319,0.8948242690147041
AOI-0057,2015-10-30,озимая пшеница,0.18641808365968768,0.19367213250842819,0.19367014538521382
AOI-0057,2016-05-08,озимая пшеница,0.9012076105629928,0.9139047167711778,0.9099064337949103
AOI-0057,2016-06-26,озимая пшеница,0.38745898009826507,0.392760844881627,0.3925553611821341
AOI-0057,2016-07-28,озимая пшеница,0.30971809654336246,0.3161631520536945,0.31915311027396825
AOI-0057,2016-08-12,озимая пшеница,0.46375527329072297,0.4607589677636526,0.4600855128576524
AOI-0057,2017-05-04,озимая пшеница,0.33008750785753593,0.3316804986413665,0.3308621133291858
AOI-0057,2017-05-06,озимая пшеница,0.30286319164582876,0.30260239577496617,0.2995170857357255
AOI-0057,2017-06-10,озимая пшеница,0.8059877927261747,0.8187830530623179,0.8188164566839037
AOI-0057,2017-07-30,озимая пшеница,0.832374095813849,0.8274573273015072,0.8263998808773257
AOI-0057,2017-08-08,озимая пшеница,0.8153867081735365,0.8174075450785023,0.8121642620547487
AOI-0057,2017-09-01,озимая пшеница,0.45320309269631825,0.44995409820842297,0.45092811755359313
AOI-0057,2017-09-14,озимая пшеница,0.43317758332903356,0.4299508677059606,0.42643556399715665
AOI-0057,2017-09-17,озимая пшеница,0.4133234846576201,0.415573055440978,0.41859652509855577
AOI-0057,2017-09-25,озимая пшеница,0.3069313632980538,0.3036167331909408,0.3045948230376369
AOI-0057,2018-04-11,озимая пшеница,0.5831422216793004,0.5689494819005607,0.5574845746095742
AOI-0057,2018-05-06,озимая пшеница,0.8604155131936995,0.8584658039675883,0.8568453334051781
AOI-0057,2018-07-18,озимая пшеница,0.22455206927294785,0.22360791552765835,0.23011105982206254
AOI-0057,2018-08-02,озимая пшеница,0.2599900831193882,0.25895094426086795,0.2590727705976001
AOI-0057,2018-08-19,озимая пшеница,0.20068387310798733,0.20005032604915216,0.20378191275585308
AOI-0057,2018-08-26,озимая пшеница,0.199343262215936,0.19531296931509143,0.19981647815655548
AOI-0057,2018-10-29,озимая пшеница,0.1910804511789384,0.1916939224415193,0.19644371325607093
AOI-0057,2019-04-11,озимая пшеница,0.20687732124676556,0.19629961723757652,0.1967931394937185
AOI-0057,2019-04-21,озимая пшеница,0.2235254035117912,0.2153343584197143,0.2163295013834356
AOI-0057,2019-05-01,озимая пшеница,0.36291712802121023,0.3536349728838449,0.34818410333252175
AOI-0057,2019-05-02,озимая пшеница,0.4145486879569512,0.4164912458059391,0.416273724869971
AOI-0057,2019-05-06,озимая пшеница,0.3935715540185112,0.38920422104392466,0.3786357239865706
AOI-0057,2019-07-05,озимая пшеница,0.7569585143063754,0.7461743661467785,0.7444701502046136
AOI-0057,2019-07-20,озимая пшеница,0.6330878209602651,0.6228056239564739,0.6218905363134873
AOI-0057,2019-08-05,озимая пшеница,0.3751952102300318,0.37644415006442483,0.3808054669541928
AOI-0057,2019-08-21,озимая пшеница,0.2155670963944015,0.20622213058568076,0.20477778348268597
AOI-0057,2019-08-24,озимая пшеница,0.1977860331465608,0.19365095408395486,0.19200061491814557
AOI-0057,2019-09-23,озимая пшеница,0.14869839258771686,0.13897116811433194,0.13975121300933033
AOI-0057,2019-10-13,озимая пшеница,0.17220399108775505,0.1643419928980717,0.16709477862023692
AOI-0057,2019-10-25,озимая пшеница,0.15865563172963965,0.1570568748235681,0.16310844080160156
AOI-0057,2020-04-17,озимая пшеница,0.19997572243394118,0.19757078193771954,0.19675117270807355
AOI-0057,2020-08-15,озимая пшеница,0.15293976636696693,0.14697644151304287,0.14568081838988234
AOI-0057,2020-08-23,озимая пшеница,0.15556210502407475,0.14927572686676346,0.14930705037217354
AOI-0057,2020-09-09,озимая пшеница,0.15978506212440435,0.15999858775578826,0.16511656147688764
AOI-0057,2020-09-13,озимая пшеница,0.21616833418889506,0.20895894669018653,0.21206503844826963
AOI-0057,2020-09-25,озимая пшеница,0.17156914775227494,0.171233770971355,0.17561775555547052
AOI-0057,2020-09-27,озимая пшеница,0.1242930952262296,0.12087693028856565,0.12290370847960869
AOI-0057,2020-09-29,озимая пшеница,0.19995413010778568,0.1869838225547302,0.1901821926383724
AOI-0057,2020-10-03,озимая пшеница,0.14639218417804897,0.13858146270608848,0.14200979373731556
AOI-0057,2021-04-15,озимая пшеница,0.5361670499600732,0.5217940836343029,0.5095531940803535
AOI-0057,2021-06-19,озимая пшеница,0.8060694771868739,0.8040100985997439,0.8019897678017108
AOI-0057,2021-08-13,озимая пшеница,0.35612713203313284,0.35618119178524493,0.3569413800283795
AOI-0057,2021-09-04,озимая пшеница,0.4047360052199859,0.4033680205186076,0.4080037101794128
AOI-0057,2022-05-27,озимая пшеница,0.6211351882359095,0.6273962845952987,0.6320935529538302
AOI-0057,2022-06-26,озимая пшеница,0.2794369446908874,0.27871081133322884,0.28356549791923397
AOI-0057,2022-06-29,озимая пшеница,0.17351742390401853,0.1732479445585687,0.1721446794538271
AOI-0057,2022-07-09,озимая пшеница,0.19185499636663245,0.18495380508224699,0.1793344362149357
AOI-0057,2022-07-12,озимая пшеница,0.2952667599593604,0.2936292852819822,0.28738821727619007
AOI-0057,2022-07-28,озимая пшеница,0.2693295293327519,0.26711001847516697,0.2707775315599537
AOI-0057,2022-08-03,озимая пшеница,0.16381548301948817,0.1540698522621758,0.15472408789624623
AOI-0057,2022-08-13,озимая пшеница,0.20217756602570908,0.193140450846843,0.18888961992642384
AOI-0057,2022-08-18,озимая пшеница,0.1735971121067327,0.16616342102001072,0.1679467277822377
AOI-0057,2022-09-14,озимая пшеница,0.1997344786456144,0.19194187467320561,0.19324228415164993
AOI-0057,2022-10-17,озимая пшеница,0.26485609564515067,0.2753397005674815,0.274684038261122
AOI-0057,2023-04-26,озимая пшеница,0.8737685644285627,0.8760301817634625,0.8754467434689007
AOI-0057,2023-05-04,озимая пшеница,0.9107531272873283,0.908643027610039,0.9020214910849789
AOI-0057,2023-06-26,озимая пшеница,0.4590084614771678,0.46237561835841345,0.4439476545949106
AOI-0057,2023-07-12,озимая пшеница,0.44320929904550105,0.44428028263157915,0.4410749358124281
AOI-0057,2023-07-15,озимая пшеница,0.3727852586234618,0.377991103992426,0.37825333418099794
AOI-0057,2023-08-23,озимая пшеница,0.45641148677779775,0.4516870888798378,0.4519450389468396
AOI-0057,2023-09-10,озимая пшеница,0.282608020341652,0.28091647362459904,0.2831699079909634
AOI-0057,2024-05-04,озимая пшеница,0.46381049954801046,0.459488167752444,0.4456453835867839
AOI-0057,2024-05-06,озимая пшеница,0.486525822135469,0.4845543424534253,0.4776548806274559
AOI-0057,2024-05-07,озимая пшеница,0.5237896021059193,0.5268133359926729,0.5218574068881545
AOI-0057,2024-05-22,озимая пшеница,0.6468275262362649,0.6427803698089528,0.6409461080717064
AOI-0057,2024-06-08,озимая пшеница,0.7936448878264564,0.788800063020915,0.7836388893080527
AOI-0057,2024-06-16,озимая пшеница,0.7712709054339485,0.7683630638955624,0.7613895824706619
AOI-0057,2024-06-24,озимая пшеница,0.7028142015811972,0.7033756088491401,0.7024933219753124
AOI-0057,2024-07-18,озимая пшеница,0.4221336455295108,0.4175343867667132,0.41434883573728337
AOI-0057,2024-07-28,озимая пшеница,0.3769890505214345,0.3729413496342068,0.3741361548433769
AOI-0057,2024-09-13,озимая пшеница,0.23217036276064254,0.22702812752452348,0.22132518017110792
AOI-0066,2010-07-13,озимая пшеница,0.6435744043850165,0.6456706448410399,0.6540013465699185
AOI-0066,2011-05-25,озимая пшеница,0.8469372635076603,0.8476668722802624,0.8416638856856676
AOI-0066,2012-04-13,озимая пшеница,0.5368257521990334,0.5442197547510423,0.5405694350008693
AOI-0066,2012-07-11,озимая пшеница,0.3380486872725973,0.34334953569261656,0.34718783345221965
AOI-0066,2012-07-27,озимая пшеница,0.2838222966172948,0.2903987196474284,0.2948487286381209
AOI-0066,2012-09-20,озимая пшеница,0.22829726352049304,0.233582810134065,0.22548554326474332
AOI-0066,2012-10-06,озимая пшеница,0.3033530077665895,0.31260998621179753,0.31704140087304256
AOI-0066,2012-10-22,озимая пшеница,0.3232247380836169,0.32801320650801585,0.33849092363146743
AOI-0066,2013-05-09,озимая пшеница,0.4408510661943893,0.4557799876879757,0.44753913857209204
AOI-0066,2013-05-25,озимая пшеница,0.5222177712225158,0.536438990942914,0.5337245045566713
AOI-0066,2013-06-19,озимая пшеница,0.6218808426021886,0.621802519821454,0.619939884214235
AOI-0066,2013-09-23,озимая пшеница,0.20718823946632242,0.2049844337180394,0.2004388101095074
AOI-0066,2013-10-09,озимая пшеница,0.22240110056993384,0.23253666770830275,0.23253373243312692
AOI-0066,2014-04-03,озимая пшеница,0.5930963455720619,0.5837093631205582,0.5795280637696552
AOI-0066,2014-10-04,озимая пшеница,0.3969947861913024,0.4044215461543143,0.41125936705083005
AOI-0066,2015-04-06,озимая пшеница,0.715681988324964,0.721277212683857,0.720823641303239
AOI-0066,2015-06-01,озимая пшеница,0.8367557797729155,0.8442255229608814,0.8415205175759606
AOI-0066,2015-07-27,озимая пшеница,0.3425831660170255,0.34511727811488097,0.346336302798808
AOI-0066,2015-07-28,озимая пшеница,0.3507864562447643,0.3589638992621858,0.3587854429482121
AOI-0066,2015-09-29,озимая пшеница,0.21794329967236625,0.21555467874205872,0.2107853287671404
AOI-0066,2016-05-08,озимая пшеница,0.8828780136009146,0.880651219844748,0.8762346561125725
AOI-0066,2016-06-03,озимая пшеница,0.7862163734020067,0.8038164207143133,0.8131525976393592
AOI-0066,2016-06-19,озимая пшеница,0.45008037383239846,0.4542073744673834,0.45747014817791287
AOI-0066,2016-06-27,озимая пшеница,0.33292790881988127,0.3335893439882948,0.33421672535970465
AOI-0066,2016-07-11,озимая пшеница,0.3377358220927913,0.3553264705921724,0.3567027191289361
AOI-0066,2016-08-12,озимая пшеница,0.3438985978758546,0.354904607052722,0.35419845458896343
AOI-0066,2016-08-22,озимая пшеница,0.2536508279966272,0.2590702333248988,0.2606410124167235
AOI-0066,2017-05-09,озимая пшеница,0.8978913782866347,0.8968470101157837,0.8928013870308126
AOI-0066,2017-06-10,озимая пшеница,0.8254805521042794,0.8214346893179153,0.8104673729331803
AOI-0066,2017-08-13,озимая пшеница,0.2240962985474694,0.22778552054778725,0.23786140329506478
AOI-0066,2017-08-21,озимая пшеница,0.1331223049783779,0.13297967672345884,0.12972490349059188
AOI-0066,2018-05-09,озимая пшеница,0.5919531597113347,0.6113460708674539,0.6191926834366345
AOI-0066,2018-06-01,озимая пшеница,0.7934045652162943,0.8009098722986803,0.7964093624129417
AOI-0066,2018-07-02,озимая пшеница,0.8053147349166107,0.8246464110058991,0.8241871594557437
AOI-0066,2018-09-05,озимая пшеница,0.20532449653020293,0.21240203272379032,0.20954975252875477
AOI-0066,2018-10-08,озимая пшеница,0.1785160421940027,0.18685223341387608,0.18903334310140166
AOI-0066,2018-10-13,озимая пшеница,0.18722148911171427,0.19262931571105799,0.19547275246036508
AOI-0066,2019-04-07,озимая пшеница,0.6623635085350221,0.682583610730129,0.6895765815693944
AOI-0066,2019-04-28,озимая пшеница,0.8002919723371592,0.8036347235603983,0.8003040733220249
AOI-0066,2019-05-11,озимая пшеница,0.7936040753111893,0.7875879502993317,0.7800845080311807
AOI-0066,2019-06-20,озимая пшеница,0.33285356975760183,0.33776909784408765,0.33185591078250093
AOI-0066,2019-07-02,озимая пшеница,0.17487471884351133,0.17514145808886505,0.16967394345381015
AOI-0066,2019-07-14,озимая пшеница,0.21675057380065463,0.21474918948203592,0.2152801781814697
AOI-0066,2019-08-11,озимая пшеница,0.18120031881118331,0.17321604365509274,0.16568284628439037
AOI-0066,2019-08-29,озимая пшеница,0.18673067534688012,0.18596876835256265,0.18070794684327496
AOI-0066,2019-10-15,озимая пшеница,0.5536412132326625,0.549753871666884,0.5590791864019621
AOI-0066,2019-10-18,озимая пшеница,0.578466552580286,0.5845482242155272,0.5926858173408672
AOI-0066,2020-05-08,озимая пшеница,0.7146071028226674,0.7120734559237213,0.7161215119642489
AOI-0066,2020-05-24,озимая пшеница,0.6936328698241448,0.6894371255585006,0.6925924502130617
AOI-0066,2020-05-30,озимая пшеница,0.6172448253696885,0.6241048687019519,0.6228552364547296
AOI-0066,2020-06-11,озимая пшеница,0.48136714450547596,0.47572446950112995,0.47369154917443457
AOI-0066,2020-07-11,озимая пшеница,0.23937226635676456,0.24616429609586485,0.2504970396339857
AOI-0066,2020-07-27,озимая пшеница,0.25991368657154534,0.2686277070233481,0.2793335361838197
AOI-0066,2020-08-09,озимая пшеница,0.2074851296583497,0.20894484859025744,0.20988329009774934
AOI-0066,2020-08-15,озимая пшеница,0.18561020204659878,0.18269268709822734,0.17533726716949138
AOI-0066,2020-09-07,озимая пшеница,0.13778521500623833,0.14822184741713168,0.14990839232263845
AOI-0066,2021-05-12,озимая пшеница,0.20133034255446686,0.19785435537807572,0.19682212493217843
AOI-0066,2021-08-05,озимая пшеница,0.6744932966479096,0.6778723562759916,0.6734670122130573
AOI-0066,2021-08-20,озимая пшеница,0.37031479770907577,0.37426465562978645,0.3699934326633678
AOI-0066,2021-08-23,озимая пшеница,0.3466160682594023,0.3531164952629639,0.3529103768068315
AOI-0066,2021-09-27,озимая пшеница,0.1692520172851936,0.17930225791500548,0.18298683266766655
AOI-0066,2021-10-16,озимая пшеница,0.27608956978303284,0.2882499108909651,0.29315439692624834
AOI-0066,2021-10-27,озимая пшеница,0.18875469158679445,0.1874702746045071,0.1842831290454404
AOI-0066,2022-04-23,озимая пшеница,0.8081326232406761,0.8174653600286258,0.813732154409286
AOI-0066,2022-04-25,озимая пшеница,0.7728676256898959,0.7769086157517017,0.7735062177904096
AOI-0066,2022-05-30,озимая пшеница,0.8843676975144568,0.8789833012542825,0.8764554905333249
AOI-0066,2022-06-04,озимая пшеница,0.8756330671083958,0.8773879129459681,0.8711424370957622
AOI-0066,2022-07-12,озимая пшеница,0.2511497420009353,0.258284027546109,0.261007934518954
AOI-0066,2022-07-21,озимая пшеница,0.1425973764176025,0.14459395615973156,0.1475108404003702
AOI-0066,2022-07-22,озимая пшеница,0.2069968432068206,0.20810521573008037,0.21558684805427758
AOI-0066,2022-08-23,озимая пшеница,0.15500053634908123,0.16200263156886152,0.16357183271169384
AOI-0066,2022-09-08,озимая пшеница,0.1906238916796807,0.20477053945711918,0.20943180569798825
AOI-0066,2022-09-09,озимая пшеница,0.15494640201105506,0.1578485324607411,0.1590635324215642
AOI-0066,2022-09-18,озимая пшеница,0.1609210815885993,0.16498660592385125,0.16394601233233266
AOI-0066,2022-09-27,озимая пшеница,0.16167876763560654,0.16187986258138753,0.1597178536879941
AOI-0066,2022-09-29,озимая пшеница,0.15729125834395835,0.1580435435675444,0.15461825282672195
AOI-0066,2022-10-02,озимая пшеница,0.1685201354403725,0.16509436442353895,0.1632212431481497
AOI-0066,2022-10-07,озимая пшеница,0.17619436586011034,0.18549881921848949,0.18633121070238165
AOI-0066,2022-10-18,озимая пшеница,0.2252933471959404,0.2361068665195391,0.23853305547592338
AOI-0066,2022-10-22,озимая пшеница,0.15969523603437646,0.16077285135089703,0.16315380031897622
AOI-0066,2023-04-04,озимая пшеница,0.2981937689052696,0.3091381783203896,0.30677462346997025
AOI-0066,2023-04-07,озимая пшеница,0.48606155418223357,0.5070150730266191,0.5099507635233204
AOI-0066,2023-05-15,озимая пшеница,0.8284794093935,0.8336002366183828,0.8303204005472437
AOI-0066,2023-06-07,озимая пшеница,0.8337929036214685,0.8349623866735902,0.832326771628147
AOI-0066,2023-06-10,озимая пшеница,0.7877547281354917,0.782017660870383,0.771455213394976
AOI-0066,2023-06-11,озимая пшеница,0.8185321803363497,0.8023660607713115,0.7942114519860903
AOI-0066,2023-06-26,озимая пшеница,0.42697672198629516,0.42173045572760964,0.4092011597832261
AOI-0066,2023-07-04,озимая пшеница,0.226530186282697,0.2215412656870041,0.2167758503582892
AOI-0066,2023-07-26,озимая пшеница,0.3670244507671169,0.36270050745184435,0.3601677969593169
AOI-0066,2023-08-08,озимая пшеница,0.22797551171795422,0.22589651322551643,0.21948091294624342
AOI-0066,2023-08-10,озимая пшеница,0.2530979672068841,0.24686659131171765,0.2484525238359144
AOI-0066,2023-08-13,озимая пшеница,0.2491418224997628,0.25014703744778327,0.24289329056807368
AOI-0066,2023-08-23,озимая пшеница,0.16773857214084248,0.1702736696578476,0.1686648525588763
AOI-0066,2023-09-07,озимая пшеница,0.16080472249414735,0.1675628347378844,0.16858595141066454
AOI-0066,2023-09-30,озимая пшеница,0.24917699587724068,0.2543530784428088,0.25810566032173776
AOI-0066,2023-10-13,озимая пшеница,0.22202523177567715,0.2249423068489389,0.22684733791854172
AOI-0066,2023-10-16,озимая пшеница,0.2800906234567083,0.2942273303004695,0.2973054399794562
AOI-0066,2024-04-06,озимая пшеница,0.7954738615230494,0.8087387522690741,0.8006250260899563
AOI-0066,2024-05-21,озимая пшеница,0.9044637564446358,0.9025720594493792,0.9005111334588157
AOI-0066,2024-06-17,озимая пшеница,0.5010060630359592,0.5083930448956705,0.5079242756238102
AOI-0066,2024-06-23,озимая пшеница,0.2967159718997333,0.2949108950969195,0.28820966679634163
AOI-0066,2024-06-28,озимая пшеница,0.20891728922748345,0.20491773582101286,0.20019529540358105
AOI-0066,2024-07-05,озимая пшеница,0.15665938259864515,0.15090128884129542,0.1416281621570232
AOI-0066,2024-07-19,озимая пшеница,0.18898367369676308,0.1904843907293309,0.1935004220054447
AOI-0066,2024-08-09,озимая пшеница,0.1382179880263565,0.1344678328580566,0.13396436712747
AOI-0066,2024-09-26,озимая пшеница,0.1452180631598779,0.14796029956724285,0.1492979479459401
AOI-0072,2010-04-07,зерновые,0.32802603081496146,0.32743712617098586,0.3267621820388735
AOI-0072,2010-08-13,зерновые,0.26128337576026667,0.2621740652852035,0.27247411422345624
AOI-0072,2010-08-15,зерновые,0.16946978544928268,0.1673769581077495,0.17104245617391214
AOI-0072,2010-08-23,зерновые,0.18829927414996486,0.18573383556345832,0.18943536509371667
AOI-0072,2010-08-30,зерновые,0.20831974356051827,0.20861597051846523,0.21655099656232812
AOI-0072,2011-04-07,зерновые,0.2922662040939475,0.2920545450748352,0.3071829282306886
AOI-0072,2011-05-05,зерновые,0.26481752969767813,0.2583789937555226,0.2605738803518101
AOI-0072,2011-07-12,зерновые,0.23336296857709377,0.23496732703407175,0.25033370346160677
AOI-0072,2011-07-24,зерновые,0.17495512501704377,0.17297364422348951,0.17191843686491515
AOI-0072,2011-08-01,зерновые,0.17930069075228844,0.1784014071302013,0.180293618849964
AOI-0072,2011-09-03,зерновые,0.19015916408634823,0.1903336992937921,0.19286237290044123
AOI-0072,2012-04-06,зерновые,0.6209135078316743,0.6263334608376651,0.6373876666282741
AOI-0072,2012-10-15,зерновые,0.16563881721241303,0.15795480834443879,0.15441494784325888
AOI-0072,2013-04-16,зерновые,0.1667557435485143,0.16832409638370732,0.17388918693001468
AOI-0072,2013-05-02,зерновые,0.20594953252603063,0.2035077880437919,0.204726548249875
AOI-0072,2013-05-19,зерновые,0.23176823862201718,0.2262853824214643,0.23129087547881932
AOI-0072,2013-07-29,зерновые,0.18952246637486656,0.19150719848245007,0.1948535768981852
AOI-0072,2013-10-16,зерновые,0.3129932247646326,0.30916525532794803,0.3046526043859096
AOI-0072,2014-04-23,зерновые,0.6929810256289366,0.7057720512260632,0.7343551565068395
AOI-0072,2014-06-30,зерновые,0.24414558545923004,0.2452549758833335,0.2639190882578895
AOI-0072,2014-07-17,зерновые,0.2236014082968107,0.22456287291791782,0.2311250341235236
AOI-0072,2014-07-24,зерновые,0.23179194304131184,0.2340383678157227,0.24608531006509357
AOI-0072,2014-08-17,зерновые,0.20835059917903304,0.20870808335717214,0.21800531708913404
AOI-0072,2014-08-29,зерновые,0.2969539723978804,0.29628876506380014,0.29482387421990514
AOI-0072,2014-09-03,зерновые,0.2371480883602007,0.23944072996748506,0.25186708418656734
AOI-0072,2014-09-26,зерновые,0.2575194426545628,0.26176815713419777,0.2784286938516169
AOI-0072,2014-10-28,зерновые,0.1792706720604938,0.178819795294803,0.18467825580976108
AOI-0072,2014-10-29,зерновые,0.2050932743874531,0.20465690174661785,0.21002408814184934
AOI-0072,2015-04-07,зерновые,0.24242907570264113,0.24354129150007509,0.257201045562599
AOI-0072,2015-04-23,зерновые,0.295582735469465,0.3004767266019467,0.309161526884532
AOI-0072,2015-08-04,зерновые,0.15375777013997968,0.15406910297405302,0.1625105721581031
AOI-0072,2016-04-06,зерновые,0.8008615696158167,0.8073008250357268,0.8100382967231797
AOI-0072,2016-04-09,зерновые,0.7806467323376023,0.7827333216795201,0.78148758620888
AOI-0072,2016-04-17,зерновые,0.815652182073609,0.8183300204697197,0.8167303156733874
AOI-0072,2016-05-26,зерновые,0.7439332693382814,0.7501379948152933,0.7598453899675524
AOI-0072,2016-06-27,зерновые,0.27737701031806966,0.2806094401406023,0.28865106972683596
AOI-0072,2016-07-13,зерновые,0.19964069804511697,0.20181264613924754,0.21149391807372786
AOI-0072,2016-08-22,зерновые,0.2656358205808088,0.2663329158503286,0.28610367166938333
AOI-0072,2016-09-29,зерновые,0.3151370322273871,0.3174490714165608,0.3200753130100428
AOI-0072,2017-04-03,зерновые,0.13762962810817111,0.13788276038006472,0.14999011925117078
AOI-0072,2017-04-23,зерновые,0.2617899824759695,0.2677593008762203,0.29705112620831076
AOI-0072,2017-05-29,зерновые,0.21179867158486002,0.2082335884218111,0.2194753804312641
AOI-0072,2017-05-30,зерновые,0.21065830721567158,0.2078396567570111,0.2139856586764455
AOI-0072,2017-07-12,зерновые,0.21460683796789626,0.21610620886113346,0.22899871508589914
AOI-0072,2017-07-24,зерновые,0.1679147839751451,0.1689038117040766,0.17592722121252166
AOI-0072,2017-07-25,зерновые,0.14616350282825846,0.14436313167379689,0.14904705155467182
AOI-0072,2017-08-06,зерновые,0.12797714033221105,0.12468964270855626,0.12500408496702506
AOI-0072,2017-08-29,зерновые,0.21435939337187704,0.21251728832813266,0.22870811344044975
AOI-0072,2017-09-03,зерновые,0.17943887803707909,0.17945674684622887,0.18483758093946018
AOI-0072,2017-09-20,зерновые,0.3197535675592867,0.31812666073080137,0.32150372376005776
AOI-0072,2017-09-26,зерновые,0.40260945139632476,0.4088477511436496,0.41319976690533766
AOI-0072,2017-10-12,зерновые,0.5453864689459469,0.549478398340894,0.5601649349997855
AOI-0072,2018-04-07,зерновые,0.5549522323776296,0.5602505020673685,0.5503429902323574
AOI-0072,2018-04-15,зерновые,0.6109473826278717,0.6156426934217659,0.6224288903696557
AOI-0072,2018-05-01,зерновые,0.7693324247304616,0.7724671299026985,0.7828524708993915
AOI-0072,2018-05-03,зерновые,0.7600381178889019,0.7529797217614786,0.7685291139517948
AOI-0072,2018-06-07,зерновые,0.40463541745731907,0.4055354216659862,0.41431336039327077
AOI-0072,2018-08-05,зерновые,0.19552805399510742,0.19474206123320842,0.19992524210474122
AOI-0072,2018-08-28,зерновые,0.17136615140598563,0.17382336026627704,0.17869164013492259
AOI-0072,2018-09-06,зерновые,0.17202071106296257,0.1733452737250463,0.17779225937856022
AOI-0072,2018-09-22,зерновые,0.1584044876063852,0.16232759412157804,0.17496291675507708
AOI-0072,2019-04-25,зерновые,0.20126312932806195,0.2038807393500957,0.20995194356994112
AOI-0072,2019-04-26,зерновые,0.16828257865342044,0.1649562394663376,0.16956775866850737
AOI-0072,2019-05-04,зерновые,0.2140485342316702,0.21096971723979058,0.21734360298034466
AOI-0072,2019-05-28,зерновые,0.18480266768506334,0.17687276823803233,0.17619558710587663
AOI-0072,2019-06-12,зерновые,0.15042550025027066,0.14506666477291916,0.1424144595856383
AOI-0072,2019-07-14,зерновые,0.17106113414050633,0.17212871452126682,0.17504858104390092
AOI-0072,2019-07-17,зерновые,0.11632383257699871,0.1184557642155124,0.12170976385650033
AOI-0072,2019-08-06,зерновые,0.14497954806666666,0.14831784344532717,0.14538435490264898
AOI-0072,2019-08-16,зерновые,0.14452237426602096,0.14402366605596562,0.14703725563339212
AOI-0072,2019-09-09,зерновые,0.2163944361819333,0.220112885707968,0.23197624047574844
AOI-0072,2019-09-14,зерновые,0.2630128969910954,0.266424627034237,0.2763264401144494
AOI-0072,2019-09-17,зерновые,0.19878225607794658,0.20249209396542786,0.20938599083781637
AOI-0072,2019-09-30,зерновые,0.39340370763770627,0.40046328810348114,0.40157163426616965
AOI-0072,2019-10-15,зерновые,0.6458762465279848,0.6449975026287885,0.6490670668464519
AOI-0072,2019-10-20,зерновые,0.7401816680625836,0.7446091362758895,0.7457558007394423
AOI-0072,2019-10-27,зерновые,0.7557676745975088,0.7665247363158089,0.7532218674970786
AOI-0072,2020-04-06,зерновые,0.708118004812037,0.714595045637419,0.7160509199913135
AOI-0072,2020-04-27,зерновые,0.7255245487788644,0.7283181901807033,0.7311799009262197
AOI-0072,2020-05-08,зерновые,0.7831256221317531,0.7909647286061287,0.7845688143331057
AOI-0072,2020-05-24,зерновые,0.7424441102512025,0.7501153846624377,0.7452768711974371
AOI-0072,2020-06-30,зерновые,0.23514472499623032,0.2386804332105468,0.25047163997764044
AOI-0072,2020-09-19,зерновые,0.0979328634194884,0.0977094828213361,0.10749999902736433
AOI-0072,2020-09-24,зерновые,0.1178319654601891,0.1194304508833749,0.12657288730583086
AOI-0072,2020-09-26,зерновые,0.12745017279071874,0.13199152050627758,0.13889743034474122
AOI-0072,2020-10-05,зерновые,0.1214266060911144,0.1235584395029702,0.1334723989475948
AOI-0072,2020-10-14,зерновые,0.12183759755805341,0.1202519530749996,0.13045222826201366
AOI-0072,2020-10-21,зерновые,0.12349830151270033,0.121917807053089,0.13348175655976385
AOI-0072,2021-04-22,зерновые,0.17308245132580763,0.17246763239255,0.16942561862201017
AOI-0072,2021-07-11,зерновые,0.19678170888060031,0.1936251164676314,0.1948394481392303
AOI-0072,2021-08-29,зерновые,0.33051893850751835,0.3330431683691433,0.3478190864269856
AOI-0072,2022-04-10,зерновые,0.17535846983483352,0.17446909422767357,0.18046095405797113
AOI-0072,2022-04-26,зерновые,0.2244577324150446,0.22698406581783154,0.23181135262612984
AOI-0072,2022-06-29,зерновые,0.15181530958194905,0.14980198276891207,0.1512233417416303
AOI-0072,2022-07-15,зерновые,0.17199977016611187,0.1763277207224379,0.1820766834181464
AOI-0072,2022-08-23,зерновые,0.13753230513921005,0.1332906865527527,0.13936117236048187
AOI-0072,2022-08-27,зерновые,0.17381230497818717,0.17431891306697272,0.1773422888906182
AOI-0072,2023-04-29,зерновые,0.8087164711756921,0.8173548155065723,0.8082913600624669
AOI-0072,2023-06-25,зерновые,0.2661583493655761,0.26878471540272614,0.2812386361909381
AOI-0072,2023-07-21,зерновые,0.1713676398608282,0.16922896862439893,0.16898484246262072
AOI-0072,2023-07-22,зерновые,0.1960058789239525,0.19989082656232268,0.21089355767242898
AOI-0072,2023-07-26,зерновые,0.19216750021702583,0.18937666980591836,0.18913647774835973
AOI-0072,2023-08-02,зерновые,0.20158550738450387,0.20355712462814757,0.21019020154995663
AOI-0072,2023-08-03,зерновые,0.18908755077273262,0.18597573540108508,0.19039496740345002
AOI-0072,2023-08-05,зерновые,0.18983835805191207,0.1881197843355244,0.19121210424563076
AOI-0072,2023-08-13,зерновые,0.2663029542716012,0.25990392785474864,0.24413308421115448
AOI-0072,2023-08-23,зерновые,0.23880413011926876,0.23595579570536596,0.24724862674752401
AOI-0072,2023-09-19,зерновые,0.2181690109870819,0.21894671575297628,0.22663152776475717
AOI-0072,2023-10-29,зерновые,0.21810440045830548,0.21148225404438564,0.21593070598735456
AOI-0072,2024-04-01,зерновые,0.1666629533632047,0.16452717319054647,0.1617363303315938
AOI-0072,2024-05-09,зерновые,0.20879862999270463,0.20668445272268984,0.20872427879506422
AOI-0072,2024-05-21,зерновые,0.15884816631610793,0.1468649472319627,0.14480454365817289
AOI-0072,2024-06-09,зерновые,0.22825223768978392,0.23035636568176424,0.24536514592924275
AOI-0072,2024-06-30,зерновые,0.14096312544860434,0.14178356364397035,0.14011279751823902
AOI-0072,2024-07-11,зерновые,0.19092527198109813,0.19280326158317124,0.19469199399653186
AOI-0072,2024-07-25,зерновые,0.12062708517526077,0.12882859654719714,0.12981657529920368
AOI-0072,2024-08-20,зерновые,0.16443448599582874,0.16814000619118957,0.17392451270227188
AOI-0072,2024-09-08,зерновые,0.13910177823608227,0.14109266414187419,0.14841423933097347
AOI-0072,2024-09-22,зерновые,0.18487446492858522,0.1912287627072225,0.19845210897868112
AOI-0072,2024-09-30,зерновые,0.13502324591624873,0.13662409776647905,0.1416455465779672
AOI-0078,2010-04-15,озимая пшеница,0.21260916727250218,0.20989262833144443,0.20394568297663906
AOI-0078,2010-05-01,озимая пшеница,0.33058885354964695,0.33097288246750106,0.33005382981860754
AOI-0078,2010-06-09,озимая пшеница,0.6588972716678201,0.6628411633081873,0.6626447465702413
AOI-0078,2010-07-04,озимая пшеница,0.3983105820089735,0.40206922951752877,0.40752002920320773
AOI-0078,2011-04-01,озимая пшеница,0.24745230352129735,0.2540226067627888,0.24369979872080344
AOI-0078,2011-07-06,озимая пшеница,0.7750326040490328,0.7756282747614203,0.7677354740804814
AOI-0078,2011-08-08,озимая пшеница,0.6781205238016602,0.6719090450117232,0.674409830163516
AOI-0078,2011-08-13,озимая пшеница,0.5503817041122273,0.5635857935031487,0.5622480850814344
AOI-0078,2011-09-14,озимая пшеница,0.47045758290985773,0.482457267258611,0.4849709356763739
AOI-0078,2011-09-17,озимая пшеница,0.4088800658448829,0.40983449760550417,0.4105730664468025
AOI-0078,2011-09-24,озимая пшеница,0.4038051408226261,0.40492912948339316,0.4053856485058395
AOI-0078,2012-06-07,озимая пшеница,0.6578493561394335,0.6545003406019548,0.6437600004660313
AOI-0078,2012-09-27,озимая пшеница,0.3134033238806203,0.3073609756482814,0.30522431000147016
AOI-0078,2012-10-04,озимая пшеница,0.28336647930329817,0.28402514129320267,0.2780244279367125
AOI-0078,2013-04-03,озимая пшеница,0.20256698536707426,0.19834196653241773,0.19207233588260367
AOI-0078,2013-07-11,озимая пшеница,0.3743064436250073,0.37779550132308015,0.37733852899759035
AOI-0078,2013-07-28,озимая пшеница,0.5252638918998278,0.5298676529410465,0.5237402170517924
AOI-0078,2013-08-29,озимая пшеница,0.41073755610230334,0.42234876739836574,0.42759850270005373
AOI-0078,2013-10-16,озимая пшеница,0.3879101945601887,0.3979433838242124,0.39127658114039876
AOI-0078,2014-06-26,озимая пшеница,0.8026091721771094,0.8023841939116123,0.7971364733337668
AOI-0078,2014-07-31,озимая пшеница,0.6882965530895845,0.670436772627808,0.6718486519193607
AOI-0078,2015-07-01,озимая пшеница,0.45032712167011174,0.4575792771070532,0.46391444018440847
AOI-0078,2015-09-11,озимая пшеница,0.24831411425730437,0.250987225363264,0.24599196750694496
AOI-0078,2016-04-22,озимая пшеница,0.41597697843448955,0.418501489047548,0.42188965380676907
AOI-0078,2016-07-04,озимая пшеница,0.8246779544462222,0.8249153605217497,0.8249263270426026
AOI-0078,2016-09-22,озимая пшеница,0.7193240128743972,0.7203874452894166,0.7095339550979259
AOI-0078,2016-10-24,озимая пшеница,0.45597965654900874,0.4487930516595703,0.45321388890916076
AOI-0078,2017-04-29,озимая пшеница,0.2333722547751739,0.24012798639309452,0.2412752257998795
AOI-0078,2017-05-03,озимая пшеница,0.2577021576390203,0.2657348195555802,0.26818229150872547
AOI-0078,2017-05-06,озимая пшеница,0.21991911979499493,0.23198854123211207,0.2251016910140994
AOI-0078,2017-05-09,озимая пшеница,0.44861596974732654,0.4548763069559638,0.4596305622175197
AOI-0078,2017-09-30,озимая пшеница,0.2919423101136407,0.3018798163562999,0.3006874761595723
AOI-0078,2018-06-07,озимая пшеница,0.7902038589565156,0.7907408158422802,0.7811774172943583
AOI-0078,2018-06-18,озимая пшеница,0.630113773381741,0.6250146350934273,0.6216050129982502
AOI-0078,2018-07-10,озимая пшеница,0.3240679614192195,0.3202922767014947,0.3244311913868175
AOI-0078,2018-08-10,озимая пшеница,0.3894030683046188,0.39528953398789207,0.4005646132631269
AOI-0078,2018-09-12,озимая пшеница,0.2273716717912802,0.2217544470914271,0.219190951407254
AOI-0078,2018-09-28,озимая пшеница,0.2178676359298292,0.21248976976864611,0.20617831864882186
AOI-0078,2018-10-01,озимая пшеница,0.24432480941547072,0.23895385522504536,0.23561163182208889
AOI-0078,2018-10-14,озимая пшеница,0.2159313838420597,0.2109730330394328,0.2081639884356392
AOI-0078,2019-04-07,озимая пшеница,0.3109647774810019,0.31733777435031524,0.32398459809011837
AOI-0078,2019-04-23,озимая пшеница,0.2638279726063396,0.2712936790645088,0.2739543166423656
AOI-0078,2019-05-06,озимая пшеница,0.1999592911893308,0.2052056271111339,0.20157631732388911
AOI-0078,2019-05-16,озимая пшеница,0.25676837292792504,0.26169388494919993,0.25165974375361505
AOI-0078,2019-05-24,озимая пшеница,0.38041761718862815,0.3752885978372658,0.3669901717673607
AOI-0078,2019-06-02,озимая пшеница,0.5144007683186125,0.5190241707770196,0.5119229505734774
AOI-0078,2019-06-10,озимая пшеница,0.646749247020113,0.6433047693789008,0.6397803127370478
AOI-0078,2019-06-13,озимая пшеница,0.6324545576042079,0.6185260422440189,0.6110915016072581
AOI-0078,2019-06-25,озимая пшеница,0.671861657009629,0.6616488512522873,0.6503013453840572
AOI-0078,2019-07-04,озимая пшеница,0.6671988056756305,0.6531679931702817,0.647167376704585
AOI-0078,2019-07-23,озимая пшеница,0.7465033751168322,0.7349895034216588,0.7335254483536738
AOI-0078,2019-07-28,озимая пшеница,0.7655113180565036,0.7658955328299142,0.7610320929313336
AOI-0078,2019-08-07,озимая пшеница,0.8256929691019149,0.8163560476183842,0.8124022002567992
AOI-0078,2019-08-09,озимая пшеница,0.7874319477238899,0.7757642302916036,0.7739754170287533
AOI-0078,2019-08-21,озимая пшеница,0.8901233194449022,0.8866009141031264,0.8753055831674706
AOI-0078,2019-08-29,озимая пшеница,0.834935696524869,0.8453358410127334,0.8315388755337375
AOI-0078,2019-09-13,озимая пшеница,0.78361710147916,0.7788477857756823,0.7686434652513632
AOI-0078,2019-09-28,озимая пшеница,0.5082964559455291,0.5090083278180623,0.5049340445829973
AOI-0078,2019-10-16,озимая пшеница,0.4232166363323981,0.4342342193027982,0.43674886776451755
AOI-0078,2020-04-05,озимая пшеница,0.19500840786886603,0.19125901259120812,0.18516253136938662
AOI-0078,2020-04-06,озимая пшеница,0.3772420424492364,0.38161387834215454,0.3846995964737709
AOI-0078,2020-04-23,озимая пшеница,0.39913864602091625,0.39566527671912805,0.39454908727957977
AOI-0078,2020-05-19,озимая пшеница,0.7927788325392743,0.8014166698937092,0.8032818971486982
AOI-0078,2020-06-12,озимая пшеница,0.8537151390634301,0.8530562719992604,0.8502572117975391
AOI-0078,2020-06-28,озимая пшеница,0.35775370708174636,0.34198222607661066,0.34184459534937744
AOI-0078,2020-07-24,озимая пшеница,0.17965254206094577,0.17271749871105954,0.16792276019764804
AOI-0078,2020-08-06,озимая пшеница,0.23292126778816047,0.23749447253994854,0.23355598295776836
AOI-0078,2020-08-08,озимая пшеница,0.1815963072017816,0.17075106994285166,0.1690698455104169
AOI-0078,2020-08-12,озимая пшеница,0.27575467584270685,0.2792245777739707,0.2860498197412575
AOI-0078,2020-09-08,озимая пшеница,0.19292635406075004,0.19761054946068193,0.19749941021448145
AOI-0078,2020-09-15,озимая пшеница,0.16738685259668232,0.17144626430181,0.1659654392645375
AOI-0078,2020-09-24,озимая пшеница,0.14422617954690564,0.13768287160369636,0.13733189494750353
AOI-0078,2020-09-25,озимая пшеница,0.16849479320230584,0.1627098132525806,0.16206261562189414
AOI-0078,2020-10-15,озимая пшеница,0.1842302664199314,0.1918561596869926,0.19261216608702392
AOI-0078,2020-10-22,озимая пшеница,0.09577162898405156,0.08984765296950754,0.0853622835699025
AOI-0078,2020-10-26,озимая пшеница,0.14034278925729562,0.13052276553612135,0.12702554077308162
AOI-0078,2021-04-10,озимая пшеница,0.10451809841047215,0.09805287243689258,0.0925909842572584
AOI-0078,2021-05-14,озимая пшеница,0.29605851500928226,0.29238337264342573,0.28796836058048814
AOI-0078,2021-05-15,озимая пшеница,0.27710738036903837,0.2833092516562698,0.27478116584865236
AOI-0078,2021-05-25,озимая пшеница,0.5844912286726223,0.5801087614839071,0.5869472466486111
AOI-0078,2021-06-17,озимая пшеница,0.7965154861096255,0.793217083495731,0.7840453382155619
AOI-0078,2021-06-22,озимая пшеница,0.7708270870184281,0.7602480788582021,0.7525379557783003
AOI-0078,2021-06-23,озимая пшеница,0.8088202183155337,0.8023043755782711,0.7955386885401283
AOI-0078,2021-06-26,озимая пшеница,0.7431531149405606,0.7473203260530941,0.7400547391438811
AOI-0078,2021-07-09,озимая пшеница,0.7419475847095203,0.7358072719637918,0.7294284733497581
AOI-0078,2021-08-01,озимая пшеница,0.559592198645033,0.5541815689361096,0.5452163175629235
AOI-0078,2021-08-21,озимая пшеница,0.4997184298454417,0.49393838315620675,0.4922900919924152
AOI-0078,2021-08-29,озимая пшеница,0.5770792060272655,0.5869551609704723,0.5884503297826936
AOI-0078,2021-09-03,озимая пшеница,0.5698522998584,0.5718155906033897,0.57845411084625
AOI-0078,2021-09-15,озимая пшеница,0.5202882011114607,0.5169730348133692,0.515346645968222
AOI-0078,2021-10-27,озимая пшеница,0.27951533674756457,0.26758788740213263,0.26581817561553683
AOI-0078,2021-10-30,озимая пшеница,0.26533111289579664,0.2516645477713283,0.2502256911204579
AOI-0078,2022-04-07,озимая пшеница,0.3781205379880586,0.37898600252068054,0.3645728980738551
AOI-0078,2022-05-03,озимая пшеница,0.655296767555156,0.6539166775005316,0.6535035134226169
AOI-0078,2022-06-19,озимая пшеница,0.7554049520955501,0.7602407576860021,0.7559595487248874
AOI-0078,2022-06-27,озимая пшеница,0.5782087412660568,0.5761669774251778,0.5713063453229131
AOI-0078,2022-07-17,озимая пшеница,0.24581140415469785,0.2385078667242469,0.23627551383864978
AOI-0078,2022-07-24,озимая пшеница,0.1787624236250211,0.17045147288930007,0.16741062459049122
AOI-0078,2022-08-01,озимая пшеница,0.17442991082176248,0.14602666376547058,0.15009185147789547
AOI-0078,2022-09-17,озимая пшеница,0.20908598567173992,0.20915075416889084,0.2071077259429094
AOI-0078,2022-09-20,озимая пшеница,0.25600953058575293,0.2639020292521205,0.26326888790398206
AOI-0078,2022-10-01,озимая пшеница,0.3975466456352633,0.389091886080422,0.3915206759967769
AOI-0078,2022-10-08,озимая пшеница,0.39930901745253056,0.4075455641002512,0.414667814645911
AOI-0078,2022-10-15,озимая пшеница,0.5337317449559477,0.5343221782347268,0.5360407319600438
AOI-0078,2023-05-12,озимая пшеница,0.8501373668500782,0.8361085551204521,0.8325440373923086
AOI-0078,2023-06-02,озимая пшеница,0.8548437438332879,0.8477234204918254,0.8398756171627187
AOI-0078,2023-07-02,озимая пшеница,0.6167455422748847,0.6065212444053732,0.5990476450926194
AOI-0078,2023-07-31,озимая пшеница,0.21506393762989978,0.2065929620639293,0.20279643141756476
AOI-0078,2023-08-03,озимая пшеница,0.17181219650110266,0.16343332703971375,0.16018608587284092
AOI-0078,2023-08-29,озимая пшеница,0.35229149592712544,0.3630759350419502,0.3706291538116168
AOI-0078,2023-09-29,озимая пшеница,0.15804444541562387,0.1481201711314607,0.14705788352611934
AOI-0078,2023-10-03,озимая пшеница,0.1767701342416029,0.17899524734561112,0.17818722263066247
AOI-0078,2024-04-04,озимая пшеница,0.1984856486718826,0.1928850711056224,0.18846363443646338
AOI-0078,2024-04-13,озимая пшеница,0.26422826293309276,0.2689891829914828,0.27076085579171555
AOI-0078,2024-04-14,озимая пшеница,0.2202198077885567,0.22519371459976473,0.22548209334501282
AOI-0078,2024-04-22,озимая пшеница,0.4704782683476526,0.48105775824939734,0.4697939328205943
AOI-0078,2024-05-04,озимая пшеница,0.43283323865489987,0.43851631771086613,0.434360156716085
AOI-0078,2024-05-06,озимая пшеница,0.44349493620919345,0.4460275546644128,0.4421569505158828
AOI-0078,2024-05-17,озимая пшеница,0.5708999114907313,0.5721396368556292,0.5676192134029191
AOI-0078,2024-05-19,озимая пшеница,0.5733799261613048,0.5646576869240075,0.5563192284038013
AOI-0078,2024-05-29,озимая пшеница,0.6289064941484357,0.6283185576400344,0.6265708713227434
AOI-0078,2024-06-09,озимая пшеница,0.5792904128493145,0.5847280480003246,0.5825159967297108
AOI-0078,2024-06-25,озимая пшеница,0.3729829078056726,0.3731511082364853,0.361121643277433
AOI-0078,2024-07-08,озимая пшеница,0.2440752017743289,0.2388724544292929,0.23154175650193676
AOI-0078,2024-07-13,озимая пшеница,0.22585000439077066,0.21723458689800362,0.21166732776025468
AOI-0078,2024-07-17,озимая пшеница,0.29279882672096214,0.2861407105860888,0.2829268997880814
AOI-0078,2024-07-25,озимая пшеница,0.30274512520360597,0.28645521702208104,0.2793496036046539
AOI-0078,2024-08-18,озимая пшеница,0.29001463187503307,0.29355366576562164,0.29829030487517033
AOI-0078,2024-08-26,озимая пшеница,0.23898789450083324,0.2408055929627277,0.23978225325178723
AOI-0078,2024-09-21,озимая пшеница,0.17180835202398387,0.1681437489401977,0.16561508385139892
AOI-0078,2024-10-22,озимая пшеница,0.24964788642212868,0.2482952205923214,0.2457652616635868
AOI-0078,2024-10-30,озимая пшеница,0.21797467448559577,0.20456864589502075,0.20352962809401
