anon_polygon_id,date,crop_type,v3_prediction,v4_prediction,v7_prediction
AOI-0005,2010-05-02,озимая пшеница,0.24102128366472567,0.2418100131855279,0.24138432695220854
AOI-0005,2010-07-28,озимая пшеница,0.30951329078901296,0.3165588102736926,0.311832357439534
AOI-0005,2010-08-05,озимая пшеница,0.22676385520781092,0.2453502925055281,0.24877625225100922
AOI-0005,2010-08-29,озимая пшеница,0.28848854209737823,0.2878822812562885,0.28192016807674947
AOI-0005,2010-08-30,озимая пшеница,0.233662036514233,0.23696254820702845,0.23690922518914082
AOI-0005,2010-09-06,озимая пшеница,0.23945201021157891,0.24619581878268645,0.2475960526875247
AOI-0005,2011-04-02,озимая пшеница,0.2782684845869003,0.26879206418190876,0.2592859643892448
AOI-0005,2011-06-06,озимая пшеница,0.7642970495763426,0.7573777342143653,0.7583713329774094
AOI-0005,2011-06-26,озимая пшеница,0.5054222342773517,0.5158008933576922,0.5129353331380397
AOI-0005,2011-09-02,озимая пшеница,0.43064641702843653,0.4231562109442228,0.41959565338575655
AOI-0005,2012-04-04,озимая пшеница,0.23806066944269053,0.22964315426591742,0.22185095272066374
AOI-0005,2012-04-29,озимая пшеница,0.5571142825672332,0.5603193316112675,0.559618646514986
AOI-0005,2012-05-06,озимая пшеница,0.5888033407473299,0.5824795961204159,0.5792925109054303
AOI-0005,2012-05-31,озимая пшеница,0.8078798131315619,0.7937307512781905,0.7898618678124207
AOI-0005,2012-08-10,озимая пшеница,0.18318898974277312,0.18405737834275399,0.18591348329045404
AOI-0005,2012-08-12,озимая пшеница,0.27784475821276183,0.29201539042547203,0.298275905844281
AOI-0005,2013-06-26,озимая пшеница,0.37011341686426197,0.3766902015242056,0.36508869899776236
AOI-0005,2013-07-12,озимая пшеница,0.3404176559408299,0.3418481444683307,0.33153114894730823
AOI-0005,2013-08-21,озимая пшеница,0.46477617352385187,0.455246508652254,0.4569469270880898
AOI-0005,2013-08-29,озимая пшеница,0.48348019092360667,0.4723819110263544,0.47197563674393245
AOI-0005,2014-04-18,озимая пшеница,0.4117059141693072,0.4110886776418739,0.4105712540399013
AOI-0005,2014-04-27,озимая пшеница,0.5931944825005989,0.593460166791928,0.5971675878598407
AOI-0005,2014-05-04,озимая пшеница,0.6853665020009437,0.6887969759486986,0.6926703255649456
AOI-0005,2014-05-09,озимая пшеница,0.7598877908461826,0.7722114164372605,0.7755848142725399
AOI-0005,2014-06-10,озимая пшеница,0.6790964724945189,0.6820912046617605,0.6806642702415736
AOI-0005,2014-07-28,озимая пшеница,0.47199545537580945,0.46681269376816376,0.46513015662546026
AOI-0005,2014-10-03,озимая пшеница,0.23997860833240658,0.24004492811057396,0.24090119426542406
AOI-0005,2015-05-23,озимая пшеница,0.7416269898583794,0.7358966663629684,0.7335575411051747
AOI-0005,2015-06-10,озимая пшеница,0.7708439260949115,0.7733727468430502,0.7706143654261477
AOI-0005,2015-10-06,озимая пшеница,0.20091230779709804,0.1921893533634267,0.18960622232100818
AOI-0005,2016-04-22,озимая пшеница,0.6434036372966677,0.6620263200501517,0.6789834178148066
AOI-0005,2016-05-08,озимая пшеница,0.7806388555619329,0.7912537585732997,0.7923914812907772
AOI-0005,2016-09-13,озимая пшеница,0.37832792240135715,0.3749500793334724,0.3730733167545508
AOI-0005,2017-04-11,озимая пшеница,0.21306586183600681,0.2007745369091342,0.1956756626760551
AOI-0005,2017-04-23,озимая пшеница,0.49546596698917433,0.514050680049627,0.5173767626534
AOI-0005,2017-04-26,озимая пшеница,0.3583618031995502,0.37134328990445925,0.369383561807022
AOI-0005,2017-07-23,озимая пшеница,0.5502660199719941,0.5516436205064482,0.5555298835554826
AOI-0005,2017-09-25,озимая пшеница,0.5100892526642505,0.4977777070102898,0.5013597547585955
AOI-0005,2017-10-04,озимая пшеница,0.4465183169792108,0.4348916792654091,0.4418100141610606
AOI-0005,2018-05-01,озимая пшеница,0.6074904039638015,0.6117884157572953,0.6124391572927326
AOI-0005,2018-05-16,озимая пшеница,0.7173200764624809,0.7070408093138218,0.7060609442825584
AOI-0005,2018-06-01,озимая пшеница,0.6751184119711157,0.668710016152818,0.6689290964053871
AOI-0005,2018-07-10,озимая пшеница,0.41040426737344077,0.4111984811708509,0.41149299351005747
AOI-0005,2018-08-27,озимая пшеница,0.4124157126041137,0.41153305952357294,0.41396934980050404
AOI-0005,2018-09-30,озимая пшеница,0.3744338627365951,0.3737277121598063,0.3733634604612076
AOI-0005,2019-04-26,озимая пшеница,0.6362634526628139,0.639022790781199,0.6405388211216778
AOI-0005,2019-05-11,озимая пшеница,0.7708254784276939,0.7587539995997754,0.7484428550628086
AOI-0005,2019-05-18,озимая пшеница,0.8307472291612467,0.8236275743278664,0.8198740824529563
AOI-0005,2019-05-21,озимая пшеница,0.8066821524278942,0.8027526549384842,0.8034332844221169
AOI-0005,2019-06-11,озимая пшеница,0.7376433753730645,0.7319987054328987,0.7305267268894408
AOI-0005,2019-06-25,озимая пшеница,0.5341659179952178,0.5304779732659265,0.5355041125792085
AOI-0005,2019-07-12,озимая пшеница,0.4689864785164332,0.4556374455876616,0.45313753357422976
AOI-0005,2019-08-23,озимая пшеница,0.36141991713234894,0.35435357847102766,0.35245499597927654
AOI-0005,2019-08-24,озимая пшеница,0.33788969269457625,0.34051627576792526,0.34176619292012667
AOI-0005,2019-09-03,озимая пшеница,0.32793876944290434,0.3348559217753168,0.33973209246583763
AOI-0005,2019-09-07,озимая пшеница,0.36732910222696874,0.36727798556505764,0.3756817626133531
AOI-0005,2019-09-08,озимая пшеница,0.3439759213988511,0.34588809207106513,0.34957460794937256
AOI-0005,2019-09-15,озимая пшеница,0.2683169861649139,0.28377805290292635,0.28770035556944
AOI-0005,2020-04-22,озимая пшеница,0.3871117506975254,0.39843379525737427,0.3969062830868376
AOI-0005,2020-05-08,озимая пшеница,0.6742841976553565,0.6860978884044643,0.6988380995853273
AOI-0005,2020-08-16,озимая пшеница,0.4983182619482296,0.495526956547591,0.4998537166237445
AOI-0005,2020-08-23,озимая пшеница,0.42048691188751475,0.4184650667442266,0.4200787011314957
AOI-0005,2020-08-24,озимая пшеница,0.4323967201574867,0.4308952210433607,0.43521258017847353
AOI-0005,2020-09-02,озимая пшеница,0.3534806118043907,0.35746294053458466,0.3618997165867738
AOI-0005,2020-09-17,озимая пшеница,0.2827288085516111,0.2901473811733612,0.2985505963505103
AOI-0005,2020-09-29,озимая пшеница,0.29698761180114136,0.2907388144347618,0.2955993609872213
AOI-0005,2021-04-21,озимая пшеница,0.4608209191198969,0.46085026603819274,0.4644340675250654
AOI-0005,2021-07-12,озимая пшеница,0.5043934750725128,0.4978498863606447,0.4978077950020688
AOI-0005,2021-08-29,озимая пшеница,0.4151362743889712,0.4238272489357183,0.4244967777931234
AOI-0005,2021-09-04,озимая пшеница,0.2886473604814724,0.29732265417772963,0.3044319346932001
AOI-0005,2021-09-30,озимая пшеница,0.38255948669495066,0.3883725583940566,0.39070103839404874
AOI-0005,2021-10-14,озимая пшеница,0.2732105063003518,0.2896005912077669,0.30219226618428824
AOI-0005,2022-05-09,озимая пшеница,0.7892313384981651,0.7980994317626197,0.8009043627141769
AOI-0005,2022-05-30,озимая пшеница,0.8313108509898052,0.838358121361467,0.8408642148007924
AOI-0005,2022-07-19,озимая пшеница,0.4499360116153526,0.4586332209349964,0.46563756209106827
AOI-0005,2022-07-21,озимая пшеница,0.44531747115573217,0.43694982940616117,0.4381662268343428
AOI-0005,2022-07-28,озимая пшеница,0.5071099787835781,0.5027101258869495,0.5028151647057062
AOI-0005,2022-08-03,озимая пшеница,0.42807565344392434,0.4213264749971019,0.419061261294109
AOI-0005,2022-08-14,озимая пшеница,0.4907814042288612,0.49506919405206545,0.5046719366971945
AOI-0005,2022-08-28,озимая пшеница,0.3904756327029319,0.3949362015347022,0.3956668841900986
AOI-0005,2022-10-01,озимая пшеница,0.38987263087043883,0.39791448029865817,0.4071313778814704
AOI-0005,2023-07-14,озимая пшеница,0.5908349132382892,0.5767562265667113,0.5735229340287145
AOI-0005,2023-07-29,озимая пшеница,0.5223150137998457,0.5267785245380696,0.5290599384302948
AOI-0005,2023-08-08,озимая пшеница,0.49750129548926253,0.5050206682386914,0.5115984327813056
AOI-0005,2023-08-29,озимая пшеница,0.4483659345088114,0.45053025644022465,0.4472424191654032
AOI-0005,2023-09-12,озимая пшеница,0.36281244553875824,0.3738773170919253,0.38118589831360844
AOI-0005,2023-09-14,озимая пшеница,0.38396370757609266,0.38059948046646375,0.3740382438442282
AOI-0005,2023-09-26,озимая пшеница,0.3397985539195471,0.3482977979988022,0.3550525880665132
AOI-0005,2023-10-17,озимая пшеница,0.19339151980621838,0.19821372474057478,0.20432755075732198
AOI-0005,2024-05-31,озимая пшеница,0.7214689241766572,0.7157200248627339,0.7228576428985867
AOI-0005,2024-06-03,озимая пшеница,0.7050937540184584,0.7109246309986209,0.7132219978999655
AOI-0005,2024-07-28,озимая пшеница,0.3849704235426475,0.39279696663942937,0.3963674825315793
AOI-0005,2024-08-22,озимая пшеница,0.30180228002786913,0.30704810786964964,0.31180733008988776
AOI-0005,2024-08-28,озимая пшеница,0.3793239137180204,0.3765665912907879,0.3699939720636418
AOI-0005,2024-09-16,озимая пшеница,0.29917913019714976,0.3034603359074861,0.3082970327138532
AOI-0006,2010-04-15,озимая пшеница,0.4488815379904114,0.4366844642966538,0.42633352365908356
AOI-0006,2010-05-09,озимая пшеница,0.8112392988209138,0.8026137058579244,0.8004638595544383
AOI-0006,2010-07-13,озимая пшеница,0.2802632117996761,0.28619222268467986,0.28577026589857774
AOI-0006,2010-07-28,озимая пшеница,0.29623108258999464,0.2955663034734066,0.291067019306435
AOI-0006,2010-07-29,озимая пшеница,0.22802800978699278,0.23275192071502748,0.23329624900589035
AOI-0006,2010-08-05,озимая пшеница,0.21889178958882274,0.21300753534591355,0.2159213373682216
AOI-0006,2011-04-02,озимая пшеница,0.15312173743959676,0.13023276066974254,0.12249656588448819
AOI-0006,2011-04-19,озимая пшеница,0.1930764249597873,0.17018107578670946,0.16464808136964226
AOI-0006,2011-05-21,озимая пшеница,0.24055971835456025,0.22877163668247205,0.22782002641510152
AOI-0006,2011-07-16,озимая пшеница,0.7492687522543475,0.7429251891745194,0.736927827167164
AOI-0006,2011-08-08,озимая пшеница,0.4649663051827941,0.45930371664133646,0.45920442624502344
AOI-0006,2011-08-09,озимая пшеница,0.44800418060558006,0.4424503632247761,0.4408438407933533
AOI-0006,2011-10-16,озимая пшеница,0.31558450751583916,0.32524428289251595,0.33047889094085064
AOI-0006,2012-04-22,озимая пшеница,0.7505079632010515,0.7614025514887163,0.7696870080389111
AOI-0006,2012-06-09,озимая пшеница,0.5219753614284194,0.5194143060065863,0.5085460817024765
AOI-0006,2012-10-15,озимая пшеница,0.27652917509662417,0.2823961301148487,0.2864184498935181
AOI-0006,2013-07-21,озимая пшеница,0.7098440371902234,0.7198809816550046,0.7262557610527435
AOI-0006,2013-08-21,озимая пшеница,0.35378802419398364,0.3528160852804975,0.3472928149093158
AOI-0006,2013-10-24,озимая пшеница,0.2486417999577044,0.25787226637429805,0.26707055266413354
AOI-0006,2014-04-07,озимая пшеница,0.6617453360100187,0.672520569656175,0.6815348691758605
AOI-0006,2014-06-13,озимая пшеница,0.41304550739638074,0.4079656904837298,0.4048819705613802
AOI-0006,2014-06-26,озимая пшеница,0.3290813058696902,0.33582917040920135,0.33321740546586376
AOI-0006,2014-07-31,озимая пшеница,0.17467244086577646,0.18252684878203623,0.18340727091080086
AOI-0006,2014-08-29,озимая пшеница,0.23323768374150564,0.23340939268926936,0.2325039389474028
AOI-0006,2015-06-09,озимая пшеница,0.836993877860848,0.8248860281824166,0.8232857660227189
AOI-0006,2015-07-26,озимая пшеница,0.30527713680467666,0.30840576426147837,0.3054230073763027
AOI-0006,2015-08-03,озимая пшеница,0.3079755093297171,0.303410590022722,0.30240206584242413
AOI-0006,2015-08-11,озимая пшеница,0.2888935962156645,0.2947649397164587,0.2971623995607913
AOI-0006,2015-08-12,озимая пшеница,0.2838247349267491,0.280639423986795,0.27647239061812384
AOI-0006,2015-10-16,озимая пшеница,0.232112815276965,0.238614107191799,0.24115919979448372
AOI-0006,2016-04-22,озимая пшеница,0.5215357332662514,0.5424620521945734,0.5429486783683983
AOI-0006,2016-04-23,озимая пшеница,0.46452958918165094,0.4684035545202362,0.4566531402364214
AOI-0006,2016-05-08,озимая пшеница,0.48920372423418557,0.4965086010576727,0.499480633370874
AOI-0006,2017-04-23,озимая пшеница,0.32919845160116856,0.35158187203868707,0.35977112652995513
AOI-0006,2017-05-09,озимая пшеница,0.4220139469676683,0.4359990583219017,0.44406325477844527
AOI-0006,2017-07-25,озимая пшеница,0.7628123713008262,0.7732025795860519,0.767393783576185
AOI-0006,2017-09-01,озимая пшеница,0.23225723894475483,0.23469652653846973,0.24044433361546844
AOI-0006,2017-09-14,озимая пшеница,0.3011110360536387,0.3073962609787427,0.3072590223459829
AOI-0006,2017-10-04,озимая пшеница,0.1952538162570506,0.19158073137627568,0.19100511719632418
AOI-0006,2018-06-08,озимая пшеница,0.3765227101533822,0.3883411352514782,0.38334896031455706
AOI-0006,2018-08-13,озимая пшеница,0.4792131680803706,0.4789470151959564,0.4736426212245972
AOI-0006,2018-09-20,озимая пшеница,0.25323399895204485,0.2610812897664143,0.2661263794526558
AOI-0006,2018-10-16,озимая пшеница,0.2926451120900591,0.3031874747733687,0.3030109083287787
AOI-0006,2019-04-21,озимая пшеница,0.7567022153531121,0.7511323032914438,0.7539129534687433
AOI-0006,2019-04-23,озимая пшеница,0.8047862486155793,0.8075992611086414,0.8060484856649921
AOI-0006,2019-05-21,озимая пшеница,0.8942395271819533,0.8792054962655256,0.8732134842330329
AOI-0006,2019-06-27,озимая пшеница,0.22383183158043016,0.2255800098530492,0.22422451102039279
AOI-0006,2019-08-22,озимая пшеница,0.18967157783949154,0.19492308358482704,0.20100288869284105
AOI-0006,2019-09-03,озимая пшеница,0.1479480251741614,0.14429201647797466,0.1436904670724577
AOI-0006,2020-04-06,озимая пшеница,0.26811570879209473,0.28131149635984315,0.28743461299163403
AOI-0006,2020-04-30,озимая пшеница,0.1857301708822405,0.16873265142228852,0.16798424257841688
AOI-0006,2020-05-20,озимая пшеница,0.268474735551362,0.25764677629083405,0.24766642680666742
AOI-0006,2020-06-05,озимая пшеница,0.5970545205781564,0.6020597928182532,0.6044823281480659
AOI-0006,2020-08-03,озимая пшеница,0.4428581792667912,0.43963712310679354,0.4402246678212932
AOI-0006,2020-09-01,озимая пшеница,0.3561791595166763,0.3589530091535462,0.36063593854538395
AOI-0006,2021-04-06,озимая пшеница,0.2945657820545852,0.2930920868164314,0.2825542221451194
AOI-0006,2021-05-20,озимая пшеница,0.8792649782978009,0.8668801388596006,0.8661072624681891
AOI-0006,2021-06-16,озимая пшеница,0.8187797274664672,0.8102409721989633,0.7993307958038833
AOI-0006,2021-08-29,озимая пшеница,0.23106784415558002,0.24302521403624477,0.24680457467580066
AOI-0006,2021-10-02,озимая пшеница,0.19298326155598142,0.19934565584581124,0.20075422627036807
AOI-0006,2022-04-24,озимая пшеница,0.8157858669215016,0.8136410692763175,0.8103562462075824
AOI-0006,2022-06-10,озимая пшеница,0.7453719861072967,0.7506005772186957,0.7392457992567448
AOI-0006,2022-08-23,озимая пшеница,0.176334882417071,0.18650684382525085,0.18378873354568082
AOI-0006,2022-09-17,озимая пшеница,0.1683624652304728,0.16438324767631055,0.16221285937827176
AOI-0006,2022-09-30,озимая пшеница,0.26792447195789787,0.2870569943365363,0.288438481113993
AOI-0006,2022-10-02,озимая пшеница,0.1716011616959665,0.1683368367842346,0.169203796986246
AOI-0006,2022-10-12,озимая пшеница,0.16702750794055046,0.17356933158650317,0.17707222355824062
AOI-0006,2023-04-10,озимая пшеница,0.2727623739803136,0.27761359867193497,0.26670026081092907
AOI-0006,2023-04-23,озимая пшеница,0.46271593033011665,0.4931915323533086,0.49820362988047634
AOI-0006,2023-05-06,озимая пшеница,0.3089319356312124,0.30607761668798444,0.30737098356529946
AOI-0006,2023-05-13,озимая пшеница,0.30238209815453515,0.3003617460559857,0.3051920825319054
AOI-0006,2023-06-10,озимая пшеница,0.6874602096738713,0.7074137107654146,0.712590345573795
AOI-0006,2023-06-15,озимая пшеница,0.5986201897492283,0.6022822582991925,0.598722304542036
AOI-0006,2023-07-16,озимая пшеница,0.7729831424932966,0.7846095677036895,0.7854246550131366
AOI-0006,2023-08-28,озимая пшеница,0.5391077056837762,0.5416335096854337,0.5442688936841588
AOI-0006,2023-09-02,озимая пшеница,0.4041883153576234,0.3979962803295861,0.3973033347580445
AOI-0006,2023-09-14,озимая пшеница,0.3812005929793881,0.38306451256770213,0.3766228217019216
AOI-0006,2023-09-18,озимая пшеница,0.3904542819201029,0.4017798758945661,0.4014666767591413
AOI-0006,2023-09-26,озимая пшеница,0.2964403819485298,0.29779160874360355,0.30165897443371137
AOI-0006,2023-10-02,озимая пшеница,0.19837262776848705,0.19760048622765092,0.2024209732892497
AOI-0006,2023-10-16,озимая пшеница,0.25659457059925533,0.2712300875235365,0.27158769670105454
AOI-0006,2023-10-17,озимая пшеница,0.15544195305551187,0.14928356573398543,0.15032945796183558
AOI-0006,2024-06-03,озимая пшеница,0.7239798862567639,0.7222347116961165,0.7221700649967754
AOI-0006,2024-06-24,озимая пшеница,0.342598898743727,0.3473757448647404,0.3510531913725242
AOI-0006,2024-07-03,озимая пшеница,0.21371671338733766,0.21352566627473857,0.2113683604140202
AOI-0006,2024-07-13,озимая пшеница,0.20000959446837063,0.2020256926865829,0.19779351937487427
AOI-0006,2024-09-28,озимая пшеница,0.15881681748903864,0.16167571760852884,0.16087057735851867
AOI-0006,2024-10-06,озимая пшеница,0.1454949804417053,0.14585925811166586,0.148843350806039
AOI-0006,2024-10-26,озимая пшеница,0.18070031171555434,0.1754451097001146,0.17470043057052898
AOI-0009,2010-04-07,озимая пшеница,0.46983760077934816,0.4628392244595924,0.45633678375267656
AOI-0009,2010-05-18,озимая пшеница,0.7093010338696265,0.7054790461981838,0.7060714999212538
AOI-0009,2010-06-10,озимая пшеница,0.46832159058298767,0.4630059148871816,0.45488646932776877
AOI-0009,2010-09-14,озимая пшеница,0.26335086404848007,0.2645987418229004,0.2696338008396518
AOI-0009,2010-09-30,озимая пшеница,0.2367590189565865,0.24059043596035531,0.24901214461009827
AOI-0009,2011-05-25,озимая пшеница,0.5857865251478551,0.5889322494201485,0.5977284293404685
AOI-0009,2011-07-12,озимая пшеница,0.6687395439110451,0.6661726915091389,0.663415408914807
AOI-0009,2011-07-28,озимая пшеница,0.5825723021963539,0.5850814497885702,0.5793320638333549
AOI-0009,2011-08-17,озимая пшеница,0.35753669362252455,0.3563156701690259,0.3529934333921329
AOI-0009,2011-09-10,озимая пшеница,0.2806535318148221,0.2736854690209405,0.27266763696520485
AOI-0009,2012-04-29,озимая пшеница,0.5341550672241016,0.5263449586574821,0.5238802612950694
AOI-0009,2012-05-08,озимая пшеница,0.7103755253545754,0.7089462141777904,0.7142904716006945
AOI-0009,2012-08-12,озимая пшеница,0.32871553647633794,0.33164081625507885,0.33184317639380084
AOI-0009,2012-08-28,озимая пшеница,0.37821767923837984,0.3739635134998598,0.3768933703118427
AOI-0009,2012-09-29,озимая пшеница,0.32395471280613564,0.32433454334072426,0.3317611813236609
AOI-0009,2012-10-06,озимая пшеница,0.20426400907991257,0.19600843856464142,0.19887912617298126
AOI-0009,2013-04-07,озимая пшеница,0.31361559923993537,0.3132272136836812,0.30966886397234583
AOI-0009,2013-07-21,озимая пшеница,0.5828022070352796,0.572518149894599,0.578985506474846
AOI-0009,2013-08-13,озимая пшеница,0.3817155533836298,0.38780547816790023,0.3852496633424201
AOI-0009,2013-09-14,озимая пшеница,0.30305478335893893,0.30745937608871704,0.31379319917609105
AOI-0009,2014-04-07,озимая пшеница,0.6437844854266919,0.6307605228870652,0.6305490035548862
AOI-0009,2014-04-27,озимая пшеница,0.7782943628144371,0.7776632422740037,0.7775134385617397
AOI-0009,2014-05-29,озимая пшеница,0.8535488748336398,0.8574151606882296,0.8582226841849627
AOI-0009,2014-06-10,озимая пшеница,0.5354407232899442,0.5322997831192642,0.5221407572317761
AOI-0009,2014-06-22,озимая пшеница,0.40182674344251024,0.3998074366558781,0.40310250796130387
AOI-0009,2014-08-01,озимая пшеница,0.20201956469242152,0.19726017268422372,0.19346210863117877
AOI-0009,2014-08-09,озимая пшеница,0.17365511546894163,0.16701138109299501,0.16048833949235572
AOI-0009,2014-08-17,озимая пшеница,0.18561854237818678,0.1806694082715652,0.18055143462393633
AOI-0009,2014-08-29,озимая пшеница,0.23547087122661417,0.23806700039113426,0.2446672646119002
AOI-0009,2015-04-14,озимая пшеница,0.3849456823779509,0.37893157128621013,0.37682315298981933
AOI-0009,2015-05-24,озимая пшеница,0.8166311290310379,0.818842930997574,0.8171284188084121
AOI-0009,2015-06-26,озимая пшеница,0.4015109008323888,0.3996618855312885,0.39333929783185156
AOI-0009,2015-10-07,озимая пшеница,0.20149071176451347,0.19633152394566203,0.19889114344833644
AOI-0009,2016-05-02,озимая пшеница,0.6298012215676377,0.6191967752703063,0.6204169449677601
AOI-0009,2016-06-25,озимая пшеница,0.5263178655614064,0.515341275073209,0.5034082528090926
AOI-0009,2016-07-05,озимая пшеница,0.3909118607954376,0.3799393450162561,0.3728323271400878
AOI-0009,2016-07-13,озимая пшеница,0.3921851093336068,0.3900531589672746,0.39108005649589683
AOI-0009,2016-10-25,озимая пшеница,0.25396485611240543,0.25256895898694726,0.2570310783123178
AOI-0009,2017-04-01,озимая пшеница,0.22018981076423208,0.20224936484981187,0.19547501475278736
AOI-0009,2017-04-23,озимая пшеница,0.6524751194667784,0.6525614826921917,0.6647622873992459
AOI-0009,2017-05-21,озимая пшеница,0.8253525607337595,0.8335626292194742,0.8309506519997821
AOI-0009,2017-07-12,озимая пшеница,0.3161120019638879,0.3162625964844797,0.314290873220177
AOI-0009,2017-07-24,озимая пшеница,0.21268653480362784,0.2072720227529353,0.2129073173526854
AOI-0009,2017-08-09,озимая пшеница,0.1515225385662832,0.15408074521653473,0.15284788867573137
AOI-0009,2017-08-11,озимая пшеница,0.1445214329782329,0.14620380634830826,0.1452163151599318
AOI-0009,2017-08-14,озимая пшеница,0.1567860850683533,0.16342982973876904,0.16322376907204034
AOI-0009,2017-08-29,озимая пшеница,0.18245040509917917,0.18850853243396196,0.19050532614092172
AOI-0009,2017-09-05,озимая пшеница,0.13170934156806494,0.1338847640660537,0.13650321388926653
AOI-0009,2017-09-13,озимая пшеница,0.15955572343922866,0.16312770558855222,0.1648332196963417
AOI-0009,2017-09-15,озимая пшеница,0.15968995740375225,0.16168620336701162,0.1640775443000264
AOI-0009,2018-04-14,озимая пшеница,0.4396980637397554,0.4236494385840827,0.41511926149537937
AOI-0009,2018-04-23,озимая пшеница,0.6900054104069101,0.6812088944621827,0.6901149193609787
AOI-0009,2018-07-12,озимая пшеница,0.30460266204072334,0.30374854533979795,0.3026844142149526
AOI-0009,2018-09-29,озимая пшеница,0.17851852249655095,0.17389468204487168,0.17796690417933073
AOI-0009,2018-09-30,озимая пшеница,0.22818378027799022,0.23170027179690833,0.23703125392764993
AOI-0009,2018-10-13,озимая пшеница,0.16674101311508518,0.16732772855281638,0.1718251761049188
AOI-0009,2019-04-01,озимая пшеница,0.22962743977988118,0.22210382191949934,0.22017592674509845
AOI-0009,2019-04-25,озимая пшеница,0.33992952316304326,0.3304400338661885,0.33332416501781065
AOI-0009,2019-05-09,озимая пшеница,0.5667312643485037,0.5712309739796821,0.5776011752480004
AOI-0009,2019-05-18,озимая пшеница,0.4738130707903431,0.4728241220794301,0.4704424988541695
AOI-0009,2019-05-28,озимая пшеница,0.7294967581125616,0.7214272671049219,0.7157274871701633
AOI-0009,2019-06-28,озимая пшеница,0.2608768166845005,0.2422937154265408,0.24638149414545676
AOI-0009,2019-08-07,озимая пшеница,0.2911930804301721,0.27903741177116026,0.28668229197268275
AOI-0009,2019-08-21,озимая пшеница,0.17801376899789836,0.1783384170926297,0.18032883214517728
AOI-0009,2019-08-26,озимая пшеница,0.16135214746462712,0.16374063883872486,0.1641525372724207
AOI-0009,2019-08-31,озимая пшеница,0.163960868412343,0.16451885937928912,0.16553542329579668
AOI-0009,2019-10-15,озимая пшеница,0.22364584720489852,0.22646908652800823,0.22325808586111195
AOI-0009,2020-05-13,озимая пшеница,0.7252140171596694,0.7333572097716382,0.7336175300863508
AOI-0009,2020-05-15,озимая пшеница,0.6937362100771512,0.6862226588121499,0.6788091133145587
AOI-0009,2020-05-24,озимая пшеница,0.7776855724498155,0.7818049896798126,0.7834876420912491
AOI-0009,2020-05-27,озимая пшеница,0.7146136117670966,0.7160750066456917,0.714972331116724
AOI-0009,2020-05-29,озимая пшеница,0.7020675259106804,0.7072133029233544,0.7045429441901874
AOI-0009,2020-06-06,озимая пшеница,0.6444038645296319,0.6394317848539559,0.6386450051439022
AOI-0009,2020-06-11,озимая пшеница,0.5625131932518032,0.561650925547007,0.562057512617994
AOI-0009,2020-06-29,озимая пшеница,0.21249368314370046,0.20655121010316968,0.2074401137540478
AOI-0009,2020-07-06,озимая пшеница,0.1687469259044374,0.16097657024892237,0.16395006165925272
AOI-0009,2020-07-24,озимая пшеница,0.14257063084893637,0.1406219301198052,0.14361156382699677
AOI-0009,2020-07-27,озимая пшеница,0.21439809490390463,0.20810181406018197,0.2147637170997577
AOI-0009,2020-08-03,озимая пшеница,0.14137847909958282,0.14121002544827554,0.14329078986829522
AOI-0009,2020-08-12,озимая пшеница,0.22764502295433467,0.23545000752953768,0.24187007378281813
AOI-0009,2020-08-15,озимая пшеница,0.15879151575506198,0.15563739341328955,0.1556928783416691
AOI-0009,2020-08-17,озимая пшеница,0.18451542407083918,0.18383763689449703,0.18452764766302807
AOI-0009,2020-08-28,озимая пшеница,0.20987429532908855,0.220919799445499,0.2273642030441168
AOI-0009,2020-09-02,озимая пшеница,0.14270100645763403,0.14616753257711362,0.14863253710450283
AOI-0009,2020-09-29,озимая пшеница,0.1913289509778829,0.20155243494945688,0.20833429175305615
AOI-0009,2020-10-07,озимая пшеница,0.1348025590941958,0.13424137983691445,0.1411364568571117
AOI-0009,2020-10-15,озимая пшеница,0.2220095013895489,0.22449364108670866,0.22911321743703664
AOI-0009,2021-04-06,озимая пшеница,0.3856052371375908,0.37487410679018546,0.37097140358486563
AOI-0009,2021-04-30,озимая пшеница,0.6850020368191694,0.685681694329464,0.6747020490981704
AOI-0009,2021-05-15,озимая пшеница,0.8500120228750273,0.8361227861290625,0.8282038693890477
AOI-0009,2021-05-16,озимая пшеница,0.8599084397843875,0.8561160326485737,0.85466556560611
AOI-0009,2021-07-14,озимая пшеница,0.17300520301651698,0.1736490141852158,0.17493246426567316
AOI-0009,2021-07-21,озимая пшеница,0.16226681287171713,0.15437841668041863,0.15579672738585618
AOI-0009,2021-07-26,озимая пшеница,0.16774362040591595,0.16854655178373862,0.16943339481150574
AOI-0009,2021-07-29,озимая пшеница,0.16279306823253617,0.16485292921459052,0.16502190995816757
AOI-0009,2021-08-20,озимая пшеница,0.17998711302000603,0.1791757829256508,0.17901169479854934
AOI-0009,2021-09-27,озимая пшеница,0.28901705536922456,0.28032567634965944,0.28388605596752925
AOI-0009,2021-10-02,озимая пшеница,0.35369824530767396,0.35396972649622754,0.35644332377453125
AOI-0009,2021-10-12,озимая пшеница,0.24322803093569856,0.25142772738971064,0.24645378957651037
AOI-0009,2021-10-15,озимая пшеница,0.30998135836884705,0.3102291919728715,0.3042275178842274
AOI-0009,2022-04-02,озимая пшеница,0.4260354831608497,0.42878353946878855,0.43094001895225736
AOI-0009,2022-06-06,озимая пшеница,0.8307700329618454,0.8238763261956334,0.8208722242016614
AOI-0009,2022-06-08,озимая пшеница,0.8263106140549835,0.8258190224886497,0.8274238502995062
AOI-0009,2022-06-11,озимая пшеница,0.8251202103775389,0.8183905290651756,0.8200267155485775
AOI-0009,2022-07-12,озимая пшеница,0.25840984041235093,0.2455667199945344,0.24315908203664344
AOI-0009,2022-07-14,озимая пшеница,0.16139141300801033,0.1600310872643581,0.1605695854374468
AOI-0009,2022-08-23,озимая пшеница,0.15568694303902075,0.16064912171656678,0.1646346164532576
AOI-0009,2022-09-30,озимая пшеница,0.2635882542043361,0.2663254439070104,0.2709471309182073
AOI-0009,2022-10-02,озимая пшеница,0.1545492861241259,0.15902575447501352,0.16277344161417928
AOI-0009,2022-10-19,озимая пшеница,0.18798838524083025,0.19118701308078054,0.18842537684677663
AOI-0009,2022-10-22,озимая пшеница,0.17729268295959397,0.18542849644022086,0.18216388218166327
AOI-0009,2023-05-17,озимая пшеница,0.8639816371287865,0.8557522721873553,0.85291085536422
AOI-0009,2023-05-25,озимая пшеница,0.8140292949302315,0.8066402700603049,0.7981376721629
AOI-0009,2023-06-19,озимая пшеница,0.6953176833063478,0.6891247667127309,0.6882121297247117
AOI-0009,2023-06-26,озимая пшеница,0.43241759092983045,0.42950778655414623,0.4221646083007079
AOI-0009,2023-07-25,озимая пшеница,0.31087542475342445,0.3129902637637987,0.32180508151379744
AOI-0009,2023-08-13,озимая пшеница,0.2745088707740106,0.2805936221833011,0.27404490066038123
AOI-0009,2023-08-26,озимая пшеница,0.2945287478713601,0.28753481500653594,0.289431543261158
AOI-0009,2023-08-28,озимая пшеница,0.24261309424402785,0.2437835872314944,0.24716899038721588
AOI-0009,2023-08-29,озимая пшеница,0.31783469533306424,0.32112884295372807,0.31892150552965276
AOI-0009,2023-09-14,озимая пшеница,0.2616258535622858,0.26571878790287146,0.2607861018922582
AOI-0009,2023-10-02,озимая пшеница,0.22127623898589213,0.22050936893473808,0.22324439333038115
AOI-0009,2023-10-12,озимая пшеница,0.23193455308291247,0.2343487795504364,0.23966828297025108
AOI-0009,2024-05-08,озимая пшеница,0.42939544090644205,0.4093404890285527,0.4180557604957224
AOI-0009,2024-06-18,озимая пшеница,0.6727020362576703,0.6584950500574869,0.6554096566168544
AOI-0009,2024-06-23,озимая пшеница,0.707473186808773,0.6948259953414777,0.6929540632934447
AOI-0009,2024-06-28,озимая пшеница,0.6962337626951477,0.6889191991260891,0.6890296528943225
AOI-0009,2024-07-08,озимая пшеница,0.6517170733573195,0.6428605724849863,0.6383607470561863
AOI-0009,2024-08-04,озимая пшеница,0.519609884446072,0.5097385674167739,0.5122542649839114
AOI-0009,2024-08-09,озимая пшеница,0.5246771496336852,0.5210431790120792,0.5246586858246564
AOI-0009,2024-08-20,озимая пшеница,0.4457298591869944,0.43658182444416943,0.43699703513389787
AOI-0009,2024-08-27,озимая пшеница,0.32851113661031633,0.3302868745064687,0.330694761920361
AOI-0009,2024-09-03,озимая пшеница,0.2659985476590298,0.26088431436969806,0.2644096389520387
AOI-0009,2024-09-06,озимая пшеница,0.2639738658828525,0.25917292483009,0.2611516417077697
AOI-0009,2024-09-08,озимая пшеница,0.2594164303631083,0.25273790807177127,0.25207015806634137
AOI-0009,2024-09-13,озимая пшеница,0.2775424225289181,0.2790949779424616,0.2739105689539545
AOI-0009,2024-10-08,озимая пшеница,0.16514268338043162,0.1645067880001627,0.1671229895729767
AOI-0012,2010-07-13,озимая пшеница,0.2663295261127672,0.26035595642864234,0.2586604605180071
AOI-0012,2010-08-22,озимая пшеница,0.2254372093153746,0.21712357277203068,0.2163524616509494
AOI-0012,2010-10-25,озимая пшеница,0.26993576257062896,0.27046921986779676,0.27073570090458693
AOI-0012,2011-05-21,озимая пшеница,0.7450786875520478,0.7454766228783903,0.7473312546703013
AOI-0012,2011-07-12,озимая пшеница,0.37916677814483685,0.3769949965528248,0.38164834648983736
AOI-0012,2011-08-13,озимая пшеница,0.32721457740225374,0.3279174996032002,0.3370976359873687
AOI-0012,2011-09-02,озимая пшеница,0.30548104345459565,0.29776046635855685,0.2907282172661884
AOI-0012,2012-04-22,озимая пшеница,0.3796990518153483,0.3822049352960688,0.38182423944832594
AOI-0012,2012-06-09,озимая пшеница,0.39407901282900726,0.38226397890584757,0.3728453769255708
AOI-0012,2012-06-25,озимая пшеница,0.3717362204764747,0.3650003420478975,0.36390490191875263
AOI-0012,2012-08-03,озимая пшеница,0.25390052736270124,0.24483785293385685,0.23985198224529733
AOI-0012,2012-08-28,озимая пшеница,0.32114116652231045,0.3157423554506721,0.3186244005719327
AOI-0012,2012-09-13,озимая пшеница,0.3242896997788618,0.3198768456248805,0.31879085784018274
AOI-0012,2012-10-06,озимая пшеница,0.269155839314396,0.2646257801667049,0.2635026379390741
AOI-0012,2013-05-09,озимая пшеница,0.7574507288693222,0.7447795557142437,0.7410372969368555
AOI-0012,2013-06-10,озимая пшеница,0.4717200194590478,0.45650258925092313,0.44768356963644507
AOI-0012,2013-07-13,озимая пшеница,0.30244386779841376,0.3031123451104402,0.30538148788070935
AOI-0012,2013-07-29,озимая пшеница,0.2674636179799645,0.26820903245132754,0.26848423294838647
AOI-0012,2013-10-09,озимая пшеница,0.3007770786941433,0.2946457004571866,0.29604660024813634
AOI-0012,2013-10-25,озимая пшеница,0.30429166779681566,0.29657904117528444,0.3017122561628893
AOI-0012,2014-06-06,озимая пшеница,0.5475215744543803,0.5550731714250825,0.5622177120558641
AOI-0012,2014-06-22,озимая пшеница,0.323953069518159,0.3201550718763163,0.3149561719009659
AOI-0012,2014-06-26,озимая пшеница,0.32269403976718214,0.3166833375046032,0.3126024948526283
AOI-0012,2014-06-30,озимая пшеница,0.28328573290328934,0.2764112321552353,0.2716767629450447
AOI-0012,2014-08-13,озимая пшеница,0.26776579437298387,0.26864713415544056,0.2705471644881945
AOI-0012,2014-09-14,озимая пшеница,0.2615752808001371,0.26475790059116455,0.26873074494092575
AOI-0012,2014-10-16,озимая пшеница,0.25645644057318545,0.26617482056926034,0.2670051315558368
AOI-0012,2014-10-28,озимая пшеница,0.1761461165623023,0.1817153289223442,0.18194668602319036
AOI-0012,2015-05-25,озимая пшеница,0.4335934646007334,0.42567807765667576,0.4260997735152721
AOI-0012,2015-06-09,озимая пшеница,0.3273271873292593,0.333061543685409,0.3304476957011972
AOI-0012,2015-08-12,озимая пшеница,0.2295847217936323,0.2227110147865738,0.21989171444679076
AOI-0012,2015-08-13,озимая пшеница,0.2900304914943354,0.2852961790651777,0.28520179463103756
AOI-0012,2015-08-20,озимая пшеница,0.2265899292345027,0.2228228018653465,0.22456892420587812
AOI-0012,2015-09-14,озимая пшеница,0.2877949816564782,0.28877436426005315,0.2918917495897089
AOI-0012,2016-08-06,озимая пшеница,0.3098551746299707,0.3000180274675323,0.2969155022996246
AOI-0012,2017-04-03,озимая пшеница,0.3255639266452826,0.3381382827750113,0.3297959622855905
AOI-0012,2017-04-07,озимая пшеница,0.46553813000676936,0.4747369816525476,0.47262130342773545
AOI-0012,2017-05-06,озимая пшеница,0.6548675914596517,0.6615579819912949,0.667913113988153
AOI-0012,2017-07-24,озимая пшеница,0.2231168680333834,0.21987181210505574,0.22429148131072899
AOI-0012,2017-08-01,озимая пшеница,0.15942322061114106,0.15107328106597429,0.15191164437226484
AOI-0012,2017-08-04,озимая пшеница,0.15787668552244252,0.16174754317810996,0.16626695499716188
AOI-0012,2017-08-13,озимая пшеница,0.26449019941588786,0.26766686193349254,0.2772685534650901
AOI-0012,2017-08-14,озимая пшеница,0.16865890168079192,0.17029617627056345,0.17192662841483997
AOI-0012,2017-08-17,озимая пшеница,0.18432902142869775,0.1784549519756129,0.17996427041612184
AOI-0012,2017-09-05,озимая пшеница,0.17803516703060449,0.17530669894931214,0.17657679186722544
AOI-0012,2017-09-08,озимая пшеница,0.2014513128020892,0.2034782509652286,0.20563062110676858
AOI-0012,2017-09-30,озимая пшеница,0.2500066738513124,0.25642042729750747,0.26339336156304144
AOI-0012,2017-10-04,озимая пшеница,0.2065379179928707,0.20421220323640862,0.2062181394966924
AOI-0012,2018-04-11,озимая пшеница,0.5564466228007975,0.5632443068316556,0.5723302063195148
AOI-0012,2018-05-24,озимая пшеница,0.7642644577822281,0.772578031809529,0.7747869103497006
AOI-0012,2018-05-25,озимая пшеница,0.6971259500467509,0.6793277480797133,0.6714903277569081
AOI-0012,2018-06-09,озимая пшеница,0.555081081070151,0.5565301122322688,0.5604919682096786
AOI-0012,2018-09-13,озимая пшеница,0.17810082825063203,0.1749962403545077,0.17432178214404612
AOI-0012,2018-09-30,озимая пшеница,0.27129131883554686,0.2728239552345548,0.27568605142539854
AOI-0012,2019-04-01,озимая пшеница,0.4457002277781455,0.4614506882216105,0.46171428955177524
AOI-0012,2019-06-07,озимая пшеница,0.538880017384762,0.5417714075442931,0.5482182912904686
AOI-0012,2019-06-17,озимая пшеница,0.24460951631003044,0.24689699407020863,0.24839147249980065
AOI-0012,2019-06-28,озимая пшеница,0.21891544658445158,0.22225480337162495,0.22553160908032227
AOI-0012,2019-07-22,озимая пшеница,0.20553138803529056,0.19005685077851153,0.1845483202454665
AOI-0012,2019-08-13,озимая пшеница,0.31411417773209727,0.3189659412398102,0.32770660378320315
AOI-0012,2019-09-13,озимая пшеница,0.19016616534937356,0.19045724465203628,0.18911028768837665
AOI-0012,2020-04-02,озимая пшеница,0.4905641450715947,0.5041517664474822,0.5047772593471558
AOI-0012,2020-04-25,озимая пшеница,0.6932246408662874,0.6946091962265146,0.6952749986523975
AOI-0012,2020-05-15,озимая пшеница,0.6564144195958104,0.6557931006481764,0.6585586285168853
AOI-0012,2020-06-09,озимая пшеница,0.49512731149810724,0.4791143808564747,0.4732128876856875
AOI-0012,2020-06-26,озимая пшеница,0.1974280941561544,0.19840556996922898,0.2006077732539461
AOI-0012,2020-07-24,озимая пшеница,0.18645272537142268,0.18566061065483877,0.1870172318698515
AOI-0012,2020-08-03,озимая пшеница,0.1793679471734373,0.17646851249817555,0.1781209650251369
AOI-0012,2020-08-05,озимая пшеница,0.1726071810875578,0.17381320843787532,0.17646734034345493
AOI-0012,2020-08-12,озимая пшеница,0.2689600332364985,0.27207475799927916,0.2809050782453701
AOI-0012,2020-09-09,озимая пшеница,0.17335082715589614,0.17303839424540204,0.17621484403312943
AOI-0012,2020-09-12,озимая пшеница,0.15227982618181865,0.14806822619634982,0.14956769300932027
AOI-0012,2020-09-22,озимая пшеница,0.15075177486667216,0.15316162122355934,0.15756623157961233
AOI-0012,2020-09-26,озимая пшеница,0.14570207171126673,0.14478941375832707,0.14827306499228196
AOI-0012,2020-10-17,озимая пшеница,0.15805397393051587,0.1637899384769497,0.16666504254216952
AOI-0012,2021-05-08,озимая пшеница,0.37334782576840553,0.380984092462086,0.3802563938142687
AOI-0012,2021-05-25,озимая пшеница,0.40520293085297987,0.39589829635961515,0.4098229268443559
AOI-0012,2021-06-06,озимая пшеница,0.24998901705110174,0.2568555995124134,0.2563595215865662
AOI-0012,2021-06-26,озимая пшеница,0.27198079820926274,0.2734655460629404,0.2704693725683393
AOI-0012,2021-07-16,озимая пшеница,0.1649391970212456,0.16249303206991117,0.16243084045830197
AOI-0012,2021-07-21,озимая пшеница,0.16821279733034622,0.16433462853215144,0.1640290131153156
AOI-0012,2021-07-24,озимая пшеница,0.17178099619470222,0.1677144505746822,0.1695556527660604
AOI-0012,2021-08-18,озимая пшеница,0.18195090880362663,0.1801910209889726,0.17891876483212366
AOI-0012,2021-08-25,озимая пшеница,0.20256700578911482,0.20517343643653954,0.20522023191131897
AOI-0012,2021-08-30,озимая пшеница,0.21429514483462486,0.21026851018192905,0.20889395413490583
AOI-0012,2021-09-07,озимая пшеница,0.21609120938201684,0.21766416202864555,0.22144355346387637
AOI-0012,2022-06-06,озимая пшеница,0.8214465492188441,0.8315340562525781,0.8343175437600205
AOI-0012,2022-06-19,озимая пшеница,0.6564247784022352,0.6612208177361145,0.6629173433657144
AOI-0012,2022-07-01,озимая пшеница,0.20745507861712156,0.20885471644230363,0.20869186587939811
AOI-0012,2022-07-28,озимая пшеница,0.27370102305832206,0.2771513654223372,0.2839711268255506
AOI-0012,2022-08-28,озимая пшеница,0.3395456429642027,0.3319768554811378,0.33119091664051936
AOI-0012,2022-09-08,озимая пшеница,0.2682440237655799,0.26534637945074324,0.2687571649526687
AOI-0012,2022-09-14,озимая пшеница,0.24836572196977624,0.25061910615506355,0.25066961341731187
AOI-0012,2023-04-10,озимая пшеница,0.6844005631243796,0.7004548617120182,0.7059468159080132
AOI-0012,2023-06-06,озимая пшеница,0.7751853670682309,0.7872177387552008,0.7929977660900244
AOI-0012,2023-06-23,озимая пшеница,0.3693831526183852,0.3753712430255563,0.3767320172697032
AOI-0012,2023-07-26,озимая пшеница,0.1881725764764106,0.1814357849718883,0.18044651548673543
AOI-0012,2023-08-05,озимая пшеница,0.16514730461153365,0.15987711623397136,0.16046659746892694
AOI-0012,2023-08-15,озимая пшеница,0.16192574439253118,0.1590998128148555,0.15889284118695626
AOI-0012,2023-10-07,озимая пшеница,0.21152993678849744,0.2134468542970678,0.21711211474320388
AOI-0012,2023-10-11,озимая пшеница,0.2543370589011403,0.25712772477648854,0.2580221488472472
AOI-0012,2024-04-01,озимая пшеница,0.5882490844068805,0.6039659966687406,0.6085788474694683
AOI-0012,2024-04-06,озимая пшеница,0.6700302979275913,0.6713713077491166,0.6701730520594493
AOI-0012,2024-05-08,озимая пшеница,0.8309437728844385,0.8225093482182423,0.8087056745432596
AOI-0012,2024-05-09,озимая пшеница,0.7994144335030416,0.8018199946681748,0.7965397719133763
AOI-0012,2024-06-17,озимая пшеница,0.2990557882213234,0.29871983158418786,0.3013850527959039
AOI-0012,2024-07-08,озимая пшеница,0.15149739586335434,0.14988316488739195,0.15048700676142526
AOI-0012,2024-07-10,озимая пшеница,0.14876988662727622,0.1508204695733019,0.1521981628259597
AOI-0012,2024-07-20,озимая пшеница,0.14224124926024595,0.13535692195075072,0.13414765241915555
AOI-0012,2024-08-22,озимая пшеница,0.1639627196829135,0.15808291770768995,0.15876576147074098
AOI-0012,2024-10-07,озимая пшеница,0.22456411940680676,0.22907763839690717,0.2340147320002801
AOI-0012,2024-10-15,озимая пшеница,0.24417431647199264,0.2551294361164654,0.25784952191035837
AOI-0016,2010-04-24,озимая пшеница,0.4582447320778178,0.4672519536527158,0.4745576571557364
AOI-0016,2010-08-29,озимая пшеница,0.5399530435180605,0.542087334933929,0.5408768125913116
AOI-0016,2011-05-09,озимая пшеница,0.6907193699563107,0.6845460945777793,0.6956818443032474
AOI-0016,2011-06-06,озимая пшеница,0.7975232791793035,0.8052685033221125,0.8056248542155846
AOI-0016,2011-06-10,озимая пшеница,0.7520018923629506,0.7453623613333159,0.7372910244424027
AOI-0016,2011-06-30,озимая пшеница,0.6759286371321783,0.6804209679931363,0.6787840113614988
AOI-0016,2011-07-28,озимая пшеница,0.5685509277768924,0.5698225795970202,0.5681907742699067
AOI-0016,2012-04-29,озимая пшеница,0.6097495808912102,0.6176879198789913,0.6177176082898744
AOI-0016,2012-07-11,озимая пшеница,0.6761145930669773,0.6709684548344335,0.6617520443349706
AOI-0016,2012-07-27,озимая пшеница,0.6002606020127849,0.5991046195097479,0.593972165593404
AOI-0016,2012-09-11,озимая пшеница,0.5205791917348006,0.5294392505014426,0.5393565049476646
AOI-0016,2012-10-15,озимая пшеница,0.5156774107328838,0.5222783614143867,0.5270862648630853
AOI-0016,2013-06-03,озимая пшеница,0.7694079312939358,0.7763144848942675,0.7772278298649251
AOI-0016,2013-07-28,озимая пшеница,0.6609830014201467,0.6599630733403343,0.6511207534831444
AOI-0016,2013-08-13,озимая пшеница,0.6161088840593,0.6127967319910538,0.6043501445553078
AOI-0016,2013-10-24,озимая пшеница,0.5859994964218084,0.6014628399420676,0.6098041890487546
AOI-0016,2014-04-07,озимая пшеница,0.4306310206605284,0.419754806003747,0.4229326140239852
AOI-0016,2014-05-09,озимая пшеница,0.7678024725273896,0.7585380104906783,0.7593865079434672
AOI-0016,2014-05-21,озимая пшеница,0.7874985176630896,0.7903063678343785,0.7917223577455734
AOI-0016,2014-06-29,озимая пшеница,0.6354753465594238,0.6404382143358516,0.6421659563843061
AOI-0016,2014-07-08,озимая пшеница,0.6330192153542876,0.6383384891962849,0.636877300605348
AOI-0016,2014-07-28,озимая пшеница,0.5819317361969044,0.5788639883752564,0.57151341275385
AOI-0016,2015-04-06,озимая пшеница,0.2795102303481778,0.29148804939253614,0.2847592469335483
AOI-0016,2015-06-24,озимая пшеница,0.7055134637978537,0.7170105790252851,0.7260144678586155
AOI-0016,2015-07-12,озимая пшеница,0.6455854988737896,0.6415760078663929,0.6324500116838988
AOI-0016,2015-10-07,озимая пшеница,0.3732387709230809,0.39135826876174606,0.40868159039584606
AOI-0016,2016-05-25,озимая пшеница,0.5665194806646718,0.5714783475202752,0.5733435634129482
AOI-0016,2016-06-03,озимая пшеница,0.5025999027558352,0.5096653635071999,0.512719645810012
AOI-0016,2016-06-19,озимая пшеница,0.46471578526302176,0.4693790878102091,0.4778710013380811
AOI-0016,2016-07-04,озимая пшеница,0.5446542269371891,0.5541614699159981,0.559165736839932
AOI-0016,2016-07-05,озимая пшеница,0.5944053532276815,0.6040155998008563,0.6041256445533608
AOI-0016,2016-07-27,озимая пшеница,0.7576773997672177,0.7555846040912338,0.7507899665776943
AOI-0016,2017-04-03,озимая пшеница,0.22743208032417614,0.22499233677155228,0.22551560036315996
AOI-0016,2017-04-13,озимая пшеница,0.21358579248978118,0.20570378822368895,0.2053078621513438
AOI-0016,2017-08-09,озимая пшеница,0.5414432040433508,0.5391608869022821,0.5463423396662827
AOI-0016,2017-08-11,озимая пшеница,0.5209151031882447,0.5128004813299274,0.51675757889333
AOI-0016,2017-08-17,озимая пшеница,0.48740639514044076,0.492283344857269,0.5000131815031279
AOI-0016,2017-09-15,озимая пшеница,0.42780713285874367,0.42104968973104356,0.4327143792696413
AOI-0016,2018-04-06,озимая пшеница,0.224113746806703,0.2374098442452294,0.2387288344744769
AOI-0016,2018-04-07,озимая пшеница,0.3046979736620446,0.309832940304868,0.31400621142572527
AOI-0016,2018-04-11,озимая пшеница,0.18246450934066694,0.18159402252404092,0.18387004389655565
AOI-0016,2018-05-16,озимая пшеница,0.2918004333507051,0.2941348474766823,0.3010874885207957
AOI-0016,2018-06-02,озимая пшеница,0.2867097740252557,0.2884569094845487,0.28279207493245684
AOI-0016,2019-04-06,озимая пшеница,0.20366779762451817,0.20447676161235964,0.2035342185297548
AOI-0016,2019-04-21,озимая пшеница,0.22324431380535514,0.22253465094206007,0.22483550635520608
AOI-0016,2019-05-11,озимая пшеница,0.23221515781689703,0.2315043121244009,0.23154678086061467
AOI-0016,2019-06-26,озимая пшеница,0.7149910776021008,0.7024811263819029,0.6986722284940879
AOI-0016,2019-07-06,озимая пшеница,0.7124657326505613,0.7256845012395654,0.7291847275499803
AOI-0016,2019-07-17,озимая пшеница,0.7001004261000005,0.6854305335387689,0.6678451871912466
AOI-0016,2019-07-28,озимая пшеница,0.7372380062717547,0.7286739297263294,0.71164356397883
AOI-0016,2019-08-24,озимая пшеница,0.33265980334138334,0.3278585020610704,0.3321859593425958
AOI-0016,2019-09-13,озимая пшеница,0.2976597410951485,0.29266646457605094,0.2998432169709838
AOI-0016,2019-09-23,озимая пшеница,0.16489118566371083,0.1704285392749088,0.1743225008032474
AOI-0016,2020-05-04,озимая пшеница,0.2484594743719577,0.2496654393095646,0.2572153609225606
AOI-0016,2020-06-26,озимая пшеница,0.7409671559299073,0.7308451087278119,0.7311223630389216
AOI-0016,2020-07-07,озимая пшеница,0.7584668679972671,0.7624708953284114,0.76223327521349
AOI-0016,2020-08-08,озимая пшеница,0.49619692366954116,0.4863466154338074,0.48888407519871685
AOI-0016,2020-08-24,озимая пшеница,0.34202347271183126,0.35314368227296483,0.3625204114478845
AOI-0016,2020-08-30,озимая пшеница,0.24143249803147873,0.23399545707029554,0.23717857729285907
AOI-0016,2020-09-17,озимая пшеница,0.17023554670885468,0.16878136862860602,0.1720393170181885
AOI-0016,2020-09-19,озимая пшеница,0.1255671265206346,0.12633742245534726,0.12572019239028093
AOI-0016,2020-10-03,озимая пшеница,0.17313146573246938,0.187110895894054,0.19365904862010483
AOI-0016,2020-10-17,озимая пшеница,0.15452119424954522,0.1485976699080972,0.1528304041755054
AOI-0016,2021-04-02,озимая пшеница,0.27680497732304554,0.2818089802751273,0.2709552877151736
AOI-0016,2021-04-15,озимая пшеница,0.4682794632305089,0.46262084271969217,0.466229352016445
AOI-0016,2021-05-12,озимая пшеница,0.8426801827968657,0.8340165874595064,0.8378402342338938
AOI-0016,2021-06-14,озимая пшеница,0.8226083139007482,0.8248669709169627,0.8212313104770812
AOI-0016,2021-07-14,озимая пшеница,0.20273633960657825,0.19726519958697664,0.19547788541003652
AOI-0016,2021-07-24,озимая пшеница,0.14846204444423516,0.14386061457062826,0.13958396808524687
AOI-0016,2021-08-03,озимая пшеница,0.16317790510185065,0.16456216891084668,0.1609341347289262
AOI-0016,2021-08-29,озимая пшеница,0.24736945449205894,0.2544226359129449,0.2668254323722738
AOI-0016,2021-09-17,озимая пшеница,0.18463579700550078,0.18630807376322386,0.18916155910768928
AOI-0016,2021-09-29,озимая пшеница,0.22381630935606758,0.22694330393036843,0.22685835298243961
AOI-0016,2021-10-14,озимая пшеница,0.1995923078869176,0.20304191692135712,0.20759800048546279
AOI-0016,2022-06-04,озимая пшеница,0.2925902448098548,0.2930618816990758,0.29200670287572245
AOI-0016,2022-06-06,озимая пшеница,0.34716470389408743,0.3450644177284724,0.3413458303670888
AOI-0016,2022-07-06,озимая пшеница,0.8037245319087618,0.7898097500263012,0.7829419496534974
AOI-0016,2022-07-19,озимая пшеница,0.7806151578002908,0.7766571906615305,0.7750959437099801
AOI-0016,2022-07-21,озимая пшеница,0.7943944525133863,0.7861097255575401,0.7776831799628843
AOI-0016,2022-07-29,озимая пшеница,0.8056017995948279,0.8008539685696098,0.7980059087477415
AOI-0016,2022-08-03,озимая пшеница,0.7305604749630495,0.7188192924463486,0.7134140701160644
AOI-0016,2022-08-05,озимая пшеница,0.724461218896927,0.7187418636931622,0.7165427060648966
AOI-0016,2022-08-08,озимая пшеница,0.6641698017623336,0.6597127749099656,0.6641897058022764
AOI-0016,2022-08-13,озимая пшеница,0.49222181666976444,0.47918607144514164,0.47351050319072857
AOI-0016,2022-08-23,озимая пшеница,0.3706493695514777,0.37119528246118566,0.37721436011410125
AOI-0016,2022-09-27,озимая пшеница,0.2068592592182215,0.21125896705196173,0.21429371015426635
AOI-0016,2022-10-19,озимая пшеница,0.18756090140897927,0.19312605394315027,0.19443643994114895
AOI-0016,2023-04-11,озимая пшеница,0.7337228164061634,0.7466042448846735,0.7473444126962547
AOI-0016,2023-05-05,озимая пшеница,0.8085885335939392,0.8001894640155167,0.8030748643837374
AOI-0016,2023-05-25,озимая пшеница,0.7973243080950216,0.7803207373133572,0.7694528210333551
AOI-0016,2023-06-07,озимая пшеница,0.7790099465509194,0.7855142124358665,0.7893325107292664
AOI-0016,2023-06-11,озимая пшеница,0.6712720432326952,0.698409710500853,0.706909051418746
AOI-0016,2023-07-16,озимая пшеница,0.27686442474947154,0.2753477546955345,0.27798289625525446
AOI-0016,2023-07-17,озимая пшеница,0.29948541100730725,0.30709540940367375,0.3111871110369452
AOI-0016,2023-07-24,озимая пшеница,0.36863828880630783,0.37783132068378195,0.38312803574475207
AOI-0016,2023-07-28,озимая пшеница,0.40741308871634674,0.40659631485839015,0.4111388153015044
AOI-0016,2023-08-17,озимая пшеница,0.21178144825840736,0.22390155269656226,0.23137548644394715
AOI-0016,2023-08-25,озимая пшеница,0.16086544294482943,0.15868014424025648,0.15564460153996681
AOI-0016,2023-09-07,озимая пшеница,0.15938576418418418,0.15847780196339495,0.15966281276663774
AOI-0016,2023-09-26,озимая пшеница,0.20842526602145536,0.22016918241839795,0.22720491230801187
AOI-0016,2023-10-16,озимая пшеница,0.24347082670603679,0.24893713308923912,0.254326344287566
AOI-0016,2023-10-19,озимая пшеница,0.16731219388264218,0.16888638396814376,0.17279530961551695
AOI-0016,2024-04-26,озимая пшеница,0.38875951899349226,0.3882036102566752,0.38613999563612555
AOI-0016,2024-05-04,озимая пшеница,0.46464183869233716,0.46290690375096083,0.4649805590389395
AOI-0016,2024-05-06,озимая пшеница,0.47037232371450216,0.4663536271957483,0.4687317948148379
AOI-0016,2024-05-09,озимая пшеница,0.46555821841912537,0.46275200677502093,0.46383905231762496
AOI-0016,2024-06-05,озимая пшеница,0.36076911864072975,0.36150434407367654,0.3586450031702043
AOI-0016,2024-06-13,озимая пшеница,0.3211787796194614,0.324607363748076,0.32179572285383135
AOI-0016,2024-06-24,озимая пшеница,0.3077891344589224,0.31605638496825167,0.326936078104413
AOI-0016,2024-07-10,озимая пшеница,0.2507768805362303,0.24692510519865976,0.24586605534195954
AOI-0016,2024-07-18,озимая пшеница,0.19403023051317772,0.18653917866399514,0.18438032997176138
AOI-0016,2024-09-11,озимая пшеница,0.17916215071286098,0.17637454928465524,0.17833167424626406
AOI-0016,2024-09-16,озимая пшеница,0.19449161199352183,0.19155881384352239,0.19290418269118195
AOI-0016,2024-10-07,озимая пшеница,0.21678918476813222,0.22994364291854072,0.23827240802029942
AOI-0016,2024-10-30,озимая пшеница,0.23767087994897781,0.24332543148198757,0.24544847951701068
AOI-0018,2010-07-12,озимая пшеница,0.7212531304575077,0.7088767152404789,0.7006366430837654
AOI-0018,2010-08-29,озимая пшеница,0.5576950396856402,0.5479856579548974,0.5419241128881929
AOI-0018,2010-09-30,озимая пшеница,0.4315813287565377,0.4171790388653015,0.4111416530747581
AOI-0018,2011-04-26,озимая пшеница,0.23837997057746182,0.23070462171181277,0.23771464251212052
AOI-0018,2011-05-21,озимая пшеница,0.6664287671721639,0.6624316529987867,0.6644057639591688
AOI-0018,2011-05-25,озимая пшеница,0.7751938957405861,0.7563250018008604,0.753237659642851
AOI-0018,2011-06-22,озимая пшеница,0.7964701589020908,0.7906296682338165,0.7902849144190481
AOI-0018,2011-06-26,озимая пшеница,0.737545985824613,0.7142764163020942,0.700685494340167
AOI-0018,2011-07-15,озимая пшеница,0.7016499061075295,0.7068204071969,0.7084042514847713
AOI-0018,2011-07-28,озимая пшеница,0.6408512591599944,0.6293948245304738,0.6217155778529638
AOI-0018,2011-08-17,озимая пшеница,0.6264419008048797,0.6269770083973962,0.6300585366672335
AOI-0018,2011-10-27,озимая пшеница,0.43089355547834124,0.4357114356321992,0.4496491750756511
AOI-0018,2012-04-06,озимая пшеница,0.4226474698427544,0.41586960343882834,0.4066303904959915
AOI-0018,2012-07-25,озимая пшеница,0.7209327728158493,0.7162922052246969,0.7177768386786777
AOI-0018,2012-07-27,озимая пшеница,0.6261832660045371,0.6049583833915945,0.5913603889570882
AOI-0018,2012-09-04,озимая пшеница,0.5452199622794808,0.5526690110710422,0.5616250889450037
AOI-0018,2012-10-06,озимая пшеница,0.6012962737335866,0.6047460853435201,0.609058819657259
AOI-0018,2012-10-15,озимая пшеница,0.5786973872306672,0.5650956633259004,0.5604228566817775
AOI-0018,2013-06-11,озимая пшеница,0.6265219304065428,0.6264286720342563,0.6259416626028017
AOI-0018,2013-08-13,озимая пшеница,0.697381507404284,0.6828833742894826,0.6697597275961956
AOI-0018,2013-08-21,озимая пшеница,0.7181701205156658,0.7218449065319659,0.7259186436275685
AOI-0018,2013-09-22,озимая пшеница,0.5678059442228252,0.5717169223590431,0.5793226321138585
AOI-0018,2013-10-16,озимая пшеница,0.5904638852498225,0.5786822897342675,0.5668393608885396
AOI-0018,2014-05-09,озимая пшеница,0.7490426129782009,0.7259721028420781,0.719874350814346
AOI-0018,2014-06-06,озимая пшеница,0.6678723164181738,0.6656476052190229,0.6676321742280562
AOI-0018,2014-06-10,озимая пшеница,0.6373056654606138,0.6156162357324454,0.6081217155314708
AOI-0018,2014-09-14,озимая пшеница,0.4641556763790267,0.451922077749979,0.4437233787890307
AOI-0018,2015-04-07,озимая пшеница,0.4790949125284583,0.4662919903313828,0.4585391596393013
AOI-0018,2015-05-23,озимая пшеница,0.7144601825919916,0.709864981328819,0.708963715711035
AOI-0018,2015-05-25,озимая пшеница,0.6636211725378406,0.6449040048800935,0.6355716818986421
AOI-0018,2015-08-04,озимая пшеница,0.4691361343395051,0.47398666445389215,0.4826799509528742
AOI-0018,2015-08-11,озимая пшеница,0.4664000723947435,0.4743849864230733,0.4807837315038674
AOI-0018,2015-09-28,озимая пшеница,0.40097549714084285,0.4085996398670949,0.4203908173175645
AOI-0018,2016-05-18,озимая пшеница,0.778879543291065,0.7766881604629209,0.7791813307777677
AOI-0018,2016-06-03,озимая пшеница,0.7500118962500869,0.7519372733851665,0.7570561495827277
AOI-0018,2016-06-18,озимая пшеница,0.7316968837626533,0.7317764463840503,0.7355549187678134
AOI-0018,2016-07-13,озимая пшеница,0.5536240475627248,0.5514722017642283,0.5474968192549757
AOI-0018,2016-08-22,озимая пшеница,0.5046401708598288,0.5098930289756312,0.5147173800372654
AOI-0018,2016-10-16,озимая пшеница,0.6041049959948284,0.6213183678593183,0.6410231913756025
AOI-0018,2017-07-12,озимая пшеница,0.6855528541902434,0.672413641435246,0.6607259877043267
AOI-0018,2017-08-08,озимая пшеница,0.6359817176296878,0.6357678767314491,0.6395510295099563
AOI-0018,2017-08-13,озимая пшеница,0.5540598421130315,0.5427153598437483,0.5381624418493495
AOI-0018,2017-09-02,озимая пшеница,0.5787319720985601,0.5884611663470131,0.589611864601309
AOI-0018,2017-09-26,озимая пшеница,0.4829518586999872,0.4879376213520124,0.4996701049969456
AOI-0018,2017-10-04,озимая пшеница,0.41222259659976945,0.4189949564989137,0.4299668151102376
AOI-0018,2017-10-05,озимая пшеница,0.4137963844491101,0.4197700106945872,0.42941519985115517
AOI-0018,2017-10-08,озимая пшеница,0.40214352304692663,0.4023386980350442,0.4105784482215291
AOI-0018,2018-06-15,озимая пшеница,0.6338868601672684,0.6298987920327821,0.6320183866216449
AOI-0018,2018-07-18,озимая пшеница,0.5601776487553262,0.5681067662505316,0.5671925348156941
AOI-0018,2018-07-28,озимая пшеница,0.4869208256070196,0.474699402368358,0.47344410025430056
AOI-0018,2018-08-13,озимая пшеница,0.3876901015727395,0.3823906661064017,0.38187637069115493
AOI-0018,2018-08-20,озимая пшеница,0.33094490432122664,0.34084359698974265,0.34591210767284963
AOI-0018,2018-09-05,озимая пшеница,0.23537053336444289,0.24508944185792472,0.2448235336311911
AOI-0018,2018-10-07,озимая пшеница,0.22210806842485384,0.22458701499765818,0.22829158531472343
AOI-0018,2019-04-28,озимая пшеница,0.4779215875910002,0.46864039959050097,0.4718425288813199
AOI-0018,2019-05-02,озимая пшеница,0.43000712411153197,0.43989283062202295,0.4456775814657409
AOI-0018,2019-05-06,озимая пшеница,0.3170586966019266,0.30759426179180094,0.30331497810512414
AOI-0018,2019-05-13,озимая пшеница,0.24642894755460829,0.24230796741016392,0.24492366100724
AOI-0018,2019-05-18,озимая пшеница,0.2593899691904102,0.2562961174993869,0.2538677060180191
AOI-0018,2019-05-21,озимая пшеница,0.24498456971042484,0.23390069794996501,0.22922452118779
AOI-0018,2019-05-25,озимая пшеница,0.4686052114666803,0.4594131601385688,0.4748454221461009
AOI-0018,2019-06-25,озимая пшеница,0.31811451095204407,0.31721388985433413,0.3092595154227314
AOI-0018,2019-06-26,озимая пшеница,0.4749274311558745,0.4777572608188003,0.47845648944294805
AOI-0018,2019-07-12,озимая пшеница,0.6299997261389871,0.6282361125066684,0.6221139211708039
AOI-0018,2019-08-29,озимая пшеница,0.5120774564556098,0.509172594403704,0.5087777920092541
AOI-0018,2019-09-03,озимая пшеница,0.4463435665810514,0.4497929540554668,0.4542003147798642
AOI-0018,2019-09-10,озимая пшеница,0.35462083560837154,0.3565095997039881,0.35805524634919716
AOI-0018,2019-10-10,озимая пшеница,0.25495921863819043,0.2516082260078601,0.26130022756534865
AOI-0018,2019-10-13,озимая пшеница,0.24279337858945213,0.2363371809887037,0.24314386223473167
AOI-0018,2020-06-11,озимая пшеница,0.634815633310346,0.6342382117948442,0.6311071104327284
AOI-0018,2020-06-25,озимая пшеница,0.3819017053179297,0.3821106752822063,0.38136466141464337
AOI-0018,2020-07-14,озимая пшеница,0.16666171950897016,0.16889476359846525,0.1681388118193013
AOI-0018,2020-08-20,озимая пшеница,0.17130903731100963,0.17493981007594914,0.17652697835746906
AOI-0018,2020-09-02,озимая пшеница,0.1762264080842756,0.18547546994443975,0.18672750729663307
AOI-0018,2020-09-04,озимая пшеница,0.14941518708261334,0.15559271103051278,0.1586944423644605
AOI-0018,2020-09-12,озимая пшеница,0.18068733705566764,0.17262272821222854,0.17385853926133768
AOI-0018,2020-09-26,озимая пшеница,0.16871306739684222,0.17639137889937717,0.18023882452507917
AOI-0018,2020-10-07,озимая пшеница,0.15511289212525747,0.15264607290803603,0.15656652512779393
AOI-0018,2020-10-09,озимая пшеница,0.1554251157036358,0.15405367334591852,0.1572164783373117
AOI-0018,2020-10-27,озимая пшеница,0.14435952141911243,0.14820843506952955,0.15567161689755377
AOI-0018,2021-04-02,озимая пшеница,0.2862890056861467,0.28999585257001587,0.2836229596596329
AOI-0018,2021-04-07,озимая пшеница,0.5236485065159806,0.519584035744578,0.5124400933586023
AOI-0018,2021-05-09,озимая пшеница,0.8538659824587324,0.83742888731536,0.8284028698296009
AOI-0018,2021-05-12,озимая пшеница,0.8199800908729081,0.8040243637306576,0.8048000784994748
AOI-0018,2021-05-20,озимая пшеница,0.8145662670081529,0.7977590856282974,0.7982778978934983
AOI-0018,2021-05-23,озимая пшеница,0.8318609159268106,0.8283876303619879,0.8295142571785292
AOI-0018,2021-06-14,озимая пшеница,0.8056950182597924,0.7932490664888121,0.789352603908429
AOI-0018,2021-07-19,озимая пшеница,0.2032033507093919,0.20124348162636102,0.200811466619972
AOI-0018,2021-07-28,озимая пшеница,0.3086897870221215,0.3108051353853067,0.3262514285027623
AOI-0018,2021-08-12,озимая пшеница,0.03924971302583278,0.025085647521838055,0.03295832358534224
AOI-0018,2021-08-23,озимая пшеница,0.25019636420297636,0.2583677683911859,0.25573490039554225
AOI-0018,2021-08-25,озимая пшеница,0.23872998199618656,0.24897310770730066,0.24821905373844957
AOI-0018,2021-08-29,озимая пшеница,0.3191420800435311,0.32803743681764663,0.3350548414689903
AOI-0018,2021-09-13,озимая пшеница,0.24121731881323152,0.2574863901291403,0.26221616236025386
AOI-0018,2021-10-27,озимая пшеница,0.2346878644224938,0.23701156450007263,0.23944537515292755
AOI-0018,2022-04-05,озимая пшеница,0.18599473924752433,0.19565658013170995,0.19415196196819196
AOI-0018,2022-04-08,озимая пшеница,0.25936489462596174,0.2776720271037595,0.2849874669586944
AOI-0018,2022-05-20,озимая пшеница,0.2653967662380787,0.24399044433788517,0.23825464397170307
AOI-0018,2022-06-04,озимая пшеница,0.39429647394805273,0.40086674538281547,0.39736872594824124
AOI-0018,2022-06-08,озимая пшеница,0.5485096190693216,0.5543310855841641,0.5565136683162667
AOI-0018,2022-06-19,озимая пшеница,0.7005502971625802,0.703485305290092,0.7012900130179154
AOI-0018,2022-06-24,озимая пшеница,0.7067886215972615,0.7037350873264582,0.6953666030035739
AOI-0018,2022-07-22,озимая пшеница,0.7997334600089977,0.8066580352336217,0.7995987389507462
AOI-0018,2022-07-30,озимая пшеница,0.7853040439375828,0.7862534898877849,0.7809965344342256
AOI-0018,2022-08-10,озимая пшеница,0.6682441580700571,0.6638874791692488,0.6668161410653424
AOI-0018,2022-08-28,озимая пшеница,0.34090097559848814,0.3419073853911653,0.34307510618749887
AOI-0018,2022-08-31,озимая пшеница,0.32442211400662546,0.34406665766891364,0.3507743070171685
AOI-0018,2022-10-19,озимая пшеница,0.18432902040605895,0.1916314496085855,0.19589657954468673
AOI-0018,2023-04-04,озимая пшеница,0.643940854239399,0.6463617190727569,0.6475069373256209
AOI-0018,2023-04-10,озимая пшеница,0.6573434744785469,0.6677519099437913,0.669121294688529
AOI-0018,2023-05-09,озимая пшеница,0.8678426657443751,0.8486393600346862,0.8384586158138858
AOI-0018,2023-05-15,озимая пшеница,0.8718856149242994,0.852933316233655,0.8496380444852104
AOI-0018,2023-05-25,озимая пшеница,0.806831113981142,0.783144639826093,0.7696664747563906
AOI-0018,2023-06-24,озимая пшеница,0.38737401243386343,0.3823245989505528,0.37898565370371
AOI-0018,2023-07-06,озимая пшеница,0.3430154113278565,0.33930337299980984,0.327786685191563
AOI-0018,2023-07-16,озимая пшеница,0.27632919438089615,0.2901821449184065,0.29258180357544794
AOI-0018,2023-07-24,озимая пшеница,0.3191687259590083,0.32914797997642364,0.336253871098519
AOI-0018,2023-08-02,озимая пшеница,0.2628184461496977,0.27352683825223423,0.2830967382987757
AOI-0018,2023-08-30,озимая пшеница,0.2061627374871605,0.20612859424530164,0.20159526416967355
AOI-0018,2023-09-12,озимая пшеница,0.1726038507091966,0.17347187208302023,0.1792557816276346
AOI-0018,2023-09-18,озимая пшеница,0.22440194308288985,0.23806508512257918,0.24721413265453468
AOI-0018,2023-10-12,озимая пшеница,0.16733519778192238,0.1743938019454053,0.17969875575782657
AOI-0018,2023-10-19,озимая пшеница,0.16989642860434714,0.17352248890213864,0.17909162353647484
AOI-0018,2024-04-05,озимая пшеница,0.27425474813262635,0.29708080425480343,0.3091565725674194
AOI-0018,2024-04-29,озимая пшеница,0.2873357836666344,0.3070265366867084,0.3152514826582737
AOI-0018,2024-05-07,озимая пшеница,0.3292561716016094,0.32297558059008064,0.3189359472752051
AOI-0018,2024-06-17,озимая пшеница,0.7812393933669496,0.7790924267960783,0.7716693427496657
AOI-0018,2024-06-25,озимая пшеница,0.6842884642520768,0.6744866738575449,0.6578003645209077
AOI-0018,2024-06-28,озимая пшеница,0.737096985665224,0.7322406648808798,0.7268246159902004
AOI-0018,2024-07-05,озимая пшеница,0.6629818910292288,0.6578852459532596,0.6487752771771199
AOI-0018,2024-08-03,озимая пшеница,0.5311213409790664,0.5397175197264169,0.5444132662272338
AOI-0018,2024-08-20,озимая пшеница,0.31507333211446736,0.3302868897503116,0.33615286665515465
AOI-0018,2024-09-20,озимая пшеница,0.22896558784239643,0.23716238289191838,0.24169848106936445
AOI-0018,2024-09-23,озимая пшеница,0.17195375935945043,0.17828770586027515,0.1866445281303246
AOI-0018,2024-10-01,озимая пшеница,0.16525685134332127,0.16433659767115807,0.16995000076185166
AOI-0018,2024-10-30,озимая пшеница,0.20343615702256423,0.21667707020396082,0.222463737956541
AOI-0024,2010-04-23,подсолнечник,0.27111401021847437,0.2710995930992331,0.26650785474588823
AOI-0024,2010-06-19,подсолнечник,0.31012245968441926,0.2977763003754792,0.2861548600302043
AOI-0024,2010-07-28,подсолнечник,0.7456293249785962,0.7399680075700572,0.7316764247588428
AOI-0024,2010-10-16,подсолнечник,0.3010905429894056,0.2976115587854042,0.2968417230101392
AOI-0024,2011-06-14,подсолнечник,0.32916916279376585,0.32534378011933823,0.3276668932391897
AOI-0024,2011-06-26,подсолнечник,0.47022194977586595,0.47920542831731616,0.48348105384472645
AOI-0024,2011-07-16,подсолнечник,0.4798677019219613,0.4847267803778422,0.4910606641903641
AOI-0024,2011-09-14,подсолнечник,0.4724591912116489,0.46490620677486383,0.46267936877662996
AOI-0024,2011-10-16,подсолнечник,0.3755212827603478,0.38435433486931264,0.3853166784607392
AOI-0024,2012-04-04,подсолнечник,0.17090264776843736,0.16351299753598664,0.15670281731968735
AOI-0024,2012-04-06,подсолнечник,0.3360850111767166,0.3337524574752931,0.33303766679472174
AOI-0024,2012-06-23,подсолнечник,0.48413381816070444,0.4838872473048542,0.4801197886411826
AOI-0024,2012-07-18,подсолнечник,0.29563772340580535,0.29870347295912925,0.31211030308033216
AOI-0024,2012-08-28,подсолнечник,0.276095119392269,0.2762297916585263,0.28241697577687186
AOI-0024,2012-09-04,подсолнечник,0.21791345819670646,0.21879840442602455,0.22042424390606746
AOI-0024,2012-09-13,подсолнечник,0.29807135145622293,0.2921756655415863,0.2978556289968847
AOI-0024,2012-09-27,подсолнечник,0.23086873009948197,0.22789664549601948,0.22686853640339746
AOI-0024,2013-04-16,подсолнечник,0.21065896470706905,0.20449909733912094,0.20690695005855034
AOI-0024,2013-06-11,подсолнечник,0.42427998857026306,0.41426336446986456,0.4094893414106749
AOI-0024,2013-07-20,подсолнечник,0.5930940050462187,0.60200380025419,0.6067018182404957
AOI-0024,2013-07-29,подсолнечник,0.510086882061886,0.520210075641235,0.526292313676326
AOI-0024,2013-08-22,подсолнечник,0.39001680725808313,0.3923525026257902,0.39801523480320194
AOI-0024,2013-09-14,подсолнечник,0.4316688739761036,0.4309885445715623,0.43494888022338074
AOI-0024,2014-05-09,подсолнечник,0.7423264049320005,0.7597013973074572,0.7662383659705825
AOI-0024,2014-07-12,подсолнечник,0.34211175858509196,0.34669779021122754,0.35059948557235515
AOI-0024,2014-08-09,подсолнечник,0.17897700895004007,0.18517677337937144,0.18569990683744883
AOI-0024,2014-08-16,подсолнечник,0.1777902057387055,0.1844981087401678,0.1857877368763105
AOI-0024,2014-09-30,подсолнечник,0.2383400880165296,0.2351062667128673,0.23930117748301485
AOI-0024,2014-10-04,подсолнечник,0.19598049890178518,0.19924719317493578,0.20596529604178315
AOI-0024,2015-04-14,подсолнечник,0.30040735654382283,0.29513812057921696,0.2873365960624681
AOI-0024,2015-07-11,подсолнечник,0.3367506421681283,0.34347221161593894,0.35167098603803
AOI-0024,2015-07-12,подсолнечник,0.400996791586538,0.4065448358404572,0.40945571651352175
AOI-0024,2015-07-28,подсолнечник,0.41155078172929005,0.4151372644595714,0.413551222714001
AOI-0024,2015-09-29,подсолнечник,0.25513676739348007,0.251079951918387,0.2518636723008116
AOI-0024,2016-04-08,подсолнечник,0.29027605123797473,0.2857683099902656,0.2890393311572187
AOI-0024,2016-04-23,подсолнечник,0.31954051759778407,0.3180698550783129,0.3181070416601328
AOI-0024,2016-06-19,подсолнечник,0.6806525453861513,0.6748618955793985,0.6718645434820483
AOI-0024,2016-08-12,подсолнечник,0.6958093155333138,0.6905794298826873,0.6848266810174999
AOI-0024,2016-08-22,подсолнечник,0.6393270427760588,0.6418615021374994,0.6424825618507051
AOI-0024,2016-08-30,подсолнечник,0.5556508410189515,0.5473764746602984,0.5520391894017466
AOI-0024,2016-09-14,подсолнечник,0.3994585742508083,0.3992698195850502,0.407608517763048
AOI-0024,2016-10-16,подсолнечник,0.34373211025350314,0.3421296590654337,0.3687463082813848
AOI-0024,2017-04-26,подсолнечник,0.5647054442189215,0.5591772314084901,0.5604262219205095
AOI-0024,2017-05-01,подсолнечник,0.6345347431271321,0.6283480604136247,0.6299233920431857
AOI-0024,2017-05-12,подсолнечник,0.7916029793134912,0.7932985237514679,0.7854641066180211
AOI-0024,2017-05-29,подсолнечник,0.8427562033651871,0.8405386711482266,0.8383262451679255
AOI-0024,2017-06-13,подсолнечник,0.7545505642931932,0.752945373719124,0.7588732042524318
AOI-0024,2017-06-14,подсолнечник,0.7466397450837516,0.7445311719160838,0.7488350283901594
AOI-0024,2017-06-29,подсолнечник,0.4000053878431613,0.40456341499359705,0.4064558074827785
AOI-0024,2017-07-07,подсолнечник,0.34271470466889836,0.3500210801816488,0.357628566739866
AOI-0024,2017-07-15,подсолнечник,0.2746696823581645,0.28192826509777996,0.2938477990712371
AOI-0024,2017-08-01,подсолнечник,0.18893472958042457,0.19110641022833386,0.18903158548056487
AOI-0024,2017-08-04,подсолнечник,0.1826450550739637,0.18942722595993788,0.187709857586001
AOI-0024,2017-08-08,подсолнечник,0.19731960038131888,0.212223254386886,0.21737337218703628
AOI-0024,2017-08-16,подсолнечник,0.20018008332216308,0.21147166363959355,0.21919771062589172
AOI-0024,2017-08-24,подсолнечник,0.19187172600892924,0.2013809593024426,0.20380947254239556
AOI-0024,2017-09-02,подсолнечник,0.1839785427811119,0.18502769277099568,0.18877107375821328
AOI-0024,2017-09-05,подсолнечник,0.1437676741297711,0.144425021107766,0.1458624899753157
AOI-0024,2017-09-18,подсолнечник,0.16785728278287645,0.16595794734959515,0.16941885146752506
AOI-0024,2017-09-30,подсолнечник,0.2160798021075674,0.21329812386898556,0.21644920740788634
AOI-0024,2018-04-14,подсолнечник,0.2237112993016077,0.22066407423325163,0.22089030747507585
AOI-0024,2018-06-24,подсолнечник,0.405187757735402,0.40323896344540827,0.40305585444269026
AOI-0024,2018-06-25,подсолнечник,0.3869911450083336,0.38464241993906934,0.38361527330251965
AOI-0024,2018-08-19,подсолнечник,0.20759484981940934,0.21525221612052986,0.21946631335891037
AOI-0024,2018-09-04,подсолнечник,0.18348085784775156,0.18545799604221117,0.1887474136119176
AOI-0024,2018-09-29,подсолнечник,0.20117193583276727,0.20423440389732936,0.20749705016177236
AOI-0024,2019-04-01,подсолнечник,0.2916371668252254,0.2902565675957312,0.28625085015828
AOI-0024,2019-04-21,подсолнечник,0.4386728084810072,0.4366355167683713,0.4366816256380173
AOI-0024,2019-05-11,подсолнечник,0.8159139093672746,0.8164438349356551,0.822938838714593
AOI-0024,2019-05-28,подсолнечник,0.878326346500245,0.8695866781352136,0.8586953329913612
AOI-0024,2019-08-23,подсолнечник,0.211391991646691,0.21353351107616902,0.21330901168687902
AOI-0024,2019-08-24,подсолнечник,0.19932608242316277,0.20261852424867052,0.20348749512787992
AOI-0024,2019-09-14,подсолнечник,0.2865136114844104,0.27977750958315706,0.28243229043675083
AOI-0024,2019-09-15,подсолнечник,0.18697206056873708,0.18667077923676706,0.190035877637549
AOI-0024,2019-09-16,подсолнечник,0.24123869763966824,0.242646914088959,0.24723937204143606
AOI-0024,2019-10-09,подсолнечник,0.3422987462473109,0.3477632271031082,0.3586605045399913
AOI-0024,2019-10-26,подсолнечник,0.3329575277004057,0.3409618913373031,0.3560776640081648
AOI-0024,2020-04-30,подсолнечник,0.19571205408574774,0.19051238920770683,0.1886475802898739
AOI-0024,2020-05-27,подсолнечник,0.2509257098572561,0.23962266742950264,0.2280326336575601
AOI-0024,2020-07-07,подсолнечник,0.708031596461125,0.7077264677665852,0.7077678666420543
AOI-0024,2020-08-09,подсолнечник,0.37713990543896037,0.38477025243832585,0.39181091519192823
AOI-0024,2020-08-12,подсолнечник,0.37237174329558115,0.3730084652721375,0.3712599287412103
AOI-0024,2020-09-22,подсолнечник,0.14384034597057968,0.14800471967315693,0.15260719319784147
AOI-0024,2020-10-15,подсолнечник,0.23811323965901363,0.23852258791118217,0.2434173187871436
AOI-0024,2021-06-10,подсолнечник,0.79182416132143,0.7830679572282903,0.7654457386441326
AOI-0024,2021-07-12,подсолнечник,0.31073847357649015,0.30959058204140283,0.3148882624629509
AOI-0024,2021-08-03,подсолнечник,0.1909711547269536,0.19360921809758733,0.19141445253143036
AOI-0024,2021-08-12,подсолнечник,0.19871125963508493,0.20509849700393473,0.20400255466468187
AOI-0024,2021-08-23,подсолнечник,0.21770114278928876,0.22190464187083303,0.21705384498165878
AOI-0024,2021-08-25,подсолнечник,0.20824313108229484,0.211974937955949,0.20905034871801004
AOI-0024,2022-04-05,подсолнечник,0.47221586723455045,0.4708968577465218,0.468616656922744
AOI-0024,2022-05-25,подсолнечник,0.8513987910463144,0.8497526272906825,0.8468029609085942
AOI-0024,2022-06-04,подсолнечник,0.8871237887386997,0.8790854756748574,0.8739366467588111
AOI-0024,2022-06-30,подсолнечник,0.3421875952587881,0.34471635683786817,0.35233572133947383
AOI-0024,2022-07-01,подсолнечник,0.2838240602842444,0.2833450130494929,0.281881091819876
AOI-0024,2022-07-17,подсолнечник,0.2740285191539976,0.2768291043128324,0.2854534370093493
AOI-0024,2022-08-22,подсолнечник,0.2861755623341808,0.29313446223220035,0.3034624925176626
AOI-0024,2022-09-01,подсолнечник,0.3164939460458583,0.31758057601352563,0.31742650001628253
AOI-0024,2022-09-30,подсолнечник,0.39916087642789383,0.39334754715334186,0.39303716399727
AOI-0024,2022-10-01,подсолнечник,0.3582281712723426,0.36089885573877517,0.3665719329833692
AOI-0024,2023-04-23,подсолнечник,0.4523173574915645,0.4692426377405798,0.4828918051589241
AOI-0024,2023-04-27,подсолнечник,0.2154684712468382,0.21136004856957435,0.20733242447805816
AOI-0024,2023-05-12,подсолнечник,0.34959349159225755,0.3372758665002016,0.3278299386699156
AOI-0024,2023-05-17,подсолнечник,0.2549913206071379,0.24840810657749957,0.24667692787780038
AOI-0024,2023-06-19,подсолнечник,0.5911698980390875,0.582339492732221,0.5826772642463995
AOI-0024,2023-07-05,подсолнечник,0.8095080561104074,0.8078656222763081,0.8020364451244602
AOI-0024,2023-07-21,подсолнечник,0.8151069664830201,0.81613807362541,0.816887237682026
AOI-0024,2023-08-01,подсолнечник,0.8290542926624959,0.8280806202775989,0.8163050894182399
AOI-0024,2023-08-06,подсолнечник,0.8102785991574998,0.8116986898799983,0.8027950488360321
AOI-0024,2023-08-13,подсолнечник,0.6560105534380255,0.6454922349376455,0.6406118303722642
AOI-0024,2023-08-18,подсолнечник,0.5741323025978664,0.5781320069585393,0.5826790819054929
AOI-0024,2023-09-22,подсолнечник,0.24890236351891826,0.24835530968623964,0.2525663295952854
AOI-0024,2023-09-29,подсолнечник,0.2221338672252402,0.21994367901571846,0.2222541766519079
AOI-0024,2023-10-11,подсолнечник,0.19480165349558676,0.19943972733585494,0.20357597723512988
AOI-0024,2023-10-12,подсолнечник,0.18087910432924517,0.18049143207951693,0.18578771922571963
AOI-0024,2024-04-05,подсолнечник,0.6886789029384021,0.6811093169864301,0.6766868644854188
AOI-0024,2024-04-11,подсолнечник,0.7527738353007938,0.7467665747713947,0.7469856588130536
AOI-0024,2024-05-23,подсолнечник,0.8558705839337177,0.8533480331053194,0.8536180085548654
AOI-0024,2024-06-24,подсолнечник,0.28198145304200734,0.2814431605008273,0.2887818859764631
AOI-0024,2024-06-28,подсолнечник,0.20045198860808747,0.19546184869958735,0.1962785885134352
AOI-0024,2024-07-11,подсолнечник,0.23136236374598382,0.23293475234063715,0.236791566377016
AOI-0024,2024-07-15,подсолнечник,0.15043294275111949,0.15589975802729375,0.1542642868840033
AOI-0024,2024-07-27,подсолнечник,0.21994813374401515,0.21658185228964108,0.21257712923810068
AOI-0024,2024-07-30,подсолнечник,0.1269221419134727,0.13142211301323964,0.1276616161198436
AOI-0024,2024-08-09,подсолнечник,0.12431151062469685,0.12988273707343348,0.12534270638400224
AOI-0024,2024-09-21,подсолнечник,0.14340940773792088,0.14063886240087883,0.14408896011057923
AOI-0024,2024-10-03,подсолнечник,0.12571036859136125,0.12697372404707985,0.12909263922048206
AOI-0024,2024-10-08,подсолнечник,0.1349890266469739,0.1349910951288669,0.13641978877455194
AOI-0025,2010-06-02,озимая пшеница,0.5560812799168798,0.5571987432018858,0.5805401417671545
AOI-0025,2011-04-02,озимая пшеница,0.17071034914049313,0.1786319693199361,0.17800564806394917
AOI-0025,2011-04-07,озимая пшеница,0.266079426569711,0.2783993776654269,0.2893805129660988
AOI-0025,2011-06-26,озимая пшеница,0.42354562184426986,0.43258661175713686,0.4388804108566036
AOI-0025,2011-08-08,озимая пшеница,0.25144071903211046,0.23740913641314437,0.23744598986251228
AOI-0025,2012-04-04,озимая пшеница,0.4855840027064137,0.48236239934541036,0.49030730983401144
AOI-0025,2012-05-24,озимая пшеница,0.6841870553064692,0.688490393485435,0.6978961002421444
AOI-0025,2012-08-26,озимая пшеница,0.2171398507719713,0.20329272395114684,0.2012653665242878
AOI-0025,2013-04-07,озимая пшеница,0.43613198202594106,0.45857071325953336,0.46604560505398485
AOI-0025,2013-04-23,озимая пшеница,0.5525547544273188,0.5741429305282147,0.5892064744225457
AOI-0025,2013-08-13,озимая пшеница,0.2729142796165657,0.2626329384600336,0.26893102403452185
AOI-0025,2013-10-16,озимая пшеница,0.5497623561677022,0.5478060670043656,0.5522972957164514
AOI-0025,2014-04-18,озимая пшеница,0.8197857812535441,0.8298702609952191,0.8416934089696483
AOI-0025,2014-05-09,озимая пшеница,0.8840613219238985,0.8913390883019746,0.885961509116517
AOI-0025,2014-07-28,озимая пшеница,0.3190443541563652,0.3097395447144294,0.3152778983578872
AOI-0025,2014-08-24,озимая пшеница,0.22056099945720467,0.2144682307210147,0.21730499102950115
AOI-0025,2015-04-13,озимая пшеница,0.24625608892348247,0.24528258248178483,0.246869632458292
AOI-0025,2015-05-25,озимая пшеница,0.47561179594674124,0.5005259355121643,0.5172705599185258
AOI-0025,2015-08-13,озимая пшеница,0.2765248263073718,0.26464978300738984,0.2715234418317211
AOI-0025,2015-09-14,озимая пшеница,0.24298138228031865,0.23791942806548644,0.2459397212711814
AOI-0025,2016-04-06,озимая пшеница,0.6904254976708734,0.6997175416457165,0.7134947664322646
AOI-0025,2016-05-09,озимая пшеница,0.842440440552178,0.853826319107292,0.8632451106048837
AOI-0025,2016-05-25,озимая пшеница,0.7890292299331052,0.788357475545551,0.8019766628432555
AOI-0025,2016-06-10,озимая пшеница,0.45534791148029763,0.4661353863198379,0.4783024006023249
AOI-0025,2016-06-18,озимая пшеница,0.3972537724841895,0.3992315157844846,0.3967044557554083
AOI-0025,2016-07-11,озимая пшеница,0.3271309067405556,0.3280483222660806,0.3303790547026059
AOI-0025,2016-07-27,озимая пшеница,0.2915588427771749,0.2761663516263087,0.27921600388847595
AOI-0025,2016-08-12,озимая пшеница,0.28861591644947676,0.275362959478062,0.2818172093333919
AOI-0025,2016-09-13,озимая пшеница,0.25932692141432595,0.25326522011412106,0.2588622402467704
AOI-0025,2016-10-15,озимая пшеница,0.3100867318316573,0.30653003140071006,0.3112663295416814
AOI-0025,2016-10-24,озимая пшеница,0.2054313168900187,0.20520433672620506,0.21222330141616574
AOI-0025,2017-04-02,озимая пшеница,0.19655342409797835,0.211332541304215,0.21418889397880453
AOI-0025,2017-04-23,озимая пшеница,0.3949662745436151,0.4081564226879499,0.4285623337315819
AOI-0025,2017-05-25,озимая пшеница,0.574801586635126,0.5980046996899037,0.623780080598983
AOI-0025,2017-07-28,озимая пшеница,0.5370539137310648,0.5347186695960036,0.5376414942269467
AOI-0025,2017-07-31,озимая пшеница,0.6045931797436525,0.6161150679915536,0.634005961415698
AOI-0025,2017-08-09,озимая пшеница,0.29602344382205026,0.29733283648471465,0.30809053026059763
AOI-0025,2017-08-29,озимая пшеница,0.22215511029347534,0.21145615127200051,0.2142673244268353
AOI-0025,2018-07-26,озимая пшеница,0.2551352940634401,0.25680296704678884,0.259685050896817
AOI-0025,2018-09-12,озимая пшеница,0.20403649928224055,0.1962051136020858,0.1985754440826898
AOI-0025,2019-04-07,озимая пшеница,0.3197496593037503,0.3397827699342792,0.3601245342875737
AOI-0025,2019-05-02,озимая пшеница,0.25054022901775236,0.26057842750687904,0.2809452911163289
AOI-0025,2019-06-27,озимая пшеница,0.17139514020890342,0.17573796982231632,0.1786335234916688
AOI-0025,2019-08-06,озимая пшеница,0.19459463740634317,0.18750314468344878,0.1900954476857329
AOI-0025,2019-08-19,озимая пшеница,0.1541760805174118,0.1446599250477765,0.14510541495009216
AOI-0025,2019-08-22,озимая пшеница,0.197353864705564,0.1941798998077133,0.20577229217971882
AOI-0025,2019-08-29,озимая пшеница,0.19511754756044442,0.17651650385759535,0.17889028784729305
AOI-0025,2019-09-14,озимая пшеница,0.237909053390208,0.23278048381695643,0.24311779790109525
AOI-0025,2019-09-23,озимая пшеница,0.16039978547488587,0.15249165654658,0.1592377734091033
AOI-0025,2019-10-23,озимая пшеница,0.5916973987802537,0.5901742923695825,0.6047440009434571
AOI-0025,2020-05-30,озимая пшеница,0.8524920786029965,0.8517639617367613,0.8555052626334079
AOI-0025,2020-08-13,озимая пшеница,0.1641079766539935,0.15865504587758336,0.16041469403058767
AOI-0025,2020-09-22,озимая пшеница,0.13260875796689056,0.12465884413222038,0.13098803273657433
AOI-0025,2020-10-12,озимая пшеница,0.13376498455794963,0.13316995532461978,0.13423207403951298
AOI-0025,2021-05-31,озимая пшеница,0.8506916222182591,0.8560418769953007,0.872542503392267
AOI-0025,2021-06-24,озимая пшеница,0.68582758548356,0.6897830076615457,0.6991342714142648
AOI-0025,2021-07-14,озимая пшеница,0.17081328591934763,0.16286910139272895,0.16286622907563114
AOI-0025,2021-07-28,озимая пшеница,0.26355520759317513,0.25789779814801855,0.2697312200625073
AOI-0025,2021-09-14,озимая пшеница,0.23875731866320968,0.2339771647270922,0.23809888464088558
AOI-0025,2021-10-16,озимая пшеница,0.28155750472653657,0.28104741168033504,0.287446918589218
AOI-0025,2022-06-09,озимая пшеница,0.839199119772922,0.8517730361604746,0.8598297436309076
AOI-0025,2022-06-11,озимая пшеница,0.8308092980267529,0.8322492742232589,0.8402996478404428
AOI-0025,2022-06-13,озимая пшеница,0.8050953761236045,0.8164414452978277,0.8230412615699797
AOI-0025,2022-06-29,озимая пшеница,0.301773578115922,0.30725005225432944,0.3072712935148459
AOI-0025,2022-07-21,озимая пшеница,0.15827026332198155,0.14567849714068323,0.15150939095384575
AOI-0025,2022-08-13,озимая пшеница,0.17810421220040498,0.16163802211890332,0.16445139169962722
AOI-0025,2022-08-14,озимая пшеница,0.1788963028648237,0.18635208473366116,0.196300190882567
AOI-0025,2022-08-29,озимая пшеница,0.21423752554395592,0.2066325847654156,0.21527047275898978
AOI-0025,2022-09-30,озимая пшеница,0.25594095798111755,0.2523522298185525,0.25988558082620455
AOI-0025,2023-05-09,озимая пшеница,0.4687399587633019,0.491922733769385,0.5152650723684538
AOI-0025,2023-05-15,озимая пшеница,0.2129202647085868,0.21551358693386435,0.22467866040219817
AOI-0025,2023-06-26,озимая пшеница,0.7269652655241884,0.7155777347958362,0.7036393818744348
AOI-0025,2023-07-16,озимая пшеница,0.742900949900407,0.7417704115107395,0.7472432040380466
AOI-0025,2023-08-01,озимая пшеница,0.7856579503953939,0.7800186513633708,0.7837989822295285
AOI-0025,2023-08-13,озимая пшеница,0.6845316569610409,0.6703829444482162,0.6684064728238908
AOI-0025,2023-09-30,озимая пшеница,0.26812395262395444,0.2667866880775143,0.27513077422522225
AOI-0025,2024-05-07,озимая пшеница,0.8084364814006254,0.8101864896931493,0.8189285171798417
AOI-0025,2024-05-23,озимая пшеница,0.7602805050981779,0.7643951830789392,0.7708769869944443
AOI-0025,2024-07-18,озимая пшеница,0.1618620426169027,0.14057102728192344,0.14195435647703025
AOI-0025,2024-07-28,озимая пшеница,0.14043444327632706,0.13386547584947825,0.14000979267946473
AOI-0025,2024-08-12,озимая пшеница,0.17668994629802884,0.15887344779401524,0.16076416965508883
AOI-0025,2024-08-17,озимая пшеница,0.14172459442453428,0.13678681061790118,0.13932088285715843
AOI-0025,2024-09-16,озимая пшеница,0.13562393903577075,0.13575910924043802,0.14078022221125028
AOI-0025,2024-09-26,озимая пшеница,0.1398088812205814,0.138209704459894,0.14389345459406808
AOI-0025,2024-10-11,озимая пшеница,0.13066282388445818,0.13350298461453158,0.13845318770834802
AOI-0025,2024-10-30,озимая пшеница,0.16727715775661903,0.1884075512778341,0.19752106899539068
AOI-0029,2010-08-13,озимая пшеница,0.220270307450242,0.20898973918745994,0.2083038500181396
AOI-0029,2010-08-29,озимая пшеница,0.2065854870244002,0.1937232948490358,0.19134295812974597
AOI-0029,2011-04-26,озимая пшеница,0.43019783398404127,0.40215345179307255,0.39205652661113666
AOI-0029,2012-05-24,озимая пшеница,0.610707617408981,0.6153191607370105,0.6176692884755369
AOI-0029,2012-06-09,озимая пшеница,0.65806746856358,0.6543711710647646,0.6605545330679932
AOI-0029,2012-07-27,озимая пшеница,0.3965123257880918,0.3811702379671063,0.37621174232662663
AOI-0029,2012-09-27,озимая пшеница,0.1914719563882704,0.18560399277804374,0.17989854975965602
AOI-0029,2013-04-15,озимая пшеница,0.7620350556985418,0.7591746290055673,0.7549960527027628
AOI-0029,2013-05-09,озимая пшеница,0.8319970447202004,0.8185612782044581,0.8101375100859282
AOI-0029,2014-05-20,озимая пшеница,0.31777189786077237,0.3211714119019608,0.3201351490505417
AOI-0029,2014-06-10,озимая пшеница,0.3359155208744789,0.33433553343082106,0.3384390505365496
AOI-0029,2014-07-28,озимая пшеница,0.24617720228433915,0.232067311016338,0.23008979493339263
AOI-0029,2014-08-13,озимая пшеница,0.23253645895816422,0.21709971676793388,0.2157965624923891
AOI-0029,2015-04-23,озимая пшеница,0.8172726613572342,0.8102912198731295,0.7999365436559887
AOI-0029,2016-04-07,озимая пшеница,0.2410973758457751,0.24291245838254705,0.23667267136199627
AOI-0029,2016-06-18,озимая пшеница,0.8157607878597696,0.8087530578219541,0.8067683879515442
AOI-0029,2016-07-04,озимая пшеница,0.8029193845584867,0.7978532910264207,0.7946486670267339
AOI-0029,2016-08-13,озимая пшеница,0.40610390985228656,0.39955703693116384,0.40089588469756454
AOI-0029,2016-09-29,озимая пшеница,0.36777571804133896,0.3677497464842923,0.36762055806258753
AOI-0029,2017-04-01,озимая пшеница,0.4724722430621098,0.4586982842758917,0.4490363194533161
AOI-0029,2017-04-07,озимая пшеница,0.6420631284228889,0.6532042332931801,0.6569598789925338
AOI-0029,2017-05-01,озимая пшеница,0.7097896847911986,0.7046532897413643,0.7031660827692129
AOI-0029,2017-06-10,озимая пшеница,0.5263814297626256,0.515578244564605,0.5115260420363283
AOI-0029,2017-06-26,озимая пшеница,0.3835313857568367,0.37685629312339197,0.3771322901764199
AOI-0029,2017-08-04,озимая пшеница,0.16623166614183404,0.1616677461517421,0.1605841470462388
AOI-0029,2017-08-09,озимая пшеница,0.1556026497608625,0.16076428407261742,0.15995119415677664
AOI-0029,2017-08-13,озимая пшеница,0.23194638488692484,0.22694420880377617,0.22966032854439528
AOI-0029,2017-09-01,озимая пшеница,0.19170039098350725,0.19947261679250422,0.20305065682291173
AOI-0029,2017-09-30,озимая пшеница,0.22738559904016012,0.22725916090514647,0.23063522211941795
AOI-0029,2018-04-23,озимая пшеница,0.40314845157694484,0.41551675277772104,0.41871590447844537
AOI-0029,2018-06-16,озимая пшеница,0.20132666185572087,0.19644222799378575,0.20134360567346887
AOI-0029,2018-09-12,озимая пшеница,0.18311539741093652,0.17718862707186192,0.17363939222187832
AOI-0029,2018-09-18,озимая пшеница,0.15485884049004867,0.15539849103288444,0.15606451180040762
AOI-0029,2018-09-30,озимая пшеница,0.2614174209446994,0.25506643615198615,0.2550702600950365
AOI-0029,2019-04-11,озимая пшеница,0.5584307670963772,0.5608220597047135,0.5538326636358165
AOI-0029,2019-04-23,озимая пшеница,0.7514548834717637,0.7621611608244198,0.7403139439537377
AOI-0029,2019-06-05,озимая пшеница,0.836378966918289,0.8354593784234783,0.8280039294251602
AOI-0029,2019-06-15,озимая пшеница,0.6705432030581001,0.6602528199680011,0.6599145565240583
AOI-0029,2019-06-25,озимая пшеница,0.2509433590795265,0.23583198184599571,0.23006690366413948
AOI-0029,2019-07-25,озимая пшеница,0.14815254798768715,0.1471984911077071,0.145722968430858
AOI-0029,2019-07-28,озимая пшеница,0.2589317654478565,0.23904859685861066,0.2369130351283339
AOI-0029,2019-09-13,озимая пшеница,0.1403884559283721,0.14173900276550183,0.1425623007957489
AOI-0029,2019-09-23,озимая пшеница,0.1128187550964821,0.1104781257234973,0.11222271567452163
AOI-0029,2020-04-02,озимая пшеница,0.18789773210760952,0.19494640132031774,0.19168279236709362
AOI-0029,2020-04-06,озимая пшеница,0.31786071000298066,0.33344913642412005,0.33638657074932987
AOI-0029,2020-05-20,озимая пшеница,0.605797294701034,0.5873277824799888,0.5824457935474375
AOI-0029,2020-07-14,озимая пшеница,0.14939838121818735,0.13880268231040196,0.1355454970739676
AOI-0029,2020-07-23,озимая пшеница,0.19966246820693265,0.20399678609136096,0.20678951585582872
AOI-0029,2020-08-03,озимая пшеница,0.15509587266186015,0.1463435805078928,0.14333933916110972
AOI-0029,2020-09-02,озимая пшеница,0.14948129351282316,0.151896301533131,0.15025847434627043
AOI-0029,2020-09-17,озимая пшеница,0.1356114626832888,0.13775186794025557,0.13829084574556744
AOI-0029,2020-09-25,озимая пшеница,0.19145873422273427,0.1950597250867626,0.19697505742834726
AOI-0029,2021-04-21,озимая пшеница,0.5560777978665447,0.5673267413719725,0.5685126273842002
AOI-0029,2021-05-07,озимая пшеница,0.8084417347288181,0.8099552694124948,0.8016574988261569
AOI-0029,2021-05-23,озимая пшеница,0.9026711435715575,0.9115857126707009,0.9081075227336005
AOI-0029,2021-06-16,озимая пшеница,0.7975568125990927,0.7841278878332106,0.7683933018648211
AOI-0029,2021-06-19,озимая пшеница,0.8053410734058742,0.7850201462424179,0.7738167222750733
AOI-0029,2021-06-26,озимая пшеница,0.577716676794693,0.5569376900411394,0.5411257157683766
AOI-0029,2021-07-10,озимая пшеница,0.29545313807085744,0.2908260852529172,0.29075183524163517
AOI-0029,2021-09-17,озимая пшеница,0.17054143972647504,0.17469157418994682,0.17531522584238532
AOI-0029,2021-10-07,озимая пшеница,0.18186608683567088,0.1769796578643074,0.17690068311016313
AOI-0029,2021-10-22,озимая пшеница,0.21528683395601614,0.22124138634466717,0.22146043260024512
AOI-0029,2021-10-27,озимая пшеница,0.2455615488700844,0.25656031068612584,0.25847470979077086
AOI-0029,2022-04-10,озимая пшеница,0.21040397735497476,0.21085296702445316,0.20201723569824462
AOI-0029,2022-04-15,озимая пшеница,0.26181596898561704,0.2613766853510068,0.2548849556194948
AOI-0029,2022-06-09,озимая пшеница,0.44247085032786865,0.4212370189903162,0.41078304199279336
AOI-0029,2022-06-19,озимая пшеница,0.7157730290229324,0.7011630155748645,0.695596685216632
AOI-0029,2022-07-05,озимая пшеница,0.781494632098631,0.7799082281072887,0.777578235030775
AOI-0029,2022-07-12,озимая пшеница,0.6925329990152709,0.6606870241910533,0.6441295775076622
AOI-0029,2022-08-03,озимая пшеница,0.6697173331560656,0.6613346757804943,0.6592904131003998
AOI-0029,2022-08-29,озимая пшеница,0.3649255066158233,0.35200806309360905,0.34390460086620966
AOI-0029,2022-09-17,озимая пшеница,0.19580278145471328,0.19113074304818542,0.18864779186393016
AOI-0029,2023-06-30,озимая пшеница,0.4067108579475691,0.406323106559237,0.40648211395335865
AOI-0029,2023-07-12,озимая пшеница,0.3681074231427642,0.35213879112377106,0.3500683375897153
AOI-0029,2023-07-28,озимая пшеница,0.31597470395465904,0.3167183612594194,0.3209094559257888
AOI-0029,2023-08-01,озимая пшеница,0.2191806674141327,0.21830212409240338,0.22028345284453832
AOI-0029,2023-08-09,озимая пшеница,0.30527369598849086,0.31680018572365554,0.32408345106056113
AOI-0029,2023-08-25,озимая пшеница,0.18768457288882315,0.1885334413345614,0.185425131814387
AOI-0029,2023-09-22,озимая пшеница,0.1430678837966576,0.13800616045975958,0.1384157975930014
AOI-0029,2023-09-24,озимая пшеница,0.1458731411467912,0.14465522307275006,0.14514441045388501
AOI-0029,2024-05-24,озимая пшеница,0.2580972710965282,0.2585944286197455,0.24775502410723144
AOI-0029,2024-06-24,озимая пшеница,0.19575206592658392,0.18687770400261774,0.18921729188822553
AOI-0029,2024-06-28,озимая пшеница,0.14699998269580497,0.12891594595171713,0.1251425321279444
AOI-0029,2024-07-03,озимая пшеница,0.14861932916086043,0.12821955641252253,0.12541902694485074
AOI-0029,2024-07-11,озимая пшеница,0.22105584987680035,0.19907714908704477,0.19658899562645146
AOI-0029,2024-09-28,озимая пшеница,0.1596908518603069,0.16296598794966807,0.1633447197577759
AOI-0034,2010-04-26,пастбища/зерновые,0.33280283202614064,0.32704540133961435,0.3285293278115416
AOI-0034,2010-05-28,пастбища/зерновые,0.6112430704345484,0.6125675263535318,0.6158430206930678
AOI-0034,2010-06-12,пастбища/зерновые,0.6499951740351736,0.6572394234948463,0.6559082001193891
AOI-0034,2010-07-31,пастбища/зерновые,0.2239625947091328,0.22645781372362206,0.22803170737768025
AOI-0034,2011-04-07,пастбища/зерновые,0.35558433217733015,0.35557289720496094,0.34968927995682486
AOI-0034,2011-04-28,пастбища/зерновые,0.3354855474561498,0.3191852348160423,0.3107716328201634
AOI-0034,2011-06-16,пастбища/зерновые,0.25450327553161833,0.26057532195857697,0.2652748196582127
AOI-0034,2011-06-26,пастбища/зерновые,0.2913227882524481,0.2994112108050594,0.29228999182065807
AOI-0034,2011-07-26,пастбища/зерновые,0.18203418445479216,0.189107439276139,0.19493017317586797
AOI-0034,2011-08-18,пастбища/зерновые,0.17179163125980312,0.17513384676772323,0.17984703264498547
AOI-0034,2011-09-27,пастбища/зерновые,0.24039909019818184,0.2499502801703777,0.25930870947636525
AOI-0034,2011-09-30,пастбища/зерновые,0.3515725399378002,0.36135367887389014,0.3621298634151914
AOI-0034,2012-05-01,пастбища/зерновые,0.6370934896276291,0.6356573651149356,0.6484054961363775
AOI-0034,2012-05-17,пастбища/зерновые,0.5789105712311127,0.5800963482268338,0.5827797965963778
AOI-0034,2012-05-24,пастбища/зерновые,0.5077008179715983,0.5050613378737575,0.4977864382978193
AOI-0034,2012-06-09,пастбища/зерновые,0.4047937928469219,0.3960642827265901,0.35959844035537514
AOI-0034,2012-06-25,пастбища/зерновые,0.31220721889324016,0.3107711548828416,0.2894194593800971
AOI-0034,2012-07-27,пастбища/зерновые,0.19250478225965642,0.18740211766294615,0.17921181887748214
AOI-0034,2012-08-12,пастбища/зерновые,0.20941787976926504,0.21010931862948956,0.2069331720637297
AOI-0034,2013-04-02,пастбища/зерновые,0.15735892473284405,0.15494046084281587,0.15023204508817975
AOI-0034,2013-04-18,пастбища/зерновые,0.2862138269915047,0.28814339235122377,0.2898786283979092
AOI-0034,2013-05-11,пастбища/зерновые,0.3682024191363063,0.3727518255899407,0.37851616634428037
AOI-0034,2013-06-13,пастбища/зерновые,0.1942690445605237,0.19699452870572837,0.1987439116992752
AOI-0034,2013-06-21,пастбища/зерновые,0.16541979125226872,0.1669563946366884,0.17118402208301772
AOI-0034,2013-07-14,пастбища/зерновые,0.18991267840109372,0.19193056918086035,0.19196912804525165
AOI-0034,2013-08-23,пастбища/зерновые,0.20346121707748752,0.20934402520409137,0.2169186968614576
AOI-0034,2013-10-10,пастбища/зерновые,0.3624938796632971,0.3647841565555033,0.3602503584728697
AOI-0034,2014-07-10,пастбища/зерновые,0.13753720809066097,0.1382529994305819,0.1413125011108992
AOI-0034,2014-10-29,пастбища/зерновые,0.1721311576184467,0.1770546710216771,0.18558055008730076
AOI-0034,2015-04-24,пастбища/зерновые,0.21877374839373442,0.2084667668352447,0.20719933818690653
AOI-0034,2015-05-26,пастбища/зерновые,0.22039022464214297,0.22211428678001893,0.22236728620154417
AOI-0034,2015-07-04,пастбища/зерновые,0.16036341473170704,0.16279937758083435,0.1660573482390819
AOI-0034,2015-08-13,пастбища/зерновые,0.1825919273647759,0.17835403834953512,0.17322097644179518
AOI-0034,2015-08-29,пастбища/зерновые,0.18687438587397576,0.1807825111302145,0.1736245829095765
AOI-0034,2015-09-07,пастбища/зерновые,0.15949602672564991,0.16680561913726924,0.17085571243985012
AOI-0034,2015-09-15,пастбища/зерновые,0.14335167434338134,0.14422558156734291,0.14605620354106774
AOI-0034,2015-09-22,пастбища/зерновые,0.1587443281151734,0.1637181171798357,0.16839296653539626
AOI-0034,2015-10-08,пастбища/зерновые,0.16477627895919852,0.16759210778512482,0.17403752183092672
AOI-0034,2016-06-12,пастбища/зерновые,0.526639736982709,0.532227846213539,0.5410250082269918
AOI-0034,2016-06-21,пастбища/зерновые,0.25736204726452394,0.2616784593043185,0.2684663962594136
AOI-0034,2016-07-27,пастбища/зерновые,0.21717108368411972,0.2072013700815648,0.19966414788707265
AOI-0034,2016-08-31,пастбища/зерновые,0.1659468377869285,0.1704950589855136,0.17560919096936542
AOI-0034,2016-10-15,пастбища/зерновые,0.2367507147589034,0.23274611995400465,0.23443397183774126
AOI-0034,2016-10-26,пастбища/зерновые,0.18424600215105347,0.18816902011526387,0.19335577616615812
AOI-0034,2017-04-03,пастбища/зерновые,0.15622470702169491,0.15579613775219114,0.15238710527897792
AOI-0034,2017-04-04,пастбища/зерновые,0.17355691766719347,0.16553073418987163,0.1629820251426844
AOI-0034,2017-05-07,пастбища/зерновые,0.22378161640081962,0.2245721337944649,0.22548319488831148
AOI-0034,2017-06-10,пастбища/зерновые,0.3172957458977707,0.3216404031952886,0.3201649435476537
AOI-0034,2017-07-17,пастбища/зерновые,0.1695500151767495,0.1742910765231008,0.18213411289456333
AOI-0034,2017-07-25,пастбища/зерновые,0.14598409833537876,0.15222711553816423,0.15541801275332007
AOI-0034,2017-08-02,пастбища/зерновые,0.143902507078338,0.1474256054387916,0.15107588203421113
AOI-0034,2017-08-06,пастбища/зерновые,0.11803569397066545,0.12647786954696882,0.13086938930476902
AOI-0034,2017-08-19,пастбища/зерновые,0.13280436742867413,0.1357718173255162,0.1366661585116296
AOI-0034,2017-09-11,пастбища/зерновые,0.1613694891477442,0.1690585163461514,0.1733587851758104
AOI-0034,2017-09-28,пастбища/зерновые,0.2927953421988281,0.30287281386328435,0.2948304364951605
AOI-0034,2018-04-28,пастбища/зерновые,0.7934136231324477,0.7861654503696736,0.7787785014219223
AOI-0034,2018-05-17,пастбища/зерновые,0.8182626422787705,0.8212091518153829,0.8130697070282518
AOI-0034,2018-05-30,пастбища/зерновые,0.693723737335547,0.6888983154549769,0.6797438369684851
AOI-0034,2018-06-11,пастбища/зерновые,0.35778929996884395,0.3592762647248228,0.36973800380275984
AOI-0034,2018-06-27,пастбища/зерновые,0.16231561668348446,0.16639979554141257,0.16960175679794345
AOI-0034,2018-09-05,пастбища/зерновые,0.11315312974315633,0.11550727533547617,0.1208942415461692
AOI-0034,2019-04-23,пастбища/зерновые,0.22658102804042538,0.2306333003068116,0.22510991507269426
AOI-0034,2019-05-18,пастбища/зерновые,0.16435673519485208,0.17065243074636433,0.1732019152018921
AOI-0034,2019-05-29,пастбища/зерновые,0.20563656182494758,0.21169119419424057,0.20971477358531385
AOI-0034,2019-06-04,пастбища/зерновые,0.15974952499840142,0.15604114838188088,0.15254697642718842
AOI-0034,2019-06-17,пастбища/зерновые,0.14098950027471205,0.14796937303187546,0.1503501782317814
AOI-0034,2019-06-22,пастбища/зерновые,0.13231217718002816,0.1364817862812043,0.13961049535368464
AOI-0034,2019-06-24,пастбища/зерновые,0.1388967942800573,0.14047189994820278,0.14518142721304692
AOI-0034,2019-06-27,пастбища/зерновые,0.1336225429559342,0.13517021575618698,0.13452838954408966
AOI-0034,2019-07-19,пастбища/зерновые,0.08314553086324161,0.0809387140767732,0.08382876280859991
AOI-0034,2019-07-29,пастбища/зерновые,0.14905287534557676,0.14723483013472222,0.14495879805915496
AOI-0034,2019-08-11,пастбища/зерновые,0.13078457604491234,0.14310627575639503,0.14655216607560365
AOI-0034,2019-08-13,пастбища/зерновые,0.18105812656797685,0.17440093367476314,0.1686956178631378
AOI-0034,2019-09-02,пастбища/зерновые,0.15170474950424415,0.15804785984148048,0.15992035687894837
AOI-0034,2019-09-14,пастбища/зерновые,0.238412977565834,0.2363577170600391,0.2348116761771543
AOI-0034,2019-09-17,пастбища/зерновые,0.15242996888001006,0.15891070742291707,0.1615628344081196
AOI-0034,2019-10-22,пастбища/зерновые,0.7105090807577118,0.7120157338932053,0.6912060048170066
AOI-0034,2020-04-14,пастбища/зерновые,0.745382576375761,0.7443213341605295,0.7227358264627118
AOI-0034,2020-04-17,пастбища/зерновые,0.7739244658973675,0.7813183210555538,0.771935230287447
AOI-0034,2020-04-29,пастбища/зерновые,0.7090873469648064,0.7154622644422081,0.7363620201823907
AOI-0034,2020-05-04,пастбища/зерновые,0.7027070973688553,0.6996018274697788,0.7125941063083919
AOI-0034,2020-05-24,пастбища/зерновые,0.6795280737155817,0.6743978297988359,0.6653984716310685
AOI-0034,2020-05-31,пастбища/зерновые,0.6469862088411128,0.651204796889906,0.6583621610143146
AOI-0034,2020-06-03,пастбища/зерновые,0.5939334334507208,0.6041366610348674,0.6144844327979798
AOI-0034,2020-07-10,пастбища/зерновые,0.12957803574281368,0.13077664251249668,0.1351867411109551
AOI-0034,2020-07-16,пастбища/зерновые,0.10015301722894902,0.10471780214940751,0.11198988483723982
AOI-0034,2020-07-23,пастбища/зерновые,0.0837760897420856,0.08127446018834977,0.08774218694046453
AOI-0034,2020-07-25,пастбища/зерновые,0.14093451986667302,0.14142547256656254,0.14833891688700637
AOI-0034,2020-07-28,пастбища/зерновые,0.11065247493960313,0.10487066132705052,0.10389548448478118
AOI-0034,2020-07-31,пастбища/зерновые,0.11819206827679735,0.12135515517100558,0.12487931052313567
AOI-0034,2020-08-07,пастбища/зерновые,0.11334401326627298,0.11269448553201221,0.11729425001655538
AOI-0034,2020-08-11,пастбища/зерновые,0.13397758045141642,0.13487313479162374,0.14047691971172394
AOI-0034,2020-09-03,пастбища/зерновые,0.11404614877518404,0.11602716126401659,0.12302745269925364
AOI-0034,2020-09-04,пастбища/зерновые,0.11097889618241863,0.1211139060140205,0.13028510725239797
AOI-0034,2020-09-29,пастбища/зерновые,0.16345802057894773,0.15858449284382192,0.15192360490332796
AOI-0034,2020-10-15,пастбища/зерновые,0.17391866560255723,0.16560121630459992,0.16757661146865033
AOI-0034,2021-04-12,пастбища/зерновые,0.1592225412048681,0.15746106166236226,0.1559515651220753
AOI-0034,2021-04-22,пастбища/зерновые,0.15221730352402266,0.15277279592528917,0.14947416780850017
AOI-0034,2021-05-01,пастбища/зерновые,0.1786833058793521,0.17366330363447643,0.1790471404630744
AOI-0034,2021-05-07,пастбища/зерновые,0.1737265812285916,0.1623386659741508,0.16096730267437911
AOI-0034,2021-05-10,пастбища/зерновые,0.20842018280811106,0.19649509563465953,0.1962460427383537
AOI-0034,2021-05-29,пастбища/зерновые,0.16535863618905866,0.16929019830348863,0.16206173258807968
AOI-0034,2021-07-26,пастбища/зерновые,0.11548795887754316,0.12038245526454971,0.12362941384517577
AOI-0034,2021-07-28,пастбища/зерновые,0.1562404550867487,0.1478243534318684,0.1358457931772174
AOI-0034,2021-07-31,пастбища/зерновые,0.11791935193467239,0.1247209087778431,0.13117473774238728
AOI-0034,2021-08-02,пастбища/зерновые,0.1250969935060492,0.12336437562110694,0.12340861612397064
AOI-0034,2021-08-06,пастбища/зерновые,0.1645061062165525,0.16866853756260622,0.17269529336528455
AOI-0034,2021-08-17,пастбища/зерновые,0.10647556622628233,0.10509528825028866,0.10613920577319381
AOI-0034,2021-08-29,пастбища/зерновые,0.19238713035729108,0.18649224707087086,0.18403436100165546
AOI-0034,2021-09-11,пастбища/зерновые,0.10052002053827881,0.10402981603597337,0.10816379081944766
AOI-0034,2021-09-14,пастбища/зерновые,0.1459786275683744,0.15025167286910876,0.14638415875788643
AOI-0034,2021-09-15,пастбища/зерновые,0.12618518904072795,0.13514287305847128,0.14236208793368113
AOI-0034,2021-10-06,пастбища/зерновые,0.3165524919137265,0.32196079404028277,0.32802188045929054
AOI-0034,2021-10-09,пастбища/зерновые,0.3266392322086567,0.3345321566684618,0.3422179508650325
AOI-0034,2022-04-12,пастбища/зерновые,0.6863474753137974,0.6878838937681714,0.6729234557932138
AOI-0034,2022-05-29,пастбища/зерновые,0.7958143897255937,0.7948511243833944,0.7852536771526113
AOI-0034,2022-06-11,пастбища/зерновые,0.4256153624265573,0.4360182975828878,0.4431542247189747
AOI-0034,2022-06-20,пастбища/зерновые,0.30219354975007606,0.3037598279472816,0.3058936895494944
AOI-0034,2022-06-30,пастбища/зерновые,0.25838738570722236,0.2603208918587057,0.27073891934985267
AOI-0034,2022-08-25,пастбища/зерновые,0.12272353034554773,0.12977097191829953,0.13418797266064236
AOI-0034,2022-09-06,пастбища/зерновые,0.12595866970034988,0.13011675121232968,0.13398457201442043
AOI-0034,2022-09-09,пастбища/зерновые,0.10875087445300818,0.11779452057913437,0.12303259812719591
AOI-0034,2022-10-01,пастбища/зерновые,0.12512074210444754,0.13031884743788236,0.13620118202233364
AOI-0034,2022-10-06,пастбища/зерновые,0.15351210394105222,0.1584797911296961,0.1588994433746065
AOI-0034,2023-04-04,пастбища/зерновые,0.21521829480395446,0.2097478884262118,0.20946911495278953
AOI-0034,2023-04-17,пастбища/зерновые,0.15728429101451621,0.16742540546427218,0.16993795791108685
AOI-0034,2023-04-23,пастбища/зерновые,0.31723941426916963,0.3303773603967523,0.348434289902522
AOI-0034,2023-05-31,пастбища/зерновые,0.18000416719578746,0.1838367725622733,0.18497641230810066
AOI-0034,2023-07-21,пастбища/зерновые,0.13535050040525456,0.14586801099767543,0.15019259685420644
AOI-0034,2023-07-23,пастбища/зерновые,0.1627342839295457,0.15896270836224424,0.15732798312792648
AOI-0034,2023-07-28,пастбища/зерновые,0.2043913314004867,0.19925743630772724,0.1958845667974354
AOI-0034,2023-08-08,пастбища/зерновые,0.15220667663575838,0.16183750864010713,0.16762050729994524
AOI-0034,2023-08-17,пастбища/зерновые,0.13979630158562653,0.1409225179265717,0.14021434056309987
AOI-0034,2023-09-26,пастбища/зерновые,0.23075545933095035,0.23396798150020834,0.24194652839786712
AOI-0034,2023-09-28,пастбища/зерновые,0.2818694387281151,0.2847220940659062,0.29053416667641274
AOI-0034,2023-09-30,пастбища/зерновые,0.3778699328504214,0.3742245015439806,0.3720761139850893
AOI-0034,2023-10-01,пастбища/зерновые,0.2851635304528328,0.2882503128102346,0.29190930776428714
AOI-0034,2024-04-28,пастбища/зерновые,0.8059152018270789,0.8000201997787337,0.7871041894588375
AOI-0034,2024-05-09,пастбища/зерновые,0.8132001924814448,0.8113467490014795,0.8099620422885803
AOI-0034,2024-05-10,пастбища/зерновые,0.800383922435758,0.79471235989178,0.783307279756576
AOI-0034,2024-05-21,пастбища/зерновые,0.7176854806716175,0.7233719401123978,0.7408648318897972
AOI-0034,2024-06-26,пастбища/зерновые,0.23388906048947064,0.23507482965499832,0.23996910149372003
AOI-0034,2024-08-16,пастбища/зерновые,0.1257567740730212,0.12463793639640386,0.12503866669361885
AOI-0034,2024-09-06,пастбища/зерновые,0.1217190998674146,0.1327812094153533,0.1452902833529504
AOI-0034,2024-09-07,пастбища/зерновые,0.13659585375847685,0.13939597201818837,0.14974646713085712
AOI-0034,2024-09-13,пастбища/зерновые,0.14297294691651222,0.13901021686270743,0.1311299899192543
AOI-0034,2024-09-14,пастбища/зерновые,0.13866282474662822,0.1406932357039093,0.14909851535219018
AOI-0034,2024-10-05,пастбища/зерновые,0.1196858173128299,0.1213929330086524,0.1216363021405855
AOI-0034,2024-10-09,пастбища/зерновые,0.16938737240116084,0.17213509135679195,0.17693798616473458
AOI-0034,2024-10-15,пастбища/зерновые,0.1851010968036464,0.17479605443327872,0.17468583089112946
AOI-0034,2024-10-25,пастбища/зерновые,0.11820567703961264,0.11311985060324177,0.11963187020841629
AOI-0034,2024-10-30,пастбища/зерновые,0.12442075871874776,0.12184011415615419,0.12756035396076226
AOI-0036,2010-05-28,пастбища/зерновые,0.33171813909315145,0.33534371696860804,0.3347966492506663
AOI-0036,2010-06-10,пастбища/зерновые,0.4484720653858402,0.438002444757525,0.42568186145402
AOI-0036,2010-07-06,пастбища/зерновые,0.2947903797978761,0.30180496587338856,0.31248859704722204
AOI-0036,2010-07-07,пастбища/зерновые,0.2849967906079127,0.2918718428970767,0.30652500222164036
AOI-0036,2010-07-28,пастбища/зерновые,0.2542385725309662,0.2496210542753614,0.24865474295226445
AOI-0036,2010-07-30,пастбища/зерновые,0.2080164350187098,0.21499462424410326,0.2299917567883398
AOI-0036,2010-09-01,пастбища/зерновые,0.13140804286722993,0.139984354681272,0.1479865215192947
AOI-0036,2010-09-14,пастбища/зерновые,0.19217867241476513,0.19483677591674511,0.1930828359938086
AOI-0036,2010-09-30,пастбища/зерновые,0.21018292377692513,0.21345977778075986,0.21604372490335416
AOI-0036,2011-07-01,пастбища/зерновые,0.392463976940983,0.3912067038475752,0.4066942320885181
AOI-0036,2011-07-12,пастбища/зерновые,0.353465864929199,0.3541222238542811,0.3455601925016608
AOI-0036,2012-04-22,пастбища/зерновые,0.5501442725978214,0.5482194933925172,0.549230679420472
AOI-0036,2012-07-20,пастбища/зерновые,0.2214764708729967,0.225024509971169,0.23012849822234535
AOI-0036,2012-07-27,пастбища/зерновые,0.26287304582088145,0.26383054860910077,0.25771940554672246
AOI-0036,2012-09-06,пастбища/зерновые,0.14889019516660743,0.15473542512101168,0.16137677263813394
AOI-0036,2012-09-13,пастбища/зерновые,0.18198893739510877,0.18102095181217118,0.1771846548537479
AOI-0036,2012-09-29,пастбища/зерновые,0.18140203233833205,0.1819297944185912,0.1826550878747752
AOI-0036,2012-10-15,пастбища/зерновые,0.21959143833959716,0.21645437173589654,0.214416272700896
AOI-0036,2013-04-02,пастбища/зерновые,0.16858386891664967,0.17437576765828328,0.17405170783081966
AOI-0036,2013-06-10,пастбища/зерновые,0.3556559417650384,0.3475977407271957,0.33156944494428237
AOI-0036,2013-06-26,пастбища/зерновые,0.36192930283138885,0.35495270830296893,0.343365917840313
AOI-0036,2013-06-28,пастбища/зерновые,0.2678989249177311,0.26980088261567337,0.28221889292913827
AOI-0036,2013-09-14,пастбища/зерновые,0.3565393381895679,0.35677337184604946,0.3584271697586779
AOI-0036,2013-10-10,пастбища/зерновые,0.288410099345726,0.2865642667174566,0.282997378633473
AOI-0036,2014-04-23,пастбища/зерновые,0.4870775106383049,0.4883770782796795,0.4983214945085822
AOI-0036,2014-05-25,пастбища/зерновые,0.4317816461412298,0.43014833470930697,0.4405409524447106
AOI-0036,2014-06-24,пастбища/зерновые,0.2359664748480749,0.24224040568083854,0.25464876054214264
AOI-0036,2014-08-02,пастбища/зерновые,0.14352715429301346,0.1492481234061008,0.16069769457412733
AOI-0036,2014-10-05,пастбища/зерновые,0.16084073834387963,0.16433288412944388,0.17072226038371013
AOI-0036,2014-10-14,пастбища/зерновые,0.1778423504816892,0.18226285056907887,0.18956880497841172
AOI-0036,2015-05-25,пастбища/зерновые,0.48183051248145486,0.4681515465799868,0.45576780966802666
AOI-0036,2015-07-28,пастбища/зерновые,0.19996485192501756,0.20056974728090285,0.2006165481807151
AOI-0036,2015-08-06,пастбища/зерновые,0.15457202765579348,0.16297777093238625,0.1759568664539027
AOI-0036,2015-09-06,пастбища/зерновые,0.12788404515424867,0.1327721779198981,0.14009367470297296
AOI-0036,2015-09-30,пастбища/зерновые,0.18470040257917206,0.1824362863323539,0.18146956757806004
AOI-0036,2016-06-09,пастбища/зерновые,0.3947095934852353,0.3900631331288296,0.375885667945287
AOI-0036,2016-07-15,пастбища/зерновые,0.29066618290470164,0.2918991658171809,0.3043239751671269
AOI-0036,2016-07-27,пастбища/зерновые,0.3479771246997699,0.33761829385450004,0.3250492321683261
AOI-0036,2016-08-23,пастбища/зерновые,0.216665858011683,0.21932669384638365,0.22751369418193318
AOI-0036,2016-09-25,пастбища/зерновые,0.16850046895164925,0.17397973867377883,0.18180913109154218
AOI-0036,2016-10-26,пастбища/зерновые,0.2273766786361103,0.23119115075563812,0.23788346424457393
AOI-0036,2017-04-12,пастбища/зерновые,0.3398270483997874,0.3412473861717323,0.3433617593740974
AOI-0036,2017-07-04,пастбища/зерновые,0.17048182850512206,0.17705686854086275,0.18786792782782644
AOI-0036,2017-07-25,пастбища/зерновые,0.21441340251567595,0.22208457123150105,0.235065933236953
AOI-0036,2017-07-28,пастбища/зерновые,0.26129329489085257,0.2612017427327797,0.25780621500379963
AOI-0036,2017-08-18,пастбища/зерновые,0.15547451139525115,0.1638381998642466,0.17695737680904008
AOI-0036,2017-08-21,пастбища/зерновые,0.12866418013717376,0.14036931769084302,0.14794027685118769
AOI-0036,2017-08-26,пастбища/зерновые,0.13049675945590386,0.14060131746346707,0.14879788880625866
AOI-0036,2017-08-27,пастбища/зерновые,0.16398998373379056,0.17362681621212564,0.18505138186326103
AOI-0036,2017-09-04,пастбища/зерновые,0.15848107909942047,0.16614423492631006,0.17030853653328754
AOI-0036,2018-06-03,пастбища/зерновые,0.36584907369867486,0.3675890874795912,0.38769010138360893
AOI-0036,2018-06-26,пастбища/зерновые,0.23993562464546678,0.23576712693423596,0.22927645871158742
AOI-0036,2018-07-12,пастбища/зерновые,0.2079551751105765,0.20587845641452593,0.2017467455176614
AOI-0036,2018-08-22,пастбища/зерновые,0.15598536407316513,0.1636705509175421,0.1704906412441269
AOI-0036,2018-08-29,пастбища/зерновые,0.18785140547984489,0.185032440611782,0.1800042701617378
AOI-0036,2018-09-05,пастбища/зерновые,0.13140846072404763,0.135126799019746,0.1398610264071574
AOI-0036,2018-09-06,пастбища/зерновые,0.15022527598793808,0.15728761770424177,0.16656027514130423
AOI-0036,2018-10-01,пастбища/зерновые,0.13776234410452484,0.1454465293390696,0.15494413957277586
AOI-0036,2018-10-09,пастбища/зерновые,0.1680701603619699,0.17237672376447735,0.1796368513628988
AOI-0036,2018-10-12,пастбища/зерновые,0.1671367395443212,0.17189228294167716,0.1790549629556718
AOI-0036,2019-05-21,пастбища/зерновые,0.5603273960378047,0.5562579236166717,0.5547203306906635
AOI-0036,2019-05-25,пастбища/зерновые,0.5208241783785649,0.5103869111908622,0.519822359903331
AOI-0036,2019-05-29,пастбища/зерновые,0.4933740967413817,0.49272119590336316,0.48769347975746824
AOI-0036,2019-06-04,пастбища/зерновые,0.37134605013430216,0.37078706903084996,0.3745643324953403
AOI-0036,2019-06-17,пастбища/зерновые,0.16759508119520403,0.17883853035703481,0.20179492424286685
AOI-0036,2019-07-12,пастбища/зерновые,0.18901539615300103,0.18585206883062003,0.18661133296591523
AOI-0036,2019-07-28,пастбища/зерновые,0.2638467972150254,0.25565129399187103,0.2530378962814911
AOI-0036,2019-07-29,пастбища/зерновые,0.20230751755122814,0.20432689200121695,0.2113910476243206
AOI-0036,2019-08-01,пастбища/зерновые,0.20865088643138777,0.2152007477527168,0.22697927220822692
AOI-0036,2019-08-26,пастбища/зерновые,0.15788605005981793,0.1658075374442029,0.17410865240521856
AOI-0036,2019-08-29,пастбища/зерновые,0.20234887732997175,0.19830578066707466,0.19755708330952343
AOI-0036,2019-09-15,пастбища/зерновые,0.1426246385491544,0.14677708409613793,0.1528270110264016
AOI-0036,2019-10-15,пастбища/зерновые,0.330125155096979,0.32643789078215807,0.32870125542662004
AOI-0036,2019-10-19,пастбища/зерновые,0.4056612463009947,0.40048621500435017,0.4055831966720677
AOI-0036,2019-10-22,пастбища/зерновые,0.4514693451325788,0.44695982338367957,0.45549158729199096
AOI-0036,2020-04-04,пастбища/зерновые,0.4886528329777731,0.48424322354523447,0.4773520275595471
AOI-0036,2020-04-06,пастбища/зерновые,0.5094897994551206,0.5019111483219179,0.4954491685541989
AOI-0036,2020-05-24,пастбища/зерновые,0.49567230899664266,0.48963784516268904,0.4950038546441883
AOI-0036,2020-05-29,пастбища/зерновые,0.4211937696530455,0.4193760881710472,0.4178589848641222
AOI-0036,2020-06-11,пастбища/зерновые,0.32074884130015485,0.3289239154467819,0.33542654550920026
AOI-0036,2020-08-10,пастбища/зерновые,0.11197523242116601,0.12150136593957972,0.1337303921650797
AOI-0036,2020-08-19,пастбища/зерновые,0.14308388468138314,0.1511758835547274,0.16203624384697377
AOI-0036,2020-08-26,пастбища/зерновые,0.16158453353089716,0.16786113031890224,0.17321173983568772
AOI-0036,2020-08-28,пастбища/зерновые,0.18490245786573709,0.1854948965879064,0.18690398355613336
AOI-0036,2020-09-20,пастбища/зерновые,0.16793824637769142,0.17284829821440767,0.18078064060763832
AOI-0036,2020-10-19,пастбища/зерновые,0.10979428930048597,0.11575694266099024,0.13087738905625965
AOI-0036,2020-10-26,пастбища/зерновые,0.10842463400699477,0.11585110203391853,0.13055997278318038
AOI-0036,2021-06-26,пастбища/зерновые,0.27425647341302967,0.266071923307401,0.25424363269199163
AOI-0036,2021-07-21,пастбища/зерновые,0.15388672489332209,0.16183628704897648,0.17240104954480884
AOI-0036,2021-07-26,пастбища/зерновые,0.1577687565331695,0.16427241164997608,0.17328233431311574
AOI-0036,2021-08-06,пастбища/зерновые,0.20108126624235836,0.20881701208666695,0.22374137167086028
AOI-0036,2021-08-17,пастбища/зерновые,0.21454652298329754,0.21542755259951119,0.22482964091600494
AOI-0036,2021-10-14,пастбища/зерновые,0.3292815818985155,0.3278726517326582,0.3372910143435473
AOI-0036,2022-04-07,пастбища/зерновые,0.41426543651179665,0.4033673806114035,0.39099528987536547
AOI-0036,2022-06-14,пастбища/зерновые,0.28680536470553547,0.2915576868702153,0.2909172743140239
AOI-0036,2022-06-26,пастбища/зерновые,0.25129130935997174,0.24551801458609254,0.23855130173253614
AOI-0036,2022-07-07,пастбища/зерновые,0.2121700421274897,0.2191927094122881,0.23128667565973302
AOI-0036,2022-07-21,пастбища/зерновые,0.1308097926507151,0.13590860342191569,0.1469476528665639
AOI-0036,2022-08-13,пастбища/зерновые,0.16030702154761967,0.15634793477630468,0.15635040677874162
AOI-0036,2022-08-22,пастбища/зерновые,0.13400555410521361,0.13656190467768514,0.1423668157046255
AOI-0036,2022-08-24,пастбища/зерновые,0.15014481489775175,0.15765390985877922,0.1692116810101582
AOI-0036,2022-09-14,пастбища/зерновые,0.19485114504520507,0.1912807095910102,0.18993584860800627
AOI-0036,2022-09-18,пастбища/зерновые,0.14320674922705764,0.1473808076075891,0.15400355448508335
AOI-0036,2023-04-17,пастбища/зерновые,0.3880581377542895,0.38871123753451076,0.39717604503390425
AOI-0036,2023-05-09,пастбища/зерновые,0.6707527669056773,0.662500690865739,0.6734052729559835
AOI-0036,2023-06-18,пастбища/зерновые,0.36230404909849456,0.3559472150641147,0.353424027921364
AOI-0036,2023-06-25,пастбища/зерновые,0.3765915234756485,0.37802201762027293,0.3865295778234198
AOI-0036,2023-07-02,пастбища/зерновые,0.3817704984476456,0.3795420870361411,0.38549053759419133
AOI-0036,2023-08-17,пастбища/зерновые,0.19036735068050645,0.19159855488141475,0.19373073481328532
AOI-0036,2023-09-29,пастбища/зерновые,0.15389552337436516,0.15598086183722917,0.16189699103058516
AOI-0036,2023-10-16,пастбища/зерновые,0.23787749189214447,0.23262711480723153,0.23621797321972332
AOI-0036,2023-10-23,пастбища/зерновые,0.2050825753213984,0.2078641197613953,0.21589904449659192
AOI-0036,2024-04-13,пастбища/зерновые,0.37472181849047875,0.37035633087459247,0.37302557784530965
AOI-0036,2024-05-06,пастбища/зерновые,0.5292944856039803,0.5239684398807528,0.5243742690572728
AOI-0036,2024-05-10,пастбища/зерновые,0.45332537658021627,0.45056497104910787,0.46020503790770817
AOI-0036,2024-05-16,пастбища/зерновые,0.4338374675740984,0.43528478610197935,0.42800644450241737
AOI-0036,2024-05-18,пастбища/зерновые,0.418596660370918,0.41922755344875046,0.424220185695603
AOI-0036,2024-05-23,пастбища/зерновые,0.38617030079977366,0.38249522094668525,0.37958653485156696
AOI-0036,2024-06-07,пастбища/зерновые,0.21806046371385324,0.21946004437962274,0.21557107207523635
AOI-0036,2024-07-22,пастбища/зерновые,0.11952243553123314,0.1271615730728885,0.13585181319906411
AOI-0036,2024-07-25,пастбища/зерновые,0.12163576813692667,0.12858045267169352,0.13609302612785293
AOI-0036,2024-08-21,пастбища/зерновые,0.13218161415082053,0.13643346302875775,0.14181760006053631
AOI-0036,2024-08-28,пастбища/зерновые,0.16736904715266565,0.16140491737359453,0.16193400011717513
AOI-0036,2024-09-15,пастбища/зерновые,0.12806293231196786,0.1312141330580434,0.13529171869892348
AOI-0036,2024-09-22,пастбища/зерновые,0.14725840682074756,0.1521208620130317,0.16025110201192533
AOI-0036,2024-09-25,пастбища/зерновые,0.12033359553452161,0.12573497233736589,0.13357082898516515
AOI-0036,2024-09-28,пастбища/зерновые,0.12034541836734387,0.12486771968382274,0.13324376247298733
AOI-0039,2010-04-07,зерновые,0.3763861035968137,0.3617551000037717,0.3555135230718064
AOI-0039,2010-05-04,зерновые,0.44591544931743493,0.43780299332760114,0.4505343088139633
AOI-0039,2010-05-28,зерновые,0.584450288621836,0.5731012438958318,0.5733360835776059
AOI-0039,2010-07-15,зерновые,0.4494385895564927,0.46406879865740064,0.48801306893366453
AOI-0039,2010-09-30,зерновые,0.3734144275732636,0.37195622181436316,0.36850009909056897
AOI-0039,2012-04-06,зерновые,0.41613266419099065,0.3998766868216278,0.3921978120511556
AOI-0039,2012-09-06,зерновые,0.33886484174597536,0.35521760289498083,0.38206776251671504
AOI-0039,2013-04-05,зерновые,0.2987863083435433,0.3010745986167224,0.3221126319213393
AOI-0039,2013-06-13,зерновые,0.4206997880427361,0.4387026644540848,0.4668245938635236
AOI-0039,2013-06-26,зерновые,0.45159135682000634,0.4497207646524585,0.439990548945915
AOI-0039,2013-07-12,зерновые,0.36905037542901,0.37678719759068735,0.37429067605248784
AOI-0039,2013-09-14,зерновые,0.5368725097154279,0.5229312814415659,0.5160311833262237
AOI-0039,2014-04-07,зерновые,0.5471819758913316,0.5257461060931212,0.5169851649807452
AOI-0039,2014-06-08,зерновые,0.4835331287545151,0.48831307471432556,0.49344318009941546
AOI-0039,2014-06-23,зерновые,0.4069343103892697,0.4246139756600773,0.4603160303625233
AOI-0039,2014-08-02,зерновые,0.30525761119229167,0.3206600530139981,0.3304013559817021
AOI-0039,2014-09-04,зерновые,0.27788172697030467,0.29667533633030935,0.32178378953460024
AOI-0039,2015-04-24,зерновые,0.434419492823666,0.4379498993778607,0.4612272946931604
AOI-0039,2015-05-10,зерновые,0.5282806700972967,0.5135043012458802,0.5079483074641042
AOI-0039,2015-06-10,зерновые,0.4828226020036484,0.4811238558178724,0.47498100567708473
AOI-0039,2015-07-28,зерновые,0.4193814836959863,0.415750680820014,0.4161552223813912
AOI-0039,2015-08-14,зерновые,0.35015627936358557,0.365859706832108,0.3811461935520768
AOI-0039,2015-08-21,зерновые,0.3441499772039484,0.35739638931850587,0.37794081179400046
AOI-0039,2015-09-22,зерновые,0.3915724527359434,0.4065212223465164,0.4303680630988631
AOI-0039,2015-09-23,зерновые,0.4017485830275372,0.4213266309289341,0.44690058642698244
AOI-0039,2016-04-25,зерновые,0.6031592379358465,0.6075720755365264,0.6075424429402672
AOI-0039,2016-05-08,зерновые,0.6842934965713349,0.6659199005674424,0.6476277137696042
AOI-0039,2016-07-06,зерновые,0.3978032747323399,0.41338665853346257,0.4484611268613414
AOI-0039,2016-09-08,зерновые,0.2629850132460896,0.27903886603260325,0.2974831976043537
AOI-0039,2016-10-03,зерновые,0.34671241976288764,0.35583375393540256,0.37675418295062946
AOI-0039,2016-10-15,зерновые,0.4028236871957353,0.392873917495421,0.39290022139937697
AOI-0039,2016-10-18,зерновые,0.36140838784155865,0.37344521474607917,0.40423596373710236
AOI-0039,2017-04-13,зерновые,0.3511563605617793,0.38415636056177926,0.4230939344617877
AOI-0039,2017-05-09,зерновые,0.6205016174387,0.6081596308465574,0.5745892661389592
AOI-0039,2017-08-13,зерновые,0.40092839893664595,0.3894850218783424,0.3641199769724921
AOI-0039,2017-08-19,зерновые,0.3663133656646334,0.38007985943236433,0.3988405258119664
AOI-0039,2017-09-10,зерновые,0.43383647674817727,0.440272928990995,0.4672940079179473
AOI-0039,2017-09-11,зерновые,0.4404516178836238,0.4365438125524482,0.4501700508149184
AOI-0039,2017-09-17,зерновые,0.5048247363806404,0.5069007447095755,0.5087397140499469
AOI-0039,2017-09-22,зерновые,0.5018522301209444,0.5081277544956854,0.5229413269895222
AOI-0039,2018-05-01,зерновые,0.549716922355762,0.5616347161526241,0.5668201320468716
AOI-0039,2018-08-14,зерновые,0.3325505378684794,0.36310470790054994,0.40122290070843963
AOI-0039,2018-08-21,зерновые,0.3711675316491392,0.3880104118928767,0.4037190912788779
AOI-0039,2018-08-29,зерновые,0.4067258558209494,0.38949107902020674,0.36872215612158404
AOI-0039,2019-04-25,зерновые,0.4763567863780553,0.490538424487408,0.5134456684028348
AOI-0039,2019-06-02,зерновые,0.6446180064383783,0.6488315631047896,0.6517211581317698
AOI-0039,2019-06-10,зерновые,0.4975138367029308,0.503662013347459,0.48477923071907636
AOI-0039,2019-06-14,зерновые,0.4601742180671122,0.47111236381701366,0.49352043487337827
AOI-0039,2019-07-04,зерновые,0.32525107882125437,0.3467536088037441,0.38524953978931403
AOI-0039,2019-07-17,зерновые,0.33514139597050335,0.34608096405919686,0.36510281301205777
AOI-0039,2019-08-01,зерновые,0.45783942804243677,0.47223759993435577,0.48696541664203774
AOI-0039,2019-08-09,зерновые,0.48312142728476193,0.4988570900083622,0.48774795505637264
AOI-0039,2019-08-11,зерновые,0.46473212592051477,0.47711960212616983,0.49417015478369863
AOI-0039,2019-08-31,зерновые,0.3697161477641961,0.3867988431751905,0.4118135318282775
AOI-0039,2019-09-12,зерновые,0.3273659076013258,0.3414176278688144,0.36086436311530096
AOI-0039,2019-10-02,зерновые,0.4169005498487492,0.4233377891606777,0.4447262696913633
AOI-0039,2019-10-11,зерновые,0.5052777726470133,0.5066987133036421,0.5123799191399254
AOI-0039,2019-10-12,зерновые,0.4274709484668949,0.421732835181945,0.42885680582606134
AOI-0039,2019-10-16,зерновые,0.5875903772371859,0.5689873076280356,0.5675871546239437
AOI-0039,2019-10-17,зерновые,0.5065694032359627,0.5063517951303415,0.5031070024738564
AOI-0039,2019-10-25,зерновые,0.4597426977249106,0.4624098350467437,0.48821119828171755
AOI-0039,2020-04-12,зерновые,0.34654448955848105,0.36644027316772915,0.3940307924518936
AOI-0039,2020-04-21,зерновые,0.3989341120850273,0.4120739521271311,0.43397702388403797
AOI-0039,2020-04-24,зерновые,0.3764839186648227,0.39830906151031764,0.4235272042614385
AOI-0039,2020-05-14,зерновые,0.5614683806519282,0.5588115048590518,0.5577292354624513
AOI-0039,2020-05-29,зерновые,0.5577587001564227,0.549772578100126,0.5505795275625543
AOI-0039,2020-06-28,зерновые,0.4760449135979894,0.4765266989382659,0.4932892271340751
AOI-0039,2020-07-23,зерновые,0.2974191923637694,0.3064082178324948,0.32666796933782927
AOI-0039,2020-07-25,зерновые,0.31086034900447707,0.3267277657083374,0.3546942978815063
AOI-0039,2020-07-26,зерновые,0.27779239320874044,0.2960401692130532,0.308343846386334
AOI-0039,2020-08-03,зерновые,0.32591957928719395,0.34571122118239406,0.37708553488937024
AOI-0039,2020-08-07,зерновые,0.2778726267404323,0.2977561826442225,0.3259972598289643
AOI-0039,2020-08-18,зерновые,0.34095250990121756,0.34582223320125915,0.36936163814079515
AOI-0039,2020-08-19,зерновые,0.35396503974019217,0.36576773362314446,0.38389949381759597
AOI-0039,2020-08-27,зерновые,0.28172536832443557,0.29231343593118747,0.30432124559423446
AOI-0039,2020-09-09,зерновые,0.2915543419747637,0.3002010384697746,0.31992176285571394
AOI-0039,2020-10-11,зерновые,0.21169885342720926,0.2189814610032327,0.24416236085845622
AOI-0039,2020-10-26,зерновые,0.2267652617400353,0.23276545332850507,0.252009187212661
AOI-0039,2021-04-23,зерновые,0.5025661783053871,0.49826184386709654,0.4958291208075198
AOI-0039,2021-05-12,зерновые,0.5722731571335549,0.5758074668451927,0.5856647804921146
AOI-0039,2021-05-17,зерновые,0.5832010186133735,0.5981737087905701,0.6103634939076997
AOI-0039,2021-05-22,зерновые,0.5647038892238194,0.5688942055166661,0.5797431190733818
AOI-0039,2021-06-26,зерновые,0.47205167015971045,0.4775597657736315,0.46364078200563436
AOI-0039,2021-07-26,зерновые,0.45121088945905713,0.4522561294068007,0.45480356600049027
AOI-0039,2021-08-07,зерновые,0.4077394445343354,0.4192649153676612,0.4320322472632748
AOI-0039,2021-08-25,зерновые,0.3781709245242197,0.3910043337683257,0.422719497310133
AOI-0039,2021-08-29,зерновые,0.43354198575603053,0.42014190448161676,0.4158284964077455
AOI-0039,2021-09-06,зерновые,0.4841802022628113,0.48607629255892526,0.4896486059785662
AOI-0039,2021-09-19,зерновые,0.43309033314142226,0.4352058616896701,0.45321665496185964
AOI-0039,2021-10-09,зерновые,0.42948197533498317,0.43348515167139284,0.45307950410479236
AOI-0039,2022-04-12,зерновые,0.4105866704171084,0.4088901507851439,0.4081666017088338
AOI-0039,2022-05-28,зерновые,0.7405042430557343,0.738952006111134,0.7565977056245611
AOI-0039,2022-06-05,зерновые,0.7296239424455555,0.7158059441104778,0.7039574270472262
AOI-0039,2022-06-16,зерновые,0.5962132487195654,0.5944162523119455,0.599422710061247
AOI-0039,2022-07-06,зерновые,0.5115790507400274,0.5184436870967025,0.5169148977100679
AOI-0039,2022-07-08,зерновые,0.45509393068706655,0.46676162064185417,0.48703359278794284
AOI-0039,2022-08-13,зерновые,0.36113460083398236,0.3647832180128437,0.33718533598343525
AOI-0039,2022-08-30,зерновые,0.29498214157410746,0.3058681646834759,0.3268841615138118
AOI-0039,2022-10-01,зерновые,0.42451456647058405,0.42426379967608174,0.4437701771446967
AOI-0039,2023-05-09,зерновые,0.6818308853805034,0.6581638216375951,0.6324346166979801
AOI-0039,2023-06-13,зерновые,0.7087962941697069,0.716758825363272,0.7361493109380479
AOI-0039,2023-06-21,зерновые,0.6383842503400488,0.638315572466604,0.6406507975365262
AOI-0039,2023-06-23,зерновые,0.6247878944236028,0.6111288288133966,0.6054418555248678
AOI-0039,2023-07-28,зерновые,0.4251667689149656,0.40474651734533507,0.3809779691249637
AOI-0039,2023-07-31,зерновые,0.3978645587446057,0.40219655912730523,0.4214831198208145
AOI-0039,2023-08-18,зерновые,0.3862733763861848,0.39706059183470377,0.41341236993480696
AOI-0039,2023-09-30,зерновые,0.43643079847413174,0.41714351559693164,0.39819023740179327
AOI-0039,2023-10-06,зерновые,0.41287669244911074,0.4191341625334298,0.43564833476470705
AOI-0039,2023-10-11,зерновые,0.42435209370886345,0.41910931422913045,0.4351598304662924
AOI-0039,2023-10-15,зерновые,0.43604762195937957,0.44608626503848037,0.4669486869953525
AOI-0039,2023-10-29,зерновые,0.40796613416813177,0.4163879899712831,0.4388985931693045
AOI-0039,2024-04-08,зерновые,0.4787721143997114,0.4794936218950349,0.4786162772734831
AOI-0039,2024-05-23,зерновые,0.6338651379369961,0.6278468066941087,0.6325797231751101
AOI-0039,2024-06-09,зерновые,0.5207416205248161,0.5029051205987697,0.47878647944152314
AOI-0039,2024-06-19,зерновые,0.4858179568781246,0.5015614146283561,0.5067987478081651
AOI-0039,2024-07-15,зерновые,0.3310097455653904,0.34302625102716666,0.3630171040730167
AOI-0039,2024-07-21,зерновые,0.35592537810902264,0.3780301111882629,0.4114330481414177
AOI-0039,2024-08-21,зерновые,0.2911333698092422,0.3068017253771741,0.3285568619924759
AOI-0039,2024-08-31,зерновые,0.28713213718539793,0.2985669612910265,0.3150910464023753
AOI-0039,2024-09-13,зерновые,0.2982784315017163,0.297161521277167,0.27775868844743556
AOI-0039,2024-09-18,зерновые,0.2753464240271914,0.2878370882575269,0.3186907295605319
AOI-0039,2024-10-30,зерновые,0.21256176623796885,0.2127064617887866,0.23392088455086554
AOI-0042,2010-06-04,зерновые,0.1930749986432033,0.18809695576735905,0.18106770644475473
AOI-0042,2010-06-05,зерновые,0.18948679600362126,0.1849998772892734,0.17771412777851897
AOI-0042,2010-07-15,зерновые,0.16529247893014154,0.16519654018336655,0.16314730203174183
AOI-0042,2010-08-15,зерновые,0.1318148366421045,0.13272156519885342,0.12580390675989536
AOI-0042,2010-08-31,зерновые,0.14546395892360275,0.1446655251239231,0.14092848615871867
AOI-0042,2010-10-16,зерновые,0.22374067624124372,0.2219641418767441,0.2148958575039831
AOI-0042,2011-05-14,зерновые,0.6472608635266806,0.6388458839003254,0.6368163095453013
AOI-0042,2011-05-30,зерновые,0.7262093014288208,0.7269788837323397,0.723058944432591
AOI-0042,2011-07-02,зерновые,0.23349840747785822,0.23377575642802517,0.23268385443321912
AOI-0042,2011-07-28,зерновые,0.2318016432750726,0.2303513753094295,0.2270646905303837
AOI-0042,2011-08-13,зерновые,0.23512746079006352,0.23432636499972398,0.2319573108890773
AOI-0042,2011-08-29,зерновые,0.2567032682033777,0.2571757476753655,0.25628385750332705
AOI-0042,2011-09-27,зерновые,0.2680069620776379,0.26736931467306435,0.2620581359358799
AOI-0042,2011-10-16,зерновые,0.3449257927860628,0.3453822865066588,0.3505727465146617
AOI-0042,2012-06-25,зерновые,0.26854558455888494,0.24953488201809515,0.22280847322584937
AOI-0042,2012-07-20,зерновые,0.2263571285105049,0.22526157713405906,0.22122345156300569
AOI-0042,2012-08-28,зерновые,0.26683867075322865,0.26248045195138053,0.25085775673124305
AOI-0042,2013-04-26,зерновые,0.20507231723285635,0.203915363362496,0.20055954739962423
AOI-0042,2013-05-11,зерновые,0.2170213731779956,0.21691559859638504,0.2107656733828742
AOI-0042,2013-06-13,зерновые,0.3863180670305631,0.38453272187606224,0.38866879564733803
AOI-0042,2013-09-08,зерновые,0.25984288220847607,0.2551756342474611,0.2496037355335658
AOI-0042,2014-04-05,зерновые,0.23612975904781838,0.2294663264810381,0.2198851890872565
AOI-0042,2014-06-16,зерновые,0.2302336906199023,0.22579221506667768,0.22476773739360112
AOI-0042,2014-10-16,зерновые,0.17670277305681836,0.1701823234571483,0.15988588015404126
AOI-0042,2015-07-13,зерновые,0.19717870992848616,0.1953725776191114,0.18978603309040123
AOI-0042,2015-08-29,зерновые,0.20656166017374764,0.20117366863061223,0.19032025036465858
AOI-0042,2015-09-06,зерновые,0.15780694472688425,0.15390887118469349,0.15446290301262847
AOI-0042,2015-09-23,зерновые,0.19930832949295899,0.2015959835854877,0.20333201178983518
AOI-0042,2015-10-16,зерновые,0.26473841845752827,0.2623654841641256,0.2486439811131883
AOI-0042,2016-06-21,зерновые,0.22850367329471064,0.22865018795645506,0.22826256887874394
AOI-0042,2016-07-15,зерновые,0.16715818399965654,0.16705633019495109,0.16618023566522191
AOI-0042,2016-08-16,зерновые,0.1940938114732352,0.19019830265257384,0.18424982000131507
AOI-0042,2017-04-13,зерновые,0.1608416607418154,0.1656944748957656,0.16579597462471216
AOI-0042,2017-04-28,зерновые,0.170566767432315,0.1743449970313442,0.17257136666690534
AOI-0042,2017-05-07,зерновые,0.2044296296039091,0.20697879384051243,0.205990973575478
AOI-0042,2017-05-23,зерновые,0.1938882686710117,0.1976134603499525,0.19915589258354122
AOI-0042,2017-06-07,зерновые,0.19534107401246273,0.19145498840161726,0.1872127420289728
AOI-0042,2017-06-08,зерновые,0.20248082866498518,0.19772880921997563,0.19198961774971282
AOI-0042,2017-07-25,зерновые,0.16886907231898243,0.1740299700562595,0.17291899987887635
AOI-0042,2017-07-26,зерновые,0.19298118449541848,0.19640764827548254,0.19741417620252547
AOI-0042,2017-08-03,зерновые,0.16660524065150484,0.16376019908994402,0.16190694814189147
AOI-0042,2017-08-06,зерновые,0.14836243975465577,0.14928937751988616,0.1438459129569651
AOI-0042,2017-08-13,зерновые,0.1972865195236143,0.18797588200340257,0.17418947269290866
AOI-0042,2017-08-19,зерновые,0.13850122474991014,0.13982952010773209,0.13858530663555702
AOI-0042,2017-08-26,зерновые,0.1291968907947425,0.13058037684244866,0.12374507368951762
AOI-0042,2017-10-05,зерновые,0.20058781000389683,0.20236933942106253,0.20976198835654622
AOI-0042,2018-05-05,зерновые,0.65043959798687,0.6568065015983487,0.6581027498165908
AOI-0042,2018-05-25,зерновые,0.5788581479832369,0.5591804780470104,0.5213482880744904
AOI-0042,2018-06-12,зерновые,0.28486002623266543,0.2845002325169461,0.28832816495531005
AOI-0042,2018-08-21,зерновые,0.19476747893169044,0.19503682474078904,0.19036430742726385
AOI-0042,2018-10-01,зерновые,0.22541179388844146,0.2269525567141856,0.2215363765050898
AOI-0042,2019-04-10,зерновые,0.16722109244172526,0.16590485632390764,0.15923475380227256
AOI-0042,2019-04-27,зерновые,0.20379634784770295,0.20248927130224048,0.1992021511748081
AOI-0042,2019-06-21,зерновые,0.16395638836517656,0.16394000695994607,0.1629040145416014
AOI-0042,2019-06-22,зерновые,0.12958654536396488,0.13437730037712498,0.129531253050458
AOI-0042,2019-08-03,зерновые,0.1557690085340447,0.15582242615026717,0.14685441173291372
AOI-0042,2019-08-16,зерновые,0.13925364529001436,0.14083035518008244,0.13445404600539138
AOI-0042,2019-08-26,зерновые,0.13059367582156597,0.135141765247109,0.13353509471561809
AOI-0042,2019-09-02,зерновые,0.15898923924495376,0.15827254715436032,0.1544350188850843
AOI-0042,2019-09-10,зерновые,0.1499733194250391,0.1522868973902255,0.1496637013966765
AOI-0042,2019-09-22,зерновые,0.16571385854947343,0.16080931622600111,0.1531569216757962
AOI-0042,2019-10-19,зерновые,0.5311162830682318,0.5233255940912361,0.5324298251154281
AOI-0042,2019-10-20,зерновые,0.5214750374240374,0.5173675782820012,0.532031852619144
AOI-0042,2019-10-28,зерновые,0.5129950794663786,0.5213192262784677,0.5492305952378458
AOI-0042,2020-04-06,зерновые,0.7534832764403143,0.753085114102104,0.7423594310667695
AOI-0042,2020-05-04,зерновые,0.7655034939090192,0.7624376964928891,0.7459319929192185
AOI-0042,2020-07-03,зерновые,0.15697540463937917,0.15900447825452613,0.15070513292635945
AOI-0042,2020-07-25,зерновые,0.16535500684557716,0.1618682135381737,0.15672928591445195
AOI-0042,2020-08-27,зерновые,0.11315043249888858,0.1094966986637378,0.0992837384476795
AOI-0042,2020-09-29,зерновые,0.1670970903482134,0.1572667660073292,0.14406713646122704
AOI-0042,2021-04-07,зерновые,0.17352442245441227,0.1627609207426231,0.15399410717264395
AOI-0042,2021-04-12,зерновые,0.15526748781806607,0.1486786752077055,0.14618285588341673
AOI-0042,2021-05-17,зерновые,0.15611380005583106,0.16478748872409704,0.1618692149907574
AOI-0042,2021-06-23,зерновые,0.1568220882933564,0.1482692620785842,0.1368970383199665
AOI-0042,2021-07-01,зерновые,0.1340577838197364,0.13007211202963279,0.12109666422289461
AOI-0042,2021-07-11,зерновые,0.1329251942954696,0.13498707502784185,0.12851627892272377
AOI-0042,2021-07-13,зерновые,0.14964648810325876,0.15395263858804117,0.1443632903401787
AOI-0042,2021-07-21,зерновые,0.12215765848666031,0.12433026103655745,0.11854216723226853
AOI-0042,2021-07-28,зерновые,0.18192169474898776,0.17330009983814287,0.15723388691029305
AOI-0042,2021-07-31,зерновые,0.13116171240495525,0.13147139184946535,0.1252571265718504
AOI-0042,2021-08-17,зерновые,0.1360613663438719,0.13948902851442593,0.12873459679618743
AOI-0042,2021-09-14,зерновые,0.1553660472546838,0.1523858271636316,0.13991173326875508
AOI-0042,2022-04-12,зерновые,0.5687537454134244,0.5718716920315371,0.5595897423349966
AOI-0042,2022-04-27,зерновые,0.7670428382006779,0.7664052348717368,0.7616845756199518
AOI-0042,2022-05-09,зерновые,0.7795840933252528,0.7665029851938392,0.7493920033085849
AOI-0042,2022-05-14,зерновые,0.7806070010779272,0.7776664998832843,0.7664534411058354
AOI-0042,2022-05-25,зерновые,0.7614587152952849,0.7486281901938926,0.7295701433003328
AOI-0042,2022-06-05,зерновые,0.7750181003099114,0.7675825080809058,0.7577468239863032
AOI-0042,2022-06-21,зерновые,0.26941205811251306,0.26783548049844685,0.26536669466196283
AOI-0042,2022-07-24,зерновые,0.13942887947182062,0.13859984822596727,0.13573796478149402
AOI-0042,2022-08-10,зерновые,0.1441724371071683,0.14574420116763148,0.1409632292735191
AOI-0042,2022-08-17,зерновые,0.12252341789903075,0.1186536430416333,0.1082932409872156
AOI-0042,2022-09-14,зерновые,0.1883555353876356,0.18238881915754335,0.17109902710501435
AOI-0042,2022-10-19,зерновые,0.14639988120410855,0.1475920449134844,0.1550615442533865
AOI-0042,2023-04-23,зерновые,0.31941548173436946,0.31214967740389277,0.3135816624812755
AOI-0042,2023-05-02,зерновые,0.18112376125158036,0.18449167050769177,0.17812351206421284
AOI-0042,2023-05-19,зерновые,0.2209070159620151,0.2204335218652738,0.20237091027598406
AOI-0042,2023-06-08,зерновые,0.1811313487242434,0.17250963863667426,0.1648618077998581
AOI-0042,2023-06-10,зерновые,0.30461438202970714,0.29117930491629695,0.28421257537387556
AOI-0042,2023-06-21,зерновые,0.1459092042645899,0.1373963526115226,0.1267091312634575
AOI-0042,2023-06-23,зерновые,0.18795084060931377,0.16549677519452188,0.15442488475159052
AOI-0042,2023-06-26,зерновые,0.20894838976345873,0.1991358396449654,0.18215534633987812
AOI-0042,2023-07-03,зерновые,0.1729845038789816,0.17962087210460617,0.17278713088597591
AOI-0042,2023-07-06,зерновые,0.13891509815474878,0.13921715675605853,0.13472488488017803
AOI-0042,2023-07-28,зерновые,0.21093986274639978,0.19665813509636032,0.18431909994807472
AOI-0042,2023-08-07,зерновые,0.16515690893175147,0.15832729315662328,0.14434638769474145
AOI-0042,2023-08-08,зерновые,0.15234133161300048,0.14539613896930745,0.13788985764046857
AOI-0042,2023-08-15,зерновые,0.1422145522901452,0.1418358058792486,0.13794200766803727
AOI-0042,2023-08-20,зерновые,0.12948288161809496,0.1279065717525942,0.12470918932807684
AOI-0042,2023-09-01,зерновые,0.15453398965096343,0.14374586003356185,0.13434461171219406
AOI-0042,2023-10-01,зерновые,0.1787787253092158,0.17571469760778885,0.1649220299462613
AOI-0042,2023-10-09,зерновые,0.17548370902193522,0.17529694175352828,0.17105523778232082
AOI-0042,2023-10-30,зерновые,0.4182718533315179,0.4069233175787963,0.423018839245547
AOI-0042,2024-05-17,зерновые,0.7980374202615373,0.796832078759429,0.7787276883274248
AOI-0042,2024-05-23,зерновые,0.7667267544847958,0.7556527012367199,0.7341357936079902
AOI-0042,2024-06-11,зерновые,0.32841635598820357,0.31740588830868544,0.3081486312173814
AOI-0042,2024-06-18,зерновые,0.2748160130861313,0.27092853517435117,0.268298105046104
AOI-0042,2024-06-19,зерновые,0.26917446790594574,0.2673875004323248,0.2701671846085965
AOI-0042,2024-07-02,зерновые,0.1895478559572424,0.18256367711515342,0.17275311963152162
AOI-0042,2024-07-20,зерновые,0.12510520921587562,0.1217308505734035,0.11346837131961911
AOI-0042,2024-07-29,зерновые,0.16861151176003153,0.16715073529042845,0.1695439243853355
AOI-0042,2024-07-30,зерновые,0.11531991689565167,0.11165797850632032,0.10575808109866236
AOI-0042,2024-08-12,зерновые,0.15329558362267734,0.14951538288721855,0.13822770995399605
AOI-0042,2024-08-13,зерновые,0.1538152049891778,0.1499300257120218,0.14724669381297667
AOI-0042,2024-08-16,зерновые,0.11616420268865703,0.1076754700250824,0.09744647737117561
AOI-0042,2024-08-19,зерновые,0.10363836238672634,0.09489730596090803,0.09365653165478732
AOI-0042,2024-08-21,зерновые,0.11196240128822316,0.10433664469187665,0.09604360687866569
AOI-0042,2024-08-31,зерновые,0.11918929634553359,0.10923013357774898,0.10137592541802469
AOI-0042,2024-09-15,зерновые,0.13020340948057454,0.12223349024072323,0.11414873101404642
AOI-0042,2024-09-23,зерновые,0.13240431076307305,0.12501246621944967,0.11952274370985087
AOI-0042,2024-09-25,зерновые,0.14040680275004183,0.13263397300784716,0.12222490307301401
AOI-0042,2024-09-30,зерновые,0.1285160117876869,0.12027850899131524,0.11302786624947564
AOI-0042,2024-10-01,зерновые,0.1481179767780453,0.14645231606987483,0.14745374716207985
AOI-0042,2024-10-13,зерновые,0.09531735808683954,0.08734267399754067,0.08019613500029782
AOI-0042,2024-10-30,зерновые,0.12820316914380658,0.11544527556643827,0.10715130899614424
AOI-0047,2010-04-24,зерновые,0.21207243165747927,0.21170289210046495,0.2080321411255689
AOI-0047,2010-05-09,зерновые,0.32084512704879486,0.3250299709926726,0.3410311496291612
AOI-0047,2010-06-26,зерновые,0.7721712857882385,0.7793647553380161,0.7798286333509942
AOI-0047,2010-07-21,зерновые,0.7363672056488779,0.7417562279960024,0.7482403889896021
AOI-0047,2010-07-28,зерновые,0.6677933275157967,0.6652281191565061,0.6556141446755914
AOI-0047,2011-05-25,зерновые,0.683203412130323,0.6923755921113495,0.7201138144507339
AOI-0047,2011-07-16,зерновые,0.305968625324257,0.31546865802164964,0.32559984687468896
AOI-0047,2011-08-13,зерновые,0.2457314252136749,0.25847000490535205,0.2720319255366962
AOI-0047,2011-08-29,зерновые,0.24194747111743453,0.2544617879016725,0.2724415590528717
AOI-0047,2012-07-02,зерновые,0.3183306464231008,0.3266874182678199,0.3324609008404027
AOI-0047,2012-07-18,зерновые,0.27962393983771716,0.2891769191381386,0.2981737737470233
AOI-0047,2012-09-29,зерновые,0.21951678505020197,0.22290380212707736,0.23148542993427007
AOI-0047,2013-06-11,зерновые,0.2264103723511298,0.22929684373985243,0.23509384046529952
AOI-0047,2013-07-21,зерновые,0.30630447919416676,0.31085484207688496,0.32114547486247674
AOI-0047,2014-06-30,зерновые,0.25495850583907825,0.26224360403862884,0.2827917070812279
AOI-0047,2014-07-12,зерновые,0.29408610857901757,0.3029496526665237,0.30623488580921043
AOI-0047,2014-07-16,зерновые,0.22896589550274435,0.2294814586160953,0.2478862012526496
AOI-0047,2015-06-01,зерновые,0.7715019421458197,0.7671268288223062,0.7779036448224149
AOI-0047,2015-07-11,зерновые,0.3570557114638954,0.36598295591675895,0.3711340225769355
AOI-0047,2015-09-14,зерновые,0.2610503541855469,0.2655201232653169,0.28272576806044897
AOI-0047,2016-06-25,зерновые,0.7671790589711202,0.7675297425459383,0.7614393040329867
AOI-0047,2016-08-28,зерновые,0.4091849414081463,0.41578228407710005,0.41765977013038136
AOI-0047,2016-09-13,зерновые,0.38380595599477657,0.38126558146453055,0.38638429885113396
AOI-0047,2016-10-09,зерновые,0.24784052239457163,0.24684515172857754,0.2682238226051595
AOI-0047,2017-04-03,зерновые,0.1847024618288671,0.18387541110117314,0.19142930764901664
AOI-0047,2017-04-07,зерновые,0.34239875021133903,0.3430679380589476,0.35750416988923417
AOI-0047,2017-04-28,зерновые,0.31289453909574083,0.30516273580221226,0.30300763103811795
AOI-0047,2017-07-28,зерновые,0.20959102182226796,0.2221562905830816,0.2347539047716013
AOI-0047,2018-05-09,зерновые,0.32220212904960255,0.3285592949578407,0.3434364519406962
AOI-0047,2018-06-09,зерновые,0.2221196151245849,0.21578834657061063,0.22444135978100152
AOI-0047,2018-06-10,зерновые,0.2596337023429854,0.2574184691962271,0.2615154123363772
AOI-0047,2018-06-15,зерновые,0.17193142415700957,0.17539370018775283,0.17698916990612273
AOI-0047,2018-07-02,зерновые,0.18026029458631862,0.1801544413957323,0.18199331269984434
AOI-0047,2018-07-28,зерновые,0.31919854698157785,0.3353706692995641,0.34150019450721325
AOI-0047,2018-09-29,зерновые,0.20187433396533064,0.20697022225555434,0.2133952650686837
AOI-0047,2018-10-07,зерновые,0.1867828789033322,0.1831143416415985,0.18681018967887986
AOI-0047,2019-05-27,зерновые,0.9073754420951617,0.9136685992154774,0.9134108296584406
AOI-0047,2019-05-28,зерновые,0.9064927094234659,0.9060926059377311,0.9084762014837645
AOI-0047,2019-06-15,зерновые,0.5378824491097066,0.5519907248678034,0.562510644438823
AOI-0047,2019-06-30,зерновые,0.24194275126575956,0.24737864668268403,0.2582065571997953
AOI-0047,2019-08-19,зерновые,0.3420272749024571,0.34990853513245945,0.35753297136038226
AOI-0047,2019-08-29,зерновые,0.3098070356813221,0.312003492182497,0.3081711378756367
AOI-0047,2019-08-31,зерновые,0.24950816457584604,0.24970927977619897,0.2556417454668293
AOI-0047,2019-09-14,зерновые,0.3235161029395331,0.32455625968756924,0.33217620739110565
AOI-0047,2019-09-30,зерновые,0.3537970052203714,0.357462622962284,0.3640241788968105
AOI-0047,2019-10-13,зерновые,0.3914699857622717,0.39109571601440546,0.41912347493062474
AOI-0047,2019-10-16,зерновые,0.4668005798123673,0.46833310945649437,0.4827780252395342
AOI-0047,2020-04-06,зерновые,0.2965694995684287,0.302655119353594,0.3132663226663023
AOI-0047,2020-04-30,зерновые,0.1696937058504223,0.16627848139925963,0.18083737724595736
AOI-0047,2020-06-04,зерновые,0.2461626646759647,0.24149898413876553,0.24775141022853028
AOI-0047,2020-06-16,зерновые,0.1926241644354146,0.19388494532838335,0.1982156719834975
AOI-0047,2020-07-16,зерновые,0.11234608569896383,0.1156327652689233,0.12877506039608336
AOI-0047,2020-08-03,зерновые,0.14108728921061672,0.14578116252389803,0.15439898293762705
AOI-0047,2020-08-08,зерновые,0.1368852586952127,0.1417240440303892,0.1489332402399823
AOI-0047,2020-10-05,зерновые,0.14285006113702234,0.14262334000254137,0.15156955636545688
AOI-0047,2020-10-20,зерновые,0.20511748009473155,0.2032585071421315,0.21829593658348728
AOI-0047,2020-10-22,зерновые,0.1012567127601477,0.10552891848279092,0.11586241975691099
AOI-0047,2021-05-16,зерновые,0.8638377552486466,0.8519961491398929,0.8520156691284827
AOI-0047,2021-05-17,зерновые,0.8288915493188501,0.8203214206210621,0.8186843160494374
AOI-0047,2021-05-20,зерновые,0.8507826551151901,0.8529013934296433,0.8609647626649743
AOI-0047,2021-06-09,зерновые,0.8656444364134398,0.8605220491428368,0.8726840853356373
AOI-0047,2021-07-11,зерновые,0.26251823830163684,0.26230378349933614,0.2729497006211389
AOI-0047,2021-07-19,зерновые,0.19087450698532393,0.19255131201565598,0.20023801368460212
AOI-0047,2021-08-30,зерновые,0.2468341412940893,0.2580471537523314,0.2652439942232898
AOI-0047,2021-09-02,зерновые,0.22359470294695605,0.22652082156992098,0.22887579767681102
AOI-0047,2021-09-07,зерновые,0.38214024139808395,0.3822645295829112,0.4029582067624299
AOI-0047,2021-10-16,зерновые,0.6493344424195003,0.6486269183856563,0.6497419995668775
AOI-0047,2022-04-05,зерновые,0.24208291914320612,0.24655492707435248,0.25172394873373904
AOI-0047,2022-04-10,зерновые,0.2749265975230093,0.2765560275770361,0.28411856042422823
AOI-0047,2022-05-30,зерновые,0.18232942440069264,0.19879435250637414,0.19976722458047952
AOI-0047,2022-06-04,зерновые,0.17873746185695283,0.18651757522510132,0.1960072501505995
AOI-0047,2022-06-08,зерновые,0.20554962919274922,0.20276330339899215,0.21666736165630862
AOI-0047,2022-06-11,зерновые,0.18514849493025118,0.18504270820364796,0.1849808504750198
AOI-0047,2022-06-19,зерновые,0.16752950234074557,0.17401313054968115,0.17329113128281312
AOI-0047,2022-06-21,зерновые,0.17341071980279424,0.1745204764982036,0.17840268619266494
AOI-0047,2022-07-14,зерновые,0.1464934952726188,0.14859089221748142,0.15481009412155072
AOI-0047,2022-07-30,зерновые,0.19581957048286877,0.2008956511326945,0.21567169788161192
AOI-0047,2022-08-07,зерновые,0.17704017602587804,0.1775246577313723,0.18827016072715963
AOI-0047,2022-08-08,зерновые,0.15230349858061099,0.15349256593061494,0.16142089836504875
AOI-0047,2022-08-10,зерновые,0.1529946342842198,0.15349110706423308,0.1622943874698014
AOI-0047,2022-08-13,зерновые,0.18667595640279752,0.1876023522706897,0.18567278878385468
AOI-0047,2022-08-30,зерновые,0.15664882412508058,0.15819942493139746,0.15940207529817255
AOI-0047,2022-09-01,зерновые,0.17274887834331085,0.17257500077541674,0.17964968442730442
AOI-0047,2022-10-18,зерновые,0.34637388675817404,0.34316609274279936,0.3577001840425745
AOI-0047,2023-06-16,зерновые,0.7570709376239696,0.7572530802539204,0.7605183912028269
AOI-0047,2023-07-17,зерновые,0.23491183687070497,0.24008640252311397,0.2593503175471139
AOI-0047,2023-07-25,зерновые,0.21775660876831968,0.22356844270045528,0.24078804927299505
AOI-0047,2023-07-26,зерновые,0.17619355550527763,0.18125908541858038,0.18502039920982313
AOI-0047,2023-08-05,зерновые,0.1642646025569738,0.17108938860719816,0.17679986645795806
AOI-0047,2023-08-15,зерновые,0.1548665860171328,0.1611627765965929,0.1702532777561498
AOI-0047,2023-09-17,зерновые,0.15845688384247297,0.16189502338012743,0.17688861089131389
AOI-0047,2023-09-22,зерновые,0.15826334292367325,0.1630227871169031,0.17815027253643334
AOI-0047,2023-09-27,зерновые,0.17413093978759162,0.17218317950151196,0.185551699289932
AOI-0047,2023-10-04,зерновые,0.16070732584567612,0.1576912728589267,0.16648373650540493
AOI-0047,2023-10-22,зерновые,0.1816096074315885,0.17912050776658472,0.18889332655083801
AOI-0047,2024-04-29,зерновые,0.24691182366854014,0.25601390344549496,0.265951841694829
AOI-0047,2024-05-04,зерновые,0.24128299796469385,0.23695225970421988,0.2429981032861431
AOI-0047,2024-05-24,зерновые,0.2780759301640657,0.26870769325822225,0.26499032056688365
AOI-0047,2024-06-10,зерновые,0.2531387718718801,0.254782606229977,0.2594911178081286
AOI-0047,2024-06-25,зерновые,0.2752745149526236,0.27175461778562415,0.2657483069469184
AOI-0047,2024-07-30,зерновые,0.2312682941172779,0.23566652134599383,0.23888502637274012
AOI-0047,2024-09-11,зерновые,0.16956329363472453,0.17201698754259773,0.18455624572727097
AOI-0047,2024-10-08,зерновые,0.12244674169762376,0.12724070383529762,0.14217111864668605
AOI-0047,2024-10-13,зерновые,0.09703626298967621,0.0924146923419874,0.10951936938405678
AOI-0047,2024-10-15,зерновые,0.23192379780848793,0.2268093966253127,0.2391656039468463
AOI-0049,2010-08-04,озимая пшеница,0.556986188823397,0.551556040726899,0.5541663384454985
AOI-0049,2010-08-28,озимая пшеница,0.17881594023988065,0.18042159551900452,0.18092765366730562
AOI-0049,2010-09-05,озимая пшеница,0.18001437262928296,0.17676540464211163,0.1767732381788306
AOI-0049,2010-09-30,озимая пшеница,0.2826157226522367,0.280105127597897,0.28391508616682576
AOI-0049,2011-04-26,озимая пшеница,0.6253255756407271,0.6078788734583146,0.606884075422638
AOI-0049,2011-05-25,озимая пшеница,0.8293401442839906,0.8227851406677442,0.8193854434498186
AOI-0049,2011-05-27,озимая пшеница,0.8464769720179053,0.8412159026310525,0.8371592960371584
AOI-0049,2011-06-12,озимая пшеница,0.7569067127827203,0.766495421293803,0.7760890677197713
AOI-0049,2011-07-12,озимая пшеница,0.34252188748300155,0.34158827597771774,0.34674866961172834
AOI-0049,2011-09-08,озимая пшеница,0.1967786096749686,0.1920961984820083,0.19114823491066768
AOI-0049,2011-09-24,озимая пшеница,0.19478273942074634,0.191135918385191,0.1885776996371252
AOI-0049,2011-10-11,озимая пшеница,0.26704442652644395,0.2575501216384986,0.2574748070594067
AOI-0049,2011-10-27,озимая пшеница,0.267513418170859,0.2626655317407901,0.26507794672394275
AOI-0049,2012-05-06,озимая пшеница,0.23226196606329733,0.22757231944003553,0.22269437628763156
AOI-0049,2012-05-08,озимая пшеница,0.3882395114362469,0.3920897756530888,0.39425663343124373
AOI-0049,2012-09-18,озимая пшеница,0.26522567374802053,0.262968587399821,0.26272615745673117
AOI-0049,2012-10-15,озимая пшеница,0.2970966273358166,0.28942039381996626,0.2963488057541522
AOI-0049,2013-05-25,озимая пшеница,0.46672457721842536,0.4649875014069224,0.46366042703864047
AOI-0049,2013-06-17,озимая пшеница,0.5542182403296646,0.5407291183326679,0.5384013236151527
AOI-0049,2013-07-11,озимая пшеница,0.7653818506479455,0.766731234056952,0.7602163136463211
AOI-0049,2013-08-05,озимая пшеница,0.6930009036094947,0.6996646802868891,0.7094465529204484
AOI-0049,2013-08-20,озимая пшеница,0.42326486423763027,0.4197668063571512,0.4180267682115394
AOI-0049,2013-09-30,озимая пшеница,0.31185784859733295,0.31297015757602886,0.317251722659108
AOI-0049,2013-10-24,озимая пшеница,0.1943192261301089,0.19552189920316745,0.2046395598853413
AOI-0049,2014-04-18,озимая пшеница,0.792700293950134,0.7915435660562822,0.7908156042395326
AOI-0049,2014-05-09,озимая пшеница,0.8620849883763371,0.8547590032597557,0.8496074205444751
AOI-0049,2014-07-12,озимая пшеница,0.30917440811976504,0.30876659365902526,0.3118971267426043
AOI-0049,2014-09-16,озимая пшеница,0.23958517639665655,0.24067034858198352,0.24060039201745131
AOI-0049,2015-04-13,озимая пшеница,0.2117359310561455,0.2025817223911313,0.20154021397885413
AOI-0049,2015-05-22,озимая пшеница,0.3018283000842903,0.2993532116031311,0.30078326748458567
AOI-0049,2015-07-12,озимая пшеница,0.7613964833829071,0.7535223142288728,0.7470028380254323
AOI-0049,2015-07-25,озимая пшеница,0.8029587107618829,0.8007869543585158,0.7976501713801728
AOI-0049,2015-07-28,озимая пшеница,0.6838755409932902,0.6760886304351619,0.6674398146384625
AOI-0049,2015-09-30,озимая пшеница,0.2063619678580634,0.20445520822161192,0.20673269143895348
AOI-0049,2015-10-30,озимая пшеница,0.22054216913611158,0.20895650371676522,0.2017760467241665
AOI-0049,2016-04-22,озимая пшеница,0.8369857180154843,0.8346669422894929,0.8362525612963334
AOI-0049,2016-08-28,озимая пшеница,0.2740464791528412,0.27696682349712054,0.27665473666878854
AOI-0049,2016-09-14,озимая пшеница,0.23997581682071725,0.24570912604237147,0.24897398259683223
AOI-0049,2016-09-29,озимая пшеница,0.45153022057971953,0.45522768498836896,0.45957387297419117
AOI-0049,2017-06-21,озимая пшеница,0.8697565768940527,0.8736788103834743,0.8735517644331506
AOI-0049,2017-07-14,озимая пшеница,0.8171334508049822,0.8218857637977572,0.8200357136320505
AOI-0049,2017-08-13,озимая пшеница,0.4418055025858843,0.4405597348449128,0.43657186823246086
AOI-0049,2017-09-13,озимая пшеница,0.229110823541232,0.2360173995977753,0.23750674357436746
AOI-0049,2017-09-17,озимая пшеница,0.25285623956262254,0.25783642387430084,0.2649954540513347
AOI-0049,2018-05-09,озимая пшеница,0.8519903150886877,0.8419481631665752,0.8393864853457447
AOI-0049,2018-06-16,озимая пшеница,0.2983619748534018,0.2991587505357602,0.30661629337826474
AOI-0049,2018-06-24,озимая пшеница,0.24149254426302336,0.23340737043084267,0.23925329311613533
AOI-0049,2018-07-10,озимая пшеница,0.19024724590694064,0.18637705546953337,0.18926086050451404
AOI-0049,2018-08-02,озимая пшеница,0.17565652884599361,0.17665641912555458,0.1815193373907436
AOI-0049,2018-08-10,озимая пшеница,0.17658060148082835,0.18291149531943127,0.18774736108446116
AOI-0049,2018-08-27,озимая пшеница,0.17813984475962474,0.1731946775492914,0.172920757875492
AOI-0049,2018-09-18,озимая пшеница,0.1370279302999577,0.1443949847632329,0.1461520084448442
AOI-0049,2018-10-06,озимая пшеница,0.19088533925961404,0.18683470380021727,0.19197665118424134
AOI-0049,2019-04-21,озимая пшеница,0.2137890280304878,0.21559724850505085,0.21065486917451867
AOI-0049,2019-07-12,озимая пшеница,0.6171022922407411,0.6151016310370493,0.612563792782446
AOI-0049,2019-09-03,озимая пшеница,0.2527605444647085,0.256720725107301,0.25676552830645655
AOI-0049,2019-09-23,озимая пшеница,0.15952697231641014,0.15843785306620364,0.16121533284050713
AOI-0049,2020-04-02,озимая пшеница,0.5312621821997832,0.5290044534750113,0.5267454189445971
AOI-0049,2020-04-18,озимая пшеница,0.6472490041999442,0.6356848900258786,0.6364595004090786
AOI-0049,2020-04-25,озимая пшеница,0.7385308608633737,0.7416652360575735,0.7371887136529081
AOI-0049,2020-04-26,озимая пшеница,0.7507606786684908,0.7438221613309699,0.739337135119856
AOI-0049,2020-05-11,озимая пшеница,0.845500206215339,0.8424430306341246,0.8377854848039471
AOI-0049,2020-05-28,озимая пшеница,0.8508694579459125,0.8476638090650566,0.8409474922842475
AOI-0049,2020-06-05,озимая пшеница,0.838346245399333,0.8424906114148853,0.8399874247263733
AOI-0049,2020-07-15,озимая пшеница,0.193470331344845,0.19890921163272599,0.20562774900118386
AOI-0049,2020-07-31,озимая пшеница,0.14154827481259102,0.1350452772672287,0.136618975769986
AOI-0049,2020-08-13,озимая пшеница,0.13208500741372572,0.13358843422402997,0.1317668830249435
AOI-0049,2020-08-15,озимая пшеница,0.14134562861497757,0.14145501607965374,0.14048121236822977
AOI-0049,2020-08-31,озимая пшеница,0.1811604678264972,0.18180465185574707,0.18310461665161545
AOI-0049,2020-09-02,озимая пшеница,0.1473015416231271,0.14857542803539123,0.14765071323513737
AOI-0049,2020-09-13,озимая пшеница,0.2223808536401034,0.22263896623001747,0.22515304158158742
AOI-0049,2020-09-27,озимая пшеница,0.13340979385007803,0.12873537947660255,0.12823500116628028
AOI-0049,2020-10-07,озимая пшеница,0.14072728634942952,0.14034139137871127,0.14456805663726865
AOI-0049,2021-04-23,озимая пшеница,0.3948036818707563,0.4024552809534032,0.40970027126036085
AOI-0049,2021-06-09,озимая пшеница,0.5942431637514938,0.6027654299399596,0.6037282109454356
AOI-0049,2021-07-18,озимая пшеница,0.8036902406635941,0.794263499893064,0.7887708362346102
AOI-0049,2021-07-19,озимая пшеница,0.8088751785276452,0.8032223595055674,0.7992095102790606
AOI-0049,2021-07-24,озимая пшеница,0.7893066492106842,0.7893907871307796,0.7880574536940197
AOI-0049,2021-08-08,озимая пшеница,0.6848292990015789,0.6829972447756343,0.6884755524808623
AOI-0049,2021-09-27,озимая пшеница,0.17105825938345487,0.1781861999556199,0.18224251816713474
AOI-0049,2021-09-28,озимая пшеница,0.22074310128620567,0.21938991644090952,0.22368116596111648
AOI-0049,2022-06-24,озимая пшеница,0.39731094653286964,0.39861117051581346,0.3915320699495027
AOI-0049,2022-07-13,озимая пшеница,0.21861248789644683,0.2195641328154616,0.22551903972721082
AOI-0049,2022-08-28,озимая пшеница,0.1525392536668099,0.15968447372639702,0.15772216678974746
AOI-0049,2022-08-30,озимая пшеница,0.17444965270346136,0.17794780615311553,0.17810576865505967
AOI-0049,2022-09-06,озимая пшеница,0.17407085236157446,0.16816322933240277,0.1700651713869517
AOI-0049,2022-09-14,озимая пшеница,0.20426280610490757,0.20612836970122966,0.20367641409817505
AOI-0049,2022-10-08,озимая пшеница,0.2318753366470739,0.23341702016090543,0.24409157761339725
AOI-0049,2023-06-22,озимая пшеница,0.5039702055249405,0.505987084412726,0.5061738271429942
AOI-0049,2023-06-23,озимая пшеница,0.48448494652487745,0.48519475173627,0.4859271477751072
AOI-0049,2023-07-15,озимая пшеница,0.2550167485169167,0.25901425244247683,0.26178187581589474
AOI-0049,2023-07-23,озимая пшеница,0.22534199303021685,0.2432550219489311,0.24851560931345404
AOI-0049,2023-08-08,озимая пшеница,0.281663212246218,0.28691635996541964,0.28809447837645524
AOI-0049,2023-08-24,озимая пшеница,0.3874194267836739,0.3941743936312614,0.40348376158194504
AOI-0049,2023-09-12,озимая пшеница,0.23259420009671597,0.23502432151527144,0.23713887412232434
AOI-0049,2023-09-14,озимая пшеница,0.27808839866886076,0.2786053262880311,0.2725692110257827
AOI-0049,2023-09-22,озимая пшеница,0.2044578054094325,0.20841176171083778,0.21117018871864182
AOI-0049,2023-10-02,озимая пшеница,0.16948678665996952,0.1727158725617345,0.17424051603878143
AOI-0049,2024-06-23,озимая пшеница,0.581883767602994,0.581105273371091,0.5841845685803856
AOI-0049,2024-08-17,озимая пшеница,0.35705620181856285,0.3623138337615279,0.35962032309662806
AOI-0049,2024-08-28,озимая пшеница,0.2438326074875049,0.24447191545417202,0.24527028356553163
AOI-0049,2024-09-16,озимая пшеница,0.15714057054920913,0.16169975711263257,0.16269163848959897
AOI-0049,2024-09-29,озимая пшеница,0.21697966573659558,0.21231345933089552,0.21111671280406377
AOI-0049,2024-10-01,озимая пшеница,0.14845942456377784,0.14632360022719443,0.14964607901772894
AOI-0054,2010-07-19,озимая пшеница,0.7617380651954049,0.7615732821164054,0.7659868518404657
AOI-0054,2010-09-06,озимая пшеница,0.6112932575413331,0.6224079624299416,0.6364386443708316
AOI-0054,2010-09-30,озимая пшеница,0.5583257954173352,0.5633226625408546,0.5654326209411659
AOI-0054,2011-04-07,озимая пшеница,0.4193115191702068,0.41868522793709473,0.4200982789057006
AOI-0054,2011-05-09,озимая пшеница,0.7178486217090175,0.7314680834808648,0.7469479949265991
AOI-0054,2011-05-25,озимая пшеница,0.8129504201552207,0.8239493430679039,0.8262394837087498
AOI-0054,2011-05-27,озимая пшеница,0.7968068936506238,0.7991775205431794,0.8029278184972154
AOI-0054,2011-06-10,озимая пшеница,0.791124502336411,0.7883962165745099,0.7830016613869696
AOI-0054,2011-06-20,озимая пшеница,0.8199700282031553,0.8173447564678663,0.8192106282389572
AOI-0054,2011-08-23,озимая пшеница,0.7237774505550898,0.7237359268845622,0.7264260762742856
AOI-0054,2011-10-16,озимая пшеница,0.6148538518945775,0.617783642412547,0.6213505020831027
AOI-0054,2012-07-09,озимая пшеница,0.7799862004786319,0.7865520707608598,0.7934219011897867
AOI-0054,2012-07-16,озимая пшеница,0.7333745696740092,0.7376785973550157,0.7381607025721637
AOI-0054,2012-08-26,озимая пшеница,0.6877500221320768,0.6886956266985201,0.6925058818076982
AOI-0054,2012-09-29,озимая пшеница,0.5970730181786186,0.6113443692847782,0.6173246227806555
AOI-0054,2012-10-20,озимая пшеница,0.6550035253521147,0.6479052519714986,0.6592320079527776
AOI-0054,2013-08-21,озимая пшеница,0.7033178686867348,0.7152741003930763,0.7252752068119969
AOI-0054,2014-04-07,озимая пшеница,0.5386763845523413,0.5309414578222953,0.5394669206205147
AOI-0054,2014-05-09,озимая пшеница,0.829216914974706,0.826035575240784,0.8251703814742424
AOI-0054,2014-06-28,озимая пшеница,0.7769836756277112,0.7739965264715049,0.7765044740897687
AOI-0054,2014-07-28,озимая пшеница,0.6861807337973685,0.6836589531816896,0.6809582479981059
AOI-0054,2014-08-07,озимая пшеница,0.7292987640391626,0.7334795189266208,0.7382797341348711
AOI-0054,2014-08-08,озимая пшеница,0.7239853208193495,0.7310748932477199,0.7388169867086518
AOI-0054,2014-08-13,озимая пшеница,0.6389722303072642,0.6363744021960603,0.6293236557741818
AOI-0054,2014-08-15,озимая пшеница,0.7239392269258383,0.7283937067554349,0.7306484242909125
AOI-0054,2014-10-11,озимая пшеница,0.5524599869338046,0.5729592529351238,0.5925899026354967
AOI-0054,2015-07-25,озимая пшеница,0.7797434561196197,0.775319866286863,0.7769182903354754
AOI-0054,2015-08-26,озимая пшеница,0.7345335547708999,0.7333933613185557,0.7386698620864115
AOI-0054,2015-08-27,озимая пшеница,0.7474506643452309,0.7520395511531558,0.759220184826949
AOI-0054,2015-08-29,озимая пшеница,0.6703073781656527,0.6708930047400906,0.6682708479154426
AOI-0054,2015-09-20,озимая пшеница,0.6650576779618009,0.6716358891896416,0.6814048393798897
AOI-0054,2015-10-06,озимая пшеница,0.5132644149769378,0.5184143873558565,0.5336836683706291
AOI-0054,2016-04-30,озимая пшеница,0.7533642031997547,0.7498705792648576,0.7504623802470632
AOI-0054,2016-07-03,озимая пшеница,0.8020267144791252,0.8005915325762696,0.8012704858432002
AOI-0054,2016-08-29,озимая пшеница,0.7866969955734732,0.7847574766145297,0.7872165795562915
AOI-0054,2016-09-29,озимая пшеница,0.6741390158498092,0.6766389023031955,0.6773700330197986
AOI-0054,2017-05-03,озимая пшеница,0.7219707976401347,0.7237330197168726,0.7282255301276438
AOI-0054,2017-05-11,озимая пшеница,0.8231552784975614,0.817338302149675,0.8178683280605326
AOI-0054,2017-05-19,озимая пшеница,0.8496575948501278,0.8400521100261339,0.8388248692443798
AOI-0054,2017-05-27,озимая пшеница,0.8507918245355414,0.8425303353111293,0.8425517514571499
AOI-0054,2017-06-10,озимая пшеница,0.8276440245116911,0.8271740720029829,0.8191864741208025
AOI-0054,2017-07-06,озимая пшеница,0.8079209337901775,0.8117026021152598,0.8131474662929785
AOI-0054,2017-09-01,озимая пшеница,0.41524300855081225,0.4482430085508122,0.4666873144043057
AOI-0054,2017-09-18,озимая пшеница,0.6627530909775562,0.684787338600706,0.696171630964861
AOI-0054,2017-09-24,озимая пшеница,0.6250444120687929,0.6312476843650257,0.6433996356486268
AOI-0054,2017-10-11,озимая пшеница,0.6104933528167266,0.6197686810585347,0.6365853484600524
AOI-0054,2018-04-04,озимая пшеница,0.32148346485666135,0.3127157007585419,0.30606617737891395
AOI-0054,2018-04-21,озимая пшеница,0.5490992650880504,0.559631262769697,0.5636200446815981
AOI-0054,2018-04-28,озимая пшеница,0.7082276667570748,0.6988217631621564,0.6941968046615832
AOI-0054,2018-04-29,озимая пшеница,0.730763943138057,0.7314313683227214,0.7325913783192748
AOI-0054,2018-05-01,озимая пшеница,0.7523958063844437,0.7527357142875315,0.7521640318715329
AOI-0054,2018-05-11,озимая пшеница,0.7836382652533537,0.7784829003222719,0.7743106104030631
AOI-0054,2018-06-15,озимая пшеница,0.8024456676543101,0.8040967665855387,0.8057151855381309
AOI-0054,2018-06-16,озимая пшеница,0.7972804136934687,0.8059316346243085,0.8090735021440619
AOI-0054,2018-07-09,озимая пшеница,0.7081432908950895,0.7113815244045559,0.7150214274526077
AOI-0054,2018-09-12,озимая пшеница,0.678222885488348,0.6763553527078002,0.6732610187982976
AOI-0054,2018-10-13,озимая пшеница,0.653256871599266,0.6698165542921342,0.6789215161858028
AOI-0054,2018-10-29,озимая пшеница,0.5713640953568396,0.5742639019219804,0.5896890329226645
AOI-0054,2019-04-07,озимая пшеница,0.5863934798712038,0.5868634992732847,0.5946442902213378
AOI-0054,2019-05-25,озимая пшеница,0.8395585735086457,0.8331977956558788,0.8174904333708812
AOI-0054,2019-05-31,озимая пшеница,0.8300501661372263,0.8432880364484665,0.8497220631540927
AOI-0054,2019-06-15,озимая пшеница,0.8729401503748108,0.8749169071031818,0.8833559139040521
AOI-0054,2019-06-18,озимая пшеница,0.8567034109535063,0.842726090687247,0.8430896135714213
AOI-0054,2019-06-27,озимая пшеница,0.791215090450602,0.7952144965583731,0.7961560940007855
AOI-0054,2019-07-04,озимая пшеница,0.7941473805032534,0.7792466654071019,0.7742096177069372
AOI-0054,2019-07-05,озимая пшеница,0.816692545934679,0.8219901996397045,0.8251380311617015
AOI-0054,2019-07-12,озимая пшеница,0.7468526730052076,0.7341980145009837,0.7281153789359213
AOI-0054,2019-07-28,озимая пшеница,0.7870139246060882,0.770766087806893,0.761301186255935
AOI-0054,2019-07-29,озимая пшеница,0.8291245682440539,0.831557219806233,0.832564054675665
AOI-0054,2019-08-14,озимая пшеница,0.8178931135680386,0.8244656772310656,0.8272976976485605
AOI-0054,2019-08-29,озимая пшеница,0.6979706658247876,0.7017474586090126,0.7000074075354619
AOI-0054,2019-08-30,озимая пшеница,0.7466940760587649,0.7479245012111686,0.7543369717249694
AOI-0054,2019-09-15,озимая пшеница,0.6008427108276054,0.6183432761216148,0.6257051749289962
AOI-0054,2019-10-09,озимая пшеница,0.6803938389519231,0.6895640904041865,0.6961949170579209
AOI-0054,2020-04-02,озимая пшеница,0.47093341344754247,0.49132900389045914,0.49055024503557165
AOI-0054,2020-04-09,озимая пшеница,0.4800898584763238,0.48039355164717606,0.48323521237396877
AOI-0054,2020-04-10,озимая пшеница,0.48658249558798716,0.5061718686356131,0.5169946723496366
AOI-0054,2020-04-22,озимая пшеница,0.5960019952465451,0.6106190761012482,0.6229201154544439
AOI-0054,2020-04-30,озимая пшеница,0.6663116345545507,0.6806470394780622,0.6874322352040695
AOI-0054,2020-05-11,озимая пшеница,0.7762412685985617,0.7720291861271444,0.775968009724645
AOI-0054,2020-05-30,озимая пшеница,0.8173176772125123,0.8144964395279132,0.8140696017599325
AOI-0054,2020-06-28,озимая пшеница,0.7655839453009344,0.7657806967761093,0.7660010992762754
AOI-0054,2020-08-03,озимая пшеница,0.7718588244343638,0.7768564348981756,0.7836511305018088
AOI-0054,2020-09-07,озимая пшеница,0.7211216337191214,0.7144997380730016,0.7186214098132792
AOI-0054,2020-09-09,озимая пшеница,0.7549580259709745,0.759928037287464,0.7597077794541577
AOI-0054,2020-10-17,озимая пшеница,0.3336119464705971,0.35285812643810716,0.3615398982290394
AOI-0054,2020-10-27,озимая пшеница,0.40039796049077614,0.4234409480008591,0.43400876682454914
AOI-0054,2021-04-29,озимая пшеница,0.6285951386407066,0.6422461039745104,0.6455183073986178
AOI-0054,2021-05-09,озимая пшеница,0.7798347019117537,0.7869460377001698,0.793145313056207
AOI-0054,2021-05-20,озимая пшеница,0.7503841078252078,0.770497983415401,0.7685008294866903
AOI-0054,2021-06-16,озимая пшеница,0.8167922403737914,0.8233095167387116,0.8264845945255087
AOI-0054,2021-07-02,озимая пшеница,0.8153916570014376,0.8152839045701106,0.8159475196798223
AOI-0054,2021-07-18,озимая пшеница,0.7918447921996177,0.789040536910045,0.7874658721154845
AOI-0054,2021-07-24,озимая пшеница,0.7876367588792101,0.7873685950499508,0.7901722919513695
AOI-0054,2021-09-07,озимая пшеница,0.7881285267654664,0.7933302745418812,0.7985192386040983
AOI-0054,2021-10-16,озимая пшеница,0.5924030173087793,0.6062176783921392,0.6065646747010107
AOI-0054,2021-10-22,озимая пшеница,0.5775623411549295,0.6005418970720154,0.6117839348519157
AOI-0054,2021-10-30,озимая пшеница,0.5662388882335355,0.5744047140801486,0.5900282778200657
AOI-0054,2022-06-03,озимая пшеница,0.882223359922769,0.8832686021283578,0.8831389452055989
AOI-0054,2022-06-10,озимая пшеница,0.850629869261989,0.8385182296111819,0.8275555996206175
AOI-0054,2022-06-26,озимая пшеница,0.7913756370737298,0.77954491089216,0.7703077758675703
AOI-0054,2022-07-12,озимая пшеница,0.7270725863080852,0.7159942187225932,0.7051270020657148
AOI-0054,2022-07-29,озимая пшеница,0.76042085714067,0.7793517171890636,0.7844028313409721
AOI-0054,2022-08-06,озимая пшеница,0.7875781697025092,0.7819736989762706,0.7810346228638668
AOI-0054,2022-08-18,озимая пшеница,0.7212986663539397,0.7194836130634364,0.7213079616484495
AOI-0054,2022-08-29,озимая пшеница,0.6160186406367553,0.6206473407860105,0.6153460665228302
AOI-0054,2023-04-07,озимая пшеница,0.6993582283075379,0.6738608292586263,0.6834589190995478
AOI-0054,2023-04-23,озимая пшеница,0.7789336547382403,0.774920705901526,0.7777379889495671
AOI-0054,2023-05-28,озимая пшеница,0.8099680554269185,0.8102681355293556,0.8126418885714238
AOI-0054,2023-06-10,озимая пшеница,0.8239360701081756,0.8234134489020609,0.814743966786397
AOI-0054,2023-06-22,озимая пшеница,0.8598210632854331,0.8566894982833043,0.8582023172018257
AOI-0054,2023-07-07,озимая пшеница,0.7583099487662966,0.7554962394172724,0.7564704349237534
AOI-0054,2023-09-07,озимая пшеница,0.701283859088741,0.7055131399858355,0.7102840759980504
AOI-0054,2023-10-11,озимая пшеница,0.6645140805973222,0.6799525735144427,0.6878952768195231
AOI-0054,2024-04-04,озимая пшеница,0.5583666891124416,0.5590417986197986,0.55613400466668
AOI-0054,2024-05-07,озимая пшеница,0.8383312550371937,0.8345943808155365,0.8310785541474653
AOI-0054,2024-05-08,озимая пшеница,0.8704097048308213,0.8454026683461476,0.8367380220481241
AOI-0054,2024-05-22,озимая пшеница,0.818288753403408,0.8183528879664727,0.8186972630755219
AOI-0054,2024-05-23,озимая пшеница,0.8223646656798581,0.8273876063443198,0.8273745771642383
AOI-0054,2024-06-24,озимая пшеница,0.8138216890397955,0.8139237179098006,0.8152222861070304
AOI-0054,2024-07-13,озимая пшеница,0.7817728290897284,0.7880682607021221,0.7948352786553421
AOI-0054,2024-07-18,озимая пшеница,0.7929700558453758,0.8019238275674483,0.8053150279261737
AOI-0054,2024-08-18,озимая пшеница,0.8142120312562926,0.8088245432983403,0.8058672314990022
AOI-0054,2024-09-16,озимая пшеница,0.6983184867714565,0.707181615055385,0.7226007173184006
AOI-0054,2024-09-21,озимая пшеница,0.717336342694355,0.73812177397344,0.7462741108175258
AOI-0054,2024-09-29,озимая пшеница,0.6171357575671266,0.6271682353726789,0.6238227523616263
AOI-0054,2024-10-05,озимая пшеница,0.6500836211474524,0.6592970320731641,0.6726204887994175
AOI-0054,2024-10-30,озимая пшеница,0.6973254178300609,0.6927491028888537,0.6985421526928545
AOI-0057,2010-04-15,озимая пшеница,0.22725139635878921,0.2171650170420954,0.21420992046639498
AOI-0057,2010-04-30,озимая пшеница,0.2429722127458848,0.23229817327781102,0.22975670417633848
AOI-0057,2010-05-01,озимая пшеница,0.25429926651993173,0.25152984646753784,0.24898332857821748
AOI-0057,2010-05-08,озимая пшеница,0.291730808614249,0.2851364184984736,0.2831402841910987
AOI-0057,2010-06-10,озимая пшеница,0.694092724841929,0.6956672032905806,0.6974498680866347
AOI-0057,2010-07-27,озимая пшеница,0.6172863022120301,0.6137399988694363,0.6144982148747515
AOI-0057,2010-08-05,озимая пшеница,0.5792365805858442,0.577518428396992,0.5760637967023658
AOI-0057,2010-09-14,озимая пшеница,0.3541171664602427,0.34629016441343863,0.34232395101539626
AOI-0057,2011-05-25,озимая пшеница,0.8810823688496429,0.8865438199353098,0.8852812336741839
AOI-0057,2011-06-10,озимая пшеница,0.7885835619653778,0.7931242362777384,0.7854445124674355
AOI-0057,2011-06-13,озимая пшеница,0.7931132287746886,0.7934479996398038,0.7978035887604589
AOI-0057,2011-07-07,озимая пшеница,0.2841232622100515,0.2838225544766475,0.28785446390749614
AOI-0057,2011-08-08,озимая пшеница,0.4083383106609806,0.40659291665719655,0.40703468908303253
AOI-0057,2011-09-16,озимая пшеница,0.20831670214602827,0.203229124645729,0.20373177447479204
AOI-0057,2011-10-11,озимая пшеница,0.24121174571670967,0.23686307055465355,0.23371435611968763
AOI-0057,2012-07-16,озимая пшеница,0.8222487156156334,0.8190504712098762,0.8238713955689052
AOI-0057,2012-09-18,озимая пшеница,0.2179088203562257,0.21182216827321443,0.21083613982113816
AOI-0057,2013-04-07,озимая пшеница,0.7185216330315116,0.710265293504979,0.7120437491803676
AOI-0057,2013-09-14,озимая пшеница,0.30379089047958135,0.2992389918432255,0.3002283207875719
AOI-0057,2013-09-22,озимая пшеница,0.20576082285140926,0.2061217592116748,0.21466815992933416
AOI-0057,2014-04-17,озимая пшеница,0.3345823983818268,0.3323500873896869,0.33705757834550387
AOI-0057,2014-04-18,озимая пшеница,0.37516887170688973,0.38231979194145016,0.3831684474893577
AOI-0057,2014-04-25,озимая пшеница,0.6525238154663789,0.6435470060074713,0.6408196986611858
AOI-0057,2014-05-09,озимая пшеница,0.849056225928368,0.8566431938242072,0.8546385493997958
AOI-0057,2014-06-05,озимая пшеница,0.7806286138803924,0.7850353679804721,0.79590157386311
AOI-0057,2014-07-15,озимая пшеница,0.30211419201737,0.3025457280522592,0.3006360698117461
AOI-0057,2014-07-23,озимая пшеница,0.2841099289377094,0.2882463949184598,0.2909566403197953
AOI-0057,2014-08-16,озимая пшеница,0.22639565579307983,0.2283114708246139,0.2221848753577566
AOI-0057,2014-08-23,озимая пшеница,0.2160312813223472,0.21044017141759555,0.20867232092864182
AOI-0057,2014-10-02,озимая пшеница,0.2081842280381229,0.20238354189191549,0.20308261464782276
AOI-0057,2014-10-11,озимая пшеница,0.21467363020946129,0.21501415959169548,0.21664478492724998
AOI-0057,2014-10-16,озимая пшеница,0.2865297517367955,0.2746130754010368,0.2715975972146072
AOI-0057,2015-05-25,озимая пшеница,0.8902127581314154,0.896345729985407,0.889138004770334
AOI-0057,2015-10-30,озимая пшеница,0.17071603708967284,0.177744840796123,0.17890566094844
AOI-0057,2016-05-08,озимая пшеница,0.8967574733006544,0.9075452243296389,0.9045174850219025
AOI-0057,2016-06-26,озимая пшеница,0.3906350115784443,0.39657794638657196,0.3963592015014727
AOI-0057,2016-07-28,озимая пшеница,0.3197178732273355,0.3240801780606013,0.32466575635113337
AOI-0057,2016-08-12,озимая пшеница,0.46280131856805107,0.46066535621973326,0.4624623562657359
AOI-0057,2017-05-04,озимая пшеница,0.3395120373537246,0.33897932260896485,0.3352109094533353
AOI-0057,2017-05-06,озимая пшеница,0.31775465497755434,0.31859085086926964,0.3139331901686541
AOI-0057,2017-06-10,озимая пшеница,0.8006885373785316,0.8100723666575993,0.8091930468348509
AOI-0057,2017-07-30,озимая пшеница,0.8291260523628715,0.8282585401874327,0.8291784963301647
AOI-0057,2017-08-08,озимая пшеница,0.8135085240325889,0.816701159349905,0.8124754636420917
AOI-0057,2017-09-01,озимая пшеница,0.4572884816398414,0.4584037788186455,0.46130345407166806
AOI-0057,2017-09-14,озимая пшеница,0.4222159883572842,0.41989511043563627,0.41670194505799807
AOI-0057,2017-09-17,озимая пшеница,0.4082055164809993,0.41179049601720313,0.4165673036189718
AOI-0057,2017-09-25,озимая пшеница,0.305056201140077,0.3047033658730634,0.3079182111986191
AOI-0057,2018-04-11,озимая пшеница,0.581266273820174,0.5705574163018169,0.5662926845471191
AOI-0057,2018-05-06,озимая пшеница,0.8615878485653359,0.8605117906427142,0.8589145996258394
AOI-0057,2018-07-18,озимая пшеница,0.2192402709619695,0.22144472809160687,0.22846880888775364
AOI-0057,2018-08-02,озимая пшеница,0.25920795069829233,0.2603372693987943,0.2611500588706118
AOI-0057,2018-08-19,озимая пшеница,0.20535724961905222,0.20716996610312105,0.21046152494749498
AOI-0057,2018-08-26,озимая пшеница,0.2035389455192317,0.2014005180572902,0.2065585996287852
AOI-0057,2018-10-29,озимая пшеница,0.1965375955881956,0.1986526917958912,0.20506867236708837
AOI-0057,2019-04-11,озимая пшеница,0.2092555466727355,0.19797651029546295,0.19764448709520566
AOI-0057,2019-04-21,озимая пшеница,0.22829424290838182,0.22117150320814163,0.22132946107873772
AOI-0057,2019-05-01,озимая пшеница,0.37320939009393034,0.3653677383055689,0.3580126959239904
AOI-0057,2019-05-02,озимая пшеница,0.42743345381833525,0.43327180188465386,0.4308926342742357
AOI-0057,2019-05-06,озимая пшеница,0.39018406282308954,0.3861811213596937,0.3754805636277864
AOI-0057,2019-07-05,озимая пшеница,0.741490307737792,0.7335941648317843,0.7358951574748226
AOI-0057,2019-07-20,озимая пшеница,0.6474807519552802,0.6383525658034093,0.6352146496724017
AOI-0057,2019-08-05,озимая пшеница,0.3619891865153697,0.3663985607924064,0.37382439078401003
AOI-0057,2019-08-21,озимая пшеница,0.21019466577791368,0.20388680258062358,0.20383947978324754
AOI-0057,2019-08-24,озимая пшеница,0.19670182043496545,0.19265094554691164,0.1897813913558064
AOI-0057,2019-09-23,озимая пшеница,0.14661496707883093,0.13654095728720972,0.13745912745724526
AOI-0057,2019-10-13,озимая пшеница,0.1657052937025529,0.1609647070994501,0.16530489256015177
AOI-0057,2019-10-25,озимая пшеница,0.1618549974478325,0.16073351618574835,0.167749342192628
AOI-0057,2020-04-17,озимая пшеница,0.19590157331730748,0.19235961698630996,0.19174995350952131
AOI-0057,2020-08-15,озимая пшеница,0.15796137774713087,0.15113930666799016,0.15050392985854488
AOI-0057,2020-08-23,озимая пшеница,0.15726299166882585,0.1516309514496618,0.152190390351223
AOI-0057,2020-09-09,озимая пшеница,0.15619414604930648,0.1581169093896021,0.16314959881263627
AOI-0057,2020-09-13,озимая пшеница,0.2166877742709785,0.20965717464334838,0.21341252786514395
AOI-0057,2020-09-25,озимая пшеница,0.16739524993362156,0.16920635666672934,0.17426352983954835
AOI-0057,2020-09-27,озимая пшеница,0.12012557492592456,0.11915141406478792,0.12217550545536943
AOI-0057,2020-09-29,озимая пшеница,0.20087935033662965,0.19071598482309288,0.19398290961915143
AOI-0057,2020-10-03,озимая пшеница,0.14124053051438346,0.13483005319290084,0.13934315248446755
AOI-0057,2021-04-15,озимая пшеница,0.5240165146213837,0.516429870090504,0.5087500726536295
AOI-0057,2021-06-19,озимая пшеница,0.8110924399675693,0.8113173883470087,0.8121762895456042
AOI-0057,2021-08-13,озимая пшеница,0.3506241160553743,0.35148299953066436,0.3540232612746672
AOI-0057,2021-09-04,озимая пшеница,0.4122929006100547,0.4133342301844758,0.41759748125299806
AOI-0057,2022-05-27,озимая пшеница,0.614711483907455,0.6209732295998202,0.6279360244602699
AOI-0057,2022-06-26,озимая пшеница,0.28262382665642866,0.2804614697464559,0.2852109128194643
AOI-0057,2022-06-29,озимая пшеница,0.17031514964991304,0.16973189097899927,0.16957989242269608
AOI-0057,2022-07-09,озимая пшеница,0.19171510227338337,0.18596499922720122,0.1816764526558698
AOI-0057,2022-07-12,озимая пшеница,0.3121978316796523,0.3089093999649827,0.3008286748714055
AOI-0057,2022-07-28,озимая пшеница,0.27536015069964376,0.27419156500235764,0.27844885337741565
AOI-0057,2022-08-03,озимая пшеница,0.16428923443086116,0.15656813127580993,0.15690841171200848
AOI-0057,2022-08-13,озимая пшеница,0.19434938007565464,0.18730452241010137,0.18398302858597007
AOI-0057,2022-08-18,озимая пшеница,0.16154379027676832,0.15673903483396728,0.15960558994437352
AOI-0057,2022-09-14,озимая пшеница,0.1994969937727059,0.19338802749871753,0.19405730167216484
AOI-0057,2022-10-17,озимая пшеница,0.2584264103273453,0.2636545361846973,0.26313608579455694
AOI-0057,2023-04-26,озимая пшеница,0.880055457318187,0.8855676967139338,0.8855982730029887
AOI-0057,2023-05-04,озимая пшеница,0.9107716973334683,0.9089598795184354,0.9041491511492169
AOI-0057,2023-06-26,озимая пшеница,0.44883450004245234,0.4491105615553821,0.43710798483341573
AOI-0057,2023-07-12,озимая пшеница,0.44378095409689644,0.4469355466434833,0.4454692146143895
AOI-0057,2023-07-15,озимая пшеница,0.38111314719517253,0.388040498888986,0.3870530126851103
AOI-0057,2023-08-23,озимая пшеница,0.44168384690104884,0.43974966536491245,0.4396035968386165
AOI-0057,2023-09-10,озимая пшеница,0.27308835867779707,0.2738391337286043,0.28250375117895227
AOI-0057,2024-05-04,озимая пшеница,0.47618868815430876,0.4740654360695284,0.4658781913933041
AOI-0057,2024-05-06,озимая пшеница,0.5017996366279979,0.5023972162514714,0.49646898278889773
AOI-0057,2024-05-07,озимая пшеница,0.5475575402655619,0.5495589038031328,0.5416321856411983
AOI-0057,2024-05-22,озимая пшеница,0.6493468492650394,0.6481777933904297,0.6462915008716759
AOI-0057,2024-06-08,озимая пшеница,0.7873050069914042,0.7819278229463889,0.775722991027771
AOI-0057,2024-06-16,озимая пшеница,0.7642980625950271,0.7598850116035132,0.7538670320132418
AOI-0057,2024-06-24,озимая пшеница,0.7039852057062933,0.7063012077512922,0.7051513828953297
AOI-0057,2024-07-18,озимая пшеница,0.4123474178434832,0.4099987563049577,0.40584487950124404
AOI-0057,2024-07-28,озимая пшеница,0.37313114326480773,0.37081649126856164,0.37433792166281143
AOI-0057,2024-09-13,озимая пшеница,0.23246686453677293,0.22879892678309252,0.2255445416872035
AOI-0066,2010-07-13,озимая пшеница,0.6427994996566966,0.6444618893778262,0.6515165268385064
AOI-0066,2011-05-25,озимая пшеница,0.8448606437921654,0.8463971400476253,0.8412354787842958
AOI-0066,2012-04-13,озимая пшеница,0.5299357773166746,0.5368328611511757,0.527129380193591
AOI-0066,2012-07-11,озимая пшеница,0.33575526182550464,0.33917059051966886,0.34194109204717066
AOI-0066,2012-07-27,озимая пшеница,0.28350853105640045,0.2889676391881237,0.2919813390688024
AOI-0066,2012-09-20,озимая пшеница,0.21823533365111095,0.22191189138120973,0.21172761862968353
AOI-0066,2012-10-06,озимая пшеница,0.2983743801349119,0.30634164827964144,0.31486078381008614
AOI-0066,2012-10-22,озимая пшеница,0.3251007279503705,0.3292982544235615,0.34369782476430705
AOI-0066,2013-05-09,озимая пшеница,0.46719136658091914,0.47984248672268187,0.47242955957057853
AOI-0066,2013-05-25,озимая пшеница,0.5417772017966436,0.5574807092637805,0.5545067223941643
AOI-0066,2013-06-19,озимая пшеница,0.6241915662413913,0.624428997969467,0.6207048844410146
AOI-0066,2013-09-23,озимая пшеница,0.19508315626015812,0.19310857717479757,0.18748327326065503
AOI-0066,2013-10-09,озимая пшеница,0.1916063574354786,0.20252320738921886,0.2051697836115421
AOI-0066,2014-04-03,озимая пшеница,0.6002852253317703,0.5944584094133278,0.5937899013468829
AOI-0066,2014-10-04,озимая пшеница,0.3866645514780373,0.3926501353862967,0.4001243284019852
AOI-0066,2015-04-06,озимая пшеница,0.7421624001169422,0.7488433838811634,0.751694276293193
AOI-0066,2015-06-01,озимая пшеница,0.8481482489768887,0.8572188214179001,0.8542266653939597
AOI-0066,2015-07-27,озимая пшеница,0.3379673676122353,0.3388315323830076,0.3410002978899195
AOI-0066,2015-07-28,озимая пшеница,0.3372249790047746,0.34378444049505874,0.3430108361164894
AOI-0066,2015-09-29,озимая пшеница,0.2213342242785569,0.21985005339101912,0.21431818194709432
AOI-0066,2016-05-08,озимая пшеница,0.8807161162102898,0.8785376790868085,0.874350459046054
AOI-0066,2016-06-03,озимая пшеница,0.7800030370729129,0.7991841946806415,0.8094117297562268
AOI-0066,2016-06-19,озимая пшеница,0.4670409081009657,0.4701849347723765,0.47131091103742445
AOI-0066,2016-06-27,озимая пшеница,0.33421536069115515,0.3359459012415656,0.33539853938549347
AOI-0066,2016-07-11,озимая пшеница,0.33177433078566226,0.3486750826013512,0.34867959282344363
AOI-0066,2016-08-12,озимая пшеница,0.3484371600345484,0.3590925107560938,0.35673308360059364
AOI-0066,2016-08-22,озимая пшеница,0.2522058818098695,0.25705435868382753,0.26041447391697886
AOI-0066,2017-05-09,озимая пшеница,0.8886527261755308,0.8878487414493733,0.8850850185967499
AOI-0066,2017-06-10,озимая пшеница,0.8375631337769662,0.8359081248087818,0.8228880344901607
AOI-0066,2017-08-13,озимая пшеница,0.22721090383623166,0.2307985483187881,0.23994914940591325
AOI-0066,2017-08-21,озимая пшеница,0.1292465574861176,0.12822725936539192,0.1251924478971694
AOI-0066,2018-05-09,озимая пшеница,0.6043743419615533,0.6253573836906419,0.6352916111134614
AOI-0066,2018-06-01,озимая пшеница,0.7893782350001294,0.7974420269336945,0.7928942899301508
AOI-0066,2018-07-02,озимая пшеница,0.8006791271789213,0.8190824173435848,0.8209244921867166
AOI-0066,2018-09-05,озимая пшеница,0.21205276391709968,0.2181789751534945,0.21512857618408912
AOI-0066,2018-10-08,озимая пшеница,0.17880509988805815,0.1877533745599567,0.1919105145231161
AOI-0066,2018-10-13,озимая пшеница,0.18722583145172159,0.1934294588125466,0.19757638415861536
AOI-0066,2019-04-07,озимая пшеница,0.661485747261197,0.6805551989788557,0.6869567371410995
AOI-0066,2019-04-28,озимая пшеница,0.7901718211261262,0.7915986274202496,0.7903538252325001
AOI-0066,2019-05-11,озимая пшеница,0.8012104446944094,0.7932554589848924,0.7870290685684075
AOI-0066,2019-06-20,озимая пшеница,0.3338251342383985,0.3382007361689926,0.3313471721905779
AOI-0066,2019-07-02,озимая пшеница,0.18000719666872447,0.17935672845992093,0.17485327104667417
AOI-0066,2019-07-14,озимая пшеница,0.2222159844804722,0.2196731373626172,0.2216827821257986
AOI-0066,2019-08-11,озимая пшеница,0.18127736212891152,0.17291716057279766,0.1674679602354075
AOI-0066,2019-08-29,озимая пшеница,0.1813411637374123,0.18131222423693077,0.17847628684677128
AOI-0066,2019-10-15,озимая пшеница,0.5506367813230688,0.5474780640128987,0.5596669807490882
AOI-0066,2019-10-18,озимая пшеница,0.592744628181957,0.5975689230293542,0.6061859078631949
AOI-0066,2020-05-08,озимая пшеница,0.7149742605198935,0.7104990375774946,0.7121892473004785
AOI-0066,2020-05-24,озимая пшеница,0.6899132237589706,0.6883465974921575,0.691215622381772
AOI-0066,2020-05-30,озимая пшеница,0.6227602271133312,0.6316539219605777,0.6322694090202129
AOI-0066,2020-06-11,озимая пшеница,0.47197053433418185,0.46783216805642663,0.46672538073400255
AOI-0066,2020-07-11,озимая пшеница,0.2427430410685938,0.24928600439258736,0.25410084355655077
AOI-0066,2020-07-27,озимая пшеница,0.26818953335808066,0.2765022305411335,0.2876005199225288
AOI-0066,2020-08-09,озимая пшеница,0.2024030868284632,0.20435660146432547,0.20567212258268144
AOI-0066,2020-08-15,озимая пшеница,0.17561926284867843,0.17272217911582755,0.16607697594538962
AOI-0066,2020-09-07,озимая пшеница,0.1355522503688782,0.14633381323929562,0.14851019589919012
AOI-0066,2021-05-12,озимая пшеница,0.20292549026365103,0.19668436776744533,0.19545116957197955
AOI-0066,2021-08-05,озимая пшеница,0.6752868955084409,0.6795144877528466,0.6781164819394073
AOI-0066,2021-08-20,озимая пшеница,0.37017440972142657,0.37455427804558955,0.3744036584182032
AOI-0066,2021-08-23,озимая пшеница,0.34378719333015845,0.3500598095298592,0.35262994411846466
AOI-0066,2021-09-27,озимая пшеница,0.17882059152698856,0.18910460921210448,0.1943175389919199
AOI-0066,2021-10-16,озимая пшеница,0.2927280577000291,0.30786191036564403,0.3150254177960217
AOI-0066,2021-10-27,озимая пшеница,0.19190599436944325,0.1874220763071938,0.18542423796414817
AOI-0066,2022-04-23,озимая пшеница,0.8038885421497702,0.8135336049376058,0.8106715798698652
AOI-0066,2022-04-25,озимая пшеница,0.7567475536645117,0.76089061938531,0.7607151092798041
AOI-0066,2022-05-30,озимая пшеница,0.8833857830941887,0.8787696403345009,0.8782438460921909
AOI-0066,2022-06-04,озимая пшеница,0.8752370207646535,0.8786216008844164,0.873810597414136
AOI-0066,2022-07-12,озимая пшеница,0.26297800794124754,0.2695814851968466,0.270523399374854
AOI-0066,2022-07-21,озимая пшеница,0.141176870307106,0.14246750421077375,0.14534925856673897
AOI-0066,2022-07-22,озимая пшеница,0.20722364259057394,0.20830905326550567,0.21431016329033367
AOI-0066,2022-08-23,озимая пшеница,0.15473388551173195,0.16124391059488233,0.16430782770371746
AOI-0066,2022-09-08,озимая пшеница,0.18751902685572544,0.20247675204894827,0.2062769341049918
AOI-0066,2022-09-09,озимая пшеница,0.15025711940966657,0.15389009323095074,0.1551927819773044
AOI-0066,2022-09-18,озимая пшеница,0.168265077067879,0.1721015945863828,0.17034989806763426
AOI-0066,2022-09-27,озимая пшеница,0.1669188020223444,0.16728655611616072,0.16665674753835932
AOI-0066,2022-09-29,озимая пшеница,0.1694489967239413,0.17041629126356173,0.1681287321775578
AOI-0066,2022-10-02,озимая пшеница,0.16642683447099824,0.16435315906354978,0.16286414370204255
AOI-0066,2022-10-07,озимая пшеница,0.17702609546954606,0.18634945507479062,0.1886817584056639
AOI-0066,2022-10-18,озимая пшеница,0.2263930802757742,0.23803146953545357,0.23949716826924838
AOI-0066,2022-10-22,озимая пшеница,0.1716062432126162,0.17306814100291298,0.17541394497163446
AOI-0066,2023-04-04,озимая пшеница,0.320224658514031,0.32717480580346975,0.32395259578139873
AOI-0066,2023-04-07,озимая пшеница,0.46618617131746504,0.48780399548147646,0.4927972207674809
AOI-0066,2023-05-15,озимая пшеница,0.8325635196851454,0.8376942671236666,0.8347974510777983
AOI-0066,2023-06-07,озимая пшеница,0.8423509681697053,0.8445836784185089,0.842794244189832
AOI-0066,2023-06-10,озимая пшеница,0.7712668862316764,0.7686673955142685,0.7569298767781625
AOI-0066,2023-06-11,озимая пшеница,0.8013425091187285,0.7871906355085068,0.7822762056980672
AOI-0066,2023-06-26,озимая пшеница,0.41231851870981223,0.4087073178827299,0.4009604834802875
AOI-0066,2023-07-04,озимая пшеница,0.23007207832027357,0.22363087710505622,0.21927274274523173
AOI-0066,2023-07-26,озимая пшеница,0.3691546524560967,0.3645194758992748,0.36420248958251533
AOI-0066,2023-08-08,озимая пшеница,0.22114822726570527,0.21864322550876694,0.2137557645977048
AOI-0066,2023-08-10,озимая пшеница,0.261597243064516,0.2545464609990506,0.25808801579874524
AOI-0066,2023-08-13,озимая пшеница,0.25111524311961175,0.2515510655375669,0.24731607215997714
AOI-0066,2023-08-23,озимая пшеница,0.16546749643665024,0.168016376599802,0.16735860824990492
AOI-0066,2023-09-07,озимая пшеница,0.1533491764114865,0.1612311932276293,0.16339483638573246
AOI-0066,2023-09-30,озимая пшеница,0.2548513054783445,0.26179281934952714,0.268747941167256
AOI-0066,2023-10-13,озимая пшеница,0.23008945236189202,0.2348730688360226,0.2377961066817568
AOI-0066,2023-10-16,озимая пшеница,0.2637607186095761,0.28005656031351495,0.28732974811715933
AOI-0066,2024-04-06,озимая пшеница,0.7672780965104522,0.7812919506542519,0.7737204593425896
AOI-0066,2024-05-21,озимая пшеница,0.9125120010714132,0.9096212094721648,0.907278840686004
AOI-0066,2024-06-17,озимая пшеница,0.4841009290630252,0.4908642762863391,0.4909507923392979
AOI-0066,2024-06-23,озимая пшеница,0.2858775950187898,0.2849418350053962,0.27966999488915667
AOI-0066,2024-06-28,озимая пшеница,0.20995641554372999,0.20589635190554584,0.20185744960692775
AOI-0066,2024-07-05,озимая пшеница,0.16158661416327882,0.15415928479742563,0.14259734488816717
AOI-0066,2024-07-19,озимая пшеница,0.18453587741676256,0.18676296432286338,0.18969364511354514
AOI-0066,2024-08-09,озимая пшеница,0.13622552642133748,0.13258316430936493,0.1329236090819724
AOI-0066,2024-09-26,озимая пшеница,0.1413739257660429,0.14510424830245303,0.14810998382303758
AOI-0072,2010-04-07,зерновые,0.3299380277085562,0.3255218393322325,0.321519702482918
AOI-0072,2010-08-13,зерновые,0.2599829113220938,0.26075629830199537,0.2699337194890965
AOI-0072,2010-08-15,зерновые,0.16848336288058555,0.1654180877293872,0.16642596002841964
AOI-0072,2010-08-23,зерновые,0.19091903447904712,0.18826856018445107,0.1879402715234818
AOI-0072,2010-08-30,зерновые,0.20515700204840284,0.20420353984949938,0.2057441362299968
AOI-0072,2011-04-07,зерновые,0.2890008775906631,0.2870022757467714,0.2955709165866833
AOI-0072,2011-05-05,зерновые,0.27569142665239893,0.26811304877038494,0.2646531299964109
AOI-0072,2011-07-12,зерновые,0.23048464418289935,0.23164537219016612,0.24542056950617502
AOI-0072,2011-07-24,зерновые,0.17374101755779572,0.17092339095474357,0.16578755542704793
AOI-0072,2011-08-01,зерновые,0.17808514042859555,0.17618300307441934,0.17551818879740716
AOI-0072,2011-09-03,зерновые,0.195549894994943,0.1952271317976142,0.19706796485405167
AOI-0072,2012-04-06,зерновые,0.6198017776773327,0.6245785238288148,0.6242592232181431
AOI-0072,2012-10-15,зерновые,0.1627205995849389,0.1552892508673586,0.15274668626458604
AOI-0072,2013-04-16,зерновые,0.1729751740705773,0.170856439567301,0.16899768283355743
AOI-0072,2013-05-02,зерновые,0.20823263151731672,0.20336637834221552,0.19939873407319353
AOI-0072,2013-05-19,зерновые,0.23726439521280737,0.23060336215179014,0.23205226053685676
AOI-0072,2013-07-29,зерновые,0.20008331158756565,0.20224346531787335,0.20789334952619531
AOI-0072,2013-10-16,зерновые,0.2903957227609815,0.2875968253869236,0.2886042624688654
AOI-0072,2014-04-23,зерновые,0.6984814887781248,0.7108046831066921,0.7402032444350003
AOI-0072,2014-06-30,зерновые,0.2579049798498075,0.25768262793954966,0.2681534288543736
AOI-0072,2014-07-17,зерновые,0.23154381103639565,0.23020766584167027,0.23401924462823973
AOI-0072,2014-07-24,зерновые,0.23664242404967348,0.23682964255259517,0.24329240724266724
AOI-0072,2014-08-17,зерновые,0.21523645337660943,0.215043535691988,0.2216563042384196
AOI-0072,2014-08-29,зерновые,0.29725028058281927,0.2971255238347427,0.295393411092229
AOI-0072,2014-09-03,зерновые,0.2406372934403471,0.24125760861908327,0.247109856039219
AOI-0072,2014-09-26,зерновые,0.2705541048172549,0.2728903125539487,0.28452150793368575
AOI-0072,2014-10-28,зерновые,0.16044892778238115,0.16046605721745025,0.16661676001446918
AOI-0072,2014-10-29,зерновые,0.19286568671136872,0.19312562247292012,0.201480660869001
AOI-0072,2015-04-07,зерновые,0.24090027734491756,0.24076631266846676,0.2539204211722932
AOI-0072,2015-04-23,зерновые,0.2999454940692716,0.30257086282835555,0.3084351748742279
AOI-0072,2015-08-04,зерновые,0.15910248026792168,0.15933819290089948,0.16517729130819894
AOI-0072,2016-04-06,зерновые,0.7864885046696277,0.7928637688365561,0.7967018237573479
AOI-0072,2016-04-09,зерновые,0.7829352828678102,0.7859298601114775,0.7819610025691339
AOI-0072,2016-04-17,зерновые,0.8284268084181406,0.8319429323267044,0.8268817899471803
AOI-0072,2016-05-26,зерновые,0.7640395773279094,0.7712555889392192,0.7759659023703476
AOI-0072,2016-06-27,зерновые,0.27663690430978727,0.27739128328656815,0.28165942332983895
AOI-0072,2016-07-13,зерновые,0.195129216376259,0.1964082263493749,0.2020288309522038
AOI-0072,2016-08-22,зерновые,0.2755058770591772,0.27668063703314055,0.29291928504757375
AOI-0072,2016-09-29,зерновые,0.31259979584398007,0.31592621210244315,0.32417451897824634
AOI-0072,2017-04-03,зерновые,0.13173060488112084,0.1293335779360555,0.13459814196575964
AOI-0072,2017-04-23,зерновые,0.2745842305910577,0.2785959983831879,0.30683472626314295
AOI-0072,2017-05-29,зерновые,0.21446312891484554,0.20979367816693884,0.21369510597316302
AOI-0072,2017-05-30,зерновые,0.2141870803944673,0.210493647688523,0.2124060465465196
AOI-0072,2017-07-12,зерновые,0.2109528904215705,0.21267304361649844,0.22350257705858836
AOI-0072,2017-07-24,зерновые,0.17182339235070007,0.1721340088377435,0.17910356403632194
AOI-0072,2017-07-25,зерновые,0.1476279844513263,0.14608778147751972,0.15260010328937199
AOI-0072,2017-08-06,зерновые,0.128324564165152,0.12589848005557697,0.12694191272324537
AOI-0072,2017-08-29,зерновые,0.20865254857217128,0.20843692270349232,0.22385297529163503
AOI-0072,2017-09-03,зерновые,0.18344795113810244,0.184428408047818,0.1903386769703508
AOI-0072,2017-09-20,зерновые,0.3243883034268941,0.3228805203718447,0.3266885440213846
AOI-0072,2017-09-26,зерновые,0.4073261380191597,0.41183816337158535,0.42295584529772456
AOI-0072,2017-10-12,зерновые,0.5487542854662717,0.5529102546589402,0.5724906713707183
AOI-0072,2018-04-07,зерновые,0.5566138564101872,0.5610022675580354,0.5463632711668904
AOI-0072,2018-04-15,зерновые,0.6171465620190172,0.6211448554297759,0.6172231570502352
AOI-0072,2018-05-01,зерновые,0.7591662388490835,0.7618024595204301,0.77027663536846
AOI-0072,2018-05-03,зерновые,0.7486383450204221,0.7428041788071931,0.7583753183678243
AOI-0072,2018-06-07,зерновые,0.40509783063781124,0.40753399364412396,0.4118832475553537
AOI-0072,2018-08-05,зерновые,0.19313378112415314,0.19213445886400463,0.19825314239632758
AOI-0072,2018-08-28,зерновые,0.1677374708655024,0.1696479033500355,0.17246405740662213
AOI-0072,2018-09-06,зерновые,0.16803692746101526,0.16976824233307716,0.175248521078052
AOI-0072,2018-09-22,зерновые,0.15900792020457663,0.1625076120429763,0.1757893736940262
AOI-0072,2019-04-25,зерновые,0.2035265599298917,0.20443683634630327,0.21009263427441785
AOI-0072,2019-04-26,зерновые,0.16924900287882327,0.1651113084908854,0.16840852282686591
AOI-0072,2019-05-04,зерновые,0.21374837852462414,0.2109064250588651,0.21541895566925007
AOI-0072,2019-05-28,зерновые,0.18741509780841084,0.17918287069296515,0.1791687445564613
AOI-0072,2019-06-12,зерновые,0.15147429919667368,0.1465439276717669,0.144322921694637
AOI-0072,2019-07-14,зерновые,0.1677231620619309,0.16729216949367162,0.17046377638792498
AOI-0072,2019-07-17,зерновые,0.11746708794352723,0.11898641332593288,0.12268881048405753
AOI-0072,2019-08-06,зерновые,0.1457599641274102,0.14963293491358423,0.1437061690793995
AOI-0072,2019-08-16,зерновые,0.14676821655054068,0.14723078947969503,0.14862875667552908
AOI-0072,2019-09-09,зерновые,0.21452247052255943,0.2192958951589761,0.228488076128887
AOI-0072,2019-09-14,зерновые,0.2677178887002026,0.27186375570253896,0.28312886175188223
AOI-0072,2019-09-17,зерновые,0.19552944233333336,0.19859424960811498,0.2053534251228086
AOI-0072,2019-09-30,зерновые,0.3907746436414552,0.3984329377634285,0.4008023057451129
AOI-0072,2019-10-15,зерновые,0.6398764287433769,0.6409461664335294,0.6598431742602445
AOI-0072,2019-10-20,зерновые,0.7335513692726332,0.7391463784174038,0.7443190628753603
AOI-0072,2019-10-27,зерновые,0.724756094091536,0.7361215680055267,0.7311088074578833
AOI-0072,2020-04-06,зерновые,0.6880337049927965,0.6926980955638253,0.6990004086132134
AOI-0072,2020-04-27,зерновые,0.7340665610095561,0.73811719817704,0.7412207434475009
AOI-0072,2020-05-08,зерновые,0.7768557772222494,0.7833573034741597,0.7792811954418172
AOI-0072,2020-05-24,зерновые,0.7264695310173542,0.7351591957723423,0.7310920820443736
AOI-0072,2020-06-30,зерновые,0.23348016529830493,0.23706923755800896,0.24845898568095984
AOI-0072,2020-09-19,зерновые,0.09951367613761575,0.09873981743562789,0.10975699493741847
AOI-0072,2020-09-24,зерновые,0.1190368020032298,0.12056598348442539,0.12765283176274697
AOI-0072,2020-09-26,зерновые,0.12843810353490323,0.13160701676493336,0.138724787824957
AOI-0072,2020-10-05,зерновые,0.1233893716103318,0.1257206304779962,0.1356044220287728
AOI-0072,2020-10-14,зерновые,0.1184894943785088,0.11826702838237747,0.12994295607401665
AOI-0072,2020-10-21,зерновые,0.12833752321586175,0.12779251365955632,0.1391054965794464
AOI-0072,2021-04-22,зерновые,0.17581843474790093,0.1726463277780353,0.16411331617651032
AOI-0072,2021-07-11,зерновые,0.19009212617655555,0.18714800210792978,0.18611283392087843
AOI-0072,2021-08-29,зерновые,0.31048483965156715,0.3142408827204146,0.3335218636139307
AOI-0072,2022-04-10,зерновые,0.17515737033205334,0.17364759724850312,0.1757634346932247
AOI-0072,2022-04-26,зерновые,0.23119776878203294,0.2325004160978769,0.23919316396900447
AOI-0072,2022-06-29,зерновые,0.150857400737743,0.14875180803155238,0.15157149013088025
AOI-0072,2022-07-15,зерновые,0.17111596268978335,0.17492417687354783,0.18011616780040016
AOI-0072,2022-08-23,зерновые,0.13253797244596688,0.12960186486884212,0.1363437779624504
AOI-0072,2022-08-27,зерновые,0.1750711800055568,0.17679124018671125,0.17556195447232173
AOI-0072,2023-04-29,зерновые,0.8203841169923619,0.8285608945200035,0.8268838487208611
AOI-0072,2023-06-25,зерновые,0.27027216821987093,0.2727443577760536,0.2850234770157225
AOI-0072,2023-07-21,зерновые,0.17001808661039078,0.1686471550001026,0.16906844213520603
AOI-0072,2023-07-22,зерновые,0.19472161228968266,0.19806658990171333,0.2058644349389406
AOI-0072,2023-07-26,зерновые,0.19343494801467434,0.1918161539181858,0.19240592500734804
AOI-0072,2023-08-02,зерновые,0.20495424832856932,0.20702753027448906,0.21337147483810326
AOI-0072,2023-08-03,зерновые,0.19043682081324778,0.18842393055293494,0.1939288087398451
AOI-0072,2023-08-05,зерновые,0.184585500608026,0.1837913333920689,0.1833217463383563
AOI-0072,2023-08-13,зерновые,0.25880182913478583,0.25469802981565726,0.2421384593219087
AOI-0072,2023-08-23,зерновые,0.23428839102699459,0.23284564136361266,0.2445497463982828
AOI-0072,2023-09-19,зерновые,0.21989386566845082,0.22084451439016856,0.23143361942373888
AOI-0072,2023-10-29,зерновые,0.21965446725814974,0.21559177582662506,0.2203704438660663
AOI-0072,2024-04-01,зерновые,0.1694756322909082,0.16613919733959054,0.15814911479625643
AOI-0072,2024-05-09,зерновые,0.20948524337541863,0.20634851308935753,0.20442059125635276
AOI-0072,2024-05-21,зерновые,0.15658201549081344,0.14533245763583963,0.14248318677930413
AOI-0072,2024-06-09,зерновые,0.23391679384611122,0.2366419279843064,0.25161102911874433
AOI-0072,2024-06-30,зерновые,0.1409095551768175,0.1412392900862196,0.14146204641265595
AOI-0072,2024-07-11,зерновые,0.1930959596688485,0.194949148743595,0.1967135467983821
AOI-0072,2024-07-25,зерновые,0.11563324718324053,0.1238058941735853,0.12719036659842936
AOI-0072,2024-08-20,зерновые,0.16064331138065227,0.1647920116656575,0.1706357049393249
AOI-0072,2024-09-08,зерновые,0.1373368969729325,0.14048081866788448,0.14900305038433484
AOI-0072,2024-09-22,зерновые,0.1853056194645222,0.1920682628882631,0.1995412070192294
AOI-0072,2024-09-30,зерновые,0.1326196317903385,0.1345352028233298,0.14052266627966242
AOI-0078,2010-04-15,озимая пшеница,0.21462672003716235,0.2105385551594264,0.20418518587709622
AOI-0078,2010-05-01,озимая пшеница,0.32251252172739375,0.3256024061011428,0.3233199284902306
AOI-0078,2010-06-09,озимая пшеница,0.6626164374444815,0.6688518814416009,0.6704421130184133
AOI-0078,2010-07-04,озимая пшеница,0.42262830884574415,0.42388188741290334,0.4227288986407081
AOI-0078,2011-04-01,озимая пшеница,0.24707093960744833,0.2505323786833561,0.2382662647132045
AOI-0078,2011-07-06,озимая пшеница,0.7479128199910242,0.7537807936850621,0.7477177488108693
AOI-0078,2011-08-08,озимая пшеница,0.6814538229657696,0.675113043621579,0.6783025013878119
AOI-0078,2011-08-13,озимая пшеница,0.5443141418155814,0.5576394699185778,0.5538464658748624
AOI-0078,2011-09-14,озимая пшеница,0.468322240909945,0.48468929494131624,0.491488341047177
AOI-0078,2011-09-17,озимая пшеница,0.40708251517648203,0.41367309945433883,0.4178365928724001
AOI-0078,2011-09-24,озимая пшеница,0.3943384225519373,0.40241557162085895,0.4048009684053929
AOI-0078,2012-06-07,озимая пшеница,0.6760841565141069,0.6697759345531311,0.6576834680308474
AOI-0078,2012-09-27,озимая пшеница,0.3222678854038509,0.3211949493946412,0.3202663716939724
AOI-0078,2012-10-04,озимая пшеница,0.2605489258483471,0.2629109647562029,0.2593336723386203
AOI-0078,2013-04-03,озимая пшеница,0.2106802494697282,0.20550739626485814,0.19935067522047642
AOI-0078,2013-07-11,озимая пшеница,0.3833572538340733,0.3893290911598407,0.3871356277764336
AOI-0078,2013-07-28,озимая пшеница,0.5215614773110794,0.5267103526673913,0.5218911164037076
AOI-0078,2013-08-29,озимая пшеница,0.4133601209661912,0.42673703116515377,0.4337535776472858
AOI-0078,2013-10-16,озимая пшеница,0.40846122019900366,0.4250822285828714,0.41928543080154684
AOI-0078,2014-06-26,озимая пшеница,0.7889841224594721,0.7904013326659676,0.7846592412052605
AOI-0078,2014-07-31,озимая пшеница,0.6910935291643036,0.672248199665289,0.6746793237621878
AOI-0078,2015-07-01,озимая пшеница,0.44207834991229955,0.4487659643032128,0.45205740906360503
AOI-0078,2015-09-11,озимая пшеница,0.261689308739973,0.2641874910084968,0.2588852701493005
AOI-0078,2016-04-22,озимая пшеница,0.40527766522553205,0.40613178370912256,0.40956656560150617
AOI-0078,2016-07-04,озимая пшеница,0.8196080172938295,0.8175822250280322,0.816644644532632
AOI-0078,2016-09-22,озимая пшеница,0.725473443281631,0.7245349104642435,0.7115811362413679
AOI-0078,2016-10-24,озимая пшеница,0.44501035758931834,0.4355817032772103,0.44355931450582786
AOI-0078,2017-04-29,озимая пшеница,0.23784607594935148,0.2431042387002454,0.24102862926647486
AOI-0078,2017-05-03,озимая пшеница,0.2547730023843406,0.2639177387341184,0.2661724909569207
AOI-0078,2017-05-06,озимая пшеница,0.22269380033018873,0.2347124142943242,0.22606476658251798
AOI-0078,2017-05-09,озимая пшеница,0.4673650304330135,0.47506592583187157,0.47811177267039845
AOI-0078,2017-09-30,озимая пшеница,0.2894526150490792,0.2997553837516855,0.30337405581842164
AOI-0078,2018-06-07,озимая пшеница,0.788861287093221,0.789810797888633,0.7812120444183976
AOI-0078,2018-06-18,озимая пшеница,0.6516744371525894,0.6492212023671532,0.6429974977615954
AOI-0078,2018-07-10,озимая пшеница,0.3308763604025427,0.32467524367669354,0.32648523469644064
AOI-0078,2018-08-10,озимая пшеница,0.3714779695176629,0.3782854572587691,0.38690323584931674
AOI-0078,2018-09-12,озимая пшеница,0.22571505190347343,0.22154611019361473,0.21729451313525
AOI-0078,2018-09-28,озимая пшеница,0.2280205949396484,0.2227461018402301,0.21569287448971577
AOI-0078,2018-10-01,озимая пшеница,0.23423327525430207,0.23047106368636266,0.22886709614389125
AOI-0078,2018-10-14,озимая пшеница,0.20845971543727074,0.2069687630170121,0.20510270736312253
AOI-0078,2019-04-07,озимая пшеница,0.3066948184804706,0.3116699205938192,0.31621403886587063
AOI-0078,2019-04-23,озимая пшеница,0.2478985061752086,0.24982790656115794,0.25396839553212286
AOI-0078,2019-05-06,озимая пшеница,0.22188508215497627,0.2243192391710534,0.21943226424030665
AOI-0078,2019-05-16,озимая пшеница,0.27024604930059976,0.273130991095369,0.2636094409049104
AOI-0078,2019-05-24,озимая пшеница,0.39791801242366276,0.39189955153422934,0.3806555110480216
AOI-0078,2019-06-02,озимая пшеница,0.5014066694068795,0.5020197967517356,0.4980613044566172
AOI-0078,2019-06-10,озимая пшеница,0.6517640583168842,0.6444710188901199,0.6412284171274554
AOI-0078,2019-06-13,озимая пшеница,0.6188382817387756,0.6029871798966625,0.5972492081366927
AOI-0078,2019-06-25,озимая пшеница,0.6616714555728098,0.6531305865632103,0.6447544875208345
AOI-0078,2019-07-04,озимая пшеница,0.6511347644637205,0.6383714091128263,0.6309646056274757
AOI-0078,2019-07-23,озимая пшеница,0.7329739303745232,0.7239894862595022,0.7235816670873868
AOI-0078,2019-07-28,озимая пшеница,0.76524990359267,0.7710790830842974,0.7686217842182828
AOI-0078,2019-08-07,озимая пшеница,0.7962990431793678,0.7847917712841379,0.7879698754965212
AOI-0078,2019-08-09,озимая пшеница,0.7736070651125537,0.7650922498199498,0.7665638415934168
AOI-0078,2019-08-21,озимая пшеница,0.8811298431079665,0.8849587015741696,0.8770248453000312
AOI-0078,2019-08-29,озимая пшеница,0.835698602466666,0.8522386644643309,0.8401171769786268
AOI-0078,2019-09-13,озимая пшеница,0.7997454231888786,0.7997632211766486,0.7916628532002848
AOI-0078,2019-09-28,озимая пшеница,0.49567930670892596,0.4915027388605051,0.48498974040936704
AOI-0078,2019-10-16,озимая пшеница,0.4050345241907931,0.4183945630475644,0.42192979093756056
AOI-0078,2020-04-05,озимая пшеница,0.1930666142368237,0.19169700923978755,0.18225358905845085
AOI-0078,2020-04-06,озимая пшеница,0.3724573399808242,0.37348894739956207,0.3754851547590645
AOI-0078,2020-04-23,озимая пшеница,0.40811792879841535,0.4043051698984682,0.4014905942281168
AOI-0078,2020-05-19,озимая пшеница,0.7690629048742926,0.7749414855879191,0.7809777779557243
AOI-0078,2020-06-12,озимая пшеница,0.8547223384630224,0.8531936465226354,0.851803804668674
AOI-0078,2020-06-28,озимая пшеница,0.36951668426533724,0.3560972222558337,0.35429097397294534
AOI-0078,2020-07-24,озимая пшеница,0.1824973456043981,0.17399701918859917,0.17001961248402003
AOI-0078,2020-08-06,озимая пшеница,0.24009125615482763,0.24416254340687493,0.24292879629255124
AOI-0078,2020-08-08,озимая пшеница,0.1848261397862284,0.1728534760606467,0.1714681326980915
AOI-0078,2020-08-12,озимая пшеница,0.2806054559350237,0.28341722285597565,0.29123522032810906
AOI-0078,2020-09-08,озимая пшеница,0.17873196098264046,0.18098081520209852,0.17977843323207787
AOI-0078,2020-09-15,озимая пшеница,0.16990066144379065,0.16972237170252077,0.16218585058656207
AOI-0078,2020-09-24,озимая пшеница,0.1380046457960515,0.13190440339649745,0.13159056734843974
AOI-0078,2020-09-25,озимая пшеница,0.16790144101995982,0.16133552421884362,0.16376633185767808
AOI-0078,2020-10-15,озимая пшеница,0.18967020105765223,0.2000236344740988,0.2018164733001318
AOI-0078,2020-10-22,озимая пшеница,0.0863248820521747,0.08146734324032037,0.07840972737187225
AOI-0078,2020-10-26,озимая пшеница,0.1374355410600184,0.12750177128249093,0.1250217970481047
AOI-0078,2021-04-10,озимая пшеница,0.11916328416783271,0.10740549620255173,0.0980364709677445
AOI-0078,2021-05-14,озимая пшеница,0.31152875529873425,0.3113737155881213,0.3035020048714024
AOI-0078,2021-05-15,озимая пшеница,0.28362603351950616,0.29167752887760123,0.2801593150524436
AOI-0078,2021-05-25,озимая пшеница,0.576642949455959,0.5692994664876316,0.5761856385201671
AOI-0078,2021-06-17,озимая пшеница,0.764265714502821,0.7603257311417594,0.7537782297474
AOI-0078,2021-06-22,озимая пшеница,0.7767209920567614,0.7681954571185335,0.7591870434749125
AOI-0078,2021-06-23,озимая пшеница,0.8052893942708329,0.8004318280162924,0.7951477557142443
AOI-0078,2021-06-26,озимая пшеница,0.7339937660140947,0.7374288998265676,0.731042586123376
AOI-0078,2021-07-09,озимая пшеница,0.7319195690406168,0.7285481758797379,0.7218537261183692
AOI-0078,2021-08-01,озимая пшеница,0.5585769357627789,0.5541141675110305,0.5454750074883659
AOI-0078,2021-08-21,озимая пшеница,0.5034422561067513,0.5034334527580644,0.5047092551450633
AOI-0078,2021-08-29,озимая пшеница,0.5820611282731063,0.5956729305662866,0.5983507821737416
AOI-0078,2021-09-03,озимая пшеница,0.5794918236482273,0.5819615739632102,0.5866206674295663
AOI-0078,2021-09-15,озимая пшеница,0.5505631519347555,0.548749805991768,0.5448738130871268
AOI-0078,2021-10-27,озимая пшеница,0.25288356905673487,0.24908781335822927,0.25154803805429293
AOI-0078,2021-10-30,озимая пшеница,0.2594174640583039,0.2501323549103266,0.25364655859020235
AOI-0078,2022-04-07,озимая пшеница,0.3824525630887323,0.37602006554345774,0.3615445091625687
AOI-0078,2022-05-03,озимая пшеница,0.6480569300545789,0.6459602485542303,0.6444980744374763
AOI-0078,2022-06-19,озимая пшеница,0.746627880415572,0.7523242238544631,0.7480859463366191
AOI-0078,2022-06-27,озимая пшеница,0.5731640186680218,0.5653559916561439,0.5603694402718207
AOI-0078,2022-07-17,озимая пшеница,0.26268877853666944,0.2540836465456019,0.24754570979212878
AOI-0078,2022-07-24,озимая пшеница,0.1841967787361062,0.17235060719760545,0.1669493123789124
AOI-0078,2022-08-01,озимая пшеница,0.18425894480774152,0.15289262069104437,0.15381229199512747
AOI-0078,2022-09-17,озимая пшеница,0.1781618405043436,0.17414592903604736,0.1733536402694043
AOI-0078,2022-09-20,озимая пшеница,0.23359208955055855,0.23640724509434513,0.24281346373422602
AOI-0078,2022-10-01,озимая пшеница,0.3587118063840576,0.3502630284373441,0.35509580542067215
AOI-0078,2022-10-08,озимая пшеница,0.38554119374630585,0.3974430272116562,0.4106263588899345
AOI-0078,2022-10-15,озимая пшеница,0.5028530982237744,0.5122500049078814,0.517452542980695
AOI-0078,2023-05-12,озимая пшеница,0.8392579229998015,0.8263317508818147,0.8249977196176358
AOI-0078,2023-06-02,озимая пшеница,0.8528648827030523,0.848036359098889,0.8442129325723815
AOI-0078,2023-07-02,озимая пшеница,0.6006400835165481,0.588694668514716,0.5798695767481332
AOI-0078,2023-07-31,озимая пшеница,0.21830504655155805,0.20856533679186293,0.20324091403026087
AOI-0078,2023-08-03,озимая пшеница,0.17381602855272527,0.16311605574631088,0.15995800333530272
AOI-0078,2023-08-29,озимая пшеница,0.3582296688035012,0.3714881615257057,0.37996445793514627
AOI-0078,2023-09-29,озимая пшеница,0.1510433200400297,0.14127209654081782,0.14148322219833132
AOI-0078,2023-10-03,озимая пшеница,0.1701022474455219,0.17120080796477494,0.1711835986265004
AOI-0078,2024-04-04,озимая пшеница,0.21007430749621847,0.202025522261456,0.19324369778530345
AOI-0078,2024-04-13,озимая пшеница,0.26394646225620955,0.267927250231592,0.2668535744053054
AOI-0078,2024-04-14,озимая пшеница,0.2125767001595856,0.2143273931668367,0.2144059985502377
AOI-0078,2024-04-22,озимая пшеница,0.481857396577555,0.4900469014895492,0.477719332949045
AOI-0078,2024-05-04,озимая пшеница,0.43344384937088193,0.4380303540872844,0.4343370192046307
AOI-0078,2024-05-06,озимая пшеница,0.43932536797900346,0.43951090837507545,0.4358728619721043
AOI-0078,2024-05-17,озимая пшеница,0.5831138148231086,0.5822898845100696,0.5755353866407452
AOI-0078,2024-05-19,озимая пшеница,0.5788909107207437,0.5682179044041745,0.5624021644112782
AOI-0078,2024-05-29,озимая пшеница,0.6350615219518075,0.6310775229994738,0.6270379070710808
AOI-0078,2024-06-09,озимая пшеница,0.5911103445594862,0.592791691579184,0.5892905223099726
AOI-0078,2024-06-25,озимая пшеница,0.38965390720377197,0.3878929785441366,0.37645438270219117
AOI-0078,2024-07-08,озимая пшеница,0.251845723723527,0.24525842094845596,0.2382542754294814
AOI-0078,2024-07-13,озимая пшеница,0.22518067467003322,0.21432154750671464,0.20942398421796912
AOI-0078,2024-07-17,озимая пшеница,0.30137987057163473,0.2961515522854225,0.29157818628975796
AOI-0078,2024-07-25,озимая пшеница,0.3085340993976396,0.294724280385783,0.2858504648429378
AOI-0078,2024-08-18,озимая пшеница,0.29928864632098123,0.30396276656955373,0.30827179283765427
AOI-0078,2024-08-26,озимая пшеница,0.2333750367753328,0.2310591421218541,0.22951034991515407
AOI-0078,2024-09-21,озимая пшеница,0.17239747279367598,0.17149204020122685,0.16896553467171613
AOI-0078,2024-10-22,озимая пшеница,0.25209944515981236,0.25359754454726197,0.2534946781541414
AOI-0078,2024-10-30,озимая пшеница,0.21460027519389954,0.2020848023046654,0.2019308538376041
