anon_polygon_id,date,primary_ndvi_true
AOI-0001,2010-08-29,0.22646037878110686
AOI-0001,2010-10-25,0.17793452943505714
AOI-0001,2011-06-13,0.6496094799214642
AOI-0001,2011-09-18,0.26260734853464374
AOI-0001,2011-09-26,0.27281707351936824
AOI-0001,2011-09-30,0.39893160646737047
AOI-0001,2012-05-24,0.7109262210475753
AOI-0001,2012-07-09,0.23646329324643056
AOI-0001,2012-07-11,0.3386985862624904
AOI-0001,2012-08-10,0.17808343545108865
AOI-0001,2012-08-12,0.3132863440177999
AOI-0001,2012-10-15,0.3700446382355144
AOI-0001,2013-05-01,0.8326806347920461
AOI-0001,2013-07-12,0.34183237858697046
AOI-0001,2013-09-30,0.5688470275520982
AOI-0001,2014-04-18,0.2330539018107599
AOI-0001,2014-05-25,0.6894662560979807
AOI-0001,2014-06-26,0.8080125879220226
AOI-0001,2014-07-15,0.7384227511931138
AOI-0001,2014-07-28,0.5807802029071658
AOI-0001,2014-08-09,0.3954912099427095
AOI-0001,2014-08-13,0.37582402004735366
AOI-0001,2014-10-03,0.2023587082790103
AOI-0001,2014-10-16,0.3096929631961722
AOI-0001,2015-04-13,0.44147973788255096
AOI-0001,2015-08-11,0.21214617518174278
AOI-0001,2015-08-12,0.20070717515679073
AOI-0001,2015-08-27,0.2188114916649388
AOI-0001,2015-09-20,0.1852409417435507
AOI-0001,2015-09-28,0.20091865589643823
AOI-0001,2016-06-27,0.2919665379699594
AOI-0001,2016-07-04,0.2905473380140181
AOI-0001,2016-07-20,0.3120274442038007
AOI-0001,2016-07-27,0.372976871147268
AOI-0001,2016-08-29,0.2949366224727593
AOI-0001,2016-08-30,0.26079083132273173
AOI-0001,2016-09-15,0.4955273986368589
AOI-0001,2016-09-29,0.7048908161543037
AOI-0001,2017-05-12,0.7334080715171276
AOI-0001,2017-06-29,0.5680079655947048
AOI-0001,2017-07-12,0.47032757015250204
AOI-0001,2017-08-09,0.2999455215891212
AOI-0001,2017-08-29,0.262092528047346
AOI-0001,2017-09-08,0.20999351932401225
AOI-0001,2017-09-14,0.29039989516111486
AOI-0001,2018-04-05,0.48588172900629023
AOI-0001,2018-04-23,0.8009371569622639
AOI-0001,2018-05-01,0.8059500688111443
AOI-0001,2018-06-08,0.6934568279526817
AOI-0001,2018-07-12,0.31223618821821375
AOI-0001,2018-09-28,0.17218177698808246
AOI-0001,2018-10-13,0.1734306072326396
AOI-0001,2019-05-11,0.5247676097411267
AOI-0001,2019-05-31,0.710576506964421
AOI-0001,2019-06-04,0.7128510994048927
AOI-0001,2019-06-05,0.6953913064533002
AOI-0001,2019-06-25,0.37012829180145346
AOI-0001,2019-07-12,0.46205156437093076
AOI-0001,2019-07-22,0.4148196968723701
AOI-0001,2019-07-29,0.43155511432451943
AOI-0001,2019-08-30,0.24161769366756
AOI-0001,2019-09-07,0.2473820915257671
AOI-0001,2019-09-08,0.22365021241123284
AOI-0001,2019-09-18,0.14019526015895162
AOI-0001,2020-04-03,0.534726379193244
AOI-0001,2020-04-26,0.6872926595936666
AOI-0001,2020-05-30,0.82331541875784
AOI-0001,2020-06-09,0.7679676639600064
AOI-0001,2020-07-14,0.16333631300452173
AOI-0001,2020-07-23,0.2441515448712917
AOI-0001,2020-07-27,0.28714119875282934
AOI-0001,2020-08-08,0.1926552762120879
AOI-0001,2020-09-01,0.3067918025059684
AOI-0001,2020-09-02,0.2791310678086824
AOI-0001,2020-09-12,0.23314391032075701
AOI-0001,2020-09-22,0.22020346758639855
AOI-0001,2020-09-29,0.2511422792017638
AOI-0001,2020-10-11,0.20338837400229517
AOI-0001,2020-10-12,0.17443954861733502
AOI-0001,2020-10-19,0.17082868114491995
AOI-0001,2021-05-15,0.5105616362021924
AOI-0001,2021-05-20,0.5011796121614271
AOI-0001,2021-06-10,0.6641785743830144
AOI-0001,2021-07-02,0.634560404011804
AOI-0001,2021-07-24,0.6478667718787047
AOI-0001,2021-09-17,0.21627904156785877
AOI-0001,2022-04-25,0.6522041654130045
AOI-0001,2022-06-03,0.7817755667266317
AOI-0001,2022-09-02,0.24090084347985585
AOI-0001,2022-09-30,0.2584241525028411
AOI-0001,2022-10-01,0.20384839026382426
AOI-0001,2022-10-17,0.19317168825672942
AOI-0001,2023-05-25,0.8444498896880599
AOI-0001,2023-06-23,0.8075889290572622
AOI-0001,2023-07-15,0.26387203864622755
AOI-0001,2023-07-29,0.18470178902411014
AOI-0001,2023-08-03,0.21495172001894475
AOI-0001,2023-08-08,0.20064601696315254
AOI-0001,2023-08-13,0.2805122539405939
AOI-0001,2023-08-17,0.24865896409498336
AOI-0001,2023-08-28,0.21078624486013792
AOI-0001,2023-08-29,0.29592154062075154
AOI-0001,2023-09-12,0.22338958443216894
AOI-0001,2024-04-06,0.7339138370321796
AOI-0001,2024-05-24,0.77873017908868
AOI-0001,2024-06-01,0.7287886110391433
AOI-0001,2024-06-03,0.7156505686743855
AOI-0001,2024-06-09,0.6015484372997508
AOI-0001,2024-06-13,0.5907639332547581
AOI-0001,2024-06-17,0.580141110119944
AOI-0001,2024-06-23,0.3695098274492007
AOI-0001,2024-06-25,0.39049747997090717
AOI-0001,2024-07-03,0.2841168671966801
AOI-0001,2024-09-11,0.15916777486423964
AOI-0001,2024-09-13,0.21866188789087804
AOI-0001,2024-09-16,0.15916618865846188
AOI-0001,2024-09-29,0.2282803107979495
AOI-0001,2025-04-23,0.46156691667440564
AOI-0001,2025-05-03,0.37147218033662444
AOI-0001,2025-06-03,0.44865429084800384
AOI-0001,2025-06-27,0.6132552958475816
AOI-0001,2025-07-05,0.5621561132446493
AOI-0001,2025-07-12,0.4616991491732708
AOI-0001,2025-07-13,0.41977904099024926
AOI-0001,2025-07-23,0.40665788318049034
AOI-0001,2025-07-28,0.3853055306645151
AOI-0001,2025-07-29,0.39901738643258755
AOI-0001,2025-08-02,0.29942847427560726
AOI-0001,2025-10-28,0.2130572001881356
AOI-0002,2025-05-03,0.8221140056811496
AOI-0002,2025-06-03,0.5512536871631776
AOI-0002,2025-06-26,0.44881373943845126
AOI-0002,2025-07-29,0.25065803733598313
AOI-0002,2025-08-02,0.17339797663129597
AOI-0002,2025-08-13,0.25968169599655555
AOI-0002,2025-08-19,0.17171110271349047
AOI-0003,2025-04-01,0.5407723942978129
AOI-0003,2025-04-18,0.8545933669331854
AOI-0003,2025-04-19,0.8563609899986571
AOI-0003,2025-05-06,0.8007769774088984
AOI-0003,2025-06-04,0.755725598557573
AOI-0003,2025-06-13,0.5946083128841754
AOI-0003,2025-07-07,0.19332098926996177
AOI-0003,2025-07-13,0.19147049817328723
AOI-0003,2025-07-15,0.1771904250503486
AOI-0003,2025-08-04,0.20968569785042615
AOI-0003,2025-08-07,0.17815612822251442
AOI-0003,2025-08-14,0.18633683230104786
AOI-0003,2025-08-22,0.16054270760837402
AOI-0003,2025-08-23,0.1991232233612934
AOI-0004,2025-04-23,0.6856523186477637
AOI-0004,2025-05-04,0.6127713155445937
AOI-0004,2025-05-24,0.669930456234876
AOI-0004,2025-05-25,0.7382019141373857
AOI-0004,2025-06-30,0.5988873044633548
AOI-0004,2025-07-12,0.49977666000576765
AOI-0004,2025-07-23,0.4808307129129268
AOI-0004,2025-08-02,0.40586064917376397
AOI-0004,2025-09-14,0.3815637504590874
AOI-0004,2025-09-23,0.32126389025388413
AOI-0005,2025-05-01,0.6511439537512885
AOI-0005,2025-05-03,0.6720533581112161
AOI-0005,2025-05-14,0.5179669915239875
AOI-0005,2025-06-11,0.6120231199460067
AOI-0005,2025-07-21,0.4225848127407457
AOI-0005,2025-08-17,0.30761034360742523
AOI-0005,2025-09-01,0.24797173636083758
AOI-0006,2025-04-01,0.20696563046762423
AOI-0006,2025-05-09,0.4277220903630673
AOI-0006,2025-05-25,0.6078373302818721
AOI-0006,2025-07-28,0.41138786989667053
AOI-0006,2025-08-09,0.28026025217877953
AOI-0006,2025-08-22,0.25675514605047456
AOI-0006,2025-08-30,0.2521622230494709
AOI-0006,2025-09-07,0.20710324234670627
AOI-0006,2025-10-28,0.20675726891000634
AOI-0007,2025-04-01,0.19189598283780412
AOI-0007,2025-04-18,0.25691950532982355
AOI-0007,2025-04-29,0.35187536497502114
AOI-0007,2025-05-01,0.37051665021604063
AOI-0007,2025-06-26,0.3523124113033004
AOI-0007,2025-07-28,0.16669700243019894
AOI-0007,2025-08-13,0.24330763215763376
AOI-0007,2025-08-14,0.15331896718953067
AOI-0007,2025-08-16,0.17144154904247877
AOI-0007,2025-09-11,0.15638854188323584
AOI-0007,2025-09-26,0.18075510066376416
AOI-0008,2025-04-17,0.8521600476820868
AOI-0008,2025-04-24,0.7799125374071647
AOI-0008,2025-05-19,0.8058280348819817
AOI-0008,2025-07-08,0.2153396164809634
AOI-0008,2025-07-15,0.17780350667790948
AOI-0008,2025-07-17,0.1879816848301415
AOI-0008,2025-08-13,0.2476626826897566
AOI-0008,2025-09-01,0.14668254866910874
AOI-0008,2025-09-30,0.2526910168313466
AOI-0008,2025-10-16,0.2467107490489043
AOI-0009,2025-04-01,0.7241901633109609
AOI-0009,2025-04-23,0.809453401210023
AOI-0009,2025-05-04,0.8370389016916068
AOI-0009,2025-06-30,0.18180759019309178
AOI-0009,2025-07-05,0.1916328717902825
AOI-0009,2025-07-10,0.170778578802481
AOI-0009,2025-07-25,0.1714565544977998
AOI-0009,2025-08-12,0.1610285819269756
AOI-0009,2025-08-17,0.1814882568334596
AOI-0009,2025-08-22,0.15856991355291256
AOI-0009,2025-08-24,0.15070014911780993
AOI-0009,2025-09-14,0.23582694633067053
AOI-0009,2025-09-16,0.1802208216125324
AOI-0009,2025-09-25,0.1718034176625257
AOI-0009,2025-10-03,0.19961930522013363
AOI-0010,2010-06-19,0.35680578137941543
AOI-0010,2010-08-06,0.23259872153204136
AOI-0010,2010-08-22,0.20758367809300304
AOI-0010,2011-06-14,0.5059557751195625
AOI-0010,2011-07-12,0.3721602960613697
AOI-0010,2011-08-09,0.25996810822746474
AOI-0010,2011-08-13,0.345270106315519
AOI-0010,2011-09-10,0.22546970335604713
AOI-0010,2012-04-13,0.27401530309739863
AOI-0010,2012-08-03,0.2184724575183848
AOI-0010,2013-04-16,0.6890426456275627
AOI-0010,2013-05-25,0.6442605882518142
AOI-0010,2013-06-26,0.3488907928154543
AOI-0010,2013-07-12,0.3287314884993161
AOI-0010,2014-05-29,0.6459303434909728
AOI-0010,2014-06-06,0.5703581832372865
AOI-0010,2014-06-10,0.4619473268009622
AOI-0010,2014-08-29,0.2538366202200492
AOI-0010,2014-09-30,0.2645025200863983
AOI-0010,2015-04-07,0.3298159178436742
AOI-0010,2015-04-14,0.21312913099522895
AOI-0010,2015-05-25,0.37582193269982844
AOI-0010,2015-10-07,0.1763503494159675
AOI-0010,2016-07-27,0.3795027966834796
AOI-0010,2016-08-12,0.32613266260704277
AOI-0010,2016-09-13,0.28296706421663914
AOI-0010,2017-04-03,0.30967855648267023
AOI-0010,2017-04-07,0.5253628532176045
AOI-0010,2017-08-01,0.1510795804768723
AOI-0010,2017-08-04,0.16564847544578415
AOI-0010,2017-08-13,0.24003016585415027
AOI-0010,2017-08-29,0.23067562890658683
AOI-0010,2018-05-16,0.8237997389970052
AOI-0010,2018-07-28,0.2650908881806514
AOI-0010,2018-08-28,0.1695307351832011
AOI-0010,2018-09-14,0.22192924374214668
AOI-0010,2019-04-06,0.3426489931858927
AOI-0010,2019-04-28,0.7170586333868818
AOI-0010,2019-05-19,0.8433165311147683
AOI-0010,2019-06-20,0.21652040564756073
AOI-0010,2019-06-26,0.2646891311599366
AOI-0010,2019-06-27,0.1654609489199952
AOI-0010,2019-07-20,0.1622212439485956
AOI-0010,2019-08-13,0.30997395883799594
AOI-0010,2019-08-19,0.16196414185181449
AOI-0010,2019-08-21,0.1700257756193492
AOI-0010,2019-09-23,0.1597153791873155
AOI-0010,2020-06-06,0.34385620724426313
AOI-0010,2020-06-09,0.4072011321388174
AOI-0010,2020-07-16,0.17041753941470583
AOI-0010,2020-07-19,0.1566174756579124
AOI-0010,2020-07-26,0.14327100058488895
AOI-0010,2020-07-31,0.15932883089111952
AOI-0010,2020-09-09,0.17408399892097054
AOI-0010,2020-09-13,0.2494568211756311
AOI-0010,2020-09-19,0.11478739703312353
AOI-0010,2020-09-27,0.1453188566788236
AOI-0010,2021-05-05,0.33330387502261016
AOI-0010,2021-05-09,0.5223706308277363
AOI-0010,2021-07-28,0.3097769079206703
AOI-0010,2021-08-05,0.23476062668271397
AOI-0010,2021-09-04,0.31233203139655796
AOI-0010,2021-09-17,0.33019004461355467
AOI-0010,2021-10-27,0.3488275345894968
AOI-0010,2022-06-06,0.7058650137650448
AOI-0010,2022-06-10,0.6300034408821824
AOI-0010,2022-06-11,0.6922249823333753
AOI-0010,2022-07-17,0.2729941575552544
AOI-0010,2022-07-28,0.34468752148538306
AOI-0010,2022-09-08,0.28966138316950485
AOI-0010,2023-04-02,0.4716666329381466
AOI-0010,2023-04-27,0.647549327129228
AOI-0010,2023-06-08,0.7238091468017827
AOI-0010,2023-06-16,0.6030643968725372
AOI-0010,2023-08-23,0.23653077808175244
AOI-0010,2023-08-30,0.23024787312039727
AOI-0010,2023-09-19,0.25881837796540363
AOI-0010,2024-04-04,0.5933798491776872
AOI-0010,2024-04-26,0.7373414412338826
AOI-0010,2024-05-08,0.7651715552648906
AOI-0010,2024-05-21,0.7235724265381571
AOI-0010,2024-06-18,0.22511645948145653
AOI-0010,2024-06-20,0.21046100837477957
AOI-0010,2024-07-08,0.18757852714727524
AOI-0010,2024-07-15,0.17228006706377713
AOI-0010,2024-08-12,0.23375315134635194
AOI-0010,2024-09-06,0.18433367189531505
AOI-0010,2024-09-28,0.18281789242647087
AOI-0010,2024-10-01,0.18032050383459697
AOI-0010,2024-10-15,0.26415717391481686
AOI-0010,2024-10-23,0.1894630242264412
AOI-0010,2025-04-16,0.3835796578175189
AOI-0010,2025-04-18,0.4194595503111995
AOI-0010,2025-05-09,0.7839907740167922
AOI-0010,2025-06-05,0.5330291124923361
AOI-0010,2025-06-07,0.4849313550073469
AOI-0010,2025-06-28,0.19694030316935446
AOI-0010,2025-07-05,0.160305092900976
AOI-0010,2025-07-06,0.18304067180551248
AOI-0010,2025-07-07,0.15780643636072947
AOI-0010,2025-07-25,0.14675901314783749
AOI-0010,2025-07-30,0.1569259603096484
AOI-0010,2025-08-16,0.19235508288373152
AOI-0010,2025-08-27,0.16784838036590632
AOI-0010,2025-09-16,0.21006391377881575
AOI-0010,2025-09-30,0.305678954076698
AOI-0010,2025-10-05,0.21187814375056463
AOI-0011,2025-04-07,0.6997755707201322
AOI-0011,2025-04-17,0.7841386490342018
AOI-0011,2025-04-23,0.8485237092284605
AOI-0011,2025-04-28,0.7770188428394795
AOI-0011,2025-05-24,0.8004389088658456
AOI-0011,2025-06-03,0.5870371913571738
AOI-0011,2025-07-12,0.30487148171151146
AOI-0011,2025-08-06,0.21170767676654179
AOI-0011,2025-08-14,0.22950938176694013
AOI-0011,2025-08-19,0.21031216965879784
AOI-0011,2025-08-27,0.1699800895651688
AOI-0011,2025-09-30,0.26053382772760214
AOI-0011,2025-10-03,0.16595036551067072
AOI-0011,2025-10-05,0.16082799058533034
AOI-0012,2025-04-01,0.25553542992169503
AOI-0012,2025-04-28,0.4608812541885084
AOI-0012,2025-05-16,0.7197965641146886
AOI-0012,2025-06-03,0.6593550328752258
AOI-0012,2025-06-05,0.5654944868425501
AOI-0012,2025-06-15,0.28943343400251853
AOI-0012,2025-06-26,0.3048409515485072
AOI-0012,2025-07-10,0.1693096752948366
AOI-0012,2025-07-18,0.14164316246194644
AOI-0012,2025-07-30,0.15411215080916096
AOI-0013,2010-04-16,0.7163298638305782
AOI-0013,2010-06-10,0.4851950012859688
AOI-0013,2010-06-19,0.3706338983348343
AOI-0013,2010-10-24,0.21260298110928827
AOI-0013,2011-04-18,0.22174827784906243
AOI-0013,2011-04-26,0.23726045637954501
AOI-0013,2012-05-08,0.5510798521317481
AOI-0013,2012-06-23,0.547874181102798
AOI-0013,2012-08-12,0.4988542232809554
AOI-0013,2013-04-16,0.27704446159652885
AOI-0013,2013-04-24,0.2828925569202634
AOI-0013,2013-05-02,0.3205397075980319
AOI-0013,2013-05-09,0.48883415369096195
AOI-0013,2013-06-11,0.46212525271661364
AOI-0013,2013-07-12,0.5431234136299097
AOI-0013,2013-07-28,0.48375571483516727
AOI-0013,2014-05-29,0.4520053030352209
AOI-0013,2014-06-10,0.49193045821997905
AOI-0013,2014-07-28,0.43556512040788514
AOI-0013,2014-08-01,0.316466757575993
AOI-0013,2014-08-08,0.3197251807312078
AOI-0013,2014-08-13,0.43720032563917643
AOI-0013,2015-05-09,0.5627589012419085
AOI-0013,2015-05-23,0.4830054195562301
AOI-0013,2015-07-12,0.5466034157220695
AOI-0013,2015-08-20,0.3744823911223709
AOI-0013,2015-10-07,0.33252190182463054
AOI-0013,2015-10-16,0.3981235499744784
AOI-0013,2016-05-09,0.4623275644600966
AOI-0013,2016-05-10,0.45615929789236465
AOI-0013,2016-08-12,0.6328729874169737
AOI-0013,2016-08-21,0.6801993150016503
AOI-0013,2016-09-13,0.63106004696505
AOI-0013,2016-10-09,0.5054793917304817
AOI-0013,2017-04-11,0.24222025804879793
AOI-0013,2017-04-28,0.3557138298519291
AOI-0013,2017-05-01,0.35247272234677574
AOI-0013,2017-05-21,0.5964315935931567
AOI-0013,2017-05-29,0.5780419376386349
AOI-0013,2017-06-30,0.6813041941279236
AOI-0013,2017-07-27,0.47382628633606294
AOI-0013,2017-08-08,0.4664218182263991
AOI-0013,2017-08-24,0.42579193470156246
AOI-0013,2017-09-13,0.4223082949508384
AOI-0013,2017-09-17,0.46388628560124834
AOI-0013,2017-09-30,0.4564972639166355
AOI-0013,2018-05-25,0.5197006336541701
AOI-0013,2018-06-08,0.4061981417628588
AOI-0013,2018-06-15,0.3506754672086293
AOI-0013,2018-07-12,0.4475349260820169
AOI-0013,2018-08-13,0.44519949423800587
AOI-0013,2018-08-27,0.406187698387503
AOI-0013,2018-09-28,0.38241315319150804
AOI-0013,2018-10-06,0.3880978186787441
AOI-0013,2019-04-01,0.24626914916826304
AOI-0013,2019-05-06,0.42062716983360326
AOI-0013,2019-06-02,0.383443848808527
AOI-0013,2019-06-05,0.42672167563583385
AOI-0013,2019-06-12,0.4689173896892112
AOI-0013,2019-06-25,0.38981681331600204
AOI-0013,2019-07-17,0.4405174388112656
AOI-0013,2019-07-28,0.5669976992899562
AOI-0013,2019-08-24,0.4375182217306356
AOI-0013,2019-08-31,0.49319419696569344
AOI-0013,2019-09-08,0.47082944783956815
AOI-0013,2019-09-13,0.45623672686128824
AOI-0013,2019-10-02,0.46929613330354436
AOI-0013,2019-10-10,0.5421216496041503
AOI-0013,2019-10-17,0.4405711688104284
AOI-0013,2020-04-22,0.4303764966322887
AOI-0013,2020-05-12,0.3705408568194137
AOI-0013,2020-06-24,0.4653636623911785
AOI-0013,2020-06-26,0.4884321667424133
AOI-0013,2020-08-12,0.4268543143574892
AOI-0013,2020-08-15,0.40876648849660435
AOI-0013,2020-08-16,0.41242220433106397
AOI-0013,2020-08-20,0.37854672627424074
AOI-0013,2020-10-27,0.276654591671623
AOI-0013,2021-04-23,0.47122385721234994
AOI-0013,2021-06-10,0.6043328767894394
AOI-0013,2021-06-11,0.5502834785768957
AOI-0013,2021-06-21,0.5119860259235673
AOI-0013,2021-07-12,0.5505048414692917
AOI-0013,2021-07-14,0.5222009729710043
AOI-0013,2021-08-20,0.4911082367802456
AOI-0013,2021-10-14,0.4029519240516323
AOI-0013,2021-10-16,0.4626396518602199
AOI-0013,2022-04-02,0.4651031224877211
AOI-0013,2022-04-17,0.5599316940151314
AOI-0013,2022-04-24,0.5647604037319347
AOI-0013,2022-04-25,0.5594779319083201
AOI-0013,2022-06-10,0.5373301224546752
AOI-0013,2022-06-16,0.38974817685810004
AOI-0013,2022-06-26,0.5224447009851441
AOI-0013,2022-07-05,0.5376383944334646
AOI-0013,2022-07-17,0.5810043895247841
AOI-0013,2022-07-22,0.5507382325835032
AOI-0013,2022-08-14,0.5699288003290819
AOI-0013,2022-09-14,0.46828926642485746
AOI-0013,2022-10-07,0.3712197855903794
AOI-0013,2022-10-14,0.34388039482521127
AOI-0013,2023-04-10,0.45161048231397327
AOI-0013,2023-06-21,0.549838819716394
AOI-0013,2023-06-29,0.5490128836156386
AOI-0013,2023-07-06,0.4779949729921339
AOI-0013,2023-07-12,0.5157090321404704
AOI-0013,2023-07-24,0.5092473689440052
AOI-0013,2023-08-05,0.5077976647567044
AOI-0013,2023-08-20,0.49743424884680076
AOI-0013,2023-08-23,0.510911836743858
AOI-0013,2023-08-26,0.49566865589404785
AOI-0013,2023-09-11,0.5056994868312157
AOI-0013,2023-09-14,0.5283970740663861
AOI-0013,2023-09-24,0.4873754518272021
AOI-0013,2023-10-05,0.45294442118511524
AOI-0013,2023-10-14,0.3784355234086679
AOI-0013,2023-10-17,0.34233011277243597
AOI-0013,2023-10-19,0.3516883816474894
AOI-0013,2024-04-26,0.4217374161661823
AOI-0013,2024-05-04,0.46756355062965715
AOI-0013,2024-05-23,0.5197318671406191
AOI-0013,2024-05-24,0.5630479303400009
AOI-0013,2024-06-30,0.5214247706898602
AOI-0013,2024-07-02,0.5609778001431738
AOI-0013,2024-07-11,0.4989311871536806
AOI-0013,2024-07-26,0.40621129253389887
AOI-0013,2024-07-27,0.4395646298786721
AOI-0013,2024-08-09,0.5032446348094619
AOI-0013,2024-08-11,0.5526531183605751
AOI-0013,2024-09-03,0.4712818609441983
AOI-0013,2024-09-06,0.4868363844965151
AOI-0013,2024-09-26,0.4326113790592786
AOI-0013,2024-10-08,0.3747269647060969
AOI-0013,2025-04-01,0.4756524793072139
AOI-0013,2025-04-28,0.5351074442503698
AOI-0013,2025-05-16,0.5039833408060511
AOI-0013,2025-05-19,0.5131332424370878
AOI-0013,2025-05-24,0.5109736110559475
AOI-0013,2025-07-07,0.48645639101473237
AOI-0013,2025-07-08,0.47799176497454654
AOI-0013,2025-07-14,0.5018672950965899
AOI-0013,2025-07-21,0.5210260779148606
AOI-0013,2025-07-27,0.548902760290727
AOI-0013,2025-08-15,0.5011480307479292
AOI-0013,2025-09-03,0.45167426123466575
AOI-0013,2025-09-07,0.5133483143114672
AOI-0014,2010-04-07,0.5868115861824664
AOI-0014,2010-04-24,0.6976756699147432
AOI-0014,2010-06-10,0.7437014213882615
AOI-0014,2010-09-23,0.19504072618428178
AOI-0014,2011-04-19,0.21291477111182883
AOI-0014,2011-04-26,0.23042766324863737
AOI-0014,2011-05-09,0.6520314522425465
AOI-0014,2011-05-28,0.6515178657000628
AOI-0014,2011-06-14,0.7405830144990967
AOI-0014,2011-08-01,0.4472820295026694
AOI-0014,2011-09-14,0.2853447601341406
AOI-0014,2011-09-17,0.20816021307329244
AOI-0014,2011-10-27,0.2871731114914754
AOI-0014,2012-05-06,0.6807622610592533
AOI-0014,2012-06-25,0.37925821954644334
AOI-0014,2012-08-28,0.29644201934117664
AOI-0014,2012-09-04,0.19843235149868607
AOI-0014,2012-09-11,0.20065208386302272
AOI-0014,2012-09-27,0.1810668010539581
AOI-0014,2013-05-09,0.4211881094766386
AOI-0014,2013-06-11,0.5527337319406787
AOI-0014,2013-06-19,0.637839266328894
AOI-0014,2013-07-28,0.6793255515702722
AOI-0014,2013-09-14,0.3790221375392455
AOI-0014,2013-09-23,0.23570534464976917
AOI-0014,2014-06-26,0.4508309099556274
AOI-0014,2014-06-29,0.3614097989077518
AOI-0014,2014-08-17,0.20958586896120251
AOI-0014,2014-09-30,0.30123384352042865
AOI-0014,2014-10-27,0.22310393905770196
AOI-0014,2015-04-14,0.3509311528786463
AOI-0014,2015-06-16,0.6710551612666683
AOI-0014,2015-06-26,0.46582517336469115
AOI-0014,2015-07-12,0.4519064910531626
AOI-0014,2015-07-27,0.33185484946767785
AOI-0014,2015-08-28,0.2274993235917439
AOI-0014,2016-04-22,0.41656852452752813
AOI-0014,2016-05-09,0.32611472815490544
AOI-0014,2016-06-03,0.6057143408810033
AOI-0014,2016-06-19,0.8344591838411319
AOI-0014,2016-08-13,0.4900935934336025
AOI-0014,2016-08-30,0.29701749683890155
AOI-0014,2017-04-26,0.7812804845722718
AOI-0014,2017-04-28,0.8044608909408245
AOI-0014,2017-05-21,0.889472818208752
AOI-0014,2017-05-29,0.8806996334284647
AOI-0014,2017-07-23,0.2651379572346395
AOI-0014,2017-07-31,0.22642206789761476
AOI-0014,2017-08-06,0.13631880893944
AOI-0014,2017-08-21,0.1420020666653214
AOI-0014,2017-09-10,0.1691374674305044
AOI-0014,2017-09-30,0.25260815950083493
AOI-0014,2017-10-08,0.16864713650712534
AOI-0014,2018-04-07,0.5841724613971331
AOI-0014,2018-05-03,0.7611971291295885
AOI-0014,2018-06-24,0.2777966179612871
AOI-0014,2018-07-18,0.22923549899799453
AOI-0014,2018-08-27,0.20601446094205877
AOI-0014,2018-10-06,0.20888294633646723
AOI-0014,2019-04-01,0.25634656612917484
AOI-0014,2019-04-21,0.195018311747446
AOI-0014,2019-05-01,0.21101576378170783
AOI-0014,2019-05-09,0.6134489305214976
AOI-0014,2019-05-27,0.6687091060425605
AOI-0014,2019-05-28,0.6352675935503835
AOI-0014,2019-06-04,0.7655243804197461
AOI-0014,2019-06-11,0.8606822603306654
AOI-0014,2019-06-15,0.8542879449466134
AOI-0014,2019-06-22,0.7481463564617419
AOI-0014,2019-07-06,0.6312478919977638
AOI-0014,2019-08-14,0.33823071923761805
AOI-0014,2019-08-26,0.20648818342675274
AOI-0014,2020-04-06,0.6629548097672127
AOI-0014,2020-04-07,0.6901730281926519
AOI-0014,2020-04-17,0.693058099393356
AOI-0014,2020-04-22,0.7284084875617423
AOI-0014,2020-04-25,0.7190602838357403
AOI-0014,2020-05-15,0.6800172919175258
AOI-0014,2020-05-17,0.652906995553752
AOI-0014,2020-06-04,0.7076019295103179
AOI-0014,2020-06-25,0.36429113418506215
AOI-0014,2020-07-11,0.2807377888303334
AOI-0014,2020-07-27,0.2669258449924159
AOI-0014,2020-08-16,0.20900407216887784
AOI-0014,2020-09-09,0.152137069356785
AOI-0014,2020-09-24,0.14312033059945128
AOI-0014,2021-04-07,0.46511286482491837
AOI-0014,2021-04-29,0.6886390935455121
AOI-0014,2021-05-25,0.8243912676337362
AOI-0014,2021-08-13,0.2822325499538396
AOI-0014,2021-08-18,0.1396607202089831
AOI-0014,2021-09-14,0.2008067477111752
AOI-0014,2021-10-12,0.17325031757135453
AOI-0014,2021-10-14,0.19929723909710256
AOI-0014,2022-05-15,0.2627705956237736
AOI-0014,2022-05-26,0.3948952442303489
AOI-0014,2022-05-27,0.3429237686338188
AOI-0014,2022-06-24,0.7073723192907726
AOI-0014,2022-07-14,0.8038157693437341
AOI-0014,2022-07-24,0.7503801978117924
AOI-0014,2022-08-22,0.3461847401625475
AOI-0014,2022-08-29,0.2964250803530196
AOI-0014,2022-09-02,0.1886719377685983
AOI-0014,2022-09-08,0.22349908025522336
AOI-0014,2022-09-14,0.24164605228789415
AOI-0014,2023-06-07,0.8414625292805309
AOI-0014,2023-08-10,0.21006257972831271
AOI-0014,2024-04-04,0.6714817867891857
AOI-0014,2024-05-08,0.8430741926693954
AOI-0014,2024-05-09,0.8224908736193697
AOI-0014,2024-05-21,0.8257471667109131
AOI-0014,2024-05-23,0.8345595486976816
AOI-0014,2024-06-08,0.5624115741087024
AOI-0014,2024-07-25,0.14571703218296517
AOI-0014,2024-08-11,0.19782986456781
AOI-0014,2024-09-01,0.1577440678816444
AOI-0014,2024-09-08,0.14055197396647268
AOI-0014,2024-09-11,0.1413913012526699
AOI-0014,2024-09-18,0.1399224531951404
AOI-0014,2024-09-29,0.2234021288884785
AOI-0014,2024-10-07,0.18294068968785415
AOI-0014,2024-10-30,0.19895824430273468
AOI-0014,2025-04-23,0.39450453867738544
AOI-0014,2025-05-01,0.19781235368582623
AOI-0014,2025-05-27,0.42142115039394434
AOI-0014,2025-06-13,0.416557698058204
AOI-0014,2025-08-12,0.2503345387017208
AOI-0014,2025-08-15,0.2942432853342035
AOI-0014,2025-08-24,0.18862803725186844
AOI-0014,2025-09-11,0.14576693254939627
AOI-0014,2025-09-14,0.24070105807242892
AOI-0014,2025-09-23,0.18662980932775447
AOI-0014,2025-09-24,0.20358908847212046
AOI-0015,2025-05-04,0.3362168435479366
AOI-0015,2025-05-27,0.486287078087975
AOI-0015,2025-06-07,0.42447082897793187
AOI-0015,2025-07-03,0.3733094444771712
AOI-0015,2025-07-05,0.3707186841651449
AOI-0015,2025-07-08,0.3111409694567955
AOI-0015,2025-07-13,0.24950873488206474
AOI-0015,2025-07-15,0.2283791925189282
AOI-0015,2025-07-18,0.22718970317643977
AOI-0015,2025-07-21,0.2837839551646644
AOI-0015,2025-07-23,0.23146849788532597
AOI-0015,2025-09-07,0.20408663097138913
AOI-0015,2025-10-13,0.18579397174707654
AOI-0015,2025-10-16,0.2862873573357635
AOI-0015,2025-10-18,0.21777700037330244
AOI-0016,2025-04-19,0.24823039952938908
AOI-0016,2025-05-25,0.5386570661100791
AOI-0016,2025-06-11,0.6072818196282187
AOI-0016,2025-06-26,0.7744620942154754
AOI-0016,2025-07-10,0.7941834959715771
AOI-0016,2025-07-17,0.7498570001927721
AOI-0016,2025-07-18,0.7540555782374518
AOI-0016,2025-08-19,0.3670835237129774
AOI-0016,2025-08-29,0.38413934886024076
AOI-0016,2025-10-17,0.26153252333510363
AOI-0017,2010-06-10,0.5918276911674566
AOI-0017,2010-07-29,0.5764882930247904
AOI-0017,2010-09-23,0.3279954550392939
AOI-0017,2011-04-18,0.29664714279756077
AOI-0017,2011-09-17,0.514161296064301
AOI-0017,2011-09-26,0.5155531045205747
AOI-0017,2011-09-30,0.5362774315878327
AOI-0017,2011-10-11,0.48577612134541004
AOI-0017,2011-10-27,0.45448694088529384
AOI-0017,2012-07-18,0.5969592374221173
AOI-0017,2012-07-27,0.5103343319016684
AOI-0017,2012-08-28,0.4811773757342872
AOI-0017,2012-09-29,0.4773412692635015
AOI-0017,2013-05-25,0.6586161922264278
AOI-0017,2013-07-12,0.550968675437558
AOI-0017,2013-08-14,0.41044454458310997
AOI-0017,2013-09-14,0.6227290198932973
AOI-0017,2013-09-30,0.6215495982708444
AOI-0017,2013-10-09,0.6400470560028291
AOI-0017,2013-10-25,0.6239517599974176
AOI-0017,2014-04-23,0.6954302870987974
AOI-0017,2014-06-06,0.5846364818861884
AOI-0017,2014-07-24,0.40264334449849193
AOI-0017,2014-10-04,0.3699369550334599
AOI-0017,2015-04-23,0.5152679041110462
AOI-0017,2015-04-30,0.4071387158056186
AOI-0017,2015-07-11,0.6992214471242404
AOI-0017,2015-07-27,0.63760999717631
AOI-0017,2015-08-03,0.5826584694403938
AOI-0017,2015-08-29,0.46018959187707265
AOI-0017,2015-10-16,0.47317770351543875
AOI-0017,2016-04-06,0.5681179502901673
AOI-0017,2016-04-07,0.41629219192995026
AOI-0017,2016-06-18,0.6250909770584963
AOI-0017,2016-07-05,0.5442764845076397
AOI-0017,2016-07-27,0.5870836602925268
AOI-0017,2016-08-21,0.5747093265547275
AOI-0017,2016-09-15,0.5265305541287986
AOI-0017,2016-10-15,0.5413887967106055
AOI-0017,2016-10-17,0.47955705040992647
AOI-0017,2017-06-06,0.6593298936768363
AOI-0017,2017-07-31,0.6264888074135357
AOI-0017,2017-08-01,0.6138867580393963
AOI-0017,2017-09-02,0.5425203400897399
AOI-0017,2018-04-05,0.4368451010679318
AOI-0017,2018-05-09,0.6749553548783285
AOI-0017,2018-05-23,0.6517448811659949
AOI-0017,2018-06-20,0.5331877749831014
AOI-0017,2018-07-11,0.437930125989597
AOI-0017,2018-07-12,0.508720949891765
AOI-0017,2019-04-25,0.45802421451704484
AOI-0017,2019-04-28,0.42755946084599317
AOI-0017,2019-05-13,0.5441405252601738
AOI-0017,2019-05-18,0.6227759635630147
AOI-0017,2019-05-28,0.6945590201900577
AOI-0017,2019-06-04,0.6496571970262868
AOI-0017,2019-06-12,0.714683140697709
AOI-0017,2019-06-17,0.6623347216990879
AOI-0017,2019-07-17,0.652521088648317
AOI-0017,2019-08-06,0.6338434570220502
AOI-0017,2019-08-11,0.5840167319604617
AOI-0017,2019-08-24,0.4234732560176705
AOI-0017,2019-08-29,0.522180091433972
AOI-0017,2019-08-31,0.4970748476560113
AOI-0017,2019-09-13,0.4563015778021032
AOI-0017,2020-04-25,0.3217357300423868
AOI-0017,2020-04-30,0.35745569272866184
AOI-0017,2020-05-08,0.6552736526834766
AOI-0017,2020-06-06,0.6312694111101386
AOI-0017,2020-06-26,0.5104265841371805
AOI-0017,2020-07-26,0.3972036980617509
AOI-0017,2020-08-18,0.4419080149766843
AOI-0017,2020-09-02,0.3866875199784481
AOI-0017,2020-09-04,0.34679213929446295
AOI-0017,2020-09-09,0.3856644486607394
AOI-0017,2020-09-10,0.3712830224740358
AOI-0017,2020-09-19,0.4049482849900129
AOI-0017,2020-10-12,0.3660827796240366
AOI-0017,2021-04-07,0.38847998538320744
AOI-0017,2021-05-20,0.5403027717703595
AOI-0017,2021-07-02,0.6730204269323122
AOI-0017,2021-08-29,0.54646290257562
AOI-0017,2021-09-04,0.513306667464174
AOI-0017,2021-09-27,0.5099076355484113
AOI-0017,2021-10-06,0.3394553405458415
AOI-0017,2021-10-27,0.5076930707565647
AOI-0017,2022-04-17,0.609997888270627
AOI-0017,2022-04-23,0.6813316789673297
AOI-0017,2022-05-26,0.6889026844739191
AOI-0017,2022-05-27,0.6800087859266057
AOI-0017,2022-06-03,0.6427619155056998
AOI-0017,2022-06-11,0.5991835072260537
AOI-0017,2022-06-30,0.6010461902957325
AOI-0017,2022-07-12,0.5694788675588949
AOI-0017,2022-07-19,0.5625625893445685
AOI-0017,2022-07-24,0.5502640966764679
AOI-0017,2022-08-07,0.5543451300290054
AOI-0017,2022-08-14,0.5547407256461948
AOI-0017,2022-08-15,0.5235656466757521
AOI-0017,2022-08-23,0.5228781555387849
AOI-0017,2022-08-30,0.494302887586319
AOI-0017,2022-09-17,0.43064923757856965
AOI-0017,2022-10-19,0.49630831273031994
AOI-0017,2023-04-02,0.5177688387896294
AOI-0017,2023-05-06,0.6227419821684469
AOI-0017,2023-06-11,0.6403204983115118
AOI-0017,2023-06-19,0.6417698183056542
AOI-0017,2023-06-22,0.6523971222394189
AOI-0017,2023-07-24,0.6389025288089015
AOI-0017,2023-09-19,0.4810197124582416
AOI-0017,2023-10-12,0.26888527109006455
AOI-0017,2023-10-16,0.41847376682887666
AOI-0017,2023-10-21,0.2891193574645135
AOI-0017,2024-04-04,0.4363907558943646
AOI-0017,2024-06-05,0.2649567700408386
AOI-0017,2024-06-13,0.19970700869145347
AOI-0017,2024-06-28,0.21511378138714457
AOI-0017,2024-07-19,0.24115949667528858
AOI-0017,2024-08-22,0.19298974274439654
AOI-0017,2024-09-01,0.23983883112606308
AOI-0017,2024-09-21,0.2508624630938229
AOI-0017,2024-09-29,0.2934029499527347
AOI-0017,2024-10-08,0.17807598009882725
AOI-0017,2024-10-22,0.22819200706017556
AOI-0017,2025-05-04,0.8580835401057785
AOI-0017,2025-05-27,0.7733031807448538
AOI-0017,2025-06-07,0.6372055313169781
AOI-0017,2025-06-28,0.34219264574049346
AOI-0017,2025-07-07,0.2853877453692765
AOI-0017,2025-08-23,0.21887290214096508
AOI-0017,2025-09-01,0.15361109486212277
AOI-0017,2025-10-02,0.2519658373170407
AOI-0018,2025-04-19,0.8045702498766714
AOI-0018,2025-05-27,0.6663275471940755
AOI-0018,2025-06-13,0.3156798756435334
AOI-0018,2025-06-15,0.30854261039743636
AOI-0018,2025-07-05,0.22698988592387365
AOI-0018,2025-07-07,0.24207949976057216
AOI-0018,2025-07-14,0.285472458044534
AOI-0018,2025-07-21,0.29882294501078344
AOI-0018,2025-08-19,0.17144624122235338
AOI-0018,2025-08-27,0.16988626926925565
AOI-0018,2025-09-08,0.15515142323043488
AOI-0018,2025-09-24,0.23248717812039876
AOI-0018,2025-10-17,0.25106387824845233
AOI-0019,2025-04-14,0.49015704976248486
AOI-0019,2025-04-17,0.5352766804757763
AOI-0019,2025-04-28,0.5612307980946177
AOI-0019,2025-05-14,0.5711049653293346
AOI-0019,2025-05-25,0.6616170390238562
AOI-0019,2025-06-15,0.4179727953669216
AOI-0019,2025-06-27,0.41570544866446335
AOI-0019,2025-06-30,0.3395760626684219
AOI-0019,2025-07-10,0.3209196697484563
AOI-0019,2025-07-14,0.30401505279236385
AOI-0019,2025-08-14,0.31329733094869167
AOI-0019,2025-08-31,0.20547553067235197
AOI-0019,2025-09-15,0.21877126035999075
AOI-0019,2025-09-23,0.2101777104109097
AOI-0019,2025-09-24,0.23005708197000618
AOI-0019,2025-10-18,0.19974401727806088
AOI-0020,2025-04-18,0.25428035433556645
AOI-0020,2025-04-23,0.466940172016073
AOI-0020,2025-05-03,0.42138431859233655
AOI-0020,2025-06-03,0.6253420641917701
AOI-0020,2025-06-11,0.4555376913193062
AOI-0020,2025-07-12,0.42968607082822596
AOI-0020,2025-07-21,0.3368063196097216
AOI-0020,2025-07-29,0.3099553515211156
AOI-0020,2025-07-30,0.27876458428801476
AOI-0020,2025-08-19,0.24713815699443847
AOI-0020,2025-10-13,0.09714416113650942
AOI-0021,2025-04-28,0.4088065605431947
AOI-0021,2025-05-27,0.5530482804242194
AOI-0021,2025-06-03,0.5700136290288149
AOI-0021,2025-07-06,0.3550193631267509
AOI-0021,2025-07-18,0.32279874199873854
AOI-0021,2025-07-29,0.3183078966167743
AOI-0021,2025-08-07,0.25258036620676094
AOI-0021,2025-08-22,0.2273491705139396
AOI-0021,2025-08-30,0.2629501229146936
AOI-0021,2025-09-15,0.21639443034701866
AOI-0021,2025-09-24,0.2526301836408793
AOI-0021,2025-10-03,0.19389947154103088
AOI-0022,2025-04-01,0.5240716388157028
AOI-0022,2025-05-03,0.8437533978426325
AOI-0022,2025-05-06,0.775813716077602
AOI-0022,2025-05-25,0.8228662706506873
AOI-0022,2025-05-28,0.821115821338984
AOI-0022,2025-07-08,0.20524765721760607
AOI-0022,2025-07-17,0.16123234449864401
AOI-0022,2025-07-21,0.18609187527967216
AOI-0022,2025-08-27,0.15174648787971068
AOI-0022,2025-08-31,0.16999727090631991
AOI-0022,2025-09-23,0.17129288564078152
AOI-0022,2025-09-24,0.18987211278287958
AOI-0022,2025-09-30,0.2441038524350363
AOI-0023,2025-04-16,0.20287725705621784
AOI-0023,2025-04-17,0.23856361761722888
AOI-0023,2025-04-24,0.18975106166049643
AOI-0023,2025-05-01,0.1711855172754107
AOI-0023,2025-05-04,0.22425263429668887
AOI-0023,2025-06-27,0.7674484100426688
AOI-0023,2025-07-05,0.7237912752161566
AOI-0023,2025-07-14,0.38205611306929865
AOI-0023,2025-07-15,0.3413383357056782
AOI-0023,2025-08-14,0.155728790379111
AOI-0023,2025-08-22,0.1443916379596981
AOI-0023,2025-08-30,0.19650802458468944
AOI-0023,2025-09-21,0.15038690257520765
AOI-0023,2025-09-23,0.15923401476273838
AOI-0023,2025-10-17,0.23492509056668226
AOI-0024,2025-04-07,0.3254578939587963
AOI-0024,2025-04-23,0.35144515090684897
AOI-0024,2025-05-25,0.47660031866513874
AOI-0024,2025-05-28,0.2550976886270845
AOI-0024,2025-06-05,0.30374907742370416
AOI-0024,2025-07-03,0.5893217074921868
AOI-0024,2025-07-21,0.35919817371556295
AOI-0024,2025-07-25,0.3433675576621048
AOI-0024,2025-08-06,0.3258983128276594
AOI-0024,2025-08-09,0.28891308106268004
AOI-0024,2025-09-14,0.2790261159184179
AOI-0024,2025-09-21,0.19171932238395462
AOI-0024,2025-09-30,0.22933961671566327
AOI-0024,2025-10-02,0.17540492397122392
AOI-0024,2025-10-18,0.17008972800417743
AOI-0025,2025-04-14,0.1734217152063457
AOI-0025,2025-04-23,0.3459922978930805
AOI-0025,2025-04-24,0.20461162086386547
AOI-0025,2025-04-29,0.21181404931113587
AOI-0025,2025-05-09,0.331469218319816
AOI-0025,2025-06-03,0.1917617216445625
AOI-0025,2025-06-13,0.21508020562777394
AOI-0025,2025-06-27,0.15663144929042994
AOI-0025,2025-07-21,0.18498597910997083
AOI-0025,2025-08-07,0.1484666430556839
AOI-0025,2025-08-30,0.2039912021804866
AOI-0025,2025-09-07,0.19452929572392533
AOI-0025,2025-09-14,0.257241833193086
AOI-0025,2025-10-17,0.4330325878259295
AOI-0026,2025-04-07,0.6730731382468864
AOI-0026,2025-04-24,0.8276225003275128
AOI-0026,2025-05-09,0.9136432092872333
AOI-0026,2025-06-13,0.6283435178454743
AOI-0026,2025-07-08,0.2528234983151076
AOI-0026,2025-07-10,0.24781019677273336
AOI-0026,2025-07-12,0.2812721782776234
AOI-0026,2025-07-13,0.24236354794039922
AOI-0026,2025-07-18,0.19841824839851524
AOI-0026,2025-07-30,0.14447275699698633
AOI-0026,2025-08-19,0.12783260700247961
AOI-0026,2025-09-08,0.13512821161467042
AOI-0026,2025-09-23,0.1611049079514551
AOI-0026,2025-09-30,0.3382439973868647
AOI-0027,2025-04-16,0.7477178738472134
AOI-0027,2025-04-24,0.7591881131265128
AOI-0027,2025-06-13,0.4830510529401254
AOI-0027,2025-06-27,0.3839631375224413
AOI-0027,2025-07-05,0.315260923225515
AOI-0027,2025-07-12,0.3826401708268683
AOI-0027,2025-07-13,0.23890409399973325
AOI-0027,2025-07-23,0.2102207281875743
AOI-0027,2025-07-29,0.3036991448420031
AOI-0027,2025-08-19,0.27063069033354953
AOI-0027,2025-08-30,0.2633272241523833
AOI-0027,2025-09-16,0.24448242841020895
AOI-0027,2025-10-16,0.5865401509530915
AOI-0028,2010-04-07,0.7589332084758655
AOI-0028,2010-04-15,0.7295163717636057
AOI-0028,2010-10-24,0.17702428082156857
AOI-0028,2011-05-25,0.5586521385211598
AOI-0028,2011-07-28,0.5959244691067871
AOI-0028,2011-08-08,0.5890212298809816
AOI-0028,2011-10-11,0.23328581138805454
AOI-0028,2012-04-22,0.7747507768235631
AOI-0028,2012-09-27,0.1560080609499908
AOI-0028,2012-10-15,0.230410624195608
AOI-0028,2013-04-07,0.2782247116003045
AOI-0028,2013-06-10,0.33767360765522025
AOI-0028,2013-06-26,0.31194607447954703
AOI-0028,2013-08-29,0.29194269311469556
AOI-0028,2014-04-07,0.6763051292809199
AOI-0028,2014-05-04,0.9165863871946779
AOI-0028,2014-07-28,0.27200572619951585
AOI-0028,2014-10-11,0.1860078426305549
AOI-0028,2015-04-13,0.19780056309990968
AOI-0028,2015-08-27,0.3425666739005244
AOI-0028,2015-09-28,0.17700748414290146
AOI-0028,2016-04-07,0.6803580241127263
AOI-0028,2016-04-23,0.7612358302419803
AOI-0028,2016-06-09,0.6385848244320621
AOI-0028,2016-06-10,0.6447561629468439
AOI-0028,2016-06-25,0.33854172415233275
AOI-0028,2016-07-27,0.3157562143035093
AOI-0028,2016-09-06,0.1840729242051889
AOI-0028,2017-04-26,0.27090320956455216
AOI-0028,2017-07-23,0.22877427442452358
AOI-0028,2017-08-09,0.15822663866218212
AOI-0028,2017-08-13,0.2578021704452758
AOI-0028,2017-08-29,0.22862970597281926
AOI-0028,2017-09-17,0.22368791640773575
AOI-0028,2018-05-11,0.830136963384947
AOI-0028,2018-08-19,0.197404991179597
AOI-0028,2018-08-29,0.22964674804963187
AOI-0028,2018-09-12,0.20714267618746895
AOI-0028,2018-10-08,0.15422826133317363
AOI-0028,2019-04-06,0.13807830368534013
AOI-0028,2019-05-02,0.2804353920751045
AOI-0028,2019-05-25,0.3840254430515481
AOI-0028,2019-06-27,0.17420216858132825
AOI-0028,2019-08-09,0.1972079580802369
AOI-0028,2019-08-24,0.14681318182637876
AOI-0028,2019-10-17,0.5443798912896611
AOI-0028,2020-04-25,0.8070414198866004
AOI-0028,2020-05-04,0.8670919377916497
AOI-0028,2020-05-08,0.8477905562981944
AOI-0028,2020-05-30,0.8512786251033054
AOI-0028,2020-07-14,0.1823987105028878
AOI-0028,2020-08-03,0.14692598877768975
AOI-0028,2020-08-08,0.16208554989276366
AOI-0028,2020-09-02,0.15251617542967186
AOI-0028,2020-09-13,0.21483010173538702
AOI-0028,2021-06-14,0.6913719036696641
AOI-0028,2021-06-16,0.7203213923949672
AOI-0028,2021-06-24,0.8078582550171143
AOI-0028,2021-06-26,0.8485638893264262
AOI-0028,2021-07-24,0.7399194688366827
AOI-0028,2021-10-27,0.25476576166465303
AOI-0028,2022-04-07,0.6855806107687186
AOI-0028,2022-04-23,0.8654141662401478
AOI-0028,2022-06-09,0.8896955976494026
AOI-0028,2022-06-29,0.35928938736695504
AOI-0028,2022-07-28,0.2232212400754356
AOI-0028,2022-08-03,0.13087103138290307
AOI-0028,2022-08-08,0.13350244963684924
AOI-0028,2022-08-30,0.14175500484948433
AOI-0028,2022-10-01,0.20827131064204352
AOI-0028,2023-04-07,0.32444874744727675
AOI-0028,2023-04-11,0.19559231173442268
AOI-0028,2023-05-05,0.2245357190658736
AOI-0028,2023-05-09,0.4944520664575748
AOI-0028,2023-06-09,0.23909257090091265
AOI-0028,2023-08-06,0.19150764839749662
AOI-0028,2023-08-23,0.14610610235365076
AOI-0028,2023-08-29,0.2260052026124146
AOI-0028,2023-09-22,0.16797831242978756
AOI-0028,2023-09-24,0.17054440064508122
AOI-0028,2023-09-30,0.33370895005963597
AOI-0028,2024-05-07,0.8785554901971879
AOI-0028,2024-05-23,0.8074384440008007
AOI-0028,2024-05-24,0.7860062465984472
AOI-0028,2024-07-27,0.21600659381570492
AOI-0028,2024-08-03,0.16905090741011147
AOI-0028,2024-08-12,0.19348501466317225
AOI-0028,2024-09-11,0.12557498067543488
AOI-0028,2024-09-16,0.1332139408924912
AOI-0028,2025-04-07,0.3898429044417615
AOI-0028,2025-05-24,0.5936417212046872
AOI-0028,2025-05-31,0.6247385080018137
AOI-0028,2025-06-11,0.6727598692216424
AOI-0028,2025-06-26,0.5618162680378691
AOI-0028,2025-06-27,0.5310042444947628
AOI-0028,2025-07-10,0.28460775301949703
AOI-0028,2025-07-13,0.245512295306339
AOI-0028,2025-07-23,0.16558875702785536
AOI-0028,2025-08-13,0.2382383460668493
AOI-0028,2025-09-08,0.13553089295361978
AOI-0028,2025-09-11,0.13181785977481572
AOI-0028,2025-10-16,0.2757985980996859
AOI-0028,2025-10-28,0.21751016232103831
AOI-0029,2025-04-04,0.553022568332054
AOI-0029,2025-04-24,0.8081994363082865
AOI-0029,2025-06-08,0.7087774753743954
AOI-0029,2025-06-10,0.6250806956403112
AOI-0029,2025-06-11,0.6867066066672093
AOI-0029,2025-06-13,0.6510498696588839
AOI-0029,2025-07-29,0.17585869611254157
AOI-0029,2025-08-02,0.12323937305268852
AOI-0029,2025-08-19,0.12536901526519223
AOI-0029,2025-09-11,0.1268973113096248
AOI-0029,2025-09-16,0.1458413612658151
AOI-0030,2025-04-21,0.5303859401657987
AOI-0030,2025-04-24,0.6049918385246076
AOI-0030,2025-06-10,0.7198108801074026
AOI-0030,2025-08-07,0.6408209876037296
AOI-0031,2010-06-04,0.5712258228030263
AOI-0031,2010-09-14,0.1888221115627327
AOI-0031,2011-04-23,0.3350888754040446
AOI-0031,2011-06-10,0.48710411499772976
AOI-0031,2011-07-09,0.22504739961535905
AOI-0031,2011-08-11,0.21098183860349917
AOI-0031,2011-08-18,0.1896951611057524
AOI-0031,2011-08-19,0.1790389880086388
AOI-0031,2011-09-19,0.22009141459907555
AOI-0031,2012-04-06,0.2812056574994489
AOI-0031,2012-04-15,0.16345537321561743
AOI-0031,2013-04-07,0.5612251572640514
AOI-0031,2013-05-09,0.6287256459894033
AOI-0031,2013-05-12,0.6037387539086297
AOI-0031,2013-05-25,0.5036060389528065
AOI-0031,2013-06-12,0.24222430885505822
AOI-0031,2013-06-28,0.19093970684264944
AOI-0031,2013-07-23,0.21018788985997888
AOI-0031,2013-08-13,0.2729252713391275
AOI-0031,2013-10-16,0.31972357682123587
AOI-0031,2014-05-23,0.3621331341913825
AOI-0031,2014-06-23,0.28030650164379994
AOI-0031,2014-07-17,0.14347021029212528
AOI-0031,2014-07-28,0.20447981926976794
AOI-0031,2014-08-02,0.14177816743293745
AOI-0031,2014-08-13,0.20284092738868612
AOI-0031,2014-10-14,0.15496153133345758
AOI-0031,2015-09-22,0.2021915377392867
AOI-0031,2015-10-16,0.22152436732416797
AOI-0031,2016-04-01,0.23942489571769077
AOI-0031,2016-04-17,0.3959066698152831
AOI-0031,2016-04-22,0.6335594766683058
AOI-0031,2016-05-03,0.5979614779545376
AOI-0031,2016-05-24,0.7084439719382654
AOI-0031,2016-06-09,0.576896720212209
AOI-0031,2016-06-12,0.6006924406876096
AOI-0031,2016-06-20,0.36267766964726283
AOI-0031,2016-06-25,0.33020988374134785
AOI-0031,2016-07-30,0.23359290780452607
AOI-0031,2017-05-06,0.7307939250134231
AOI-0031,2017-06-07,0.7175491177791429
AOI-0031,2017-08-03,0.18525236577332463
AOI-0031,2017-08-13,0.20338388989661466
AOI-0031,2017-09-04,0.1672220344728719
AOI-0031,2017-09-22,0.26819104289681117
AOI-0031,2018-04-23,0.6036615924452646
AOI-0031,2018-05-02,0.6839573801401937
AOI-0031,2018-05-18,0.6283381289238925
AOI-0031,2018-06-03,0.2987632614077521
AOI-0031,2018-06-10,0.32641811212737115
AOI-0031,2018-06-11,0.26005585394573794
AOI-0031,2018-07-13,0.25600085095832475
AOI-0031,2018-09-06,0.20024059183205195
AOI-0031,2018-09-14,0.21818463627489884
AOI-0031,2018-10-07,0.16638030673815554
AOI-0031,2018-10-12,0.19545752755932821
AOI-0031,2019-04-10,0.48536871626499045
AOI-0031,2019-06-14,0.21125225515955798
AOI-0031,2019-06-22,0.14650300231313787
AOI-0031,2019-07-09,0.16400214232200894
AOI-0031,2019-07-23,0.2578997840416245
AOI-0031,2019-08-08,0.43019898431948717
AOI-0031,2019-08-31,0.2195389276502949
AOI-0031,2019-09-17,0.18063391917651972
AOI-0031,2019-10-03,0.2630202753666607
AOI-0031,2019-10-10,0.3319667484753084
AOI-0031,2019-10-12,0.264286647199066
AOI-0031,2019-10-22,0.4950567684817746
AOI-0031,2020-04-13,0.4483547759711646
AOI-0031,2020-06-01,0.4956117504900061
AOI-0031,2020-06-06,0.5265271270494779
AOI-0031,2020-07-11,0.1617365352716929
AOI-0031,2020-07-18,0.12617219117916662
AOI-0031,2020-07-28,0.12002542753299866
AOI-0031,2020-08-07,0.13230654632534378
AOI-0031,2020-08-17,0.1374223721032567
AOI-0031,2020-08-22,0.12863683051404745
AOI-0031,2020-09-27,0.13959442875011063
AOI-0031,2020-10-13,0.11748319227103013
AOI-0031,2020-10-19,0.09373171614881662
AOI-0031,2020-10-21,0.13887777741976
AOI-0031,2021-04-07,0.23863903969176037
AOI-0031,2021-05-17,0.27516252792979967
AOI-0031,2021-06-11,0.14565311324251035
AOI-0031,2021-07-01,0.13419282510924924
AOI-0031,2021-07-16,0.13509911454812926
AOI-0031,2021-07-21,0.11582637839160381
AOI-0031,2021-08-06,0.15942546483712372
AOI-0031,2021-08-25,0.12480001950975876
AOI-0031,2021-08-30,0.12663245446079502
AOI-0031,2022-05-14,0.8340549705011232
AOI-0031,2022-06-10,0.6821065205072043
AOI-0031,2022-06-11,0.7365372487671227
AOI-0031,2022-06-20,0.4321558228169329
AOI-0031,2022-06-21,0.40826156978047357
AOI-0031,2022-07-08,0.1696778919869244
AOI-0031,2022-07-12,0.22026559089950593
AOI-0031,2022-09-08,0.12979662400311193
AOI-0031,2022-09-09,0.1138377701448215
AOI-0031,2022-09-10,0.13551196390572456
AOI-0031,2022-09-11,0.1278284808046251
AOI-0031,2022-09-26,0.13103361459107093
AOI-0031,2022-09-29,0.13473497396496034
AOI-0031,2023-04-04,0.32081625673421166
AOI-0031,2023-04-27,0.38819573835115984
AOI-0031,2023-05-17,0.4395135845874666
AOI-0031,2023-06-17,0.2922779750464738
AOI-0031,2023-06-23,0.2659546493215808
AOI-0031,2023-06-26,0.3133332989692219
AOI-0031,2023-07-11,0.28251927666420784
AOI-0031,2023-08-15,0.22564795524246
AOI-0031,2023-09-19,0.1800874207710463
AOI-0031,2023-09-20,0.21427378159571525
AOI-0031,2023-09-30,0.23568085853895954
AOI-0031,2023-10-15,0.18603255762717058
AOI-0031,2023-10-24,0.18472270403120342
AOI-0031,2024-05-03,0.2093537694314383
AOI-0031,2024-06-02,0.19300820671835617
AOI-0031,2024-07-02,0.15627043593251444
AOI-0031,2024-07-10,0.11544489314254316
AOI-0031,2024-07-13,0.14634741941772825
AOI-0031,2024-08-09,0.1172206843030591
AOI-0031,2024-08-16,0.14007480586703108
AOI-0031,2024-08-26,0.1446595365942275
AOI-0031,2025-04-19,0.489983033284623
AOI-0031,2025-04-23,0.6179905134451023
AOI-0031,2025-06-21,0.45574600105132634
AOI-0031,2025-07-12,0.23733947152246865
AOI-0031,2025-07-15,0.19374577221041941
AOI-0031,2025-08-06,0.17272699615396583
AOI-0031,2025-08-09,0.14229603943836
AOI-0031,2025-09-08,0.13077258899117603
AOI-0031,2025-09-15,0.15298485875170512
AOI-0031,2025-09-17,0.15415682286018034
AOI-0031,2025-10-02,0.20906307958421452
AOI-0031,2025-10-22,0.24666629596673645
AOI-0032,2010-06-04,0.27048959086400026
AOI-0032,2010-06-10,0.28148085005763746
AOI-0032,2010-06-20,0.19636577534424396
AOI-0032,2010-07-12,0.21759030428750936
AOI-0032,2010-08-16,0.13482075158179016
AOI-0032,2010-09-14,0.18913170212701405
AOI-0032,2010-09-30,0.22036812604632688
AOI-0032,2011-07-12,0.29618683656680683
AOI-0032,2011-08-29,0.2829450945770942
AOI-0032,2011-09-11,0.16643739700860005
AOI-0032,2011-09-28,0.18394229790611244
AOI-0032,2012-04-06,0.2911347904248378
AOI-0032,2012-05-01,0.31585534981630015
AOI-0032,2012-06-25,0.32831679773796696
AOI-0032,2012-10-08,0.13289294335426488
AOI-0032,2013-05-19,0.45578028260409165
AOI-0032,2013-05-20,0.4467356999084049
AOI-0032,2013-06-10,0.34244488936929457
AOI-0032,2013-06-12,0.2921669718387126
AOI-0032,2013-06-13,0.28733662266913385
AOI-0032,2013-07-22,0.316843087192834
AOI-0032,2013-07-30,0.3329636961393148
AOI-0032,2013-08-13,0.29754811548736043
AOI-0032,2013-08-29,0.25758639981245046
AOI-0032,2013-09-14,0.2646968529927835
AOI-0032,2014-06-16,0.2505584100056397
AOI-0032,2014-06-26,0.24059686365620414
AOI-0032,2014-07-12,0.19250624962700785
AOI-0032,2014-09-03,0.13636938062635862
AOI-0032,2015-04-23,0.2639258680982398
AOI-0032,2015-06-18,0.5007079023328933
AOI-0032,2015-07-13,0.294927814212624
AOI-0032,2015-09-15,0.1725746674252875
AOI-0032,2015-09-23,0.1791992758520351
AOI-0032,2015-09-30,0.2152105212319841
AOI-0032,2016-04-06,0.2631074394659978
AOI-0032,2016-04-10,0.1741710322310825
AOI-0032,2016-05-03,0.23466275544521276
AOI-0032,2016-06-09,0.3784529687128903
AOI-0032,2016-06-28,0.2091630598427025
AOI-0032,2016-07-15,0.16148077824611637
AOI-0032,2016-07-30,0.18753395332331593
AOI-0032,2016-08-16,0.15545832822447253
AOI-0032,2016-09-09,0.16372404424201803
AOI-0032,2016-10-18,0.3652059386593812
AOI-0032,2017-04-04,0.4173007130734555
AOI-0032,2017-04-28,0.7045485913823145
AOI-0032,2017-05-09,0.7784460941683229
AOI-0032,2017-07-02,0.23021135831318623
AOI-0032,2017-08-02,0.16375181633417746
AOI-0032,2017-08-11,0.12533848906239609
AOI-0032,2017-08-19,0.1379628453205647
AOI-0032,2017-08-27,0.17730885548574518
AOI-0032,2017-09-03,0.15841641197009235
AOI-0032,2017-09-12,0.16221360197916168
AOI-0032,2018-04-15,0.1804836119602941
AOI-0032,2018-06-10,0.22926495734041713
AOI-0032,2018-06-19,0.1421796454100049
AOI-0032,2018-09-14,0.19868581178009054
AOI-0032,2018-09-23,0.1600898916794359
AOI-0032,2018-09-30,0.22819153092819708
AOI-0032,2018-10-07,0.16266890326799316
AOI-0032,2018-10-12,0.23482949119554808
AOI-0032,2019-04-26,0.7121185935795267
AOI-0032,2019-04-28,0.7019455149862395
AOI-0032,2019-05-18,0.813120683155054
AOI-0032,2019-05-20,0.8081851384557496
AOI-0032,2019-05-30,0.6648623311848111
AOI-0032,2019-06-14,0.29402652365431114
AOI-0032,2019-06-19,0.1867806795845428
AOI-0032,2019-07-23,0.15014314399399264
AOI-0032,2019-09-25,0.1330998129899185
AOI-0032,2019-10-05,0.14506237261328336
AOI-0032,2019-10-11,0.21076749427968527
AOI-0032,2019-10-25,0.35585174093485306
AOI-0032,2019-10-28,0.35199441308024
AOI-0032,2020-05-27,0.4212900628574565
AOI-0032,2020-05-30,0.38629484733514347
AOI-0032,2020-06-24,0.20453864023218668
AOI-0032,2020-06-26,0.16931576826199451
AOI-0032,2020-08-05,0.12768060163236866
AOI-0032,2020-08-07,0.13204893534064713
AOI-0032,2020-09-13,0.1710115465473442
AOI-0032,2020-09-28,0.12246503861944587
AOI-0032,2020-09-29,0.17591832474943464
AOI-0032,2020-10-05,0.1221943467564425
AOI-0032,2020-10-06,0.1324744732996679
AOI-0032,2020-10-24,0.1509616960599331
AOI-0032,2021-04-04,0.07280767553295968
AOI-0032,2021-04-23,0.2604206014204911
AOI-0032,2021-05-01,0.24256178281308782
AOI-0032,2021-05-25,0.29473945521551004
AOI-0032,2021-06-18,0.1696625778757587
AOI-0032,2021-07-01,0.1447773769888829
AOI-0032,2021-07-18,0.14622694619854162
AOI-0032,2021-09-06,0.16444282023605108
AOI-0032,2021-09-15,0.1551729650300465
AOI-0032,2021-10-08,0.3290155746500367
AOI-0032,2022-04-26,0.7760138831883151
AOI-0032,2022-05-09,0.8447407533484284
AOI-0032,2022-05-13,0.8479816001464746
AOI-0032,2022-05-29,0.8376920223442994
AOI-0032,2022-06-06,0.7373883793073704
AOI-0032,2022-06-13,0.5954280729828747
AOI-0032,2022-06-30,0.3159172128380707
AOI-0032,2022-08-01,0.1418306068032305
AOI-0032,2022-08-02,0.09445663953363433
AOI-0032,2022-08-15,0.09805975486576779
AOI-0032,2022-08-24,0.14582952740378513
AOI-0032,2022-08-29,0.1697288644272716
AOI-0032,2022-09-11,0.13915217973986174
AOI-0032,2023-04-07,0.28456856748307363
AOI-0032,2023-04-12,0.17585577122773952
AOI-0032,2023-05-12,0.22710017784250303
AOI-0032,2023-05-15,0.22735760524485493
AOI-0032,2023-05-24,0.30507115377932836
AOI-0032,2023-06-06,0.3955141842824698
AOI-0032,2023-06-18,0.5429860686646961
AOI-0032,2023-07-26,0.26185007529785786
AOI-0032,2023-07-28,0.3110777742574894
AOI-0032,2023-08-08,0.2276313192579522
AOI-0032,2023-09-01,0.22782494792484456
AOI-0032,2023-09-11,0.22097737945311385
AOI-0032,2023-09-24,0.17980184202416893
AOI-0032,2024-04-07,0.2190063517127136
AOI-0032,2024-05-06,0.19705953224655867
AOI-0032,2024-06-03,0.21182595233517337
AOI-0032,2024-07-12,0.1403401568310828
AOI-0032,2024-07-25,0.1445563092498271
AOI-0032,2024-07-30,0.13304893027656337
AOI-0032,2024-08-22,0.15331537856553618
AOI-0032,2024-08-30,0.15243841176174172
AOI-0032,2024-09-13,0.16065474826534504
AOI-0032,2024-09-18,0.13662815968078262
AOI-0032,2024-10-05,0.1280348078121713
AOI-0032,2024-10-15,0.22473462114060772
AOI-0032,2024-10-23,0.13077124992033246
AOI-0032,2025-05-06,0.7222973739226068
AOI-0032,2025-05-28,0.7215221736463466
AOI-0032,2025-06-30,0.2841546469260993
AOI-0032,2025-07-07,0.20332381202202918
AOI-0032,2025-07-10,0.1776229116869626
AOI-0032,2025-08-13,0.19225072494610967
AOI-0032,2025-08-16,0.1432778262750537
AOI-0032,2025-08-24,0.14846214017843617
AOI-0032,2025-08-31,0.1577993456524485
AOI-0032,2025-09-03,0.12560836431066907
AOI-0032,2025-10-08,0.15873409553181866
AOI-0033,2025-04-28,0.17577615023071927
AOI-0033,2025-05-20,0.322603501898041
AOI-0033,2025-06-10,0.6829060711626276
AOI-0033,2025-06-22,0.7228067949515871
AOI-0033,2025-07-05,0.47612065119659164
AOI-0033,2025-07-10,0.3133815936397121
AOI-0033,2025-09-15,0.28769672911305766
AOI-0034,2025-04-25,0.202697075594709
AOI-0034,2025-05-06,0.1857367237831108
AOI-0034,2025-05-09,0.3122457561556031
AOI-0034,2025-06-10,0.23297204274336697
AOI-0034,2025-06-15,0.1672937030351897
AOI-0034,2025-06-21,0.19887463402874522
AOI-0034,2025-07-07,0.12318848650169471
AOI-0034,2025-07-10,0.13473596473184768
AOI-0034,2025-07-16,0.1696978894720307
AOI-0034,2025-08-31,0.1599568935223329
AOI-0034,2025-09-13,0.1436575514737482
AOI-0034,2025-09-23,0.14345374056645116
AOI-0034,2025-10-02,0.26966799784672013
AOI-0034,2025-10-16,0.5384932770678237
AOI-0035,2025-05-16,0.166739843400589
AOI-0035,2025-05-20,0.20106275494667805
AOI-0035,2025-06-05,0.18268311280239108
AOI-0035,2025-06-07,0.14651585116677096
AOI-0035,2025-06-10,0.23629553745870657
AOI-0035,2025-07-30,0.12087285195445888
AOI-0035,2025-08-31,0.14008874359130777
AOI-0035,2025-09-26,0.16838902040035622
AOI-0035,2025-09-28,0.13296656015121716
AOI-0035,2025-10-02,0.20384042708401895
AOI-0035,2025-10-30,0.5781268927566698
AOI-0036,2025-05-16,0.6176406611640961
AOI-0036,2025-07-16,0.23957491185575103
AOI-0036,2025-08-01,0.1707331947111398
AOI-0036,2025-08-09,0.14112265056166973
AOI-0036,2025-08-23,0.16763941006487568
AOI-0036,2025-10-02,0.19115197046509144
AOI-0037,2025-04-07,0.5304942823471344
AOI-0037,2025-04-16,0.4823346614465075
AOI-0037,2025-05-23,0.6335204019501727
AOI-0037,2025-06-30,0.3418829170398709
AOI-0037,2025-07-14,0.3088146134210955
AOI-0037,2025-07-23,0.2637987915619112
AOI-0037,2025-08-09,0.22505767828671375
AOI-0037,2025-08-16,0.22919772109898906
AOI-0037,2025-09-12,0.1980108501254204
AOI-0037,2025-09-13,0.1893260966508178
AOI-0037,2025-09-23,0.196677966567869
AOI-0037,2025-09-26,0.21122976558379772
AOI-0037,2025-09-30,0.2671278309739663
AOI-0037,2025-10-05,0.1963518157712008
AOI-0038,2025-04-07,0.46113025155153115
AOI-0038,2025-04-25,0.49085551810873895
AOI-0038,2025-06-14,0.45652387546943235
AOI-0038,2025-07-10,0.17975197800596615
AOI-0038,2025-07-15,0.18685027671779192
AOI-0038,2025-08-14,0.17926713662192173
AOI-0038,2025-09-02,0.20948452030189724
AOI-0038,2025-10-05,0.1830508126957059
AOI-0038,2025-10-08,0.17719633682761976
AOI-0038,2025-10-16,0.2870439574974657
AOI-0039,2025-05-04,0.7173624821763306
AOI-0039,2025-05-08,0.6339451859107688
AOI-0039,2025-05-28,0.6179470481700261
AOI-0039,2025-07-10,0.4290447453435645
AOI-0039,2025-08-06,0.3061572987369696
AOI-0039,2025-08-24,0.3489748032237947
AOI-0039,2025-09-08,0.29698682353447287
AOI-0039,2025-09-12,0.31034955163971417
AOI-0039,2025-09-14,0.3739758476388683
AOI-0039,2025-09-26,0.3156642516300491
AOI-0039,2025-10-23,0.3692818032010997
AOI-0040,2025-04-02,0.2824148810023742
AOI-0040,2025-04-03,0.287607343037725
AOI-0040,2025-05-06,0.7339188385368378
AOI-0040,2025-06-07,0.6825883675241322
AOI-0040,2025-07-08,0.21866265838521465
AOI-0040,2025-09-12,0.1407561069246428
AOI-0040,2025-09-13,0.13134814944634854
AOI-0040,2025-09-28,0.14099398754018697
AOI-0040,2025-09-30,0.21902441850448243
AOI-0040,2025-10-02,0.17488405775809623
AOI-0041,2025-04-23,0.637580560837211
AOI-0041,2025-05-20,0.6051080453269685
AOI-0041,2025-06-22,0.3652270874643026
AOI-0041,2025-06-27,0.3703210128114339
AOI-0041,2025-07-23,0.2613038367790094
AOI-0041,2025-08-19,0.20262123039144023
AOI-0041,2025-09-30,0.31630503107339286
AOI-0042,2025-04-18,0.1730306476015614
AOI-0042,2025-05-04,0.16336592148218998
AOI-0042,2025-06-13,0.1572351385092049
AOI-0042,2025-07-14,0.15445263899219178
AOI-0042,2025-07-16,0.15028617503878497
AOI-0042,2025-07-24,0.16019927299333847
AOI-0042,2025-08-17,0.15283526581872733
AOI-0042,2025-08-19,0.11885450381224408
AOI-0042,2025-08-24,0.1253858137859181
AOI-0042,2025-08-29,0.16788177293769857
AOI-0042,2025-09-15,0.13352333917569612
AOI-0042,2025-09-17,0.14409708972888857
AOI-0042,2025-10-02,0.18063570685019095
AOI-0043,2025-04-24,0.20314147703695767
AOI-0043,2025-04-29,0.22625762355956064
AOI-0043,2025-05-31,0.21440608554444793
AOI-0043,2025-06-08,0.19836468442091354
AOI-0043,2025-06-15,0.15211996025050645
AOI-0043,2025-06-17,0.14839664659290167
AOI-0043,2025-06-25,0.14576704382264294
AOI-0043,2025-07-07,0.18913050027901432
AOI-0043,2025-07-13,0.1535545984249791
AOI-0043,2025-08-12,0.14155721214269743
AOI-0043,2025-09-24,0.20423815646749752
AOI-0043,2025-10-13,0.15052514320614607
AOI-0043,2025-10-15,0.16549728914954603
AOI-0044,2010-04-16,0.22419750173241565
AOI-0044,2010-04-25,0.25851866552201264
AOI-0044,2010-05-09,0.49204239292866264
AOI-0044,2010-05-18,0.36111140087564947
AOI-0044,2010-06-12,0.4289218270855154
AOI-0044,2010-06-20,0.4098500934793826
AOI-0044,2010-06-28,0.47870209329306423
AOI-0044,2010-07-29,0.23261941121253943
AOI-0044,2010-08-06,0.18820238309072837
AOI-0044,2010-10-16,0.250642121268286
AOI-0044,2010-10-25,0.17676116840110404
AOI-0044,2011-07-16,0.6711586501671267
AOI-0044,2011-08-01,0.3431490121844891
AOI-0044,2011-08-02,0.311040164279664
AOI-0044,2011-10-16,0.35199268078105594
AOI-0044,2012-04-06,0.33563386115315474
AOI-0044,2012-05-08,0.6573026405482633
AOI-0044,2013-05-02,0.2206543085945225
AOI-0044,2013-05-03,0.219256075135141
AOI-0044,2013-05-11,0.2718950977835089
AOI-0044,2014-04-07,0.38887265281658134
AOI-0044,2014-06-06,0.2529533189559258
AOI-0044,2014-06-14,0.20953693031759357
AOI-0044,2014-06-23,0.2131702411201828
AOI-0044,2014-08-02,0.17012548215995005
AOI-0044,2014-08-09,0.1658809789771811
AOI-0044,2014-08-29,0.2281290293477427
AOI-0044,2014-09-18,0.18384534427474952
AOI-0044,2014-09-19,0.16518138925127424
AOI-0044,2014-10-04,0.19838516346146912
AOI-0044,2014-10-12,0.15477616603251554
AOI-0044,2014-10-28,0.18449385880864747
AOI-0044,2014-10-29,0.19051108701460706
AOI-0044,2015-06-26,0.47912695043141573
AOI-0044,2015-07-27,0.2477333602353648
AOI-0044,2015-07-28,0.29703860384207326
AOI-0044,2015-08-29,0.23576684197498265
AOI-0044,2015-10-08,0.19667292553077817
AOI-0044,2015-10-16,0.2744618653348081
AOI-0044,2016-04-08,0.49503943819068025
AOI-0044,2016-05-08,0.8170277512695687
AOI-0044,2016-05-11,0.8425659205855784
AOI-0044,2016-06-20,0.38642824147628
AOI-0044,2016-06-25,0.3789660698295121
AOI-0044,2016-07-13,0.28093152706556224
AOI-0044,2016-07-27,0.33105343009972604
AOI-0044,2016-09-07,0.19888360545212128
AOI-0044,2016-09-13,0.2525822377303971
AOI-0044,2016-10-02,0.20855386152758298
AOI-0044,2016-10-26,0.21032658273976768
AOI-0044,2017-04-03,0.17372959297090423
AOI-0044,2017-04-04,0.17173366119607003
AOI-0044,2017-04-12,0.2128178769318891
AOI-0044,2017-06-27,0.22262363755692605
AOI-0044,2017-06-30,0.21699160801056838
AOI-0044,2017-08-10,0.17182344121753643
AOI-0044,2017-09-14,0.2380781651216641
AOI-0044,2018-04-06,0.5268552475555897
AOI-0044,2018-07-12,0.2590580804130553
AOI-0044,2018-07-19,0.16501150007312385
AOI-0044,2018-09-30,0.22199361288622632
AOI-0044,2019-04-25,0.3565239627636679
AOI-0044,2019-04-26,0.36545798239059113
AOI-0044,2019-06-02,0.6916663082018524
AOI-0044,2019-06-12,0.4940149357306097
AOI-0044,2019-06-20,0.3335909409409979
AOI-0044,2019-08-13,0.416627239378753
AOI-0044,2019-09-10,0.16958054852249138
AOI-0044,2019-09-15,0.15061845023418025
AOI-0044,2019-09-16,0.18917044583132103
AOI-0044,2019-10-10,0.17074727221282948
AOI-0044,2020-04-17,0.16276723291972808
AOI-0044,2020-04-22,0.2733336058268401
AOI-0044,2020-05-17,0.19375402202165654
AOI-0044,2020-06-30,0.20288245986493253
AOI-0044,2020-08-10,0.1400420142510098
AOI-0044,2020-09-09,0.15025280198400137
AOI-0044,2020-09-10,0.14517297202629106
AOI-0044,2020-09-26,0.12485080750456568
AOI-0044,2020-09-29,0.18038886565195084
AOI-0044,2020-10-14,0.14113689631889748
AOI-0044,2020-10-21,0.14231789814682283
AOI-0044,2021-05-12,0.7053088909784416
AOI-0044,2021-05-17,0.7263646873064425
AOI-0044,2021-05-25,0.7189672800699377
AOI-0044,2021-07-16,0.22413879077982868
AOI-0044,2021-07-21,0.15485677824422867
AOI-0044,2021-09-30,0.22291099855168875
AOI-0044,2021-10-07,0.1549758942509079
AOI-0044,2022-05-27,0.7785688829252028
AOI-0044,2022-06-06,0.7214911886213009
AOI-0044,2022-06-12,0.7128068632980848
AOI-0044,2022-07-07,0.20985690532248685
AOI-0044,2022-08-10,0.23584153640419553
AOI-0044,2022-08-13,0.291392513218784
AOI-0044,2022-08-24,0.27195211465039637
AOI-0044,2022-09-25,0.18366711755391962
AOI-0044,2022-09-30,0.2560282776049885
AOI-0044,2023-04-02,0.1707519735472366
AOI-0044,2023-04-07,0.3051178192059592
AOI-0044,2023-06-06,0.21184035144801022
AOI-0044,2023-06-30,0.19214561438327227
AOI-0044,2023-07-05,0.18598235407107086
AOI-0044,2023-07-09,0.1712783589150546
AOI-0044,2023-07-11,0.15749930127410097
AOI-0044,2023-07-16,0.15950636781988056
AOI-0044,2023-07-25,0.2116730808578275
AOI-0044,2023-08-05,0.1518839803296813
AOI-0044,2023-08-25,0.15191946617037
AOI-0044,2023-09-30,0.2761620407874261
AOI-0044,2023-10-14,0.26673852747173565
AOI-0044,2024-04-06,0.8071409099248472
AOI-0044,2024-04-14,0.8345851190800699
AOI-0044,2024-06-05,0.5694785130658943
AOI-0044,2024-09-06,0.14371035574009788
AOI-0044,2024-09-21,0.14466400141431807
AOI-0044,2025-04-02,0.1504341271760633
AOI-0044,2025-05-20,0.2093739753360812
AOI-0044,2025-07-06,0.19041968570505405
AOI-0044,2025-07-10,0.13990293704296025
AOI-0044,2025-08-14,0.1494440063043543
AOI-0044,2025-09-23,0.15549858432584177
AOI-0044,2025-10-03,0.16319527693093117
AOI-0044,2025-10-15,0.15698702031427814
AOI-0045,2025-04-26,0.23026750180947952
AOI-0045,2025-06-15,0.15667528478808987
AOI-0045,2025-06-27,0.16418069515850695
AOI-0045,2025-06-29,0.2020224308753643
AOI-0045,2025-07-31,0.18620485047070862
AOI-0045,2025-08-13,0.2131488320381889
AOI-0045,2025-08-15,0.18947722981176673
AOI-0045,2025-08-16,0.1465441759061435
AOI-0045,2025-09-30,0.2322941117113161
AOI-0045,2025-10-15,0.15567098926896084
AOI-0046,2010-06-26,0.32545791132375446
AOI-0046,2010-07-12,0.3640067251550865
AOI-0046,2010-09-14,0.40270161307313057
AOI-0046,2011-05-30,0.29137812919710565
AOI-0046,2011-08-17,0.18650877841464447
AOI-0046,2012-04-22,0.44160891301494604
AOI-0046,2012-04-29,0.27978858785210603
AOI-0046,2012-06-09,0.5861921989943748
AOI-0046,2013-04-25,0.22798434494293243
AOI-0046,2013-05-09,0.46067109892156693
AOI-0046,2013-06-11,0.5838820597232249
AOI-0046,2013-06-27,0.36026543754859297
AOI-0046,2013-07-21,0.2991948121924516
AOI-0046,2013-07-28,0.35222966083759766
AOI-0046,2013-07-30,0.2761424310100379
AOI-0046,2014-05-25,0.7375214594442883
AOI-0046,2014-05-29,0.7742833368471286
AOI-0046,2014-07-01,0.3032171961031655
AOI-0046,2014-07-12,0.3287604454656621
AOI-0046,2014-08-01,0.19414189598663012
AOI-0046,2014-08-25,0.14277670909821835
AOI-0046,2014-09-19,0.15032992833477574
AOI-0046,2015-05-17,0.2539978622284361
AOI-0046,2015-07-12,0.350640872560961
AOI-0046,2015-09-22,0.2038720528088995
AOI-0046,2015-10-16,0.32605122495502004
AOI-0046,2016-05-02,0.8196030371212515
AOI-0046,2016-05-10,0.83900917175732
AOI-0046,2016-05-18,0.8507331048224955
AOI-0046,2016-06-03,0.6929815368540124
AOI-0046,2016-06-09,0.6355942023089334
AOI-0046,2016-07-13,0.19184619628037303
AOI-0046,2016-07-30,0.232757684755671
AOI-0046,2016-10-02,0.23006743500078108
AOI-0046,2016-10-17,0.30401813942755623
AOI-0046,2016-10-25,0.3100736739451039
AOI-0046,2017-04-13,0.43892435205018676
AOI-0046,2017-06-27,0.42803375325677273
AOI-0046,2017-07-02,0.33780959335228455
AOI-0046,2017-07-24,0.21838682427556289
AOI-0046,2017-08-09,0.16912500999568542
AOI-0046,2017-08-21,0.14873088025631626
AOI-0046,2017-09-10,0.21681359919060572
AOI-0046,2017-09-15,0.275738771935254
AOI-0046,2017-10-12,0.26303784981421835
AOI-0046,2018-05-09,0.367471015362377
AOI-0046,2018-06-01,0.22688774309435708
AOI-0046,2018-07-20,0.19365292610777252
AOI-0046,2018-08-20,0.16982127654710402
AOI-0046,2018-08-29,0.2165814373671471
AOI-0046,2018-10-15,0.17311610239738173
AOI-0046,2018-10-24,0.19614897883656982
AOI-0046,2019-04-01,0.19745551714039994
AOI-0046,2019-04-18,0.3080311124621799
AOI-0046,2019-05-19,0.78721773603287
AOI-0046,2019-08-01,0.2251530437173861
AOI-0046,2019-09-01,0.19872842586432107
AOI-0046,2019-10-20,0.4626969769120402
AOI-0046,2020-04-04,0.7828237076288501
AOI-0046,2020-04-07,0.8001966169944682
AOI-0046,2020-05-08,0.8191512415233067
AOI-0046,2020-05-24,0.7971521447802304
AOI-0046,2020-06-09,0.6851517566882616
AOI-0046,2020-09-10,0.15169147355223267
AOI-0046,2020-09-13,0.20483959094896098
AOI-0046,2020-09-26,0.12802662287512628
AOI-0046,2020-10-21,0.14345843813387876
AOI-0046,2021-05-02,0.5347818227836267
AOI-0046,2021-05-25,0.7791427058907722
AOI-0046,2021-07-11,0.28774417351430104
AOI-0046,2021-07-28,0.30001006312834055
AOI-0046,2021-08-13,0.38323275730756945
AOI-0046,2021-08-20,0.21739292246389386
AOI-0046,2021-08-29,0.4103541716477591
AOI-0046,2021-09-06,0.4844907421319073
AOI-0046,2022-06-05,0.2429846899344319
AOI-0046,2022-07-24,0.18514809696501158
AOI-0046,2022-07-29,0.1667524823321821
AOI-0046,2022-07-30,0.22499900995535316
AOI-0046,2022-08-24,0.21515494773790994
AOI-0046,2022-08-30,0.1465093006320601
AOI-0046,2023-04-02,0.5363869604736649
AOI-0046,2023-04-29,0.8261207719588117
AOI-0046,2023-05-06,0.875222317922111
AOI-0046,2023-06-21,0.630559741422722
AOI-0046,2023-06-24,0.4850332098207286
AOI-0046,2023-07-22,0.24072119439870374
AOI-0046,2023-07-25,0.2601690391141827
AOI-0046,2023-08-13,0.20693017598309682
AOI-0046,2023-08-18,0.1562834377906779
AOI-0046,2023-08-25,0.16477025716847288
AOI-0046,2023-08-27,0.1804741133455749
AOI-0046,2023-08-28,0.1523931730083484
AOI-0046,2023-10-13,0.19538028178144934
AOI-0046,2023-10-29,0.2967732810897437
AOI-0046,2024-04-06,0.7077134919092284
AOI-0046,2024-05-08,0.859117858572107
AOI-0046,2024-05-09,0.8526361657048953
AOI-0046,2024-06-01,0.7925527622155044
AOI-0046,2024-06-09,0.5266691024534826
AOI-0046,2024-07-03,0.20625475104469176
AOI-0046,2024-07-19,0.16155273362965833
AOI-0046,2024-08-09,0.14445670960942658
AOI-0046,2024-08-20,0.18914088705433707
AOI-0046,2024-08-28,0.2110829767544012
AOI-0046,2024-09-13,0.18034576017837037
AOI-0046,2024-09-22,0.17874589102186272
AOI-0046,2024-10-13,0.12006832775159884
AOI-0046,2025-06-30,0.7197746631052757
AOI-0046,2025-07-15,0.4475665378365905
AOI-0046,2025-08-07,0.417332381435762
AOI-0046,2025-08-15,0.4157877834880982
AOI-0046,2025-09-24,0.2050426260637773
AOI-0046,2025-10-02,0.19636116094134914
AOI-0047,2025-05-08,0.7463017991026062
AOI-0047,2025-05-16,0.766336601214924
AOI-0047,2025-05-25,0.7096428106974921
AOI-0047,2025-06-15,0.37978669090886014
AOI-0047,2025-07-17,0.16218600668670333
AOI-0047,2025-07-18,0.15633823181198753
AOI-0047,2025-09-03,0.13828147440892785
AOI-0047,2025-10-15,0.1584958454085047
AOI-0047,2025-10-16,0.22435052440135633
AOI-0048,2025-04-07,0.6762968593564769
AOI-0048,2025-04-17,0.6963323297724029
AOI-0048,2025-05-09,0.687193046538099
AOI-0048,2025-09-17,0.1691461391915977
AOI-0048,2025-09-24,0.1824546791385004
AOI-0049,2025-05-04,0.7537013063333418
AOI-0049,2025-06-26,0.36004149001405317
AOI-0049,2025-06-27,0.23036012888992102
AOI-0049,2025-07-29,0.22899960981324885
AOI-0049,2025-08-06,0.18283613560701045
AOI-0049,2025-08-12,0.16581416667898272
AOI-0049,2025-08-17,0.1703078255488104
AOI-0049,2025-09-06,0.16424255317126718
AOI-0049,2025-09-14,0.24850003421858916
AOI-0049,2025-09-26,0.19988248284206123
AOI-0049,2025-09-30,0.294425283407832
AOI-0049,2025-10-08,0.1959716440023112
AOI-0049,2025-10-16,0.27802690417607046
AOI-0049,2025-10-28,0.23162888639460427
AOI-0050,2025-04-14,0.305555110440044
AOI-0050,2025-04-15,0.3394454283427746
AOI-0050,2025-05-25,0.6279589315345387
AOI-0050,2025-06-27,0.4877950902971081
AOI-0050,2025-08-07,0.28688936724591446
AOI-0050,2025-08-09,0.2891496011954248
AOI-0050,2025-08-13,0.448312297792807
AOI-0050,2025-08-17,0.2867962808823497
AOI-0050,2025-09-07,0.34462849745093477
AOI-0050,2025-09-30,0.42284988116237227
AOI-0050,2025-10-17,0.36200013274796916
AOI-0050,2025-10-28,0.3309606403582907
AOI-0051,2010-06-09,0.7016171061550078
AOI-0051,2011-06-04,0.528267950364512
AOI-0051,2011-06-05,0.5251898431461355
AOI-0051,2011-06-12,0.6316989374038293
AOI-0051,2011-06-13,0.6369043598147556
AOI-0051,2011-09-01,0.5737869081240257
AOI-0051,2011-10-11,0.3960240231639389
AOI-0051,2012-04-27,0.4866004282903952
AOI-0051,2012-05-22,0.6230957948630522
AOI-0051,2012-08-12,0.47324973289453043
AOI-0051,2012-08-26,0.34091466042491153
AOI-0051,2012-08-28,0.45261141972869456
AOI-0051,2012-09-18,0.3430756268717413
AOI-0051,2012-10-13,0.3630752755422816
AOI-0051,2013-05-01,0.758071237581049
AOI-0051,2013-07-19,0.40958793324911635
AOI-0051,2013-07-28,0.5473662534818319
AOI-0051,2013-08-29,0.47160626575366854
AOI-0051,2013-10-07,0.4675431383547811
AOI-0051,2013-10-16,0.5285631999461797
AOI-0051,2014-04-18,0.7682514938617405
AOI-0051,2014-06-05,0.6928572406023823
AOI-0051,2014-06-10,0.60301161244238
AOI-0051,2014-06-28,0.4958868589252077
AOI-0051,2014-09-08,0.3689966093942373
AOI-0051,2014-09-16,0.3781660278436095
AOI-0051,2015-04-07,0.3309220298858975
AOI-0051,2015-05-23,0.7385332402175455
AOI-0051,2015-06-10,0.7377743110089388
AOI-0051,2015-06-15,0.7366404531339171
AOI-0051,2015-06-26,0.6980314335607374
AOI-0051,2015-09-14,0.38901745883716926
AOI-0051,2015-09-20,0.3079827426153012
AOI-0051,2015-10-06,0.2470451434594259
AOI-0051,2016-04-06,0.6199185786658683
AOI-0051,2016-06-25,0.5410871756510319
AOI-0051,2016-07-12,0.4360523617387265
AOI-0051,2016-08-28,0.4506186133859726
AOI-0051,2016-09-14,0.34234465404002506
AOI-0051,2016-09-29,0.4221341117633013
AOI-0051,2016-10-24,-0.11202187153081931
AOI-0051,2017-05-28,0.5313792781557689
AOI-0051,2017-06-21,0.6630490070323116
AOI-0051,2017-06-28,0.6379191230614412
AOI-0051,2017-07-06,0.6255545798262905
AOI-0051,2017-07-23,0.6482424932075845
AOI-0051,2017-09-25,0.31452109957880386
AOI-0051,2017-09-30,0.37909626939259194
AOI-0051,2017-10-16,0.3169331517379519
AOI-0051,2018-04-11,0.43098605399546647
AOI-0051,2018-04-28,0.6268451581335721
AOI-0051,2018-04-29,0.6375396470575038
AOI-0051,2018-05-30,0.7206332418616896
AOI-0051,2018-06-26,0.42648945918801273
AOI-0051,2018-07-02,0.27248405412692045
AOI-0051,2018-08-02,0.3248676745275564
AOI-0051,2018-08-18,0.3238947782764029
AOI-0051,2018-09-14,0.3706125330659288
AOI-0051,2018-09-19,0.2884763531263104
AOI-0051,2018-10-14,0.23867839772437482
AOI-0051,2019-05-17,0.8375599700633767
AOI-0051,2019-05-31,0.7531891633294421
AOI-0051,2019-06-25,0.2730930037877723
AOI-0051,2019-06-30,0.25990828425685314
AOI-0051,2019-07-29,0.3258232498987642
AOI-0051,2019-08-05,0.33977719598509293
AOI-0051,2019-08-13,0.38369168657756186
AOI-0051,2019-08-22,0.2786869445022226
AOI-0051,2019-09-13,0.26409969519793686
AOI-0051,2019-10-16,0.3726856892306828
AOI-0051,2020-04-26,0.4069233883282063
AOI-0051,2020-06-09,0.7483783699456792
AOI-0051,2020-07-04,0.48260993486512993
AOI-0051,2020-07-27,0.4435245420138531
AOI-0051,2020-08-31,0.3413890345170915
AOI-0051,2020-09-07,0.25214102623848345
AOI-0051,2020-10-27,0.1541100446922688
AOI-0051,2021-05-06,0.7541350799854278
AOI-0051,2021-06-23,0.4872780450195243
AOI-0051,2021-07-19,0.30011105455160986
AOI-0051,2021-07-28,0.4351635983081217
AOI-0051,2021-08-23,0.3595109750546713
AOI-0051,2021-08-28,0.3650365834390059
AOI-0051,2021-08-29,0.45416894915308714
AOI-0051,2021-09-03,0.36670990865928993
AOI-0051,2021-09-07,0.32088666621715695
AOI-0051,2021-10-02,0.33944687678602786
AOI-0051,2021-10-21,0.2872774716576111
AOI-0051,2022-05-09,0.632228454340716
AOI-0051,2022-05-26,0.49182805149437125
AOI-0051,2022-05-27,0.44962987725163944
AOI-0051,2022-06-11,0.6428963770224421
AOI-0051,2022-06-19,0.7165839195638865
AOI-0051,2022-06-30,0.7622778063309427
AOI-0051,2022-07-09,0.766815797543869
AOI-0051,2022-07-12,0.6960316119718167
AOI-0051,2022-07-22,0.7352328154951542
AOI-0051,2022-07-24,0.7526314278830908
AOI-0051,2022-07-29,0.7206213738000118
AOI-0051,2022-08-13,0.6568002767696631
AOI-0051,2022-08-28,0.49906703680733233
AOI-0051,2022-09-06,0.4836777116612065
AOI-0051,2022-09-14,0.47791172986221137
AOI-0051,2022-10-07,0.37715560349004223
AOI-0051,2022-10-15,0.32572495187142836
AOI-0051,2023-04-23,0.8026538235813192
AOI-0051,2023-07-31,0.3168914643307047
AOI-0051,2023-08-28,0.3597497174586375
AOI-0051,2023-09-09,0.3388289422814502
AOI-0051,2023-09-27,0.371541421048389
AOI-0051,2023-10-04,0.3531515341816319
AOI-0051,2024-04-05,0.3062650638844199
AOI-0051,2024-05-04,0.394866832467652
AOI-0051,2024-05-22,0.4955552636179938
AOI-0051,2024-06-03,0.5539635949038116
AOI-0051,2024-06-23,0.4888403926290637
AOI-0051,2024-07-28,0.3044790135562231
AOI-0051,2024-08-27,0.277768276651478
AOI-0051,2024-09-03,0.23669259637377887
AOI-0051,2024-10-01,0.21496729018882654
AOI-0051,2024-10-05,0.23958113400445405
AOI-0051,2024-10-06,0.2197579563924806
AOI-0051,2024-10-15,0.3686961160734094
AOI-0051,2025-05-09,0.8285052233179908
AOI-0051,2025-06-10,0.5479092588250989
AOI-0051,2025-06-27,0.3589922827223212
AOI-0051,2025-07-05,0.3136530481377184
AOI-0051,2025-07-10,0.210476890032336
AOI-0051,2025-08-05,0.1896967773673885
AOI-0051,2025-08-12,0.1789878334934655
AOI-0051,2025-09-15,0.19886753816137342
AOI-0051,2025-09-16,0.19564108496241614
AOI-0052,2025-04-19,0.17936188420191884
AOI-0052,2025-06-08,0.3245360535071607
AOI-0052,2025-06-11,0.4464791817330561
AOI-0052,2025-07-05,0.6689414309117803
AOI-0052,2025-07-18,0.3662055363543641
AOI-0052,2025-08-22,0.13926153756976967
AOI-0052,2025-08-27,0.1437161964152043
AOI-0052,2025-09-06,0.1447348144697226
AOI-0052,2025-09-14,0.22544263575257545
AOI-0052,2025-10-17,0.2809129535818122
AOI-0053,2025-04-11,0.7310408021953607
AOI-0053,2025-04-14,0.7687493611362357
AOI-0053,2025-04-16,0.7693648938379886
AOI-0053,2025-04-19,0.7698269056986131
AOI-0053,2025-04-23,0.8787398675858829
AOI-0053,2025-06-26,0.3707980014994319
AOI-0053,2025-07-28,0.2115842133411323
AOI-0053,2025-08-02,0.17031276461719777
AOI-0053,2025-08-09,0.14459738547114634
AOI-0053,2025-08-12,0.14155602189854066
AOI-0053,2025-08-29,0.19595593365952033
AOI-0053,2025-09-01,0.13658510859386985
AOI-0053,2025-09-07,0.18505626248371962
AOI-0053,2025-09-11,0.14210097165066732
AOI-0053,2025-09-14,0.2271215992889945
AOI-0053,2025-09-15,0.15688610118300078
AOI-0053,2025-09-21,0.14081256966620434
AOI-0053,2025-09-26,0.1614323095483127
AOI-0053,2025-10-28,0.24103177051376798
AOI-0054,2025-04-11,0.530610830037096
AOI-0054,2025-04-19,0.6276212016915372
AOI-0054,2025-05-04,0.7765463308346172
AOI-0054,2025-06-03,0.8038510689442272
AOI-0054,2025-07-28,0.628943539199759
AOI-0054,2025-08-12,0.6884304541182525
AOI-0054,2025-09-21,0.6537385060684452
AOI-0054,2025-09-30,0.6566116649342362
AOI-0054,2025-10-16,0.6004023038843951
AOI-0055,2025-04-01,0.3446793688344233
AOI-0055,2025-04-11,0.3994083114988621
AOI-0055,2025-05-09,0.5311560114070835
AOI-0055,2025-07-04,0.5154178175711923
AOI-0055,2025-07-05,0.4965658762713944
AOI-0055,2025-07-08,0.4881153445208206
AOI-0055,2025-07-23,0.4314614611331884
AOI-0055,2025-08-17,0.35263369868400535
AOI-0055,2025-09-14,0.44157422521177253
AOI-0055,2025-09-22,0.4242812850379494
AOI-0056,2025-04-23,0.8398242218243803
AOI-0056,2025-05-24,0.776125792982129
AOI-0056,2025-06-10,0.5187883922008961
AOI-0056,2025-06-19,0.39446421331961296
AOI-0056,2025-07-18,0.1600054150449981
AOI-0056,2025-07-23,0.17200658230653304
AOI-0056,2025-08-09,0.1728836287406356
AOI-0056,2025-09-06,0.1851215252685875
AOI-0056,2025-09-08,0.1820113258169722
AOI-0056,2025-10-16,0.2839338684593779
AOI-0057,2025-05-04,0.7905912094907277
AOI-0057,2025-05-09,0.7525255108463892
AOI-0057,2025-05-19,0.5206453832599806
AOI-0057,2025-06-26,0.37982734604009016
AOI-0057,2025-06-27,0.24312505973755988
AOI-0057,2025-07-10,0.19871321696766747
AOI-0057,2025-07-13,0.18637937324480444
AOI-0057,2025-07-18,0.18682682042998183
AOI-0057,2025-08-05,0.1861544589152151
AOI-0057,2025-08-27,0.13911043458962846
AOI-0057,2025-09-01,0.15067450056321352
AOI-0057,2025-09-21,0.15736133337577649
AOI-0058,2010-04-23,0.37463308922438465
AOI-0058,2010-08-13,0.42508691937853116
AOI-0058,2010-08-29,0.3774525416496086
AOI-0058,2010-09-05,0.3126924997237219
AOI-0058,2011-04-02,0.3176764530834804
AOI-0058,2011-04-26,0.525524443353941
AOI-0058,2011-06-12,0.7403706549181914
AOI-0058,2011-07-15,0.5043136919473341
AOI-0058,2011-08-29,0.4420473009272013
AOI-0058,2011-09-01,0.3200669501090289
AOI-0058,2011-10-02,0.3211149688522664
AOI-0058,2011-10-27,0.3330957838370588
AOI-0058,2012-04-22,0.593110949901761
AOI-0058,2012-06-09,0.6918514536700197
AOI-0058,2012-06-23,0.6329487749310552
AOI-0058,2012-07-11,0.5714673135955157
AOI-0058,2012-08-12,0.4541896005972065
AOI-0058,2012-09-11,0.38431161394082014
AOI-0058,2013-04-07,0.43176684383647534
AOI-0058,2013-04-23,0.4982719466556759
AOI-0058,2013-05-09,0.5294848179691574
AOI-0058,2013-06-09,0.4797205054850292
AOI-0058,2013-06-10,0.6598279838866231
AOI-0058,2013-07-11,0.7050577705803586
AOI-0058,2013-07-19,0.6887217844173568
AOI-0058,2013-08-28,0.24709278626207454
AOI-0058,2013-10-16,0.44960900546417615
AOI-0058,2013-10-24,0.32102539746302694
AOI-0058,2014-04-25,0.794993054508567
AOI-0058,2014-06-05,0.7795805415882456
AOI-0058,2014-06-10,0.6747061834346245
AOI-0058,2014-09-14,0.34549930175860305
AOI-0058,2015-04-28,0.38381405001505714
AOI-0058,2015-05-09,0.684186488291721
AOI-0058,2015-09-03,0.47146340922282065
AOI-0058,2015-09-27,0.48457299344319416
AOI-0058,2016-04-06,0.7428488849994587
AOI-0058,2016-04-30,0.8271896214376855
AOI-0058,2016-06-09,0.8267923193765465
AOI-0058,2016-07-27,0.5602372891355166
AOI-0058,2016-07-28,0.4511800733049048
AOI-0058,2016-08-13,0.4834948527615375
AOI-0058,2017-04-25,0.8042370338271889
AOI-0058,2017-07-15,0.2544716941874319
AOI-0058,2017-09-13,0.20866087512343304
AOI-0058,2017-09-16,0.23519470393057273
AOI-0058,2018-05-15,0.7131103367968695
AOI-0058,2018-07-26,0.5245140175681129
AOI-0058,2018-08-02,0.49728654094027447
AOI-0058,2019-04-23,0.8429412182599235
AOI-0058,2019-05-25,0.8283650295255933
AOI-0058,2019-06-25,0.2898759930091117
AOI-0058,2019-06-27,0.28044916127662645
AOI-0058,2019-07-04,0.2863434681639796
AOI-0058,2019-08-30,0.21255145842959086
AOI-0058,2019-09-28,0.16202920897325024
AOI-0058,2019-09-30,0.26839955488410594
AOI-0058,2020-04-17,0.419815478325698
AOI-0058,2020-05-04,0.5229944817826826
AOI-0058,2020-06-05,0.658450648163066
AOI-0058,2020-06-29,0.5928352290265994
AOI-0058,2020-07-06,0.5226491593524727
AOI-0058,2020-07-22,0.4307082427546475
AOI-0058,2020-07-30,0.4124270840433234
AOI-0058,2020-08-07,0.3738071590915222
AOI-0058,2020-08-12,0.41741873562297516
AOI-0058,2020-08-23,0.3392500048080277
AOI-0058,2020-08-28,0.3956020812861463
AOI-0058,2020-09-24,0.29524716414982205
AOI-0058,2020-10-27,0.30267534122356377
AOI-0058,2021-04-15,0.5686300779453917
AOI-0058,2021-05-09,0.723570365203003
AOI-0058,2021-05-31,0.6983647501256306
AOI-0058,2021-07-09,0.6497133463771106
AOI-0058,2021-07-14,0.5196337426374907
AOI-0058,2021-07-25,0.47036956372850935
AOI-0058,2021-08-13,0.4641403140765764
AOI-0058,2021-08-28,0.3310759575174992
AOI-0058,2021-09-27,0.5058910959318038
AOI-0058,2022-06-10,0.7938481606793071
AOI-0058,2022-06-18,0.7977944290076889
AOI-0058,2022-07-04,0.2737162620046107
AOI-0058,2022-07-12,0.34819689069775667
AOI-0058,2022-07-17,0.25701309423225915
AOI-0058,2022-07-29,0.16956056307456183
AOI-0058,2022-09-14,0.29872668301790756
AOI-0058,2023-05-09,0.7638042366548249
AOI-0058,2023-05-20,0.5910015910066432
AOI-0058,2023-06-28,0.7698869884374195
AOI-0058,2023-08-17,0.5233042612132982
AOI-0058,2023-09-02,0.4217417553212636
AOI-0058,2023-09-10,0.4933485867100008
AOI-0058,2023-09-27,0.5129749122846092
AOI-0058,2023-10-12,0.480111575762995
AOI-0058,2024-04-09,0.7392613155752044
AOI-0058,2024-05-09,0.7683314760539185
AOI-0058,2024-06-03,0.6385012452338441
AOI-0058,2024-06-23,0.3487616791706829
AOI-0058,2024-06-28,0.339400976087891
AOI-0058,2024-07-09,0.3616600470411611
AOI-0058,2024-07-26,0.25781643204650284
AOI-0058,2024-07-27,0.3392516902565593
AOI-0058,2024-08-18,0.2810069287104279
AOI-0058,2024-08-27,0.2005619023660049
AOI-0058,2024-08-28,0.30622535268999584
AOI-0058,2024-09-21,0.20715934527781799
AOI-0058,2024-09-28,0.20505077930610416
AOI-0058,2024-10-01,0.20446001160134894
AOI-0058,2024-10-30,0.2250411863225817
AOI-0058,2025-04-07,0.5636468175660988
AOI-0058,2025-04-16,0.5122097612942136
AOI-0058,2025-04-24,0.5522387064743277
AOI-0058,2025-07-18,0.33759758429900133
AOI-0058,2025-07-28,0.32595309092321484
AOI-0058,2025-08-02,0.24997347947304388
AOI-0058,2025-08-06,0.2544997123965349
AOI-0058,2025-08-09,0.21172661649235663
AOI-0058,2025-08-12,0.198028505428614
AOI-0058,2025-08-14,0.1815899697398992
AOI-0058,2025-09-14,0.2699286808256381
AOI-0058,2025-09-22,0.2231767753323562
AOI-0059,2010-06-26,0.7921492549348909
AOI-0059,2010-07-19,0.7023750974362337
AOI-0059,2010-08-28,0.27267697107832833
AOI-0059,2011-04-23,0.7317184447158775
AOI-0059,2011-05-27,0.6601286840633049
AOI-0059,2011-05-28,0.6823340823893193
AOI-0059,2011-06-12,0.6517823270943853
AOI-0059,2011-06-26,0.7242287393921142
AOI-0059,2011-07-07,0.7294901397713651
AOI-0059,2011-07-28,0.48976025919208643
AOI-0059,2011-08-08,0.4998195288779712
AOI-0059,2011-08-23,0.5067687816116735
AOI-0059,2012-04-04,0.5874800413292812
AOI-0059,2012-08-12,0.44959348977983205
AOI-0059,2012-08-26,0.27531149615970935
AOI-0059,2012-09-11,0.26573966320128894
AOI-0059,2012-10-13,0.3317955350753084
AOI-0059,2013-05-09,0.8510044955292946
AOI-0059,2013-06-18,0.30023641727685974
AOI-0059,2013-07-20,0.21797449705557975
AOI-0059,2013-08-13,0.3044181415545513
AOI-0059,2013-08-21,0.22438796399670666
AOI-0059,2013-10-16,0.4136399390393124
AOI-0059,2014-05-09,0.8712874912094775
AOI-0059,2014-10-27,0.6733695111368309
AOI-0059,2015-04-13,0.26211934857665625
AOI-0059,2015-05-22,0.38625517165282597
AOI-0059,2015-06-07,0.7266390000534861
AOI-0059,2015-08-02,0.7963825511140287
AOI-0059,2015-08-10,0.7453761033539018
AOI-0059,2015-08-29,0.5769278267029918
AOI-0059,2015-09-27,0.5006173817040118
AOI-0059,2015-09-30,0.3890937858763541
AOI-0059,2016-05-25,0.9052223134664095
AOI-0059,2016-07-04,0.3731398775983039
AOI-0059,2016-09-14,0.24639477204911733
AOI-0059,2016-10-24,0.2766338544807639
AOI-0059,2017-04-02,0.561678843196363
AOI-0059,2017-05-06,0.8573233668276947
AOI-0059,2017-05-27,0.8855380103596004
AOI-0059,2017-06-04,0.9005048238067759
AOI-0059,2017-06-10,0.8172608823464271
AOI-0059,2017-07-12,0.3583466118591213
AOI-0059,2017-07-23,0.2819306309653
AOI-0059,2017-07-28,0.3735870110895523
AOI-0059,2017-08-13,0.2987698337240459
AOI-0059,2017-08-29,0.30764513843127617
AOI-0059,2017-09-24,0.21441226893676818
AOI-0059,2018-04-07,0.4153785709967316
AOI-0059,2018-05-22,0.3781267045314991
AOI-0059,2018-05-31,0.4056853002927836
AOI-0059,2018-07-09,0.5978841915635414
AOI-0059,2018-07-18,0.5030224696993671
AOI-0059,2018-07-26,0.4698710373272579
AOI-0059,2018-08-02,0.39415939398478367
AOI-0059,2018-08-10,0.3574924539107827
AOI-0059,2018-08-13,0.352575664624199
AOI-0059,2018-10-06,0.21496976580140104
AOI-0059,2019-04-11,0.6388439218842302
AOI-0059,2019-04-21,0.7212197072972671
AOI-0059,2019-04-23,0.7603799821188393
AOI-0059,2019-05-21,0.9051453907693322
AOI-0059,2019-06-02,0.8266918913926598
AOI-0059,2019-06-05,0.81541700283727
AOI-0059,2019-06-10,0.7477836036730365
AOI-0059,2019-06-15,0.5468852095706173
AOI-0059,2019-06-30,0.211623169324824
AOI-0059,2019-07-29,0.24031156355398808
AOI-0059,2019-08-21,0.16618027280827685
AOI-0059,2019-08-24,0.16317856899181213
AOI-0059,2019-09-03,0.16120324765472127
AOI-0059,2019-10-13,0.24528434768112606
AOI-0059,2019-10-24,0.21922769402308986
AOI-0059,2020-04-09,0.21810683907527662
AOI-0059,2020-04-18,0.24034609958259878
AOI-0059,2020-04-25,0.18850153383229967
AOI-0059,2020-05-08,0.593597768790065
AOI-0059,2020-05-12,0.3001069900334906
AOI-0059,2020-06-05,0.6352671306394504
AOI-0059,2020-07-11,0.7000640338524795
AOI-0059,2020-07-30,0.6865627087943049
AOI-0059,2020-10-26,0.16486403753072765
AOI-0059,2021-06-19,0.6531582180750778
AOI-0059,2021-06-23,0.6344711289167475
AOI-0059,2021-06-29,0.3990554649931018
AOI-0059,2021-07-28,0.37307295894590686
AOI-0059,2021-07-29,0.20569851816961188
AOI-0059,2021-08-18,0.36037859144578394
AOI-0059,2021-08-28,0.5633945156997192
AOI-0059,2021-09-07,0.7189531015300841
AOI-0059,2021-09-17,0.722790989429097
AOI-0059,2021-09-28,0.337564819897934
AOI-0059,2021-09-30,0.3593111493074741
AOI-0059,2021-10-16,0.33217587583119795
AOI-0059,2022-04-15,0.23220670191384662
AOI-0059,2022-06-10,0.7891752315398384
AOI-0059,2022-06-11,0.7908771855016048
AOI-0059,2022-07-20,0.7894015044344789
AOI-0059,2022-08-18,0.6900322245694548
AOI-0059,2022-09-27,0.3946163450053499
AOI-0059,2022-10-08,0.4358414371576829
AOI-0059,2023-05-13,0.8826667995786689
AOI-0059,2023-05-25,0.8419643195502216
AOI-0059,2023-06-18,0.8189791059332905
AOI-0059,2023-07-16,0.22894906005866011
AOI-0059,2023-07-29,0.1906057399265586
AOI-0059,2023-09-30,0.29934588601024315
AOI-0059,2023-10-12,0.1936527398266375
AOI-0059,2023-10-16,0.30459324416456884
AOI-0059,2024-04-04,0.2570317174106877
AOI-0059,2024-04-13,0.2565168807271408
AOI-0059,2024-04-22,0.4542995462082674
AOI-0059,2024-05-19,0.2270380027468769
AOI-0059,2024-06-09,0.6549683119438411
AOI-0059,2024-07-13,0.3347050037919342
AOI-0059,2024-07-17,0.3659490489059727
AOI-0059,2024-07-27,0.28726047988341974
AOI-0059,2024-09-11,0.17043127584988704
AOI-0059,2025-04-01,0.5622224512004355
AOI-0059,2025-04-23,0.8308427257735883
AOI-0059,2025-05-01,0.8462844786598895
AOI-0059,2025-05-09,0.8004155448342907
AOI-0059,2025-05-17,0.8172122541472493
AOI-0059,2025-06-10,0.4693409127068686
AOI-0059,2025-08-29,0.1994639411642285
AOI-0059,2025-09-07,0.194154738983931
AOI-0059,2025-10-08,0.18870438437725762
AOI-0059,2025-10-28,0.2186986750004551
AOI-0060,2025-04-14,0.7516936664428446
AOI-0060,2025-04-29,0.8062793873821273
AOI-0060,2025-06-03,0.44658294724428904
AOI-0060,2025-07-04,0.5614607258687587
AOI-0060,2025-07-05,0.5271227555533492
AOI-0060,2025-07-21,0.318227366790785
AOI-0060,2025-08-05,0.22896972671523683
AOI-0060,2025-08-29,0.2543527077784135
AOI-0060,2025-08-30,0.21055498805619471
AOI-0060,2025-09-01,0.16707676327629287
AOI-0060,2025-09-11,0.1615159499918069
AOI-0061,2010-04-23,0.3753609457113757
AOI-0061,2010-05-26,0.6625835420797765
AOI-0061,2010-06-11,0.7274477669801367
AOI-0061,2011-06-30,0.5297329525973311
AOI-0061,2011-07-28,0.48337677382125377
AOI-0061,2011-09-18,0.3011908532143547
AOI-0061,2011-09-26,0.32833469954512084
AOI-0061,2012-04-06,0.39351370237863537
AOI-0061,2012-05-24,0.7117850056662424
AOI-0061,2012-08-28,0.4571289782586214
AOI-0061,2012-09-04,0.41319736730941736
AOI-0061,2012-10-22,0.22877330530297324
AOI-0061,2013-04-16,0.6425540089073758
AOI-0061,2013-06-10,0.6423801315331215
AOI-0061,2013-06-26,0.5114156472603195
AOI-0061,2013-08-29,0.2972857910401908
AOI-0061,2013-09-14,0.3083620443052646
AOI-0061,2013-10-09,0.1969206697565371
AOI-0061,2014-04-27,0.8135133345180198
AOI-0061,2014-06-26,0.44444520697203405
AOI-0061,2014-07-28,0.3108526773302055
AOI-0061,2015-04-07,0.3224913800629702
AOI-0061,2015-05-08,0.2674278813418829
AOI-0061,2015-09-29,0.2633148509075043
AOI-0061,2016-04-22,0.7706249477318939
AOI-0061,2016-06-19,0.6680129630889711
AOI-0061,2016-06-27,0.48683271276529333
AOI-0061,2016-07-13,0.42266856488092075
AOI-0061,2017-04-03,0.15567956455291204
AOI-0061,2017-05-25,0.6133469396717636
AOI-0061,2017-07-02,0.8441559981451794
AOI-0061,2017-07-27,0.7618714372187911
AOI-0061,2017-08-11,0.5230454827475389
AOI-0061,2017-09-02,0.270473545023084
AOI-0061,2018-04-07,0.7561144088456291
AOI-0061,2018-06-10,0.7126220179206989
AOI-0061,2019-04-09,0.2565334008479184
AOI-0061,2019-05-13,0.3119759250660596
AOI-0061,2019-05-21,0.3764258091174594
AOI-0061,2019-05-25,0.7239820941812414
AOI-0061,2019-06-27,0.7675564086819359
AOI-0061,2019-07-12,0.7212583977098501
AOI-0061,2019-08-21,0.6299116555349548
AOI-0061,2019-09-14,0.2942430240083067
AOI-0061,2019-09-23,0.14143154147134704
AOI-0061,2019-10-18,0.24011805362535843
AOI-0061,2019-10-20,0.25139446620454853
AOI-0061,2020-04-17,0.36380028606690096
AOI-0061,2020-05-24,0.6733399070760375
AOI-0061,2020-07-16,0.2683260636228628
AOI-0061,2020-07-19,0.2664874927183151
AOI-0061,2020-07-24,0.2642320087487394
AOI-0061,2020-07-27,0.38382703000223595
AOI-0061,2020-08-08,0.22354710053287663
AOI-0061,2020-08-17,0.27884318812452913
AOI-0061,2020-08-18,0.24241610346515757
AOI-0061,2020-08-23,0.221594049645926
AOI-0061,2020-09-18,0.1954434302534605
AOI-0061,2020-10-17,0.14582357766715118
AOI-0061,2020-10-29,0.09829296875032287
AOI-0061,2021-05-05,0.8822725458322405
AOI-0061,2021-05-08,0.9100475669716319
AOI-0061,2021-05-15,0.9032524242036717
AOI-0061,2021-07-21,0.1925477558833097
AOI-0061,2021-07-24,0.19125270956743823
AOI-0061,2021-08-04,0.3183161185109013
AOI-0061,2021-08-28,0.3399391592767462
AOI-0061,2021-08-29,0.38238918012468415
AOI-0061,2021-10-29,0.06266942810274234
AOI-0061,2022-04-09,0.2430245870675501
AOI-0061,2022-05-09,0.4604633947522008
AOI-0061,2022-05-22,0.4025901754445197
AOI-0061,2022-05-25,0.5768590557536274
AOI-0061,2022-05-27,0.4234036843472969
AOI-0061,2022-06-12,0.8171749559996917
AOI-0061,2022-06-29,0.8397424954178505
AOI-0061,2022-07-06,0.8373410269395913
AOI-0061,2022-07-21,0.8144562907470057
AOI-0061,2022-07-22,0.7901701833058818
AOI-0061,2022-07-28,0.7614381262445037
AOI-0061,2022-08-23,0.36357003457035425
AOI-0061,2023-04-07,0.6639640001292012
AOI-0061,2023-04-25,0.6196394255878623
AOI-0061,2023-05-05,0.673846003348622
AOI-0061,2023-05-06,0.6798134848992232
AOI-0061,2023-05-17,0.7073484658552964
AOI-0061,2023-06-06,0.7860341963378412
AOI-0061,2023-06-21,0.7559418334798053
AOI-0061,2023-07-17,0.4625641239001359
AOI-0061,2023-07-21,0.4468521806612189
AOI-0061,2023-07-27,0.47575595029224815
AOI-0061,2023-09-24,0.1730809546011437
AOI-0061,2023-10-14,0.15738905925032887
AOI-0061,2023-10-29,0.20715826925821293
AOI-0061,2024-04-29,0.4233366702264562
AOI-0061,2024-05-01,0.4258398848119835
AOI-0061,2024-05-08,0.6178001933751458
AOI-0061,2024-06-20,0.47216035596444933
AOI-0061,2024-07-15,0.3781244424040035
AOI-0061,2024-08-09,0.3065118691577674
AOI-0061,2024-08-12,0.3801620769430022
AOI-0061,2024-09-06,0.2065367084137565
AOI-0061,2024-09-26,0.17506938133076821
AOI-0061,2024-10-07,0.2279508233743573
AOI-0061,2025-04-16,0.6623658544482903
AOI-0061,2025-04-19,0.7204571615481044
AOI-0061,2025-05-28,0.8404608032272369
AOI-0061,2025-06-28,0.5226593228178523
AOI-0061,2025-07-07,0.39590106172513545
AOI-0061,2025-07-10,0.3302316871715552
AOI-0061,2025-07-28,0.2497708501066079
AOI-0061,2025-08-16,0.21065486503499983
AOI-0061,2025-08-29,0.2740576308878045
AOI-0061,2025-09-24,0.2992950507247849
AOI-0061,2025-09-26,0.3145882637307707
AOI-0061,2025-10-16,0.36025816217713724
AOI-0062,2010-04-24,0.7670527638513902
AOI-0062,2010-05-09,0.8355969560460803
AOI-0062,2010-05-26,0.8450332427890779
AOI-0062,2010-08-13,0.25949508630645646
AOI-0062,2010-10-16,0.3313927227133615
AOI-0062,2011-06-14,0.6932953158078521
AOI-0062,2011-07-28,0.4587897301273772
AOI-0062,2011-10-16,0.4970692891368638
AOI-0062,2012-06-09,0.6383367190638396
AOI-0062,2012-08-28,0.2797851933127333
AOI-0062,2012-09-04,0.1805445267010834
AOI-0062,2012-09-13,0.2752215189495948
AOI-0062,2013-04-23,0.41044675669878955
AOI-0062,2013-07-12,0.7042481750386622
AOI-0062,2013-07-28,0.6943413391742813
AOI-0062,2013-09-14,0.37221120286287424
AOI-0062,2013-10-16,0.3098419351474845
AOI-0062,2014-06-30,0.3131236967041101
AOI-0062,2014-10-04,0.3890720604691892
AOI-0062,2015-04-22,0.6593037328697288
AOI-0062,2015-05-09,0.7068682557841934
AOI-0062,2015-09-05,0.1981777549369104
AOI-0062,2015-09-21,0.21481072025312242
AOI-0062,2016-05-08,0.8766349067647967
AOI-0062,2016-07-11,0.35258713814750414
AOI-0062,2016-07-27,0.36363136470308427
AOI-0062,2016-09-13,0.26792973631413375
AOI-0062,2016-10-25,0.2771402036849224
AOI-0062,2017-04-07,0.3490651008311122
AOI-0062,2017-07-28,0.6745056796779105
AOI-0062,2017-09-15,0.16394257984046173
AOI-0062,2018-04-06,0.6402152371499998
AOI-0062,2018-04-07,0.6763500033736725
AOI-0062,2018-06-02,0.8153981688425436
AOI-0062,2018-06-25,0.34355608755141065
AOI-0062,2018-07-28,0.3130109417784304
AOI-0062,2018-08-28,0.19473956755089528
AOI-0062,2019-04-08,0.17136776415292745
AOI-0062,2019-04-11,0.16358485175785725
AOI-0062,2019-06-17,0.7000561719678352
AOI-0062,2019-07-06,0.7241637445929977
AOI-0062,2019-08-09,0.7194301042738429
AOI-0062,2019-08-23,0.41644959133492115
AOI-0062,2019-09-23,0.1267361168080059
AOI-0062,2019-10-18,0.17331394884924448
AOI-0062,2019-10-23,0.23346918029287037
AOI-0062,2019-10-28,0.2232326451742268
AOI-0062,2020-04-30,0.7579361200402674
AOI-0062,2020-05-30,0.7933415330669891
AOI-0062,2020-06-16,0.5297398868597744
AOI-0062,2020-07-26,0.14208534069419426
AOI-0062,2020-08-18,0.16260213598214848
AOI-0062,2020-08-20,0.15851832190308338
AOI-0062,2020-08-23,0.1627539492648507
AOI-0062,2020-08-25,0.16468950522142078
AOI-0062,2020-09-07,0.13418591829672016
AOI-0062,2020-09-09,0.14495171651246624
AOI-0062,2020-10-07,0.1664889716631091
AOI-0062,2020-10-15,0.24880343104228175
AOI-0062,2021-04-23,0.348416036253962
AOI-0062,2021-05-05,0.21908215002374443
AOI-0062,2021-05-08,0.21653775728056707
AOI-0062,2021-05-12,0.18702295724431856
AOI-0062,2021-06-06,0.32152062188516867
AOI-0062,2021-06-10,0.6515020803322618
AOI-0062,2021-07-01,0.6975594458829076
AOI-0062,2021-07-26,0.7366864095131967
AOI-0062,2021-07-29,0.7222984666194971
AOI-0062,2021-09-12,0.21349665801884665
AOI-0062,2021-09-13,0.26588842450463046
AOI-0062,2021-09-19,0.1954733260685535
AOI-0062,2021-09-27,0.19368613808614768
AOI-0062,2021-09-29,0.1882945659804411
AOI-0062,2021-10-07,0.1706396115860389
AOI-0062,2021-10-16,0.29314926281762266
AOI-0062,2022-04-10,0.7168275600061844
AOI-0062,2022-04-27,0.8385450085846207
AOI-0062,2022-05-11,0.8764019159026917
AOI-0062,2022-05-25,0.8428167330647005
AOI-0062,2022-07-21,0.19937856985829702
AOI-0062,2022-07-24,0.18919144388063638
AOI-0062,2022-08-23,0.16946998181841585
AOI-0062,2022-09-14,0.2385952667408015
AOI-0062,2022-09-18,0.16397059714406925
AOI-0062,2022-09-30,0.2369149664276673
AOI-0062,2022-10-19,0.1522618693517283
AOI-0062,2023-05-17,0.3501477804920103
AOI-0062,2023-06-18,0.8702143918414009
AOI-0062,2023-06-24,0.8598840711992277
AOI-0062,2023-07-14,0.7978242045889925
AOI-0062,2023-08-05,0.48454812303734995
AOI-0062,2023-08-25,0.15006394207759213
AOI-0062,2023-09-17,0.15620765868041175
AOI-0062,2023-10-12,0.19233039343329505
AOI-0062,2023-10-16,0.2558290944186328
AOI-0062,2024-04-22,0.8800246709115375
AOI-0062,2024-06-03,0.8051342019238212
AOI-0062,2024-06-08,0.7412268153038444
AOI-0062,2024-06-23,0.23818757116216038
AOI-0062,2024-07-30,0.12545681857161364
AOI-0062,2024-08-04,0.15616231661563315
AOI-0062,2024-08-12,0.2026411367873242
AOI-0062,2024-09-06,0.13604981087880644
AOI-0062,2024-10-26,0.16307776747288988
AOI-0062,2025-04-01,0.22664957133499924
AOI-0062,2025-04-07,0.3638950290518815
AOI-0062,2025-04-11,0.2443429591100197
AOI-0062,2025-04-24,0.23980404975095576
AOI-0062,2025-04-29,0.2617916288031199
AOI-0062,2025-05-28,0.4871271620759435
AOI-0062,2025-06-28,0.789631980830442
AOI-0062,2025-07-06,0.802071873840578
AOI-0062,2025-07-07,0.7796054663860139
AOI-0062,2025-07-15,0.5229105277915577
AOI-0062,2025-07-25,0.41389425141947034
AOI-0062,2025-08-02,0.2863206542880861
AOI-0062,2025-08-17,0.23890755456180812
AOI-0062,2025-09-24,0.21268562783383155
AOI-0062,2025-09-30,0.29239774521711337
AOI-0062,2025-10-08,0.18015929402107175
AOI-0062,2025-10-13,0.18790540872068384
AOI-0063,2025-04-14,0.23855479078979774
AOI-0063,2025-04-19,0.20844731236948283
AOI-0063,2025-04-23,0.39303309651893104
AOI-0063,2025-04-24,0.22884290550698044
AOI-0063,2025-05-06,0.21176444224514857
AOI-0063,2025-05-25,0.6168399040883165
AOI-0063,2025-06-05,0.7312889367240076
AOI-0063,2025-06-25,0.7967903814641546
AOI-0063,2025-06-28,0.803649217134624
AOI-0063,2025-06-30,0.7815576247374675
AOI-0063,2025-07-06,0.7902370174470653
AOI-0063,2025-07-07,0.7849665054387716
AOI-0063,2025-07-22,0.5335019071720662
AOI-0063,2025-08-23,0.40445296370602446
AOI-0063,2025-09-13,0.2477772211972203
AOI-0063,2025-09-14,0.32010701387653834
AOI-0064,2025-04-14,0.451907663603933
AOI-0064,2025-04-23,0.6094806319295389
AOI-0064,2025-04-24,0.4304610135767729
AOI-0064,2025-06-03,0.7432615161694358
AOI-0064,2025-06-05,0.7413355639436657
AOI-0064,2025-06-26,0.45910012518923304
AOI-0064,2025-06-27,0.38478422116956124
AOI-0064,2025-06-28,0.3789744563090189
AOI-0064,2025-07-10,0.23796119300271582
AOI-0064,2025-08-12,0.13514423295967826
AOI-0064,2025-08-19,0.16891128071246087
AOI-0064,2025-08-27,0.16416324318769243
AOI-0064,2025-08-31,0.2094589879780145
AOI-0064,2025-09-13,0.18519678955555757
AOI-0064,2025-10-06,0.19517027895484776
AOI-0064,2025-10-13,0.17618978613457026
AOI-0065,2025-04-19,0.4299984514855496
AOI-0065,2025-05-01,0.46817284896246886
AOI-0065,2025-06-04,0.5316338283744992
AOI-0065,2025-06-05,0.5169121250379193
AOI-0065,2025-06-08,0.5266619121096132
AOI-0065,2025-06-26,0.6461952570743492
AOI-0065,2025-07-15,0.43395374595432684
AOI-0065,2025-07-18,0.4142491216862617
AOI-0065,2025-08-07,0.20880655484297245
AOI-0065,2025-08-17,0.2114757012506342
AOI-0065,2025-09-14,0.2926103398247557
AOI-0065,2025-09-25,0.20467440427055286
AOI-0065,2025-09-30,0.3421801801780491
AOI-0065,2025-10-08,0.22341089589422916
AOI-0066,2025-06-05,0.5068392147526012
AOI-0066,2025-07-05,0.7903209180942108
AOI-0066,2025-07-15,0.7026479124558029
AOI-0066,2025-07-25,0.5394449997384639
AOI-0066,2025-07-27,0.5101627260145225
AOI-0066,2025-08-14,0.3081626113635034
AOI-0066,2025-09-01,0.1673564951113855
AOI-0067,2010-04-25,0.17069963611629932
AOI-0067,2010-06-20,0.1880018124132241
AOI-0067,2010-06-26,0.2580431337657794
AOI-0067,2010-07-13,0.17448815645815002
AOI-0067,2010-07-21,0.1648594119147151
AOI-0067,2010-08-06,0.16381641632527266
AOI-0067,2010-08-07,0.14507564916386723
AOI-0067,2010-08-15,0.1432775709659991
AOI-0067,2010-09-23,0.15426417673546566
AOI-0067,2010-10-09,0.15295064850372087
AOI-0067,2011-05-09,0.33418743888175834
AOI-0067,2011-05-14,0.18560553548675415
AOI-0067,2011-09-03,0.32787062463231165
AOI-0067,2011-09-19,0.3055161664718903
AOI-0067,2012-05-08,0.38030539387513596
AOI-0067,2012-06-09,0.2265210174378281
AOI-0067,2012-07-27,0.16078527647898228
AOI-0067,2012-09-29,0.16461981952959437
AOI-0067,2013-07-30,0.2294005649992253
AOI-0067,2013-08-29,0.39613105974483265
AOI-0067,2014-05-21,0.19462561784965945
AOI-0067,2014-05-25,0.30137116877396697
AOI-0067,2014-06-06,0.19807086382972555
AOI-0067,2014-06-07,0.19573142491687537
AOI-0067,2014-07-01,0.1999067227572503
AOI-0067,2014-07-16,0.19222912744110365
AOI-0067,2014-07-17,0.1600197803205144
AOI-0067,2014-09-14,0.2285912156214061
AOI-0067,2014-10-12,0.13921454319972945
AOI-0067,2015-04-15,0.16919269824060115
AOI-0067,2015-05-09,0.2982024323595182
AOI-0067,2015-06-02,0.2071942282301694
AOI-0067,2015-06-18,0.24904881283748878
AOI-0067,2015-07-12,0.4634751279108055
AOI-0067,2015-07-20,0.36937522445655613
AOI-0067,2015-08-29,0.45481173828673865
AOI-0067,2015-09-14,0.36790209260217266
AOI-0067,2015-09-29,0.2446029030785512
AOI-0067,2016-05-03,0.24229522235882028
AOI-0067,2016-05-10,0.257748126004677
AOI-0067,2016-05-11,0.25607356957679167
AOI-0067,2016-06-25,0.2554432378782411
AOI-0067,2016-07-14,0.19372493218778225
AOI-0067,2016-07-27,0.3792349469589356
AOI-0067,2016-09-29,0.27089525767477995
AOI-0067,2016-10-25,0.2037288799726926
AOI-0067,2017-04-04,0.1685895490490092
AOI-0067,2017-04-28,0.1595929153481628
AOI-0067,2017-05-05,0.17162624659231773
AOI-0067,2017-06-07,0.2860845043241247
AOI-0067,2017-07-09,0.4619632222865422
AOI-0067,2017-07-25,0.5293974200626068
AOI-0067,2017-08-02,0.5711639589218549
AOI-0067,2017-08-11,0.55350671675104
AOI-0067,2017-08-13,0.5212977104771988
AOI-0067,2017-08-29,0.5003269605042708
AOI-0067,2017-09-14,0.4415735721208519
AOI-0067,2017-09-20,0.3989876301592001
AOI-0067,2018-04-06,0.20034960569354535
AOI-0067,2018-04-23,0.24891162752793805
AOI-0067,2018-05-25,0.24978739116805732
AOI-0067,2018-07-11,0.17085162842955717
AOI-0067,2018-08-29,0.21368784620591047
AOI-0067,2019-05-08,0.7289744144200284
AOI-0067,2019-05-28,0.7969227808413806
AOI-0067,2019-06-12,0.4763217031624346
AOI-0067,2019-07-12,0.2789811427486435
AOI-0067,2019-07-14,0.20378280132175608
AOI-0067,2019-07-28,0.4167150375401679
AOI-0067,2019-08-08,0.4067653670381376
AOI-0067,2019-08-11,0.3645798140353887
AOI-0067,2019-08-29,0.3068641679950009
AOI-0067,2019-09-05,0.2586400358896325
AOI-0067,2019-09-16,0.2699928361333815
AOI-0067,2019-09-24,0.28426736477033143
AOI-0067,2019-10-02,0.29865247545791745
AOI-0067,2019-10-03,0.2980664933989046
AOI-0067,2019-10-15,0.2913206227880196
AOI-0067,2020-04-22,0.23382086208452554
AOI-0067,2020-04-27,0.1380066602438024
AOI-0067,2020-05-02,0.13085328193565707
AOI-0067,2020-05-08,0.30668602892574126
AOI-0067,2020-07-06,0.6287269529429472
AOI-0067,2020-07-25,0.39374653444372076
AOI-0067,2020-07-26,0.4019562361121732
AOI-0067,2020-07-27,0.4389187398500992
AOI-0067,2020-08-25,0.35288852961933903
AOI-0067,2020-10-15,0.2618379491955495
AOI-0067,2021-05-16,0.27492083001073697
AOI-0067,2021-06-06,0.6096644767656233
AOI-0067,2021-06-16,0.6701002895615015
AOI-0067,2021-06-18,0.6793993830493883
AOI-0067,2021-07-04,0.43120166653007835
AOI-0067,2021-08-30,0.285212089996098
AOI-0067,2021-09-09,0.3015005083402607
AOI-0067,2021-10-09,0.18588253038300673
AOI-0067,2022-04-02,0.13624233042701966
AOI-0067,2022-04-23,0.27580361047685986
AOI-0067,2022-04-26,0.18974176977515603
AOI-0067,2022-06-01,0.20170697936378124
AOI-0067,2022-07-01,0.5852454697490187
AOI-0067,2022-08-23,0.4354800265503354
AOI-0067,2022-08-24,0.4367981419610642
AOI-0067,2022-08-29,0.4076201459534734
AOI-0067,2022-09-01,0.33449082094072313
AOI-0067,2022-09-25,0.3421452793598388
AOI-0067,2022-10-09,0.31054766526356303
AOI-0067,2022-10-14,0.3017471941482266
AOI-0067,2023-04-23,0.30520738171830564
AOI-0067,2023-05-31,0.22634054203890625
AOI-0067,2023-06-30,0.6638067924140347
AOI-0067,2023-07-12,0.6416754069273423
AOI-0067,2023-07-21,0.596463272872745
AOI-0067,2023-07-27,0.5049659100765934
AOI-0067,2023-08-26,0.30656592317042686
AOI-0067,2023-09-24,0.20016578229865098
AOI-0067,2023-09-27,0.20725382098415038
AOI-0067,2023-10-05,0.2659977457503364
AOI-0067,2023-10-13,0.2151163447590108
AOI-0067,2024-04-01,0.16259929343729032
AOI-0067,2024-04-11,0.21448242968099906
AOI-0067,2024-05-09,0.43107578794291
AOI-0067,2024-05-24,0.6506783649202799
AOI-0067,2024-07-05,0.2575033693882431
AOI-0067,2024-07-10,0.2534052135561913
AOI-0067,2024-08-29,0.1330750515895702
AOI-0067,2024-09-06,0.14977902923711583
AOI-0067,2024-09-23,0.1350945781215498
AOI-0067,2025-04-17,0.18142400781547946
AOI-0067,2025-04-23,0.2207962780675277
AOI-0067,2025-04-28,0.1422117852568452
AOI-0067,2025-06-05,0.13163400274653805
AOI-0067,2025-06-21,0.263208823413968
AOI-0067,2025-06-26,0.4452977212511147
AOI-0067,2025-07-05,0.41335239237620547
AOI-0067,2025-07-14,0.4738383414767623
AOI-0067,2025-07-15,0.43858734577354164
AOI-0067,2025-08-06,0.5738193888598043
AOI-0067,2025-09-01,0.4240574017356036
AOI-0067,2025-09-23,0.2752801906654496
AOI-0067,2025-10-03,0.2195282076293066
AOI-0068,2010-04-16,0.14504337806475703
AOI-0068,2010-05-02,0.1677137711107307
AOI-0068,2010-05-09,0.3036929205759554
AOI-0068,2010-06-20,0.16974667851471098
AOI-0068,2010-07-13,0.1599741708982295
AOI-0068,2010-07-14,0.1356446822956666
AOI-0068,2010-07-28,0.2131785062938488
AOI-0068,2010-08-07,0.1558334942150718
AOI-0068,2010-08-29,0.1922178539776766
AOI-0068,2011-04-07,0.47311329953041675
AOI-0068,2011-05-30,0.6041174768399321
AOI-0068,2011-06-15,0.3914509141394697
AOI-0068,2011-06-23,0.28066545423709566
AOI-0068,2011-07-16,0.2017536598192693
AOI-0068,2011-08-09,0.1783324853203126
AOI-0068,2011-09-03,0.1683866870586484
AOI-0068,2012-07-27,0.17413667916692344
AOI-0068,2012-08-03,0.1442276933278524
AOI-0068,2012-10-22,0.18141607407040206
AOI-0068,2013-06-19,0.271236384067941
AOI-0068,2013-06-27,0.23966845281258337
AOI-0068,2013-07-28,0.2619278927915333
AOI-0068,2014-04-27,0.44500599487301584
AOI-0068,2014-07-28,0.1968638610657763
AOI-0068,2014-08-17,0.16799598545304326
AOI-0068,2014-08-25,0.13184121060339238
AOI-0068,2014-10-05,0.1387457477367749
AOI-0068,2014-10-16,0.20199574072150445
AOI-0068,2014-10-29,0.15964056203892707
AOI-0068,2015-06-09,0.3397975366443806
AOI-0068,2015-07-27,0.2655101445363488
AOI-0068,2015-08-04,0.24996256534222214
AOI-0068,2016-05-02,0.3169619351067401
AOI-0068,2016-05-11,0.30557635986528975
AOI-0068,2016-07-14,0.3257247461884099
AOI-0068,2016-08-28,0.2917668681330459
AOI-0068,2016-09-13,0.27792124184404143
AOI-0068,2016-09-29,0.35634769840098257
AOI-0068,2017-05-14,0.5348963452154435
AOI-0068,2017-06-10,0.5042145271639628
AOI-0068,2017-06-22,0.39492881294733634
AOI-0068,2017-06-27,0.2942271785648687
AOI-0068,2017-07-12,0.2585337650218128
AOI-0068,2017-08-02,0.19400296114153964
AOI-0068,2017-08-11,0.133713025291029
AOI-0068,2017-08-13,0.2085078790652133
AOI-0068,2017-09-02,0.13172056123239256
AOI-0068,2017-09-03,0.18729030994893028
AOI-0068,2018-04-28,0.2683758042242258
AOI-0068,2018-05-09,0.4066127746882776
AOI-0068,2018-06-07,0.20843333986965912
AOI-0068,2018-07-11,0.15417622013513854
AOI-0068,2018-08-28,0.14608794547379134
AOI-0068,2018-09-06,0.14636246977558232
AOI-0068,2018-09-21,0.13762997094509583
AOI-0068,2019-05-25,0.6170310824549848
AOI-0068,2019-05-28,0.5810070183676784
AOI-0068,2019-06-28,0.19454462357392072
AOI-0068,2019-08-07,0.23690595639691267
AOI-0068,2019-09-01,0.18557755050724317
AOI-0068,2019-09-05,0.15579990675458907
AOI-0068,2019-09-15,0.16324080775167116
AOI-0068,2019-09-24,0.22103446373973992
AOI-0068,2019-09-25,0.21034918490516025
AOI-0068,2019-09-30,0.3127441688647483
AOI-0068,2019-10-02,0.2589577706517978
AOI-0068,2019-10-25,0.3142176135813659
AOI-0068,2020-04-02,0.29318160641478264
AOI-0068,2020-04-06,0.3778691331642976
AOI-0068,2020-04-12,0.2934318672484124
AOI-0068,2020-04-19,0.3010088760161671
AOI-0068,2020-06-26,0.18258584661832564
AOI-0068,2020-07-27,0.18626692683016438
AOI-0068,2020-07-31,0.13739283014178438
AOI-0068,2020-09-03,0.16071274860217122
AOI-0068,2020-10-05,0.13873644772891036
AOI-0068,2020-10-20,0.1632785690959641
AOI-0068,2021-05-01,0.2915368151288947
AOI-0068,2021-05-16,0.4374509060400322
AOI-0068,2021-06-11,0.45122408114065526
AOI-0068,2021-06-16,0.4382678712534088
AOI-0068,2021-07-19,0.23697024750930795
AOI-0068,2021-07-31,0.17422217786784294
AOI-0068,2021-09-30,0.40883221598899094
AOI-0068,2022-04-02,0.2832428134262447
AOI-0068,2022-04-12,0.32478359445784183
AOI-0068,2022-04-23,0.5441814593027228
AOI-0068,2022-05-12,0.5088439270903373
AOI-0068,2022-05-27,0.39850752387156596
AOI-0068,2022-06-08,0.35943262706557133
AOI-0068,2022-06-20,0.23871345357610851
AOI-0068,2022-07-01,0.17939810539900602
AOI-0068,2022-07-14,0.14754314289975828
AOI-0068,2022-07-30,0.17724520703157204
AOI-0068,2022-08-15,0.15926680947942531
AOI-0068,2023-04-03,0.452800090702769
AOI-0068,2023-04-17,0.4783348454818137
AOI-0068,2023-05-09,0.6408938341622372
AOI-0068,2023-06-06,0.5164847961660916
AOI-0068,2023-06-30,0.2696105992893127
AOI-0068,2023-07-05,0.24075426623901752
AOI-0068,2023-08-03,0.23681916765876382
AOI-0068,2023-08-13,0.2942932923855048
AOI-0068,2023-09-03,0.3445333846698859
AOI-0068,2023-09-24,0.3184393961124596
AOI-0068,2023-10-06,0.30951289416935185
AOI-0068,2023-10-11,0.29136959271288043
AOI-0068,2024-05-01,0.24374650421456595
AOI-0068,2024-05-09,0.19742593375091932
AOI-0068,2024-06-15,0.14755238288940256
AOI-0068,2024-08-05,0.17324368321117295
AOI-0068,2024-08-09,0.11838009992148081
AOI-0068,2024-08-19,0.1412717685057513
AOI-0068,2024-08-28,0.1889766285951207
AOI-0068,2024-09-08,0.13805900159123763
AOI-0068,2024-09-14,0.17650829291826278
AOI-0068,2024-09-29,0.2126159760447986
AOI-0068,2024-10-13,0.14635930797497052
AOI-0068,2025-05-08,0.6748845442297107
AOI-0068,2025-05-11,0.6921001200490037
AOI-0068,2025-05-20,0.7021543455304566
AOI-0068,2025-06-10,0.4387935601216707
AOI-0068,2025-06-15,0.3500254338530811
AOI-0068,2025-06-17,0.33506337456407564
AOI-0068,2025-06-30,0.2094235705624447
AOI-0068,2025-07-22,0.1974300191104144
AOI-0068,2025-07-28,0.22034249197621653
AOI-0068,2025-08-13,0.25021337498921215
AOI-0068,2025-08-14,0.17603091278241276
AOI-0068,2025-08-23,0.2092356418446032
AOI-0068,2025-08-24,0.17145265503504983
AOI-0068,2025-09-08,0.17345423544921287
AOI-0068,2025-09-14,0.26280848118903993
AOI-0068,2025-09-24,0.2242210208573963
AOI-0069,2025-04-16,0.15039554181173898
AOI-0069,2025-04-21,0.17543871178546572
AOI-0069,2025-04-23,0.2928851512781541
AOI-0069,2025-05-01,0.1617199360863391
AOI-0069,2025-05-11,0.25309490129121676
AOI-0069,2025-05-25,0.501761047016953
AOI-0069,2025-05-28,0.4288890551244477
AOI-0069,2025-06-10,0.42516592227454353
AOI-0069,2025-06-25,0.29086636411220934
AOI-0069,2025-06-26,0.33702772652381885
AOI-0069,2025-07-05,0.1910426807338948
AOI-0069,2025-07-06,0.22435637604397207
AOI-0069,2025-07-22,0.13976738965458158
AOI-0069,2025-08-07,0.15252846553109295
AOI-0069,2025-08-14,0.14429863759836087
AOI-0069,2025-09-01,0.1183170756895577
AOI-0069,2025-09-14,0.19794451508136848
AOI-0069,2025-09-24,0.16837573281471296
AOI-0069,2025-09-25,0.1469147383133059
AOI-0069,2025-09-28,0.13233164810021375
AOI-0070,2025-05-11,0.2744769878351987
AOI-0070,2025-05-25,0.3865253682633588
AOI-0070,2025-06-07,0.2128997843626238
AOI-0070,2025-06-10,0.2763161752462483
AOI-0070,2025-06-25,0.20284869401231737
AOI-0070,2025-07-12,0.24430517320511635
AOI-0070,2025-08-24,0.15395576416098555
AOI-0070,2025-08-31,0.16741774072269205
AOI-0070,2025-09-25,0.15947498509489952
AOI-0070,2025-10-02,0.1953708339031748
AOI-0070,2025-10-13,0.1757044516734826
AOI-0070,2025-10-23,0.21903552181460997
AOI-0071,2025-04-16,0.33477081232889366
AOI-0071,2025-04-18,0.3625561181923841
AOI-0071,2025-04-21,0.3622152428633251
AOI-0071,2025-05-25,0.49405932875120206
AOI-0071,2025-06-26,0.614132820764171
AOI-0071,2025-07-06,0.5935616542896398
AOI-0071,2025-07-07,0.543299165478384
AOI-0071,2025-07-12,0.45047383969498767
AOI-0071,2025-08-13,0.4218601154200756
AOI-0071,2025-08-23,0.3864171636473155
AOI-0071,2025-08-24,0.35928306323096737
AOI-0071,2025-08-26,0.362171130169311
AOI-0071,2025-08-29,0.3739814521537304
AOI-0071,2025-09-01,0.3722755287508312
AOI-0071,2025-09-15,0.31103314958069994
AOI-0071,2025-09-28,0.29068289298351296
AOI-0072,2025-05-08,0.7318104067154212
AOI-0072,2025-06-04,0.6638416322116932
AOI-0072,2025-07-05,0.17362729133970214
AOI-0072,2025-07-06,0.2163860513410945
AOI-0072,2025-07-14,0.1923987791098481
AOI-0072,2025-07-17,0.14489081549209762
AOI-0072,2025-08-07,0.16602825439829333
AOI-0072,2025-08-19,0.154602212659824
AOI-0072,2025-08-29,0.20975154807941016
AOI-0072,2025-09-03,0.14195269944627112
AOI-0072,2025-09-15,0.15250669030235936
AOI-0072,2025-09-16,0.15405071603309894
AOI-0072,2025-09-30,0.23001851377502125
AOI-0072,2025-10-03,0.14826950709625425
AOI-0072,2025-10-13,0.1440698773165666
AOI-0073,2010-06-26,0.595476570979078
AOI-0073,2010-07-12,0.49869042236876704
AOI-0073,2011-04-07,0.2946897521231999
AOI-0073,2011-07-14,0.516870084408257
AOI-0073,2011-09-14,0.38407791583148393
AOI-0073,2012-04-22,0.48635533287430566
AOI-0073,2012-04-27,0.3680969623069158
AOI-0073,2012-05-24,0.6469735277834141
AOI-0073,2012-09-29,0.3009667618827405
AOI-0073,2013-04-03,0.23863396994344088
AOI-0073,2013-06-10,0.5528008709017127
AOI-0073,2013-06-25,0.5042309490267518
AOI-0073,2013-07-12,0.5471143390001114
AOI-0073,2013-07-28,0.5187684782168949
AOI-0073,2013-09-30,0.43914397068673405
AOI-0073,2014-05-27,0.5231046575326433
AOI-0073,2014-07-12,0.7326912995080095
AOI-0073,2014-07-30,0.6249579072653518
AOI-0073,2014-08-13,0.4695846351530203
AOI-0073,2014-09-14,0.4029866914466177
AOI-0073,2014-10-10,0.23715458209639842
AOI-0073,2015-05-22,0.3678570477585223
AOI-0073,2015-05-30,0.39968243231060196
AOI-0073,2015-06-10,0.579013169501257
AOI-0073,2015-06-15,0.4614232206125194
AOI-0073,2015-07-01,0.5650821741360613
AOI-0073,2015-07-09,0.598674902260537
AOI-0073,2015-08-26,0.3480876557943519
AOI-0073,2015-10-05,0.22397666765133223
AOI-0073,2016-04-06,0.5618748885983265
AOI-0073,2017-04-23,0.29086869312131186
AOI-0073,2017-06-04,0.34760611646032463
AOI-0073,2017-06-12,0.4406212229190315
AOI-0073,2017-07-06,0.725392046765293
AOI-0073,2017-07-18,0.7535791886381132
AOI-0073,2017-08-07,0.684314128949332
AOI-0073,2017-08-12,0.6572614339433962
AOI-0073,2017-10-11,0.2947298584707258
AOI-0073,2017-10-16,0.31945212095857756
AOI-0073,2018-04-16,0.16711912103637971
AOI-0073,2019-05-17,0.30055014198050645
AOI-0073,2019-05-19,0.27857122508986365
AOI-0073,2019-06-03,0.4907718622471313
AOI-0073,2019-07-13,0.6555816829347251
AOI-0073,2019-08-07,0.6522407706038686
AOI-0073,2019-08-12,0.564277284785477
AOI-0073,2019-09-06,0.3478658381365246
AOI-0073,2019-09-11,0.3425064277890115
AOI-0073,2019-09-15,0.29792486649598154
AOI-0073,2019-09-16,0.30010955323159394
AOI-0073,2019-09-28,0.26004629847191085
AOI-0073,2019-10-16,0.29459050844818385
AOI-0073,2019-10-26,0.21173353135513323
AOI-0073,2020-04-05,0.13927490606792972
AOI-0073,2020-04-15,0.11544379968556293
AOI-0073,2020-04-22,0.3808783563134099
AOI-0073,2020-05-18,0.6139359353909616
AOI-0073,2020-07-04,0.3018301680762325
AOI-0073,2020-07-06,0.31471088094094535
AOI-0073,2020-07-24,0.2081616616829678
AOI-0073,2020-07-29,0.1870632727256172
AOI-0073,2020-08-12,0.2917958372182229
AOI-0073,2020-09-01,0.23502282194476726
AOI-0073,2020-09-20,0.17237622352019086
AOI-0073,2020-10-20,0.2219947948719522
AOI-0073,2020-10-26,0.1751058830836692
AOI-0073,2021-05-06,0.21630907892342982
AOI-0073,2021-05-13,0.18874509133865264
AOI-0073,2021-05-15,0.20679116186507152
AOI-0073,2021-06-29,0.7049046568356538
AOI-0073,2021-07-25,0.7359280539338692
AOI-0073,2021-08-02,0.6716748728223357
AOI-0073,2021-09-07,0.33229735379417685
AOI-0073,2021-09-14,0.321821146417671
AOI-0073,2021-09-15,0.28236873952908076
AOI-0073,2022-04-23,0.3177747186840942
AOI-0073,2022-04-25,0.20601822112654775
AOI-0073,2022-06-04,0.2795234110432454
AOI-0073,2022-06-07,0.25765285789244774
AOI-0073,2022-06-09,0.2539150809989916
AOI-0073,2022-06-14,0.3960947971186575
AOI-0073,2022-07-05,0.7740747612092097
AOI-0073,2022-07-07,0.7365097507228686
AOI-0073,2022-09-10,0.3574661161118343
AOI-0073,2022-09-30,0.34912922863378965
AOI-0073,2023-04-02,0.24096247728785325
AOI-0073,2023-04-28,0.2645165059341331
AOI-0073,2023-05-03,0.2895774902459893
AOI-0073,2023-05-05,0.2822107639891698
AOI-0073,2023-05-13,0.3415901362018228
AOI-0073,2023-06-04,0.5322048280118858
AOI-0073,2023-06-07,0.5366282660475183
AOI-0073,2023-07-25,0.32362834459361867
AOI-0073,2023-07-31,0.2304692441139895
AOI-0073,2023-08-06,0.24633574567555017
AOI-0073,2023-08-16,0.24277045676404302
AOI-0073,2023-08-28,0.2303001521036306
AOI-0073,2023-09-07,0.2047175258268039
AOI-0073,2023-09-12,0.21051050171879027
AOI-0073,2023-09-29,0.2085117066618354
AOI-0073,2023-10-11,0.25710197491726416
AOI-0073,2023-10-15,0.2440580187990695
AOI-0073,2024-04-14,0.44379017285478173
AOI-0073,2024-04-20,0.5465156295278211
AOI-0073,2024-05-06,0.6292773188918033
AOI-0073,2024-05-07,0.6404754721470047
AOI-0073,2024-06-23,0.37048254067656844
AOI-0073,2024-07-03,0.2407280663517188
AOI-0073,2024-07-11,0.395512492152139
AOI-0073,2024-07-13,0.2514987422063655
AOI-0073,2024-07-21,0.2591473253168919
AOI-0073,2024-07-25,0.24245702554339862
AOI-0073,2024-08-12,0.2745736333630986
AOI-0073,2024-08-28,0.269424515072541
AOI-0073,2024-09-01,0.18770491458408742
AOI-0073,2024-09-13,0.2375630071842219
AOI-0073,2024-09-29,0.23500197887095553
AOI-0073,2025-04-07,0.26554170985963654
AOI-0073,2025-04-15,0.21206762232964216
AOI-0073,2025-04-19,0.18543023126425517
AOI-0073,2025-04-22,0.2112506509347259
AOI-0073,2025-04-23,0.29252147640377524
AOI-0073,2025-04-29,0.19735399100114764
AOI-0073,2025-05-11,0.23395223676576066
AOI-0073,2025-05-22,0.24670314711674896
AOI-0073,2025-05-29,0.23870423016081133
AOI-0073,2025-06-03,0.31490519787337673
AOI-0073,2025-06-30,0.7427157460113467
AOI-0073,2025-07-06,0.7743601849000175
AOI-0073,2025-07-08,0.7622435949426705
AOI-0073,2025-07-28,0.6826397181537267
AOI-0073,2025-08-05,0.701217690307617
AOI-0073,2025-08-07,0.7050733452477358
AOI-0073,2025-08-22,0.4692722131729343
AOI-0073,2025-08-27,0.40537533493022976
AOI-0073,2025-09-22,0.3084052943305829
AOI-0074,2010-07-12,0.3748664596092962
AOI-0074,2010-08-29,0.3218872398642037
AOI-0074,2011-05-27,0.3063288452621823
AOI-0074,2011-06-20,0.574771308886266
AOI-0074,2011-06-26,0.7590754343819142
AOI-0074,2011-07-06,0.7103337562070273
AOI-0074,2011-09-24,0.28454485573348437
AOI-0074,2013-06-25,0.4229636701675673
AOI-0074,2013-07-03,0.3499322114371949
AOI-0074,2013-07-11,0.325847204867762
AOI-0074,2013-08-13,0.35931201832354
AOI-0074,2014-07-14,0.7863406149722129
AOI-0074,2014-07-28,0.6419597372367247
AOI-0074,2014-09-14,0.3273825338694514
AOI-0074,2014-10-16,0.26356352389080406
AOI-0074,2015-04-23,0.30686556898857215
AOI-0074,2015-04-28,0.20355309474337635
AOI-0074,2015-07-25,0.6603634536029133
AOI-0074,2015-10-16,0.2562517235085756
AOI-0074,2015-10-29,0.1924528084760533
AOI-0074,2016-08-12,0.33864490416604054
AOI-0074,2016-08-20,0.24068947012238068
AOI-0074,2017-04-23,0.29351870164076205
AOI-0074,2017-05-04,0.23367336276865588
AOI-0074,2017-05-06,0.2111691704199074
AOI-0074,2017-06-04,0.3900471868786663
AOI-0074,2017-06-05,0.3733577392365637
AOI-0074,2017-06-10,0.6415935600224556
AOI-0074,2017-06-20,0.5230728761215205
AOI-0074,2017-06-26,0.7715964948261111
AOI-0074,2017-07-18,0.7469720645495911
AOI-0074,2017-08-07,0.660245184727618
AOI-0074,2017-08-17,0.5290990866800797
AOI-0074,2017-09-16,0.3065416404874692
AOI-0074,2017-10-11,0.259089068310752
AOI-0074,2017-10-16,0.28169543884477666
AOI-0074,2018-04-04,0.16826008542023835
AOI-0074,2018-04-23,0.3421119419353475
AOI-0074,2018-05-06,0.27602199835376123
AOI-0074,2018-05-11,0.31367331336683896
AOI-0074,2018-05-22,0.3625469365310189
AOI-0074,2018-05-26,0.3551448580943305
AOI-0074,2018-05-30,0.36197356258273156
AOI-0074,2018-07-13,0.6813053691055483
AOI-0074,2018-08-18,0.7581052516186791
AOI-0074,2018-09-14,0.3599507438702331
AOI-0074,2018-09-19,0.359961659218035
AOI-0074,2018-09-30,0.32437122326398593
AOI-0074,2019-04-23,0.2689492294346217
AOI-0074,2019-05-04,0.25235766547377625
AOI-0074,2019-05-14,0.26049840635410854
AOI-0074,2019-05-16,0.236894741977982
AOI-0074,2019-05-31,0.4487798111626468
AOI-0074,2019-06-13,0.6400115324754487
AOI-0074,2019-07-13,0.6667229819621097
AOI-0074,2019-08-05,0.6015706342078406
AOI-0074,2019-08-09,0.5609233874804088
AOI-0074,2019-09-14,0.323937947923452
AOI-0074,2020-04-09,0.19562765631986356
AOI-0074,2020-07-06,0.25396080761043993
AOI-0074,2020-07-22,0.24005124092804414
AOI-0074,2020-08-07,0.2220742490857071
AOI-0074,2020-08-26,0.20008023990326637
AOI-0074,2020-09-07,0.15271907366259851
AOI-0074,2020-09-08,0.19832402895942508
AOI-0074,2020-09-12,0.1605038142177661
AOI-0074,2020-10-07,0.15396621159733448
AOI-0074,2020-10-12,0.13620877193677358
AOI-0074,2020-10-18,0.22280223337148986
AOI-0074,2020-10-22,0.12902447502884878
AOI-0074,2021-04-25,0.2165902827396583
AOI-0074,2021-06-23,0.5969370782863619
AOI-0074,2021-06-27,0.6083146444652289
AOI-0074,2021-07-17,0.6917054374708689
AOI-0074,2021-08-03,0.5511154197788817
AOI-0074,2021-08-06,0.5386565174910034
AOI-0074,2021-08-19,0.45722036410904643
AOI-0074,2021-09-03,0.3469943161258559
AOI-0074,2021-10-06,0.20701046649389115
AOI-0074,2021-10-17,0.20096416543756992
AOI-0074,2021-10-20,0.2169813716245367
AOI-0074,2021-10-27,0.215547982100806
AOI-0074,2022-05-30,0.2324784107587316
AOI-0074,2022-07-12,0.7080533061566993
AOI-0074,2022-08-29,0.4936625695039913
AOI-0074,2022-10-16,0.29447958765830756
AOI-0074,2023-04-28,0.2305098672405493
AOI-0074,2023-05-30,0.40379575382225896
AOI-0074,2023-06-09,0.5727548535915241
AOI-0074,2023-06-19,0.42613201315461235
AOI-0074,2023-07-14,0.2527296322356536
AOI-0074,2023-08-16,0.2610743444136311
AOI-0074,2023-09-14,0.23702518116523774
AOI-0074,2023-10-11,0.2596156563919657
AOI-0074,2024-04-17,0.4907120735373067
AOI-0074,2024-05-08,0.657614661963177
AOI-0074,2024-05-09,0.6100568670045728
AOI-0074,2024-06-06,0.52592191436997
AOI-0074,2024-07-08,0.24699232763902942
AOI-0074,2024-07-18,0.2428273357151745
AOI-0074,2024-07-27,0.3174008987493205
AOI-0074,2024-08-12,0.26666916778434735
AOI-0074,2024-08-28,0.26109374642319055
AOI-0074,2024-09-04,0.19581468390952878
AOI-0074,2024-09-09,0.18349528594575243
AOI-0074,2025-04-07,0.24216029915742962
AOI-0074,2025-04-15,0.19734435170812903
AOI-0074,2025-05-12,0.21635225327239785
AOI-0074,2025-05-14,0.1875116429874773
AOI-0074,2025-06-01,0.3440553036262052
AOI-0074,2025-06-10,0.5816023623534738
AOI-0074,2025-07-06,0.7971200021218621
AOI-0074,2025-07-16,0.670150570890975
AOI-0074,2025-08-05,0.6659267410608031
AOI-0074,2025-08-19,0.4685325374228425
AOI-0074,2025-09-08,0.23627024964439083
AOI-0074,2025-09-22,0.27596668366877875
AOI-0074,2025-10-01,0.22622872573465103
AOI-0074,2025-10-26,0.21546274297772017
AOI-0075,2025-04-07,0.3324198369904384
AOI-0075,2025-04-12,0.19633912795499883
AOI-0075,2025-07-12,0.6088016692117674
AOI-0075,2025-07-18,0.5164907363095974
AOI-0075,2025-08-21,0.5096876297028022
AOI-0075,2025-08-30,0.43500814642151475
AOI-0075,2025-09-08,0.4406275894674788
AOI-0075,2025-09-16,0.32719749783871926
AOI-0075,2025-09-21,0.2800519877349215
AOI-0075,2025-10-29,0.29594590877637217
AOI-0076,2025-04-19,0.19690991973039287
AOI-0076,2025-05-01,0.23492701814517897
AOI-0076,2025-05-11,0.26114201387671593
AOI-0076,2025-05-25,0.6284850969106798
AOI-0076,2025-07-10,0.8022174127434442
AOI-0076,2025-07-31,0.7231073711333771
AOI-0076,2025-08-21,0.401058927787872
AOI-0076,2025-08-27,0.3343943772503337
AOI-0076,2025-09-01,0.2911630911628224
AOI-0076,2025-09-21,0.21907257710765274
AOI-0076,2025-09-22,0.27130392607026266
AOI-0076,2025-10-01,0.20867164645151576
AOI-0076,2025-10-04,0.21576246005761995
AOI-0077,2025-05-09,0.7582682704112693
AOI-0077,2025-06-06,0.5745080033198692
AOI-0077,2025-06-21,0.46681686545058976
AOI-0077,2025-07-12,0.3796444925644128
AOI-0077,2025-08-22,0.17364807729529375
AOI-0077,2025-08-27,0.1731334748879536
AOI-0077,2025-08-30,0.22991099949718047
AOI-0077,2025-09-11,0.17743781858507737
AOI-0077,2025-09-22,0.23980134181373328
AOI-0078,2025-05-02,0.7991809408431373
AOI-0078,2025-05-25,0.7672004216718114
AOI-0078,2025-06-01,0.6689201529692308
AOI-0078,2025-06-03,0.6716110373077832
AOI-0078,2025-06-06,0.6431107618144387
AOI-0078,2025-06-10,0.6067639977760093
AOI-0078,2025-07-04,0.2638268724783651
AOI-0078,2025-07-10,0.19300341554737938
AOI-0078,2025-07-11,0.21197211907314045
AOI-0078,2025-07-13,0.1798042267796579
AOI-0078,2025-08-10,0.17943250951639045
AOI-0078,2025-08-15,0.2069904513138867
AOI-0078,2025-09-08,0.18060786458504274
AOI-0078,2025-10-04,0.2560507361069395
