anon_polygon_id,date,primary_ndvi_true
AOI-0001,2010-08-29,0.21002343328213036
AOI-0001,2010-10-25,0.1885705717117482
AOI-0001,2011-06-13,0.6459176382130838
AOI-0001,2011-09-18,0.2638571385477435
AOI-0001,2011-09-26,0.26930646690225746
AOI-0001,2011-09-30,0.4046557946247438
AOI-0001,2012-05-24,0.6881872416954636
AOI-0001,2012-07-09,0.23981564029321187
AOI-0001,2012-07-11,0.33307241184448905
AOI-0001,2012-08-10,0.16215576131940607
AOI-0001,2012-08-12,0.2975308073239941
AOI-0001,2012-10-15,0.36223196870396884
AOI-0001,2013-05-01,0.8297768896542933
AOI-0001,2013-07-12,0.33746299083681586
AOI-0001,2013-09-30,0.5651132769462929
AOI-0001,2014-04-18,0.25653267353495457
AOI-0001,2014-05-25,0.6734783131732125
AOI-0001,2014-06-26,0.8033064009682477
AOI-0001,2014-07-15,0.7307349989735027
AOI-0001,2014-07-28,0.5617151574193523
AOI-0001,2014-08-09,0.3557351999628934
AOI-0001,2014-08-13,0.3564124458277839
AOI-0001,2014-10-03,0.20399804398383664
AOI-0001,2014-10-16,0.31041504053963226
AOI-0001,2015-04-13,0.4376285042870416
AOI-0001,2015-08-11,0.21507405970045107
AOI-0001,2015-08-12,0.20231417418225642
AOI-0001,2015-08-27,0.21719360311321645
AOI-0001,2015-09-20,0.18459794695555534
AOI-0001,2015-09-28,0.21102165516016352
AOI-0001,2016-06-27,0.27143782712563574
AOI-0001,2016-07-04,0.27389530136688384
AOI-0001,2016-07-20,0.2886201906429634
AOI-0001,2016-07-27,0.3622870968524696
AOI-0001,2016-08-29,0.2882506393682292
AOI-0001,2016-08-30,0.25428411856117333
AOI-0001,2016-09-15,0.4468470714938386
AOI-0001,2016-09-29,0.6991766874894132
AOI-0001,2017-05-12,0.7367284358827267
AOI-0001,2017-06-29,0.573088017252179
AOI-0001,2017-07-12,0.4648614504661787
AOI-0001,2017-08-09,0.30215779367783335
AOI-0001,2017-08-29,0.2487241682160947
AOI-0001,2017-09-08,0.20609709850733474
AOI-0001,2017-09-14,0.2773092571273573
AOI-0001,2018-04-05,0.5037559804726289
AOI-0001,2018-04-23,0.7991589112635757
AOI-0001,2018-05-01,0.8102565937945134
AOI-0001,2018-06-08,0.6897085909055491
AOI-0001,2018-07-12,0.3050715317739216
AOI-0001,2018-09-28,0.16052471253665684
AOI-0001,2018-10-13,0.18972298736845902
AOI-0001,2019-05-11,0.48412959127909894
AOI-0001,2019-05-31,0.7156559057200921
AOI-0001,2019-06-04,0.7288603223553722
AOI-0001,2019-06-05,0.7094797108195107
AOI-0001,2019-06-25,0.37759974047075023
AOI-0001,2019-07-12,0.4656450467506153
AOI-0001,2019-07-22,0.4197594874645547
AOI-0001,2019-07-29,0.45442489102938616
AOI-0001,2019-08-30,0.239815286400061
AOI-0001,2019-09-07,0.23738427212029012
AOI-0001,2019-09-08,0.21783932704731893
AOI-0001,2019-09-18,0.13325214815891784
AOI-0001,2020-04-03,0.5461242941587198
AOI-0001,2020-04-26,0.6857602295229218
AOI-0001,2020-05-30,0.8187002671833783
AOI-0001,2020-06-09,0.7705076558690898
AOI-0001,2020-07-14,0.14538476125532945
AOI-0001,2020-07-23,0.23399035920385491
AOI-0001,2020-07-27,0.2656430358317073
AOI-0001,2020-08-08,0.18386918433027402
AOI-0001,2020-09-01,0.3104304277099379
AOI-0001,2020-09-02,0.2741836587882189
AOI-0001,2020-09-12,0.22789072119585946
AOI-0001,2020-09-22,0.21896910954022974
AOI-0001,2020-09-29,0.2473275301277566
AOI-0001,2020-10-11,0.19555733122348223
AOI-0001,2020-10-12,0.17875940189432482
AOI-0001,2020-10-19,0.1715033906122633
AOI-0001,2021-05-15,0.5219887588203084
AOI-0001,2021-05-20,0.4997981847946025
AOI-0001,2021-06-10,0.6720947267659207
AOI-0001,2021-07-02,0.6305174056967923
AOI-0001,2021-07-24,0.6710648966329691
AOI-0001,2021-09-17,0.2234993090973609
AOI-0001,2022-04-25,0.6801657842415573
AOI-0001,2022-06-03,0.8150799177880432
AOI-0001,2022-09-02,0.25055223428500706
AOI-0001,2022-09-30,0.2757553063461178
AOI-0001,2022-10-01,0.24603421516611843
AOI-0001,2022-10-17,0.20929895298172135
AOI-0001,2023-05-25,0.8400090866916792
AOI-0001,2023-06-23,0.8344734616586059
AOI-0001,2023-07-15,0.247861407492961
AOI-0001,2023-07-29,0.16944649429130212
AOI-0001,2023-08-03,0.20775026280676367
AOI-0001,2023-08-08,0.20896061273823965
AOI-0001,2023-08-13,0.2699448265467765
AOI-0001,2023-08-17,0.27397619182850996
AOI-0001,2023-08-28,0.20987266087251116
AOI-0001,2023-08-29,0.2808258145393774
AOI-0001,2023-09-12,0.22419582192214335
AOI-0001,2024-04-06,0.7636614934321699
AOI-0001,2024-05-24,0.7568866430969365
AOI-0001,2024-06-01,0.7256774930075419
AOI-0001,2024-06-03,0.7127810580324669
AOI-0001,2024-06-09,0.5819629704796191
AOI-0001,2024-06-13,0.5686971774925724
AOI-0001,2024-06-17,0.5648612592271506
AOI-0001,2024-06-23,0.3541524765007819
AOI-0001,2024-06-25,0.3690717360917497
AOI-0001,2024-07-03,0.2698962953470892
AOI-0001,2024-09-11,0.14485199267045784
AOI-0001,2024-09-13,0.20544840573357237
AOI-0001,2024-09-16,0.15343469605960358
AOI-0001,2024-09-29,0.21522936213029611
AOI-0001,2025-04-23,0.48558744419753747
AOI-0001,2025-05-03,0.37870871560919356
AOI-0001,2025-06-03,0.4438533523604114
AOI-0001,2025-06-27,0.6340946629148867
AOI-0001,2025-07-05,0.5643336060899008
AOI-0001,2025-07-12,0.4440981351236518
AOI-0001,2025-07-13,0.414226884418733
AOI-0001,2025-07-23,0.3863422254526977
AOI-0001,2025-07-28,0.3437151259050884
AOI-0001,2025-07-29,0.37151693793868745
AOI-0001,2025-08-02,0.2816721386390632
AOI-0001,2025-10-28,0.23487693625667186
AOI-0002,2025-05-03,0.8343883866128449
AOI-0002,2025-06-03,0.5504523190603628
AOI-0002,2025-06-26,0.46576420369680066
AOI-0002,2025-07-29,0.26145639434796153
AOI-0002,2025-08-02,0.179845233785448
AOI-0002,2025-08-13,0.25913698016778364
AOI-0002,2025-08-19,0.16768913328177132
AOI-0003,2025-04-01,0.556342737848394
AOI-0003,2025-04-18,0.840472522810437
AOI-0003,2025-04-19,0.8555463481934632
AOI-0003,2025-05-06,0.8066159396768744
AOI-0003,2025-06-04,0.7663336184031482
AOI-0003,2025-06-13,0.5993706703626381
AOI-0003,2025-07-07,0.19208795234549322
AOI-0003,2025-07-13,0.19059004873749052
AOI-0003,2025-07-15,0.169644130440488
AOI-0003,2025-08-04,0.1971046788586933
AOI-0003,2025-08-07,0.17821831230059956
AOI-0003,2025-08-14,0.18695580455537605
AOI-0003,2025-08-22,0.15435229661170094
AOI-0003,2025-08-23,0.19756362481958087
AOI-0004,2025-04-23,0.6800057666658622
AOI-0004,2025-05-04,0.6161328484357298
AOI-0004,2025-05-24,0.6746596587867997
AOI-0004,2025-05-25,0.7308310197850342
AOI-0004,2025-06-30,0.5954601927828643
AOI-0004,2025-07-12,0.489396774741108
AOI-0004,2025-07-23,0.4689746830548283
AOI-0004,2025-08-02,0.4081893899005128
AOI-0004,2025-09-14,0.3795362907751933
AOI-0004,2025-09-23,0.3251379921024583
AOI-0005,2025-05-01,0.6574233396728998
AOI-0005,2025-05-03,0.6679042978345389
AOI-0005,2025-05-14,0.5347967822199493
AOI-0005,2025-06-11,0.6214073578093801
AOI-0005,2025-07-21,0.43660122264186474
AOI-0005,2025-08-17,0.31067264784998166
AOI-0005,2025-09-01,0.2532567906534983
AOI-0006,2025-04-01,0.22305358445652643
AOI-0006,2025-05-09,0.43857443043392697
AOI-0006,2025-05-25,0.6192095691171045
AOI-0006,2025-07-28,0.41705273061005155
AOI-0006,2025-08-09,0.30858615004192713
AOI-0006,2025-08-22,0.2897218772337495
AOI-0006,2025-08-30,0.2836391612529075
AOI-0006,2025-09-07,0.24268591295382397
AOI-0006,2025-10-28,0.23904884576060076
AOI-0007,2025-04-01,0.18258016900996496
AOI-0007,2025-04-18,0.24931974714106372
AOI-0007,2025-04-29,0.3379022257601057
AOI-0007,2025-05-01,0.36429067313986874
AOI-0007,2025-06-26,0.334179200824037
AOI-0007,2025-07-28,0.15673832066109633
AOI-0007,2025-08-13,0.23709220417440302
AOI-0007,2025-08-14,0.15542450427450122
AOI-0007,2025-08-16,0.17087399037258286
AOI-0007,2025-09-11,0.15838223759430278
AOI-0007,2025-09-26,0.1778172299183981
AOI-0008,2025-04-17,0.8482691451209573
AOI-0008,2025-04-24,0.7723433028632017
AOI-0008,2025-05-19,0.8183095696537722
AOI-0008,2025-07-08,0.21076331354665284
AOI-0008,2025-07-15,0.1652387195130369
AOI-0008,2025-07-17,0.17556992665163576
AOI-0008,2025-08-13,0.23816752342496247
AOI-0008,2025-09-01,0.14285970868548808
AOI-0008,2025-09-30,0.24386188543099838
AOI-0008,2025-10-16,0.23680654089949738
AOI-0009,2025-04-01,0.7276579323891182
AOI-0009,2025-04-23,0.8048712186834145
AOI-0009,2025-05-04,0.842480655904142
AOI-0009,2025-06-30,0.1838048553466688
AOI-0009,2025-07-05,0.19489106834276446
AOI-0009,2025-07-10,0.17469882727749922
AOI-0009,2025-07-25,0.170835010991386
AOI-0009,2025-08-12,0.16086122851817408
AOI-0009,2025-08-17,0.1853377322736709
AOI-0009,2025-08-22,0.16530044288962067
AOI-0009,2025-08-24,0.15190370912070314
AOI-0009,2025-09-14,0.23658421814565078
AOI-0009,2025-09-16,0.18756049015838697
AOI-0009,2025-09-25,0.17196183049980568
AOI-0009,2025-10-03,0.21114736026113695
AOI-0010,2010-06-19,0.3747535610463862
AOI-0010,2010-08-06,0.2393772904666102
AOI-0010,2010-08-22,0.22162278348278372
AOI-0010,2011-06-14,0.5266401111903218
AOI-0010,2011-07-12,0.37068336751536685
AOI-0010,2011-08-09,0.2681482550426328
AOI-0010,2011-08-13,0.34014203100538476
AOI-0010,2011-09-10,0.23653746519816027
AOI-0010,2012-04-13,0.2830228557371159
AOI-0010,2012-08-03,0.2313764270813605
AOI-0010,2013-04-16,0.7032999666297066
AOI-0010,2013-05-25,0.6410541109303182
AOI-0010,2013-06-26,0.33564483878285195
AOI-0010,2013-07-12,0.3215396227840003
AOI-0010,2014-05-29,0.6718729918787121
AOI-0010,2014-06-06,0.5858766388115246
AOI-0010,2014-06-10,0.44315328630609635
AOI-0010,2014-08-29,0.2520857664514288
AOI-0010,2014-09-30,0.2628204239703367
AOI-0010,2015-04-07,0.326254874749431
AOI-0010,2015-04-14,0.22068328907462922
AOI-0010,2015-05-25,0.3692350896309292
AOI-0010,2015-10-07,0.19617314387099147
AOI-0010,2016-07-27,0.3675513213382111
AOI-0010,2016-08-12,0.3229728225634116
AOI-0010,2016-09-13,0.2763471168799175
AOI-0010,2017-04-03,0.31734002079084833
AOI-0010,2017-04-07,0.5269444028266739
AOI-0010,2017-08-01,0.15377068064517482
AOI-0010,2017-08-04,0.1683074063866998
AOI-0010,2017-08-13,0.2350726336351127
AOI-0010,2017-08-29,0.22265058332521145
AOI-0010,2018-05-16,0.8520700763930494
AOI-0010,2018-07-28,0.26185033357507354
AOI-0010,2018-08-28,0.18061087204813792
AOI-0010,2018-09-14,0.2231340321686544
AOI-0010,2019-04-06,0.3599896643093491
AOI-0010,2019-04-28,0.7248439174785738
AOI-0010,2019-05-19,0.8656516573525139
AOI-0010,2019-06-20,0.22448852301842864
AOI-0010,2019-06-26,0.2537919383709125
AOI-0010,2019-06-27,0.16330723058977026
AOI-0010,2019-07-20,0.17815924151724966
AOI-0010,2019-08-13,0.30562770660266997
AOI-0010,2019-08-19,0.17775212068131263
AOI-0010,2019-08-21,0.18322301502886798
AOI-0010,2019-09-23,0.16821479580819318
AOI-0010,2020-06-06,0.3493979580223702
AOI-0010,2020-06-09,0.391228777987652
AOI-0010,2020-07-16,0.1601212887255266
AOI-0010,2020-07-19,0.16100227738909792
AOI-0010,2020-07-26,0.14516763674741687
AOI-0010,2020-07-31,0.15790376738723047
AOI-0010,2020-09-09,0.18402484431594615
AOI-0010,2020-09-13,0.25079203096443486
AOI-0010,2020-09-19,0.12390707835280716
AOI-0010,2020-09-27,0.15522737491690447
AOI-0010,2021-05-05,0.34818113659852734
AOI-0010,2021-05-09,0.5214901065084793
AOI-0010,2021-07-28,0.2966255488230143
AOI-0010,2021-08-05,0.23055424885489548
AOI-0010,2021-09-04,0.3273518347209935
AOI-0010,2021-09-17,0.3541535213645685
AOI-0010,2021-10-27,0.353039888855945
AOI-0010,2022-06-06,0.7189887704733685
AOI-0010,2022-06-10,0.6263760364925227
AOI-0010,2022-06-11,0.7062109382153727
AOI-0010,2022-07-17,0.2834900961053373
AOI-0010,2022-07-28,0.34397139355537704
AOI-0010,2022-09-08,0.3045158583819464
AOI-0010,2023-04-02,0.5026643397733074
AOI-0010,2023-04-27,0.6713342960029588
AOI-0010,2023-06-08,0.7398708200122996
AOI-0010,2023-06-16,0.6262584525551116
AOI-0010,2023-08-23,0.24726046247527775
AOI-0010,2023-08-30,0.2388895623763354
AOI-0010,2023-09-19,0.27330762267359815
AOI-0010,2024-04-04,0.5974061493201915
AOI-0010,2024-04-26,0.7429835472531955
AOI-0010,2024-05-08,0.7745930398349073
AOI-0010,2024-05-21,0.739357847412512
AOI-0010,2024-06-18,0.23806280043869416
AOI-0010,2024-06-20,0.20587414828048614
AOI-0010,2024-07-08,0.1934065243411997
AOI-0010,2024-07-15,0.1722689698267147
AOI-0010,2024-08-12,0.21992036515321353
AOI-0010,2024-09-06,0.20125271484429033
AOI-0010,2024-09-28,0.1913693520770026
AOI-0010,2024-10-01,0.1955106746894624
AOI-0010,2024-10-15,0.2723296538213871
AOI-0010,2024-10-23,0.18945519148542514
AOI-0010,2025-04-16,0.39472284459988977
AOI-0010,2025-04-18,0.42302410668415763
AOI-0010,2025-05-09,0.7772650249991379
AOI-0010,2025-06-05,0.5387200114283786
AOI-0010,2025-06-07,0.49500837927103286
AOI-0010,2025-06-28,0.19385697760400983
AOI-0010,2025-07-05,0.18754321213167968
AOI-0010,2025-07-06,0.21633791553575538
AOI-0010,2025-07-07,0.1778094961813239
AOI-0010,2025-07-25,0.14879349871366254
AOI-0010,2025-07-30,0.15880117662557042
AOI-0010,2025-08-16,0.19550902059311862
AOI-0010,2025-08-27,0.17599775090476472
AOI-0010,2025-09-16,0.22126858194535193
AOI-0010,2025-09-30,0.3059894851050779
AOI-0010,2025-10-05,0.22767239322348734
AOI-0011,2025-04-07,0.6916581206657116
AOI-0011,2025-04-17,0.782936642028791
AOI-0011,2025-04-23,0.8403681213432039
AOI-0011,2025-04-28,0.7887498479341503
AOI-0011,2025-05-24,0.797910297434584
AOI-0011,2025-06-03,0.5777632280151682
AOI-0011,2025-07-12,0.29191118829498464
AOI-0011,2025-08-06,0.2154192652550529
AOI-0011,2025-08-14,0.22884705150246462
AOI-0011,2025-08-19,0.20961562294141708
AOI-0011,2025-08-27,0.1725996222009268
AOI-0011,2025-09-30,0.25531787514671456
AOI-0011,2025-10-03,0.1702527296412135
AOI-0011,2025-10-05,0.15861802291466984
AOI-0012,2025-04-01,0.25327223800440124
AOI-0012,2025-04-28,0.4640234059487561
AOI-0012,2025-05-16,0.7281608157661289
AOI-0012,2025-06-03,0.6562649685235851
AOI-0012,2025-06-05,0.5727984460046305
AOI-0012,2025-06-15,0.28873056162591987
AOI-0012,2025-06-26,0.3040468559926026
AOI-0012,2025-07-10,0.18526217797591424
AOI-0012,2025-07-18,0.14447807181215588
AOI-0012,2025-07-30,0.16059032275171659
AOI-0013,2010-04-16,0.7064706377750801
AOI-0013,2010-06-10,0.49039669892099313
AOI-0013,2010-06-19,0.3663303634963942
AOI-0013,2010-10-24,0.24473123503440666
AOI-0013,2011-04-18,0.22857316401838854
AOI-0013,2011-04-26,0.25116224867826636
AOI-0013,2012-05-08,0.5501943742530614
AOI-0013,2012-06-23,0.5385629494467224
AOI-0013,2012-08-12,0.4771877403344994
AOI-0013,2013-04-16,0.28430453779107595
AOI-0013,2013-04-24,0.2991989204897292
AOI-0013,2013-05-02,0.31107167275460484
AOI-0013,2013-05-09,0.4874546590769015
AOI-0013,2013-06-11,0.4638019434276875
AOI-0013,2013-07-12,0.5301153217301457
AOI-0013,2013-07-28,0.45212652434389194
AOI-0013,2014-05-29,0.45435210409619375
AOI-0013,2014-06-10,0.48114986527658166
AOI-0013,2014-07-28,0.41141044804069393
AOI-0013,2014-08-01,0.3308133325903766
AOI-0013,2014-08-08,0.33807085817963584
AOI-0013,2014-08-13,0.4153163984567229
AOI-0013,2015-05-09,0.5679428510100941
AOI-0013,2015-05-23,0.48905006617593894
AOI-0013,2015-07-12,0.5231178041963352
AOI-0013,2015-08-20,0.39306422229238397
AOI-0013,2015-10-07,0.3594482927290728
AOI-0013,2015-10-16,0.38383055502007507
AOI-0013,2016-05-09,0.4765485308577507
AOI-0013,2016-05-10,0.4647486119081324
AOI-0013,2016-08-12,0.6020324087329321
AOI-0013,2016-08-21,0.6808857580891938
AOI-0013,2016-09-13,0.5975718295833378
AOI-0013,2016-10-09,0.5277382208303577
AOI-0013,2017-04-11,0.2432346895587526
AOI-0013,2017-04-28,0.3594968261778277
AOI-0013,2017-05-01,0.3658311626605982
AOI-0013,2017-05-21,0.6075837097465498
AOI-0013,2017-05-29,0.5851536550322254
AOI-0013,2017-06-30,0.682390200522644
AOI-0013,2017-07-27,0.4798857479828803
AOI-0013,2017-08-08,0.48162323184248035
AOI-0013,2017-08-24,0.4362376965858964
AOI-0013,2017-09-13,0.436445630103839
AOI-0013,2017-09-17,0.4716573689975445
AOI-0013,2017-09-30,0.4373776256464266
AOI-0013,2018-05-25,0.5257175304843877
AOI-0013,2018-06-08,0.429692097932567
AOI-0013,2018-06-15,0.3435707016951507
AOI-0013,2018-07-12,0.4311521148994569
AOI-0013,2018-08-13,0.4300765022113846
AOI-0013,2018-08-27,0.4213974091006076
AOI-0013,2018-09-28,0.39627461809793824
AOI-0013,2018-10-06,0.41664277257717247
AOI-0013,2019-04-01,0.26591730594195345
AOI-0013,2019-05-06,0.4216535345005549
AOI-0013,2019-06-02,0.3791302486437727
AOI-0013,2019-06-05,0.4282087519668228
AOI-0013,2019-06-12,0.48279879161920247
AOI-0013,2019-06-25,0.39490973659955403
AOI-0013,2019-07-17,0.4427203947321944
AOI-0013,2019-07-28,0.5440073755741641
AOI-0013,2019-08-24,0.44778856341263423
AOI-0013,2019-08-31,0.5117043320712997
AOI-0013,2019-09-08,0.48407203519989633
AOI-0013,2019-09-13,0.4592441157753372
AOI-0013,2019-10-02,0.4799815032889026
AOI-0013,2019-10-10,0.5595554338478105
AOI-0013,2019-10-17,0.46562786335751777
AOI-0013,2020-04-22,0.4249354305668704
AOI-0013,2020-05-12,0.36579257678871313
AOI-0013,2020-06-24,0.46715620077783004
AOI-0013,2020-06-26,0.48788804841741973
AOI-0013,2020-08-12,0.4058385627671745
AOI-0013,2020-08-15,0.4185389523078191
AOI-0013,2020-08-16,0.43205194508912004
AOI-0013,2020-08-20,0.3754098966540809
AOI-0013,2020-10-27,0.3107412723799604
AOI-0013,2021-04-23,0.46696722208738434
AOI-0013,2021-06-10,0.615428394349708
AOI-0013,2021-06-11,0.5434448307086713
AOI-0013,2021-06-21,0.5075889876965631
AOI-0013,2021-07-12,0.516657759530175
AOI-0013,2021-07-14,0.5215164444238201
AOI-0013,2021-08-20,0.5003824111449688
AOI-0013,2021-10-14,0.42452028969330946
AOI-0013,2021-10-16,0.455126300342154
AOI-0013,2022-04-02,0.4690782573261259
AOI-0013,2022-04-17,0.548846886881753
AOI-0013,2022-04-24,0.5783917170979583
AOI-0013,2022-04-25,0.5683604549136737
AOI-0013,2022-06-10,0.5465632309752307
AOI-0013,2022-06-16,0.3933569802097152
AOI-0013,2022-06-26,0.5032774477955148
AOI-0013,2022-07-05,0.5492226666401634
AOI-0013,2022-07-17,0.5752518722405882
AOI-0013,2022-07-22,0.5560260861802869
AOI-0013,2022-08-14,0.5828556075444197
AOI-0013,2022-09-14,0.4448695843851839
AOI-0013,2022-10-07,0.3910162334904237
AOI-0013,2022-10-14,0.3635382802142182
AOI-0013,2023-04-10,0.4680307524682788
AOI-0013,2023-06-21,0.558492043514882
AOI-0013,2023-06-29,0.5585241415950274
AOI-0013,2023-07-06,0.4970632426490034
AOI-0013,2023-07-12,0.4963031649288307
AOI-0013,2023-07-24,0.5107618545834247
AOI-0013,2023-08-05,0.5278160014422683
AOI-0013,2023-08-20,0.5056498803008028
AOI-0013,2023-08-23,0.5250147322134652
AOI-0013,2023-08-26,0.5019479531784246
AOI-0013,2023-09-11,0.5234019315310569
AOI-0013,2023-09-14,0.5054324445871615
AOI-0013,2023-09-24,0.5089528329902296
AOI-0013,2023-10-05,0.463982384845034
AOI-0013,2023-10-14,0.3873788051476041
AOI-0013,2023-10-17,0.3621218954340654
AOI-0013,2023-10-19,0.3690724768304925
AOI-0013,2024-04-26,0.4206893846880651
AOI-0013,2024-05-04,0.47242480765594325
AOI-0013,2024-05-23,0.5265859810281974
AOI-0013,2024-05-24,0.5669539367528881
AOI-0013,2024-06-30,0.5124169755919052
AOI-0013,2024-07-02,0.5628428215254606
AOI-0013,2024-07-11,0.46521869908749197
AOI-0013,2024-07-26,0.4305770876076604
AOI-0013,2024-07-27,0.4294867149429406
AOI-0013,2024-08-09,0.5075523555259286
AOI-0013,2024-08-11,0.5644420684051777
AOI-0013,2024-09-03,0.48374649992693985
AOI-0013,2024-09-06,0.49798921418380665
AOI-0013,2024-09-26,0.4500341323880889
AOI-0013,2024-10-08,0.3860761922867192
AOI-0013,2025-04-01,0.48426366197937754
AOI-0013,2025-04-28,0.5357624651659082
AOI-0013,2025-05-16,0.490948306279525
AOI-0013,2025-05-19,0.49828372832095713
AOI-0013,2025-05-24,0.48548136490728144
AOI-0013,2025-07-07,0.49734880792195046
AOI-0013,2025-07-08,0.4767478608346128
AOI-0013,2025-07-14,0.5056334516029188
AOI-0013,2025-07-21,0.5230880517103454
AOI-0013,2025-07-27,0.5545186240138329
AOI-0013,2025-08-15,0.5004240623927415
AOI-0013,2025-09-03,0.4584023114399075
AOI-0013,2025-09-07,0.527129792559357
AOI-0014,2010-04-07,0.5623052772266746
AOI-0014,2010-04-24,0.7197024200982343
AOI-0014,2010-06-10,0.738684479160096
AOI-0014,2010-09-23,0.19400928018792385
AOI-0014,2011-04-19,0.21477293326847746
AOI-0014,2011-04-26,0.2369659439721564
AOI-0014,2011-05-09,0.6562250168587747
AOI-0014,2011-05-28,0.6576155054887465
AOI-0014,2011-06-14,0.7499837952437239
AOI-0014,2011-08-01,0.4510089608210361
AOI-0014,2011-09-14,0.2950735312843591
AOI-0014,2011-09-17,0.21174353487610875
AOI-0014,2011-10-27,0.291098499543469
AOI-0014,2012-05-06,0.6858352981958998
AOI-0014,2012-06-25,0.39274224399584
AOI-0014,2012-08-28,0.29681747143253584
AOI-0014,2012-09-04,0.20882381354691282
AOI-0014,2012-09-11,0.2122523484648955
AOI-0014,2012-09-27,0.1886257474628114
AOI-0014,2013-05-09,0.4220219221779689
AOI-0014,2013-06-11,0.555142132533326
AOI-0014,2013-06-19,0.6485481126625816
AOI-0014,2013-07-28,0.660009489873499
AOI-0014,2013-09-14,0.37887768612716965
AOI-0014,2013-09-23,0.2321553310791683
AOI-0014,2014-06-26,0.441273332536732
AOI-0014,2014-06-29,0.35612469557387405
AOI-0014,2014-08-17,0.21042485979388523
AOI-0014,2014-09-30,0.2982197035437832
AOI-0014,2014-10-27,0.22388974361237138
AOI-0014,2015-04-14,0.3487963415754326
AOI-0014,2015-06-16,0.7112631113186669
AOI-0014,2015-06-26,0.4749944844392188
AOI-0014,2015-07-12,0.46645136584490227
AOI-0014,2015-07-27,0.3468888679722545
AOI-0014,2015-08-28,0.22931315441152217
AOI-0014,2016-04-22,0.4333914378770002
AOI-0014,2016-05-09,0.3302618136201262
AOI-0014,2016-06-03,0.6299055689605698
AOI-0014,2016-06-19,0.8429749567330986
AOI-0014,2016-08-13,0.5002102937331855
AOI-0014,2016-08-30,0.3009885529705778
AOI-0014,2017-04-26,0.777057725312983
AOI-0014,2017-04-28,0.7840637432148975
AOI-0014,2017-05-21,0.8950642172569035
AOI-0014,2017-05-29,0.896637088559786
AOI-0014,2017-07-23,0.2676368829752925
AOI-0014,2017-07-31,0.22232050971266326
AOI-0014,2017-08-06,0.12983314069006338
AOI-0014,2017-08-21,0.13005541563475928
AOI-0014,2017-09-10,0.15757523365576945
AOI-0014,2017-09-30,0.2416220892539803
AOI-0014,2017-10-08,0.16539014080052977
AOI-0014,2018-04-07,0.5705417242135115
AOI-0014,2018-05-03,0.777288548874784
AOI-0014,2018-06-24,0.2663084443987996
AOI-0014,2018-07-18,0.23675765303582294
AOI-0014,2018-08-27,0.21307390100861529
AOI-0014,2018-10-06,0.21807428095627518
AOI-0014,2019-04-01,0.25293358139669886
AOI-0014,2019-04-21,0.1811648993424706
AOI-0014,2019-05-01,0.2186524155206034
AOI-0014,2019-05-09,0.6281829344201875
AOI-0014,2019-05-27,0.6722158596720144
AOI-0014,2019-05-28,0.6224216329389504
AOI-0014,2019-06-04,0.793909984125216
AOI-0014,2019-06-11,0.8720807933355419
AOI-0014,2019-06-15,0.8587282777989895
AOI-0014,2019-06-22,0.7375983612157789
AOI-0014,2019-07-06,0.6350118596308512
AOI-0014,2019-08-14,0.3363546154337074
AOI-0014,2019-08-26,0.20307490309744547
AOI-0014,2020-04-06,0.6671512591363726
AOI-0014,2020-04-07,0.715528081503993
AOI-0014,2020-04-17,0.7069632755453628
AOI-0014,2020-04-22,0.7108412550483372
AOI-0014,2020-04-25,0.7202708611816524
AOI-0014,2020-05-15,0.6799907516574882
AOI-0014,2020-05-17,0.645403974077788
AOI-0014,2020-06-04,0.7098081052989818
AOI-0014,2020-06-25,0.36738340378884327
AOI-0014,2020-07-11,0.26177682592992224
AOI-0014,2020-07-27,0.25485028626111894
AOI-0014,2020-08-16,0.20903933414341241
AOI-0014,2020-09-09,0.1612256273689488
AOI-0014,2020-09-24,0.14707145362722268
AOI-0014,2021-04-07,0.4820353130925724
AOI-0014,2021-04-29,0.6990431359734522
AOI-0014,2021-05-25,0.8206490886471453
AOI-0014,2021-08-13,0.28903708258639976
AOI-0014,2021-08-18,0.14743884328760845
AOI-0014,2021-09-14,0.1883303638338039
AOI-0014,2021-10-12,0.16261251907781626
AOI-0014,2021-10-14,0.194442996718845
AOI-0014,2022-05-15,0.2539262054559996
AOI-0014,2022-05-26,0.4234287250776732
AOI-0014,2022-05-27,0.35380112545136017
AOI-0014,2022-06-24,0.6983439177809111
AOI-0014,2022-07-14,0.8060542506123661
AOI-0014,2022-07-24,0.7648585310994634
AOI-0014,2022-08-22,0.3652542682888607
AOI-0014,2022-08-29,0.3024575227928549
AOI-0014,2022-09-02,0.19014791655209823
AOI-0014,2022-09-08,0.23195659215532632
AOI-0014,2022-09-14,0.2346328935412129
AOI-0014,2023-06-07,0.8694085549670253
AOI-0014,2023-08-10,0.220276931536755
AOI-0014,2024-04-04,0.6991590041854728
AOI-0014,2024-05-08,0.8427951158363486
AOI-0014,2024-05-09,0.8182101417849766
AOI-0014,2024-05-21,0.8294989929906161
AOI-0014,2024-05-23,0.8377017794287396
AOI-0014,2024-06-08,0.5550619827487883
AOI-0014,2024-07-25,0.1479188276326119
AOI-0014,2024-08-11,0.2067571975761493
AOI-0014,2024-09-01,0.15222823148580597
AOI-0014,2024-09-08,0.13549412571658276
AOI-0014,2024-09-11,0.13720463308957526
AOI-0014,2024-09-18,0.13546266630319104
AOI-0014,2024-09-29,0.21635737406929373
AOI-0014,2024-10-07,0.19234814183847226
AOI-0014,2024-10-30,0.21478409175122254
AOI-0014,2025-04-23,0.40021903869309694
AOI-0014,2025-05-01,0.2151738946531469
AOI-0014,2025-05-27,0.4411632579805843
AOI-0014,2025-06-13,0.41725759924042477
AOI-0014,2025-08-12,0.23104115781855336
AOI-0014,2025-08-15,0.2998852053625096
AOI-0014,2025-08-24,0.1801537170115656
AOI-0014,2025-09-11,0.14817824312470396
AOI-0014,2025-09-14,0.24265106879115275
AOI-0014,2025-09-23,0.1984882019651871
AOI-0014,2025-09-24,0.21009367271085252
AOI-0015,2025-05-04,0.3515614959159544
AOI-0015,2025-05-27,0.49664716556268224
AOI-0015,2025-06-07,0.4366392834557009
AOI-0015,2025-07-03,0.38471774391456304
AOI-0015,2025-07-05,0.37337443264508996
AOI-0015,2025-07-08,0.3235996543041031
AOI-0015,2025-07-13,0.25472263179136395
AOI-0015,2025-07-15,0.23416413570099973
AOI-0015,2025-07-18,0.23499008130769516
AOI-0015,2025-07-21,0.300538005186729
AOI-0015,2025-07-23,0.24539293335866771
AOI-0015,2025-09-07,0.21746782198992257
AOI-0015,2025-10-13,0.19045421835703097
AOI-0015,2025-10-16,0.28484919657193575
AOI-0015,2025-10-18,0.2177967176211716
AOI-0016,2025-04-19,0.25130341771011117
AOI-0016,2025-05-25,0.5594376857359519
AOI-0016,2025-06-11,0.593551603219417
AOI-0016,2025-06-26,0.7892098444130127
AOI-0016,2025-07-10,0.7851931835746034
AOI-0016,2025-07-17,0.7407163249681414
AOI-0016,2025-07-18,0.7482082378019501
AOI-0016,2025-08-19,0.3782190010337588
AOI-0016,2025-08-29,0.381475440780138
AOI-0016,2025-10-17,0.276576214792313
AOI-0017,2010-06-10,0.6003241902369203
AOI-0017,2010-07-29,0.5891253713359228
AOI-0017,2010-09-23,0.3600065662272674
AOI-0017,2011-04-18,0.31125786992704096
AOI-0017,2011-09-17,0.5385132834888631
AOI-0017,2011-09-26,0.532285862363601
AOI-0017,2011-09-30,0.5233961081923311
AOI-0017,2011-10-11,0.5036369831746571
AOI-0017,2011-10-27,0.4813529959307737
AOI-0017,2012-07-18,0.6241859620626771
AOI-0017,2012-07-27,0.486705456027036
AOI-0017,2012-08-28,0.4617534317846851
AOI-0017,2012-09-29,0.4618320608366227
AOI-0017,2013-05-25,0.6677370723686369
AOI-0017,2013-07-12,0.5349020514166709
AOI-0017,2013-08-14,0.43699853624526647
AOI-0017,2013-09-14,0.6189057812764154
AOI-0017,2013-09-30,0.5994174982685544
AOI-0017,2013-10-09,0.6494008221430375
AOI-0017,2013-10-25,0.6471231936600842
AOI-0017,2014-04-23,0.7018942126447202
AOI-0017,2014-06-06,0.6065999804067176
AOI-0017,2014-07-24,0.4265121650501199
AOI-0017,2014-10-04,0.386330499872087
AOI-0017,2015-04-23,0.5012695737066999
AOI-0017,2015-04-30,0.4358192146589026
AOI-0017,2015-07-11,0.730867614856876
AOI-0017,2015-07-27,0.6641360136512504
AOI-0017,2015-08-03,0.5983788945883972
AOI-0017,2015-08-29,0.43846154926740355
AOI-0017,2015-10-16,0.43651393164148683
AOI-0017,2016-04-06,0.5692501201088705
AOI-0017,2016-04-07,0.43289163634475486
AOI-0017,2016-06-18,0.6359554489162171
AOI-0017,2016-07-05,0.5606338240977923
AOI-0017,2016-07-27,0.5644216500838181
AOI-0017,2016-08-21,0.5885273017325687
AOI-0017,2016-09-15,0.541562945036369
AOI-0017,2016-10-15,0.5054609296289555
AOI-0017,2016-10-17,0.4902942253194068
AOI-0017,2017-06-06,0.6711124920477894
AOI-0017,2017-07-31,0.6458822590316081
AOI-0017,2017-08-01,0.6318470560819055
AOI-0017,2017-09-02,0.549317467450031
AOI-0017,2018-04-05,0.43825778051160963
AOI-0017,2018-05-09,0.6708192262410069
AOI-0017,2018-05-23,0.6516880797885811
AOI-0017,2018-06-20,0.5327076556624748
AOI-0017,2018-07-11,0.4641295221122872
AOI-0017,2018-07-12,0.5014342149333196
AOI-0017,2019-04-25,0.46923327481454113
AOI-0017,2019-04-28,0.4321181756111926
AOI-0017,2019-05-13,0.5427371186119911
AOI-0017,2019-05-18,0.6240423088103647
AOI-0017,2019-05-28,0.6950156272324831
AOI-0017,2019-06-04,0.6601583223965861
AOI-0017,2019-06-12,0.7200331474971672
AOI-0017,2019-06-17,0.6547703574394236
AOI-0017,2019-07-17,0.6403028797196338
AOI-0017,2019-08-06,0.6547144359433934
AOI-0017,2019-08-11,0.6035848589937579
AOI-0017,2019-08-24,0.44856778463663394
AOI-0017,2019-08-29,0.49163859437773727
AOI-0017,2019-08-31,0.5053872319870627
AOI-0017,2019-09-13,0.46860085434178617
AOI-0017,2020-04-25,0.32218804482462093
AOI-0017,2020-04-30,0.36970794348848696
AOI-0017,2020-05-08,0.647468201041676
AOI-0017,2020-06-06,0.6250465045918917
AOI-0017,2020-06-26,0.5178851143865978
AOI-0017,2020-07-26,0.4095349279478408
AOI-0017,2020-08-18,0.47070495079367525
AOI-0017,2020-09-02,0.4085654492143223
AOI-0017,2020-09-04,0.3632202439184957
AOI-0017,2020-09-09,0.3991416593081071
AOI-0017,2020-09-10,0.3791300896180249
AOI-0017,2020-09-19,0.4105819650750555
AOI-0017,2020-10-12,0.3737818265229156
AOI-0017,2021-04-07,0.3668634075035817
AOI-0017,2021-05-20,0.5448726514980742
AOI-0017,2021-07-02,0.678932984256182
AOI-0017,2021-08-29,0.519581201693384
AOI-0017,2021-09-04,0.5309136955862687
AOI-0017,2021-09-27,0.5210033931003405
AOI-0017,2021-10-06,0.37148590122455527
AOI-0017,2021-10-27,0.5149570301712346
AOI-0017,2022-04-17,0.6023979253612483
AOI-0017,2022-04-23,0.6643647217387842
AOI-0017,2022-05-26,0.6958323204841129
AOI-0017,2022-05-27,0.6812109414337074
AOI-0017,2022-06-03,0.6610501195576316
AOI-0017,2022-06-11,0.6079706758516601
AOI-0017,2022-06-30,0.6125228063865059
AOI-0017,2022-07-12,0.5391899624185388
AOI-0017,2022-07-19,0.5828422090048297
AOI-0017,2022-07-24,0.5682927552176981
AOI-0017,2022-08-07,0.5790502508203532
AOI-0017,2022-08-14,0.5758817365527065
AOI-0017,2022-08-15,0.5387081256740167
AOI-0017,2022-08-23,0.5502952387164067
AOI-0017,2022-08-30,0.5143581987479159
AOI-0017,2022-09-17,0.45314556073834794
AOI-0017,2022-10-19,0.48780206599518383
AOI-0017,2023-04-02,0.5134921343976233
AOI-0017,2023-05-06,0.6339561440717237
AOI-0017,2023-06-11,0.6428562041374861
AOI-0017,2023-06-19,0.6466504907410269
AOI-0017,2023-06-22,0.6530703196799031
AOI-0017,2023-07-24,0.6499659723707281
AOI-0017,2023-09-19,0.5014948500684395
AOI-0017,2023-10-12,0.29414677684808305
AOI-0017,2023-10-16,0.3953779194939004
AOI-0017,2023-10-21,0.30025315213475556
AOI-0017,2024-04-04,0.4561721978851503
AOI-0017,2024-06-05,0.2796810521048331
AOI-0017,2024-06-13,0.19826098708676856
AOI-0017,2024-06-28,0.22298146183090803
AOI-0017,2024-07-19,0.261077840950796
AOI-0017,2024-08-22,0.21579267512595582
AOI-0017,2024-09-01,0.25451993976801807
AOI-0017,2024-09-21,0.2782328628391962
AOI-0017,2024-09-29,0.2673140720594213
AOI-0017,2024-10-08,0.1861552517620878
AOI-0017,2024-10-22,0.2461685252159682
AOI-0017,2025-05-04,0.8535681634032803
AOI-0017,2025-05-27,0.798669320536102
AOI-0017,2025-06-07,0.6267138134072231
AOI-0017,2025-06-28,0.3522368660382773
AOI-0017,2025-07-07,0.2774757520007235
AOI-0017,2025-08-23,0.24137219151872175
AOI-0017,2025-09-01,0.15800691726916846
AOI-0017,2025-10-02,0.2743771053883634
AOI-0018,2025-04-19,0.8117745700332493
AOI-0018,2025-05-27,0.6792624327925587
AOI-0018,2025-06-13,0.3191347807360645
AOI-0018,2025-06-15,0.30730270939081433
AOI-0018,2025-07-05,0.2285014490984829
AOI-0018,2025-07-07,0.23637828116186957
AOI-0018,2025-07-14,0.2831999080964323
AOI-0018,2025-07-21,0.3107751324191108
AOI-0018,2025-08-19,0.17551556029825338
AOI-0018,2025-08-27,0.17088548497239672
AOI-0018,2025-09-08,0.1532056208374399
AOI-0018,2025-09-24,0.2347896452269115
AOI-0018,2025-10-17,0.2585831370413455
AOI-0019,2025-04-14,0.4804585943783563
AOI-0019,2025-04-17,0.5494901463421012
AOI-0019,2025-04-28,0.5567403805940395
AOI-0019,2025-05-14,0.5744124234705887
AOI-0019,2025-05-25,0.6793491684781876
AOI-0019,2025-06-15,0.41233406559078295
AOI-0019,2025-06-27,0.42493145472932253
AOI-0019,2025-06-30,0.3681399913403741
AOI-0019,2025-07-10,0.3277287304063602
AOI-0019,2025-07-14,0.31701136009823
AOI-0019,2025-08-14,0.32315945239091376
AOI-0019,2025-08-31,0.21516676773275978
AOI-0019,2025-09-15,0.23614760370286092
AOI-0019,2025-09-23,0.22197779004297083
AOI-0019,2025-09-24,0.23582278969794349
AOI-0019,2025-10-18,0.20833151226351546
AOI-0020,2025-04-18,0.26246678675561563
AOI-0020,2025-04-23,0.4790224232802449
AOI-0020,2025-05-03,0.4289620046053583
AOI-0020,2025-06-03,0.6370591570895517
AOI-0020,2025-06-11,0.45257533771152486
AOI-0020,2025-07-12,0.42927168297978613
AOI-0020,2025-07-21,0.34932709992789324
AOI-0020,2025-07-29,0.3225598555114173
AOI-0020,2025-07-30,0.2924702480301583
AOI-0020,2025-08-19,0.2546346802510435
AOI-0020,2025-10-13,0.10952637518531541
AOI-0021,2025-04-28,0.39384146030649114
AOI-0021,2025-05-27,0.5424879845885965
AOI-0021,2025-06-03,0.5573279501584923
AOI-0021,2025-07-06,0.3570557044834333
AOI-0021,2025-07-18,0.31634028314027024
AOI-0021,2025-07-29,0.32324086439920835
AOI-0021,2025-08-07,0.259689387760233
AOI-0021,2025-08-22,0.22799159805363414
AOI-0021,2025-08-30,0.263748997662809
AOI-0021,2025-09-15,0.22052103037275933
AOI-0021,2025-09-24,0.2521904622313194
AOI-0021,2025-10-03,0.19233805732735426
AOI-0022,2025-04-01,0.5237820086612316
AOI-0022,2025-05-03,0.8577949893359895
AOI-0022,2025-05-06,0.7912284129903336
AOI-0022,2025-05-25,0.8197755215384704
AOI-0022,2025-05-28,0.8211428108388069
AOI-0022,2025-07-08,0.2121635692449983
AOI-0022,2025-07-17,0.16059805450955564
AOI-0022,2025-07-21,0.19287870214229608
AOI-0022,2025-08-27,0.1538734106773314
AOI-0022,2025-08-31,0.1752764782326524
AOI-0022,2025-09-23,0.17650489082286375
AOI-0022,2025-09-24,0.19259039327113203
AOI-0022,2025-09-30,0.24472040160205064
AOI-0023,2025-04-16,0.20378478830508304
AOI-0023,2025-04-17,0.24200653333774774
AOI-0023,2025-04-24,0.196520019703175
AOI-0023,2025-05-01,0.1744495145554465
AOI-0023,2025-05-04,0.22592276250591217
AOI-0023,2025-06-27,0.7792480319250583
AOI-0023,2025-07-05,0.7381449489417378
AOI-0023,2025-07-14,0.39539579064473346
AOI-0023,2025-07-15,0.34148873661178014
AOI-0023,2025-08-14,0.15877525592624758
AOI-0023,2025-08-22,0.14236787759601127
AOI-0023,2025-08-30,0.1980542799020685
AOI-0023,2025-09-21,0.1518058754419332
AOI-0023,2025-09-23,0.1687033357196102
AOI-0023,2025-10-17,0.23862437299003034
AOI-0024,2025-04-07,0.33847375801038426
AOI-0024,2025-04-23,0.3638957288505491
AOI-0024,2025-05-25,0.49925656390347867
AOI-0024,2025-05-28,0.25586671975564357
AOI-0024,2025-06-05,0.3092288445829413
AOI-0024,2025-07-03,0.5842493020537569
AOI-0024,2025-07-21,0.3737591079233033
AOI-0024,2025-07-25,0.34927135097206613
AOI-0024,2025-08-06,0.3336978581990293
AOI-0024,2025-08-09,0.28946282427754755
AOI-0024,2025-09-14,0.2870031501360034
AOI-0024,2025-09-21,0.19691507117523763
AOI-0024,2025-09-30,0.23668906180557892
AOI-0024,2025-10-02,0.195930631012183
AOI-0024,2025-10-18,0.17658249998554684
AOI-0025,2025-04-14,0.18071473113151262
AOI-0025,2025-04-23,0.3477430437804285
AOI-0025,2025-04-24,0.20872208502614037
AOI-0025,2025-04-29,0.215503965651339
AOI-0025,2025-05-09,0.3337764195038126
AOI-0025,2025-06-03,0.1941388662028841
AOI-0025,2025-06-13,0.2186386620231161
AOI-0025,2025-06-27,0.17118249410974984
AOI-0025,2025-07-21,0.19680259072309492
AOI-0025,2025-08-07,0.15086304643828546
AOI-0025,2025-08-30,0.21274726452894457
AOI-0025,2025-09-07,0.2049934100565235
AOI-0025,2025-09-14,0.2598586389664263
AOI-0025,2025-10-17,0.42451552643287593
AOI-0026,2025-04-07,0.6667121665176621
AOI-0026,2025-04-24,0.8270464069988089
AOI-0026,2025-05-09,0.905314411372711
AOI-0026,2025-06-13,0.6270923305735626
AOI-0026,2025-07-08,0.24576262680879543
AOI-0026,2025-07-10,0.24799537680571263
AOI-0026,2025-07-12,0.26539008718088186
AOI-0026,2025-07-13,0.23266666088905805
AOI-0026,2025-07-18,0.18032457942912689
AOI-0026,2025-07-30,0.14021903009118222
AOI-0026,2025-08-19,0.12635840745275223
AOI-0026,2025-09-08,0.12872403891589215
AOI-0026,2025-09-23,0.17053468100784255
AOI-0026,2025-09-30,0.32527784218287753
AOI-0027,2025-04-16,0.7513984360357236
AOI-0027,2025-04-24,0.7752933932893523
AOI-0027,2025-06-13,0.4946474604259129
AOI-0027,2025-06-27,0.39058838180669464
AOI-0027,2025-07-05,0.31435740780077526
AOI-0027,2025-07-12,0.36965364227885594
AOI-0027,2025-07-13,0.2422444529150506
AOI-0027,2025-07-23,0.21068595407094245
AOI-0027,2025-07-29,0.3083775367118435
AOI-0027,2025-08-19,0.2703773840029211
AOI-0027,2025-08-30,0.27377994415886503
AOI-0027,2025-09-16,0.2530983778958704
AOI-0027,2025-10-16,0.5823961635060804
AOI-0028,2010-04-07,0.7435795178128665
AOI-0028,2010-04-15,0.7191792252570092
AOI-0028,2010-10-24,0.1820609071898259
AOI-0028,2011-05-25,0.5441816319974124
AOI-0028,2011-07-28,0.5849544776207284
AOI-0028,2011-08-08,0.5733697277498094
AOI-0028,2011-10-11,0.24662463411332117
AOI-0028,2012-04-22,0.7656204155439765
AOI-0028,2012-09-27,0.15011305115214013
AOI-0028,2012-10-15,0.2301662808224068
AOI-0028,2013-04-07,0.2853683557559204
AOI-0028,2013-06-10,0.3351571165439225
AOI-0028,2013-06-26,0.3109574199917382
AOI-0028,2013-08-29,0.2769006462415605
AOI-0028,2014-04-07,0.670630433792265
AOI-0028,2014-05-04,0.939456667759495
AOI-0028,2014-07-28,0.2567252158020218
AOI-0028,2014-10-11,0.19749545570859295
AOI-0028,2015-04-13,0.18722204637565315
AOI-0028,2015-08-27,0.3420630153433585
AOI-0028,2015-09-28,0.18236010488809531
AOI-0028,2016-04-07,0.6855268162679662
AOI-0028,2016-04-23,0.7788809071444206
AOI-0028,2016-06-09,0.6284184359679386
AOI-0028,2016-06-10,0.6533613437964502
AOI-0028,2016-06-25,0.3450131600217098
AOI-0028,2016-07-27,0.302916770290376
AOI-0028,2016-09-06,0.18334347982756224
AOI-0028,2017-04-26,0.288782136656113
AOI-0028,2017-07-23,0.22351864981072586
AOI-0028,2017-08-09,0.15164188212919005
AOI-0028,2017-08-13,0.2345239521802609
AOI-0028,2017-08-29,0.21259824313583076
AOI-0028,2017-09-17,0.2302016917929087
AOI-0028,2018-05-11,0.8509661600825218
AOI-0028,2018-08-19,0.19572898375948455
AOI-0028,2018-08-29,0.2136721384921498
AOI-0028,2018-09-12,0.2024393330009772
AOI-0028,2018-10-08,0.15582321971450586
AOI-0028,2019-04-06,0.14917767555590147
AOI-0028,2019-05-02,0.2809946434377174
AOI-0028,2019-05-25,0.36088241808226873
AOI-0028,2019-06-27,0.17781171047964606
AOI-0028,2019-08-09,0.19779571605443896
AOI-0028,2019-08-24,0.14047570306114582
AOI-0028,2019-10-17,0.5752396489717599
AOI-0028,2020-04-25,0.8320364550804238
AOI-0028,2020-05-04,0.889741490145431
AOI-0028,2020-05-08,0.863025532022672
AOI-0028,2020-05-30,0.8533103732556697
AOI-0028,2020-07-14,0.17635087012611464
AOI-0028,2020-08-03,0.13526272045231189
AOI-0028,2020-08-08,0.15116310656375903
AOI-0028,2020-09-02,0.14899821956310258
AOI-0028,2020-09-13,0.20578918642810762
AOI-0028,2021-06-14,0.7029984381641068
AOI-0028,2021-06-16,0.749963567527758
AOI-0028,2021-06-24,0.8268775508262053
AOI-0028,2021-06-26,0.840112703587434
AOI-0028,2021-07-24,0.7609997437654643
AOI-0028,2021-10-27,0.27099066263446425
AOI-0028,2022-04-07,0.6846530036042996
AOI-0028,2022-04-23,0.8699963973428985
AOI-0028,2022-06-09,0.9013570436831007
AOI-0028,2022-06-29,0.37701842261651036
AOI-0028,2022-07-28,0.21645665802442918
AOI-0028,2022-08-03,0.12132692666911908
AOI-0028,2022-08-08,0.13475866112259519
AOI-0028,2022-08-30,0.151923392050487
AOI-0028,2022-10-01,0.2135144522903654
AOI-0028,2023-04-07,0.33372927506795524
AOI-0028,2023-04-11,0.22217605524560236
AOI-0028,2023-05-05,0.24630226136634598
AOI-0028,2023-05-09,0.4922035394478071
AOI-0028,2023-06-09,0.2319185527759726
AOI-0028,2023-08-06,0.19438389614435436
AOI-0028,2023-08-23,0.13924929240966286
AOI-0028,2023-08-29,0.2173168722940645
AOI-0028,2023-09-22,0.16844382475984485
AOI-0028,2023-09-24,0.1694015753761432
AOI-0028,2023-09-30,0.3220947718703857
AOI-0028,2024-05-07,0.9105918141281278
AOI-0028,2024-05-23,0.8216573661928744
AOI-0028,2024-05-24,0.7796388375295285
AOI-0028,2024-07-27,0.19893088337892212
AOI-0028,2024-08-03,0.16118467379951812
AOI-0028,2024-08-12,0.15999148278595574
AOI-0028,2024-09-11,0.12144760246795423
AOI-0028,2024-09-16,0.1344982219813501
AOI-0028,2025-04-07,0.39046263882974036
AOI-0028,2025-05-24,0.6144618909139996
AOI-0028,2025-05-31,0.6177202139730854
AOI-0028,2025-06-11,0.6666943319601979
AOI-0028,2025-06-26,0.564454428045
AOI-0028,2025-06-27,0.5502691703099851
AOI-0028,2025-07-10,0.2946334827523508
AOI-0028,2025-07-13,0.2396827272042418
AOI-0028,2025-07-23,0.15680447927577196
AOI-0028,2025-08-13,0.22397277132450027
AOI-0028,2025-09-08,0.13195481358437147
AOI-0028,2025-09-11,0.13571733217284837
AOI-0028,2025-10-16,0.27103292077594
AOI-0028,2025-10-28,0.22688049276330616
AOI-0029,2025-04-04,0.5474867717835007
AOI-0029,2025-04-24,0.8033065431786148
AOI-0029,2025-06-08,0.7260105367379339
AOI-0029,2025-06-10,0.6090141554410402
AOI-0029,2025-06-11,0.6998761547545281
AOI-0029,2025-06-13,0.651140635068544
AOI-0029,2025-07-29,0.1838418254628264
AOI-0029,2025-08-02,0.12627690769321645
AOI-0029,2025-08-19,0.12973530127262742
AOI-0029,2025-09-11,0.12924281443247962
AOI-0029,2025-09-16,0.14971270350006888
AOI-0030,2025-04-21,0.5418929385969623
AOI-0030,2025-04-24,0.5996388729146179
AOI-0030,2025-06-10,0.7180355700831752
AOI-0030,2025-08-07,0.6387957621991068
AOI-0031,2010-06-04,0.5841889771790311
AOI-0031,2010-09-14,0.1913837512827956
AOI-0031,2011-04-23,0.34829722246324457
AOI-0031,2011-06-10,0.4913254614244336
AOI-0031,2011-07-09,0.23615707639129116
AOI-0031,2011-08-11,0.22408862571857685
AOI-0031,2011-08-18,0.204428954240096
AOI-0031,2011-08-19,0.19785772634459436
AOI-0031,2011-09-19,0.2316130134776753
AOI-0031,2012-04-06,0.28394001709385136
AOI-0031,2012-04-15,0.1688992327636036
AOI-0031,2013-04-07,0.5412431501587326
AOI-0031,2013-05-09,0.6254654403779568
AOI-0031,2013-05-12,0.615429191020906
AOI-0031,2013-05-25,0.49119626361399543
AOI-0031,2013-06-12,0.24838985613066042
AOI-0031,2013-06-28,0.20682945324154592
AOI-0031,2013-07-23,0.22461383143496153
AOI-0031,2013-08-13,0.2778087976378463
AOI-0031,2013-10-16,0.31935091282532746
AOI-0031,2014-05-23,0.35033390592705743
AOI-0031,2014-06-23,0.2913196775562934
AOI-0031,2014-07-17,0.15335009752930634
AOI-0031,2014-07-28,0.2064021917258847
AOI-0031,2014-08-02,0.1550098551098153
AOI-0031,2014-08-13,0.20543428588798973
AOI-0031,2014-10-14,0.15959992835748915
AOI-0031,2015-09-22,0.21391420112814488
AOI-0031,2015-10-16,0.22247354635131972
AOI-0031,2016-04-01,0.24888413903560555
AOI-0031,2016-04-17,0.40650877859875406
AOI-0031,2016-04-22,0.6393011773327557
AOI-0031,2016-05-03,0.6269786386458547
AOI-0031,2016-05-24,0.6998558530556779
AOI-0031,2016-06-09,0.5547004840047042
AOI-0031,2016-06-12,0.6047981204702907
AOI-0031,2016-06-20,0.3686826340973816
AOI-0031,2016-06-25,0.3288344640258785
AOI-0031,2016-07-30,0.24290139789945786
AOI-0031,2017-05-06,0.7607298831616605
AOI-0031,2017-06-07,0.7244361608418688
AOI-0031,2017-08-03,0.19559767797522637
AOI-0031,2017-08-13,0.19629049263726323
AOI-0031,2017-09-04,0.1808223983068838
AOI-0031,2017-09-22,0.27824390600721394
AOI-0031,2018-04-23,0.608488996816977
AOI-0031,2018-05-02,0.6843045975306266
AOI-0031,2018-05-18,0.6260821716056508
AOI-0031,2018-06-03,0.3092666193144154
AOI-0031,2018-06-10,0.3213753935166455
AOI-0031,2018-06-11,0.26346862917216435
AOI-0031,2018-07-13,0.26003985299490734
AOI-0031,2018-09-06,0.21766248067757477
AOI-0031,2018-09-14,0.21158424447289415
AOI-0031,2018-10-07,0.1829703686123479
AOI-0031,2018-10-12,0.20276105443701925
AOI-0031,2019-04-10,0.4904906651476108
AOI-0031,2019-06-14,0.20817325407177037
AOI-0031,2019-06-22,0.1561237277869237
AOI-0031,2019-07-09,0.16981355503017032
AOI-0031,2019-07-23,0.2788559622772683
AOI-0031,2019-08-08,0.4420585730720102
AOI-0031,2019-08-31,0.22931968919411438
AOI-0031,2019-09-17,0.19169017710021974
AOI-0031,2019-10-03,0.2724759196261209
AOI-0031,2019-10-10,0.3374146534123373
AOI-0031,2019-10-12,0.28683324004095123
AOI-0031,2019-10-22,0.5004189435302124
AOI-0031,2020-04-13,0.45768589621284533
AOI-0031,2020-06-01,0.5039781775533774
AOI-0031,2020-06-06,0.5283868495093974
AOI-0031,2020-07-11,0.15657219177413162
AOI-0031,2020-07-18,0.11372931018077014
AOI-0031,2020-07-28,0.12074195506343383
AOI-0031,2020-08-07,0.13096173130431157
AOI-0031,2020-08-17,0.1387562248694896
AOI-0031,2020-08-22,0.13996043111062997
AOI-0031,2020-09-27,0.1535509331501317
AOI-0031,2020-10-13,0.14144500597042473
AOI-0031,2020-10-19,0.09631860466785357
AOI-0031,2020-10-21,0.13829309287488048
AOI-0031,2021-04-07,0.2268666266026584
AOI-0031,2021-05-17,0.2708896383866325
AOI-0031,2021-06-11,0.15847201050388668
AOI-0031,2021-07-01,0.14423553487724458
AOI-0031,2021-07-16,0.1440671502406746
AOI-0031,2021-07-21,0.12820873221320322
AOI-0031,2021-08-06,0.17444795827739773
AOI-0031,2021-08-25,0.14355082134082683
AOI-0031,2021-08-30,0.14216630962197996
AOI-0031,2022-05-14,0.8482127510212828
AOI-0031,2022-06-10,0.6699135609973508
AOI-0031,2022-06-11,0.7534336141298972
AOI-0031,2022-06-20,0.43902611468308694
AOI-0031,2022-06-21,0.4141747099168724
AOI-0031,2022-07-08,0.1725778842679013
AOI-0031,2022-07-12,0.22004625078080772
AOI-0031,2022-09-08,0.14349482659802304
AOI-0031,2022-09-09,0.12265390215898835
AOI-0031,2022-09-10,0.15062602668336095
AOI-0031,2022-09-11,0.13388316334237804
AOI-0031,2022-09-26,0.12899647833903122
AOI-0031,2022-09-29,0.14790909498950858
AOI-0031,2023-04-04,0.3150854906251176
AOI-0031,2023-04-27,0.3862392094472442
AOI-0031,2023-05-17,0.4454329481344307
AOI-0031,2023-06-17,0.30741344110283436
AOI-0031,2023-06-23,0.26940291633443103
AOI-0031,2023-06-26,0.30507784538495564
AOI-0031,2023-07-11,0.29319001443671194
AOI-0031,2023-08-15,0.2427682289898902
AOI-0031,2023-09-19,0.1862361732247491
AOI-0031,2023-09-20,0.22418072003184314
AOI-0031,2023-09-30,0.23653898070486065
AOI-0031,2023-10-15,0.1919181414690369
AOI-0031,2023-10-24,0.1769420088184806
AOI-0031,2024-05-03,0.20352136131653462
AOI-0031,2024-06-02,0.19682754454823018
AOI-0031,2024-07-02,0.16252606649872947
AOI-0031,2024-07-10,0.11928508255110082
AOI-0031,2024-07-13,0.1568827761259781
AOI-0031,2024-08-09,0.12820256159649712
AOI-0031,2024-08-16,0.14842243009509384
AOI-0031,2024-08-26,0.15419276528981823
AOI-0031,2025-04-19,0.4960397537105295
AOI-0031,2025-04-23,0.6012062914419501
AOI-0031,2025-06-21,0.4742643864298572
AOI-0031,2025-07-12,0.22828489315277178
AOI-0031,2025-07-15,0.19753113162919944
AOI-0031,2025-08-06,0.1897955991521982
AOI-0031,2025-08-09,0.15467088383789732
AOI-0031,2025-09-08,0.15079719217829457
AOI-0031,2025-09-15,0.16506072334806293
AOI-0031,2025-09-17,0.16847582944490166
AOI-0031,2025-10-02,0.2253750577038984
AOI-0031,2025-10-22,0.2504475149408242
AOI-0032,2010-06-04,0.27458902550361647
AOI-0032,2010-06-10,0.26629488532793116
AOI-0032,2010-06-20,0.20554681703268668
AOI-0032,2010-07-12,0.20726643444114728
AOI-0032,2010-08-16,0.14422764377822841
AOI-0032,2010-09-14,0.18643281725120509
AOI-0032,2010-09-30,0.2185462191908987
AOI-0032,2011-07-12,0.29216686932964464
AOI-0032,2011-08-29,0.2845254802973605
AOI-0032,2011-09-11,0.18004686664314618
AOI-0032,2011-09-28,0.18907575647340644
AOI-0032,2012-04-06,0.2715284645436169
AOI-0032,2012-05-01,0.3180090527387029
AOI-0032,2012-06-25,0.31963607516431386
AOI-0032,2012-10-08,0.14598685785714788
AOI-0032,2013-05-19,0.46946790734668886
AOI-0032,2013-05-20,0.45672330670127964
AOI-0032,2013-06-10,0.3268913729202098
AOI-0032,2013-06-12,0.2947405186636234
AOI-0032,2013-06-13,0.29017301149918745
AOI-0032,2013-07-22,0.3232596635984572
AOI-0032,2013-07-30,0.33019384356552184
AOI-0032,2013-08-13,0.2935960995235759
AOI-0032,2013-08-29,0.25380966874056576
AOI-0032,2013-09-14,0.2660310760635066
AOI-0032,2014-06-16,0.2534227734600026
AOI-0032,2014-06-26,0.23731586352001105
AOI-0032,2014-07-12,0.18859029624279472
AOI-0032,2014-09-03,0.14452899456207002
AOI-0032,2015-04-23,0.2612341351101568
AOI-0032,2015-06-18,0.503105042206814
AOI-0032,2015-07-13,0.30113248542618476
AOI-0032,2015-09-15,0.18005364618118122
AOI-0032,2015-09-23,0.18910469737566618
AOI-0032,2015-09-30,0.21058672373168819
AOI-0032,2016-04-06,0.261178778290085
AOI-0032,2016-04-10,0.17017806271028108
AOI-0032,2016-05-03,0.2482853893599298
AOI-0032,2016-06-09,0.35878964941588554
AOI-0032,2016-06-28,0.20571647612634575
AOI-0032,2016-07-15,0.16785240348826633
AOI-0032,2016-07-30,0.18908207680508168
AOI-0032,2016-08-16,0.1622006707457349
AOI-0032,2016-09-09,0.17047719500685207
AOI-0032,2016-10-18,0.37589868216342903
AOI-0032,2017-04-04,0.4050302357475564
AOI-0032,2017-04-28,0.7077421114586764
AOI-0032,2017-05-09,0.7844752111551015
AOI-0032,2017-07-02,0.236400009394437
AOI-0032,2017-08-02,0.16753441944439548
AOI-0032,2017-08-11,0.1346074635295922
AOI-0032,2017-08-19,0.14304078233163647
AOI-0032,2017-08-27,0.1841770881120756
AOI-0032,2017-09-03,0.15988673050451302
AOI-0032,2017-09-12,0.16390435405715784
AOI-0032,2018-04-15,0.18210179462091913
AOI-0032,2018-06-10,0.22296255022357994
AOI-0032,2018-06-19,0.1451789603181492
AOI-0032,2018-09-14,0.1952595582837673
AOI-0032,2018-09-23,0.17040997154369664
AOI-0032,2018-09-30,0.23406797840979435
AOI-0032,2018-10-07,0.17241639539034118
AOI-0032,2018-10-12,0.24039914585302413
AOI-0032,2019-04-26,0.7278939991630012
AOI-0032,2019-04-28,0.7130517739497327
AOI-0032,2019-05-18,0.8122578988741752
AOI-0032,2019-05-20,0.8168865084871253
AOI-0032,2019-05-30,0.664214697194646
AOI-0032,2019-06-14,0.27963328550014516
AOI-0032,2019-06-19,0.183290218645829
AOI-0032,2019-07-23,0.1678280194825527
AOI-0032,2019-09-25,0.13436600930229475
AOI-0032,2019-10-05,0.15130272578867573
AOI-0032,2019-10-11,0.22222726680219687
AOI-0032,2019-10-25,0.37285068940080923
AOI-0032,2019-10-28,0.36581151824307856
AOI-0032,2020-05-27,0.4121569626311921
AOI-0032,2020-05-30,0.3884977037368541
AOI-0032,2020-06-24,0.19718322326119175
AOI-0032,2020-06-26,0.16915932899833921
AOI-0032,2020-08-05,0.12952845821582576
AOI-0032,2020-08-07,0.12664404450426744
AOI-0032,2020-09-13,0.1711778515002928
AOI-0032,2020-09-28,0.12208251654746974
AOI-0032,2020-09-29,0.17137321107984277
AOI-0032,2020-10-05,0.13205861782034445
AOI-0032,2020-10-06,0.14235099248615288
AOI-0032,2020-10-24,0.14800252372441253
AOI-0032,2021-04-04,0.05633053737157714
AOI-0032,2021-04-23,0.26465987221014203
AOI-0032,2021-05-01,0.2472413769121178
AOI-0032,2021-05-25,0.29133427304801457
AOI-0032,2021-06-18,0.16739723954445698
AOI-0032,2021-07-01,0.1468362058676255
AOI-0032,2021-07-18,0.14666203274001477
AOI-0032,2021-09-06,0.16599296242847028
AOI-0032,2021-09-15,0.1727603518229164
AOI-0032,2021-10-08,0.3367669827617643
AOI-0032,2022-04-26,0.8047435492052525
AOI-0032,2022-05-09,0.8442534962547531
AOI-0032,2022-05-13,0.8617745348083339
AOI-0032,2022-05-29,0.8490299922210275
AOI-0032,2022-06-06,0.7437982829096346
AOI-0032,2022-06-13,0.5919477989214984
AOI-0032,2022-06-30,0.32045236587154496
AOI-0032,2022-08-01,0.15100742896790814
AOI-0032,2022-08-02,0.10040206463795143
AOI-0032,2022-08-15,0.0955334866491409
AOI-0032,2022-08-24,0.15242787909031577
AOI-0032,2022-08-29,0.16850709313378961
AOI-0032,2022-09-11,0.14256231566306587
AOI-0032,2023-04-07,0.27439162650660515
AOI-0032,2023-04-12,0.17488117135016892
AOI-0032,2023-05-12,0.22620271390119467
AOI-0032,2023-05-15,0.22094475320009044
AOI-0032,2023-05-24,0.3034251329216879
AOI-0032,2023-06-06,0.4011964640955984
AOI-0032,2023-06-18,0.539387309074283
AOI-0032,2023-07-26,0.2745021362425955
AOI-0032,2023-07-28,0.3137988845270901
AOI-0032,2023-08-08,0.22998998782579042
AOI-0032,2023-09-01,0.23601333755058745
AOI-0032,2023-09-11,0.226034181884206
AOI-0032,2023-09-24,0.18477295907164953
AOI-0032,2024-04-07,0.2168523436055566
AOI-0032,2024-05-06,0.19155406405991085
AOI-0032,2024-06-03,0.21379768866035218
AOI-0032,2024-07-12,0.13601988078472188
AOI-0032,2024-07-25,0.14826595812361223
AOI-0032,2024-07-30,0.13410250429880696
AOI-0032,2024-08-22,0.16171729085998415
AOI-0032,2024-08-30,0.1572332233103626
AOI-0032,2024-09-13,0.15363833058841275
AOI-0032,2024-09-18,0.1470163679795671
AOI-0032,2024-10-05,0.13730881797739602
AOI-0032,2024-10-15,0.22329916117140905
AOI-0032,2024-10-23,0.13841417677035064
AOI-0032,2025-05-06,0.7244470870834812
AOI-0032,2025-05-28,0.724438023224813
AOI-0032,2025-06-30,0.2910900015832835
AOI-0032,2025-07-07,0.20775476618481004
AOI-0032,2025-07-10,0.18565909775062125
AOI-0032,2025-08-13,0.18921810651745222
AOI-0032,2025-08-16,0.1506213478764888
AOI-0032,2025-08-24,0.14836631884202464
AOI-0032,2025-08-31,0.16575746148288303
AOI-0032,2025-09-03,0.13065023457128222
AOI-0032,2025-10-08,0.1691475207120318
AOI-0033,2025-04-28,0.18344702214183659
AOI-0033,2025-05-20,0.3484933068625455
AOI-0033,2025-06-10,0.678262454497059
AOI-0033,2025-06-22,0.7392142698639842
AOI-0033,2025-07-05,0.477372817761166
AOI-0033,2025-07-10,0.32019964531181105
AOI-0033,2025-09-15,0.28860584801239225
AOI-0034,2025-04-25,0.20324231102643156
AOI-0034,2025-05-06,0.18201947707399846
AOI-0034,2025-05-09,0.31680933603819295
AOI-0034,2025-06-10,0.22808317395373515
AOI-0034,2025-06-15,0.16180185977224137
AOI-0034,2025-06-21,0.20247480163498538
AOI-0034,2025-07-07,0.12226199168524446
AOI-0034,2025-07-10,0.1315610092726739
AOI-0034,2025-07-16,0.16312009484981602
AOI-0034,2025-08-31,0.16397055736332433
AOI-0034,2025-09-13,0.14484436851390886
AOI-0034,2025-09-23,0.15016482098887926
AOI-0034,2025-10-02,0.2710918092238341
AOI-0034,2025-10-16,0.5351113618035349
AOI-0035,2025-05-16,0.15933014053867542
AOI-0035,2025-05-20,0.20326800598982459
AOI-0035,2025-06-05,0.1848140412075905
AOI-0035,2025-06-07,0.15445557351562347
AOI-0035,2025-06-10,0.23873249397019755
AOI-0035,2025-07-30,0.12392266878010916
AOI-0035,2025-08-31,0.14198824748757252
AOI-0035,2025-09-26,0.17490950685430176
AOI-0035,2025-09-28,0.13786247648668104
AOI-0035,2025-10-02,0.21564920160640344
AOI-0035,2025-10-30,0.5995876326755357
AOI-0036,2025-05-16,0.6125879204203014
AOI-0036,2025-07-16,0.24972972760136697
AOI-0036,2025-08-01,0.17197564743711544
AOI-0036,2025-08-09,0.14359159357219398
AOI-0036,2025-08-23,0.1749835333115743
AOI-0036,2025-10-02,0.20211313147525375
AOI-0037,2025-04-07,0.5075999835156566
AOI-0037,2025-04-16,0.4884496193074543
AOI-0037,2025-05-23,0.6294134257569628
AOI-0037,2025-06-30,0.34361633002410136
AOI-0037,2025-07-14,0.30636955428470203
AOI-0037,2025-07-23,0.2647789696980433
AOI-0037,2025-08-09,0.22744870856153368
AOI-0037,2025-08-16,0.2340620688657103
AOI-0037,2025-09-12,0.19484538437035134
AOI-0037,2025-09-13,0.19184945593136263
AOI-0037,2025-09-23,0.20327718459726343
AOI-0037,2025-09-26,0.21856229068604677
AOI-0037,2025-09-30,0.26166710701301393
AOI-0037,2025-10-05,0.1970228385413754
AOI-0038,2025-04-07,0.4586003738964472
AOI-0038,2025-04-25,0.5031543616001233
AOI-0038,2025-06-14,0.4578247135893318
AOI-0038,2025-07-10,0.18580902937687788
AOI-0038,2025-07-15,0.1830776078009818
AOI-0038,2025-08-14,0.18872057572064896
AOI-0038,2025-09-02,0.21540210547416344
AOI-0038,2025-10-05,0.1858009261694919
AOI-0038,2025-10-08,0.18590002400699598
AOI-0038,2025-10-16,0.28153673143371766
AOI-0039,2025-05-04,0.7361635207770085
AOI-0039,2025-05-08,0.6475692555427345
AOI-0039,2025-05-28,0.6408938889894192
AOI-0039,2025-07-10,0.43792062344877447
AOI-0039,2025-08-06,0.3261820574297316
AOI-0039,2025-08-24,0.36148929067270363
AOI-0039,2025-09-08,0.3193427420141679
AOI-0039,2025-09-12,0.3267890802853407
AOI-0039,2025-09-14,0.38352215827351743
AOI-0039,2025-09-26,0.33954706649176325
AOI-0039,2025-10-23,0.39267856494337905
AOI-0040,2025-04-02,0.29056819348615975
AOI-0040,2025-04-03,0.2934569714574933
AOI-0040,2025-05-06,0.7288962329287157
AOI-0040,2025-06-07,0.7010416793495989
AOI-0040,2025-07-08,0.22563403283467454
AOI-0040,2025-09-12,0.14213226947932586
AOI-0040,2025-09-13,0.13488029292600145
AOI-0040,2025-09-28,0.14973313923078843
AOI-0040,2025-09-30,0.2115099100991455
AOI-0040,2025-10-02,0.18536163243471104
AOI-0041,2025-04-23,0.648647567654114
AOI-0041,2025-05-20,0.6188386031513822
AOI-0041,2025-06-22,0.37483842580314003
AOI-0041,2025-06-27,0.39146323878935085
AOI-0041,2025-07-23,0.28002756677535984
AOI-0041,2025-08-19,0.2260878356231641
AOI-0041,2025-09-30,0.3195368337048083
AOI-0042,2025-04-18,0.17265174739837041
AOI-0042,2025-05-04,0.172482703532858
AOI-0042,2025-06-13,0.15883206209086428
AOI-0042,2025-07-14,0.1591618070851634
AOI-0042,2025-07-16,0.15482657415305143
AOI-0042,2025-07-24,0.1591144669976839
AOI-0042,2025-08-17,0.16029796717458838
AOI-0042,2025-08-19,0.1292059890519935
AOI-0042,2025-08-24,0.12373219037732165
AOI-0042,2025-08-29,0.14712573020126177
AOI-0042,2025-09-15,0.14083290355364608
AOI-0042,2025-09-17,0.14975898948603272
AOI-0042,2025-10-02,0.1932312724385211
AOI-0043,2025-04-24,0.2188893980692849
AOI-0043,2025-04-29,0.2358158761090966
AOI-0043,2025-05-31,0.20945396809691705
AOI-0043,2025-06-08,0.1988790196598474
AOI-0043,2025-06-15,0.15112188094181545
AOI-0043,2025-06-17,0.15012232649810245
AOI-0043,2025-06-25,0.1441904260841039
AOI-0043,2025-07-07,0.18209203554598577
AOI-0043,2025-07-13,0.1474941973002148
AOI-0043,2025-08-12,0.13634771035090093
AOI-0043,2025-09-24,0.2107023085274993
AOI-0043,2025-10-13,0.16025714068464608
AOI-0043,2025-10-15,0.17577343170268492
AOI-0044,2010-04-16,0.21673260676926973
AOI-0044,2010-04-25,0.2797220333559898
AOI-0044,2010-05-09,0.49068028012656056
AOI-0044,2010-05-18,0.3834842237351413
AOI-0044,2010-06-12,0.45037613315393105
AOI-0044,2010-06-20,0.4119550688702282
AOI-0044,2010-06-28,0.48758184427888557
AOI-0044,2010-07-29,0.24538077213174986
AOI-0044,2010-08-06,0.19504168146339573
AOI-0044,2010-10-16,0.25383955538515324
AOI-0044,2010-10-25,0.16930684341137434
AOI-0044,2011-07-16,0.6796610071871528
AOI-0044,2011-08-01,0.35401028752122393
AOI-0044,2011-08-02,0.3166755569693317
AOI-0044,2011-10-16,0.3669280824059014
AOI-0044,2012-04-06,0.3337413415460497
AOI-0044,2012-05-08,0.6481848176442382
AOI-0044,2013-05-02,0.23601338606192823
AOI-0044,2013-05-03,0.23691485760712971
AOI-0044,2013-05-11,0.28004325820672027
AOI-0044,2014-04-07,0.39011411335124596
AOI-0044,2014-06-06,0.25881326973761026
AOI-0044,2014-06-14,0.23611402730695283
AOI-0044,2014-06-23,0.22760440232131782
AOI-0044,2014-08-02,0.1751230541647973
AOI-0044,2014-08-09,0.17103223930245914
AOI-0044,2014-08-29,0.22929692139604446
AOI-0044,2014-09-18,0.19745349859977457
AOI-0044,2014-09-19,0.1666285962265622
AOI-0044,2014-10-04,0.2082202422146492
AOI-0044,2014-10-12,0.16814115200625912
AOI-0044,2014-10-28,0.19085650422149592
AOI-0044,2014-10-29,0.19627500643447368
AOI-0044,2015-06-26,0.44957751507269983
AOI-0044,2015-07-27,0.2635210691587943
AOI-0044,2015-07-28,0.2936622210281371
AOI-0044,2015-08-29,0.23682320936284654
AOI-0044,2015-10-08,0.20069854750522687
AOI-0044,2015-10-16,0.26850925496526706
AOI-0044,2016-04-08,0.5137871634655677
AOI-0044,2016-05-08,0.8217400971034129
AOI-0044,2016-05-11,0.8527329935856831
AOI-0044,2016-06-20,0.40338786748320005
AOI-0044,2016-06-25,0.36418021102740633
AOI-0044,2016-07-13,0.2830048057105204
AOI-0044,2016-07-27,0.33114659266453783
AOI-0044,2016-09-07,0.2134035523560159
AOI-0044,2016-09-13,0.2511575690797305
AOI-0044,2016-10-02,0.2189093286762193
AOI-0044,2016-10-26,0.22552427573906297
AOI-0044,2017-04-03,0.1760733050467257
AOI-0044,2017-04-04,0.17532704160641346
AOI-0044,2017-04-12,0.23327767523487464
AOI-0044,2017-06-27,0.23122392597797628
AOI-0044,2017-06-30,0.22209987172473403
AOI-0044,2017-08-10,0.17995311686589902
AOI-0044,2017-09-14,0.2488391261351727
AOI-0044,2018-04-06,0.5334496725550485
AOI-0044,2018-07-12,0.2527345807804026
AOI-0044,2018-07-19,0.15482988306113535
AOI-0044,2018-09-30,0.23346169896544886
AOI-0044,2019-04-25,0.36579454184432264
AOI-0044,2019-04-26,0.37771802923968717
AOI-0044,2019-06-02,0.7096214910734086
AOI-0044,2019-06-12,0.4898486446574689
AOI-0044,2019-06-20,0.3359818635567825
AOI-0044,2019-08-13,0.4138021559826126
AOI-0044,2019-09-10,0.17775000160059728
AOI-0044,2019-09-15,0.16053734635409414
AOI-0044,2019-09-16,0.19863079041035778
AOI-0044,2019-10-10,0.18027956814944532
AOI-0044,2020-04-17,0.17576578195458245
AOI-0044,2020-04-22,0.2588595800615101
AOI-0044,2020-05-17,0.1931724875568076
AOI-0044,2020-06-30,0.20830031568110366
AOI-0044,2020-08-10,0.13436959096492965
AOI-0044,2020-09-09,0.15496085336131102
AOI-0044,2020-09-10,0.156393390464076
AOI-0044,2020-09-26,0.13559090021703366
AOI-0044,2020-09-29,0.17300092908666947
AOI-0044,2020-10-14,0.14450734237088428
AOI-0044,2020-10-21,0.13865151130979742
AOI-0044,2021-05-12,0.7149980633069394
AOI-0044,2021-05-17,0.7175268522877721
AOI-0044,2021-05-25,0.7052795700798121
AOI-0044,2021-07-16,0.23092022100999532
AOI-0044,2021-07-21,0.15091766019862976
AOI-0044,2021-09-30,0.23214043742330664
AOI-0044,2021-10-07,0.16536375588301092
AOI-0044,2022-05-27,0.7515422779948181
AOI-0044,2022-06-06,0.7336630806029646
AOI-0044,2022-06-12,0.7165528256048392
AOI-0044,2022-07-07,0.21791564487271375
AOI-0044,2022-08-10,0.24390746801682558
AOI-0044,2022-08-13,0.2775950331983129
AOI-0044,2022-08-24,0.2852379827671868
AOI-0044,2022-09-25,0.2042048490480224
AOI-0044,2022-09-30,0.26652217975537196
AOI-0044,2023-04-02,0.1960056498046934
AOI-0044,2023-04-07,0.31484923449918795
AOI-0044,2023-06-06,0.24535603377075094
AOI-0044,2023-06-30,0.1982015822710173
AOI-0044,2023-07-05,0.190260362221466
AOI-0044,2023-07-09,0.1841196878609439
AOI-0044,2023-07-11,0.15529942797385035
AOI-0044,2023-07-16,0.1613089282014392
AOI-0044,2023-07-25,0.22767453627270767
AOI-0044,2023-08-05,0.1533216305568688
AOI-0044,2023-08-25,0.15327419109171872
AOI-0044,2023-09-30,0.28158392784573566
AOI-0044,2023-10-14,0.2804645232305196
AOI-0044,2024-04-06,0.789169245432515
AOI-0044,2024-04-14,0.8470181401982206
AOI-0044,2024-06-05,0.5933454932210397
AOI-0044,2024-09-06,0.15505253557811657
AOI-0044,2024-09-21,0.15006996031264216
AOI-0044,2025-04-02,0.17318487195545174
AOI-0044,2025-05-20,0.21169157059559926
AOI-0044,2025-07-06,0.19669886328002295
AOI-0044,2025-07-10,0.1504856164560047
AOI-0044,2025-08-14,0.15694457552797142
AOI-0044,2025-09-23,0.16769583185605058
AOI-0044,2025-10-03,0.16772193123411314
AOI-0044,2025-10-15,0.16193906471942007
AOI-0045,2025-04-26,0.22559350111667317
AOI-0045,2025-06-15,0.16470848022523144
AOI-0045,2025-06-27,0.17484984611467724
AOI-0045,2025-06-29,0.21268625482575332
AOI-0045,2025-07-31,0.20161437522059356
AOI-0045,2025-08-13,0.21307811682676478
AOI-0045,2025-08-15,0.21021502661014374
AOI-0045,2025-08-16,0.1602959876312161
AOI-0045,2025-09-30,0.23383091842593356
AOI-0045,2025-10-15,0.1734187366806183
AOI-0046,2010-06-26,0.32973291905074936
AOI-0046,2010-07-12,0.3675126950507772
AOI-0046,2010-09-14,0.3917086671252605
AOI-0046,2011-05-30,0.3075580538435733
AOI-0046,2011-08-17,0.19532599155421443
AOI-0046,2012-04-22,0.4398276160418763
AOI-0046,2012-04-29,0.30358153737837923
AOI-0046,2012-06-09,0.5949770237789583
AOI-0046,2013-04-25,0.24609648895523986
AOI-0046,2013-05-09,0.4811067860131827
AOI-0046,2013-06-11,0.5959292695337285
AOI-0046,2013-06-27,0.3752306431554931
AOI-0046,2013-07-21,0.30908453298267496
AOI-0046,2013-07-28,0.338166902120052
AOI-0046,2013-07-30,0.27750849838712266
AOI-0046,2014-05-25,0.7424082441979155
AOI-0046,2014-05-29,0.7857689461889269
AOI-0046,2014-07-01,0.312366942957526
AOI-0046,2014-07-12,0.3263800610634648
AOI-0046,2014-08-01,0.1955070418470175
AOI-0046,2014-08-25,0.15457645826355704
AOI-0046,2014-09-19,0.161094802043719
AOI-0046,2015-05-17,0.2761440119936615
AOI-0046,2015-07-12,0.3599177090097555
AOI-0046,2015-09-22,0.22280130190322336
AOI-0046,2015-10-16,0.2739838362273215
AOI-0046,2016-05-02,0.8564758852406589
AOI-0046,2016-05-10,0.8640897985979139
AOI-0046,2016-05-18,0.8707453748846324
AOI-0046,2016-06-03,0.7263704758112679
AOI-0046,2016-06-09,0.6321503378781179
AOI-0046,2016-07-13,0.20600350660901987
AOI-0046,2016-07-30,0.24054300903699896
AOI-0046,2016-10-02,0.24838958583972034
AOI-0046,2016-10-17,0.3228128232503558
AOI-0046,2016-10-25,0.3207441615008611
AOI-0046,2017-04-13,0.42521745164912805
AOI-0046,2017-06-27,0.44054001141936006
AOI-0046,2017-07-02,0.3433910268742059
AOI-0046,2017-07-24,0.22546037442783418
AOI-0046,2017-08-09,0.17351931027402898
AOI-0046,2017-08-21,0.15856565768554368
AOI-0046,2017-09-10,0.2346390740083835
AOI-0046,2017-09-15,0.29076140420991997
AOI-0046,2017-10-12,0.30510533164711656
AOI-0046,2018-05-09,0.3902768574292414
AOI-0046,2018-06-01,0.2343467998395077
AOI-0046,2018-07-20,0.19897553613804025
AOI-0046,2018-08-20,0.1812444289724634
AOI-0046,2018-08-29,0.2123767285193396
AOI-0046,2018-10-15,0.1904392972764543
AOI-0046,2018-10-24,0.18867264719573634
AOI-0046,2019-04-01,0.21353417709084876
AOI-0046,2019-04-18,0.31814900575443106
AOI-0046,2019-05-19,0.8115441168084946
AOI-0046,2019-08-01,0.23198333846559302
AOI-0046,2019-09-01,0.20880476697518352
AOI-0046,2019-10-20,0.4659991193996028
AOI-0046,2020-04-04,0.8102466745155422
AOI-0046,2020-04-07,0.8368064931010619
AOI-0046,2020-05-08,0.8295849360202077
AOI-0046,2020-05-24,0.8051834258600757
AOI-0046,2020-06-09,0.6798513223621454
AOI-0046,2020-09-10,0.15942961499322728
AOI-0046,2020-09-13,0.19938598808473673
AOI-0046,2020-09-26,0.13534923642375415
AOI-0046,2020-10-21,0.14223449092786394
AOI-0046,2021-05-02,0.5559803730412325
AOI-0046,2021-05-25,0.7815225440779997
AOI-0046,2021-07-11,0.3020575661213499
AOI-0046,2021-07-28,0.28690602681147404
AOI-0046,2021-08-13,0.3836440024905401
AOI-0046,2021-08-20,0.2243440205013345
AOI-0046,2021-08-29,0.4129454006868103
AOI-0046,2021-09-06,0.49597834645669703
AOI-0046,2022-06-05,0.24233788285708863
AOI-0046,2022-07-24,0.1891960666770802
AOI-0046,2022-07-29,0.172917557569832
AOI-0046,2022-07-30,0.23297421187621828
AOI-0046,2022-08-24,0.22807682246810043
AOI-0046,2022-08-30,0.15642519829045226
AOI-0046,2023-04-02,0.5845800146522915
AOI-0046,2023-04-29,0.8529618782361894
AOI-0046,2023-05-06,0.9132388691163563
AOI-0046,2023-06-21,0.6418561651976465
AOI-0046,2023-06-24,0.5008766158157977
AOI-0046,2023-07-22,0.25299347077349615
AOI-0046,2023-07-25,0.2801060692085068
AOI-0046,2023-08-13,0.19657640803079882
AOI-0046,2023-08-18,0.17167164913394753
AOI-0046,2023-08-25,0.17142840963845837
AOI-0046,2023-08-27,0.1896285190464025
AOI-0046,2023-08-28,0.15972185505647365
AOI-0046,2023-10-13,0.21008931197968078
AOI-0046,2023-10-29,0.27232669259684195
AOI-0046,2024-04-06,0.7339264589178713
AOI-0046,2024-05-08,0.8852497310609934
AOI-0046,2024-05-09,0.8817430154724276
AOI-0046,2024-06-01,0.8165701437764211
AOI-0046,2024-06-09,0.5020234855471497
AOI-0046,2024-07-03,0.21643200224362105
AOI-0046,2024-07-19,0.16776445902160048
AOI-0046,2024-08-09,0.15106925020494438
AOI-0046,2024-08-20,0.20479296667156308
AOI-0046,2024-08-28,0.20589766924550942
AOI-0046,2024-09-13,0.16573742298396393
AOI-0046,2024-09-22,0.19326237661742585
AOI-0046,2024-10-13,0.12598263606957397
AOI-0046,2025-06-30,0.7340032846296941
AOI-0046,2025-07-15,0.4609818269263259
AOI-0046,2025-08-07,0.427545018078989
AOI-0046,2025-08-15,0.44285468489414537
AOI-0046,2025-09-24,0.2240746395190561
AOI-0046,2025-10-02,0.21453611970303715
AOI-0047,2025-05-08,0.7310677871562731
AOI-0047,2025-05-16,0.7517925559920635
AOI-0047,2025-05-25,0.6976333552359625
AOI-0047,2025-06-15,0.3805153050349364
AOI-0047,2025-07-17,0.1648264886167896
AOI-0047,2025-07-18,0.1611300867936405
AOI-0047,2025-09-03,0.14156862377122476
AOI-0047,2025-10-15,0.17537947195620468
AOI-0047,2025-10-16,0.23526564612807
AOI-0048,2025-04-07,0.6886724795298036
AOI-0048,2025-04-17,0.707272393548887
AOI-0048,2025-05-09,0.6813849539426707
AOI-0048,2025-09-17,0.17802633381060845
AOI-0048,2025-09-24,0.19056227662315417
AOI-0049,2025-05-04,0.7570140098185616
AOI-0049,2025-06-26,0.36326179810655695
AOI-0049,2025-06-27,0.23836650800400117
AOI-0049,2025-07-29,0.24068540807097888
AOI-0049,2025-08-06,0.18921965401616753
AOI-0049,2025-08-12,0.1758334799611836
AOI-0049,2025-08-17,0.17466286188827732
AOI-0049,2025-09-06,0.17549234375046613
AOI-0049,2025-09-14,0.2506422623883352
AOI-0049,2025-09-26,0.204827113207957
AOI-0049,2025-09-30,0.2984271676449115
AOI-0049,2025-10-08,0.2027408735493496
AOI-0049,2025-10-16,0.2826080286183042
AOI-0049,2025-10-28,0.24419273703746316
AOI-0050,2025-04-14,0.30830862216419985
AOI-0050,2025-04-15,0.33864349128719934
AOI-0050,2025-05-25,0.6419167792265444
AOI-0050,2025-06-27,0.5033598059827281
AOI-0050,2025-08-07,0.28234996661659434
AOI-0050,2025-08-09,0.2798492512037617
AOI-0050,2025-08-13,0.4391713155555473
AOI-0050,2025-08-17,0.28283554819125273
AOI-0050,2025-09-07,0.35051615021929755
AOI-0050,2025-09-30,0.42363483238724076
AOI-0050,2025-10-17,0.3775309025621171
AOI-0050,2025-10-28,0.34867274379953006
AOI-0051,2010-06-09,0.7030219662653159
AOI-0051,2011-06-04,0.5310981774849745
AOI-0051,2011-06-05,0.5342082768182673
AOI-0051,2011-06-12,0.6149771824318484
AOI-0051,2011-06-13,0.6186333837706313
AOI-0051,2011-09-01,0.576841033089526
AOI-0051,2011-10-11,0.392570889501565
AOI-0051,2012-04-27,0.49535937387623724
AOI-0051,2012-05-22,0.6255609271641777
AOI-0051,2012-08-12,0.46518565069374573
AOI-0051,2012-08-26,0.3395096017478571
AOI-0051,2012-08-28,0.446926031857446
AOI-0051,2012-09-18,0.3337316363810858
AOI-0051,2012-10-13,0.3750139145630809
AOI-0051,2013-05-01,0.7629620982689225
AOI-0051,2013-07-19,0.4204796049853438
AOI-0051,2013-07-28,0.5136919998310638
AOI-0051,2013-08-29,0.4636178959484277
AOI-0051,2013-10-07,0.4662845859631879
AOI-0051,2013-10-16,0.5100544286003434
AOI-0051,2014-04-18,0.7890572418980377
AOI-0051,2014-06-05,0.716989840491091
AOI-0051,2014-06-10,0.6052203565015402
AOI-0051,2014-06-28,0.49019541585682663
AOI-0051,2014-09-08,0.3713128619167149
AOI-0051,2014-09-16,0.38459161609813264
AOI-0051,2015-04-07,0.3395193644277796
AOI-0051,2015-05-23,0.7351286475572756
AOI-0051,2015-06-10,0.7366083597047175
AOI-0051,2015-06-15,0.7540328625952597
AOI-0051,2015-06-26,0.6821954630658144
AOI-0051,2015-09-14,0.3753807943081868
AOI-0051,2015-09-20,0.3181738329005796
AOI-0051,2015-10-06,0.24369154422211148
AOI-0051,2016-04-06,0.6398292514505939
AOI-0051,2016-06-25,0.526193706817932
AOI-0051,2016-07-12,0.43089564736010627
AOI-0051,2016-08-28,0.4414918446128208
AOI-0051,2016-09-14,0.34676181101670167
AOI-0051,2016-09-29,0.41755064153159754
AOI-0051,2016-10-24,-0.06232790319449823
AOI-0051,2017-05-28,0.5379065096650674
AOI-0051,2017-06-21,0.6774245910299042
AOI-0051,2017-06-28,0.6471024391591625
AOI-0051,2017-07-06,0.6271665244012559
AOI-0051,2017-07-23,0.6539326269277305
AOI-0051,2017-09-25,0.31613079728562254
AOI-0051,2017-09-30,0.3615469539412514
AOI-0051,2017-10-16,0.3344169351345636
AOI-0051,2018-04-11,0.4401183421484104
AOI-0051,2018-04-28,0.6243479243210808
AOI-0051,2018-04-29,0.6575971882127766
AOI-0051,2018-05-30,0.7209261313996045
AOI-0051,2018-06-26,0.429740249422926
AOI-0051,2018-07-02,0.2833694039495404
AOI-0051,2018-08-02,0.32248825919731566
AOI-0051,2018-08-18,0.3216875442702484
AOI-0051,2018-09-14,0.37472974619935384
AOI-0051,2018-09-19,0.30269059040063195
AOI-0051,2018-10-14,0.26217546985218587
AOI-0051,2019-05-17,0.8474223907971858
AOI-0051,2019-05-31,0.7420318915687436
AOI-0051,2019-06-25,0.282285409152233
AOI-0051,2019-06-30,0.2750481970278083
AOI-0051,2019-07-29,0.34249782841731613
AOI-0051,2019-08-05,0.34857856507205237
AOI-0051,2019-08-13,0.3740042075138556
AOI-0051,2019-08-22,0.282814533368055
AOI-0051,2019-09-13,0.2452399975416053
AOI-0051,2019-10-16,0.37396444076468793
AOI-0051,2020-04-26,0.410171034457476
AOI-0051,2020-06-09,0.7239029506383879
AOI-0051,2020-07-04,0.4776559894821511
AOI-0051,2020-07-27,0.45319658340064517
AOI-0051,2020-08-31,0.3424203736451366
AOI-0051,2020-09-07,0.24833688928515305
AOI-0051,2020-10-27,0.15685947235111383
AOI-0051,2021-05-06,0.7550018879623368
AOI-0051,2021-06-23,0.5205988125309059
AOI-0051,2021-07-19,0.3204196757403658
AOI-0051,2021-07-28,0.4403686195420291
AOI-0051,2021-08-23,0.36733932345499365
AOI-0051,2021-08-28,0.3691903375535605
AOI-0051,2021-08-29,0.4629782857482971
AOI-0051,2021-09-03,0.38421158290184243
AOI-0051,2021-09-07,0.3149408256852181
AOI-0051,2021-10-02,0.31678215787230785
AOI-0051,2021-10-21,0.31331325233175067
AOI-0051,2022-05-09,0.6620290662807514
AOI-0051,2022-05-26,0.50094157043202
AOI-0051,2022-05-27,0.4503521917756881
AOI-0051,2022-06-11,0.6406679267639307
AOI-0051,2022-06-19,0.7133036693076643
AOI-0051,2022-06-30,0.7565235354991927
AOI-0051,2022-07-09,0.7733020349615649
AOI-0051,2022-07-12,0.6631107430559303
AOI-0051,2022-07-22,0.7402141781654615
AOI-0051,2022-07-24,0.7744228549058735
AOI-0051,2022-07-29,0.742324405139256
AOI-0051,2022-08-13,0.6145910705225991
AOI-0051,2022-08-28,0.5054796389188948
AOI-0051,2022-09-06,0.4922700301525369
AOI-0051,2022-09-14,0.4588445501927101
AOI-0051,2022-10-07,0.37587684011800937
AOI-0051,2022-10-15,0.3490249235093849
AOI-0051,2023-04-23,0.8223301763477563
AOI-0051,2023-07-31,0.3402609770456517
AOI-0051,2023-08-28,0.3472846405504491
AOI-0051,2023-09-09,0.37130804459970135
AOI-0051,2023-09-27,0.3662774455869466
AOI-0051,2023-10-04,0.36154677452439277
AOI-0051,2024-04-05,0.3199251538596333
AOI-0051,2024-05-04,0.4180742198225757
AOI-0051,2024-05-22,0.490003253906093
AOI-0051,2024-06-03,0.5502003789997018
AOI-0051,2024-06-23,0.4757508504621593
AOI-0051,2024-07-28,0.309148012587797
AOI-0051,2024-08-27,0.266312891607593
AOI-0051,2024-09-03,0.2508523171428396
AOI-0051,2024-10-01,0.2217491334705047
AOI-0051,2024-10-05,0.2605033139757264
AOI-0051,2024-10-06,0.22712122762016929
AOI-0051,2024-10-15,0.37861418743779995
AOI-0051,2025-05-09,0.8038269770745976
AOI-0051,2025-06-10,0.5233376241149252
AOI-0051,2025-06-27,0.36499105072001164
AOI-0051,2025-07-05,0.3164859112381361
AOI-0051,2025-07-10,0.23636154181624675
AOI-0051,2025-08-05,0.1939389948953436
AOI-0051,2025-08-12,0.17916932601946578
AOI-0051,2025-09-15,0.1999970437904145
AOI-0051,2025-09-16,0.1939101926517514
AOI-0052,2025-04-19,0.17439888005654183
AOI-0052,2025-06-08,0.3308377972468271
AOI-0052,2025-06-11,0.4620188562436345
AOI-0052,2025-07-05,0.6764897006024722
AOI-0052,2025-07-18,0.3590804313624789
AOI-0052,2025-08-22,0.12983922194425598
AOI-0052,2025-08-27,0.13785345168763322
AOI-0052,2025-09-06,0.1441786926519874
AOI-0052,2025-09-14,0.21138332101082294
AOI-0052,2025-10-17,0.27903127000355954
AOI-0053,2025-04-11,0.7344643608397986
AOI-0053,2025-04-14,0.7763760466967482
AOI-0053,2025-04-16,0.7691881250404073
AOI-0053,2025-04-19,0.7776635257381613
AOI-0053,2025-04-23,0.8741593542919989
AOI-0053,2025-06-26,0.36189788379363674
AOI-0053,2025-07-28,0.19872577298515
AOI-0053,2025-08-02,0.16440413451975716
AOI-0053,2025-08-09,0.14108121323980602
AOI-0053,2025-08-12,0.1377492465762953
AOI-0053,2025-08-29,0.18007488121980306
AOI-0053,2025-09-01,0.1326489404063489
AOI-0053,2025-09-07,0.18474415435825475
AOI-0053,2025-09-11,0.13955855181029422
AOI-0053,2025-09-14,0.22325936201912008
AOI-0053,2025-09-15,0.16005342602318576
AOI-0053,2025-09-21,0.14174205505992446
AOI-0053,2025-09-26,0.1641425286709589
AOI-0053,2025-10-28,0.24212363290030062
AOI-0054,2025-04-11,0.5438384190021988
AOI-0054,2025-04-19,0.6463463679688302
AOI-0054,2025-05-04,0.7866472815456718
AOI-0054,2025-06-03,0.8090276517137163
AOI-0054,2025-07-28,0.6280314515443857
AOI-0054,2025-08-12,0.6967014993338146
AOI-0054,2025-09-21,0.6509316840401006
AOI-0054,2025-09-30,0.6611070098584171
AOI-0054,2025-10-16,0.6182772416310179
AOI-0055,2025-04-01,0.3511638041195966
AOI-0055,2025-04-11,0.4043867379282702
AOI-0055,2025-05-09,0.5236212565457975
AOI-0055,2025-07-04,0.521868577164491
AOI-0055,2025-07-05,0.5013025497872894
AOI-0055,2025-07-08,0.48389219915245946
AOI-0055,2025-07-23,0.4248017802962596
AOI-0055,2025-08-17,0.35420527723084283
AOI-0055,2025-09-14,0.44358770009834564
AOI-0055,2025-09-22,0.43302476993400946
AOI-0056,2025-04-23,0.8388883465901241
AOI-0056,2025-05-24,0.772388580313786
AOI-0056,2025-06-10,0.5018266729810231
AOI-0056,2025-06-19,0.38912595190522986
AOI-0056,2025-07-18,0.165272224547405
AOI-0056,2025-07-23,0.16764374207129853
AOI-0056,2025-08-09,0.1687749064442149
AOI-0056,2025-09-06,0.1872343694944391
AOI-0056,2025-09-08,0.18106121745943068
AOI-0056,2025-10-16,0.2747461710904515
AOI-0057,2025-05-04,0.7970269656300093
AOI-0057,2025-05-09,0.7490920676654289
AOI-0057,2025-05-19,0.5228670476945916
AOI-0057,2025-06-26,0.37520152912331495
AOI-0057,2025-06-27,0.24655038323664263
AOI-0057,2025-07-10,0.20680441249612916
AOI-0057,2025-07-13,0.19552912747817133
AOI-0057,2025-07-18,0.1999045956615622
AOI-0057,2025-08-05,0.1943299646634115
AOI-0057,2025-08-27,0.14553536587577837
AOI-0057,2025-09-01,0.15820095908392387
AOI-0057,2025-09-21,0.16562303503367773
AOI-0058,2010-04-23,0.3909686943948276
AOI-0058,2010-08-13,0.43498071855571246
AOI-0058,2010-08-29,0.3872647174231149
AOI-0058,2010-09-05,0.31226605995240075
AOI-0058,2011-04-02,0.3222456528486961
AOI-0058,2011-04-26,0.501145219171732
AOI-0058,2011-06-12,0.7453339640145692
AOI-0058,2011-07-15,0.5119044658387021
AOI-0058,2011-08-29,0.43139314128171513
AOI-0058,2011-09-01,0.30574041714197747
AOI-0058,2011-10-02,0.3163969082758201
AOI-0058,2011-10-27,0.3377040721241569
AOI-0058,2012-04-22,0.6060488542267708
AOI-0058,2012-06-09,0.6901371676011449
AOI-0058,2012-06-23,0.6357127657700922
AOI-0058,2012-07-11,0.567505371170162
AOI-0058,2012-08-12,0.4528505396021755
AOI-0058,2012-09-11,0.38347608805738687
AOI-0058,2013-04-07,0.4420530597363053
AOI-0058,2013-04-23,0.5108320660228621
AOI-0058,2013-05-09,0.5371984855945218
AOI-0058,2013-06-09,0.5037871150700595
AOI-0058,2013-06-10,0.6690789411010836
AOI-0058,2013-07-11,0.6984717862227174
AOI-0058,2013-07-19,0.6869009864002185
AOI-0058,2013-08-28,0.25520157794920967
AOI-0058,2013-10-16,0.4138800586321968
AOI-0058,2013-10-24,0.2855825788026141
AOI-0058,2014-04-25,0.7922519755169793
AOI-0058,2014-06-05,0.8047654531257341
AOI-0058,2014-06-10,0.6903002913241663
AOI-0058,2014-09-14,0.3645513573431268
AOI-0058,2015-04-28,0.38670295509829605
AOI-0058,2015-05-09,0.6987983797179851
AOI-0058,2015-09-03,0.47227718053439216
AOI-0058,2015-09-27,0.475617102008754
AOI-0058,2016-04-06,0.768396879773088
AOI-0058,2016-04-30,0.8253738337526638
AOI-0058,2016-06-09,0.8101036463508552
AOI-0058,2016-07-27,0.5536168236461463
AOI-0058,2016-07-28,0.46119010333211286
AOI-0058,2016-08-13,0.5063707539975006
AOI-0058,2017-04-25,0.8107791545085462
AOI-0058,2017-07-15,0.2653401958296485
AOI-0058,2017-09-13,0.21469828150813652
AOI-0058,2017-09-16,0.23761883829767833
AOI-0058,2018-05-15,0.7238342550318728
AOI-0058,2018-07-26,0.5204108302576632
AOI-0058,2018-08-02,0.4888246900143334
AOI-0058,2019-04-23,0.8139011790826799
AOI-0058,2019-05-25,0.8120859428331685
AOI-0058,2019-06-25,0.2817699670340657
AOI-0058,2019-06-27,0.2834189098080336
AOI-0058,2019-07-04,0.30827123869031836
AOI-0058,2019-08-30,0.2274361027694936
AOI-0058,2019-09-28,0.16103558124931755
AOI-0058,2019-09-30,0.28864415797909815
AOI-0058,2020-04-17,0.4178389658841257
AOI-0058,2020-05-04,0.5512060436198857
AOI-0058,2020-06-05,0.6663556043942781
AOI-0058,2020-06-29,0.5792008694777009
AOI-0058,2020-07-06,0.5235655752153762
AOI-0058,2020-07-22,0.4307031613550037
AOI-0058,2020-07-30,0.419158664021128
AOI-0058,2020-08-07,0.37811929377931436
AOI-0058,2020-08-12,0.4268055723471845
AOI-0058,2020-08-23,0.3450222997167966
AOI-0058,2020-08-28,0.40363035376260337
AOI-0058,2020-09-24,0.29067485646242014
AOI-0058,2020-10-27,0.2544281859748018
AOI-0058,2021-04-15,0.5416915129726334
AOI-0058,2021-05-09,0.7206916945180327
AOI-0058,2021-05-31,0.7205797332351764
AOI-0058,2021-07-09,0.6447141631277583
AOI-0058,2021-07-14,0.5153317526905827
AOI-0058,2021-07-25,0.46261369471544966
AOI-0058,2021-08-13,0.4610433819319583
AOI-0058,2021-08-28,0.3413473614086556
AOI-0058,2021-09-27,0.494746210370399
AOI-0058,2022-06-10,0.7848022526013008
AOI-0058,2022-06-18,0.7960427204468637
AOI-0058,2022-07-04,0.2841428933779386
AOI-0058,2022-07-12,0.34306858697522397
AOI-0058,2022-07-17,0.2528690314254161
AOI-0058,2022-07-29,0.18891994174630836
AOI-0058,2022-09-14,0.31180525108873425
AOI-0058,2023-05-09,0.7618117617243241
AOI-0058,2023-05-20,0.5972188906052971
AOI-0058,2023-06-28,0.7917619184324868
AOI-0058,2023-08-17,0.5463233641399609
AOI-0058,2023-09-02,0.41936817211074623
AOI-0058,2023-09-10,0.49842358790037006
AOI-0058,2023-09-27,0.5168958820939549
AOI-0058,2023-10-12,0.4867944735672836
AOI-0058,2024-04-09,0.7461449402197982
AOI-0058,2024-05-09,0.7970246333464793
AOI-0058,2024-06-03,0.6389721467368669
AOI-0058,2024-06-23,0.3299875613133425
AOI-0058,2024-06-28,0.334752439017215
AOI-0058,2024-07-09,0.3553722898176859
AOI-0058,2024-07-26,0.264344402665289
AOI-0058,2024-07-27,0.3577074872581976
AOI-0058,2024-08-18,0.2829230958184237
AOI-0058,2024-08-27,0.20796138099981573
AOI-0058,2024-08-28,0.3283529554916363
AOI-0058,2024-09-21,0.2175779009843867
AOI-0058,2024-09-28,0.20424412270893533
AOI-0058,2024-10-01,0.20621560464600688
AOI-0058,2024-10-30,0.21676969620465458
AOI-0058,2025-04-07,0.5771158146260266
AOI-0058,2025-04-16,0.500195839721256
AOI-0058,2025-04-24,0.5610759010664627
AOI-0058,2025-07-18,0.3272545931789243
AOI-0058,2025-07-28,0.3343559486700674
AOI-0058,2025-08-02,0.24399315796729346
AOI-0058,2025-08-06,0.25168158425117626
AOI-0058,2025-08-09,0.20103869582482758
AOI-0058,2025-08-12,0.19385402241100588
AOI-0058,2025-08-14,0.1958506453776229
AOI-0058,2025-09-14,0.2773619850211737
AOI-0058,2025-09-22,0.2352942041998806
AOI-0059,2010-06-26,0.7851354873750187
AOI-0059,2010-07-19,0.7033880791868812
AOI-0059,2010-08-28,0.27155175278393534
AOI-0059,2011-04-23,0.7402704754994505
AOI-0059,2011-05-27,0.7076553053747934
AOI-0059,2011-05-28,0.7150585920709333
AOI-0059,2011-06-12,0.6552016548412988
AOI-0059,2011-06-26,0.721673896395502
AOI-0059,2011-07-07,0.776528389847741
AOI-0059,2011-07-28,0.4649127112152344
AOI-0059,2011-08-08,0.5017712154188694
AOI-0059,2011-08-23,0.5100602774026493
AOI-0059,2012-04-04,0.5961431201507456
AOI-0059,2012-08-12,0.4466888629847356
AOI-0059,2012-08-26,0.27751690332802376
AOI-0059,2012-09-11,0.2752779641177584
AOI-0059,2012-10-13,0.3525931544587261
AOI-0059,2013-05-09,0.8456330084716438
AOI-0059,2013-06-18,0.3000757443145194
AOI-0059,2013-07-20,0.2309455844893275
AOI-0059,2013-08-13,0.32194544391877694
AOI-0059,2013-08-21,0.22551190707743565
AOI-0059,2013-10-16,0.4032556105069861
AOI-0059,2014-05-09,0.8919418436989573
AOI-0059,2014-10-27,0.5890262382489628
AOI-0059,2015-04-13,0.2641319910947142
AOI-0059,2015-05-22,0.369926829107812
AOI-0059,2015-06-07,0.7281583825979743
AOI-0059,2015-08-02,0.8161199544915709
AOI-0059,2015-08-10,0.7429555348016919
AOI-0059,2015-08-29,0.5788258045648087
AOI-0059,2015-09-27,0.5021241865515765
AOI-0059,2015-09-30,0.40012553218299884
AOI-0059,2016-05-25,0.9240777495173074
AOI-0059,2016-07-04,0.3763238327894747
AOI-0059,2016-09-14,0.24327929623314098
AOI-0059,2016-10-24,0.22995646848301268
AOI-0059,2017-04-02,0.6222263478485291
AOI-0059,2017-05-06,0.8695303464751134
AOI-0059,2017-05-27,0.9020589139385395
AOI-0059,2017-06-04,0.9216283141378291
AOI-0059,2017-06-10,0.8272633646135226
AOI-0059,2017-07-12,0.3577486647811683
AOI-0059,2017-07-23,0.27342324523602535
AOI-0059,2017-07-28,0.3780225413137423
AOI-0059,2017-08-13,0.3054279768540339
AOI-0059,2017-08-29,0.302104157976187
AOI-0059,2017-09-24,0.22430982317785392
AOI-0059,2018-04-07,0.4084786305592436
AOI-0059,2018-05-22,0.3978128847464344
AOI-0059,2018-05-31,0.4039904364465518
AOI-0059,2018-07-09,0.5882813653307456
AOI-0059,2018-07-18,0.5092407849554594
AOI-0059,2018-07-26,0.46332862289205107
AOI-0059,2018-08-02,0.4121884546502701
AOI-0059,2018-08-10,0.36122154323974826
AOI-0059,2018-08-13,0.34516521578430975
AOI-0059,2018-10-06,0.23415892029740354
AOI-0059,2019-04-11,0.636382841162878
AOI-0059,2019-04-21,0.7446716720159047
AOI-0059,2019-04-23,0.7399072589843538
AOI-0059,2019-05-21,0.8966770467752017
AOI-0059,2019-06-02,0.8351042575376177
AOI-0059,2019-06-05,0.8136883955087926
AOI-0059,2019-06-10,0.707398181269575
AOI-0059,2019-06-15,0.5421116695650371
AOI-0059,2019-06-30,0.2201124990094112
AOI-0059,2019-07-29,0.26412148141770514
AOI-0059,2019-08-21,0.1814155499537326
AOI-0059,2019-08-24,0.14941223609843912
AOI-0059,2019-09-03,0.15138151405989345
AOI-0059,2019-10-13,0.23917893421836509
AOI-0059,2019-10-24,0.21933868177474153
AOI-0059,2020-04-09,0.21320290898314118
AOI-0059,2020-04-18,0.2425369102026257
AOI-0059,2020-04-25,0.15552976785596428
AOI-0059,2020-05-08,0.6150845823537645
AOI-0059,2020-05-12,0.2955378834570265
AOI-0059,2020-06-05,0.6374598287329455
AOI-0059,2020-07-11,0.7004240073915239
AOI-0059,2020-07-30,0.6980480777669859
AOI-0059,2020-10-26,0.19536391853983706
AOI-0059,2021-06-19,0.6507695408312989
AOI-0059,2021-06-23,0.6342056220130002
AOI-0059,2021-06-29,0.3950776271493316
AOI-0059,2021-07-28,0.3657976339605684
AOI-0059,2021-07-29,0.2245340001617899
AOI-0059,2021-08-18,0.35723731313716495
AOI-0059,2021-08-28,0.6078259376863488
AOI-0059,2021-09-07,0.7215294561555936
AOI-0059,2021-09-17,0.7227539519025898
AOI-0059,2021-09-28,0.3859737623194193
AOI-0059,2021-09-30,0.37921696781531444
AOI-0059,2021-10-16,0.34070143262634234
AOI-0059,2022-04-15,0.24646742944872552
AOI-0059,2022-06-10,0.7898802774879573
AOI-0059,2022-06-11,0.7811431960963856
AOI-0059,2022-07-20,0.800537116766956
AOI-0059,2022-08-18,0.7072085802848106
AOI-0059,2022-09-27,0.4033314432490855
AOI-0059,2022-10-08,0.4625926197338301
AOI-0059,2023-05-13,0.9081835347182855
AOI-0059,2023-05-25,0.8581318218106242
AOI-0059,2023-06-18,0.8400051013617232
AOI-0059,2023-07-16,0.25069570406421066
AOI-0059,2023-07-29,0.182230566354222
AOI-0059,2023-09-30,0.3039836237021139
AOI-0059,2023-10-12,0.19967488269528083
AOI-0059,2023-10-16,0.29998271571474716
AOI-0059,2024-04-04,0.27408967774502596
AOI-0059,2024-04-13,0.27417093783128577
AOI-0059,2024-04-22,0.44586128174558354
AOI-0059,2024-05-19,0.24813937468874053
AOI-0059,2024-06-09,0.6301854561888934
AOI-0059,2024-07-13,0.3311686830261403
AOI-0059,2024-07-17,0.35677058410489815
AOI-0059,2024-07-27,0.2953038817606886
AOI-0059,2024-09-11,0.16971665397413668
AOI-0059,2025-04-01,0.599248088276663
AOI-0059,2025-04-23,0.8419327410098703
AOI-0059,2025-05-01,0.8603071739182633
AOI-0059,2025-05-09,0.8131138902881514
AOI-0059,2025-05-17,0.8315618836526293
AOI-0059,2025-06-10,0.4565834592867786
AOI-0059,2025-08-29,0.17272349201347964
AOI-0059,2025-09-07,0.20116034024073046
AOI-0059,2025-10-08,0.19364283073304453
AOI-0059,2025-10-28,0.2192506755335162
AOI-0060,2025-04-14,0.7467212269991922
AOI-0060,2025-04-29,0.8123341259142337
AOI-0060,2025-06-03,0.4382738224759157
AOI-0060,2025-07-04,0.5562264527270147
AOI-0060,2025-07-05,0.5316653304868362
AOI-0060,2025-07-21,0.32353061539256883
AOI-0060,2025-08-05,0.22601808071962326
AOI-0060,2025-08-29,0.23665745888738254
AOI-0060,2025-08-30,0.20477482051920176
AOI-0060,2025-09-01,0.16040589240920994
AOI-0060,2025-09-11,0.17019581353624047
AOI-0061,2010-04-23,0.378325569554439
AOI-0061,2010-05-26,0.6588267390197592
AOI-0061,2010-06-11,0.7274443057101887
AOI-0061,2011-06-30,0.5405650023897671
AOI-0061,2011-07-28,0.48121596049597
AOI-0061,2011-09-18,0.3051990409455276
AOI-0061,2011-09-26,0.3385021974796036
AOI-0061,2012-04-06,0.3643086617737084
AOI-0061,2012-05-24,0.7032975007734462
AOI-0061,2012-08-28,0.45051927541901826
AOI-0061,2012-09-04,0.405725507605431
AOI-0061,2012-10-22,0.18934964941560034
AOI-0061,2013-04-16,0.6444795221893892
AOI-0061,2013-06-10,0.6471652826285431
AOI-0061,2013-06-26,0.5020196476127496
AOI-0061,2013-08-29,0.29818829276437764
AOI-0061,2013-09-14,0.3107781608751935
AOI-0061,2013-10-09,0.21108325775168318
AOI-0061,2014-04-27,0.8115149715930937
AOI-0061,2014-06-26,0.43361018137803553
AOI-0061,2014-07-28,0.3108892680405033
AOI-0061,2015-04-07,0.32752702760592295
AOI-0061,2015-05-08,0.2792023089123129
AOI-0061,2015-09-29,0.26965892580466316
AOI-0061,2016-04-22,0.77106804997586
AOI-0061,2016-06-19,0.6634352840951385
AOI-0061,2016-06-27,0.4890811558965131
AOI-0061,2016-07-13,0.4279244248195182
AOI-0061,2017-04-03,0.15276279465910036
AOI-0061,2017-05-25,0.5877435549323492
AOI-0061,2017-07-02,0.8415080761855268
AOI-0061,2017-07-27,0.7644511011595497
AOI-0061,2017-08-11,0.521480480499261
AOI-0061,2017-09-02,0.26727878883344347
AOI-0061,2018-04-07,0.7434548999825555
AOI-0061,2018-06-10,0.7314958775879455
AOI-0061,2019-04-09,0.2512688512311673
AOI-0061,2019-05-13,0.29734840109171806
AOI-0061,2019-05-21,0.3727484404960829
AOI-0061,2019-05-25,0.7116363669432543
AOI-0061,2019-06-27,0.7827575393477466
AOI-0061,2019-07-12,0.731457884780121
AOI-0061,2019-08-21,0.6411081296428253
AOI-0061,2019-09-14,0.2891486743552311
AOI-0061,2019-09-23,0.13392896723481823
AOI-0061,2019-10-18,0.24250159802573173
AOI-0061,2019-10-20,0.24813029235744058
AOI-0061,2020-04-17,0.38274297989685474
AOI-0061,2020-05-24,0.6715378917671935
AOI-0061,2020-07-16,0.2717586925540852
AOI-0061,2020-07-19,0.2773846844509024
AOI-0061,2020-07-24,0.27373991823961796
AOI-0061,2020-07-27,0.3724837848535589
AOI-0061,2020-08-08,0.21808546274724347
AOI-0061,2020-08-17,0.2766827867488374
AOI-0061,2020-08-18,0.24535881326201822
AOI-0061,2020-08-23,0.22584257211040007
AOI-0061,2020-09-18,0.19132488760741634
AOI-0061,2020-10-17,0.14994339588672514
AOI-0061,2020-10-29,0.06814988723494794
AOI-0061,2021-05-05,0.89849882957003
AOI-0061,2021-05-08,0.9117957137643424
AOI-0061,2021-05-15,0.9010586841811512
AOI-0061,2021-07-21,0.1792319285922719
AOI-0061,2021-07-24,0.1949610912975812
AOI-0061,2021-08-04,0.30785673031140925
AOI-0061,2021-08-28,0.34223493601700866
AOI-0061,2021-08-29,0.3719684532984667
AOI-0061,2021-10-29,0.06488231850375478
AOI-0061,2022-04-09,0.24209658269599166
AOI-0061,2022-05-09,0.44945640805277354
AOI-0061,2022-05-22,0.39470457053155783
AOI-0061,2022-05-25,0.5693076286715845
AOI-0061,2022-05-27,0.42829764862512865
AOI-0061,2022-06-12,0.8152715797381254
AOI-0061,2022-06-29,0.8548877471836696
AOI-0061,2022-07-06,0.8417817183424309
AOI-0061,2022-07-21,0.8206938821472173
AOI-0061,2022-07-22,0.7979936406504275
AOI-0061,2022-07-28,0.7842179629149761
AOI-0061,2022-08-23,0.38297191693532684
AOI-0061,2023-04-07,0.6347074229398718
AOI-0061,2023-04-25,0.6226768378116412
AOI-0061,2023-05-05,0.6858829227020863
AOI-0061,2023-05-06,0.6996444602045939
AOI-0061,2023-05-17,0.6930690551059762
AOI-0061,2023-06-06,0.7918597122985617
AOI-0061,2023-06-21,0.7573429189033266
AOI-0061,2023-07-17,0.46209771937391747
AOI-0061,2023-07-21,0.45530447635107546
AOI-0061,2023-07-27,0.4778193340323907
AOI-0061,2023-09-24,0.17079890181785826
AOI-0061,2023-10-14,0.15408796746886935
AOI-0061,2023-10-29,0.1879688838868796
AOI-0061,2024-04-29,0.4285544752666561
AOI-0061,2024-05-01,0.4305341004700049
AOI-0061,2024-05-08,0.6065005375018251
AOI-0061,2024-06-20,0.47596556374854215
AOI-0061,2024-07-15,0.36418352342204324
AOI-0061,2024-08-09,0.3036770330639423
AOI-0061,2024-08-12,0.3585791696096805
AOI-0061,2024-09-06,0.21138409118983612
AOI-0061,2024-09-26,0.17428781268431115
AOI-0061,2024-10-07,0.22474920304002186
AOI-0061,2025-04-16,0.6673113781007312
AOI-0061,2025-04-19,0.7426611838905637
AOI-0061,2025-05-28,0.8359245707658456
AOI-0061,2025-06-28,0.5200617220848065
AOI-0061,2025-07-07,0.3888263950340658
AOI-0061,2025-07-10,0.34183225391225813
AOI-0061,2025-07-28,0.21854144438536446
AOI-0061,2025-08-16,0.20048267217867688
AOI-0061,2025-08-29,0.24832918508672655
AOI-0061,2025-09-24,0.3056694704826927
AOI-0061,2025-09-26,0.318906443602599
AOI-0061,2025-10-16,0.3550898150697261
AOI-0062,2010-04-24,0.7892918442590608
AOI-0062,2010-05-09,0.8380743841834214
AOI-0062,2010-05-26,0.8453864872163184
AOI-0062,2010-08-13,0.23428190268357535
AOI-0062,2010-10-16,0.2932537662835935
AOI-0062,2011-06-14,0.6976229256857542
AOI-0062,2011-07-28,0.44325377417487155
AOI-0062,2011-10-16,0.5096320189465906
AOI-0062,2012-06-09,0.6389652310546058
AOI-0062,2012-08-28,0.2561364051529222
AOI-0062,2012-09-04,0.17277199807072854
AOI-0062,2012-09-13,0.25241081341558835
AOI-0062,2013-04-23,0.4141131312218894
AOI-0062,2013-07-12,0.6969374504116844
AOI-0062,2013-07-28,0.6751684999588623
AOI-0062,2013-09-14,0.36427682150077634
AOI-0062,2013-10-16,0.2977049265412768
AOI-0062,2014-06-30,0.31515524336962675
AOI-0062,2014-10-04,0.3943526003348212
AOI-0062,2015-04-22,0.6521623075725015
AOI-0062,2015-05-09,0.7009597537322936
AOI-0062,2015-09-05,0.20046950334175065
AOI-0062,2015-09-21,0.21074200464744478
AOI-0062,2016-05-08,0.8729939308481017
AOI-0062,2016-07-11,0.338110779823011
AOI-0062,2016-07-27,0.3622712497633275
AOI-0062,2016-09-13,0.25329934379715635
AOI-0062,2016-10-25,0.29397633363653125
AOI-0062,2017-04-07,0.3483660248390605
AOI-0062,2017-07-28,0.6673648592484521
AOI-0062,2017-09-15,0.16263543667888808
AOI-0062,2018-04-06,0.6819054265365202
AOI-0062,2018-04-07,0.7065946005930128
AOI-0062,2018-06-02,0.8258239045790138
AOI-0062,2018-06-25,0.33885820552195395
AOI-0062,2018-07-28,0.30063541499222657
AOI-0062,2018-08-28,0.1973367478867663
AOI-0062,2019-04-08,0.1639152058869409
AOI-0062,2019-04-11,0.17445523022374337
AOI-0062,2019-06-17,0.7026569894966891
AOI-0062,2019-07-06,0.7334650452291619
AOI-0062,2019-08-09,0.727493123217351
AOI-0062,2019-08-23,0.40424908228305184
AOI-0062,2019-09-23,0.10855541904435909
AOI-0062,2019-10-18,0.1619348940956033
AOI-0062,2019-10-23,0.23023073983357883
AOI-0062,2019-10-28,0.20839620222347327
AOI-0062,2020-04-30,0.7546503764803475
AOI-0062,2020-05-30,0.8012053853967346
AOI-0062,2020-06-16,0.5306565868829274
AOI-0062,2020-07-26,0.13019636844778637
AOI-0062,2020-08-18,0.15889860220397733
AOI-0062,2020-08-20,0.14321466152570025
AOI-0062,2020-08-23,0.15163809612014992
AOI-0062,2020-08-25,0.15531050571309998
AOI-0062,2020-09-07,0.12543155643818255
AOI-0062,2020-09-09,0.14557754617047625
AOI-0062,2020-10-07,0.15508830181406777
AOI-0062,2020-10-15,0.2312411935656657
AOI-0062,2021-04-23,0.3386716196601953
AOI-0062,2021-05-05,0.20899616433673457
AOI-0062,2021-05-08,0.2236270907058911
AOI-0062,2021-05-12,0.19213090909258948
AOI-0062,2021-06-06,0.325064395466617
AOI-0062,2021-06-10,0.6400057236867968
AOI-0062,2021-07-01,0.7044313924639046
AOI-0062,2021-07-26,0.749211608886377
AOI-0062,2021-07-29,0.7357971650546526
AOI-0062,2021-09-12,0.20609013484720112
AOI-0062,2021-09-13,0.2657989403038581
AOI-0062,2021-09-19,0.18949730739002496
AOI-0062,2021-09-27,0.19661047657235683
AOI-0062,2021-09-29,0.18431131653323254
AOI-0062,2021-10-07,0.16309499563581542
AOI-0062,2021-10-16,0.27985583949603354
AOI-0062,2022-04-10,0.7407432758961314
AOI-0062,2022-04-27,0.8432877419685384
AOI-0062,2022-05-11,0.8943550638677888
AOI-0062,2022-05-25,0.8653575302283034
AOI-0062,2022-07-21,0.19357894870722295
AOI-0062,2022-07-24,0.19288456576087698
AOI-0062,2022-08-23,0.1662268162774475
AOI-0062,2022-09-14,0.2244986747534941
AOI-0062,2022-09-18,0.16828027018071626
AOI-0062,2022-09-30,0.2289846255741064
AOI-0062,2022-10-19,0.1548957951566568
AOI-0062,2023-05-17,0.3354110572585583
AOI-0062,2023-06-18,0.8708645461319808
AOI-0062,2023-06-24,0.8705039292591498
AOI-0062,2023-07-14,0.8090522191308487
AOI-0062,2023-08-05,0.4797040277990461
AOI-0062,2023-08-25,0.1414354941475208
AOI-0062,2023-09-17,0.15498700773580487
AOI-0062,2023-10-12,0.19039546056841578
AOI-0062,2023-10-16,0.24142749410328024
AOI-0062,2024-04-22,0.8736005068908753
AOI-0062,2024-06-03,0.8048754181375014
AOI-0062,2024-06-08,0.7166002771968917
AOI-0062,2024-06-23,0.23252102299305558
AOI-0062,2024-07-30,0.10439430920414688
AOI-0062,2024-08-04,0.1283942543002017
AOI-0062,2024-08-12,0.17177846094988009
AOI-0062,2024-09-06,0.13079920460329134
AOI-0062,2024-10-26,0.16242250464465097
AOI-0062,2025-04-01,0.23673065943343896
AOI-0062,2025-04-07,0.3716227641794854
AOI-0062,2025-04-11,0.24956140771678786
AOI-0062,2025-04-24,0.24817214387532113
AOI-0062,2025-04-29,0.2668431937824345
AOI-0062,2025-05-28,0.4835872967056657
AOI-0062,2025-06-28,0.8089812810683733
AOI-0062,2025-07-06,0.8141961739272133
AOI-0062,2025-07-07,0.7822112181256031
AOI-0062,2025-07-15,0.5234991402995207
AOI-0062,2025-07-25,0.40177195826098966
AOI-0062,2025-08-02,0.2783300332051178
AOI-0062,2025-08-17,0.23830222189286976
AOI-0062,2025-09-24,0.2096974838885726
AOI-0062,2025-09-30,0.2870856077485718
AOI-0062,2025-10-08,0.17476219117633945
AOI-0062,2025-10-13,0.1886872239414783
AOI-0063,2025-04-14,0.236837486434489
AOI-0063,2025-04-19,0.21310054309277635
AOI-0063,2025-04-23,0.38660499301474666
AOI-0063,2025-04-24,0.2453336377053403
AOI-0063,2025-05-06,0.19867934496040593
AOI-0063,2025-05-25,0.5964467647621222
AOI-0063,2025-06-05,0.7229723054184012
AOI-0063,2025-06-25,0.7953687467991585
AOI-0063,2025-06-28,0.8122851127052001
AOI-0063,2025-06-30,0.7840229688662752
AOI-0063,2025-07-06,0.8006832502358651
AOI-0063,2025-07-07,0.7861873104294299
AOI-0063,2025-07-22,0.5313381256395657
AOI-0063,2025-08-23,0.4019384469403732
AOI-0063,2025-09-13,0.24494047562959642
AOI-0063,2025-09-14,0.3177099111212398
AOI-0064,2025-04-14,0.4657407423388868
AOI-0064,2025-04-23,0.6154790304381779
AOI-0064,2025-04-24,0.4301181548808711
AOI-0064,2025-06-03,0.7417915159174141
AOI-0064,2025-06-05,0.73675608542444
AOI-0064,2025-06-26,0.4642901810249492
AOI-0064,2025-06-27,0.38403661927258154
AOI-0064,2025-06-28,0.37980998260583076
AOI-0064,2025-07-10,0.238868695000218
AOI-0064,2025-08-12,0.12882195865707788
AOI-0064,2025-08-19,0.16166971789532328
AOI-0064,2025-08-27,0.15478590976035256
AOI-0064,2025-08-31,0.2186355546591157
AOI-0064,2025-09-13,0.1777802287691656
AOI-0064,2025-10-06,0.19305975665653816
AOI-0064,2025-10-13,0.1723481237953658
AOI-0065,2025-04-19,0.43456691396334846
AOI-0065,2025-05-01,0.4718797042609961
AOI-0065,2025-06-04,0.5362718853807951
AOI-0065,2025-06-05,0.5137796408050689
AOI-0065,2025-06-08,0.5181318225864259
AOI-0065,2025-06-26,0.6538293591921871
AOI-0065,2025-07-15,0.431667249373035
AOI-0065,2025-07-18,0.40713251114224597
AOI-0065,2025-08-07,0.20713846751429613
AOI-0065,2025-08-17,0.212745283127228
AOI-0065,2025-09-14,0.28650745306316316
AOI-0065,2025-09-25,0.20905009137898947
AOI-0065,2025-09-30,0.3408718447788016
AOI-0065,2025-10-08,0.22941612489592897
AOI-0066,2025-06-05,0.4977443841541806
AOI-0066,2025-07-05,0.7814866056631177
AOI-0066,2025-07-15,0.6947128788563389
AOI-0066,2025-07-25,0.529652400881816
AOI-0066,2025-07-27,0.4950359794440513
AOI-0066,2025-08-14,0.31573034223223667
AOI-0066,2025-09-01,0.17155907632164563
AOI-0067,2010-04-25,0.17253431504170139
AOI-0067,2010-06-20,0.1874409590050479
AOI-0067,2010-06-26,0.25154522131042206
AOI-0067,2010-07-13,0.18707210423443305
AOI-0067,2010-07-21,0.1719618884702786
AOI-0067,2010-08-06,0.17685028982510634
AOI-0067,2010-08-07,0.1609197169080202
AOI-0067,2010-08-15,0.1579253875040555
AOI-0067,2010-09-23,0.169929350881054
AOI-0067,2010-10-09,0.15304520253651974
AOI-0067,2011-05-09,0.3328310939503869
AOI-0067,2011-05-14,0.20428319273744017
AOI-0067,2011-09-03,0.3335547404946086
AOI-0067,2011-09-19,0.3120458058842025
AOI-0067,2012-05-08,0.35946285400247074
AOI-0067,2012-06-09,0.19991237945182336
AOI-0067,2012-07-27,0.1569943148008904
AOI-0067,2012-09-29,0.14847068234651273
AOI-0067,2013-07-30,0.2342112768337254
AOI-0067,2013-08-29,0.39657633472444187
AOI-0067,2014-05-21,0.20364692963841693
AOI-0067,2014-05-25,0.2920061329438213
AOI-0067,2014-06-06,0.2045418640579471
AOI-0067,2014-06-07,0.2081392758934337
AOI-0067,2014-07-01,0.19436489862676476
AOI-0067,2014-07-16,0.20279765337994848
AOI-0067,2014-07-17,0.167637398649954
AOI-0067,2014-09-14,0.2253576657541694
AOI-0067,2014-10-12,0.14948778625610054
AOI-0067,2015-04-15,0.16414318935707442
AOI-0067,2015-05-09,0.3016932474036523
AOI-0067,2015-06-02,0.22059410542875246
AOI-0067,2015-06-18,0.2454790011200884
AOI-0067,2015-07-12,0.4502087122534887
AOI-0067,2015-07-20,0.3683405391379799
AOI-0067,2015-08-29,0.4546428430471971
AOI-0067,2015-09-14,0.36164550559114966
AOI-0067,2015-09-29,0.2592851789796246
AOI-0067,2016-05-03,0.2473919846481251
AOI-0067,2016-05-10,0.2570727124712092
AOI-0067,2016-05-11,0.26064051597890686
AOI-0067,2016-06-25,0.2565761481525433
AOI-0067,2016-07-14,0.19638016305620393
AOI-0067,2016-07-27,0.3759755457727417
AOI-0067,2016-09-29,0.2614206500952649
AOI-0067,2016-10-25,0.2113288318235242
AOI-0067,2017-04-04,0.14659116835866942
AOI-0067,2017-04-28,0.16107468065997754
AOI-0067,2017-05-05,0.18672627231096592
AOI-0067,2017-06-07,0.3127403349129748
AOI-0067,2017-07-09,0.46604111222768807
AOI-0067,2017-07-25,0.5428935263018634
AOI-0067,2017-08-02,0.5833494302256358
AOI-0067,2017-08-11,0.5578843249253547
AOI-0067,2017-08-13,0.5151268882772188
AOI-0067,2017-08-29,0.49716557743083073
AOI-0067,2017-09-14,0.44768678962117786
AOI-0067,2017-09-20,0.40899331158861046
AOI-0067,2018-04-06,0.18649717114734637
AOI-0067,2018-04-23,0.2385038003103983
AOI-0067,2018-05-25,0.24857162875125807
AOI-0067,2018-07-11,0.18884768593785048
AOI-0067,2018-08-29,0.20529844762559285
AOI-0067,2019-05-08,0.7462007804738083
AOI-0067,2019-05-28,0.8205746848260494
AOI-0067,2019-06-12,0.46437647538808163
AOI-0067,2019-07-12,0.2757342487280938
AOI-0067,2019-07-14,0.20354632482581062
AOI-0067,2019-07-28,0.4289648970133441
AOI-0067,2019-08-08,0.41521573246399096
AOI-0067,2019-08-11,0.36838306906975304
AOI-0067,2019-08-29,0.2958951208184453
AOI-0067,2019-09-05,0.2645749203804218
AOI-0067,2019-09-16,0.28443176227368405
AOI-0067,2019-09-24,0.289682330330654
AOI-0067,2019-10-02,0.3098425823391015
AOI-0067,2019-10-03,0.30894034024344846
AOI-0067,2019-10-15,0.2979982718041494
AOI-0067,2020-04-22,0.21767563521110225
AOI-0067,2020-04-27,0.13481399026768717
AOI-0067,2020-05-02,0.14298460504897723
AOI-0067,2020-05-08,0.30966491745182506
AOI-0067,2020-07-06,0.6430377626597433
AOI-0067,2020-07-25,0.40131378217768965
AOI-0067,2020-07-26,0.3996303162292068
AOI-0067,2020-07-27,0.4320410881660338
AOI-0067,2020-08-25,0.3548049808393536
AOI-0067,2020-10-15,0.24823526380805375
AOI-0067,2021-05-16,0.28515766769267775
AOI-0067,2021-06-06,0.6174747589439309
AOI-0067,2021-06-16,0.6730604997151787
AOI-0067,2021-06-18,0.6737135272213642
AOI-0067,2021-07-04,0.45003062352114825
AOI-0067,2021-08-30,0.2966933602667415
AOI-0067,2021-09-09,0.3132148294230028
AOI-0067,2021-10-09,0.18634101938574693
AOI-0067,2022-04-02,0.11850027798727009
AOI-0067,2022-04-23,0.2708850583727691
AOI-0067,2022-04-26,0.203347066078459
AOI-0067,2022-06-01,0.19150893963335142
AOI-0067,2022-07-01,0.5888512758335442
AOI-0067,2022-08-23,0.4529250416987002
AOI-0067,2022-08-24,0.447097788956888
AOI-0067,2022-08-29,0.407081215233537
AOI-0067,2022-09-01,0.3565052206627415
AOI-0067,2022-09-25,0.3508218739220158
AOI-0067,2022-10-09,0.3087812715592878
AOI-0067,2022-10-14,0.29026262468427605
AOI-0067,2023-04-23,0.30261081991470823
AOI-0067,2023-05-31,0.24349173848572933
AOI-0067,2023-06-30,0.6725188122612278
AOI-0067,2023-07-12,0.6374858173943064
AOI-0067,2023-07-21,0.6032356507032255
AOI-0067,2023-07-27,0.5034414031038056
AOI-0067,2023-08-26,0.3161346032084872
AOI-0067,2023-09-24,0.20792945587146294
AOI-0067,2023-09-27,0.2160669526490681
AOI-0067,2023-10-05,0.2728078335719796
AOI-0067,2023-10-13,0.2213597540881848
AOI-0067,2024-04-01,0.17112218670312593
AOI-0067,2024-04-11,0.21281630408560162
AOI-0067,2024-05-09,0.4485737355806406
AOI-0067,2024-05-24,0.6316130073284116
AOI-0067,2024-07-05,0.2504881011778587
AOI-0067,2024-07-10,0.24966164231307061
AOI-0067,2024-08-29,0.14644995755464563
AOI-0067,2024-09-06,0.16076868682657663
AOI-0067,2024-09-23,0.13395328732452946
AOI-0067,2025-04-17,0.18284278054477796
AOI-0067,2025-04-23,0.210365589340185
AOI-0067,2025-04-28,0.13816175325498595
AOI-0067,2025-06-05,0.13799480943676976
AOI-0067,2025-06-21,0.26066335551568703
AOI-0067,2025-06-26,0.43113562713171877
AOI-0067,2025-07-05,0.420482157128721
AOI-0067,2025-07-14,0.4676154060338778
AOI-0067,2025-07-15,0.4154281124885909
AOI-0067,2025-08-06,0.6061514231402017
AOI-0067,2025-09-01,0.4531034262671785
AOI-0067,2025-09-23,0.2911941134284413
AOI-0067,2025-10-03,0.22265032603514298
AOI-0068,2010-04-16,0.1418505974304789
AOI-0068,2010-05-02,0.18039765409910516
AOI-0068,2010-05-09,0.313331085985854
AOI-0068,2010-06-20,0.1818567188752251
AOI-0068,2010-07-13,0.17887136849999
AOI-0068,2010-07-14,0.13690414639431403
AOI-0068,2010-07-28,0.201197472685755
AOI-0068,2010-08-07,0.15443693858301316
AOI-0068,2010-08-29,0.1806207371872676
AOI-0068,2011-04-07,0.46606426490017616
AOI-0068,2011-05-30,0.6137135248631944
AOI-0068,2011-06-15,0.3984475007333667
AOI-0068,2011-06-23,0.28758224389182974
AOI-0068,2011-07-16,0.21001782312498954
AOI-0068,2011-08-09,0.18820766789998752
AOI-0068,2011-09-03,0.17144764596890735
AOI-0068,2012-07-27,0.1594710725574335
AOI-0068,2012-08-03,0.15491715901050243
AOI-0068,2012-10-22,0.1899856715860877
AOI-0068,2013-06-19,0.2804134967376363
AOI-0068,2013-06-27,0.25156879910199886
AOI-0068,2013-07-28,0.24816678294403735
AOI-0068,2014-04-27,0.4347154368889183
AOI-0068,2014-07-28,0.1838845136106274
AOI-0068,2014-08-17,0.17551340172389795
AOI-0068,2014-08-25,0.13767035788529028
AOI-0068,2014-10-05,0.15585189491852147
AOI-0068,2014-10-16,0.20417995897945623
AOI-0068,2014-10-29,0.17400884452553214
AOI-0068,2015-06-09,0.3526978732056869
AOI-0068,2015-07-27,0.28254118114296367
AOI-0068,2015-08-04,0.2598869141419348
AOI-0068,2016-05-02,0.31472160240935576
AOI-0068,2016-05-11,0.31554729777765145
AOI-0068,2016-07-14,0.3267589859534559
AOI-0068,2016-08-28,0.286481496807033
AOI-0068,2016-09-13,0.27141665041744595
AOI-0068,2016-09-29,0.3608478638761206
AOI-0068,2017-05-14,0.530054681759565
AOI-0068,2017-06-10,0.4917000430866594
AOI-0068,2017-06-22,0.4055454778221204
AOI-0068,2017-06-27,0.30692325654701325
AOI-0068,2017-07-12,0.2537492604929075
AOI-0068,2017-08-02,0.1984405760127311
AOI-0068,2017-08-11,0.13980052610611593
AOI-0068,2017-08-13,0.20052433416247034
AOI-0068,2017-09-02,0.13988061857025674
AOI-0068,2017-09-03,0.19325294828670703
AOI-0068,2018-04-28,0.2616523507789511
AOI-0068,2018-05-09,0.40658314781504634
AOI-0068,2018-06-07,0.2116086332868108
AOI-0068,2018-07-11,0.16909381286661967
AOI-0068,2018-08-28,0.15860891571324667
AOI-0068,2018-09-06,0.1558583071820395
AOI-0068,2018-09-21,0.15393758202866925
AOI-0068,2019-05-25,0.6189243691023992
AOI-0068,2019-05-28,0.6025748711071715
AOI-0068,2019-06-28,0.21190669828920042
AOI-0068,2019-08-07,0.25138173426489463
AOI-0068,2019-09-01,0.1913826427347759
AOI-0068,2019-09-05,0.16431530474885025
AOI-0068,2019-09-15,0.17231160825604538
AOI-0068,2019-09-24,0.23537675974987382
AOI-0068,2019-09-25,0.22686473909663094
AOI-0068,2019-09-30,0.31424204432673447
AOI-0068,2019-10-02,0.28060241930621904
AOI-0068,2019-10-25,0.31914685350551797
AOI-0068,2020-04-02,0.30062018161397525
AOI-0068,2020-04-06,0.37888964156161264
AOI-0068,2020-04-12,0.30604219891161266
AOI-0068,2020-04-19,0.3113321371293514
AOI-0068,2020-06-26,0.1819209595158175
AOI-0068,2020-07-27,0.17316306165976073
AOI-0068,2020-07-31,0.14026060746444902
AOI-0068,2020-09-03,0.16148052984969496
AOI-0068,2020-10-05,0.1471940253047795
AOI-0068,2020-10-20,0.17941638802717116
AOI-0068,2021-05-01,0.28114679883357846
AOI-0068,2021-05-16,0.47461387848379066
AOI-0068,2021-06-11,0.473263087283121
AOI-0068,2021-06-16,0.45351602312045525
AOI-0068,2021-07-19,0.24873861635664402
AOI-0068,2021-07-31,0.18612295846916183
AOI-0068,2021-09-30,0.41103906549092994
AOI-0068,2022-04-02,0.28135477785348334
AOI-0068,2022-04-12,0.3218187605729705
AOI-0068,2022-04-23,0.5375885257993196
AOI-0068,2022-05-12,0.5160045565933927
AOI-0068,2022-05-27,0.38507465189280293
AOI-0068,2022-06-08,0.3676783008231598
AOI-0068,2022-06-20,0.2633642134848983
AOI-0068,2022-07-01,0.17813184907679191
AOI-0068,2022-07-14,0.15409626072824972
AOI-0068,2022-07-30,0.19357393915104204
AOI-0068,2022-08-15,0.16244589953840777
AOI-0068,2023-04-03,0.4622642407248027
AOI-0068,2023-04-17,0.4836042272654577
AOI-0068,2023-05-09,0.6411564209280329
AOI-0068,2023-06-06,0.5304688039137269
AOI-0068,2023-06-30,0.28422245844369604
AOI-0068,2023-07-05,0.25549475714890696
AOI-0068,2023-08-03,0.25032720413930587
AOI-0068,2023-08-13,0.2818213106797665
AOI-0068,2023-09-03,0.35061560676076775
AOI-0068,2023-09-24,0.3343388738280163
AOI-0068,2023-10-06,0.3257803858598393
AOI-0068,2023-10-11,0.30093215371763504
AOI-0068,2024-05-01,0.26716649667597575
AOI-0068,2024-05-09,0.2140463005314141
AOI-0068,2024-06-15,0.1552751187713194
AOI-0068,2024-08-05,0.17646863777726582
AOI-0068,2024-08-09,0.1199165821026518
AOI-0068,2024-08-19,0.1505013071539913
AOI-0068,2024-08-28,0.1757920714081387
AOI-0068,2024-09-08,0.14352390248172525
AOI-0068,2024-09-14,0.1877290596489672
AOI-0068,2024-09-29,0.20979268697974732
AOI-0068,2024-10-13,0.14831845352595308
AOI-0068,2025-05-08,0.6625412866117861
AOI-0068,2025-05-11,0.6902060470727281
AOI-0068,2025-05-20,0.6975555729319886
AOI-0068,2025-06-10,0.4261477427998069
AOI-0068,2025-06-15,0.3538914400215779
AOI-0068,2025-06-17,0.32886030823851153
AOI-0068,2025-06-30,0.2186622715997623
AOI-0068,2025-07-22,0.20867980172016853
AOI-0068,2025-07-28,0.19892398123578753
AOI-0068,2025-08-13,0.24116232800595946
AOI-0068,2025-08-14,0.1868874874038508
AOI-0068,2025-08-23,0.22222532002808512
AOI-0068,2025-08-24,0.17686756561864203
AOI-0068,2025-09-08,0.17763945239458803
AOI-0068,2025-09-14,0.2515844503936794
AOI-0068,2025-09-24,0.24024286480176596
AOI-0069,2025-04-16,0.15844417746032943
AOI-0069,2025-04-21,0.18088059553467892
AOI-0069,2025-04-23,0.28005536440180334
AOI-0069,2025-05-01,0.1639683967012277
AOI-0069,2025-05-11,0.25760765462268564
AOI-0069,2025-05-25,0.5088951593741705
AOI-0069,2025-05-28,0.4352924473669285
AOI-0069,2025-06-10,0.41469117997107136
AOI-0069,2025-06-25,0.27570343647091566
AOI-0069,2025-06-26,0.31508550290905163
AOI-0069,2025-07-05,0.187288857664851
AOI-0069,2025-07-06,0.22788923145700868
AOI-0069,2025-07-22,0.14959694195252113
AOI-0069,2025-08-07,0.1562552332566998
AOI-0069,2025-08-14,0.14797643435456012
AOI-0069,2025-09-01,0.13291864557283792
AOI-0069,2025-09-14,0.19772853914305527
AOI-0069,2025-09-24,0.17174266825786508
AOI-0069,2025-09-25,0.14903491354679235
AOI-0069,2025-09-28,0.13838526259687883
AOI-0070,2025-05-11,0.28943509635018866
AOI-0070,2025-05-25,0.38607097557953113
AOI-0070,2025-06-07,0.22481030584712744
AOI-0070,2025-06-10,0.28012229220035123
AOI-0070,2025-06-25,0.1979269289606751
AOI-0070,2025-07-12,0.23679078012132776
AOI-0070,2025-08-24,0.15862499359720725
AOI-0070,2025-08-31,0.17766242638924562
AOI-0070,2025-09-25,0.16792305001086763
AOI-0070,2025-10-02,0.2124078834262254
AOI-0070,2025-10-13,0.18513102353411068
AOI-0070,2025-10-23,0.22506271952559104
AOI-0071,2025-04-16,0.3438954877524274
AOI-0071,2025-04-18,0.36044536833101415
AOI-0071,2025-04-21,0.37680979956998445
AOI-0071,2025-05-25,0.5235263993148626
AOI-0071,2025-06-26,0.6164803951830778
AOI-0071,2025-07-06,0.6113036088351553
AOI-0071,2025-07-07,0.5533044139581984
AOI-0071,2025-07-12,0.4499699372258572
AOI-0071,2025-08-13,0.4280619895745775
AOI-0071,2025-08-23,0.41791311085061117
AOI-0071,2025-08-24,0.3771457747306045
AOI-0071,2025-08-26,0.39107305614736404
AOI-0071,2025-08-29,0.378135655797897
AOI-0071,2025-09-01,0.39467400132341074
AOI-0071,2025-09-15,0.331536064450236
AOI-0071,2025-09-28,0.31198959313374075
AOI-0072,2025-05-08,0.7464406866796709
AOI-0072,2025-06-04,0.6868480877019837
AOI-0072,2025-07-05,0.1824068759655536
AOI-0072,2025-07-06,0.2291521836340454
AOI-0072,2025-07-14,0.20541729219580152
AOI-0072,2025-07-17,0.15793082572482278
AOI-0072,2025-08-07,0.17802536688326986
AOI-0072,2025-08-19,0.17306048231945056
AOI-0072,2025-08-29,0.20822084151306397
AOI-0072,2025-09-03,0.1532257560774669
AOI-0072,2025-09-15,0.17333309695525426
AOI-0072,2025-09-16,0.17371317746861709
AOI-0072,2025-09-30,0.24227015360742374
AOI-0072,2025-10-03,0.17155304090111084
AOI-0072,2025-10-13,0.16810515416936547
AOI-0073,2010-06-26,0.6020960366436239
AOI-0073,2010-07-12,0.5021451266555991
AOI-0073,2011-04-07,0.28193356921913726
AOI-0073,2011-07-14,0.5274121920341104
AOI-0073,2011-09-14,0.3834951627693482
AOI-0073,2012-04-22,0.4830954352049324
AOI-0073,2012-04-27,0.3742207253645957
AOI-0073,2012-05-24,0.6457065692541544
AOI-0073,2012-09-29,0.29858946335356457
AOI-0073,2013-04-03,0.24158657165932418
AOI-0073,2013-06-10,0.5436359012627385
AOI-0073,2013-06-25,0.5271655112425522
AOI-0073,2013-07-12,0.5452061736768122
AOI-0073,2013-07-28,0.5297021691505702
AOI-0073,2013-09-30,0.44201451683817816
AOI-0073,2014-05-27,0.5348530828304345
AOI-0073,2014-07-12,0.7328769599949478
AOI-0073,2014-07-30,0.651280454687648
AOI-0073,2014-08-13,0.4662023444445514
AOI-0073,2014-09-14,0.39610175337235914
AOI-0073,2014-10-10,0.23495897631329632
AOI-0073,2015-05-22,0.38053425853569317
AOI-0073,2015-05-30,0.41863831984735583
AOI-0073,2015-06-10,0.5821474659696336
AOI-0073,2015-06-15,0.4621915774234866
AOI-0073,2015-07-01,0.5855328424515661
AOI-0073,2015-07-09,0.6147736295245235
AOI-0073,2015-08-26,0.35122155237015207
AOI-0073,2015-10-05,0.23310630140945693
AOI-0073,2016-04-06,0.5752442936102071
AOI-0073,2017-04-23,0.2815952688929262
AOI-0073,2017-06-04,0.3629070042477432
AOI-0073,2017-06-12,0.4663342969454586
AOI-0073,2017-07-06,0.7385553632431362
AOI-0073,2017-07-18,0.7526986965316227
AOI-0073,2017-08-07,0.6882120038879683
AOI-0073,2017-08-12,0.654860936908182
AOI-0073,2017-10-11,0.2974908590781263
AOI-0073,2017-10-16,0.3195168472860157
AOI-0073,2018-04-16,0.160668256548185
AOI-0073,2019-05-17,0.30188287859849877
AOI-0073,2019-05-19,0.27660021197383217
AOI-0073,2019-06-03,0.5003302780469494
AOI-0073,2019-07-13,0.6700338503460985
AOI-0073,2019-08-07,0.6539952607693593
AOI-0073,2019-08-12,0.5732350710994145
AOI-0073,2019-09-06,0.3473407855724415
AOI-0073,2019-09-11,0.33915451680797265
AOI-0073,2019-09-15,0.3020672373694102
AOI-0073,2019-09-16,0.3023873764547687
AOI-0073,2019-09-28,0.26436394199265967
AOI-0073,2019-10-16,0.29486153279628935
AOI-0073,2019-10-26,0.22285922886462511
AOI-0073,2020-04-05,0.14548933383829468
AOI-0073,2020-04-15,0.10516038422729164
AOI-0073,2020-04-22,0.37926416295780097
AOI-0073,2020-05-18,0.610585048594093
AOI-0073,2020-07-04,0.3035249670075941
AOI-0073,2020-07-06,0.3229006458181788
AOI-0073,2020-07-24,0.20561324053082183
AOI-0073,2020-07-29,0.17501088700671102
AOI-0073,2020-08-12,0.27479690307277377
AOI-0073,2020-09-01,0.23195175801835624
AOI-0073,2020-09-20,0.17156661184103494
AOI-0073,2020-10-20,0.22413443376405157
AOI-0073,2020-10-26,0.17454535118594894
AOI-0073,2021-05-06,0.22191477475623864
AOI-0073,2021-05-13,0.19061884933973738
AOI-0073,2021-05-15,0.21625782092804394
AOI-0073,2021-06-29,0.7057112790015563
AOI-0073,2021-07-25,0.7473223067924104
AOI-0073,2021-08-02,0.6961924016580757
AOI-0073,2021-09-07,0.3372285790063827
AOI-0073,2021-09-14,0.3222367356062208
AOI-0073,2021-09-15,0.28472657732904527
AOI-0073,2022-04-23,0.31194759706667546
AOI-0073,2022-04-25,0.21303263330640396
AOI-0073,2022-06-04,0.28369621609752216
AOI-0073,2022-06-07,0.25491319246934324
AOI-0073,2022-06-09,0.2592992520722283
AOI-0073,2022-06-14,0.4007620824688716
AOI-0073,2022-07-05,0.7883649946439575
AOI-0073,2022-07-07,0.7520056585616427
AOI-0073,2022-09-10,0.36971610155951584
AOI-0073,2022-09-30,0.34329344190076505
AOI-0073,2023-04-02,0.22971792884116093
AOI-0073,2023-04-28,0.2704928251976825
AOI-0073,2023-05-03,0.2891202285891941
AOI-0073,2023-05-05,0.2885274935465948
AOI-0073,2023-05-13,0.34962809270330436
AOI-0073,2023-06-04,0.5333777573621482
AOI-0073,2023-06-07,0.549944746753664
AOI-0073,2023-07-25,0.32558632356961636
AOI-0073,2023-07-31,0.2365723907989857
AOI-0073,2023-08-06,0.25745558571620963
AOI-0073,2023-08-16,0.2406393585390402
AOI-0073,2023-08-28,0.232995524764026
AOI-0073,2023-09-07,0.20010679655671978
AOI-0073,2023-09-12,0.2124304073372224
AOI-0073,2023-09-29,0.21884268860474793
AOI-0073,2023-10-11,0.2644830180746833
AOI-0073,2023-10-15,0.25520378381839215
AOI-0073,2024-04-14,0.45202740397509394
AOI-0073,2024-04-20,0.5693755750215993
AOI-0073,2024-05-06,0.6386941118373372
AOI-0073,2024-05-07,0.649635111070245
AOI-0073,2024-06-23,0.36844351605519243
AOI-0073,2024-07-03,0.24409148423570023
AOI-0073,2024-07-11,0.390307765440404
AOI-0073,2024-07-13,0.247723240584945
AOI-0073,2024-07-21,0.24259583851116315
AOI-0073,2024-07-25,0.23514530920514923
AOI-0073,2024-08-12,0.26241191255345625
AOI-0073,2024-08-28,0.25909092881140966
AOI-0073,2024-09-01,0.18250612543243064
AOI-0073,2024-09-13,0.22539409232792654
AOI-0073,2024-09-29,0.22640347543897804
AOI-0073,2025-04-07,0.26221319661871384
AOI-0073,2025-04-15,0.211298464379003
AOI-0073,2025-04-19,0.18872609283019054
AOI-0073,2025-04-22,0.20115796534191302
AOI-0073,2025-04-23,0.2812613986153474
AOI-0073,2025-04-29,0.19707779352096405
AOI-0073,2025-05-11,0.22597640118784318
AOI-0073,2025-05-22,0.237820506453787
AOI-0073,2025-05-29,0.22951100399709007
AOI-0073,2025-06-03,0.31678393446043496
AOI-0073,2025-06-30,0.7586626822952487
AOI-0073,2025-07-06,0.7864779344653009
AOI-0073,2025-07-08,0.7792492377504696
AOI-0073,2025-07-28,0.6881588413389638
AOI-0073,2025-08-05,0.7069758314537047
AOI-0073,2025-08-07,0.7098383356715386
AOI-0073,2025-08-22,0.4801498688694309
AOI-0073,2025-08-27,0.4044952317093574
AOI-0073,2025-09-22,0.31300062137907064
AOI-0074,2010-07-12,0.38274698116564493
AOI-0074,2010-08-29,0.3106907289280799
AOI-0074,2011-05-27,0.3243772590609026
AOI-0074,2011-06-20,0.5883943328768061
AOI-0074,2011-06-26,0.7736057417287513
AOI-0074,2011-07-06,0.7444496607109818
AOI-0074,2011-09-24,0.2823077970968792
AOI-0074,2013-06-25,0.4433488521444939
AOI-0074,2013-07-03,0.37479260581950175
AOI-0074,2013-07-11,0.3359700405461959
AOI-0074,2013-08-13,0.3521918518942001
AOI-0074,2014-07-14,0.8058140428666877
AOI-0074,2014-07-28,0.6476950695470929
AOI-0074,2014-09-14,0.31934780641145766
AOI-0074,2014-10-16,0.25619666714007067
AOI-0074,2015-04-23,0.3020220903667726
AOI-0074,2015-04-28,0.2111772122292853
AOI-0074,2015-07-25,0.676803071765715
AOI-0074,2015-10-16,0.25157908249285477
AOI-0074,2015-10-29,0.17969065334366524
AOI-0074,2016-08-12,0.3471272092935495
AOI-0074,2016-08-20,0.24885112561192574
AOI-0074,2017-04-23,0.29034392131742626
AOI-0074,2017-05-04,0.22721686323083934
AOI-0074,2017-05-06,0.2080617883561527
AOI-0074,2017-06-04,0.3965898877377113
AOI-0074,2017-06-05,0.38258729498616284
AOI-0074,2017-06-10,0.6415623967678027
AOI-0074,2017-06-20,0.5431463635501432
AOI-0074,2017-06-26,0.7820891240316766
AOI-0074,2017-07-18,0.7480636415755431
AOI-0074,2017-08-07,0.6636036132706761
AOI-0074,2017-08-17,0.5363039083973604
AOI-0074,2017-09-16,0.31310193605884296
AOI-0074,2017-10-11,0.26317070838139567
AOI-0074,2017-10-16,0.27662903581316894
AOI-0074,2018-04-04,0.1529414785569714
AOI-0074,2018-04-23,0.3390671652972791
AOI-0074,2018-05-06,0.2753180483612422
AOI-0074,2018-05-11,0.313120219690081
AOI-0074,2018-05-22,0.3551188234003338
AOI-0074,2018-05-26,0.35973450036415633
AOI-0074,2018-05-30,0.3770332868645647
AOI-0074,2018-07-13,0.7144725795240348
AOI-0074,2018-08-18,0.7538703138281622
AOI-0074,2018-09-14,0.36383509956071247
AOI-0074,2018-09-19,0.36312359165944974
AOI-0074,2018-09-30,0.31012699231235064
AOI-0074,2019-04-23,0.2537393413699
AOI-0074,2019-05-04,0.2227625345466582
AOI-0074,2019-05-14,0.24104480943188678
AOI-0074,2019-05-16,0.23216945515147783
AOI-0074,2019-05-31,0.44757454816646836
AOI-0074,2019-06-13,0.6593003004913444
AOI-0074,2019-07-13,0.6825667836610185
AOI-0074,2019-08-05,0.6085770565945299
AOI-0074,2019-08-09,0.5603156584153128
AOI-0074,2019-09-14,0.31077530422392874
AOI-0074,2020-04-09,0.184939327084987
AOI-0074,2020-07-06,0.2634694288277738
AOI-0074,2020-07-22,0.2316524535776761
AOI-0074,2020-08-07,0.221457832568097
AOI-0074,2020-08-26,0.1989477069509912
AOI-0074,2020-09-07,0.1481987293431032
AOI-0074,2020-09-08,0.18613755313124358
AOI-0074,2020-09-12,0.15675730726965353
AOI-0074,2020-10-07,0.15405604411228055
AOI-0074,2020-10-12,0.13519706075319243
AOI-0074,2020-10-18,0.21375936739063495
AOI-0074,2020-10-22,0.1276027964263005
AOI-0074,2021-04-25,0.20284428512270633
AOI-0074,2021-06-23,0.6201450414661899
AOI-0074,2021-06-27,0.6370717602833071
AOI-0074,2021-07-17,0.7055739404143849
AOI-0074,2021-08-03,0.5719945478973535
AOI-0074,2021-08-06,0.5518232968236382
AOI-0074,2021-08-19,0.4553330566328831
AOI-0074,2021-09-03,0.33833019140112575
AOI-0074,2021-10-06,0.20658717748399674
AOI-0074,2021-10-17,0.2062552696148237
AOI-0074,2021-10-20,0.22056149095897534
AOI-0074,2021-10-27,0.2265257223136409
AOI-0074,2022-05-30,0.21989248421848928
AOI-0074,2022-07-12,0.7183417061585059
AOI-0074,2022-08-29,0.5038379813683087
AOI-0074,2022-10-16,0.2973565594903663
AOI-0074,2023-04-28,0.2336139259753568
AOI-0074,2023-05-30,0.4045217963792365
AOI-0074,2023-06-09,0.5872889937201087
AOI-0074,2023-06-19,0.43211484950727336
AOI-0074,2023-07-14,0.2453062652020842
AOI-0074,2023-08-16,0.2517011223646361
AOI-0074,2023-09-14,0.22648070589251637
AOI-0074,2023-10-11,0.26746215460655154
AOI-0074,2024-04-17,0.49824483531305347
AOI-0074,2024-05-08,0.67146236872129
AOI-0074,2024-05-09,0.6198444381001462
AOI-0074,2024-06-06,0.5266944188539959
AOI-0074,2024-07-08,0.24343992658808797
AOI-0074,2024-07-18,0.2279641139928599
AOI-0074,2024-07-27,0.3081296178293636
AOI-0074,2024-08-12,0.24735826741944458
AOI-0074,2024-08-28,0.24858044084306966
AOI-0074,2024-09-04,0.1889759505919033
AOI-0074,2024-09-09,0.18093543204827517
AOI-0074,2025-04-07,0.23792774596809965
AOI-0074,2025-04-15,0.18331491804865704
AOI-0074,2025-05-12,0.2061736242789495
AOI-0074,2025-05-14,0.1809623784164349
AOI-0074,2025-06-01,0.3308645006404467
AOI-0074,2025-06-10,0.5775369731570567
AOI-0074,2025-07-06,0.801537079383709
AOI-0074,2025-07-16,0.6836534777036031
AOI-0074,2025-08-05,0.6646204824493317
AOI-0074,2025-08-19,0.46755623741748936
AOI-0074,2025-09-08,0.23089235335518768
AOI-0074,2025-09-22,0.2770959133128895
AOI-0074,2025-10-01,0.23049563748981258
AOI-0074,2025-10-26,0.21735303741169934
AOI-0075,2025-04-07,0.342157484248916
AOI-0075,2025-04-12,0.20365712338783648
AOI-0075,2025-07-12,0.6169212867953776
AOI-0075,2025-07-18,0.5159450000501259
AOI-0075,2025-08-21,0.5173727272794488
AOI-0075,2025-08-30,0.4375788593049227
AOI-0075,2025-09-08,0.44452905891517247
AOI-0075,2025-09-16,0.33447962793985037
AOI-0075,2025-09-21,0.28555615827526726
AOI-0075,2025-10-29,0.30758003182006755
AOI-0076,2025-04-19,0.20038737349067146
AOI-0076,2025-05-01,0.23668240855961953
AOI-0076,2025-05-11,0.2627290525836402
AOI-0076,2025-05-25,0.6215530457394776
AOI-0076,2025-07-10,0.8142856667538345
AOI-0076,2025-07-31,0.7255796139301944
AOI-0076,2025-08-21,0.4082131001303897
AOI-0076,2025-08-27,0.3352482426769236
AOI-0076,2025-09-01,0.2942169484864453
AOI-0076,2025-09-21,0.22217086380272072
AOI-0076,2025-09-22,0.2715315733575117
AOI-0076,2025-10-01,0.21374303075078974
AOI-0076,2025-10-04,0.215825147471925
AOI-0077,2025-05-09,0.741406109765259
AOI-0077,2025-06-06,0.573752850405549
AOI-0077,2025-06-21,0.4740630331799768
AOI-0077,2025-07-12,0.3701738060414756
AOI-0077,2025-08-22,0.17091752286718834
AOI-0077,2025-08-27,0.1641364884813724
AOI-0077,2025-08-30,0.2202737940032617
AOI-0077,2025-09-11,0.17654387472109348
AOI-0077,2025-09-22,0.23687378990062233
AOI-0078,2025-05-02,0.7786929168325704
AOI-0078,2025-05-25,0.7515743151228479
AOI-0078,2025-06-01,0.6467383780398124
AOI-0078,2025-06-03,0.6679705376683505
AOI-0078,2025-06-06,0.6381516559011937
AOI-0078,2025-06-10,0.5818864883307612
AOI-0078,2025-07-04,0.25129122576039203
AOI-0078,2025-07-10,0.18529934659209432
AOI-0078,2025-07-11,0.20831015683322857
AOI-0078,2025-07-13,0.1655254153716365
AOI-0078,2025-08-10,0.17670482912154312
AOI-0078,2025-08-15,0.19808544710376233
AOI-0078,2025-09-08,0.18515686404432222
AOI-0078,2025-10-04,0.2680292489932177
