anon_polygon_id,date,primary_ndvi_true
AOI-0001,2010-08-29,0.22921538942390526
AOI-0001,2010-10-25,0.17968036993678926
AOI-0001,2011-06-13,0.6545751254970484
AOI-0001,2011-09-18,0.2692615599230017
AOI-0001,2011-09-26,0.28606998829992575
AOI-0001,2011-09-30,0.3904405614430211
AOI-0001,2012-05-24,0.7112814132890513
AOI-0001,2012-07-09,0.23704149651224424
AOI-0001,2012-07-11,0.3320825582101413
AOI-0001,2012-08-10,0.17793012310372444
AOI-0001,2012-08-12,0.317908993281161
AOI-0001,2012-10-15,0.3695127447422799
AOI-0001,2013-05-01,0.834517254526796
AOI-0001,2013-07-12,0.3267679090311309
AOI-0001,2013-09-30,0.5545553672145751
AOI-0001,2014-04-18,0.23862831558384748
AOI-0001,2014-05-25,0.6711461081153608
AOI-0001,2014-06-26,0.8117365029812976
AOI-0001,2014-07-15,0.7261366114753315
AOI-0001,2014-07-28,0.5820056566290219
AOI-0001,2014-08-09,0.3695497246162456
AOI-0001,2014-08-13,0.37030217805669213
AOI-0001,2014-10-03,0.21199906525580997
AOI-0001,2014-10-16,0.29843307757356263
AOI-0001,2015-04-13,0.4398136513234988
AOI-0001,2015-08-11,0.22116056725452693
AOI-0001,2015-08-12,0.2072741935191746
AOI-0001,2015-08-27,0.22554683342927262
AOI-0001,2015-09-20,0.18886153962550406
AOI-0001,2015-09-28,0.20091595351569624
AOI-0001,2016-06-27,0.29135405268256015
AOI-0001,2016-07-04,0.28835558185214866
AOI-0001,2016-07-20,0.32748855847108294
AOI-0001,2016-07-27,0.3662674931219905
AOI-0001,2016-08-29,0.3024265502744182
AOI-0001,2016-08-30,0.26181510434544775
AOI-0001,2016-09-15,0.4870606053108849
AOI-0001,2016-09-29,0.6905451638079482
AOI-0001,2017-05-12,0.7385711764275982
AOI-0001,2017-06-29,0.5681197686507039
AOI-0001,2017-07-12,0.46589008123793374
AOI-0001,2017-08-09,0.298600441647558
AOI-0001,2017-08-29,0.26408375227490233
AOI-0001,2017-09-08,0.217453575324563
AOI-0001,2017-09-14,0.27914752725578534
AOI-0001,2018-04-05,0.48814192310466065
AOI-0001,2018-04-23,0.7906967523656443
AOI-0001,2018-05-01,0.798635078710451
AOI-0001,2018-06-08,0.6982369449235616
AOI-0001,2018-07-12,0.28951792281575917
AOI-0001,2018-09-28,0.1741424203716054
AOI-0001,2018-10-13,0.17616727972334895
AOI-0001,2019-05-11,0.521281759222734
AOI-0001,2019-05-31,0.7147424685446389
AOI-0001,2019-06-04,0.7152394043999105
AOI-0001,2019-06-05,0.6947207464156309
AOI-0001,2019-06-25,0.37262524468962016
AOI-0001,2019-07-12,0.4461873526269807
AOI-0001,2019-07-22,0.410747934294992
AOI-0001,2019-07-29,0.4360760294647662
AOI-0001,2019-08-30,0.239807926811217
AOI-0001,2019-09-07,0.2493643341946321
AOI-0001,2019-09-08,0.2289611087198421
AOI-0001,2019-09-18,0.14895799906329138
AOI-0001,2020-04-03,0.5194100842973361
AOI-0001,2020-04-26,0.6957537240216378
AOI-0001,2020-05-30,0.8180361034411774
AOI-0001,2020-06-09,0.7655550816226167
AOI-0001,2020-07-14,0.15797705276051968
AOI-0001,2020-07-23,0.24620261057039144
AOI-0001,2020-07-27,0.2629059541723754
AOI-0001,2020-08-08,0.20199382144560815
AOI-0001,2020-09-01,0.3061972768474778
AOI-0001,2020-09-02,0.289354814363496
AOI-0001,2020-09-12,0.230957185779324
AOI-0001,2020-09-22,0.22589942164855842
AOI-0001,2020-09-29,0.25194927328823963
AOI-0001,2020-10-11,0.20487348641402306
AOI-0001,2020-10-12,0.17437001227611873
AOI-0001,2020-10-19,0.16981351844585063
AOI-0001,2021-05-15,0.513419140338547
AOI-0001,2021-05-20,0.5039535235308004
AOI-0001,2021-06-10,0.6620422394517845
AOI-0001,2021-07-02,0.6463575226970996
AOI-0001,2021-07-24,0.6425615653223549
AOI-0001,2021-09-17,0.21682995557505477
AOI-0001,2022-04-25,0.6535391715783248
AOI-0001,2022-06-03,0.7797470281823626
AOI-0001,2022-09-02,0.24792306448352275
AOI-0001,2022-09-30,0.267527803604653
AOI-0001,2022-10-01,0.2166356628046166
AOI-0001,2022-10-17,0.1884295595509804
AOI-0001,2023-05-25,0.8338030981890855
AOI-0001,2023-06-23,0.8185635986652201
AOI-0001,2023-07-15,0.2532528211518805
AOI-0001,2023-07-29,0.1866124157472951
AOI-0001,2023-08-03,0.223824252998229
AOI-0001,2023-08-08,0.20066133258016897
AOI-0001,2023-08-13,0.2739426066163324
AOI-0001,2023-08-17,0.24987272247447828
AOI-0001,2023-08-28,0.21483253864035717
AOI-0001,2023-08-29,0.29110949253415663
AOI-0001,2023-09-12,0.22247490230916528
AOI-0001,2024-04-06,0.7439385963631581
AOI-0001,2024-05-24,0.7763030962441397
AOI-0001,2024-06-01,0.7145402381515618
AOI-0001,2024-06-03,0.7023415267843551
AOI-0001,2024-06-09,0.6108517209992448
AOI-0001,2024-06-13,0.580361503100422
AOI-0001,2024-06-17,0.5766684519706017
AOI-0001,2024-06-23,0.3629611419108659
AOI-0001,2024-06-25,0.40128554085697343
AOI-0001,2024-07-03,0.28208626637769907
AOI-0001,2024-09-11,0.16004702536589865
AOI-0001,2024-09-13,0.217412609988183
AOI-0001,2024-09-16,0.15928573551110964
AOI-0001,2024-09-29,0.22356925915574866
AOI-0001,2025-04-23,0.4352408545811407
AOI-0001,2025-05-03,0.377333436956915
AOI-0001,2025-06-03,0.4395127451088259
AOI-0001,2025-06-27,0.6004925164943979
AOI-0001,2025-07-05,0.5495234656392933
AOI-0001,2025-07-12,0.46385918817729416
AOI-0001,2025-07-13,0.4173393079776221
AOI-0001,2025-07-23,0.40117718690055315
AOI-0001,2025-07-28,0.3739914040687581
AOI-0001,2025-07-29,0.3959921406370211
AOI-0001,2025-08-02,0.302821499731166
AOI-0001,2025-10-28,0.221204653301187
AOI-0002,2025-05-03,0.8263813174182916
AOI-0002,2025-06-03,0.5356192049890418
AOI-0002,2025-06-26,0.4436005609005882
AOI-0002,2025-07-29,0.24436971106481925
AOI-0002,2025-08-02,0.1788151205671421
AOI-0002,2025-08-13,0.2533410256734576
AOI-0002,2025-08-19,0.16951137463353297
AOI-0003,2025-04-01,0.5282437918170788
AOI-0003,2025-04-18,0.8477353109060346
AOI-0003,2025-04-19,0.8516910179031569
AOI-0003,2025-05-06,0.805261675469373
AOI-0003,2025-06-04,0.7517702087645608
AOI-0003,2025-06-13,0.5780116480485439
AOI-0003,2025-07-07,0.20605666688058566
AOI-0003,2025-07-13,0.1986102466487716
AOI-0003,2025-07-15,0.1809997130571854
AOI-0003,2025-08-04,0.2185023872779768
AOI-0003,2025-08-07,0.1696569947070136
AOI-0003,2025-08-14,0.19252685840905062
AOI-0003,2025-08-22,0.1568618081816955
AOI-0003,2025-08-23,0.1997264635886744
AOI-0004,2025-04-23,0.6775183757394548
AOI-0004,2025-05-04,0.6174910241004422
AOI-0004,2025-05-24,0.6753549840815832
AOI-0004,2025-05-25,0.7411859533925156
AOI-0004,2025-06-30,0.5921672669796546
AOI-0004,2025-07-12,0.4938776990903182
AOI-0004,2025-07-23,0.4743623801738385
AOI-0004,2025-08-02,0.4001171972285424
AOI-0004,2025-09-14,0.3759212488253346
AOI-0004,2025-09-23,0.3223316848500988
AOI-0005,2025-05-01,0.6503606011156713
AOI-0005,2025-05-03,0.6765491442039949
AOI-0005,2025-05-14,0.5218716651719597
AOI-0005,2025-06-11,0.6151034905552268
AOI-0005,2025-07-21,0.42765323953001155
AOI-0005,2025-08-17,0.3005257373381373
AOI-0005,2025-09-01,0.24430494892460528
AOI-0006,2025-04-01,0.20043365556849577
AOI-0006,2025-05-09,0.4206186193055944
AOI-0006,2025-05-25,0.5952006172755222
AOI-0006,2025-07-28,0.40451871566838515
AOI-0006,2025-08-09,0.278295060093655
AOI-0006,2025-08-22,0.2539417339815382
AOI-0006,2025-08-30,0.26238680967997746
AOI-0006,2025-09-07,0.20871389608468655
AOI-0006,2025-10-28,0.21446633179043506
AOI-0007,2025-04-01,0.1994441750051034
AOI-0007,2025-04-18,0.26565806199669284
AOI-0007,2025-04-29,0.34650289568323156
AOI-0007,2025-05-01,0.3678276472710137
AOI-0007,2025-06-26,0.35015788096258327
AOI-0007,2025-07-28,0.16347469425772532
AOI-0007,2025-08-13,0.23547206611919722
AOI-0007,2025-08-14,0.15382642035929253
AOI-0007,2025-08-16,0.17900677763717665
AOI-0007,2025-09-11,0.15753797454002644
AOI-0007,2025-09-26,0.1845852570842536
AOI-0008,2025-04-17,0.8749392213726255
AOI-0008,2025-04-24,0.7927991771534965
AOI-0008,2025-05-19,0.8024438475783192
AOI-0008,2025-07-08,0.22191188086573563
AOI-0008,2025-07-15,0.17427437313863617
AOI-0008,2025-07-17,0.19188719283387806
AOI-0008,2025-08-13,0.2480309151831083
AOI-0008,2025-09-01,0.14668759909960938
AOI-0008,2025-09-30,0.24666812166324273
AOI-0008,2025-10-16,0.248072335084891
AOI-0009,2025-04-01,0.7126219024561484
AOI-0009,2025-04-23,0.8047310612795507
AOI-0009,2025-05-04,0.8366321234422777
AOI-0009,2025-06-30,0.17879617805245668
AOI-0009,2025-07-05,0.1876447892056311
AOI-0009,2025-07-10,0.17228641522480131
AOI-0009,2025-07-25,0.17334750381822545
AOI-0009,2025-08-12,0.16537019500685413
AOI-0009,2025-08-17,0.17731776859269174
AOI-0009,2025-08-22,0.16172212647710982
AOI-0009,2025-08-24,0.15063970431100365
AOI-0009,2025-09-14,0.22593037272181332
AOI-0009,2025-09-16,0.1815962604105069
AOI-0009,2025-09-25,0.17707880208640736
AOI-0009,2025-10-03,0.20960255729072602
AOI-0010,2010-06-19,0.36205799510751285
AOI-0010,2010-08-06,0.23950453974553607
AOI-0010,2010-08-22,0.2048786787399655
AOI-0010,2011-06-14,0.5211538049577384
AOI-0010,2011-07-12,0.37200791448896897
AOI-0010,2011-08-09,0.26766111691599226
AOI-0010,2011-08-13,0.3431443863792392
AOI-0010,2011-09-10,0.23306786460151446
AOI-0010,2012-04-13,0.28182967352245775
AOI-0010,2012-08-03,0.2247985718741876
AOI-0010,2013-04-16,0.6905138076738604
AOI-0010,2013-05-25,0.6472525411755965
AOI-0010,2013-06-26,0.3454823824078407
AOI-0010,2013-07-12,0.32281676879172483
AOI-0010,2014-05-29,0.6640961888785276
AOI-0010,2014-06-06,0.5851627641081478
AOI-0010,2014-06-10,0.4760786289356279
AOI-0010,2014-08-29,0.2466085093672666
AOI-0010,2014-09-30,0.2746332343062208
AOI-0010,2015-04-07,0.3257861649282491
AOI-0010,2015-04-14,0.22028036756528185
AOI-0010,2015-05-25,0.36457441116319317
AOI-0010,2015-10-07,0.17509272175492888
AOI-0010,2016-07-27,0.3661786559496813
AOI-0010,2016-08-12,0.32184615612238276
AOI-0010,2016-09-13,0.2788517900399567
AOI-0010,2017-04-03,0.30560712796222766
AOI-0010,2017-04-07,0.5185618007858599
AOI-0010,2017-08-01,0.15203266817392178
AOI-0010,2017-08-04,0.16383905290340164
AOI-0010,2017-08-13,0.22815665841571825
AOI-0010,2017-08-29,0.2199633464894255
AOI-0010,2018-05-16,0.8245474351076578
AOI-0010,2018-07-28,0.26615081119997636
AOI-0010,2018-08-28,0.16535239045420255
AOI-0010,2018-09-14,0.2178225056518558
AOI-0010,2019-04-06,0.33623184314347654
AOI-0010,2019-04-28,0.7161821511532985
AOI-0010,2019-05-19,0.845022144299273
AOI-0010,2019-06-20,0.22007399587652487
AOI-0010,2019-06-26,0.2508230042517728
AOI-0010,2019-06-27,0.17299219194037999
AOI-0010,2019-07-20,0.16235708408746505
AOI-0010,2019-08-13,0.3038864844991776
AOI-0010,2019-08-19,0.16271524102280616
AOI-0010,2019-08-21,0.17009845167136622
AOI-0010,2019-09-23,0.16446332406213163
AOI-0010,2020-06-06,0.35503070106798623
AOI-0010,2020-06-09,0.40472701718766557
AOI-0010,2020-07-16,0.17898804960499592
AOI-0010,2020-07-19,0.15561862572008
AOI-0010,2020-07-26,0.1458499890673816
AOI-0010,2020-07-31,0.16005841791170933
AOI-0010,2020-09-09,0.17874857977967512
AOI-0010,2020-09-13,0.2415736441743778
AOI-0010,2020-09-19,0.10763445325295751
AOI-0010,2020-09-27,0.15061903365993068
AOI-0010,2021-05-05,0.32448186892722203
AOI-0010,2021-05-09,0.5024665231674206
AOI-0010,2021-07-28,0.30523255656815146
AOI-0010,2021-08-05,0.24059548882914894
AOI-0010,2021-09-04,0.31169593941138307
AOI-0010,2021-09-17,0.33376570833591124
AOI-0010,2021-10-27,0.36326020607805626
AOI-0010,2022-06-06,0.708275597044975
AOI-0010,2022-06-10,0.6362146743447364
AOI-0010,2022-06-11,0.6964475409097275
AOI-0010,2022-07-17,0.26786289856476886
AOI-0010,2022-07-28,0.34166177827617294
AOI-0010,2022-09-08,0.29359698754536384
AOI-0010,2023-04-02,0.44920135227009383
AOI-0010,2023-04-27,0.6535357859174309
AOI-0010,2023-06-08,0.7271504391655467
AOI-0010,2023-06-16,0.6038050009284379
AOI-0010,2023-08-23,0.23453336458155113
AOI-0010,2023-08-30,0.22910041982996737
AOI-0010,2023-09-19,0.2592156142376108
AOI-0010,2024-04-04,0.5862503913083378
AOI-0010,2024-04-26,0.7347123439327856
AOI-0010,2024-05-08,0.7594074303019053
AOI-0010,2024-05-21,0.7266730931996149
AOI-0010,2024-06-18,0.22598099475497221
AOI-0010,2024-06-20,0.20928095945008623
AOI-0010,2024-07-08,0.19081774758243641
AOI-0010,2024-07-15,0.16709830651545485
AOI-0010,2024-08-12,0.2288093889576494
AOI-0010,2024-09-06,0.18679448649198682
AOI-0010,2024-09-28,0.185832263658259
AOI-0010,2024-10-01,0.17968429392155788
AOI-0010,2024-10-15,0.2550193766795075
AOI-0010,2024-10-23,0.19200063690216398
AOI-0010,2025-04-16,0.38060847533490727
AOI-0010,2025-04-18,0.4128443608531084
AOI-0010,2025-05-09,0.7873883421246908
AOI-0010,2025-06-05,0.5264543545571534
AOI-0010,2025-06-07,0.47476605042785447
AOI-0010,2025-06-28,0.21180614187530375
AOI-0010,2025-07-05,0.17181140545839046
AOI-0010,2025-07-06,0.18928100354223673
AOI-0010,2025-07-07,0.17513104417609013
AOI-0010,2025-07-25,0.14468184488774605
AOI-0010,2025-07-30,0.15930805934358733
AOI-0010,2025-08-16,0.19945176184228136
AOI-0010,2025-08-27,0.16953750832868467
AOI-0010,2025-09-16,0.21616341039673964
AOI-0010,2025-09-30,0.30063251487566955
AOI-0010,2025-10-05,0.21277463987919892
AOI-0011,2025-04-07,0.6728661795761053
AOI-0011,2025-04-17,0.8009572324929202
AOI-0011,2025-04-23,0.8479918347576662
AOI-0011,2025-04-28,0.7808942656677632
AOI-0011,2025-05-24,0.8047249189808511
AOI-0011,2025-06-03,0.5806696206318958
AOI-0011,2025-07-12,0.306631137680748
AOI-0011,2025-08-06,0.2142794847224629
AOI-0011,2025-08-14,0.23377993298642114
AOI-0011,2025-08-19,0.20963493258774726
AOI-0011,2025-08-27,0.17077886729706293
AOI-0011,2025-09-30,0.25548816031434646
AOI-0011,2025-10-03,0.17377469423394468
AOI-0011,2025-10-05,0.16469217493715343
AOI-0012,2025-04-01,0.2384654247534953
AOI-0012,2025-04-28,0.4640006959797722
AOI-0012,2025-05-16,0.7162899021230016
AOI-0012,2025-06-03,0.6626443206895185
AOI-0012,2025-06-05,0.5703187028470946
AOI-0012,2025-06-15,0.3171181076680421
AOI-0012,2025-06-26,0.3144802368267149
AOI-0012,2025-07-10,0.1721082176140807
AOI-0012,2025-07-18,0.1407880871660118
AOI-0012,2025-07-30,0.15382732662954207
AOI-0013,2010-04-16,0.7049545706247701
AOI-0013,2010-06-10,0.48285378048206873
AOI-0013,2010-06-19,0.368579953815117
AOI-0013,2010-10-24,0.2172089268403072
AOI-0013,2011-04-18,0.23005409501082652
AOI-0013,2011-04-26,0.24394994679982554
AOI-0013,2012-05-08,0.5545059904566848
AOI-0013,2012-06-23,0.557928764822257
AOI-0013,2012-08-12,0.5010717181551096
AOI-0013,2013-04-16,0.28468763899462635
AOI-0013,2013-04-24,0.2880748889103566
AOI-0013,2013-05-02,0.3161756938026174
AOI-0013,2013-05-09,0.4680724785873299
AOI-0013,2013-06-11,0.4565472926432529
AOI-0013,2013-07-12,0.5455689565485549
AOI-0013,2013-07-28,0.4858693836424201
AOI-0013,2014-05-29,0.46832175637203377
AOI-0013,2014-06-10,0.4799092807652521
AOI-0013,2014-07-28,0.42957519340975336
AOI-0013,2014-08-01,0.3185192554910852
AOI-0013,2014-08-08,0.331666474821759
AOI-0013,2014-08-13,0.4346580254682507
AOI-0013,2015-05-09,0.5483769782311914
AOI-0013,2015-05-23,0.49710369796510334
AOI-0013,2015-07-12,0.5492035579211189
AOI-0013,2015-08-20,0.3685109751849502
AOI-0013,2015-10-07,0.3445675371530462
AOI-0013,2015-10-16,0.3944473686684985
AOI-0013,2016-05-09,0.47438018045609837
AOI-0013,2016-05-10,0.4616763054535966
AOI-0013,2016-08-12,0.6434069292197543
AOI-0013,2016-08-21,0.6708742241650978
AOI-0013,2016-09-13,0.641474372452866
AOI-0013,2016-10-09,0.5108958118613826
AOI-0013,2017-04-11,0.24634825087229692
AOI-0013,2017-04-28,0.35474484636642095
AOI-0013,2017-05-01,0.34959272557814236
AOI-0013,2017-05-21,0.6033295922270818
AOI-0013,2017-05-29,0.593082275364584
AOI-0013,2017-06-30,0.6659401324638983
AOI-0013,2017-07-27,0.4742507772512866
AOI-0013,2017-08-08,0.46943686865561013
AOI-0013,2017-08-24,0.4242590920342779
AOI-0013,2017-09-13,0.41990261519810496
AOI-0013,2017-09-17,0.4642687714406676
AOI-0013,2017-09-30,0.4663703472002352
AOI-0013,2018-05-25,0.5215590834333984
AOI-0013,2018-06-08,0.41267992482439586
AOI-0013,2018-06-15,0.34876626284641504
AOI-0013,2018-07-12,0.43310042278103345
AOI-0013,2018-08-13,0.4434755377009411
AOI-0013,2018-08-27,0.40558470573568817
AOI-0013,2018-09-28,0.38469734216822105
AOI-0013,2018-10-06,0.39154450772703187
AOI-0013,2019-04-01,0.25217815149519474
AOI-0013,2019-05-06,0.4205457620503754
AOI-0013,2019-06-02,0.3786617641226818
AOI-0013,2019-06-05,0.4278816812443804
AOI-0013,2019-06-12,0.46764240727650996
AOI-0013,2019-06-25,0.37548843921124675
AOI-0013,2019-07-17,0.43569711010452006
AOI-0013,2019-07-28,0.5718848701871238
AOI-0013,2019-08-24,0.436360328186723
AOI-0013,2019-08-31,0.484609149392361
AOI-0013,2019-09-08,0.4636073190193895
AOI-0013,2019-09-13,0.45536108499901917
AOI-0013,2019-10-02,0.4598498193689532
AOI-0013,2019-10-10,0.5376023433470546
AOI-0013,2019-10-17,0.46090927144038774
AOI-0013,2020-04-22,0.41620367901530775
AOI-0013,2020-05-12,0.372327343118644
AOI-0013,2020-06-24,0.46889193347793007
AOI-0013,2020-06-26,0.49053169819398856
AOI-0013,2020-08-12,0.4275294479003282
AOI-0013,2020-08-15,0.4160481014629729
AOI-0013,2020-08-16,0.4371213733049041
AOI-0013,2020-08-20,0.37008766012459127
AOI-0013,2020-10-27,0.2683896630573224
AOI-0013,2021-04-23,0.45917005402269895
AOI-0013,2021-06-10,0.6075153608807864
AOI-0013,2021-06-11,0.551136956084957
AOI-0013,2021-06-21,0.5121758066050188
AOI-0013,2021-07-12,0.5467823275148944
AOI-0013,2021-07-14,0.5163460887857756
AOI-0013,2021-08-20,0.4945381142336456
AOI-0013,2021-10-14,0.41109846830856317
AOI-0013,2021-10-16,0.464978390203919
AOI-0013,2022-04-02,0.4696741903081666
AOI-0013,2022-04-17,0.5598013820827705
AOI-0013,2022-04-24,0.5689129434824781
AOI-0013,2022-04-25,0.5710746944876575
AOI-0013,2022-06-10,0.5547574677202517
AOI-0013,2022-06-16,0.3901877611887622
AOI-0013,2022-06-26,0.5168878487603796
AOI-0013,2022-07-05,0.5403566571572054
AOI-0013,2022-07-17,0.5770233511218861
AOI-0013,2022-07-22,0.5559937291841989
AOI-0013,2022-08-14,0.582632171924083
AOI-0013,2022-09-14,0.46740784800396096
AOI-0013,2022-10-07,0.37332088197731694
AOI-0013,2022-10-14,0.3433594956768007
AOI-0013,2023-04-10,0.4519146248121094
AOI-0013,2023-06-21,0.5465556743857647
AOI-0013,2023-06-29,0.5529549984184365
AOI-0013,2023-07-06,0.47026246270690564
AOI-0013,2023-07-12,0.5293170755092895
AOI-0013,2023-07-24,0.5088449187005553
AOI-0013,2023-08-05,0.5103277031869484
AOI-0013,2023-08-20,0.5004574186904222
AOI-0013,2023-08-23,0.5124571379312282
AOI-0013,2023-08-26,0.4971371684169772
AOI-0013,2023-09-11,0.5101512163990229
AOI-0013,2023-09-14,0.524185826734952
AOI-0013,2023-09-24,0.4907186023295077
AOI-0013,2023-10-05,0.45019060280287937
AOI-0013,2023-10-14,0.3763130477814176
AOI-0013,2023-10-17,0.3401577316095639
AOI-0013,2023-10-19,0.35801619565176124
AOI-0013,2024-04-26,0.42764960995261814
AOI-0013,2024-05-04,0.48070796470178906
AOI-0013,2024-05-23,0.5254636040408536
AOI-0013,2024-05-24,0.5636959571611445
AOI-0013,2024-06-30,0.5236852780916248
AOI-0013,2024-07-02,0.5713561612254967
AOI-0013,2024-07-11,0.4907561449515643
AOI-0013,2024-07-26,0.40993583850743326
AOI-0013,2024-07-27,0.4354165968030953
AOI-0013,2024-08-09,0.5088085240138602
AOI-0013,2024-08-11,0.5607575276647915
AOI-0013,2024-09-03,0.47005984128400435
AOI-0013,2024-09-06,0.48379990091586894
AOI-0013,2024-09-26,0.43395544306026745
AOI-0013,2024-10-08,0.37082203962169735
AOI-0013,2025-04-01,0.45778028408592053
AOI-0013,2025-04-28,0.548510826953837
AOI-0013,2025-05-16,0.504430010741608
AOI-0013,2025-05-19,0.5107604457054793
AOI-0013,2025-05-24,0.5066783263377663
AOI-0013,2025-07-07,0.4847026333147245
AOI-0013,2025-07-08,0.47659114599901864
AOI-0013,2025-07-14,0.503326379422776
AOI-0013,2025-07-21,0.5259899564556836
AOI-0013,2025-07-27,0.5556826956892599
AOI-0013,2025-08-15,0.5167285382279193
AOI-0013,2025-09-03,0.44771000669151517
AOI-0013,2025-09-07,0.5166963762093052
AOI-0014,2010-04-07,0.5749992058490362
AOI-0014,2010-04-24,0.6950041429020832
AOI-0014,2010-06-10,0.7507766009431052
AOI-0014,2010-09-23,0.19839855573839782
AOI-0014,2011-04-19,0.21845069916400345
AOI-0014,2011-04-26,0.2254145780447574
AOI-0014,2011-05-09,0.6318881453345526
AOI-0014,2011-05-28,0.6570010746945107
AOI-0014,2011-06-14,0.7404550849738335
AOI-0014,2011-08-01,0.44060609125556477
AOI-0014,2011-09-14,0.2734567046220951
AOI-0014,2011-09-17,0.2123246991919776
AOI-0014,2011-10-27,0.2977251100501455
AOI-0014,2012-05-06,0.6648626208563095
AOI-0014,2012-06-25,0.3668276803676017
AOI-0014,2012-08-28,0.2873375005205183
AOI-0014,2012-09-04,0.20563266662256968
AOI-0014,2012-09-11,0.2167546172242905
AOI-0014,2012-09-27,0.19201391200021545
AOI-0014,2013-05-09,0.4131826670692025
AOI-0014,2013-06-11,0.5443856925712762
AOI-0014,2013-06-19,0.6421712637686894
AOI-0014,2013-07-28,0.695852524415432
AOI-0014,2013-09-14,0.3853787726686595
AOI-0014,2013-09-23,0.2376722820691694
AOI-0014,2014-06-26,0.4504821710524627
AOI-0014,2014-06-29,0.36733629052567773
AOI-0014,2014-08-17,0.2063097823276118
AOI-0014,2014-09-30,0.28995938067207333
AOI-0014,2014-10-27,0.2183035033491848
AOI-0014,2015-04-14,0.3630244234570983
AOI-0014,2015-06-16,0.6543606732544102
AOI-0014,2015-06-26,0.47792881164608225
AOI-0014,2015-07-12,0.455724253246695
AOI-0014,2015-07-27,0.3307610612910262
AOI-0014,2015-08-28,0.23239520589168816
AOI-0014,2016-04-22,0.3961174249952363
AOI-0014,2016-05-09,0.33483416966868035
AOI-0014,2016-06-03,0.6324532101376558
AOI-0014,2016-06-19,0.8372837484844143
AOI-0014,2016-08-13,0.48933524336332723
AOI-0014,2016-08-30,0.2979475652386394
AOI-0014,2017-04-26,0.7816863671030936
AOI-0014,2017-04-28,0.8109881824717069
AOI-0014,2017-05-21,0.8896535733841906
AOI-0014,2017-05-29,0.8768206677161625
AOI-0014,2017-07-23,0.2780038011977882
AOI-0014,2017-07-31,0.21769091796084641
AOI-0014,2017-08-06,0.14166890365318716
AOI-0014,2017-08-21,0.1459399540567737
AOI-0014,2017-09-10,0.17014653023446663
AOI-0014,2017-09-30,0.23912569841506182
AOI-0014,2017-10-08,0.16964552704630595
AOI-0014,2018-04-07,0.5614491708866065
AOI-0014,2018-05-03,0.7603039668005289
AOI-0014,2018-06-24,0.27792580174568493
AOI-0014,2018-07-18,0.23854437233562273
AOI-0014,2018-08-27,0.2118625224075667
AOI-0014,2018-10-06,0.2041961505673541
AOI-0014,2019-04-01,0.2671109135747696
AOI-0014,2019-04-21,0.18325650038437188
AOI-0014,2019-05-01,0.21078774390034463
AOI-0014,2019-05-09,0.5973612397621667
AOI-0014,2019-05-27,0.6900891515735295
AOI-0014,2019-05-28,0.6419713336281913
AOI-0014,2019-06-04,0.7729526575880067
AOI-0014,2019-06-11,0.8586016679824788
AOI-0014,2019-06-15,0.8514169762727187
AOI-0014,2019-06-22,0.7315510490943818
AOI-0014,2019-07-06,0.6350658399793434
AOI-0014,2019-08-14,0.3450833961440589
AOI-0014,2019-08-26,0.21491614394293104
AOI-0014,2020-04-06,0.6517642522028488
AOI-0014,2020-04-07,0.6856732487450843
AOI-0014,2020-04-17,0.6875721608633646
AOI-0014,2020-04-22,0.7260151825016575
AOI-0014,2020-04-25,0.7249049376650643
AOI-0014,2020-05-15,0.6698188537695638
AOI-0014,2020-05-17,0.6509999713395068
AOI-0014,2020-06-04,0.6982133168388922
AOI-0014,2020-06-25,0.3609017265823419
AOI-0014,2020-07-11,0.29182699252188776
AOI-0014,2020-07-27,0.26376133242646166
AOI-0014,2020-08-16,0.21081847003309806
AOI-0014,2020-09-09,0.15179765928724567
AOI-0014,2020-09-24,0.14640769725802572
AOI-0014,2021-04-07,0.45821201369958886
AOI-0014,2021-04-29,0.6918060619188091
AOI-0014,2021-05-25,0.8186193980868968
AOI-0014,2021-08-13,0.26523061462220476
AOI-0014,2021-08-18,0.14023762377760243
AOI-0014,2021-09-14,0.2035096023968974
AOI-0014,2021-10-12,0.1873452386248334
AOI-0014,2021-10-14,0.21524300712473254
AOI-0014,2022-05-15,0.2544532350367402
AOI-0014,2022-05-26,0.41099279695254
AOI-0014,2022-05-27,0.35195979973556385
AOI-0014,2022-06-24,0.7086515497576632
AOI-0014,2022-07-14,0.8007195896269649
AOI-0014,2022-07-24,0.7521419984194673
AOI-0014,2022-08-22,0.34532322645517205
AOI-0014,2022-08-29,0.2931805101641951
AOI-0014,2022-09-02,0.19864785127348772
AOI-0014,2022-09-08,0.22364842777628796
AOI-0014,2022-09-14,0.24194315958756876
AOI-0014,2023-06-07,0.8458001497956547
AOI-0014,2023-08-10,0.21219869571253025
AOI-0014,2024-04-04,0.6492329732645689
AOI-0014,2024-05-08,0.8372289873431856
AOI-0014,2024-05-09,0.8243614688155539
AOI-0014,2024-05-21,0.8191628041353474
AOI-0014,2024-05-23,0.8331674346477178
AOI-0014,2024-06-08,0.5483172500941716
AOI-0014,2024-07-25,0.15384426201717546
AOI-0014,2024-08-11,0.1961588583699902
AOI-0014,2024-09-01,0.15972332203761785
AOI-0014,2024-09-08,0.1393642991734157
AOI-0014,2024-09-11,0.1419797830934964
AOI-0014,2024-09-18,0.13876496465813715
AOI-0014,2024-09-29,0.215538425624665
AOI-0014,2024-10-07,0.1763299897828159
AOI-0014,2024-10-30,0.20546382344416694
AOI-0014,2025-04-23,0.39069977714922055
AOI-0014,2025-05-01,0.20079462459892594
AOI-0014,2025-05-27,0.4248808554056034
AOI-0014,2025-06-13,0.410941318953261
AOI-0014,2025-08-12,0.2689734651470373
AOI-0014,2025-08-15,0.31257803638325854
AOI-0014,2025-08-24,0.18160627871411048
AOI-0014,2025-09-11,0.1501495071101447
AOI-0014,2025-09-14,0.23418509923707448
AOI-0014,2025-09-23,0.1904734018768412
AOI-0014,2025-09-24,0.20715843907248782
AOI-0015,2025-05-04,0.34529699978670586
AOI-0015,2025-05-27,0.48606920172489726
AOI-0015,2025-06-07,0.42950674244860876
AOI-0015,2025-07-03,0.38068246933067407
AOI-0015,2025-07-05,0.3716710947262392
AOI-0015,2025-07-08,0.3150490309960577
AOI-0015,2025-07-13,0.25300744636589023
AOI-0015,2025-07-15,0.2270646852512883
AOI-0015,2025-07-18,0.2334553431129907
AOI-0015,2025-07-21,0.28761310463326295
AOI-0015,2025-07-23,0.23980295613728897
AOI-0015,2025-09-07,0.2056226798841258
AOI-0015,2025-10-13,0.1885199538048303
AOI-0015,2025-10-16,0.28295827122475536
AOI-0015,2025-10-18,0.21764982691431226
AOI-0016,2025-04-19,0.2416244714587407
AOI-0016,2025-05-25,0.5373494963142076
AOI-0016,2025-06-11,0.6179816412118387
AOI-0016,2025-06-26,0.7729176834207104
AOI-0016,2025-07-10,0.7936308108082871
AOI-0016,2025-07-17,0.749114180639169
AOI-0016,2025-07-18,0.7538617569897929
AOI-0016,2025-08-19,0.37041425861808935
AOI-0016,2025-08-29,0.3774973040707844
AOI-0016,2025-10-17,0.26037855056194187
AOI-0017,2010-06-10,0.5868712754348708
AOI-0017,2010-07-29,0.5805718327089959
AOI-0017,2010-09-23,0.3236474275307359
AOI-0017,2011-04-18,0.30775289818394247
AOI-0017,2011-09-17,0.5225395068905233
AOI-0017,2011-09-26,0.5139673887042426
AOI-0017,2011-09-30,0.5306700382297647
AOI-0017,2011-10-11,0.48421605887132424
AOI-0017,2011-10-27,0.47950770493461714
AOI-0017,2012-07-18,0.5917634973227943
AOI-0017,2012-07-27,0.5132937235949042
AOI-0017,2012-08-28,0.4711789654179895
AOI-0017,2012-09-29,0.4734113171564952
AOI-0017,2013-05-25,0.6626134752960094
AOI-0017,2013-07-12,0.5636448179502447
AOI-0017,2013-08-14,0.41641924917747214
AOI-0017,2013-09-14,0.6321595130104299
AOI-0017,2013-09-30,0.6331180485895036
AOI-0017,2013-10-09,0.6216297600244269
AOI-0017,2013-10-25,0.6062591860939944
AOI-0017,2014-04-23,0.6849435794584096
AOI-0017,2014-06-06,0.5748347863735611
AOI-0017,2014-07-24,0.4004177478943238
AOI-0017,2014-10-04,0.3692835401187953
AOI-0017,2015-04-23,0.5133771569004371
AOI-0017,2015-04-30,0.41923498782063495
AOI-0017,2015-07-11,0.6978094159704828
AOI-0017,2015-07-27,0.636330226699875
AOI-0017,2015-08-03,0.5900112620049854
AOI-0017,2015-08-29,0.46026426989861624
AOI-0017,2015-10-16,0.45445277004383233
AOI-0017,2016-04-06,0.5561249505446626
AOI-0017,2016-04-07,0.4349588137895347
AOI-0017,2016-06-18,0.6168881459991692
AOI-0017,2016-07-05,0.5465642878437295
AOI-0017,2016-07-27,0.5971131082916284
AOI-0017,2016-08-21,0.5717986311364932
AOI-0017,2016-09-15,0.5193707255680926
AOI-0017,2016-10-15,0.5378565118311065
AOI-0017,2016-10-17,0.4619820753146516
AOI-0017,2017-06-06,0.6496810812925757
AOI-0017,2017-07-31,0.6263970168297955
AOI-0017,2017-08-01,0.6148416729458517
AOI-0017,2017-09-02,0.5314213882611323
AOI-0017,2018-04-05,0.4536820603482814
AOI-0017,2018-05-09,0.6804084515835975
AOI-0017,2018-05-23,0.6586336054121076
AOI-0017,2018-06-20,0.5237038724813888
AOI-0017,2018-07-11,0.4446983766074323
AOI-0017,2018-07-12,0.5175048221483409
AOI-0017,2019-04-25,0.467091784321809
AOI-0017,2019-04-28,0.42526180476627073
AOI-0017,2019-05-13,0.5362035996645713
AOI-0017,2019-05-18,0.6206081811319699
AOI-0017,2019-05-28,0.6907865701408248
AOI-0017,2019-06-04,0.6587203306446427
AOI-0017,2019-06-12,0.7167034539254484
AOI-0017,2019-06-17,0.6579552193022338
AOI-0017,2019-07-17,0.6441973038843546
AOI-0017,2019-08-06,0.6248229301183899
AOI-0017,2019-08-11,0.5745968376206394
AOI-0017,2019-08-24,0.43001425931028425
AOI-0017,2019-08-29,0.535047875617381
AOI-0017,2019-08-31,0.4890063710860423
AOI-0017,2019-09-13,0.4490367871328784
AOI-0017,2020-04-25,0.31168039239858397
AOI-0017,2020-04-30,0.3448895048607648
AOI-0017,2020-05-08,0.6562821884504517
AOI-0017,2020-06-06,0.6282341663112055
AOI-0017,2020-06-26,0.5140738275912652
AOI-0017,2020-07-26,0.39531742882551146
AOI-0017,2020-08-18,0.43883488744307075
AOI-0017,2020-09-02,0.39106197824853467
AOI-0017,2020-09-04,0.3443060430889795
AOI-0017,2020-09-09,0.39133433789470773
AOI-0017,2020-09-10,0.3718854084045211
AOI-0017,2020-09-19,0.38401605639679387
AOI-0017,2020-10-12,0.3624737208072062
AOI-0017,2021-04-07,0.3825626959319714
AOI-0017,2021-05-20,0.5365036050212614
AOI-0017,2021-07-02,0.6794661706901084
AOI-0017,2021-08-29,0.5479418681857307
AOI-0017,2021-09-04,0.51826908871252
AOI-0017,2021-09-27,0.5151060206374715
AOI-0017,2021-10-06,0.3455716568212376
AOI-0017,2021-10-27,0.504455234541672
AOI-0017,2022-04-17,0.6096551776026755
AOI-0017,2022-04-23,0.678459312829505
AOI-0017,2022-05-26,0.7028603396720019
AOI-0017,2022-05-27,0.686813836919623
AOI-0017,2022-06-03,0.6474653013211737
AOI-0017,2022-06-11,0.5895733367822994
AOI-0017,2022-06-30,0.5961918593314991
AOI-0017,2022-07-12,0.5644352267515633
AOI-0017,2022-07-19,0.5585461176280775
AOI-0017,2022-07-24,0.5449231195505777
AOI-0017,2022-08-07,0.5545163841670058
AOI-0017,2022-08-14,0.5597503860426285
AOI-0017,2022-08-15,0.5202886882202569
AOI-0017,2022-08-23,0.5212135953894629
AOI-0017,2022-08-30,0.503176415102961
AOI-0017,2022-09-17,0.43580940446888555
AOI-0017,2022-10-19,0.5080217349906841
AOI-0017,2023-04-02,0.5009630213892557
AOI-0017,2023-05-06,0.6185821263768152
AOI-0017,2023-06-11,0.6376515764658927
AOI-0017,2023-06-19,0.6394258710351916
AOI-0017,2023-06-22,0.6488193779187323
AOI-0017,2023-07-24,0.6380048249108117
AOI-0017,2023-09-19,0.4799749520471485
AOI-0017,2023-10-12,0.27922275024558174
AOI-0017,2023-10-16,0.40394623086398385
AOI-0017,2023-10-21,0.2930989514197055
AOI-0017,2024-04-04,0.40299840896836314
AOI-0017,2024-06-05,0.2592290446697203
AOI-0017,2024-06-13,0.1881564979550042
AOI-0017,2024-06-28,0.21962473353929304
AOI-0017,2024-07-19,0.23657294474062218
AOI-0017,2024-08-22,0.18507539448110216
AOI-0017,2024-09-01,0.2421336097767839
AOI-0017,2024-09-21,0.2516622080608649
AOI-0017,2024-09-29,0.28475880333637515
AOI-0017,2024-10-08,0.18172072988051155
AOI-0017,2024-10-22,0.2252741364621325
AOI-0017,2025-05-04,0.8547936540752759
AOI-0017,2025-05-27,0.7679230697603054
AOI-0017,2025-06-07,0.6350175099156112
AOI-0017,2025-06-28,0.33842416571884903
AOI-0017,2025-07-07,0.289760995160526
AOI-0017,2025-08-23,0.21577246163813646
AOI-0017,2025-09-01,0.15177391761923756
AOI-0017,2025-10-02,0.255962333576281
AOI-0018,2025-04-19,0.803271580141369
AOI-0018,2025-05-27,0.6742985715543052
AOI-0018,2025-06-13,0.3083319576383832
AOI-0018,2025-06-15,0.3049713428647155
AOI-0018,2025-07-05,0.23362276095794376
AOI-0018,2025-07-07,0.25052679470361583
AOI-0018,2025-07-14,0.2924847967251435
AOI-0018,2025-07-21,0.30837391054330765
AOI-0018,2025-08-19,0.17559844581641373
AOI-0018,2025-08-27,0.17285500490401612
AOI-0018,2025-09-08,0.15506572748401645
AOI-0018,2025-09-24,0.23289871306242171
AOI-0018,2025-10-17,0.2511841841072736
AOI-0019,2025-04-14,0.48838867303687505
AOI-0019,2025-04-17,0.5438942579850518
AOI-0019,2025-04-28,0.5538688193075685
AOI-0019,2025-05-14,0.5669450133770401
AOI-0019,2025-05-25,0.6655430692032698
AOI-0019,2025-06-15,0.42161218471122786
AOI-0019,2025-06-27,0.4198037871138277
AOI-0019,2025-06-30,0.3357627132649368
AOI-0019,2025-07-10,0.3255521901552504
AOI-0019,2025-07-14,0.30169343661017045
AOI-0019,2025-08-14,0.3155835989718981
AOI-0019,2025-08-31,0.20021917765316943
AOI-0019,2025-09-15,0.2223139858965035
AOI-0019,2025-09-23,0.20887861343741393
AOI-0019,2025-09-24,0.22661014621003625
AOI-0019,2025-10-18,0.19222564610032558
AOI-0020,2025-04-18,0.2578500586252275
AOI-0020,2025-04-23,0.45639407356256223
AOI-0020,2025-05-03,0.4309077148077898
AOI-0020,2025-06-03,0.6277875060727519
AOI-0020,2025-06-11,0.4714859738098245
AOI-0020,2025-07-12,0.4305346879539137
AOI-0020,2025-07-21,0.33785741045649287
AOI-0020,2025-07-29,0.31249348739007987
AOI-0020,2025-07-30,0.28119532094331057
AOI-0020,2025-08-19,0.257669220960715
AOI-0020,2025-10-13,0.07001792425367631
AOI-0021,2025-04-28,0.410827341257874
AOI-0021,2025-05-27,0.5677930903755894
AOI-0021,2025-06-03,0.5873895944423437
AOI-0021,2025-07-06,0.3671147034051134
AOI-0021,2025-07-18,0.3313781173966392
AOI-0021,2025-07-29,0.32566631808739605
AOI-0021,2025-08-07,0.2595675836594158
AOI-0021,2025-08-22,0.23727286788272073
AOI-0021,2025-08-30,0.2634290377764166
AOI-0021,2025-09-15,0.2255418166997804
AOI-0021,2025-09-24,0.2518676168919895
AOI-0021,2025-10-03,0.1963602711723945
AOI-0022,2025-04-01,0.5091024718851506
AOI-0022,2025-05-03,0.8489063916385341
AOI-0022,2025-05-06,0.7641400115204418
AOI-0022,2025-05-25,0.8192651537348306
AOI-0022,2025-05-28,0.8105887659895972
AOI-0022,2025-07-08,0.21149557752411713
AOI-0022,2025-07-17,0.1613612837584915
AOI-0022,2025-07-21,0.18507944195588943
AOI-0022,2025-08-27,0.15376081684898926
AOI-0022,2025-08-31,0.16003695903904677
AOI-0022,2025-09-23,0.17394582138308712
AOI-0022,2025-09-24,0.19390072183861112
AOI-0022,2025-09-30,0.24308513056890152
AOI-0023,2025-04-16,0.20304440578266766
AOI-0023,2025-04-17,0.2431694572002127
AOI-0023,2025-04-24,0.19306337932731632
AOI-0023,2025-05-01,0.16759650641274906
AOI-0023,2025-05-04,0.22936233881821735
AOI-0023,2025-06-27,0.7661857062784145
AOI-0023,2025-07-05,0.7154714770763874
AOI-0023,2025-07-14,0.3865169818807241
AOI-0023,2025-07-15,0.3499523765364695
AOI-0023,2025-08-14,0.16029955306511406
AOI-0023,2025-08-22,0.14389194255793258
AOI-0023,2025-08-30,0.19335787278666833
AOI-0023,2025-09-21,0.15319071178689803
AOI-0023,2025-09-23,0.16544957529928578
AOI-0023,2025-10-17,0.23640083630640693
AOI-0024,2025-04-07,0.32705496815663493
AOI-0024,2025-04-23,0.33491483456636056
AOI-0024,2025-05-25,0.45068836718986954
AOI-0024,2025-05-28,0.2621500324388098
AOI-0024,2025-06-05,0.3118272102622003
AOI-0024,2025-07-03,0.5920183266800628
AOI-0024,2025-07-21,0.36587078234999815
AOI-0024,2025-07-25,0.3545656519537072
AOI-0024,2025-08-06,0.32876280013520903
AOI-0024,2025-08-09,0.2948223258394269
AOI-0024,2025-09-14,0.2761922389084776
AOI-0024,2025-09-21,0.19533245650843284
AOI-0024,2025-09-30,0.23061073615178812
AOI-0024,2025-10-02,0.1745114997705341
AOI-0024,2025-10-18,0.16506758161601343
AOI-0025,2025-04-14,0.1706611608285783
AOI-0025,2025-04-23,0.34533877908241367
AOI-0025,2025-04-24,0.2111088771069793
AOI-0025,2025-04-29,0.2235290088612723
AOI-0025,2025-05-09,0.31575304104493934
AOI-0025,2025-06-03,0.1894838334115044
AOI-0025,2025-06-13,0.22665251181680202
AOI-0025,2025-06-27,0.15714222033059505
AOI-0025,2025-07-21,0.18519812162698063
AOI-0025,2025-08-07,0.14879042508010035
AOI-0025,2025-08-30,0.20419768511913883
AOI-0025,2025-09-07,0.19754129079608534
AOI-0025,2025-09-14,0.2439150043474287
AOI-0025,2025-10-17,0.444934469608424
AOI-0026,2025-04-07,0.6812334066046378
AOI-0026,2025-04-24,0.8233208485784242
AOI-0026,2025-05-09,0.9101675903571277
AOI-0026,2025-06-13,0.6245804926913583
AOI-0026,2025-07-08,0.253756866341617
AOI-0026,2025-07-10,0.25417770843290105
AOI-0026,2025-07-12,0.2750595496790028
AOI-0026,2025-07-13,0.2427500431146636
AOI-0026,2025-07-18,0.19045790876775723
AOI-0026,2025-07-30,0.14745894565040107
AOI-0026,2025-08-19,0.12449854775560235
AOI-0026,2025-09-08,0.13397060541496564
AOI-0026,2025-09-23,0.1555811517541598
AOI-0026,2025-09-30,0.3367485470782624
AOI-0027,2025-04-16,0.7432577076072583
AOI-0027,2025-04-24,0.7501404242401389
AOI-0027,2025-06-13,0.46358780062355753
AOI-0027,2025-06-27,0.3843403937547934
AOI-0027,2025-07-05,0.3126783430811496
AOI-0027,2025-07-12,0.3729608314699631
AOI-0027,2025-07-13,0.2464954049931362
AOI-0027,2025-07-23,0.21397402378303976
AOI-0027,2025-07-29,0.3057837154768077
AOI-0027,2025-08-19,0.27353143284685555
AOI-0027,2025-08-30,0.2686549631185683
AOI-0027,2025-09-16,0.25418376088738576
AOI-0027,2025-10-16,0.5672586991721547
AOI-0028,2010-04-07,0.749254181907849
AOI-0028,2010-04-15,0.7428901515363859
AOI-0028,2010-10-24,0.184114494937817
AOI-0028,2011-05-25,0.538039503771023
AOI-0028,2011-07-28,0.6133967148205075
AOI-0028,2011-08-08,0.5939081100506054
AOI-0028,2011-10-11,0.2365350163751294
AOI-0028,2012-04-22,0.7655959556783822
AOI-0028,2012-09-27,0.16943706930268776
AOI-0028,2012-10-15,0.23540638033417716
AOI-0028,2013-04-07,0.26818705132223597
AOI-0028,2013-06-10,0.3366296547569078
AOI-0028,2013-06-26,0.3007721863874572
AOI-0028,2013-08-29,0.28861974613436375
AOI-0028,2014-04-07,0.6738047361348539
AOI-0028,2014-05-04,0.9191037752388167
AOI-0028,2014-07-28,0.2702060445161002
AOI-0028,2014-10-11,0.1823661674029303
AOI-0028,2015-04-13,0.20351743889426796
AOI-0028,2015-08-27,0.3657138549046829
AOI-0028,2015-09-28,0.17658585411866637
AOI-0028,2016-04-07,0.6912439697841946
AOI-0028,2016-04-23,0.7575685254755818
AOI-0028,2016-06-09,0.6484367549002402
AOI-0028,2016-06-10,0.6295302715016251
AOI-0028,2016-06-25,0.3317738245045377
AOI-0028,2016-07-27,0.31446210964292104
AOI-0028,2016-09-06,0.18356823249080906
AOI-0028,2017-04-26,0.27782240592915314
AOI-0028,2017-07-23,0.22958794345540096
AOI-0028,2017-08-09,0.16412576482652175
AOI-0028,2017-08-13,0.25288184905751643
AOI-0028,2017-08-29,0.22626570643339344
AOI-0028,2017-09-17,0.22594588376832656
AOI-0028,2018-05-11,0.8327215382384497
AOI-0028,2018-08-19,0.2009727592861443
AOI-0028,2018-08-29,0.22675404536095506
AOI-0028,2018-09-12,0.21376990945025734
AOI-0028,2018-10-08,0.15429969990346618
AOI-0028,2019-04-06,0.13489821535113145
AOI-0028,2019-05-02,0.28627328677980435
AOI-0028,2019-05-25,0.37837158818834893
AOI-0028,2019-06-27,0.18436368834664843
AOI-0028,2019-08-09,0.20557033537867936
AOI-0028,2019-08-24,0.14900764544255485
AOI-0028,2019-10-17,0.5344961582000783
AOI-0028,2020-04-25,0.8076731861601493
AOI-0028,2020-05-04,0.8767534749955366
AOI-0028,2020-05-08,0.8409622706662239
AOI-0028,2020-05-30,0.843547398041027
AOI-0028,2020-07-14,0.1803053991631405
AOI-0028,2020-08-03,0.141069916045861
AOI-0028,2020-08-08,0.16185532915883694
AOI-0028,2020-09-02,0.15489693333123133
AOI-0028,2020-09-13,0.2088766202704564
AOI-0028,2021-06-14,0.6878229632868048
AOI-0028,2021-06-16,0.7211388867613839
AOI-0028,2021-06-24,0.8183129912134597
AOI-0028,2021-06-26,0.8662226152340238
AOI-0028,2021-07-24,0.7386489964852745
AOI-0028,2021-10-27,0.252683367774333
AOI-0028,2022-04-07,0.6957963415769491
AOI-0028,2022-04-23,0.874418319775039
AOI-0028,2022-06-09,0.8912698640153711
AOI-0028,2022-06-29,0.35514137976596677
AOI-0028,2022-07-28,0.2173063613199689
AOI-0028,2022-08-03,0.12627515011661247
AOI-0028,2022-08-08,0.1347069523638371
AOI-0028,2022-08-30,0.14513258292563663
AOI-0028,2022-10-01,0.2135210401317841
AOI-0028,2023-04-07,0.32233278042131835
AOI-0028,2023-04-11,0.2116721039721302
AOI-0028,2023-05-05,0.23292877411918628
AOI-0028,2023-05-09,0.48516946762447455
AOI-0028,2023-06-09,0.2366517639796969
AOI-0028,2023-08-06,0.19242362260231222
AOI-0028,2023-08-23,0.1498697565170407
AOI-0028,2023-08-29,0.216767103374023
AOI-0028,2023-09-22,0.17042438649773456
AOI-0028,2023-09-24,0.17275031437303945
AOI-0028,2023-09-30,0.3277062087782024
AOI-0028,2024-05-07,0.8856722700347759
AOI-0028,2024-05-23,0.8265491772498749
AOI-0028,2024-05-24,0.7912700314897783
AOI-0028,2024-07-27,0.20529873852246205
AOI-0028,2024-08-03,0.16417772275132375
AOI-0028,2024-08-12,0.19268872614853222
AOI-0028,2024-09-11,0.1274204552115329
AOI-0028,2024-09-16,0.1332984722677626
AOI-0028,2025-04-07,0.398211897554541
AOI-0028,2025-05-24,0.6041056207782742
AOI-0028,2025-05-31,0.6301061645919463
AOI-0028,2025-06-11,0.666187291859605
AOI-0028,2025-06-26,0.5561945137474732
AOI-0028,2025-06-27,0.5179365225111148
AOI-0028,2025-07-10,0.27959836819126704
AOI-0028,2025-07-13,0.25206319930997023
AOI-0028,2025-07-23,0.16869201182242935
AOI-0028,2025-08-13,0.23220397101873097
AOI-0028,2025-09-08,0.13731864452383488
AOI-0028,2025-09-11,0.1295904000715793
AOI-0028,2025-10-16,0.2629221289373824
AOI-0028,2025-10-28,0.23378413551788305
AOI-0029,2025-04-04,0.5349128889457733
AOI-0029,2025-04-24,0.8025184587057818
AOI-0029,2025-06-08,0.6993585887868075
AOI-0029,2025-06-10,0.6225694123668674
AOI-0029,2025-06-11,0.6643722028586091
AOI-0029,2025-06-13,0.6255394285023379
AOI-0029,2025-07-29,0.1737632873869705
AOI-0029,2025-08-02,0.12247386642759592
AOI-0029,2025-08-19,0.12368027527771651
AOI-0029,2025-09-11,0.12866429792271386
AOI-0029,2025-09-16,0.14981893488525083
AOI-0030,2025-04-21,0.5258205790355743
AOI-0030,2025-04-24,0.5960933204690486
AOI-0030,2025-06-10,0.7185791714840399
AOI-0030,2025-08-07,0.6278627011743076
AOI-0031,2010-06-04,0.5612750727648663
AOI-0031,2010-09-14,0.189195483779584
AOI-0031,2011-04-23,0.3140176994297133
AOI-0031,2011-06-10,0.49028206153350645
AOI-0031,2011-07-09,0.2293159413431739
AOI-0031,2011-08-11,0.2131263077527983
AOI-0031,2011-08-18,0.1922492750103224
AOI-0031,2011-08-19,0.1801822828043148
AOI-0031,2011-09-19,0.220632860934541
AOI-0031,2012-04-06,0.2605736272606096
AOI-0031,2012-04-15,0.16968392357721873
AOI-0031,2013-04-07,0.5523582214415007
AOI-0031,2013-05-09,0.6319327010875986
AOI-0031,2013-05-12,0.5891120493615271
AOI-0031,2013-05-25,0.5020883585003493
AOI-0031,2013-06-12,0.2502659845299532
AOI-0031,2013-06-28,0.19643565637536872
AOI-0031,2013-07-23,0.20953141841510553
AOI-0031,2013-08-13,0.26838761902930525
AOI-0031,2013-10-16,0.32127240583671407
AOI-0031,2014-05-23,0.35416950210307724
AOI-0031,2014-06-23,0.27557008804374444
AOI-0031,2014-07-17,0.14385374302982845
AOI-0031,2014-07-28,0.1990458642829158
AOI-0031,2014-08-02,0.14547121806175356
AOI-0031,2014-08-13,0.19543372342607557
AOI-0031,2014-10-14,0.15918713126029474
AOI-0031,2015-09-22,0.20395748624767354
AOI-0031,2015-10-16,0.2118613972752707
AOI-0031,2016-04-01,0.2501551008577778
AOI-0031,2016-04-17,0.4018443883817717
AOI-0031,2016-04-22,0.6143992808915425
AOI-0031,2016-05-03,0.5993216412454485
AOI-0031,2016-05-24,0.7077941139465918
AOI-0031,2016-06-09,0.586748867464564
AOI-0031,2016-06-12,0.5686373709369905
AOI-0031,2016-06-20,0.34645845880407433
AOI-0031,2016-06-25,0.3195458099486314
AOI-0031,2016-07-30,0.22861438269959836
AOI-0031,2017-05-06,0.7365232644416819
AOI-0031,2017-06-07,0.713953583158864
AOI-0031,2017-08-03,0.184625829281994
AOI-0031,2017-08-13,0.19837328092568873
AOI-0031,2017-09-04,0.1651039332358138
AOI-0031,2017-09-22,0.2682970287419772
AOI-0031,2018-04-23,0.5982742289797649
AOI-0031,2018-05-02,0.6762343181147092
AOI-0031,2018-05-18,0.6231490379524547
AOI-0031,2018-06-03,0.30430216820501504
AOI-0031,2018-06-10,0.33272135306375733
AOI-0031,2018-06-11,0.2634247123347197
AOI-0031,2018-07-13,0.25400422631098063
AOI-0031,2018-09-06,0.200850843226285
AOI-0031,2018-09-14,0.21596756224869332
AOI-0031,2018-10-07,0.165992221214086
AOI-0031,2018-10-12,0.20298440648519928
AOI-0031,2019-04-10,0.5001555317630666
AOI-0031,2019-06-14,0.21394592125521633
AOI-0031,2019-06-22,0.14076970013592083
AOI-0031,2019-07-09,0.15639657908545693
AOI-0031,2019-07-23,0.2679223808019697
AOI-0031,2019-08-08,0.4266595727069176
AOI-0031,2019-08-31,0.21496648725989842
AOI-0031,2019-09-17,0.16907653637339026
AOI-0031,2019-10-03,0.2690030234056247
AOI-0031,2019-10-10,0.3418021940056745
AOI-0031,2019-10-12,0.22633103321940515
AOI-0031,2019-10-22,0.5178439111675435
AOI-0031,2020-04-13,0.4559108919682024
AOI-0031,2020-06-01,0.49784630373553934
AOI-0031,2020-06-06,0.5238997830153287
AOI-0031,2020-07-11,0.16174185331344185
AOI-0031,2020-07-18,0.1264841291896168
AOI-0031,2020-07-28,0.1220625944090753
AOI-0031,2020-08-07,0.13470528730413092
AOI-0031,2020-08-17,0.13970212811150243
AOI-0031,2020-08-22,0.1271138854424308
AOI-0031,2020-09-27,0.13498019932359498
AOI-0031,2020-10-13,0.10998244540651501
AOI-0031,2020-10-19,0.07716781731184971
AOI-0031,2020-10-21,0.13714990973765478
AOI-0031,2021-04-07,0.24358660279053435
AOI-0031,2021-05-17,0.28419018563206855
AOI-0031,2021-06-11,0.14279205212977703
AOI-0031,2021-07-01,0.13702744131788094
AOI-0031,2021-07-16,0.13165766620619726
AOI-0031,2021-07-21,0.11847337448344605
AOI-0031,2021-08-06,0.15147544212635491
AOI-0031,2021-08-25,0.11913622619149745
AOI-0031,2021-08-30,0.11982166654236087
AOI-0031,2022-05-14,0.8300214281311327
AOI-0031,2022-06-10,0.7016959401405851
AOI-0031,2022-06-11,0.7294897479170875
AOI-0031,2022-06-20,0.44278410121977096
AOI-0031,2022-06-21,0.4171727606440826
AOI-0031,2022-07-08,0.16729818843180466
AOI-0031,2022-07-12,0.2114456780274191
AOI-0031,2022-09-08,0.12267804162421929
AOI-0031,2022-09-09,0.11386065049577976
AOI-0031,2022-09-10,0.13017798906629813
AOI-0031,2022-09-11,0.12781712513498966
AOI-0031,2022-09-26,0.130379128767417
AOI-0031,2022-09-29,0.13307389524852176
AOI-0031,2023-04-04,0.32428462070620473
AOI-0031,2023-04-27,0.37838788824347486
AOI-0031,2023-05-17,0.4361123611075207
AOI-0031,2023-06-17,0.294534541724014
AOI-0031,2023-06-23,0.2667141175627373
AOI-0031,2023-06-26,0.3071600620179451
AOI-0031,2023-07-11,0.2823737653147452
AOI-0031,2023-08-15,0.22000142052576352
AOI-0031,2023-09-19,0.18166440811117168
AOI-0031,2023-09-20,0.2139988984312293
AOI-0031,2023-09-30,0.23567531031501782
AOI-0031,2023-10-15,0.18489894138989857
AOI-0031,2023-10-24,0.18907624225482794
AOI-0031,2024-05-03,0.20891633444864077
AOI-0031,2024-06-02,0.19204399662754054
AOI-0031,2024-07-02,0.15923093066011612
AOI-0031,2024-07-10,0.11601949493503547
AOI-0031,2024-07-13,0.13715853530362032
AOI-0031,2024-08-09,0.11601446243837979
AOI-0031,2024-08-16,0.1447375887539759
AOI-0031,2024-08-26,0.14598261862397227
AOI-0031,2025-04-19,0.4879404672933222
AOI-0031,2025-04-23,0.5975175199433999
AOI-0031,2025-06-21,0.4571709228909814
AOI-0031,2025-07-12,0.23792887817661318
AOI-0031,2025-07-15,0.19777296626114454
AOI-0031,2025-08-06,0.17248796753268622
AOI-0031,2025-08-09,0.13526229199379447
AOI-0031,2025-09-08,0.12650800325220812
AOI-0031,2025-09-15,0.1607797962475549
AOI-0031,2025-09-17,0.14893723533723757
AOI-0031,2025-10-02,0.20767571223283204
AOI-0031,2025-10-22,0.2599119643021366
AOI-0032,2010-06-04,0.2697245142224721
AOI-0032,2010-06-10,0.2714944715806171
AOI-0032,2010-06-20,0.1990637596114325
AOI-0032,2010-07-12,0.20747333250655609
AOI-0032,2010-08-16,0.13780435979898317
AOI-0032,2010-09-14,0.18279850560690072
AOI-0032,2010-09-30,0.2161764071127104
AOI-0032,2011-07-12,0.2881770842157252
AOI-0032,2011-08-29,0.28292852762473525
AOI-0032,2011-09-11,0.16930310931615603
AOI-0032,2011-09-28,0.1870116731882283
AOI-0032,2012-04-06,0.27901926897495416
AOI-0032,2012-05-01,0.32739650465776504
AOI-0032,2012-06-25,0.3150148304582059
AOI-0032,2012-10-08,0.13147250264486715
AOI-0032,2013-05-19,0.4705864997047119
AOI-0032,2013-05-20,0.4545220245936081
AOI-0032,2013-06-10,0.33873569357366673
AOI-0032,2013-06-12,0.2906903330390561
AOI-0032,2013-06-13,0.28458733559679567
AOI-0032,2013-07-22,0.32176148941233507
AOI-0032,2013-07-30,0.33520349523225634
AOI-0032,2013-08-13,0.289557177750479
AOI-0032,2013-08-29,0.24896704949419318
AOI-0032,2013-09-14,0.2561716343580229
AOI-0032,2014-06-16,0.25296345361566386
AOI-0032,2014-06-26,0.23781420631292124
AOI-0032,2014-07-12,0.18640292314000226
AOI-0032,2014-09-03,0.13961991183290784
AOI-0032,2015-04-23,0.2637665762963672
AOI-0032,2015-06-18,0.49263143209438814
AOI-0032,2015-07-13,0.2888954056773834
AOI-0032,2015-09-15,0.17172238825695108
AOI-0032,2015-09-23,0.18135373033277805
AOI-0032,2015-09-30,0.21213538833418608
AOI-0032,2016-04-06,0.2534207867553382
AOI-0032,2016-04-10,0.17449794770489233
AOI-0032,2016-05-03,0.25009241143983446
AOI-0032,2016-06-09,0.3645347538660276
AOI-0032,2016-06-28,0.20491701991288916
AOI-0032,2016-07-15,0.16715170904640328
AOI-0032,2016-07-30,0.1882187075028814
AOI-0032,2016-08-16,0.1600792557753396
AOI-0032,2016-09-09,0.15807981298363455
AOI-0032,2016-10-18,0.3710465557727748
AOI-0032,2017-04-04,0.41869851682810283
AOI-0032,2017-04-28,0.7049540136101853
AOI-0032,2017-05-09,0.7740463120164358
AOI-0032,2017-07-02,0.22666927560960023
AOI-0032,2017-08-02,0.16489468399623938
AOI-0032,2017-08-11,0.12069264195289348
AOI-0032,2017-08-19,0.13482750893706755
AOI-0032,2017-08-27,0.17751738241699624
AOI-0032,2017-09-03,0.14734507506816885
AOI-0032,2017-09-12,0.16110715711814194
AOI-0032,2018-04-15,0.18488075362989742
AOI-0032,2018-06-10,0.22060792443925462
AOI-0032,2018-06-19,0.135518939763388
AOI-0032,2018-09-14,0.19444062617868504
AOI-0032,2018-09-23,0.15954510179364362
AOI-0032,2018-09-30,0.2178257136860852
AOI-0032,2018-10-07,0.160620791714676
AOI-0032,2018-10-12,0.2458958044662402
AOI-0032,2019-04-26,0.7128702534174123
AOI-0032,2019-04-28,0.6923840761464043
AOI-0032,2019-05-18,0.8182111846250756
AOI-0032,2019-05-20,0.8072893010811953
AOI-0032,2019-05-30,0.6634958162722514
AOI-0032,2019-06-14,0.31438038222489467
AOI-0032,2019-06-19,0.18152867141319712
AOI-0032,2019-07-23,0.16356895198765456
AOI-0032,2019-09-25,0.12806281919484028
AOI-0032,2019-10-05,0.15315544004110962
AOI-0032,2019-10-11,0.2183784755439674
AOI-0032,2019-10-25,0.37198979419887085
AOI-0032,2019-10-28,0.3520723010613399
AOI-0032,2020-05-27,0.42844245075718473
AOI-0032,2020-05-30,0.38663410699257766
AOI-0032,2020-06-24,0.21328769286428534
AOI-0032,2020-06-26,0.17561485596037008
AOI-0032,2020-08-05,0.1295324465367336
AOI-0032,2020-08-07,0.12930549175056968
AOI-0032,2020-09-13,0.15996958388101104
AOI-0032,2020-09-28,0.1211750017346659
AOI-0032,2020-09-29,0.17339845344179103
AOI-0032,2020-10-05,0.11690449400405223
AOI-0032,2020-10-06,0.12355534500175479
AOI-0032,2020-10-24,0.149817237973369
AOI-0032,2021-04-04,0.0599089123387023
AOI-0032,2021-04-23,0.26608080791488087
AOI-0032,2021-05-01,0.25892448422792524
AOI-0032,2021-05-25,0.2871862050525973
AOI-0032,2021-06-18,0.1623838011601877
AOI-0032,2021-07-01,0.14563973061592334
AOI-0032,2021-07-18,0.14708949649859754
AOI-0032,2021-09-06,0.1699101098608263
AOI-0032,2021-09-15,0.1566063003243322
AOI-0032,2021-10-08,0.32990386445614317
AOI-0032,2022-04-26,0.7640927567144692
AOI-0032,2022-05-09,0.8407079157860264
AOI-0032,2022-05-13,0.8495794784669203
AOI-0032,2022-05-29,0.8411428901036333
AOI-0032,2022-06-06,0.7368970581878267
AOI-0032,2022-06-13,0.6013823650752933
AOI-0032,2022-06-30,0.3188774908163373
AOI-0032,2022-08-01,0.14170837302306172
AOI-0032,2022-08-02,0.09600291477891955
AOI-0032,2022-08-15,0.09461179320164267
AOI-0032,2022-08-24,0.14062626976413117
AOI-0032,2022-08-29,0.16186803276037676
AOI-0032,2022-09-11,0.1351373213390418
AOI-0032,2023-04-07,0.27734566863337085
AOI-0032,2023-04-12,0.17946017806432163
AOI-0032,2023-05-12,0.22687894657862842
AOI-0032,2023-05-15,0.21915711173531266
AOI-0032,2023-05-24,0.31523002122610555
AOI-0032,2023-06-06,0.40424300638964644
AOI-0032,2023-06-18,0.5434746361110616
AOI-0032,2023-07-26,0.2818253361330574
AOI-0032,2023-07-28,0.31652848834447544
AOI-0032,2023-08-08,0.23435330853156675
AOI-0032,2023-09-01,0.2279228904394669
AOI-0032,2023-09-11,0.21747088619410654
AOI-0032,2023-09-24,0.18145180652262355
AOI-0032,2024-04-07,0.22004429446684073
AOI-0032,2024-05-06,0.19631976072932159
AOI-0032,2024-06-03,0.21474366505136283
AOI-0032,2024-07-12,0.13377625021515627
AOI-0032,2024-07-25,0.14242592527720216
AOI-0032,2024-07-30,0.13678815816570336
AOI-0032,2024-08-22,0.1495885912306842
AOI-0032,2024-08-30,0.15289343764006597
AOI-0032,2024-09-13,0.15927901031685615
AOI-0032,2024-09-18,0.14075390286418976
AOI-0032,2024-10-05,0.1264373170654556
AOI-0032,2024-10-15,0.22045577148694678
AOI-0032,2024-10-23,0.12779787095343814
AOI-0032,2025-05-06,0.7305499059478187
AOI-0032,2025-05-28,0.7109275485917332
AOI-0032,2025-06-30,0.2823719823938459
AOI-0032,2025-07-07,0.20547304521724974
AOI-0032,2025-07-10,0.1821940858626946
AOI-0032,2025-08-13,0.189430357818049
AOI-0032,2025-08-16,0.13974655543441888
AOI-0032,2025-08-24,0.15073373068406556
AOI-0032,2025-08-31,0.15827996751047071
AOI-0032,2025-09-03,0.13104653408471156
AOI-0032,2025-10-08,0.15853283254724826
AOI-0033,2025-04-28,0.17383162349419432
AOI-0033,2025-05-20,0.3481175764364307
AOI-0033,2025-06-10,0.6724927449670413
AOI-0033,2025-06-22,0.7236095532224723
AOI-0033,2025-07-05,0.4801036031727492
AOI-0033,2025-07-10,0.3156084512034852
AOI-0033,2025-09-15,0.2862513886904462
AOI-0034,2025-04-25,0.2069136993884866
AOI-0034,2025-05-06,0.18238420255959437
AOI-0034,2025-05-09,0.2984456205644117
AOI-0034,2025-06-10,0.22854914192390643
AOI-0034,2025-06-15,0.17370559059102886
AOI-0034,2025-06-21,0.20663971142248522
AOI-0034,2025-07-07,0.12013371741584533
AOI-0034,2025-07-10,0.13733917001505686
AOI-0034,2025-07-16,0.17119527200258658
AOI-0034,2025-08-31,0.16086563511935353
AOI-0034,2025-09-13,0.14563476565220462
AOI-0034,2025-09-23,0.13879178850920412
AOI-0034,2025-10-02,0.274663530008131
AOI-0034,2025-10-16,0.5372709506913821
AOI-0035,2025-05-16,0.16444942215102212
AOI-0035,2025-05-20,0.20120383517698678
AOI-0035,2025-06-05,0.1934918133556934
AOI-0035,2025-06-07,0.1450451846561126
AOI-0035,2025-06-10,0.22463928061319638
AOI-0035,2025-07-30,0.1196713545636855
AOI-0035,2025-08-31,0.1432330707060978
AOI-0035,2025-09-26,0.1732174965216173
AOI-0035,2025-09-28,0.13425326635990892
AOI-0035,2025-10-02,0.20842594136128934
AOI-0035,2025-10-30,0.5828105647761982
AOI-0036,2025-05-16,0.6192713585445949
AOI-0036,2025-07-16,0.2380159887807945
AOI-0036,2025-08-01,0.16571332894212684
AOI-0036,2025-08-09,0.1372744538837424
AOI-0036,2025-08-23,0.1641551520557201
AOI-0036,2025-10-02,0.1921960747334075
AOI-0037,2025-04-07,0.5332335765808247
AOI-0037,2025-04-16,0.5027235615199053
AOI-0037,2025-05-23,0.6398075445037825
AOI-0037,2025-06-30,0.33388638764442286
AOI-0037,2025-07-14,0.31592604206273506
AOI-0037,2025-07-23,0.2619121594269727
AOI-0037,2025-08-09,0.22115738363463866
AOI-0037,2025-08-16,0.2263708456670088
AOI-0037,2025-09-12,0.19853922616721045
AOI-0037,2025-09-13,0.18534131647784033
AOI-0037,2025-09-23,0.19754800209967127
AOI-0037,2025-09-26,0.2126400695830882
AOI-0037,2025-09-30,0.2685321327207301
AOI-0037,2025-10-05,0.20079614984275757
AOI-0038,2025-04-07,0.45513931982019906
AOI-0038,2025-04-25,0.4940853872668805
AOI-0038,2025-06-14,0.4591098319893241
AOI-0038,2025-07-10,0.1780303057895018
AOI-0038,2025-07-15,0.19363771135931887
AOI-0038,2025-08-14,0.17684866529525994
AOI-0038,2025-09-02,0.20475650229534179
AOI-0038,2025-10-05,0.1888039403089237
AOI-0038,2025-10-08,0.17454465025527602
AOI-0038,2025-10-16,0.2905586932991391
AOI-0039,2025-05-04,0.713652127580939
AOI-0039,2025-05-08,0.6267360448357532
AOI-0039,2025-05-28,0.6074410275287017
AOI-0039,2025-07-10,0.42324712495727884
AOI-0039,2025-08-06,0.3011787622342001
AOI-0039,2025-08-24,0.35510353692648594
AOI-0039,2025-09-08,0.2954694643507049
AOI-0039,2025-09-12,0.3143212438262213
AOI-0039,2025-09-14,0.3778800677113584
AOI-0039,2025-09-26,0.31100998211328307
AOI-0039,2025-10-23,0.37197615201684364
AOI-0040,2025-04-02,0.31342666387508394
AOI-0040,2025-04-03,0.31867962524176396
AOI-0040,2025-05-06,0.7424280763599054
AOI-0040,2025-06-07,0.6778781237934955
AOI-0040,2025-07-08,0.22078031145885596
AOI-0040,2025-09-12,0.1418587810248711
AOI-0040,2025-09-13,0.12896858792403823
AOI-0040,2025-09-28,0.1413739609628792
AOI-0040,2025-09-30,0.217852930261085
AOI-0040,2025-10-02,0.17604176254863946
AOI-0041,2025-04-23,0.6291454329230705
AOI-0041,2025-05-20,0.6031287400601972
AOI-0041,2025-06-22,0.3633204038893293
AOI-0041,2025-06-27,0.3659916716603586
AOI-0041,2025-07-23,0.26131456968079597
AOI-0041,2025-08-19,0.20243934606745626
AOI-0041,2025-09-30,0.3102567123191512
AOI-0042,2025-04-18,0.17318871438156005
AOI-0042,2025-05-04,0.15827196733879476
AOI-0042,2025-06-13,0.1599745594467707
AOI-0042,2025-07-14,0.15356437402434303
AOI-0042,2025-07-16,0.14608420692163004
AOI-0042,2025-07-24,0.14961488811610407
AOI-0042,2025-08-17,0.15461196366020172
AOI-0042,2025-08-19,0.11893147132301926
AOI-0042,2025-08-24,0.12193655466222261
AOI-0042,2025-08-29,0.1667638682590573
AOI-0042,2025-09-15,0.13907715129968254
AOI-0042,2025-09-17,0.14365748089870523
AOI-0042,2025-10-02,0.18152806161748508
AOI-0043,2025-04-24,0.20243600326381356
AOI-0043,2025-04-29,0.2334070787818257
AOI-0043,2025-05-31,0.21785399766208163
AOI-0043,2025-06-08,0.20263764331281997
AOI-0043,2025-06-15,0.14573426525710043
AOI-0043,2025-06-17,0.1437945662608717
AOI-0043,2025-06-25,0.1420236510516193
AOI-0043,2025-07-07,0.19541637971698356
AOI-0043,2025-07-13,0.1539578378024687
AOI-0043,2025-08-12,0.141077871002829
AOI-0043,2025-09-24,0.20538599301204713
AOI-0043,2025-10-13,0.14886862948149068
AOI-0043,2025-10-15,0.16281447020416756
AOI-0044,2010-04-16,0.23039158307450752
AOI-0044,2010-04-25,0.2558648645209973
AOI-0044,2010-05-09,0.4851117910443729
AOI-0044,2010-05-18,0.36118782991338605
AOI-0044,2010-06-12,0.4282801000149361
AOI-0044,2010-06-20,0.3965422743832327
AOI-0044,2010-06-28,0.4816885511911546
AOI-0044,2010-07-29,0.2320801079654316
AOI-0044,2010-08-06,0.1877684889320612
AOI-0044,2010-10-16,0.23957449912804807
AOI-0044,2010-10-25,0.173999853615467
AOI-0044,2011-07-16,0.665591771867389
AOI-0044,2011-08-01,0.34363810308013454
AOI-0044,2011-08-02,0.31346814927946803
AOI-0044,2011-10-16,0.3671786828781963
AOI-0044,2012-04-06,0.3259180274880234
AOI-0044,2012-05-08,0.6512938183258251
AOI-0044,2013-05-02,0.2312071383839463
AOI-0044,2013-05-03,0.23555792394881891
AOI-0044,2013-05-11,0.2820496288455146
AOI-0044,2014-04-07,0.36795502144904535
AOI-0044,2014-06-06,0.2594356798304849
AOI-0044,2014-06-14,0.20619217330285816
AOI-0044,2014-06-23,0.20918012690752366
AOI-0044,2014-08-02,0.1759669232137116
AOI-0044,2014-08-09,0.1707257927012184
AOI-0044,2014-08-29,0.2186782446765567
AOI-0044,2014-09-18,0.18184098767808965
AOI-0044,2014-09-19,0.1712622906495798
AOI-0044,2014-10-04,0.19494148524610788
AOI-0044,2014-10-12,0.155848133337811
AOI-0044,2014-10-28,0.17892020522712584
AOI-0044,2014-10-29,0.18166441653128068
AOI-0044,2015-06-26,0.5000429394247954
AOI-0044,2015-07-27,0.2536099570283005
AOI-0044,2015-07-28,0.29832097380684863
AOI-0044,2015-08-29,0.2345229891570165
AOI-0044,2015-10-08,0.2087417213917692
AOI-0044,2015-10-16,0.28143851869849257
AOI-0044,2016-04-08,0.4829988911294228
AOI-0044,2016-05-08,0.8099273719117847
AOI-0044,2016-05-11,0.8316921571456392
AOI-0044,2016-06-20,0.38081755220006214
AOI-0044,2016-06-25,0.3765472943632168
AOI-0044,2016-07-13,0.27787898773511865
AOI-0044,2016-07-27,0.3302726364026876
AOI-0044,2016-09-07,0.20489322292745346
AOI-0044,2016-09-13,0.2404484383846695
AOI-0044,2016-10-02,0.20589580659279264
AOI-0044,2016-10-26,0.21041050968613023
AOI-0044,2017-04-03,0.17559115288678456
AOI-0044,2017-04-04,0.17719837416956286
AOI-0044,2017-04-12,0.22427005757823787
AOI-0044,2017-06-27,0.22523252007562983
AOI-0044,2017-06-30,0.21162518222998675
AOI-0044,2017-08-10,0.17429337880827311
AOI-0044,2017-09-14,0.22942713168502554
AOI-0044,2018-04-06,0.5260361709722754
AOI-0044,2018-07-12,0.25779218530391107
AOI-0044,2018-07-19,0.16516706979766588
AOI-0044,2018-09-30,0.22304944324741716
AOI-0044,2019-04-25,0.3588769991869207
AOI-0044,2019-04-26,0.37268633042215094
AOI-0044,2019-06-02,0.6844955878197677
AOI-0044,2019-06-12,0.4906258818816973
AOI-0044,2019-06-20,0.3314360635456586
AOI-0044,2019-08-13,0.41346512214372555
AOI-0044,2019-09-10,0.17639529629710646
AOI-0044,2019-09-15,0.15271454805229012
AOI-0044,2019-09-16,0.19080777077509034
AOI-0044,2019-10-10,0.17531934711664446
AOI-0044,2020-04-17,0.1595806167589881
AOI-0044,2020-04-22,0.2649294827007057
AOI-0044,2020-05-17,0.1903821445643046
AOI-0044,2020-06-30,0.2084055452544205
AOI-0044,2020-08-10,0.1412081741458634
AOI-0044,2020-09-09,0.15240206993317337
AOI-0044,2020-09-10,0.14494050191036179
AOI-0044,2020-09-26,0.12510125966143767
AOI-0044,2020-09-29,0.17509832384360424
AOI-0044,2020-10-14,0.14322984886490323
AOI-0044,2020-10-21,0.1433690001455245
AOI-0044,2021-05-12,0.7106878879185982
AOI-0044,2021-05-17,0.7388925454740475
AOI-0044,2021-05-25,0.7093011575207442
AOI-0044,2021-07-16,0.21503591412828676
AOI-0044,2021-07-21,0.1561912451513832
AOI-0044,2021-09-30,0.21376611075118213
AOI-0044,2021-10-07,0.15359835116819712
AOI-0044,2022-05-27,0.7705419256038711
AOI-0044,2022-06-06,0.7152946479034261
AOI-0044,2022-06-12,0.7080547478766122
AOI-0044,2022-07-07,0.20645782760952608
AOI-0044,2022-08-10,0.23716814976777373
AOI-0044,2022-08-13,0.2911738727703613
AOI-0044,2022-08-24,0.2730288327784225
AOI-0044,2022-09-25,0.17927170599126208
AOI-0044,2022-09-30,0.2548236147650405
AOI-0044,2023-04-02,0.1704633618993061
AOI-0044,2023-04-07,0.3011462072246634
AOI-0044,2023-06-06,0.21584945528983995
AOI-0044,2023-06-30,0.18865175422702657
AOI-0044,2023-07-05,0.18074995456656834
AOI-0044,2023-07-09,0.17375848654423617
AOI-0044,2023-07-11,0.15838898851212443
AOI-0044,2023-07-16,0.15708628850569356
AOI-0044,2023-07-25,0.21423015637106346
AOI-0044,2023-08-05,0.15713859903170518
AOI-0044,2023-08-25,0.15436655117943063
AOI-0044,2023-09-30,0.2704713435892593
AOI-0044,2023-10-14,0.2552144989853391
AOI-0044,2024-04-06,0.8116136074035072
AOI-0044,2024-04-14,0.8364770965432573
AOI-0044,2024-06-05,0.5615898845530832
AOI-0044,2024-09-06,0.1414543441768565
AOI-0044,2024-09-21,0.14507931979157795
AOI-0044,2025-04-02,0.1530618068950791
AOI-0044,2025-05-20,0.22013554552345235
AOI-0044,2025-07-06,0.18940480783538324
AOI-0044,2025-07-10,0.13914820836424313
AOI-0044,2025-08-14,0.1541541439919758
AOI-0044,2025-09-23,0.15816149894873638
AOI-0044,2025-10-03,0.17368416124849873
AOI-0044,2025-10-15,0.1595196273295424
AOI-0045,2025-04-26,0.24055490935127058
AOI-0045,2025-06-15,0.1618996223975334
AOI-0045,2025-06-27,0.16987304822116406
AOI-0045,2025-06-29,0.2051703484164998
AOI-0045,2025-07-31,0.1846672859537047
AOI-0045,2025-08-13,0.20629698682884734
AOI-0045,2025-08-15,0.18752888249292676
AOI-0045,2025-08-16,0.14201614055527628
AOI-0045,2025-09-30,0.22864045917972214
AOI-0045,2025-10-15,0.15706253168723633
AOI-0046,2010-06-26,0.3097587800295531
AOI-0046,2010-07-12,0.3616727797969374
AOI-0046,2010-09-14,0.4085302047925744
AOI-0046,2011-05-30,0.3090938910035293
AOI-0046,2011-08-17,0.19092268132004941
AOI-0046,2012-04-22,0.44397308115016787
AOI-0046,2012-04-29,0.30645267503907053
AOI-0046,2012-06-09,0.5640522620448327
AOI-0046,2013-04-25,0.23115914943251825
AOI-0046,2013-05-09,0.4578567381141848
AOI-0046,2013-06-11,0.5833935535484343
AOI-0046,2013-06-27,0.36410546478255496
AOI-0046,2013-07-21,0.2953696402403888
AOI-0046,2013-07-28,0.35604068970572694
AOI-0046,2013-07-30,0.27957607426700143
AOI-0046,2014-05-25,0.746974156105016
AOI-0046,2014-05-29,0.7776175056435127
AOI-0046,2014-07-01,0.30314164422512535
AOI-0046,2014-07-12,0.32397271103773845
AOI-0046,2014-08-01,0.18777536213077672
AOI-0046,2014-08-25,0.14602261205760503
AOI-0046,2014-09-19,0.15723593566329988
AOI-0046,2015-05-17,0.26154242510628656
AOI-0046,2015-07-12,0.3458116678217435
AOI-0046,2015-09-22,0.20690387959568954
AOI-0046,2015-10-16,0.3313645212263522
AOI-0046,2016-05-02,0.8142760915405076
AOI-0046,2016-05-10,0.8296266370417675
AOI-0046,2016-05-18,0.8518659951702228
AOI-0046,2016-06-03,0.6894288921820986
AOI-0046,2016-06-09,0.6484562198926169
AOI-0046,2016-07-13,0.1910842057414763
AOI-0046,2016-07-30,0.23407893450904926
AOI-0046,2016-10-02,0.2264530126992939
AOI-0046,2016-10-17,0.3048422518741162
AOI-0046,2016-10-25,0.3123902429144866
AOI-0046,2017-04-13,0.4397263799620938
AOI-0046,2017-06-27,0.4235679217687001
AOI-0046,2017-07-02,0.3402878512619939
AOI-0046,2017-07-24,0.21848425145188566
AOI-0046,2017-08-09,0.16774509169184043
AOI-0046,2017-08-21,0.14744439389771027
AOI-0046,2017-09-10,0.2113728672516899
AOI-0046,2017-09-15,0.2862927453231206
AOI-0046,2017-10-12,0.25217797515505097
AOI-0046,2018-05-09,0.3663785882312096
AOI-0046,2018-06-01,0.2306928350944495
AOI-0046,2018-07-20,0.1927390498164987
AOI-0046,2018-08-20,0.1701722816207616
AOI-0046,2018-08-29,0.21747598996138126
AOI-0046,2018-10-15,0.1657390413204715
AOI-0046,2018-10-24,0.1951775030908495
AOI-0046,2019-04-01,0.21113746263861305
AOI-0046,2019-04-18,0.32491280746324647
AOI-0046,2019-05-19,0.7809928831921514
AOI-0046,2019-08-01,0.2394485055221535
AOI-0046,2019-09-01,0.20169330659316306
AOI-0046,2019-10-20,0.4873634475075768
AOI-0046,2020-04-04,0.7797758014601337
AOI-0046,2020-04-07,0.7966427223728658
AOI-0046,2020-05-08,0.8197565570421811
AOI-0046,2020-05-24,0.7986310119722163
AOI-0046,2020-06-09,0.6919887572435294
AOI-0046,2020-09-10,0.14847742868176206
AOI-0046,2020-09-13,0.20112556791547467
AOI-0046,2020-09-26,0.1289199177644462
AOI-0046,2020-10-21,0.14407955948857176
AOI-0046,2021-05-02,0.5420738977968176
AOI-0046,2021-05-25,0.7800788046956869
AOI-0046,2021-07-11,0.29166165985626386
AOI-0046,2021-07-28,0.29207207060405305
AOI-0046,2021-08-13,0.38580429450642045
AOI-0046,2021-08-20,0.22057286469013931
AOI-0046,2021-08-29,0.3983072726770961
AOI-0046,2021-09-06,0.5201530746783745
AOI-0046,2022-06-05,0.2468278135424566
AOI-0046,2022-07-24,0.1907314571325619
AOI-0046,2022-07-29,0.17123194810467574
AOI-0046,2022-07-30,0.2317805657642114
AOI-0046,2022-08-24,0.21966276723621975
AOI-0046,2022-08-30,0.1498592622903659
AOI-0046,2023-04-02,0.5353005477553827
AOI-0046,2023-04-29,0.8321251176462002
AOI-0046,2023-05-06,0.8783518257105187
AOI-0046,2023-06-21,0.6078773100660347
AOI-0046,2023-06-24,0.4706812534343252
AOI-0046,2023-07-22,0.24176933548133211
AOI-0046,2023-07-25,0.2636211082504827
AOI-0046,2023-08-13,0.21425788102247806
AOI-0046,2023-08-18,0.16163797594439583
AOI-0046,2023-08-25,0.17025091747383495
AOI-0046,2023-08-27,0.18011922854055168
AOI-0046,2023-08-28,0.14850244796871098
AOI-0046,2023-10-13,0.19428374039640428
AOI-0046,2023-10-29,0.2977269285432741
AOI-0046,2024-04-06,0.6930358227914393
AOI-0046,2024-05-08,0.8430889090629052
AOI-0046,2024-05-09,0.840332241611612
AOI-0046,2024-06-01,0.7996482252767222
AOI-0046,2024-06-09,0.5384566816172147
AOI-0046,2024-07-03,0.2086842571250806
AOI-0046,2024-07-19,0.1589915185344964
AOI-0046,2024-08-09,0.14069876430219935
AOI-0046,2024-08-20,0.18568604177419223
AOI-0046,2024-08-28,0.20453453614349285
AOI-0046,2024-09-13,0.18468346211176864
AOI-0046,2024-09-22,0.1754872226137706
AOI-0046,2024-10-13,0.1154211898053871
AOI-0046,2025-06-30,0.7259194245706397
AOI-0046,2025-07-15,0.4415007314875379
AOI-0046,2025-08-07,0.4168154365267669
AOI-0046,2025-08-15,0.40630854537706557
AOI-0046,2025-09-24,0.20129368692622987
AOI-0046,2025-10-02,0.1910023583566139
AOI-0047,2025-05-08,0.751380259766193
AOI-0047,2025-05-16,0.768730524018284
AOI-0047,2025-05-25,0.7181023989770595
AOI-0047,2025-06-15,0.3703683166563901
AOI-0047,2025-07-17,0.15939314700717133
AOI-0047,2025-07-18,0.15261559204017966
AOI-0047,2025-09-03,0.1357316518523932
AOI-0047,2025-10-15,0.15524846598502365
AOI-0047,2025-10-16,0.22674087225849343
AOI-0048,2025-04-07,0.6843757126676004
AOI-0048,2025-04-17,0.7003482617747951
AOI-0048,2025-05-09,0.6896666330561785
AOI-0048,2025-09-17,0.16972834869386905
AOI-0048,2025-09-24,0.17926583037218674
AOI-0049,2025-05-04,0.7472853449502339
AOI-0049,2025-06-26,0.3571191071027315
AOI-0049,2025-06-27,0.24408496609555846
AOI-0049,2025-07-29,0.22374182343394508
AOI-0049,2025-08-06,0.18302540147253754
AOI-0049,2025-08-12,0.16900120709061656
AOI-0049,2025-08-17,0.17172616485406245
AOI-0049,2025-09-06,0.16857900273200505
AOI-0049,2025-09-14,0.2433105064075406
AOI-0049,2025-09-26,0.20664560603025772
AOI-0049,2025-09-30,0.2942177931001351
AOI-0049,2025-10-08,0.20264485160348916
AOI-0049,2025-10-16,0.2728448255835216
AOI-0049,2025-10-28,0.24761339841143098
AOI-0050,2025-04-14,0.2978225894300356
AOI-0050,2025-04-15,0.34103348122829297
AOI-0050,2025-05-25,0.6203469430313353
AOI-0050,2025-06-27,0.4895091054856659
AOI-0050,2025-08-07,0.2854095478196212
AOI-0050,2025-08-09,0.2854137481292348
AOI-0050,2025-08-13,0.4391377636244601
AOI-0050,2025-08-17,0.2870513201638072
AOI-0050,2025-09-07,0.34773699352466736
AOI-0050,2025-09-30,0.417042315149541
AOI-0050,2025-10-17,0.3656472026505879
AOI-0050,2025-10-28,0.3402910013027531
AOI-0051,2010-06-09,0.6898703300841779
AOI-0051,2011-06-04,0.5394808219438589
AOI-0051,2011-06-05,0.527158111812785
AOI-0051,2011-06-12,0.6405706367762714
AOI-0051,2011-06-13,0.6450946131438733
AOI-0051,2011-09-01,0.5712401396393839
AOI-0051,2011-10-11,0.4063476018768947
AOI-0051,2012-04-27,0.47598000274003094
AOI-0051,2012-05-22,0.617555031399276
AOI-0051,2012-08-12,0.4646225792579169
AOI-0051,2012-08-26,0.35055014151973074
AOI-0051,2012-08-28,0.44072925110416367
AOI-0051,2012-09-18,0.347517787776828
AOI-0051,2012-10-13,0.3739427470387227
AOI-0051,2013-05-01,0.7484118621753973
AOI-0051,2013-07-19,0.41258626202766113
AOI-0051,2013-07-28,0.5552809575092732
AOI-0051,2013-08-29,0.4757901247074767
AOI-0051,2013-10-07,0.47000461530127247
AOI-0051,2013-10-16,0.5214624830501339
AOI-0051,2014-04-18,0.7715247310372122
AOI-0051,2014-06-05,0.681857275492474
AOI-0051,2014-06-10,0.596149219764469
AOI-0051,2014-06-28,0.4972588690199974
AOI-0051,2014-09-08,0.3749960654735326
AOI-0051,2014-09-16,0.38703900193686536
AOI-0051,2015-04-07,0.3105782496219834
AOI-0051,2015-05-23,0.7317928017575661
AOI-0051,2015-06-10,0.7307987416132222
AOI-0051,2015-06-15,0.7225340645790747
AOI-0051,2015-06-26,0.6983071240227703
AOI-0051,2015-09-14,0.38509609997621463
AOI-0051,2015-09-20,0.3096026330743427
AOI-0051,2015-10-06,0.24744316077094794
AOI-0051,2016-04-06,0.6146991587705907
AOI-0051,2016-06-25,0.5294034983550076
AOI-0051,2016-07-12,0.44576800555672436
AOI-0051,2016-08-28,0.45271552257368375
AOI-0051,2016-09-14,0.33540346871567195
AOI-0051,2016-09-29,0.41037196631872186
AOI-0051,2016-10-24,-0.08481546117553652
AOI-0051,2017-05-28,0.5382932111923875
AOI-0051,2017-06-21,0.6669152264103679
AOI-0051,2017-06-28,0.6360647941057638
AOI-0051,2017-07-06,0.6255286369468845
AOI-0051,2017-07-23,0.6403044830251916
AOI-0051,2017-09-25,0.3194072363278895
AOI-0051,2017-09-30,0.37987843694546447
AOI-0051,2017-10-16,0.32524000282287524
AOI-0051,2018-04-11,0.4403628132796923
AOI-0051,2018-04-28,0.6311258895303983
AOI-0051,2018-04-29,0.6411400849269959
AOI-0051,2018-05-30,0.711539982398985
AOI-0051,2018-06-26,0.41648266771650166
AOI-0051,2018-07-02,0.27908450962689973
AOI-0051,2018-08-02,0.3329525738489304
AOI-0051,2018-08-18,0.33075800015295526
AOI-0051,2018-09-14,0.3587673300532692
AOI-0051,2018-09-19,0.2896131913328588
AOI-0051,2018-10-14,0.2441022824237279
AOI-0051,2019-05-17,0.837745026702476
AOI-0051,2019-05-31,0.752929588208472
AOI-0051,2019-06-25,0.27487000693953356
AOI-0051,2019-06-30,0.2639205160244341
AOI-0051,2019-07-29,0.33007799075779964
AOI-0051,2019-08-05,0.3366852792193861
AOI-0051,2019-08-13,0.3710174591392176
AOI-0051,2019-08-22,0.2872449811460017
AOI-0051,2019-09-13,0.27280215962735027
AOI-0051,2019-10-16,0.36313142415795235
AOI-0051,2020-04-26,0.42132568810802074
AOI-0051,2020-06-09,0.7440244211183156
AOI-0051,2020-07-04,0.488038197886437
AOI-0051,2020-07-27,0.4382583363639009
AOI-0051,2020-08-31,0.3449835372207424
AOI-0051,2020-09-07,0.254583844534461
AOI-0051,2020-10-27,0.15615077890836868
AOI-0051,2021-05-06,0.7516736083797813
AOI-0051,2021-06-23,0.49113462086075677
AOI-0051,2021-07-19,0.3148854893136394
AOI-0051,2021-07-28,0.4231730570321266
AOI-0051,2021-08-23,0.3672261058581952
AOI-0051,2021-08-28,0.37147260738028215
AOI-0051,2021-08-29,0.45531838879592035
AOI-0051,2021-09-03,0.3765338383586906
AOI-0051,2021-09-07,0.3217284534881339
AOI-0051,2021-10-02,0.35227388420809613
AOI-0051,2021-10-21,0.287539306412887
AOI-0051,2022-05-09,0.6180871744045887
AOI-0051,2022-05-26,0.5113658505276995
AOI-0051,2022-05-27,0.4534799034294915
AOI-0051,2022-06-11,0.6317380944664815
AOI-0051,2022-06-19,0.7049475484761458
AOI-0051,2022-06-30,0.7620377477939857
AOI-0051,2022-07-09,0.7703455038934819
AOI-0051,2022-07-12,0.7219597996514859
AOI-0051,2022-07-22,0.7254278872258192
AOI-0051,2022-07-24,0.7480476943811796
AOI-0051,2022-07-29,0.7073788926527033
AOI-0051,2022-08-13,0.6749966338104372
AOI-0051,2022-08-28,0.49484419237665234
AOI-0051,2022-09-06,0.4952761063337724
AOI-0051,2022-09-14,0.480635171106075
AOI-0051,2022-10-07,0.38370090627933917
AOI-0051,2022-10-15,0.3361023138179165
AOI-0051,2023-04-23,0.8101783913164374
AOI-0051,2023-07-31,0.318378318801092
AOI-0051,2023-08-28,0.3627258442705881
AOI-0051,2023-09-09,0.3571009899258406
AOI-0051,2023-09-27,0.37154252976379687
AOI-0051,2023-10-04,0.3593265932452149
AOI-0051,2024-04-05,0.31483092067091883
AOI-0051,2024-05-04,0.3920886073898587
AOI-0051,2024-05-22,0.49476056111884215
AOI-0051,2024-06-03,0.5393976403031051
AOI-0051,2024-06-23,0.48846440487724896
AOI-0051,2024-07-28,0.3171041589684934
AOI-0051,2024-08-27,0.28728489675119
AOI-0051,2024-09-03,0.23373837755887766
AOI-0051,2024-10-01,0.21428111210804807
AOI-0051,2024-10-05,0.23848418567634536
AOI-0051,2024-10-06,0.22209635440636238
AOI-0051,2024-10-15,0.36479563083124183
AOI-0051,2025-05-09,0.828436464802528
AOI-0051,2025-06-10,0.5485110624436871
AOI-0051,2025-06-27,0.3630991316860871
AOI-0051,2025-07-05,0.32348465672062304
AOI-0051,2025-07-10,0.21269798027146242
AOI-0051,2025-08-05,0.19400085237499676
AOI-0051,2025-08-12,0.1807650189724385
AOI-0051,2025-09-15,0.20652197248573978
AOI-0051,2025-09-16,0.20060918480962645
AOI-0052,2025-04-19,0.1821004640880851
AOI-0052,2025-06-08,0.33611099565645103
AOI-0052,2025-06-11,0.467373922279593
AOI-0052,2025-07-05,0.6476769139232651
AOI-0052,2025-07-18,0.37339632066812095
AOI-0052,2025-08-22,0.1402748777988691
AOI-0052,2025-08-27,0.1432829884010462
AOI-0052,2025-09-06,0.1445998376951403
AOI-0052,2025-09-14,0.21805872217645264
AOI-0052,2025-10-17,0.29282888031578125
AOI-0053,2025-04-11,0.729805669291619
AOI-0053,2025-04-14,0.7647724907585041
AOI-0053,2025-04-16,0.7694626219390623
AOI-0053,2025-04-19,0.7720299682515873
AOI-0053,2025-04-23,0.8773420698011443
AOI-0053,2025-06-26,0.37191908570595367
AOI-0053,2025-07-28,0.20269733243261281
AOI-0053,2025-08-02,0.17640035622924083
AOI-0053,2025-08-09,0.14379435984066055
AOI-0053,2025-08-12,0.14525537233259994
AOI-0053,2025-08-29,0.18872303978560326
AOI-0053,2025-09-01,0.1316327803708378
AOI-0053,2025-09-07,0.18280673041571088
AOI-0053,2025-09-11,0.14304754091277933
AOI-0053,2025-09-14,0.2286493455246015
AOI-0053,2025-09-15,0.1597895429367753
AOI-0053,2025-09-21,0.1405223120507269
AOI-0053,2025-09-26,0.1666989484287107
AOI-0053,2025-10-28,0.2507909926007351
AOI-0054,2025-04-11,0.5180013071807641
AOI-0054,2025-04-19,0.6175190851008968
AOI-0054,2025-05-04,0.7767574449547271
AOI-0054,2025-06-03,0.7942406027361537
AOI-0054,2025-07-28,0.6342409291037361
AOI-0054,2025-08-12,0.681731894914909
AOI-0054,2025-09-21,0.6466489543940959
AOI-0054,2025-09-30,0.6573846698576526
AOI-0054,2025-10-16,0.5884738770501418
AOI-0055,2025-04-01,0.3343974118788255
AOI-0055,2025-04-11,0.4114770667841222
AOI-0055,2025-05-09,0.5373147613354453
AOI-0055,2025-07-04,0.5154011790734281
AOI-0055,2025-07-05,0.49837313284455736
AOI-0055,2025-07-08,0.4900675780080972
AOI-0055,2025-07-23,0.43357624340853274
AOI-0055,2025-08-17,0.3439929795923134
AOI-0055,2025-09-14,0.43080644957232306
AOI-0055,2025-09-22,0.42937637617014857
AOI-0056,2025-04-23,0.8367112690250837
AOI-0056,2025-05-24,0.7787321597790365
AOI-0056,2025-06-10,0.5086874577874589
AOI-0056,2025-06-19,0.4003906079345511
AOI-0056,2025-07-18,0.1593589771391436
AOI-0056,2025-07-23,0.17550002783548366
AOI-0056,2025-08-09,0.1765074337182115
AOI-0056,2025-09-06,0.18855814874794508
AOI-0056,2025-09-08,0.18195203078157157
AOI-0056,2025-10-16,0.2743315355109287
AOI-0057,2025-05-04,0.7869300060030737
AOI-0057,2025-05-09,0.7521970217249245
AOI-0057,2025-05-19,0.5201104549716347
AOI-0057,2025-06-26,0.37430718128847573
AOI-0057,2025-06-27,0.2570759227122892
AOI-0057,2025-07-10,0.2100795337909488
AOI-0057,2025-07-13,0.19142951217071807
AOI-0057,2025-07-18,0.18776181165418515
AOI-0057,2025-08-05,0.18750135715777733
AOI-0057,2025-08-27,0.14132543380754542
AOI-0057,2025-09-01,0.15208622332616872
AOI-0057,2025-09-21,0.15646594176698397
AOI-0058,2010-04-23,0.3717327226076589
AOI-0058,2010-08-13,0.4193021311597473
AOI-0058,2010-08-29,0.37480703247514013
AOI-0058,2010-09-05,0.3197689526874503
AOI-0058,2011-04-02,0.321946458572172
AOI-0058,2011-04-26,0.538207365429499
AOI-0058,2011-06-12,0.7449801513907581
AOI-0058,2011-07-15,0.5026894984359682
AOI-0058,2011-08-29,0.42960369440742163
AOI-0058,2011-09-01,0.32327379367089853
AOI-0058,2011-10-02,0.3324016629972274
AOI-0058,2011-10-27,0.3469974868379311
AOI-0058,2012-04-22,0.5750731224125256
AOI-0058,2012-06-09,0.6874990868542469
AOI-0058,2012-06-23,0.6335983749742269
AOI-0058,2012-07-11,0.5726824921489169
AOI-0058,2012-08-12,0.4602852529716901
AOI-0058,2012-09-11,0.38767878773709175
AOI-0058,2013-04-07,0.4031973393676087
AOI-0058,2013-04-23,0.48917454535607785
AOI-0058,2013-05-09,0.5314951349397351
AOI-0058,2013-06-09,0.4904025354102154
AOI-0058,2013-06-10,0.6560943862304919
AOI-0058,2013-07-11,0.7017658242679295
AOI-0058,2013-07-19,0.6932263235033748
AOI-0058,2013-08-28,0.24773392037671066
AOI-0058,2013-10-16,0.4680945609203736
AOI-0058,2013-10-24,0.3275744048150142
AOI-0058,2014-04-25,0.7838550917975329
AOI-0058,2014-06-05,0.7739008438877554
AOI-0058,2014-06-10,0.6707988747475973
AOI-0058,2014-09-14,0.34010079125268416
AOI-0058,2015-04-28,0.3855707183724122
AOI-0058,2015-05-09,0.6545232830237807
AOI-0058,2015-09-03,0.47105696778248324
AOI-0058,2015-09-27,0.4813338032973491
AOI-0058,2016-04-06,0.725924687234446
AOI-0058,2016-04-30,0.8161524082767531
AOI-0058,2016-06-09,0.8318464881659372
AOI-0058,2016-07-27,0.5504855013985389
AOI-0058,2016-07-28,0.44655768946996577
AOI-0058,2016-08-13,0.48454503036994534
AOI-0058,2017-04-25,0.8061335058875327
AOI-0058,2017-07-15,0.24952338081540812
AOI-0058,2017-09-13,0.2118847316211489
AOI-0058,2017-09-16,0.2350824782994272
AOI-0058,2018-05-15,0.7201708337395405
AOI-0058,2018-07-26,0.5306774215305337
AOI-0058,2018-08-02,0.4975239666191945
AOI-0058,2019-04-23,0.8458694541900569
AOI-0058,2019-05-25,0.8188690278785271
AOI-0058,2019-06-25,0.29187792378937566
AOI-0058,2019-06-27,0.28561152002734796
AOI-0058,2019-07-04,0.2861888746563958
AOI-0058,2019-08-30,0.20922949051034187
AOI-0058,2019-09-28,0.15008676744589178
AOI-0058,2019-09-30,0.2477874702554188
AOI-0058,2020-04-17,0.41699564048325566
AOI-0058,2020-05-04,0.5274234908931011
AOI-0058,2020-06-05,0.6700686105701117
AOI-0058,2020-06-29,0.5994596830940256
AOI-0058,2020-07-06,0.525401936906047
AOI-0058,2020-07-22,0.42854013441317074
AOI-0058,2020-07-30,0.4152066990538561
AOI-0058,2020-08-07,0.3802076018138857
AOI-0058,2020-08-12,0.41447065201465083
AOI-0058,2020-08-23,0.346377549337187
AOI-0058,2020-08-28,0.38538093704110304
AOI-0058,2020-09-24,0.2984606130045635
AOI-0058,2020-10-27,0.3010330268075703
AOI-0058,2021-04-15,0.5737304861136152
AOI-0058,2021-05-09,0.7120141498131382
AOI-0058,2021-05-31,0.7034810865226969
AOI-0058,2021-07-09,0.6571585508459917
AOI-0058,2021-07-14,0.522247601303708
AOI-0058,2021-07-25,0.46151701007677504
AOI-0058,2021-08-13,0.4755969077514066
AOI-0058,2021-08-28,0.33847011368247376
AOI-0058,2021-09-27,0.4962081884675551
AOI-0058,2022-06-10,0.8073386302977152
AOI-0058,2022-06-18,0.7914441937962093
AOI-0058,2022-07-04,0.2680390753849116
AOI-0058,2022-07-12,0.34776600498597454
AOI-0058,2022-07-17,0.2544524760345631
AOI-0058,2022-07-29,0.1722385187080114
AOI-0058,2022-09-14,0.2856245487750876
AOI-0058,2023-05-09,0.7484443451009456
AOI-0058,2023-05-20,0.5947421861426885
AOI-0058,2023-06-28,0.7669504936534586
AOI-0058,2023-08-17,0.5246897200827045
AOI-0058,2023-09-02,0.4276727684590782
AOI-0058,2023-09-10,0.49343323048841375
AOI-0058,2023-09-27,0.5176492403135822
AOI-0058,2023-10-12,0.4890644366326562
AOI-0058,2024-04-09,0.7339978635020052
AOI-0058,2024-05-09,0.763636812039071
AOI-0058,2024-06-03,0.6275785918238553
AOI-0058,2024-06-23,0.3492998557994974
AOI-0058,2024-06-28,0.3254106831068321
AOI-0058,2024-07-09,0.3654537674072546
AOI-0058,2024-07-26,0.266508753348166
AOI-0058,2024-07-27,0.3249746452950568
AOI-0058,2024-08-18,0.279706193806675
AOI-0058,2024-08-27,0.20356459200142807
AOI-0058,2024-08-28,0.3032874075772512
AOI-0058,2024-09-21,0.21128353099891467
AOI-0058,2024-09-28,0.21276668191789705
AOI-0058,2024-10-01,0.20853169277158606
AOI-0058,2024-10-30,0.22586494310518718
AOI-0058,2025-04-07,0.5442165276796374
AOI-0058,2025-04-16,0.5179873844336019
AOI-0058,2025-04-24,0.551816144967581
AOI-0058,2025-07-18,0.3368136340403526
AOI-0058,2025-07-28,0.32791683176327724
AOI-0058,2025-08-02,0.25310291919644773
AOI-0058,2025-08-06,0.2657784412603899
AOI-0058,2025-08-09,0.21747441606476114
AOI-0058,2025-08-12,0.19992218868922035
AOI-0058,2025-08-14,0.18852817825464807
AOI-0058,2025-09-14,0.2624700850632184
AOI-0058,2025-09-22,0.21853145832623913
AOI-0059,2010-06-26,0.7873042979331697
AOI-0059,2010-07-19,0.7025401296756456
AOI-0059,2010-08-28,0.2817327134085082
AOI-0059,2011-04-23,0.7179488425415432
AOI-0059,2011-05-27,0.6660512729056204
AOI-0059,2011-05-28,0.702746187938945
AOI-0059,2011-06-12,0.6542877117874277
AOI-0059,2011-06-26,0.7229039152080677
AOI-0059,2011-07-07,0.7260482392043257
AOI-0059,2011-07-28,0.48706543495110816
AOI-0059,2011-08-08,0.5027476224062921
AOI-0059,2011-08-23,0.5076426759403901
AOI-0059,2012-04-04,0.5805379974790555
AOI-0059,2012-08-12,0.4328419325535565
AOI-0059,2012-08-26,0.28183937483853816
AOI-0059,2012-09-11,0.2688465560632042
AOI-0059,2012-10-13,0.33682643641342896
AOI-0059,2013-05-09,0.8507144182549933
AOI-0059,2013-06-18,0.29482782805919333
AOI-0059,2013-07-20,0.22253414981413527
AOI-0059,2013-08-13,0.3072946270996585
AOI-0059,2013-08-21,0.22820865986887195
AOI-0059,2013-10-16,0.4014403426831211
AOI-0059,2014-05-09,0.8744299667331332
AOI-0059,2014-10-27,0.6635008749827198
AOI-0059,2015-04-13,0.2534604065927751
AOI-0059,2015-05-22,0.40190496698833783
AOI-0059,2015-06-07,0.7330950991174294
AOI-0059,2015-08-02,0.7961624276805492
AOI-0059,2015-08-10,0.7308660471904214
AOI-0059,2015-08-29,0.5828729392050309
AOI-0059,2015-09-27,0.5051200912204894
AOI-0059,2015-09-30,0.3934189418460911
AOI-0059,2016-05-25,0.9108400282419544
AOI-0059,2016-07-04,0.3707143291675211
AOI-0059,2016-09-14,0.2519335140502061
AOI-0059,2016-10-24,0.2757298196359383
AOI-0059,2017-04-02,0.5622571033467282
AOI-0059,2017-05-06,0.8511740281389235
AOI-0059,2017-05-27,0.8809905708007875
AOI-0059,2017-06-04,0.8992894116015588
AOI-0059,2017-06-10,0.8216813715656732
AOI-0059,2017-07-12,0.3459848914509313
AOI-0059,2017-07-23,0.30450491394087975
AOI-0059,2017-07-28,0.38071486047384523
AOI-0059,2017-08-13,0.2888141207437405
AOI-0059,2017-08-29,0.2941924073988495
AOI-0059,2017-09-24,0.21551050860259377
AOI-0059,2018-04-07,0.40603096898693225
AOI-0059,2018-05-22,0.3870803049022651
AOI-0059,2018-05-31,0.41450465350172483
AOI-0059,2018-07-09,0.5980204147877974
AOI-0059,2018-07-18,0.5029660490627227
AOI-0059,2018-07-26,0.4732507273031721
AOI-0059,2018-08-02,0.40986926378080246
AOI-0059,2018-08-10,0.36936270577990876
AOI-0059,2018-08-13,0.34503615252595976
AOI-0059,2018-10-06,0.21560038351070504
AOI-0059,2019-04-11,0.620696540374446
AOI-0059,2019-04-21,0.715418307318348
AOI-0059,2019-04-23,0.7515632271733275
AOI-0059,2019-05-21,0.9015825110276982
AOI-0059,2019-06-02,0.82471262954469
AOI-0059,2019-06-05,0.8097366005688754
AOI-0059,2019-06-10,0.7552536091724111
AOI-0059,2019-06-15,0.5263470638061484
AOI-0059,2019-06-30,0.2085893745941237
AOI-0059,2019-07-29,0.2540433788510382
AOI-0059,2019-08-21,0.16944925388234455
AOI-0059,2019-08-24,0.1684425517306603
AOI-0059,2019-09-03,0.1661214305776377
AOI-0059,2019-10-13,0.24925252519245944
AOI-0059,2019-10-24,0.21748348087506553
AOI-0059,2020-04-09,0.22231478411033045
AOI-0059,2020-04-18,0.24679407642222528
AOI-0059,2020-04-25,0.18777613351736083
AOI-0059,2020-05-08,0.5771310799275613
AOI-0059,2020-05-12,0.31158760190353635
AOI-0059,2020-06-05,0.6439738581801253
AOI-0059,2020-07-11,0.705048123907563
AOI-0059,2020-07-30,0.6848932070374738
AOI-0059,2020-10-26,0.1535906438432769
AOI-0059,2021-06-19,0.6452543047492066
AOI-0059,2021-06-23,0.6266352517931435
AOI-0059,2021-06-29,0.38981615779418777
AOI-0059,2021-07-28,0.3460846834856327
AOI-0059,2021-07-29,0.20761549728416898
AOI-0059,2021-08-18,0.3699550620878366
AOI-0059,2021-08-28,0.5724333160245287
AOI-0059,2021-09-07,0.7142851178419474
AOI-0059,2021-09-17,0.709653039315374
AOI-0059,2021-09-28,0.3547031612010814
AOI-0059,2021-09-30,0.3541701747109911
AOI-0059,2021-10-16,0.33109822768226704
AOI-0059,2022-04-15,0.2329349096170622
AOI-0059,2022-06-10,0.7867374185831894
AOI-0059,2022-06-11,0.7888993566571127
AOI-0059,2022-07-20,0.7962829255706294
AOI-0059,2022-08-18,0.6861944620516703
AOI-0059,2022-09-27,0.40429871021860375
AOI-0059,2022-10-08,0.4451223419929068
AOI-0059,2023-05-13,0.8756332118679897
AOI-0059,2023-05-25,0.8466016644019663
AOI-0059,2023-06-18,0.8254846892535325
AOI-0059,2023-07-16,0.23331706331710267
AOI-0059,2023-07-29,0.19827770147547152
AOI-0059,2023-09-30,0.28979823805510413
AOI-0059,2023-10-12,0.20362832253634322
AOI-0059,2023-10-16,0.2965450093796539
AOI-0059,2024-04-04,0.26054970548604356
AOI-0059,2024-04-13,0.2569188296132263
AOI-0059,2024-04-22,0.42098979743900644
AOI-0059,2024-05-19,0.23083413878760395
AOI-0059,2024-06-09,0.6522605981270443
AOI-0059,2024-07-13,0.3324515767876032
AOI-0059,2024-07-17,0.37440950802128103
AOI-0059,2024-07-27,0.27265060666823165
AOI-0059,2024-09-11,0.17875022314729608
AOI-0059,2025-04-01,0.5342026310866139
AOI-0059,2025-04-23,0.8362385629310771
AOI-0059,2025-05-01,0.8542673068408941
AOI-0059,2025-05-09,0.8008910443096277
AOI-0059,2025-05-17,0.8119198598656351
AOI-0059,2025-06-10,0.4500087205813258
AOI-0059,2025-08-29,0.18641722543046285
AOI-0059,2025-09-07,0.19882692865803292
AOI-0059,2025-10-08,0.18952265401258936
AOI-0059,2025-10-28,0.23307693618210523
AOI-0060,2025-04-14,0.7513245518627305
AOI-0060,2025-04-29,0.8200197493296671
AOI-0060,2025-06-03,0.44019531492786756
AOI-0060,2025-07-04,0.5598198655901496
AOI-0060,2025-07-05,0.507305134625286
AOI-0060,2025-07-21,0.3135840721689589
AOI-0060,2025-08-05,0.2276978719678543
AOI-0060,2025-08-29,0.2389466039652447
AOI-0060,2025-08-30,0.20722019774512426
AOI-0060,2025-09-01,0.16759354479032074
AOI-0060,2025-09-11,0.15756809326572413
AOI-0061,2010-04-23,0.3576548817378985
AOI-0061,2010-05-26,0.6812834734803601
AOI-0061,2010-06-11,0.7497315302299264
AOI-0061,2011-06-30,0.5387998190586927
AOI-0061,2011-07-28,0.47913900611736593
AOI-0061,2011-09-18,0.3046716343806926
AOI-0061,2011-09-26,0.3364179797128276
AOI-0061,2012-04-06,0.3712632016202752
AOI-0061,2012-05-24,0.7052084996071051
AOI-0061,2012-08-28,0.45126303413881963
AOI-0061,2012-09-04,0.40814265213484097
AOI-0061,2012-10-22,0.2255509544888702
AOI-0061,2013-04-16,0.6290142793459682
AOI-0061,2013-06-10,0.6500191330636457
AOI-0061,2013-06-26,0.4982310182942519
AOI-0061,2013-08-29,0.2935426632366446
AOI-0061,2013-09-14,0.3054822350961439
AOI-0061,2013-10-09,0.20674420296757662
AOI-0061,2014-04-27,0.8057178808849779
AOI-0061,2014-06-26,0.43934646109935027
AOI-0061,2014-07-28,0.30867664171901726
AOI-0061,2015-04-07,0.31904392069300236
AOI-0061,2015-05-08,0.2684153135778076
AOI-0061,2015-09-29,0.2738086232300895
AOI-0061,2016-04-22,0.7633987785317776
AOI-0061,2016-06-19,0.673695401551186
AOI-0061,2016-06-27,0.48642534886619704
AOI-0061,2016-07-13,0.4379782852249172
AOI-0061,2017-04-03,0.14252072541435673
AOI-0061,2017-05-25,0.5986774239677768
AOI-0061,2017-07-02,0.8313116977925044
AOI-0061,2017-07-27,0.7680371321285421
AOI-0061,2017-08-11,0.5190561714154382
AOI-0061,2017-09-02,0.26526340727047115
AOI-0061,2018-04-07,0.7642429829208556
AOI-0061,2018-06-10,0.7257962284918751
AOI-0061,2019-04-09,0.2667910661033369
AOI-0061,2019-05-13,0.3209777410152835
AOI-0061,2019-05-21,0.37642799330027016
AOI-0061,2019-05-25,0.7166189681661027
AOI-0061,2019-06-27,0.7736593435037042
AOI-0061,2019-07-12,0.7146076540574313
AOI-0061,2019-08-21,0.6343729184708753
AOI-0061,2019-09-14,0.2929703320594316
AOI-0061,2019-09-23,0.1411107866435964
AOI-0061,2019-10-18,0.24088506817996452
AOI-0061,2019-10-20,0.24457451011472633
AOI-0061,2020-04-17,0.37449867589426167
AOI-0061,2020-05-24,0.6734805253144381
AOI-0061,2020-07-16,0.27861160305630334
AOI-0061,2020-07-19,0.274456025052252
AOI-0061,2020-07-24,0.2735774845909802
AOI-0061,2020-07-27,0.36850316230643015
AOI-0061,2020-08-08,0.22044101645177838
AOI-0061,2020-08-17,0.28639462561637097
AOI-0061,2020-08-18,0.25206725190601337
AOI-0061,2020-08-23,0.2318795026739545
AOI-0061,2020-09-18,0.19873278519963233
AOI-0061,2020-10-17,0.14927011462739842
AOI-0061,2020-10-29,0.09377355921245917
AOI-0061,2021-05-05,0.8929035746138017
AOI-0061,2021-05-08,0.9136126535173807
AOI-0061,2021-05-15,0.9067292134587446
AOI-0061,2021-07-21,0.1943272727113813
AOI-0061,2021-07-24,0.19227400027748814
AOI-0061,2021-08-04,0.3259673596096603
AOI-0061,2021-08-28,0.3442745169347839
AOI-0061,2021-08-29,0.3839337218122489
AOI-0061,2021-10-29,0.039657869450233266
AOI-0061,2022-04-09,0.2500301611579042
AOI-0061,2022-05-09,0.4595907375195712
AOI-0061,2022-05-22,0.42190579571457004
AOI-0061,2022-05-25,0.5662765341905133
AOI-0061,2022-05-27,0.4471938271130751
AOI-0061,2022-06-12,0.8228377180031602
AOI-0061,2022-06-29,0.8371718633934151
AOI-0061,2022-07-06,0.8438217146658165
AOI-0061,2022-07-21,0.8240332988127901
AOI-0061,2022-07-22,0.7978165494096431
AOI-0061,2022-07-28,0.7978581992515157
AOI-0061,2022-08-23,0.3883197120773803
AOI-0061,2023-04-07,0.6568918197904071
AOI-0061,2023-04-25,0.6167488090668968
AOI-0061,2023-05-05,0.6675385516055302
AOI-0061,2023-05-06,0.6798820222255211
AOI-0061,2023-05-17,0.6980023597090118
AOI-0061,2023-06-06,0.7897247942540078
AOI-0061,2023-06-21,0.7557362551691715
AOI-0061,2023-07-17,0.4653017584512096
AOI-0061,2023-07-21,0.4521163334059732
AOI-0061,2023-07-27,0.4787911616290009
AOI-0061,2023-09-24,0.17665925529131024
AOI-0061,2023-10-14,0.15594203408439336
AOI-0061,2023-10-29,0.21189163408169115
AOI-0061,2024-04-29,0.4258221976843216
AOI-0061,2024-05-01,0.4323946577580624
AOI-0061,2024-05-08,0.6063939450073212
AOI-0061,2024-06-20,0.4662649753627014
AOI-0061,2024-07-15,0.3684657190965652
AOI-0061,2024-08-09,0.3082362192954995
AOI-0061,2024-08-12,0.36653515900278194
AOI-0061,2024-09-06,0.20984768965057393
AOI-0061,2024-09-26,0.17496134629765708
AOI-0061,2024-10-07,0.22918152796606728
AOI-0061,2025-04-16,0.652423506284339
AOI-0061,2025-04-19,0.7278720045239315
AOI-0061,2025-05-28,0.8454399483328339
AOI-0061,2025-06-28,0.5345380832516505
AOI-0061,2025-07-07,0.39452536653116993
AOI-0061,2025-07-10,0.3395242537332175
AOI-0061,2025-07-28,0.23628750629070708
AOI-0061,2025-08-16,0.22344865236748618
AOI-0061,2025-08-29,0.26213497974210176
AOI-0061,2025-09-24,0.3048235660622486
AOI-0061,2025-09-26,0.3211282178417983
AOI-0061,2025-10-16,0.3531563386429106
AOI-0062,2010-04-24,0.7670365210217307
AOI-0062,2010-05-09,0.8326066365701222
AOI-0062,2010-05-26,0.8317945683457045
AOI-0062,2010-08-13,0.2584934268741741
AOI-0062,2010-10-16,0.33345346027964284
AOI-0062,2011-06-14,0.6898690881987063
AOI-0062,2011-07-28,0.459419720913624
AOI-0062,2011-10-16,0.47640905905334374
AOI-0062,2012-06-09,0.6345875001472611
AOI-0062,2012-08-28,0.278527097607949
AOI-0062,2012-09-04,0.18184211194545555
AOI-0062,2012-09-13,0.2684603489055489
AOI-0062,2013-04-23,0.39587179999430677
AOI-0062,2013-07-12,0.7169760722801186
AOI-0062,2013-07-28,0.7062725586758123
AOI-0062,2013-09-14,0.36998537827991995
AOI-0062,2013-10-16,0.31128334689568293
AOI-0062,2014-06-30,0.3088395482534285
AOI-0062,2014-10-04,0.3859668602612385
AOI-0062,2015-04-22,0.6561865705817935
AOI-0062,2015-05-09,0.6976128619988395
AOI-0062,2015-09-05,0.19733429863856797
AOI-0062,2015-09-21,0.22529403984818192
AOI-0062,2016-05-08,0.8878181027295298
AOI-0062,2016-07-11,0.34903423416312923
AOI-0062,2016-07-27,0.3548871645264743
AOI-0062,2016-09-13,0.2534232761109249
AOI-0062,2016-10-25,0.28929268550561626
AOI-0062,2017-04-07,0.33649321249410563
AOI-0062,2017-07-28,0.6978452475040375
AOI-0062,2017-09-15,0.16639886895407563
AOI-0062,2018-04-06,0.6259255334065643
AOI-0062,2018-04-07,0.676729991803758
AOI-0062,2018-06-02,0.8109780865273308
AOI-0062,2018-06-25,0.33407611982055535
AOI-0062,2018-07-28,0.3093580186138916
AOI-0062,2018-08-28,0.19613867604774152
AOI-0062,2019-04-08,0.17104124117082475
AOI-0062,2019-04-11,0.15769263009885442
AOI-0062,2019-06-17,0.6947146646714474
AOI-0062,2019-07-06,0.7226394424717528
AOI-0062,2019-08-09,0.7174423686012377
AOI-0062,2019-08-23,0.43483362955908067
AOI-0062,2019-09-23,0.12602221512647926
AOI-0062,2019-10-18,0.18566444211261254
AOI-0062,2019-10-23,0.250475128173415
AOI-0062,2019-10-28,0.21938871335295645
AOI-0062,2020-04-30,0.7744435872653311
AOI-0062,2020-05-30,0.7924131386043705
AOI-0062,2020-06-16,0.5155042702926106
AOI-0062,2020-07-26,0.1397825034767683
AOI-0062,2020-08-18,0.16725579471057975
AOI-0062,2020-08-20,0.16245587473240974
AOI-0062,2020-08-23,0.1700718259335795
AOI-0062,2020-08-25,0.1707138399262901
AOI-0062,2020-09-07,0.13277248192234886
AOI-0062,2020-09-09,0.14688570583694177
AOI-0062,2020-10-07,0.17172441299909197
AOI-0062,2020-10-15,0.24711633457998566
AOI-0062,2021-04-23,0.3432399225340188
AOI-0062,2021-05-05,0.22625986219325678
AOI-0062,2021-05-08,0.21147196628586057
AOI-0062,2021-05-12,0.18867291967096222
AOI-0062,2021-06-06,0.3359053077842113
AOI-0062,2021-06-10,0.6431609603928169
AOI-0062,2021-07-01,0.6985916942322146
AOI-0062,2021-07-26,0.7327199086866991
AOI-0062,2021-07-29,0.7213489066363233
AOI-0062,2021-09-12,0.2093729092545557
AOI-0062,2021-09-13,0.2692661595979192
AOI-0062,2021-09-19,0.20524639121781957
AOI-0062,2021-09-27,0.20322966345824567
AOI-0062,2021-09-29,0.19637550045824756
AOI-0062,2021-10-07,0.17300942331857672
AOI-0062,2021-10-16,0.2883806270551187
AOI-0062,2022-04-10,0.708321795527775
AOI-0062,2022-04-27,0.8410925493666541
AOI-0062,2022-05-11,0.8744866663324936
AOI-0062,2022-05-25,0.8603365396228368
AOI-0062,2022-07-21,0.20349758477534616
AOI-0062,2022-07-24,0.192057924388582
AOI-0062,2022-08-23,0.17158294766601123
AOI-0062,2022-09-14,0.2312046627667972
AOI-0062,2022-09-18,0.1623791560008069
AOI-0062,2022-09-30,0.22739002373712042
AOI-0062,2022-10-19,0.14639741701470657
AOI-0062,2023-05-17,0.3416160912900604
AOI-0062,2023-06-18,0.8748966797826349
AOI-0062,2023-06-24,0.8584175787949202
AOI-0062,2023-07-14,0.7928139200580642
AOI-0062,2023-08-05,0.47825687167485065
AOI-0062,2023-08-25,0.1500392476224432
AOI-0062,2023-09-17,0.15837247192167997
AOI-0062,2023-10-12,0.19285846152155509
AOI-0062,2023-10-16,0.25100310313823004
AOI-0062,2024-04-22,0.8962853752418171
AOI-0062,2024-06-03,0.8035974788069097
AOI-0062,2024-06-08,0.7316777430392889
AOI-0062,2024-06-23,0.23690334815803327
AOI-0062,2024-07-30,0.12010555526076812
AOI-0062,2024-08-04,0.15931652948909142
AOI-0062,2024-08-12,0.20107323167248517
AOI-0062,2024-09-06,0.13507552356674396
AOI-0062,2024-10-26,0.16088685459341642
AOI-0062,2025-04-01,0.23424925557225162
AOI-0062,2025-04-07,0.36387180565052857
AOI-0062,2025-04-11,0.25407549233300186
AOI-0062,2025-04-24,0.23492383112938342
AOI-0062,2025-04-29,0.263821101145157
AOI-0062,2025-05-28,0.4946076208577256
AOI-0062,2025-06-28,0.7739697593643914
AOI-0062,2025-07-06,0.8060260208912455
AOI-0062,2025-07-07,0.7785864054330428
AOI-0062,2025-07-15,0.518184316338179
AOI-0062,2025-07-25,0.42400692547701113
AOI-0062,2025-08-02,0.2826728275661964
AOI-0062,2025-08-17,0.2437503443304293
AOI-0062,2025-09-24,0.21737998378425624
AOI-0062,2025-09-30,0.28834731237787165
AOI-0062,2025-10-08,0.1854710940379899
AOI-0062,2025-10-13,0.18777736992586452
AOI-0063,2025-04-14,0.24513265119849154
AOI-0063,2025-04-19,0.21496731099590344
AOI-0063,2025-04-23,0.37594077078194865
AOI-0063,2025-04-24,0.2339856063814616
AOI-0063,2025-05-06,0.2023084536028925
AOI-0063,2025-05-25,0.6057252869982634
AOI-0063,2025-06-05,0.7387226506400715
AOI-0063,2025-06-25,0.8352569274777191
AOI-0063,2025-06-28,0.7998066129325715
AOI-0063,2025-06-30,0.7782488543165846
AOI-0063,2025-07-06,0.7886726649065678
AOI-0063,2025-07-07,0.7849927988555625
AOI-0063,2025-07-22,0.5235320863416499
AOI-0063,2025-08-23,0.4017558698018072
AOI-0063,2025-09-13,0.25244806216524984
AOI-0063,2025-09-14,0.31804782218990435
AOI-0064,2025-04-14,0.4519390830640785
AOI-0064,2025-04-23,0.5846663044712518
AOI-0064,2025-04-24,0.4245023560457939
AOI-0064,2025-06-03,0.7458419479013703
AOI-0064,2025-06-05,0.747390805988521
AOI-0064,2025-06-26,0.4575964061387418
AOI-0064,2025-06-27,0.3844383775284964
AOI-0064,2025-06-28,0.36311051566001595
AOI-0064,2025-07-10,0.24361091131293933
AOI-0064,2025-08-12,0.12838845099907376
AOI-0064,2025-08-19,0.17027347932960585
AOI-0064,2025-08-27,0.1648671114015246
AOI-0064,2025-08-31,0.21332514356214496
AOI-0064,2025-09-13,0.18611678888877636
AOI-0064,2025-10-06,0.19343728138674493
AOI-0064,2025-10-13,0.18050752526864156
AOI-0065,2025-04-19,0.43283501293068105
AOI-0065,2025-05-01,0.476363691519826
AOI-0065,2025-06-04,0.5275768413046873
AOI-0065,2025-06-05,0.5110160910064647
AOI-0065,2025-06-08,0.5322032954507558
AOI-0065,2025-06-26,0.6583299310062007
AOI-0065,2025-07-15,0.42549401115191277
AOI-0065,2025-07-18,0.4191752831017016
AOI-0065,2025-08-07,0.2176767381501302
AOI-0065,2025-08-17,0.20744582175180531
AOI-0065,2025-09-14,0.296038493330374
AOI-0065,2025-09-25,0.2062434346642506
AOI-0065,2025-09-30,0.34184799980819913
AOI-0065,2025-10-08,0.22841735364239413
AOI-0066,2025-06-05,0.5113298894779091
AOI-0066,2025-07-05,0.7857577492325387
AOI-0066,2025-07-15,0.6920005705219352
AOI-0066,2025-07-25,0.5347843797259707
AOI-0066,2025-07-27,0.5076368282541941
AOI-0066,2025-08-14,0.30166412188662295
AOI-0066,2025-09-01,0.16662698227570039
AOI-0067,2010-04-25,0.17795536762078518
AOI-0067,2010-06-20,0.18577390123787502
AOI-0067,2010-06-26,0.2507599840557866
AOI-0067,2010-07-13,0.1762143067581686
AOI-0067,2010-07-21,0.16281363010284747
AOI-0067,2010-08-06,0.16523632714247788
AOI-0067,2010-08-07,0.14415027695469196
AOI-0067,2010-08-15,0.14461058599875953
AOI-0067,2010-09-23,0.15247213652551372
AOI-0067,2010-10-09,0.15916554216669937
AOI-0067,2011-05-09,0.3276523676665275
AOI-0067,2011-05-14,0.1832707710938214
AOI-0067,2011-09-03,0.3320526524143119
AOI-0067,2011-09-19,0.3093507328259305
AOI-0067,2012-05-08,0.38148316272719374
AOI-0067,2012-06-09,0.23337144469995752
AOI-0067,2012-07-27,0.15736239889671194
AOI-0067,2012-09-29,0.1742907491359698
AOI-0067,2013-07-30,0.2340254702602193
AOI-0067,2013-08-29,0.39932665969192666
AOI-0067,2014-05-21,0.19333773155683948
AOI-0067,2014-05-25,0.299237438969458
AOI-0067,2014-06-06,0.2030258513907598
AOI-0067,2014-06-07,0.20270992761633955
AOI-0067,2014-07-01,0.19244005348164267
AOI-0067,2014-07-16,0.19067005040793986
AOI-0067,2014-07-17,0.15798500891747494
AOI-0067,2014-09-14,0.224135332126122
AOI-0067,2014-10-12,0.13895403889459332
AOI-0067,2015-04-15,0.17152977960590615
AOI-0067,2015-05-09,0.2894259226463682
AOI-0067,2015-06-02,0.2111474133903488
AOI-0067,2015-06-18,0.2534139241338053
AOI-0067,2015-07-12,0.4549468157375468
AOI-0067,2015-07-20,0.3734086634484815
AOI-0067,2015-08-29,0.462815176439777
AOI-0067,2015-09-14,0.3710536539274564
AOI-0067,2015-09-29,0.2526032156954896
AOI-0067,2016-05-03,0.246529578809947
AOI-0067,2016-05-10,0.2598396990095506
AOI-0067,2016-05-11,0.262450833887309
AOI-0067,2016-06-25,0.2418311922009707
AOI-0067,2016-07-14,0.1835713048635077
AOI-0067,2016-07-27,0.382114723530227
AOI-0067,2016-09-29,0.27371269764223655
AOI-0067,2016-10-25,0.19921798883721478
AOI-0067,2017-04-04,0.16966196813508147
AOI-0067,2017-04-28,0.16386296306528916
AOI-0067,2017-05-05,0.16866746429605536
AOI-0067,2017-06-07,0.2796036088049804
AOI-0067,2017-07-09,0.4577468047927822
AOI-0067,2017-07-25,0.5209263182509692
AOI-0067,2017-08-02,0.5742757740513509
AOI-0067,2017-08-11,0.5594971670368455
AOI-0067,2017-08-13,0.5247906148284758
AOI-0067,2017-08-29,0.49535589259963936
AOI-0067,2017-09-14,0.44581953860912577
AOI-0067,2017-09-20,0.40306811766892675
AOI-0067,2018-04-06,0.1943544981896344
AOI-0067,2018-04-23,0.24506507887493398
AOI-0067,2018-05-25,0.24315734849739204
AOI-0067,2018-07-11,0.17750893173057097
AOI-0067,2018-08-29,0.21397523349787984
AOI-0067,2019-05-08,0.7222907989331281
AOI-0067,2019-05-28,0.7880655982630758
AOI-0067,2019-06-12,0.4869410111286201
AOI-0067,2019-07-12,0.26313754928466354
AOI-0067,2019-07-14,0.20482687503223584
AOI-0067,2019-07-28,0.40977435069112683
AOI-0067,2019-08-08,0.4085247153451041
AOI-0067,2019-08-11,0.3655729832697873
AOI-0067,2019-08-29,0.2998871863712155
AOI-0067,2019-09-05,0.26230239431705205
AOI-0067,2019-09-16,0.2726446627434691
AOI-0067,2019-09-24,0.28944269708080594
AOI-0067,2019-10-02,0.29805764536171003
AOI-0067,2019-10-03,0.29306591004110616
AOI-0067,2019-10-15,0.29573554580264805
AOI-0067,2020-04-22,0.21129547285666792
AOI-0067,2020-04-27,0.13519408417307038
AOI-0067,2020-05-02,0.11917969545032836
AOI-0067,2020-05-08,0.2924506394036297
AOI-0067,2020-07-06,0.6248740522860834
AOI-0067,2020-07-25,0.39185573541109175
AOI-0067,2020-07-26,0.4029278955205223
AOI-0067,2020-07-27,0.437841435945869
AOI-0067,2020-08-25,0.3529647520046292
AOI-0067,2020-10-15,0.25896203208894664
AOI-0067,2021-05-16,0.2818245408680876
AOI-0067,2021-06-06,0.6263199268774248
AOI-0067,2021-06-16,0.6854732191581717
AOI-0067,2021-06-18,0.6901672982460759
AOI-0067,2021-07-04,0.4245499522248719
AOI-0067,2021-08-30,0.29457542686311117
AOI-0067,2021-09-09,0.3094679805117207
AOI-0067,2021-10-09,0.19137963061103913
AOI-0067,2022-04-02,0.1259145402056849
AOI-0067,2022-04-23,0.26313434712131495
AOI-0067,2022-04-26,0.1932952301990413
AOI-0067,2022-06-01,0.21561843113083334
AOI-0067,2022-07-01,0.5736403961123184
AOI-0067,2022-08-23,0.42866867536855646
AOI-0067,2022-08-24,0.43374173820499806
AOI-0067,2022-08-29,0.4136924181049371
AOI-0067,2022-09-01,0.32815119175958424
AOI-0067,2022-09-25,0.3497765951940908
AOI-0067,2022-10-09,0.3151305398800623
AOI-0067,2022-10-14,0.30333544136404733
AOI-0067,2023-04-23,0.3019160609513417
AOI-0067,2023-05-31,0.23024840046123313
AOI-0067,2023-06-30,0.6614762980023444
AOI-0067,2023-07-12,0.6441684747142368
AOI-0067,2023-07-21,0.5888529949617263
AOI-0067,2023-07-27,0.5073196751974387
AOI-0067,2023-08-26,0.3114026126092594
AOI-0067,2023-09-24,0.20045933639580882
AOI-0067,2023-09-27,0.21039147192104715
AOI-0067,2023-10-05,0.2682516013247719
AOI-0067,2023-10-13,0.21657243303053156
AOI-0067,2024-04-01,0.15039591890486342
AOI-0067,2024-04-11,0.22054202990127084
AOI-0067,2024-05-09,0.429945432479633
AOI-0067,2024-05-24,0.657590628796085
AOI-0067,2024-07-05,0.25435409958416233
AOI-0067,2024-07-10,0.2508761626296386
AOI-0067,2024-08-29,0.133002656905527
AOI-0067,2024-09-06,0.1498720883865676
AOI-0067,2024-09-23,0.13952059324577332
AOI-0067,2025-04-17,0.18512399698655052
AOI-0067,2025-04-23,0.2195509324135534
AOI-0067,2025-04-28,0.14316720353817225
AOI-0067,2025-06-05,0.12858051623554426
AOI-0067,2025-06-21,0.26932208320562656
AOI-0067,2025-06-26,0.4353188975505198
AOI-0067,2025-07-05,0.41884011507642704
AOI-0067,2025-07-14,0.48452250347769377
AOI-0067,2025-07-15,0.4422630287994216
AOI-0067,2025-08-06,0.5661507770089628
AOI-0067,2025-09-01,0.4257569642361832
AOI-0067,2025-09-23,0.27694912307287195
AOI-0067,2025-10-03,0.22011240276394603
AOI-0068,2010-04-16,0.14794382839504933
AOI-0068,2010-05-02,0.16582951967556842
AOI-0068,2010-05-09,0.2986221409889689
AOI-0068,2010-06-20,0.16653692126979067
AOI-0068,2010-07-13,0.16231702623508742
AOI-0068,2010-07-14,0.1360385586733221
AOI-0068,2010-07-28,0.21295199809040066
AOI-0068,2010-08-07,0.15750252256418235
AOI-0068,2010-08-29,0.18764326239373752
AOI-0068,2011-04-07,0.4621786041052732
AOI-0068,2011-05-30,0.5983422002014
AOI-0068,2011-06-15,0.40337334526924196
AOI-0068,2011-06-23,0.27712483837430996
AOI-0068,2011-07-16,0.20624921128764523
AOI-0068,2011-08-09,0.1824411257363242
AOI-0068,2011-09-03,0.17121876864606111
AOI-0068,2012-07-27,0.16948324098506184
AOI-0068,2012-08-03,0.13949745011257805
AOI-0068,2012-10-22,0.18102113932346353
AOI-0068,2013-06-19,0.27674257440450994
AOI-0068,2013-06-27,0.2428786543770055
AOI-0068,2013-07-28,0.25505457101853446
AOI-0068,2014-04-27,0.4457476004681472
AOI-0068,2014-07-28,0.1906803824532476
AOI-0068,2014-08-17,0.16234699846865772
AOI-0068,2014-08-25,0.1345930352154244
AOI-0068,2014-10-05,0.1339749522919656
AOI-0068,2014-10-16,0.19730516813011956
AOI-0068,2014-10-29,0.15306377271304566
AOI-0068,2015-06-09,0.3422022473586397
AOI-0068,2015-07-27,0.27117803475782065
AOI-0068,2015-08-04,0.25098701983759847
AOI-0068,2016-05-02,0.3232168279952448
AOI-0068,2016-05-11,0.31340949093415077
AOI-0068,2016-07-14,0.3285547487091063
AOI-0068,2016-08-28,0.2802225677147482
AOI-0068,2016-09-13,0.2668795640205594
AOI-0068,2016-09-29,0.3474394252539812
AOI-0068,2017-05-14,0.5400211123380082
AOI-0068,2017-06-10,0.4996870631969954
AOI-0068,2017-06-22,0.3942350656897843
AOI-0068,2017-06-27,0.284248691377001
AOI-0068,2017-07-12,0.2572498899834007
AOI-0068,2017-08-02,0.19481365321395594
AOI-0068,2017-08-11,0.13413445832578721
AOI-0068,2017-08-13,0.19962568678103493
AOI-0068,2017-09-02,0.11319476818904632
AOI-0068,2017-09-03,0.18947692399571198
AOI-0068,2018-04-28,0.27201977899322477
AOI-0068,2018-05-09,0.4123595142878406
AOI-0068,2018-06-07,0.20937707314441573
AOI-0068,2018-07-11,0.1466039510636319
AOI-0068,2018-08-28,0.13812717783049944
AOI-0068,2018-09-06,0.14461015788878406
AOI-0068,2018-09-21,0.14183827524909592
AOI-0068,2019-05-25,0.6161521842914924
AOI-0068,2019-05-28,0.5753074665942236
AOI-0068,2019-06-28,0.19091205445894277
AOI-0068,2019-08-07,0.23769713413690227
AOI-0068,2019-09-01,0.1873211157810584
AOI-0068,2019-09-05,0.15946005746263042
AOI-0068,2019-09-15,0.16265209843218464
AOI-0068,2019-09-24,0.22217773331079102
AOI-0068,2019-09-25,0.2156195457931095
AOI-0068,2019-09-30,0.3076717315526546
AOI-0068,2019-10-02,0.2710023679611282
AOI-0068,2019-10-25,0.31213467889244617
AOI-0068,2020-04-02,0.2916615061161479
AOI-0068,2020-04-06,0.3775355693143488
AOI-0068,2020-04-12,0.2893035616106461
AOI-0068,2020-04-19,0.3008124513615693
AOI-0068,2020-06-26,0.19139058482808693
AOI-0068,2020-07-27,0.17822739393349676
AOI-0068,2020-07-31,0.13610165396368926
AOI-0068,2020-09-03,0.1616035712878833
AOI-0068,2020-10-05,0.13991895519155953
AOI-0068,2020-10-20,0.15784260124327634
AOI-0068,2021-05-01,0.3036564131256643
AOI-0068,2021-05-16,0.4404717601854461
AOI-0068,2021-06-11,0.4500744208250988
AOI-0068,2021-06-16,0.43463610435293515
AOI-0068,2021-07-19,0.2389459771976527
AOI-0068,2021-07-31,0.1706864708864146
AOI-0068,2021-09-30,0.40033422084025516
AOI-0068,2022-04-02,0.2872609896946494
AOI-0068,2022-04-12,0.33387513213233416
AOI-0068,2022-04-23,0.5430695248458104
AOI-0068,2022-05-12,0.5000136022490885
AOI-0068,2022-05-27,0.3963597663982696
AOI-0068,2022-06-08,0.365128808531629
AOI-0068,2022-06-20,0.23857684737571455
AOI-0068,2022-07-01,0.18792049173270464
AOI-0068,2022-07-14,0.14707959894775227
AOI-0068,2022-07-30,0.17797233086984182
AOI-0068,2022-08-15,0.16251374297673143
AOI-0068,2023-04-03,0.4536545237854446
AOI-0068,2023-04-17,0.48235916778644694
AOI-0068,2023-05-09,0.6486613483669541
AOI-0068,2023-06-06,0.5161388535044993
AOI-0068,2023-06-30,0.267212431493956
AOI-0068,2023-07-05,0.23219456531963228
AOI-0068,2023-08-03,0.2370750331003212
AOI-0068,2023-08-13,0.294906366732717
AOI-0068,2023-09-03,0.342218690617416
AOI-0068,2023-09-24,0.3137692237322166
AOI-0068,2023-10-06,0.3140531806323576
AOI-0068,2023-10-11,0.28949986816859924
AOI-0068,2024-05-01,0.24718407696655256
AOI-0068,2024-05-09,0.1990038407804887
AOI-0068,2024-06-15,0.14824234016837995
AOI-0068,2024-08-05,0.16808910341842867
AOI-0068,2024-08-09,0.11548869451666838
AOI-0068,2024-08-19,0.145760453832278
AOI-0068,2024-08-28,0.1886894403027609
AOI-0068,2024-09-08,0.13770109860531346
AOI-0068,2024-09-14,0.17610739435942022
AOI-0068,2024-09-29,0.1992407617749822
AOI-0068,2024-10-13,0.1489569189930612
AOI-0068,2025-05-08,0.6756585314821282
AOI-0068,2025-05-11,0.6941368205546327
AOI-0068,2025-05-20,0.7104620031224018
AOI-0068,2025-06-10,0.4294971241147191
AOI-0068,2025-06-15,0.3486654939975779
AOI-0068,2025-06-17,0.33481355828766696
AOI-0068,2025-06-30,0.20834817172450584
AOI-0068,2025-07-22,0.202935305320094
AOI-0068,2025-07-28,0.2231698071251371
AOI-0068,2025-08-13,0.2463783234202873
AOI-0068,2025-08-14,0.17533030948371098
AOI-0068,2025-08-23,0.21067551522453015
AOI-0068,2025-08-24,0.16830020388824815
AOI-0068,2025-09-08,0.17920428173576947
AOI-0068,2025-09-14,0.26476665667485355
AOI-0068,2025-09-24,0.22373061895550464
AOI-0069,2025-04-16,0.14489365982663632
AOI-0069,2025-04-21,0.1783616687479099
AOI-0069,2025-04-23,0.29387547061303687
AOI-0069,2025-05-01,0.15950089590280583
AOI-0069,2025-05-11,0.2580190348800371
AOI-0069,2025-05-25,0.5059995483557742
AOI-0069,2025-05-28,0.42734520429670114
AOI-0069,2025-06-10,0.42809809594844384
AOI-0069,2025-06-25,0.2903152528329519
AOI-0069,2025-06-26,0.34688060050109565
AOI-0069,2025-07-05,0.19290110767164606
AOI-0069,2025-07-06,0.22839900763265944
AOI-0069,2025-07-22,0.13742405575123437
AOI-0069,2025-08-07,0.15122779059072705
AOI-0069,2025-08-14,0.14903669576113032
AOI-0069,2025-09-01,0.11673620064302044
AOI-0069,2025-09-14,0.1989126183886816
AOI-0069,2025-09-24,0.16704070486372768
AOI-0069,2025-09-25,0.14465069304643774
AOI-0069,2025-09-28,0.13069263747242077
AOI-0070,2025-05-11,0.2700518557560623
AOI-0070,2025-05-25,0.38445244083504876
AOI-0070,2025-06-07,0.216215525793104
AOI-0070,2025-06-10,0.2707214641563963
AOI-0070,2025-06-25,0.19970154214579558
AOI-0070,2025-07-12,0.24084084445852208
AOI-0070,2025-08-24,0.15681436824358252
AOI-0070,2025-08-31,0.16646667855409605
AOI-0070,2025-09-25,0.16222714586077924
AOI-0070,2025-10-02,0.1942873556701379
AOI-0070,2025-10-13,0.18366908949958707
AOI-0070,2025-10-23,0.21832409201310707
AOI-0071,2025-04-16,0.333549203852286
AOI-0071,2025-04-18,0.3635558500756399
AOI-0071,2025-04-21,0.36476063963483674
AOI-0071,2025-05-25,0.48507907907991465
AOI-0071,2025-06-26,0.6334404917826801
AOI-0071,2025-07-06,0.5972688346130057
AOI-0071,2025-07-07,0.5375248062319825
AOI-0071,2025-07-12,0.45366699005505234
AOI-0071,2025-08-13,0.4282973459053988
AOI-0071,2025-08-23,0.3901951317908618
AOI-0071,2025-08-24,0.36354929522650575
AOI-0071,2025-08-26,0.36766917201619415
AOI-0071,2025-08-29,0.36175309860573523
AOI-0071,2025-09-01,0.37520905430089535
AOI-0071,2025-09-15,0.30939023930546833
AOI-0071,2025-09-28,0.2878705161541817
AOI-0072,2025-05-08,0.7132576169361559
AOI-0072,2025-06-04,0.6713717929897195
AOI-0072,2025-07-05,0.16967020631770058
AOI-0072,2025-07-06,0.21148737972019982
AOI-0072,2025-07-14,0.18849922270605593
AOI-0072,2025-07-17,0.14174360607811837
AOI-0072,2025-08-07,0.16811716167525378
AOI-0072,2025-08-19,0.15681803341145198
AOI-0072,2025-08-29,0.215007759870552
AOI-0072,2025-09-03,0.14292153724653317
AOI-0072,2025-09-15,0.15554937987922982
AOI-0072,2025-09-16,0.1592914767975686
AOI-0072,2025-09-30,0.22828416067058915
AOI-0072,2025-10-03,0.1489159319740226
AOI-0072,2025-10-13,0.14462888663793083
AOI-0073,2010-06-26,0.5946495083759499
AOI-0073,2010-07-12,0.49206262189183453
AOI-0073,2011-04-07,0.2867777443793644
AOI-0073,2011-07-14,0.5228130570446381
AOI-0073,2011-09-14,0.3821187175929088
AOI-0073,2012-04-22,0.4726536474207234
AOI-0073,2012-04-27,0.40438515693248184
AOI-0073,2012-05-24,0.637268655871016
AOI-0073,2012-09-29,0.29907178560428693
AOI-0073,2013-04-03,0.25849456663908416
AOI-0073,2013-06-10,0.5451201877962852
AOI-0073,2013-06-25,0.5194155029948626
AOI-0073,2013-07-12,0.5686113988511402
AOI-0073,2013-07-28,0.5188365949314695
AOI-0073,2013-09-30,0.4394300761608182
AOI-0073,2014-05-27,0.5330159478066233
AOI-0073,2014-07-12,0.7306825729092381
AOI-0073,2014-07-30,0.6128454258273386
AOI-0073,2014-08-13,0.47031047155497907
AOI-0073,2014-09-14,0.40756691082975194
AOI-0073,2014-10-10,0.24142582361798293
AOI-0073,2015-05-22,0.3712502479948646
AOI-0073,2015-05-30,0.4110161169699371
AOI-0073,2015-06-10,0.5734979967718329
AOI-0073,2015-06-15,0.4693709261865811
AOI-0073,2015-07-01,0.5635390021147574
AOI-0073,2015-07-09,0.6005976201188596
AOI-0073,2015-08-26,0.362612695563874
AOI-0073,2015-10-05,0.22623028430171738
AOI-0073,2016-04-06,0.573813289180218
AOI-0073,2017-04-23,0.2735042366901705
AOI-0073,2017-06-04,0.3686719936497075
AOI-0073,2017-06-12,0.45057468500065445
AOI-0073,2017-07-06,0.7206183046801543
AOI-0073,2017-07-18,0.7617458628124589
AOI-0073,2017-08-07,0.6976017157372284
AOI-0073,2017-08-12,0.6641509815218858
AOI-0073,2017-10-11,0.30117809609196555
AOI-0073,2017-10-16,0.32475825740701314
AOI-0073,2018-04-16,0.163311227558531
AOI-0073,2019-05-17,0.30353777096468504
AOI-0073,2019-05-19,0.27776894769084703
AOI-0073,2019-06-03,0.4857027406561645
AOI-0073,2019-07-13,0.6492878658866015
AOI-0073,2019-08-07,0.6681202801120957
AOI-0073,2019-08-12,0.5708086287333145
AOI-0073,2019-09-06,0.3522812571705186
AOI-0073,2019-09-11,0.3554827256182788
AOI-0073,2019-09-15,0.3134941177577062
AOI-0073,2019-09-16,0.3194896046861954
AOI-0073,2019-09-28,0.26612765375695824
AOI-0073,2019-10-16,0.28801053392423254
AOI-0073,2019-10-26,0.21532428838076884
AOI-0073,2020-04-05,0.12968183968524855
AOI-0073,2020-04-15,0.11078810999570685
AOI-0073,2020-04-22,0.3753459160574021
AOI-0073,2020-05-18,0.605753104827494
AOI-0073,2020-07-04,0.3100773715484253
AOI-0073,2020-07-06,0.3239101185366932
AOI-0073,2020-07-24,0.21581112168459804
AOI-0073,2020-07-29,0.1924116114301385
AOI-0073,2020-08-12,0.27849549819404884
AOI-0073,2020-09-01,0.24116780504291224
AOI-0073,2020-09-20,0.1686964767800396
AOI-0073,2020-10-20,0.22177185191819815
AOI-0073,2020-10-26,0.17898353148465407
AOI-0073,2021-05-06,0.2168410913922918
AOI-0073,2021-05-13,0.18839219064928708
AOI-0073,2021-05-15,0.20664283633424024
AOI-0073,2021-06-29,0.7081561901253628
AOI-0073,2021-07-25,0.7446058943591681
AOI-0073,2021-08-02,0.6738752061626415
AOI-0073,2021-09-07,0.3389107394353662
AOI-0073,2021-09-14,0.31706344272208464
AOI-0073,2021-09-15,0.28894742088013153
AOI-0073,2022-04-23,0.3221269762230885
AOI-0073,2022-04-25,0.21299060273835196
AOI-0073,2022-06-04,0.2897138267216906
AOI-0073,2022-06-07,0.2621013906714905
AOI-0073,2022-06-09,0.2555757862633599
AOI-0073,2022-06-14,0.39874891373674964
AOI-0073,2022-07-05,0.780827637664062
AOI-0073,2022-07-07,0.7304733960282496
AOI-0073,2022-09-10,0.3590040308836493
AOI-0073,2022-09-30,0.3471687864163946
AOI-0073,2023-04-02,0.24622196839804292
AOI-0073,2023-04-28,0.26413793350089887
AOI-0073,2023-05-03,0.2929005441068582
AOI-0073,2023-05-05,0.277576507321038
AOI-0073,2023-05-13,0.3586298636826455
AOI-0073,2023-06-04,0.5360568507368241
AOI-0073,2023-06-07,0.5292963378907563
AOI-0073,2023-07-25,0.32631111746927466
AOI-0073,2023-07-31,0.23521052120592612
AOI-0073,2023-08-06,0.24286457636694
AOI-0073,2023-08-16,0.23837492112713188
AOI-0073,2023-08-28,0.23764596418681608
AOI-0073,2023-09-07,0.21115329950870443
AOI-0073,2023-09-12,0.2199820232452331
AOI-0073,2023-09-29,0.21408813784556616
AOI-0073,2023-10-11,0.2689716703198701
AOI-0073,2023-10-15,0.24342384760011487
AOI-0073,2024-04-14,0.43994978160855275
AOI-0073,2024-04-20,0.5520198458097455
AOI-0073,2024-05-06,0.623762020116463
AOI-0073,2024-05-07,0.640536531143671
AOI-0073,2024-06-23,0.36621380093908096
AOI-0073,2024-07-03,0.24357942355392345
AOI-0073,2024-07-11,0.3790907767276742
AOI-0073,2024-07-13,0.25830147100317646
AOI-0073,2024-07-21,0.2571800643428889
AOI-0073,2024-07-25,0.2541787051848231
AOI-0073,2024-08-12,0.27682754870123893
AOI-0073,2024-08-28,0.2608628455943564
AOI-0073,2024-09-01,0.188871219135556
AOI-0073,2024-09-13,0.2470957071555757
AOI-0073,2024-09-29,0.22573863951233175
AOI-0073,2025-04-07,0.2537198623087881
AOI-0073,2025-04-15,0.21046369153456163
AOI-0073,2025-04-19,0.1862759911602821
AOI-0073,2025-04-22,0.21510620342184916
AOI-0073,2025-04-23,0.2898341603461832
AOI-0073,2025-04-29,0.19670955300943965
AOI-0073,2025-05-11,0.2347733085667243
AOI-0073,2025-05-22,0.25299466348120364
AOI-0073,2025-05-29,0.247046901361765
AOI-0073,2025-06-03,0.31196234400498796
AOI-0073,2025-06-30,0.7352724467649255
AOI-0073,2025-07-06,0.7649152206521388
AOI-0073,2025-07-08,0.747551926811413
AOI-0073,2025-07-28,0.6770407034268529
AOI-0073,2025-08-05,0.7017261722379189
AOI-0073,2025-08-07,0.7075159145118157
AOI-0073,2025-08-22,0.4705681738416221
AOI-0073,2025-08-27,0.3999523131107611
AOI-0073,2025-09-22,0.310151176917168
AOI-0074,2010-07-12,0.3715250360674216
AOI-0074,2010-08-29,0.315742919027901
AOI-0074,2011-05-27,0.31422574528918307
AOI-0074,2011-06-20,0.5848809138828206
AOI-0074,2011-06-26,0.75589610350475
AOI-0074,2011-07-06,0.7198392348767121
AOI-0074,2011-09-24,0.29154208085792954
AOI-0074,2013-06-25,0.4232437114126613
AOI-0074,2013-07-03,0.3376560146440897
AOI-0074,2013-07-11,0.31616891832673477
AOI-0074,2013-08-13,0.35296200857813076
AOI-0074,2014-07-14,0.7677436083019669
AOI-0074,2014-07-28,0.6400256006670559
AOI-0074,2014-09-14,0.32895622891407694
AOI-0074,2014-10-16,0.26427209941268665
AOI-0074,2015-04-23,0.2993294216672299
AOI-0074,2015-04-28,0.21339612077480336
AOI-0074,2015-07-25,0.6656856837936913
AOI-0074,2015-10-16,0.24544995546056692
AOI-0074,2015-10-29,0.20366755283608803
AOI-0074,2016-08-12,0.32783969289950754
AOI-0074,2016-08-20,0.24513122137178328
AOI-0074,2017-04-23,0.2762122664218854
AOI-0074,2017-05-04,0.23460775518898047
AOI-0074,2017-05-06,0.21711213379299898
AOI-0074,2017-06-04,0.4079015493945734
AOI-0074,2017-06-05,0.38562287176755483
AOI-0074,2017-06-10,0.639565858852761
AOI-0074,2017-06-20,0.5274507957598199
AOI-0074,2017-06-26,0.7768089844740131
AOI-0074,2017-07-18,0.7512921432701174
AOI-0074,2017-08-07,0.665160282411086
AOI-0074,2017-08-17,0.5290407132511834
AOI-0074,2017-09-16,0.3111328957128752
AOI-0074,2017-10-11,0.2699350580685716
AOI-0074,2017-10-16,0.2886221650110199
AOI-0074,2018-04-04,0.18380614145747115
AOI-0074,2018-04-23,0.3211281794463136
AOI-0074,2018-05-06,0.27980887719051156
AOI-0074,2018-05-11,0.3214258532105648
AOI-0074,2018-05-22,0.376645125080442
AOI-0074,2018-05-26,0.3538224437766043
AOI-0074,2018-05-30,0.3644376409879969
AOI-0074,2018-07-13,0.6703317869344614
AOI-0074,2018-08-18,0.7561094305390871
AOI-0074,2018-09-14,0.36196476733070926
AOI-0074,2018-09-19,0.3670804709276004
AOI-0074,2018-09-30,0.3135576257193465
AOI-0074,2019-04-23,0.2531055298458995
AOI-0074,2019-05-04,0.2662906502761517
AOI-0074,2019-05-14,0.2755844249896752
AOI-0074,2019-05-16,0.22974232589838542
AOI-0074,2019-05-31,0.4477624006254916
AOI-0074,2019-06-13,0.6369205637190459
AOI-0074,2019-07-13,0.6663203960913575
AOI-0074,2019-08-05,0.6259621017555186
AOI-0074,2019-08-09,0.5656391128913603
AOI-0074,2019-09-14,0.3161657279576414
AOI-0074,2020-04-09,0.20349623294648347
AOI-0074,2020-07-06,0.2611745190617629
AOI-0074,2020-07-22,0.23607430238212856
AOI-0074,2020-08-07,0.22206337910284837
AOI-0074,2020-08-26,0.21230786259101309
AOI-0074,2020-09-07,0.14853912258188873
AOI-0074,2020-09-08,0.19849740114219044
AOI-0074,2020-09-12,0.16078413726714827
AOI-0074,2020-10-07,0.15144773502742004
AOI-0074,2020-10-12,0.13311149327355176
AOI-0074,2020-10-18,0.22077393612883722
AOI-0074,2020-10-22,0.12221860837842244
AOI-0074,2021-04-25,0.22961986073138496
AOI-0074,2021-06-23,0.5930674090364703
AOI-0074,2021-06-27,0.5935421594821954
AOI-0074,2021-07-17,0.6863274898284932
AOI-0074,2021-08-03,0.5584281792507895
AOI-0074,2021-08-06,0.5451790408196281
AOI-0074,2021-08-19,0.46452059877333285
AOI-0074,2021-09-03,0.37300267944419035
AOI-0074,2021-10-06,0.21169264337123148
AOI-0074,2021-10-17,0.20670341156438976
AOI-0074,2021-10-20,0.21749519967215986
AOI-0074,2021-10-27,0.21357731363454027
AOI-0074,2022-05-30,0.23679540676559094
AOI-0074,2022-07-12,0.6982534983672763
AOI-0074,2022-08-29,0.5010393587157348
AOI-0074,2022-10-16,0.2979762669347277
AOI-0074,2023-04-28,0.23284063425636098
AOI-0074,2023-05-30,0.4033838864449818
AOI-0074,2023-06-09,0.5729381347615364
AOI-0074,2023-06-19,0.4171970453745847
AOI-0074,2023-07-14,0.25886230425098744
AOI-0074,2023-08-16,0.2596957831024145
AOI-0074,2023-09-14,0.23456717612448927
AOI-0074,2023-10-11,0.26544778786662315
AOI-0074,2024-04-17,0.49733706382845333
AOI-0074,2024-05-08,0.6492819399333047
AOI-0074,2024-05-09,0.6021447150752042
AOI-0074,2024-06-06,0.5403404271019965
AOI-0074,2024-07-08,0.24471917813899538
AOI-0074,2024-07-18,0.2451558789705279
AOI-0074,2024-07-27,0.30312223739608857
AOI-0074,2024-08-12,0.26670890353305454
AOI-0074,2024-08-28,0.24837284783923397
AOI-0074,2024-09-04,0.19298463231183616
AOI-0074,2024-09-09,0.18359099421217667
AOI-0074,2025-04-07,0.23127459429514974
AOI-0074,2025-04-15,0.1940763714688605
AOI-0074,2025-05-12,0.22019584044664697
AOI-0074,2025-05-14,0.18955800202675677
AOI-0074,2025-06-01,0.3518830453534273
AOI-0074,2025-06-10,0.5711193662051619
AOI-0074,2025-07-06,0.8001343517094845
AOI-0074,2025-07-16,0.6684200357133987
AOI-0074,2025-08-05,0.6679746766092015
AOI-0074,2025-08-19,0.46983008117410063
AOI-0074,2025-09-08,0.23520128666844786
AOI-0074,2025-09-22,0.2716192727580226
AOI-0074,2025-10-01,0.23305903292075908
AOI-0074,2025-10-26,0.2198383118567403
AOI-0075,2025-04-07,0.3229323118843502
AOI-0075,2025-04-12,0.19444765837915734
AOI-0075,2025-07-12,0.6265070098725909
AOI-0075,2025-07-18,0.5155093092708019
AOI-0075,2025-08-21,0.5156173649847362
AOI-0075,2025-08-30,0.4417895299155606
AOI-0075,2025-09-08,0.4363847048029012
AOI-0075,2025-09-16,0.3294748866403643
AOI-0075,2025-09-21,0.2892460133770075
AOI-0075,2025-10-29,0.2912998489936972
AOI-0076,2025-04-19,0.19668114878780693
AOI-0076,2025-05-01,0.2339777350158056
AOI-0076,2025-05-11,0.2580591069870578
AOI-0076,2025-05-25,0.6070452831927896
AOI-0076,2025-07-10,0.8176629345918126
AOI-0076,2025-07-31,0.7274548139346373
AOI-0076,2025-08-21,0.40154821125186807
AOI-0076,2025-08-27,0.34442188109947447
AOI-0076,2025-09-01,0.2985197835004538
AOI-0076,2025-09-21,0.22425140066751353
AOI-0076,2025-09-22,0.2786253238078381
AOI-0076,2025-10-01,0.2151500318350554
AOI-0076,2025-10-04,0.21711778546301874
AOI-0077,2025-05-09,0.7621884529787084
AOI-0077,2025-06-06,0.5738664354793144
AOI-0077,2025-06-21,0.48548253401293473
AOI-0077,2025-07-12,0.3673834128728449
AOI-0077,2025-08-22,0.16901096219820227
AOI-0077,2025-08-27,0.17349135945455824
AOI-0077,2025-08-30,0.22301325636762764
AOI-0077,2025-09-11,0.17978422045441977
AOI-0077,2025-09-22,0.23775357045610268
AOI-0078,2025-05-02,0.8295743675010753
AOI-0078,2025-05-25,0.7991069742887305
AOI-0078,2025-06-01,0.6859581486989228
AOI-0078,2025-06-03,0.6789094192297106
AOI-0078,2025-06-06,0.6546812855070991
AOI-0078,2025-06-10,0.5977343818248009
AOI-0078,2025-07-04,0.26854381157936197
AOI-0078,2025-07-10,0.19292023842645195
AOI-0078,2025-07-11,0.20761443509509103
AOI-0078,2025-07-13,0.18445097570061203
AOI-0078,2025-08-10,0.18176233773550965
AOI-0078,2025-08-15,0.21202866729352907
AOI-0078,2025-09-08,0.17757976639987386
AOI-0078,2025-10-04,0.26066748208857343
