anon_polygon_id,date,crop_type,v3_prediction,v4_prediction,global_correction_raw,global_blend_weight,v5_prediction
AOI-0001,2010-08-29,озимая пшеница,0.22888358031181222,0.21914126014599264,-0.0260509338967494,0.35,0.21002343328213036
AOI-0001,2010-10-25,озимая пшеница,0.17537272983272847,0.1862993179072024,0.006489296584416635,0.35,0.1885705717117482
AOI-0001,2011-06-13,озимая пшеница,0.6524476462964999,0.6452266706991748,0.00197419289688278,0.35,0.6459176382130838
AOI-0001,2011-09-18,озимая пшеница,0.2618051168058817,0.2606173164029532,0.009256634699400863,0.35,0.2638571385477435
AOI-0001,2011-09-26,озимая пшеница,0.27230225017435805,0.27469744601282137,-0.015402797458754093,0.35,0.26930646690225746
AOI-0001,2011-09-30,озимая пшеница,0.39701257501048226,0.4088525678314355,-0.011990780590547551,0.35,0.4046557946247438
AOI-0001,2012-05-24,озимая пшеница,0.706366008268293,0.6922431411928365,-0.011588284278208193,0.35,0.6881872416954636
AOI-0001,2012-07-09,озимая пшеница,0.2355999737855769,0.2346250741794417,0.014830188896486175,0.35,0.23981564029321187
AOI-0001,2012-07-11,озимая пшеница,0.3365640353405201,0.3360532719420632,-0.008516743135926201,0.35,0.33307241184448905
AOI-0001,2012-08-10,озимая пшеница,0.17777938804221255,0.1615542098417001,0.0017187185077313133,0.35,0.16215576131940607
AOI-0001,2012-08-12,озимая пшеница,0.3146583236759368,0.30489361970171275,-0.021036606793481735,0.35,0.2975308073239941
AOI-0001,2012-10-15,озимая пшеница,0.3624094160478584,0.3739609687396834,-0.033511428673470144,0.35,0.36223196870396884
AOI-0001,2013-05-01,озимая пшеница,0.8314784502386705,0.8260166760338455,0.010743467486993456,0.35,0.8297768896542933
AOI-0001,2013-07-12,озимая пшеница,0.3442180355713681,0.34321424634386444,-0.016432158591567454,0.35,0.33746299083681586
AOI-0001,2013-09-30,озимая пшеница,0.567282216252067,0.5667045782104175,-0.004546575040356035,0.35,0.5651132769462929
AOI-0001,2014-04-18,озимая пшеница,0.23101148767984098,0.2482555870140705,0.02364881863109728,0.35,0.25653267353495457
AOI-0001,2014-05-25,озимая пшеница,0.6799183441813941,0.6774311469570579,-0.011293810810986665,0.35,0.6734783131732125
AOI-0001,2014-06-26,озимая пшеница,0.80351148610209,0.806011675721193,-0.007729356436986589,0.35,0.8033064009682477
AOI-0001,2014-07-15,озимая пшеница,0.7384803414179567,0.7320486368155251,-0.0037532509772068806,0.35,0.7307349989735027
AOI-0001,2014-07-28,озимая пшеница,0.5792627800833419,0.5701976135650555,-0.02423558898772352,0.35,0.5617151574193523
AOI-0001,2014-08-09,озимая пшеница,0.385601448157928,0.35260144815792804,0.008953576585615217,0.35,0.3557351999628934
AOI-0001,2014-08-13,озимая пшеница,0.37516016439495203,0.3635678941020253,-0.020444137926403854,0.35,0.3564124458277839
AOI-0001,2014-10-03,озимая пшеница,0.2036369776540722,0.2008878074716099,0.008886390034933536,0.35,0.20399804398383664
AOI-0001,2014-10-16,озимая пшеница,0.30471766570620673,0.31145008521703155,-0.0029572705068551725,0.35,0.31041504053963226
AOI-0001,2015-04-13,озимая пшеница,0.4419583741097302,0.43440602174145126,0.009207092987400859,0.35,0.4376285042870416
AOI-0001,2015-08-11,озимая пшеница,0.21354825623807316,0.21237068080146693,0.007723939711383302,0.35,0.21507405970045107
AOI-0001,2015-08-12,озимая пшеница,0.20210903538049446,0.20018806217417548,0.006074605737374134,0.35,0.20231417418225642
AOI-0001,2015-08-27,озимая пшеница,0.21695115691648753,0.2166584672841099,0.0015289595117329914,0.35,0.21719360311321645
AOI-0001,2015-09-20,озимая пшеница,0.18391718675372906,0.18105914396659945,0.010110865682731146,0.35,0.18459794695555534
AOI-0001,2015-09-28,озимая пшеница,0.19773219022688676,0.20817986392192014,0.008119403537838216,0.35,0.21102165516016352
AOI-0001,2016-06-27,озимая пшеница,0.28466117864406104,0.27236019775369047,-0.002635344651585004,0.35,0.27143782712563574
AOI-0001,2016-07-04,озимая пшеница,0.28757822458508353,0.27259025628918404,0.003728700221999346,0.35,0.27389530136688384
AOI-0001,2016-07-20,озимая пшеница,0.31227269452756656,0.29379204284372723,-0.014776720573610926,0.35,0.2886201906429634
AOI-0001,2016-07-27,озимая пшеница,0.37375207265380783,0.3675481276714903,-0.015031516625773348,0.35,0.3622870968524696
AOI-0001,2016-08-29,озимая пшеница,0.29487022256209394,0.28448092500601624,0.010770612463465645,0.35,0.2882506393682292
AOI-0001,2016-08-30,озимая пшеница,0.2603301456187641,0.2506648989055909,0.010340627587378345,0.35,0.25428411856117333
AOI-0001,2016-09-15,озимая пшеница,0.4770436862802785,0.46319495229468194,-0.046708230859552335,0.35,0.4468470714938386
AOI-0001,2016-09-29,озимая пшеница,0.6967169182300775,0.6850756725439202,0.04028861412997987,0.35,0.6991766874894132
AOI-0001,2017-05-12,озимая пшеница,0.7362820050880523,0.7319281312388375,0.013715156125397924,0.35,0.7367284358827267
AOI-0001,2017-06-29,озимая пшеница,0.5698313652815767,0.5711617393634644,0.0055036511106131,0.35,0.573088017252179
AOI-0001,2017-07-12,озимая пшеница,0.46184845972002897,0.47004820091323446,-0.01481928699158783,0.35,0.4648614504661787
AOI-0001,2017-08-09,озимая пшеница,0.29824241897194903,0.30414367012329946,-0.005673932701331753,0.35,0.30215779367783335
AOI-0001,2017-08-29,озимая пшеница,0.26638846858459714,0.25746105174314127,-0.024962524362990225,0.35,0.2487241682160947
AOI-0001,2017-09-08,озимая пшеница,0.21238938554635223,0.20716238433085357,-0.0030436737814823786,0.35,0.20609709850733474
AOI-0001,2017-09-14,озимая пшеница,0.28844540607832303,0.2804989015801569,-0.009113269865141676,0.35,0.2773092571273573
AOI-0001,2018-04-05,озимая пшеница,0.492905700585754,0.4908762974127155,0.036799094456895685,0.35,0.5037559804726289
AOI-0001,2018-04-23,озимая пшеница,0.7928380798138813,0.8002952291809625,-0.0032466226211052235,0.35,0.7991589112635757
AOI-0001,2018-05-01,озимая пшеница,0.793650796773774,0.8061683046444864,0.011680826142934263,0.35,0.8102565937945134
AOI-0001,2018-06-08,озимая пшеница,0.697331365661999,0.691399335616089,-0.00483069917297101,0.35,0.6897085909055491
AOI-0001,2018-07-12,озимая пшеница,0.30559041774839024,0.30785585051295794,-0.007955196397246615,0.35,0.3050715317739216
AOI-0001,2018-09-28,озимая пшеница,0.1736966359593622,0.15889972927043508,0.004642809332062216,0.35,0.16052471253665684
AOI-0001,2018-10-13,озимая пшеница,0.17454929296891547,0.1893360940428716,0.0011054095016783398,0.35,0.18972298736845902
AOI-0001,2019-05-11,озимая пшеница,0.5186787136794496,0.4856787136794496,-0.004426064001001925,0.35,0.48412959127909894
AOI-0001,2019-05-31,озимая пшеница,0.7140418954080281,0.714075672895022,0.004514950928771595,0.35,0.7156559057200921
AOI-0001,2019-06-04,озимая пшеница,0.7123492651462945,0.7241509657393053,0.013455304617334189,0.35,0.7288603223553722
AOI-0001,2019-06-05,озимая пшеница,0.6967199393228121,0.7067300372813676,0.007856210108979998,0.35,0.7094797108195107
AOI-0001,2019-06-25,озимая пшеница,0.3643003418179306,0.37551223739192435,0.005964294510931136,0.35,0.37759974047075023
AOI-0001,2019-07-12,озимая пшеница,0.46631758353074004,0.4698558107559037,-0.012030754300824,0.35,0.4656450467506153
AOI-0001,2019-07-22,озимая пшеница,0.4078163558202909,0.42252687501150643,-0.00790682156271911,0.35,0.4197594874645547
AOI-0001,2019-07-29,озимая пшеница,0.43621521349158476,0.4539896050888456,0.0012436741158301586,0.35,0.45442489102938616
AOI-0001,2019-08-30,озимая пшеница,0.24351290828648342,0.23655504381172987,0.00931497882380319,0.35,0.239815286400061
AOI-0001,2019-09-07,озимая пшеница,0.24628352807963932,0.23603190860092646,0.003863895769610434,0.35,0.23738427212029012
AOI-0001,2019-09-08,озимая пшеница,0.22619889781135707,0.21708288049366445,0.0021612758675842348,0.35,0.21783932704731893
AOI-0001,2019-09-18,озимая пшеница,0.15473408969934277,0.1372316694190798,-0.011370060743319876,0.35,0.13325214815891784
AOI-0001,2020-04-03,озимая пшеница,0.5292536104585267,0.5402142285118623,0.016885901848164242,0.35,0.5461242941587198
AOI-0001,2020-04-26,озимая пшеница,0.6870020952339454,0.6805665332162922,0.01483913230465592,0.35,0.6857602295229218
AOI-0001,2020-05-30,озимая пшеница,0.823665304221312,0.816194896784328,0.007158201140143667,0.35,0.8187002671833783
AOI-0001,2020-06-09,озимая пшеница,0.7690833049212755,0.7724195731897623,-0.005462620916207386,0.35,0.7705076558690898
AOI-0001,2020-07-14,озимая пшеница,0.16494377208383998,0.1541378070108511,-0.025008702158633298,0.35,0.14538476125532945
AOI-0001,2020-07-23,озимая пшеница,0.24164385330425908,0.2363266146315651,-0.0066750155077433815,0.35,0.23399035920385491
AOI-0001,2020-07-27,озимая пшеница,0.2813540383009717,0.2705216377568853,-0.013938862643365812,0.35,0.2656430358317073
AOI-0001,2020-08-08,озимая пшеница,0.192987336877891,0.18894956824893572,-0.014515382624747705,0.35,0.18386918433027402
AOI-0001,2020-09-01,озимая пшеница,0.30527185579673966,0.30700228273301783,0.009794699934057346,0.35,0.3104304277099379
AOI-0001,2020-09-02,озимая пшеница,0.2784736862834942,0.27696502899035746,-0.007946772006110263,0.35,0.2741836587882189
AOI-0001,2020-09-12,озимая пшеница,0.23333706253877276,0.22665157771624286,0.003540409941761698,0.35,0.22789072119585946
AOI-0001,2020-09-22,озимая пшеница,0.22130772675018137,0.21934155219170562,-0.0010641218613596406,0.35,0.21896910954022974
AOI-0001,2020-09-29,озимая пшеница,0.25421683943452794,0.25257758086418414,-0.015000144961221516,0.35,0.2473275301277566
AOI-0001,2020-10-11,озимая пшеница,0.20458078034319227,0.19371628492230963,0.005260132289064582,0.35,0.19555733122348223
AOI-0001,2020-10-12,озимая пшеница,0.17894663750571088,0.17906840574930222,-0.0008828681570782998,0.35,0.17875940189432482
AOI-0001,2020-10-19,озимая пшеница,0.17240907159937607,0.1723418722842484,-0.00239566191995744,0.35,0.1715033906122633
AOI-0001,2021-05-15,озимая пшеница,0.5154780569269816,0.5230047404661772,-0.002902804702482334,0.35,0.5219887588203084
AOI-0001,2021-05-20,озимая пшеница,0.49821491927963296,0.5015604620954982,-0.005035078002559274,0.35,0.4997981847946025
AOI-0001,2021-06-10,озимая пшеница,0.6721459083225578,0.676115394379233,-0.011487621752320553,0.35,0.6720947267659207
AOI-0001,2021-07-02,озимая пшеница,0.6345458222473207,0.6308824291212404,-0.0010429240698518155,0.35,0.6305174056967923
AOI-0001,2021-07-24,озимая пшеница,0.6484513856390527,0.6673937025548736,0.010489125937415526,0.35,0.6710648966329691
AOI-0001,2021-09-17,озимая пшеница,0.21562130427185744,0.21860982150695416,0.01396996454401927,0.35,0.2234993090973609
AOI-0001,2022-04-25,озимая пшеница,0.6575609667120881,0.6760885869010866,0.011649135258487622,0.35,0.6801657842415573
AOI-0001,2022-06-03,озимая пшеница,0.7832255969635562,0.8066312692184304,0.024138995913179574,0.35,0.8150799177880432
AOI-0001,2022-09-02,озимая пшеница,0.24135078678459293,0.24968082443936895,0.0024897424161089182,0.35,0.25055223428500706
AOI-0001,2022-09-30,озимая пшеница,0.26825123886043634,0.2740758405613085,0.0047984736708835355,0.35,0.2757553063461178
AOI-0001,2022-10-01,озимая пшеница,0.21261588376169926,0.2349618355416931,0.031635370355500986,0.35,0.24603421516611843
AOI-0001,2022-10-17,озимая пшеница,0.19302388531673575,0.20512209202436596,0.011933888449586823,0.35,0.20929895298172135
AOI-0001,2023-05-25,озимая пшеница,0.8377466039905652,0.8428647540039774,-0.008159049463709139,0.35,0.8400090866916792
AOI-0001,2023-06-23,озимая пшеница,0.8109312117476293,0.8295038354736913,0.014198931956898742,0.35,0.8344734616586059
AOI-0001,2023-07-15,озимая пшеница,0.2591330185645359,0.24800984257036848,-0.0004241002211642013,0.35,0.247861407492961
AOI-0001,2023-07-29,озимая пшеница,0.18543424312636198,0.17248990416112328,-0.008695456770917568,0.35,0.16944649429130212
AOI-0001,2023-08-03,озимая пшеница,0.21511826759315583,0.20879777451252418,-0.0029928905878871463,0.35,0.20775026280676367
AOI-0001,2023-08-08,озимая пшеница,0.2018527551370865,0.20900510550491203,-0.00012712219049246893,0.35,0.20896061273823965
AOI-0001,2023-08-13,озимая пшеница,0.28018875007416016,0.27807137772035234,-0.023218717638788106,0.35,0.2699448265467765
AOI-0001,2023-08-17,озимая пшеница,0.24747550234937518,0.2686642555059748,0.015176960921529016,0.35,0.27397619182850996
AOI-0001,2023-08-28,озимая пшеница,0.21420634535790695,0.21136167171736428,-0.004254316699580332,0.35,0.20987266087251116
AOI-0001,2023-08-29,озимая пшеница,0.2982108566344108,0.28513817351128884,-0.012321025634032751,0.35,0.2808258145393774
AOI-0001,2023-09-12,озимая пшеница,0.22325775452668492,0.2215575988267751,0.007537780272480723,0.35,0.22419582192214335
AOI-0001,2024-04-06,озимая пшеница,0.7453669950978906,0.7746407552668924,-0.03136931952777838,0.35,0.7636614934321699
AOI-0001,2024-05-24,озимая пшеница,0.7753306635646641,0.7680796562738882,-0.031980037648433414,0.35,0.7568866430969365
AOI-0001,2024-06-01,озимая пшеница,0.7356324575993278,0.7107227575055267,0.0427278157200435,0.35,0.7256774930075419
AOI-0001,2024-06-03,озимая пшеница,0.7141579770276741,0.7020278871881418,0.030723345269500452,0.35,0.7127810580324669
AOI-0001,2024-06-09,озимая пшеница,0.6099480501086776,0.5870556775855162,-0.014550591731134727,0.35,0.5819629704796191
AOI-0001,2024-06-13,озимая пшеница,0.592651452847265,0.5716690222430003,-0.008490985001222497,0.35,0.5686971774925724
AOI-0001,2024-06-17,озимая пшеница,0.5877665446142155,0.5709275715941838,-0.01733232104866637,0.35,0.5648612592271506
AOI-0001,2024-06-23,озимая пшеница,0.3677366365039751,0.3531295848770692,0.0029225474963220093,0.35,0.3541524765007819
AOI-0001,2024-06-25,озимая пшеница,0.3904884002776309,0.3794706838517742,-0.0297112793143556,0.35,0.3690717360917497
AOI-0001,2024-07-03,озимая пшеница,0.2806642698203793,0.2679406061691981,0.005587683365403072,0.35,0.2698962953470892
AOI-0001,2024-09-11,озимая пшеница,0.15751927864134924,0.14627299980444172,-0.004060020382811062,0.35,0.14485199267045784
AOI-0001,2024-09-13,озимая пшеница,0.21942842704678028,0.21455115867429736,-0.026007865544928507,0.35,0.20544840573357237
AOI-0001,2024-09-16,озимая пшеница,0.158855129377948,0.1522221451263793,0.003464431237783627,0.35,0.15343469605960358
AOI-0001,2024-09-29,озимая пшеница,0.22731558279051262,0.22031078825335634,-0.014518360351600684,0.35,0.21522936213029611
AOI-0001,2025-04-23,озимая пшеница,0.4612565330503463,0.48150194277735714,0.011672861200515198,0.35,0.48558744419753747
AOI-0001,2025-05-03,озимая пшеница,0.37145725264845897,0.3727558838179953,0.017008090831995015,0.35,0.37870871560919356
AOI-0001,2025-06-03,озимая пшеница,0.44841896453271596,0.442090769412606,0.005035951279443968,0.35,0.4438533523604114
AOI-0001,2025-06-27,озимая пшеница,0.6142350352635378,0.627956703175186,0.017537027827716316,0.35,0.6340946629148867
AOI-0001,2025-07-05,озимая пшеница,0.5655142667201621,0.5614855599647331,0.008137274643336136,0.35,0.5643336060899008
AOI-0001,2025-07-12,озимая пшеница,0.4573372717124618,0.4505862638755191,-0.018537510719620773,0.35,0.4440981351236518
AOI-0001,2025-07-13,озимая пшеница,0.4171463951595329,0.4164401133418799,-0.006323511208991075,0.35,0.414226884418733
AOI-0001,2025-07-23,озимая пшеница,0.4064511581265797,0.3857718285926289,0.0016297053144823386,0.35,0.3863422254526977
AOI-0001,2025-07-28,озимая пшеница,0.385385497264562,0.35797272350398657,-0.04073599313970897,0.35,0.3437151259050884
AOI-0001,2025-07-29,озимая пшеница,0.4006899088974236,0.37756052966163145,-0.01726740492269711,0.35,0.37151693793868745
AOI-0001,2025-08-02,озимая пшеница,0.29966863204501726,0.28607502681787284,-0.012579680510884638,0.35,0.2816721386390632
AOI-0001,2025-10-28,озимая пшеница,0.21836062805705428,0.23369877186899368,0.0033661839647948105,0.35,0.23487693625667186
AOI-0002,2025-05-03,озимая пшеница,0.8225866554584081,0.8263795842393238,0.022882292495774666,0.35,0.8343883866128449
AOI-0002,2025-06-03,озимая пшеница,0.5465783215108779,0.5428946833167397,0.021593244981780346,0.35,0.5504523190603628
AOI-0002,2025-06-26,озимая пшеница,0.45520203004031246,0.45894288136333733,0.019489492381323872,0.35,0.46576420369680066
AOI-0002,2025-07-29,озимая пшеница,0.25029755835208556,0.2558174190599574,0.016111357965726027,0.35,0.26145639434796153
AOI-0002,2025-08-02,озимая пшеница,0.17353816664217897,0.1769021496470586,0.008408811823969683,0.35,0.179845233785448
AOI-0002,2025-08-13,озимая пшеница,0.25937808214694213,0.2595078793846765,-0.0010597120482652741,0.35,0.25913698016778364
AOI-0002,2025-08-19,озимая пшеница,0.16631222397217515,0.161600103722976,0.017397227310843772,0.35,0.16768913328177132
AOI-0003,2025-04-01,озимая пшеница,0.5369898505770956,0.5438145803335566,0.03579473575667857,0.35,0.556342737848394
AOI-0003,2025-04-18,озимая пшеница,0.8463864847136036,0.8400839131307358,0.0011103133705747986,0.35,0.840472522810437
AOI-0003,2025-04-19,озимая пшеница,0.8556406815188266,0.8507258326308582,0.013772901607442687,0.35,0.8555463481934632
AOI-0003,2025-05-06,озимая пшеница,0.801423968795657,0.8033568892110742,0.009311572759429228,0.35,0.8066159396768744
AOI-0003,2025-06-04,озимая пшеница,0.7579613852984516,0.7610838927289192,0.014999216212082802,0.35,0.7663336184031482
AOI-0003,2025-06-13,озимая пшеница,0.5914841891670903,0.5968752384195084,0.007129805551799314,0.35,0.5993706703626381
AOI-0003,2025-07-07,озимая пшеница,0.19900216948460767,0.19940109864868114,-0.02089470372339402,0.35,0.19208795234549322
AOI-0003,2025-07-13,озимая пшеница,0.18963580672209493,0.1941364881920902,-0.01013268415599906,0.35,0.19059004873749052
AOI-0003,2025-07-15,озимая пшеница,0.1768614690409127,0.1765515269798028,-0.019735418683756573,0.35,0.169644130440488
AOI-0003,2025-08-04,озимая пшеница,0.2099670787798891,0.20652570330553516,-0.026917212705262508,0.35,0.1971046788586933
AOI-0003,2025-08-07,озимая пшеница,0.18110177518884246,0.17927667779377826,-0.003023901409081982,0.35,0.17821831230059956
AOI-0003,2025-08-14,озимая пшеница,0.1875161014838414,0.1886539633197352,-0.004851882183883226,0.35,0.18695580455537605
AOI-0003,2025-08-22,озимая пшеница,0.1584695385608828,0.15567973567450144,-0.0037926830365728223,0.35,0.15435229661170094
AOI-0003,2025-08-23,озимая пшеница,0.1985944009289905,0.19694160085383008,0.0017772113307165144,0.35,0.19756362481958087
AOI-0004,2025-04-23,озимая пшеница,0.6874121630217314,0.6804121630217314,-0.0011611324453404365,0.35,0.6800057666658622
AOI-0004,2025-05-04,озимая пшеница,0.6119733228168582,0.6108982340154415,0.014956041200823621,0.35,0.6161328484357298
AOI-0004,2025-05-24,озимая пшеница,0.6715683718950806,0.6762233980667893,-0.00446782651425626,0.35,0.6746596587867997
AOI-0004,2025-05-25,озимая пшеница,0.7424592993714701,0.7354592993714701,-0.013223655961245705,0.35,0.7308310197850342
AOI-0004,2025-06-30,озимая пшеница,0.600435793308866,0.5977085921016558,-0.006423998053689968,0.35,0.5954601927828643
AOI-0004,2025-07-12,озимая пшеница,0.5002666753428003,0.4983750309173232,-0.02565216050347209,0.35,0.489396774741108
AOI-0004,2025-07-23,озимая пшеница,0.47249947314881074,0.4716550236722694,-0.007658116049831704,0.35,0.4689746830548283
AOI-0004,2025-08-02,озимая пшеница,0.40568648375597105,0.4082851077474466,-0.000273479562668016,0.35,0.4081893899005128
AOI-0004,2025-09-14,озимая пшеница,0.3851561971313622,0.3857352069422616,-0.017711189048766528,0.35,0.3795362907751933
AOI-0004,2025-09-23,озимая пшеница,0.3228967328038237,0.3233603118237736,0.0050790865105277,0.35,0.3251379921024583
AOI-0005,2025-05-01,озимая пшеница,0.6495327482233773,0.6537265522192639,0.010562249867531123,0.35,0.6574233396728998
AOI-0005,2025-05-03,озимая пшеница,0.6699976131416998,0.6639161951866264,0.011394578994035669,0.35,0.6679042978345389
AOI-0005,2025-05-14,озимая пшеница,0.5280040569424799,0.5314471395115911,0.009570407738166413,0.35,0.5347967822199493
AOI-0005,2025-06-11,озимая пшеница,0.6145929946033537,0.6188632181429372,0.007268970475550914,0.35,0.6214073578093801
AOI-0005,2025-07-21,озимая пшеница,0.42873653596864175,0.43243450210324674,0.011904915824622848,0.35,0.43660122264186474
AOI-0005,2025-08-17,озимая пшеница,0.3067458670060218,0.3046154812933722,0.01730619016174143,0.35,0.31067264784998166
AOI-0005,2025-09-01,озимая пшеница,0.24450853122044303,0.24575021771488903,0.021447351253169475,0.35,0.2532567906534983
AOI-0006,2025-04-01,озимая пшеница,0.20613557926848858,0.20244443488832758,0.058883284480568156,0.35,0.22305358445652643
AOI-0006,2025-05-09,озимая пшеница,0.4309622401102221,0.4229622401102221,0.044606258067728145,0.35,0.43857443043392697
AOI-0006,2025-05-25,озимая пшеница,0.608374817639137,0.6104573366005057,0.025006378618853676,0.35,0.6192095691171045
AOI-0006,2025-07-28,озимая пшеница,0.40701547430037505,0.4110298300145934,0.017208287415594648,0.35,0.41705273061005155
AOI-0006,2025-08-09,озимая пшеница,0.28596809940935697,0.2927101751059014,0.04535992838864484,0.35,0.30858615004192713
AOI-0006,2025-08-22,озимая пшеница,0.26274969544421023,0.27074969544421024,0.054206233684397906,0.35,0.2897218772337495
AOI-0006,2025-08-30,озимая пшеница,0.25546998399975,0.26346998399975,0.057626220723307135,0.35,0.2836391612529075
AOI-0006,2025-09-07,озимая пшеница,0.2127034361270568,0.2207034361270568,0.06280707664790612,0.35,0.24268591295382397
AOI-0006,2025-10-28,озимая пшеница,0.21194522568969804,0.2140329843579053,0.07147388972198705,0.35,0.23904884576060076
AOI-0007,2025-04-01,озимая пшеница,0.19125298438287847,0.18082675943840018,0.0050097416330422626,0.35,0.18258016900996496
AOI-0007,2025-04-18,озимая пшеница,0.26335572306185073,0.25562775236474355,-0.018022872067656643,0.35,0.24931974714106372
AOI-0007,2025-04-29,озимая пшеница,0.34530583621619204,0.3377117306497028,0.0005442717440084133,0.35,0.3379022257601057
AOI-0007,2025-05-01,озимая пшеница,0.36528991686836076,0.3635460739054819,0.0021274263839624595,0.35,0.36429067313986874
AOI-0007,2025-06-26,озимая пшеница,0.35081787612515747,0.340454659507801,-0.01792988195361145,0.35,0.334179200824037
AOI-0007,2025-07-28,озимая пшеница,0.16857456020581266,0.16836193887842182,-0.03321033776378712,0.35,0.15673832066109633
AOI-0007,2025-08-13,озимая пшеница,0.24242195097507285,0.24274519389759494,-0.016151399209119784,0.35,0.23709220417440302
AOI-0007,2025-08-14,озимая пшеница,0.15187845607551156,0.15413155833858874,0.0036941312454642256,0.35,0.15542450427450122
AOI-0007,2025-08-16,озимая пшеница,0.1747086430842796,0.17491353466535764,-0.011541555122213661,0.35,0.17087399037258286
AOI-0007,2025-09-11,озимая пшеница,0.15726765157242323,0.15806278320135767,0.0009127268369860772,0.35,0.15838223759430278
AOI-0007,2025-09-26,озимая пшеница,0.17916947963205213,0.17981690794555313,-0.005713365791871528,0.35,0.1778172299183981
AOI-0008,2025-04-17,озимая пшеница,0.8559016546911442,0.8470758202172967,0.0034094997247446674,0.35,0.8482691451209573
AOI-0008,2025-04-24,озимая пшеница,0.7749719370390937,0.7713481537142355,0.0028432832827607166,0.35,0.7723433028632017
AOI-0008,2025-05-19,озимая пшеница,0.8042859856678397,0.8142859856678397,0.011495954245521512,0.35,0.8183095696537722
AOI-0008,2025-07-08,озимая пшеница,0.2132302639124064,0.21454877621841584,-0.010815607633608594,0.35,0.21076331354665284
AOI-0008,2025-07-15,озимая пшеница,0.1740559137064842,0.16932716394919525,-0.01168126981759527,0.35,0.1652387195130369
AOI-0008,2025-07-17,озимая пшеница,0.1858965624331837,0.18292737410461493,-0.021021278437083377,0.35,0.17556992665163576
AOI-0008,2025-08-13,озимая пшеница,0.2475301424573857,0.24651363093202888,-0.023846021448761183,0.35,0.23816752342496247
AOI-0008,2025-09-01,озимая пшеница,0.14745417272834138,0.14383025036248284,-0.0027729762199850297,0.35,0.14285970868548808
AOI-0008,2025-09-30,озимая пшеница,0.24679643896578932,0.2477451747186338,-0.011095112250386965,0.35,0.24386188543099838
AOI-0008,2025-10-16,озимая пшеница,0.2507503124781164,0.24598194035162962,-0.026215427006092102,0.35,0.23680654089949738
AOI-0009,2025-04-01,озимая пшеница,0.7206996348409505,0.7293129058920506,-0.0047284957226636885,0.35,0.7276579323891182
AOI-0009,2025-04-23,озимая пшеница,0.8067490259260324,0.812143780707644,-0.020778748640655872,0.35,0.8048712186834145
AOI-0009,2025-05-04,озимая пшеница,0.8380251079781053,0.8445686764452225,-0.005965772974515757,0.35,0.842480655904142
AOI-0009,2025-06-30,озимая пшеница,0.17918298928244902,0.181583728915846,0.006346075516636535,0.35,0.1838048553466688
AOI-0009,2025-07-05,озимая пшеница,0.188363255126409,0.19201900467940677,0.008205896181021948,0.35,0.19489106834276446
AOI-0009,2025-07-10,озимая пшеница,0.16952143124984895,0.16922301736681175,0.015645171173392775,0.35,0.17469882727749922
AOI-0009,2025-07-25,озимая пшеница,0.17154090940744357,0.16954875224542243,0.003675024988467342,0.35,0.170835010991386
AOI-0009,2025-08-12,озимая пшеница,0.1613777267977657,0.15900262447040284,0.005310297279346433,0.35,0.16086122851817408
AOI-0009,2025-08-17,озимая пшеница,0.1820447037404716,0.18152230442054343,0.01090122243750703,0.35,0.1853377322736709
AOI-0009,2025-08-22,озимая пшеница,0.16123764220816256,0.1627808077253177,0.007198957612294242,0.35,0.16530044288962067
AOI-0009,2025-08-24,озимая пшеница,0.15286344586377815,0.15200371790197323,-0.00028573937505741885,0.35,0.15190370912070314
AOI-0009,2025-09-14,озимая пшеница,0.235114810235183,0.23574830820210063,0.0023883141244289995,0.35,0.23658421814565078
AOI-0009,2025-09-16,озимая пшеница,0.18191806263344837,0.18307821697488727,0.012806494809999132,0.35,0.18756049015838697
AOI-0009,2025-09-25,озимая пшеница,0.17103182043858728,0.1697389670649089,0.006351038385419335,0.35,0.17196183049980568
AOI-0009,2025-10-03,озимая пшеница,0.20953989763487993,0.2065433947869673,0.013154187069056172,0.35,0.21114736026113695
AOI-0010,2010-06-19,озимая пшеница,0.3591311377131271,0.3680589442402949,0.01912747658883229,0.35,0.3747535610463862
AOI-0010,2010-08-06,озимая пшеница,0.23515711944300258,0.23769837382134945,0.0047969047007449354,0.35,0.2393772904666102
AOI-0010,2010-08-22,озимая пшеница,0.20853207028368506,0.2166582397506992,0.014184410663098609,0.35,0.22162278348278372
AOI-0010,2011-06-14,озимая пшеница,0.5108326766786906,0.5190460906424444,0.02169720156536413,0.35,0.5266401111903218
AOI-0010,2011-07-12,озимая пшеница,0.37123512099162476,0.37133781983597514,-0.0018698637731664846,0.35,0.37068336751536685
AOI-0010,2011-08-09,озимая пшеница,0.2614549765002321,0.26341823288336097,0.013514349026490898,0.35,0.2681482550426328
AOI-0010,2011-08-13,озимая пшеница,0.3453180582668629,0.34209103820897846,-0.005568592010267721,0.35,0.34014203100538476
AOI-0010,2011-09-10,озимая пшеница,0.22585393269560394,0.23238614554309153,0.011860913300196358,0.35,0.23653746519816027
AOI-0010,2012-04-13,озимая пшеница,0.2820009291047955,0.2846727889082963,-0.0047140947748011315,0.35,0.2830228557371159
AOI-0010,2012-08-03,озимая пшеница,0.22446874974053385,0.22759079262171436,0.010816098456131837,0.35,0.2313764270813605
AOI-0010,2013-04-16,озимая пшеница,0.691037155555197,0.6977794799070228,0.015772819207667935,0.35,0.7032999666297066
AOI-0010,2013-05-25,озимая пшеница,0.649369943294311,0.6422574697983644,-0.003438168194417782,0.35,0.6410541109303182
AOI-0010,2013-06-26,озимая пшеница,0.3480624867300335,0.33713811932309495,-0.004266515829265741,0.35,0.33564483878285195
AOI-0010,2013-07-12,озимая пшеница,0.32840467837628684,0.3253943737281653,-0.01101357412618581,0.35,0.3215396227840003
AOI-0010,2014-05-29,озимая пшеница,0.6490072631378114,0.6627658233433641,0.02602048152956581,0.35,0.6718729918787121
AOI-0010,2014-06-06,озимая пшеница,0.5738021784233595,0.5794791719015836,0.018278476885545906,0.35,0.5858766388115246
AOI-0010,2014-06-10,озимая пшеница,0.4514258826445214,0.44485438669478644,-0.004860286824828756,0.35,0.44315328630609635
AOI-0010,2014-08-29,озимая пшеница,0.25261222404978156,0.2536198105480691,-0.00438298313325795,0.35,0.2520857664514288
AOI-0010,2014-09-30,озимая пшеница,0.26638416317022484,0.26557836179578753,-0.00787982235843089,0.35,0.2628204239703367
AOI-0010,2015-04-07,озимая пшеница,0.3353439352892165,0.33166508909279496,-0.015457755266754192,0.35,0.326254874749431
AOI-0010,2015-04-14,озимая пшеница,0.21355537362591248,0.220913533606652,-0.0006578415200651027,0.35,0.22068328907462922
AOI-0010,2015-05-25,озимая пшеница,0.3771177881017861,0.3679969015654481,0.0035376801870888705,0.35,0.3692350896309292
AOI-0010,2015-10-07,озимая пшеница,0.1765089589214402,0.18943646520443003,0.01924765333303272,0.35,0.19617314387099147
AOI-0010,2016-07-27,озимая пшеница,0.376695138006215,0.37133643717948545,-0.010814616689355239,0.35,0.3675513213382111
AOI-0010,2016-08-12,озимая пшеница,0.326440133727494,0.3243074585592787,-0.0038132457024775512,0.35,0.3229728225634116
AOI-0010,2016-09-13,озимая пшеница,0.2756652314887248,0.2784948528470843,-0.006136388477619506,0.35,0.2763471168799175
AOI-0010,2017-04-03,озимая пшеница,0.31432540291061134,0.3154136225795091,0.005503994889540641,0.35,0.31734002079084833
AOI-0010,2017-04-07,озимая пшеница,0.522453882472456,0.5246697178040329,0.006499100064688557,0.35,0.5269444028266739
AOI-0010,2017-08-01,озимая пшеница,0.153606634024635,0.15185925486101895,0.005461216526159652,0.35,0.15377068064517482
AOI-0010,2017-08-04,озимая пшеница,0.16533553068062984,0.16905426231772527,-0.0021338740886442313,0.35,0.1683074063866998
AOI-0010,2017-08-13,озимая пшеница,0.23906647895106123,0.23808230686725446,-0.008599066377547909,0.35,0.2350726336351127
AOI-0010,2017-08-29,озимая пшеница,0.23101170576044866,0.2269974920626034,-0.012419739249691236,0.35,0.22265058332521145
AOI-0010,2018-05-16,озимая пшеница,0.8237226946736598,0.8426229884723749,0.026991679773355714,0.35,0.8520700763930494
AOI-0010,2018-07-28,озимая пшеница,0.268444419258416,0.2641749283493905,-0.0066416993551913234,0.35,0.26185033357507354
AOI-0010,2018-08-28,озимая пшеница,0.16871814606420435,0.17506670466467789,0.015840478238457262,0.35,0.18061087204813792
AOI-0010,2018-09-14,озимая пшеница,0.22255620511038382,0.22463663159003072,-0.004293141203932337,0.35,0.2231340321686544
AOI-0010,2019-04-06,озимая пшеница,0.34157547150631895,0.3554942527572227,0.012844033006075452,0.35,0.3599896643093491
AOI-0010,2019-04-28,озимая пшеница,0.7145274236904285,0.7233545329105842,0.004255384479970436,0.35,0.7248439174785738
AOI-0010,2019-05-19,озимая пшеница,0.8380084614832498,0.8587221913827343,0.01979847419937027,0.35,0.8656516573525139
AOI-0010,2019-06-20,озимая пшеница,0.21927413986828445,0.22083854152956436,0.010428518539612259,0.35,0.22448852301842864
AOI-0010,2019-06-26,озимая пшеница,0.2633290533877737,0.2557376282187184,-0.005559113850874075,0.35,0.2537919383709125
AOI-0010,2019-06-27,озимая пшеница,0.163347355944569,0.1617807316496162,0.004361425543297281,0.35,0.16330723058977026
AOI-0010,2019-07-20,озимая пшеница,0.16481089246779307,0.17462205071728315,0.010106259428475754,0.35,0.17815924151724966
AOI-0010,2019-08-13,озимая пшеница,0.3082478255396561,0.3069047524102282,-0.0036487023073092386,0.35,0.30562770660266997
AOI-0010,2019-08-19,озимая пшеница,0.16321765210702843,0.17388968308039754,0.011035536002614584,0.35,0.17775212068131263
AOI-0010,2019-08-21,озимая пшеница,0.16890784471817616,0.17947932056210977,0.010696269905023443,0.35,0.18322301502886798
AOI-0010,2019-09-23,озимая пшеница,0.15545852486766698,0.16684908505857443,0.0039020307131964163,0.35,0.16821479580819318
AOI-0010,2020-06-06,озимая пшеница,0.3443167245405849,0.34544659697309077,0.011289602997941281,0.35,0.3493979580223702
AOI-0010,2020-06-09,озимая пшеница,0.40678018667856963,0.3907293552641849,0.001426922067048819,0.35,0.391228777987652
AOI-0010,2020-07-16,озимая пшеница,0.16405960635957142,0.16509983585868984,-0.014224420380466365,0.35,0.1601212887255266
AOI-0010,2020-07-19,озимая пшеница,0.15515636643480624,0.16075345296370014,0.0007109269297079332,0.35,0.16100227738909792
AOI-0010,2020-07-26,озимая пшеница,0.14716563022599866,0.14616306514877878,-0.0028440811467482954,0.35,0.14516763674741687
AOI-0010,2020-07-31,озимая пшеница,0.16037483833365387,0.15802724045439315,-0.0003527801918933346,0.35,0.15790376738723047
AOI-0010,2020-09-09,озимая пшеница,0.17489553126318572,0.1796441770398144,0.012516192217519324,0.35,0.18402484431594615
AOI-0010,2020-09-13,озимая пшеница,0.2511447378119651,0.2520263552662494,-0.0035266408623271755,0.35,0.25079203096443486
AOI-0010,2020-09-19,озимая пшеница,0.11252656332749018,0.12211851283753948,0.005110187186479102,0.35,0.12390707835280716
AOI-0010,2020-09-27,озимая пшеница,0.14957840628263464,0.15296408827438293,0.0064665332643472385,0.35,0.15522737491690447
AOI-0010,2021-05-05,озимая пшеница,0.3308969997315216,0.34420970691505404,0.011346941952780822,0.35,0.34818113659852734
AOI-0010,2021-05-09,озимая пшеница,0.5241954168190583,0.5181697214102778,0.009486814566289848,0.35,0.5214901065084793
AOI-0010,2021-07-28,озимая пшеница,0.3115023549678494,0.30278721298802197,-0.017604754757164737,0.35,0.2966255488230143
AOI-0010,2021-08-05,озимая пшеница,0.23044377372005803,0.23477236777208985,-0.01205176833484103,0.35,0.23055424885489548
AOI-0010,2021-09-04,озимая пшеница,0.3134447611461762,0.322676880159025,0.013357013034195623,0.35,0.3273518347209935
AOI-0010,2021-09-17,озимая пшеница,0.3321816223258225,0.3474699706452231,0.019095859198129766,0.35,0.3541535213645685
AOI-0010,2021-10-27,озимая пшеница,0.34786509648613984,0.3495224815355927,0.010049735201006648,0.35,0.353039888855945
AOI-0010,2022-06-06,озимая пшеница,0.7087464581785128,0.7113445467871977,0.021840639103345178,0.35,0.7189887704733685
AOI-0010,2022-06-10,озимая пшеница,0.6306945829071724,0.6228823911022042,0.009981843972338676,0.35,0.6263760364925227
AOI-0010,2022-06-11,озимая пшеница,0.6934654240761446,0.6987816207454232,0.02122662134271294,0.35,0.7062109382153727
AOI-0010,2022-07-17,озимая пшеница,0.26788233317945,0.27777362270839706,0.016332781134115043,0.35,0.2834900961053373
AOI-0010,2022-07-28,озимая пшеница,0.3516637809957627,0.34627965931656185,-0.0065950450319565875,0.35,0.34397139355537704
AOI-0010,2022-09-08,озимая пшеница,0.29258688464013693,0.29981564975555275,0.013429167503981869,0.35,0.3045158583819464
AOI-0010,2023-04-02,озимая пшеница,0.4702368015147653,0.4878599175959523,0.04229834907815725,0.35,0.5026643397733074
AOI-0010,2023-04-27,озимая пшеница,0.6502306609595718,0.6656397171387217,0.01627022532639154,0.35,0.6713342960029588
AOI-0010,2023-06-08,озимая пшеница,0.7225601490090107,0.7274208902585525,0.0355712278678489,0.35,0.7398708200122996
AOI-0010,2023-06-16,озимая пшеница,0.6068318734529459,0.6168956540771501,0.02675085279417577,0.35,0.6262584525551116
AOI-0010,2023-08-23,озимая пшеница,0.2370606898999319,0.24435943697156454,0.008288644296323488,0.35,0.24726046247527775
AOI-0010,2023-08-30,озимая пшеница,0.23118654465208696,0.2372129976604361,0.004790184902569421,0.35,0.2388895623763354
AOI-0010,2023-09-19,озимая пшеница,0.26117319007723,0.2687828615351521,0.012927888966988762,0.35,0.27330762267359815
AOI-0010,2024-04-04,озимая пшеница,0.5868313772379572,0.5957930422043655,0.0046088774737888215,0.35,0.5974061493201915
AOI-0010,2024-04-26,озимая пшеница,0.7354516871564545,0.7443313989155222,-0.003851004749504883,0.35,0.7429835472531955
AOI-0010,2024-05-08,озимая пшеница,0.7653569352949374,0.7702255957117126,0.012478411780556631,0.35,0.7745930398349073
AOI-0010,2024-05-21,озимая пшеница,0.7206875010936479,0.7325606071265962,0.01942068653118791,0.35,0.739357847412512
AOI-0010,2024-06-18,озимая пшеница,0.2247130866615635,0.23229051999976855,0.01649222982550178,0.35,0.23806280043869416
AOI-0010,2024-06-20,озимая пшеница,0.2083551616984551,0.20756345964205072,-0.004826603890184536,0.35,0.20587414828048614
AOI-0010,2024-07-08,озимая пшеница,0.1875085583409909,0.1937470867555035,-0.0009730354694394146,0.35,0.1934065243411997
AOI-0010,2024-07-15,озимая пшеница,0.17090021193530675,0.17453968763667224,-0.0064877651713073255,0.35,0.1722689698267147
AOI-0010,2024-08-12,озимая пшеница,0.23394876860929856,0.22769466931798932,-0.02221229761364508,0.35,0.21992036515321353
AOI-0010,2024-09-06,озимая пшеница,0.18691524197378478,0.19632229551041647,0.014086912382496753,0.35,0.20125271484429033
AOI-0010,2024-09-28,озимая пшеница,0.1839585896587284,0.18793669797731685,0.00980758314195929,0.35,0.1913693520770026
AOI-0010,2024-10-01,озимая пшеница,0.18036026066169591,0.19012966426358702,0.015374315502501127,0.35,0.1955106746894624
AOI-0010,2024-10-15,озимая пшеница,0.2638527219159107,0.2717309939904232,0.001710456659896779,0.35,0.2723296538213871
AOI-0010,2024-10-23,озимая пшеница,0.19283221416944218,0.1902725353346297,-0.0023352681405844514,0.35,0.18945519148542514
AOI-0010,2025-04-16,озимая пшеница,0.3858920193772269,0.39398211396659394,0.0021163732379881222,0.35,0.39472284459988977
AOI-0010,2025-04-18,озимая пшеница,0.42511230954352996,0.42481652685284493,-0.00512120048196371,0.35,0.42302410668415763
AOI-0010,2025-05-09,озимая пшеница,0.7850007041949796,0.7776477488173582,-0.0010934966234866883,0.35,0.7772650249991379
AOI-0010,2025-06-05,озимая пшеница,0.5283371733212581,0.5318734986607239,0.019561465050441977,0.35,0.5387200114283786
AOI-0010,2025-06-07,озимая пшеница,0.4856516304594193,0.4894049901124645,0.016009683310195203,0.35,0.49500837927103286
AOI-0010,2025-06-28,озимая пшеница,0.19864245784626233,0.19530559536549713,-0.004138907889963756,0.35,0.19385697760400983
AOI-0010,2025-07-05,озимая пшеница,0.17528040805385936,0.18235484070742966,0.014823918355000059,0.35,0.18754321213167968
AOI-0010,2025-07-06,озимая пшеница,0.20094031364148546,0.2081733570526732,0.023327309951663325,0.35,0.21633791553575538
AOI-0010,2025-07-07,озимая пшеница,0.1766389796779197,0.17600844274646477,0.005145866956740446,0.35,0.1778094961813239
AOI-0010,2025-07-25,озимая пшеница,0.14556593845760607,0.14830623068927454,0.001392194355394266,0.35,0.14879349871366254
AOI-0010,2025-07-30,озимая пшеница,0.16339503076065892,0.15860442422653914,0.0005621497115179436,0.35,0.15880117662557042
AOI-0010,2025-08-16,озимая пшеница,0.19525594312304467,0.19601355770114012,-0.0014415345943471591,0.35,0.19550902059311862
AOI-0010,2025-08-27,озимая пшеница,0.1679055959834448,0.17351853197544317,0.007083482655204403,0.35,0.17599775090476472
AOI-0010,2025-09-16,озимая пшеница,0.21341207613718483,0.21814873063691717,0.008913860881242196,0.35,0.22126858194535193
AOI-0010,2025-09-30,озимая пшеница,0.30382642766973933,0.30609012471427893,-0.0002875417405743259,0.35,0.3059894851050779
AOI-0010,2025-10-05,озимая пшеница,0.21138202545931484,0.22406269798043116,0.010313414980160512,0.35,0.22767239322348734
AOI-0011,2025-04-07,озимая пшеница,0.6920228444748406,0.6851405535096562,0.018621620445872653,0.35,0.6916581206657116
AOI-0011,2025-04-17,озимая пшеница,0.7873325624339328,0.7805348719408388,0.006862200251291809,0.35,0.782936642028791
AOI-0011,2025-04-23,озимая пшеница,0.8490235885291748,0.840197601135602,0.0004872005931483192,0.35,0.8403681213432039
AOI-0011,2025-04-28,озимая пшеница,0.7842574636660551,0.7821597355435135,0.01882889254467653,0.35,0.7887498479341503
AOI-0011,2025-05-24,озимая пшеница,0.7966860563774516,0.8023009611248326,-0.012544753400710384,0.35,0.797910297434584
AOI-0011,2025-06-03,озимая пшеница,0.5769440208950436,0.5814717343545017,-0.010595732398095716,0.35,0.5777632280151682
AOI-0011,2025-07-12,озимая пшеница,0.3050529283537767,0.3015196946123498,-0.027452875192471835,0.35,0.29191118829498464
AOI-0011,2025-08-06,озимая пшеница,0.21422370882530906,0.21582271487281984,-0.0011527131936198798,0.35,0.2154192652550529
AOI-0011,2025-08-14,озимая пшеница,0.22728602551470395,0.23015226823380777,-0.003729190660980468,0.35,0.22884705150246462
AOI-0011,2025-08-19,озимая пшеница,0.20867850657261994,0.21205272648520707,-0.006963152982257092,0.35,0.20961562294141708
AOI-0011,2025-08-27,озимая пшеница,0.1705726199478363,0.17361225460996957,-0.0028932354544078834,0.35,0.1725996222009268
AOI-0011,2025-09-30,озимая пшеница,0.2549358802764971,0.2585052464520509,-0.009106775158103866,0.35,0.25531787514671456
AOI-0011,2025-10-03,озимая пшеница,0.1686998508144231,0.16985368571890572,0.0011401254923079193,0.35,0.1702527296412135
AOI-0011,2025-10-05,озимая пшеница,0.16067786954438004,0.16024978677587576,-0.004662182460588315,0.35,0.15861802291466984
AOI-0012,2025-04-01,озимая пшеница,0.25345596779785384,0.24625775469824057,0.020041380874744823,0.35,0.25327223800440124
AOI-0012,2025-04-28,озимая пшеница,0.46376178591797157,0.4611417194533803,0.008233389986787916,0.35,0.4640234059487561
AOI-0012,2025-05-16,озимая пшеница,0.7218608200418831,0.7273615867523269,0.002283511468005751,0.35,0.7281608157661289
AOI-0012,2025-06-03,озимая пшеница,0.6537514952364919,0.6594965219899516,-0.009233009903904136,0.35,0.6562649685235851
AOI-0012,2025-06-05,озимая пшеница,0.5676204012392303,0.5716283026751844,0.0033432666555601874,0.35,0.5727984460046305
AOI-0012,2025-06-15,озимая пшеница,0.2920519729654292,0.2877151690216336,0.002901121726532315,0.35,0.28873056162591987
AOI-0012,2025-06-26,озимая пшеница,0.3069545450789071,0.3084203467631886,-0.01249568791595988,0.35,0.3040468559926026
AOI-0012,2025-07-10,озимая пшеница,0.17572963792233748,0.1765164458521037,0.02498780606803012,0.35,0.18526217797591424
AOI-0012,2025-07-18,озимая пшеница,0.14083673723192885,0.13877409524891146,0.016297075894984078,0.35,0.14447807181215588
AOI-0012,2025-07-30,озимая пшеница,0.15408636202030507,0.15423933369946002,0.018145683006447314,0.35,0.16059032275171659
AOI-0013,2010-04-16,озимая пшеница,0.7159875346986577,0.7035953582814786,0.008215084267433146,0.35,0.7064706377750801
AOI-0013,2010-06-10,озимая пшеница,0.48843762091562654,0.49184480360820837,-0.004137441963472096,0.35,0.49039669892099313
AOI-0013,2010-06-19,озимая пшеница,0.36123251622438957,0.36091587139318054,0.015469977437753218,0.35,0.3663303634963942
AOI-0013,2010-10-24,озимая пшеница,0.22074607531860282,0.23859074478782047,0.017544257847389156,0.35,0.24473123503440666
AOI-0013,2011-04-18,озимая пшеница,0.22278663984522373,0.23055159950458182,-0.005652672817695065,0.35,0.22857316401838854
AOI-0013,2011-04-26,озимая пшеница,0.23793050420628453,0.2505036063656351,0.0018818351789463748,0.35,0.25116224867826636
AOI-0013,2012-05-08,озимая пшеница,0.553101526456278,0.5513009120288759,-0.0031615365023271685,0.35,0.5501943742530614
AOI-0013,2012-06-23,озимая пшеница,0.5441492122399105,0.535737677465503,0.008072205660626754,0.35,0.5385629494467224
AOI-0013,2012-08-12,озимая пшеница,0.5021502423032218,0.47822514365837204,-0.002964009496779043,0.35,0.4771877403344994
AOI-0013,2013-04-16,озимая пшеница,0.27884216880420953,0.27925672728692036,0.014422315726158826,0.35,0.28430453779107595
AOI-0013,2013-04-24,озимая пшеница,0.2862443886309162,0.29464096233069975,0.013022737597226984,0.35,0.2991989204897292
AOI-0013,2013-05-02,озимая пшеница,0.3205419616335766,0.3116110122957101,-0.0015409701174435918,0.35,0.31107167275460484
AOI-0013,2013-05-09,озимая пшеница,0.4830465718896864,0.4872336145276752,0.0006315558549321834,0.35,0.4874546590769015
AOI-0013,2013-06-11,озимая пшеница,0.4595094556351629,0.45626436819248467,0.021535929243436645,0.35,0.4638019434276875
AOI-0013,2013-07-12,озимая пшеница,0.543348782079858,0.5320903377045499,-0.005642902784012117,0.35,0.5301153217301457
AOI-0013,2013-07-28,озимая пшеница,0.4798182839869302,0.4587139589679485,-0.01882124178301872,0.35,0.45212652434389194
AOI-0013,2014-05-29,озимая пшеница,0.448066816688596,0.44672827358181444,0.021782372898226567,0.35,0.45435210409619375
AOI-0013,2014-06-10,озимая пшеница,0.4885210700862249,0.4798559192144703,0.003696988748889626,0.35,0.48114986527658166
AOI-0013,2014-07-28,озимая пшеница,0.43412608582887957,0.4115803169338845,-0.0004853396948302411,0.35,0.41141044804069393
AOI-0013,2014-08-01,озимая пшеница,0.3177052161537215,0.32502893646401293,0.016526846075324817,0.35,0.3308133325903766
AOI-0013,2014-08-08,озимая пшеница,0.31745260556044286,0.3307674835218463,0.020866784736541445,0.35,0.33807085817963584
AOI-0013,2014-08-13,озимая пшеница,0.4377388392560597,0.41520326171723126,0.00032324782711895495,0.35,0.4153163984567229
AOI-0013,2015-05-09,озимая пшеница,0.5627705663493757,0.5649402463287462,0.008578870518137053,0.35,0.5679428510100941
AOI-0013,2015-05-23,озимая пшеница,0.4797169663311625,0.48569703680424736,0.009580083919118802,0.35,0.48905006617593894
AOI-0013,2015-07-12,озимая пшеница,0.5438968707695144,0.5220413498831895,0.0030755837518449025,0.35,0.5231178041963352
AOI-0013,2015-08-20,озимая пшеница,0.37214455256402823,0.3825028754011357,0.03017527683213787,0.35,0.39306422229238397
AOI-0013,2015-10-07,озимая пшеница,0.33642943708407397,0.3519123635078512,0.02153122634634748,0.35,0.3594482927290728
AOI-0013,2015-10-16,озимая пшеница,0.40232117105500936,0.3850899448277925,-0.003598256593478394,0.35,0.38383055502007507
AOI-0013,2016-05-09,озимая пшеница,0.46452982537037346,0.4691759084184566,0.021064635540840215,0.35,0.4765485308577507
AOI-0013,2016-05-10,озимая пшеница,0.4556844841776737,0.45785471025232566,0.01969686187373346,0.35,0.4647486119081324
AOI-0013,2016-08-12,озимая пшеница,0.6317819379516261,0.6043366407796577,-0.006583520133501804,0.35,0.6020324087329321
AOI-0013,2016-08-21,озимая пшеница,0.6745577568495436,0.6698578461572492,0.031508319805555955,0.35,0.6808857580891938
AOI-0013,2016-09-13,озимая пшеница,0.6342556652340118,0.6012556652340117,-0.010525244716211506,0.35,0.5975718295833378
AOI-0013,2016-10-09,озимая пшеница,0.5062276445258009,0.5186486572879299,0.025970181549793785,0.35,0.5277382208303577
AOI-0013,2017-04-11,озимая пшеница,0.24208054347525348,0.24631909334510432,-0.008812582246719158,0.35,0.2432346895587526
AOI-0013,2017-04-28,озимая пшеница,0.35359616650456926,0.36189536147059936,-0.006852957979347721,0.35,0.3594968261778277
AOI-0013,2017-05-01,озимая пшеница,0.34958947635593907,0.3603612594277245,0.015628294951067583,0.35,0.3658311626605982
AOI-0013,2017-05-21,озимая пшеница,0.6027840612923899,0.6012572288348047,0.01807565974784332,0.35,0.6075837097465498
AOI-0013,2017-05-29,озимая пшеница,0.586604141583191,0.5793741946536013,0.016512743938925867,0.35,0.5851536550322254
AOI-0013,2017-06-30,озимая пшеница,0.6784486731813331,0.6740371303887117,0.02386591466837785,0.35,0.682390200522644
AOI-0013,2017-07-27,озимая пшеница,0.47296636090974975,0.4787920134280543,0.0031249558709314476,0.35,0.4798857479828803
AOI-0013,2017-08-08,озимая пшеница,0.46947580548718637,0.4756002649835228,0.0172084767398787,0.35,0.48162323184248035
AOI-0013,2017-08-24,озимая пшеница,0.42400345024672337,0.4282165518800542,0.02291755630240636,0.35,0.4362376965858964
AOI-0013,2017-09-13,озимая пшеница,0.4254910579911614,0.4321545118524654,0.012260337861067484,0.35,0.436445630103839
AOI-0013,2017-09-17,озимая пшеница,0.46549190440483856,0.46510238700925655,0.01872851996653706,0.35,0.4716573689975445
AOI-0013,2017-09-30,озимая пшеница,0.4620016329938772,0.44125198374998276,-0.011069594581589019,0.35,0.4373776256464266
AOI-0013,2018-05-25,озимая пшеница,0.5224810748048987,0.5283269387762777,-0.007455452262542812,0.35,0.5257175304843877
AOI-0013,2018-06-08,озимая пшеница,0.412164071122406,0.4214037516387875,0.02368098941079865,0.35,0.429692097932567
AOI-0013,2018-06-15,озимая пшеница,0.3435715816778354,0.3412958735559447,0.006499508969159993,0.35,0.3435707016951507
AOI-0013,2018-07-12,озимая пшеница,0.4437951693855352,0.43088062479526684,0.0007756860119714983,0.35,0.4311521148994569
AOI-0013,2018-08-13,озимая пшеница,0.4560226108798474,0.42901635651388365,0.003028987707145554,0.35,0.4300765022113846
AOI-0013,2018-08-27,озимая пшеница,0.405452824846982,0.41255843881558496,0.02525420081435036,0.35,0.4213974091006076
AOI-0013,2018-09-28,озимая пшеница,0.3768624913651493,0.3915179552398899,0.013590465308709424,0.35,0.39627461809793824
AOI-0013,2018-10-06,озимая пшеница,0.3898485286595521,0.4063746273815594,0.02933755770175167,0.35,0.41664277257717247
AOI-0013,2019-04-01,озимая пшеница,0.2531972805011969,0.26754328885950873,-0.004645665478729332,0.35,0.26591730594195345
AOI-0013,2019-05-06,озимая пшеница,0.42322647206524155,0.42121495718825797,0.001253078035134182,0.35,0.4216535345005549
AOI-0013,2019-06-02,озимая пшеница,0.3798989024310404,0.3733103916503223,0.016628162838429716,0.35,0.3791302486437727
AOI-0013,2019-06-05,озимая пшеница,0.4247407945106869,0.42082349325008583,0.021100739190676992,0.35,0.4282087519668228
AOI-0013,2019-06-12,озимая пшеница,0.47166811237868866,0.4775260210865955,0.01506505866459145,0.35,0.48279879161920247
AOI-0013,2019-06-25,озимая пшеница,0.3841472628112644,0.386147296369031,0.02503554351578013,0.35,0.39490973659955403
AOI-0013,2019-07-17,озимая пшеница,0.4378982165802871,0.44246339065510526,0.0007342973631118276,0.35,0.4427203947321944
AOI-0013,2019-07-28,озимая пшеница,0.5708326455758217,0.547139955390477,-0.008950228046608255,0.35,0.5440073755741641
AOI-0013,2019-08-24,озимая пшеница,0.4400017823542381,0.4447942789954752,0.008555098334740087,0.35,0.44778856341263423
AOI-0013,2019-08-31,озимая пшеница,0.4995187744654663,0.5085533746376663,0.009002735524667004,0.35,0.5117043320712997
AOI-0013,2019-09-08,озимая пшеница,0.4695107123736836,0.4734069631344326,0.030471634472753546,0.35,0.48407203519989633
AOI-0013,2019-09-13,озимая пшеница,0.4558419646194892,0.4564541808314156,0.007971242696918842,0.35,0.4592441157753372
AOI-0013,2019-10-02,озимая пшеница,0.47163663954463403,0.4754971360687169,0.012812477771959135,0.35,0.4799815032889026
AOI-0013,2019-10-10,озимая пшеница,0.5428029767484273,0.5528437714538009,0.0191761782685986,0.35,0.5595554338478105
AOI-0013,2019-10-17,озимая пшеница,0.4503339221377537,0.4626818231413181,0.008417257760570377,0.35,0.46562786335751777
AOI-0013,2020-04-22,озимая пшеница,0.42800710725474744,0.4296419092500746,-0.013447081952012146,0.35,0.4249354305668704
AOI-0013,2020-05-12,озимая пшеница,0.3719663953975818,0.3640721194015318,0.004915592534803788,0.35,0.36579257678871313
AOI-0013,2020-06-24,озимая пшеница,0.4591400521567589,0.4619035141880983,0.01500767597066226,0.35,0.46715620077783004
AOI-0013,2020-06-26,озимая пшеница,0.48480124338140973,0.48630883456903606,0.004512039566810476,0.35,0.48788804841741973
AOI-0013,2020-08-12,озимая пшеница,0.4303925285492066,0.4104855516024061,-0.013277110957804532,0.35,0.4058385627671745
AOI-0013,2020-08-15,озимая пшеница,0.40895422431405537,0.4178860203976583,0.0018655197433166339,0.35,0.4185389523078191
AOI-0013,2020-08-16,озимая пшеница,0.42048151704678444,0.4286836753612346,0.009623627793958466,0.35,0.43205194508912004
AOI-0013,2020-08-20,озимая пшеница,0.36837225733287177,0.37128468945810766,0.011786306274209356,0.35,0.3754098966540809
AOI-0013,2020-10-27,озимая пшеница,0.278864439188608,0.30229110242123514,0.024143342739215062,0.35,0.3107412723799604
AOI-0013,2021-04-23,озимая пшеница,0.4664492066988095,0.469274050661457,-0.0065909387830646975,0.35,0.46696722208738434
AOI-0013,2021-06-10,озимая пшеница,0.6079867149064644,0.6115060955034974,0.011206568132030168,0.35,0.615428394349708
AOI-0013,2021-06-11,озимая пшеница,0.5478246863187447,0.539979002472293,0.009902366389652226,0.35,0.5434448307086713
AOI-0013,2021-06-21,озимая пшеница,0.5098546703870983,0.5040170919138015,0.010205416522176224,0.35,0.5075889876965631
AOI-0013,2021-07-12,озимая пшеница,0.5462242835208602,0.5206767541843713,-0.01148284186913242,0.35,0.516657759530175
AOI-0013,2021-07-14,озимая пшеница,0.519161459361094,0.5170739135719703,0.01269294529099925,0.35,0.5215164444238201
AOI-0013,2021-08-20,озимая пшеница,0.49195866896221696,0.49850227956217064,0.0053718045222804905,0.35,0.5003824111449688
AOI-0013,2021-10-14,озимая пшеница,0.4044906848600604,0.42189732201059377,0.007494193379187752,0.35,0.42452028969330946
AOI-0013,2021-10-16,озимая пшеница,0.4673275340347526,0.4579690267474524,-0.008122075443709582,0.35,0.455126300342154
AOI-0013,2022-04-02,озимая пшеница,0.45853313530269624,0.46451609484556133,0.013034749944470181,0.35,0.4690782573261259
AOI-0013,2022-04-17,озимая пшеница,0.5507574971471056,0.5455234473849956,0.009495541419306967,0.35,0.548846886881753
AOI-0013,2022-04-24,озимая пшеница,0.5641653193691234,0.5737325323298013,0.013311956480448719,0.35,0.5783917170979583
AOI-0013,2022-04-25,озимая пшеница,0.5647143032071013,0.5670160203752488,0.0038412415383570317,0.35,0.5683604549136737
AOI-0013,2022-06-10,озимая пшеница,0.5438194337972474,0.5489725708218063,-0.006883828133073002,0.35,0.5465632309752307
AOI-0013,2022-06-16,озимая пшеница,0.38920983328480274,0.3884674111694299,0.013970197257958021,0.35,0.3933569802097152
AOI-0013,2022-06-26,озимая пшеница,0.5284049376940948,0.5061969074653577,-0.008341313342408414,0.35,0.5032774477955148
AOI-0013,2022-07-05,озимая пшеница,0.5362334498596412,0.5415344304288138,0.021966389175284654,0.35,0.5492226666401634
AOI-0013,2022-07-17,озимая пшеница,0.5781329182676892,0.5694988230298089,0.01643728345936932,0.35,0.5752518722405882
AOI-0013,2022-07-22,озимая пшеница,0.551859058171032,0.5542243930071201,0.0051476947804764694,0.35,0.5560260861802869
AOI-0013,2022-08-14,озимая пшеница,0.5730722204551888,0.575993660288554,0.019605563588187432,0.35,0.5828556075444197
AOI-0013,2022-09-14,озимая пшеница,0.47029114076175427,0.445253864538441,-0.0010979432950202462,0.35,0.4448695843851839
AOI-0013,2022-10-07,озимая пшеница,0.3650780330151466,0.3826312030027222,0.02395722996486139,0.35,0.3910162334904237
AOI-0013,2022-10-14,озимая пшеница,0.3435032951853155,0.3608425248147337,0.0077021582842413585,0.35,0.3635382802142182
AOI-0013,2023-04-10,озимая пшеница,0.45158779741601573,0.46087905095019677,0.02043343290880577,0.35,0.4680307524682788
AOI-0013,2023-06-21,озимая пшеница,0.5492934754993248,0.5505901380382997,0.022576872790235212,0.35,0.558492043514882
AOI-0013,2023-06-29,озимая пшеница,0.5526462165175721,0.5539071766908382,0.013191328297683304,0.35,0.5585241415950274
AOI-0013,2023-07-06,озимая пшеница,0.4811277127837402,0.48731140718474597,0.027862387040735532,0.35,0.4970632426490034
AOI-0013,2023-07-12,озимая пшеница,0.5170333904165836,0.49729571723057325,-0.002835863719264402,0.35,0.4963031649288307
AOI-0013,2023-07-24,озимая пшеница,0.5103342423401815,0.5070146714236349,0.01070623759939943,0.35,0.5107618545834247
AOI-0013,2023-08-05,озимая пшеница,0.5125251733751105,0.5202130209048684,0.02172280153542801,0.35,0.5278160014422683
AOI-0013,2023-08-20,озимая пшеница,0.5006884560473572,0.5015194220514197,0.01180130928395174,0.35,0.5056498803008028
AOI-0013,2023-08-23,озимая пшеница,0.5151379557843943,0.5193405986968304,0.01621181004752806,0.35,0.5250147322134652
AOI-0013,2023-08-26,озимая пшеница,0.4905413889878372,0.49456665358670115,0.02108942740492413,0.35,0.5019479531784246
AOI-0013,2023-09-11,озимая пшеница,0.5128846717386978,0.5163154682426786,0.02024703796679491,0.35,0.5234019315310569
AOI-0013,2023-09-14,озимая пшеница,0.5290868126960194,0.5074871281024639,-0.005870524329435446,0.35,0.5054324445871615
AOI-0013,2023-09-24,озимая пшеница,0.48811203055234165,0.501343732286538,0.021740287724833322,0.35,0.5089528329902296
AOI-0013,2023-10-05,озимая пшеница,0.4507063475972709,0.45920240297748943,0.013657091050127357,0.35,0.463982384845034
AOI-0013,2023-10-14,озимая пшеница,0.3758932946146326,0.38632865896580576,0.003000417662280939,0.35,0.3873788051476041
AOI-0013,2023-10-17,озимая пшеница,0.3448976205842645,0.3591089588609552,0.008608390208886471,0.35,0.3621218954340654
AOI-0013,2023-10-19,озимая пшеница,0.3545595847047407,0.36720001377262385,0.0053498944510532685,0.35,0.3690724768304925
AOI-0013,2024-04-26,озимая пшеница,0.4245541695515046,0.42259767108681884,-0.005452246853582077,0.35,0.4206893846880651
AOI-0013,2024-05-04,озимая пшеница,0.4713414278262513,0.4673494795660372,0.014500937399731562,0.35,0.47242480765594325
AOI-0013,2024-05-23,озимая пшеница,0.5208462063390008,0.5206687183609034,0.016906464763697168,0.35,0.5265859810281974
AOI-0013,2024-05-24,озимая пшеница,0.5674865556599011,0.5748774448605308,-0.022638594593265098,0.35,0.5669539367528881
AOI-0013,2024-06-30,озимая пшеница,0.5164746150117006,0.5151370741732753,-0.0077717102324858615,0.35,0.5124169755919052
AOI-0013,2024-07-02,озимая пшеница,0.5640270267379618,0.5598042464618406,0.008681643038914416,0.35,0.5628428215254606
AOI-0013,2024-07-11,озимая пшеница,0.49537890286035335,0.4678335173968035,-0.007470909455175824,0.35,0.46521869908749197
AOI-0013,2024-07-26,озимая пшеница,0.4121244890802709,0.4251386948302588,0.015538265078290339,0.35,0.4305770876076604
AOI-0013,2024-07-27,озимая пшеница,0.4496351557799029,0.43425022819540127,-0.013610037864173346,0.35,0.4294867149429406
AOI-0013,2024-08-09,озимая пшеница,0.5023557997475389,0.506991592084401,0.0016021812615074527,0.35,0.5075523555259286
AOI-0013,2024-08-11,озимая пшеница,0.5541627402034428,0.5587160157472789,0.016360150451139536,0.35,0.5644420684051777
AOI-0013,2024-09-03,озимая пшеница,0.46875852470694995,0.47649375110251185,0.020722139498365787,0.35,0.48374649992693985
AOI-0013,2024-09-06,озимая пшеница,0.4872507619509561,0.4886509109119748,0.026680866490948047,0.35,0.49798921418380665
AOI-0013,2024-09-26,озимая пшеница,0.4326609271310186,0.44495066834002533,0.014524182994467361,0.35,0.4500341323880889
AOI-0013,2024-10-08,озимая пшеница,0.36614030543179626,0.3814341207641823,0.013263061492962545,0.35,0.3860761922867192
AOI-0013,2025-04-01,озимая пшеница,0.4696349448575681,0.4747974707428597,0.027046260675765186,0.35,0.48426366197937754
AOI-0013,2025-04-28,озимая пшеница,0.535944444001981,0.5341825875120728,0.0045139361538154114,0.35,0.5357624651659082
AOI-0013,2025-05-16,озимая пшеница,0.49965400144718414,0.48760681340202905,0.009547122507131408,0.35,0.490948306279525
AOI-0013,2025-05-19,озимая пшеница,0.5089245891646622,0.4969314307707499,0.00386370728630631,0.35,0.49828372832095713
AOI-0013,2025-05-24,озимая пшеница,0.5003553600840952,0.4807988544964668,0.013378601173756045,0.35,0.48548136490728144
AOI-0013,2025-07-07,озимая пшеница,0.48847847959009605,0.4952192071090881,0.006084573751035301,0.35,0.49734880792195046
AOI-0013,2025-07-08,озимая пшеница,0.4782819345900821,0.4722577836863352,0.012828791852221744,0.35,0.4767478608346128
AOI-0013,2025-07-14,озимая пшеница,0.5022971970465766,0.501967243601907,0.010474880002890766,0.35,0.5056334516029188
AOI-0013,2025-07-21,озимая пшеница,0.5219019814637251,0.5181540667039258,0.01409710001834183,0.35,0.5230880517103454
AOI-0013,2025-07-27,озимая пшеница,0.5492820986063418,0.5514368417141926,0.00880509228468641,0.35,0.5545186240138329
AOI-0013,2025-08-15,озимая пшеница,0.5026029016746854,0.49719520889684865,0.009225295702551053,0.35,0.5004240623927415
AOI-0013,2025-09-03,озимая пшеница,0.4485306053330149,0.4549636392324042,0.009824777735723704,0.35,0.4584023114399075
AOI-0013,2025-09-07,озимая пшеница,0.5166607127821279,0.5189224131555893,0.023449655439336227,0.35,0.527129792559357
AOI-0014,2010-04-07,озимая пшеница,0.5745603467601791,0.5679980965796181,-0.016265198151267143,0.35,0.5623052772266746
AOI-0014,2010-04-24,озимая пшеница,0.7021880472061917,0.7119434364936038,0.022168524584658494,0.35,0.7197024200982343
AOI-0014,2010-06-10,озимая пшеница,0.748116858168286,0.7458703805275405,-0.02053114676412705,0.35,0.738684479160096
AOI-0014,2010-09-23,озимая пшеница,0.19673739427035328,0.19273507003757978,0.0036406004295544453,0.35,0.19400928018792385
AOI-0014,2011-04-19,озимая пшеница,0.2137794511995984,0.21463088607507927,0.0004058491239948554,0.35,0.21477293326847746
AOI-0014,2011-04-26,озимая пшеница,0.23028671283006746,0.2308717173160363,0.01741207616034311,0.35,0.2369659439721564
AOI-0014,2011-05-09,озимая пшеница,0.647435774331078,0.658093217148091,-0.005337715112332279,0.35,0.6562250168587747
AOI-0014,2011-05-28,озимая пшеница,0.6502305414214026,0.6562532534184756,0.003892148772202547,0.35,0.6576155054887465
AOI-0014,2011-06-14,озимая пшеница,0.7407981961822516,0.7451129852285943,0.01391660004322778,0.35,0.7499837952437239
AOI-0014,2011-08-01,озимая пшеница,0.4457305009763182,0.446784947805245,0.012068608616545908,0.35,0.4510089608210361
AOI-0014,2011-09-14,озимая пшеница,0.2882700442629913,0.2942721670849452,0.002289611998325412,0.35,0.2950735312843591
AOI-0014,2011-09-17,озимая пшеница,0.20914243048147096,0.20848689443153617,0.009304686984493112,0.35,0.21174353487610875
AOI-0014,2011-10-27,озимая пшеница,0.28884337188900827,0.28626970812513586,0.01379654690952322,0.35,0.291098499543469
AOI-0014,2012-05-06,озимая пшеница,0.6778423522787318,0.6820168202441917,0.010909937004880198,0.35,0.6858352981958998
AOI-0014,2012-06-25,озимая пшеница,0.37866091584089673,0.39000204576632486,0.007829137798614771,0.35,0.39274224399584
AOI-0014,2012-08-28,озимая пшеница,0.29748083660244456,0.2995862005128329,-0.007910654515134553,0.35,0.29681747143253584
AOI-0014,2012-09-04,озимая пшеница,0.20611925445926763,0.20661788115215654,0.006302663985017939,0.35,0.20882381354691282
AOI-0014,2012-09-11,озимая пшеница,0.2073876251990435,0.20692461314140148,0.01522210092426862,0.35,0.2122523484648955
AOI-0014,2012-09-27,озимая пшеница,0.18663007668977297,0.184222093949024,0.012581867182249726,0.35,0.1886257474628114
AOI-0014,2013-05-09,озимая пшеница,0.4252697937824777,0.42566231831893236,-0.010401131831324188,0.35,0.4220219221779689
AOI-0014,2013-06-11,озимая пшеница,0.5493093138523011,0.5542855633014356,0.0024473406625438146,0.35,0.555142132533326
AOI-0014,2013-06-19,озимая пшеница,0.6382202918220716,0.6444151453923442,0.011808477914963925,0.35,0.6485481126625816
AOI-0014,2013-07-28,озимая пшеница,0.6900794627528649,0.6738979021251529,-0.03968117786186833,0.35,0.660009489873499
AOI-0014,2013-09-14,озимая пшеница,0.3853628580662602,0.3829250628205069,-0.011563933409535087,0.35,0.37887768612716965
AOI-0014,2013-09-23,озимая пшеница,0.24193786233060963,0.23295969504195294,-0.0022981827508132577,0.35,0.2321553310791683
AOI-0014,2014-06-26,озимая пшеница,0.4472431768868974,0.4458303706540843,-0.01302010890672083,0.35,0.441273332536732
AOI-0014,2014-06-29,озимая пшеница,0.3603610560722099,0.3571607403943534,-0.002960128058512449,0.35,0.35612469557387405
AOI-0014,2014-08-17,озимая пшеница,0.2091787369972348,0.2095758733000274,0.0024256756967366883,0.35,0.21042485979388523
AOI-0014,2014-09-30,озимая пшеница,0.2952714473755769,0.2994161269203784,-0.0034183525045577436,0.35,0.2982197035437832
AOI-0014,2014-10-27,озимая пшеница,0.2214288437984816,0.22581995913027217,-0.00551490147971655,0.35,0.22388974361237138
AOI-0014,2015-04-14,озимая пшеница,0.35226848608664213,0.3496954655043234,-0.002568925511116544,0.35,0.3487963415754326
AOI-0014,2015-06-16,озимая пшеница,0.6767192574614809,0.6972546832500701,0.040024080195990804,0.35,0.7112631113186669
AOI-0014,2015-06-26,озимая пшеница,0.47552178615522095,0.4782576975195716,-0.009323465943865118,0.35,0.4749944844392188
AOI-0014,2015-07-12,озимая пшеница,0.4574240062087143,0.4632508851451288,0.009144230570781408,0.35,0.46645136584490227
AOI-0014,2015-07-27,озимая пшеница,0.3365623020644668,0.34045862551116685,0.018372121317393336,0.35,0.3468888679722545
AOI-0014,2015-08-28,озимая пшеница,0.22679480721105938,0.2265254370855079,0.007964906645755065,0.35,0.22931315441152217
AOI-0014,2016-04-22,озимая пшеница,0.4098874231516173,0.42729389211860014,0.01742155930971449,0.35,0.4333914378770002
AOI-0014,2016-05-09,озимая пшеница,0.3251841796588649,0.3266154746073779,0.010418111464995172,0.35,0.3302618136201262
AOI-0014,2016-06-03,озимая пшеница,0.612491809499045,0.6259922593479021,0.011180884607621903,0.35,0.6299055689605698
AOI-0014,2016-06-19,озимая пшеница,0.8368075854344275,0.8407695211146172,0.006301244624232549,0.35,0.8429749567330986
AOI-0014,2016-08-13,озимая пшеница,0.490522077134486,0.49297770890712234,0.02066452807446625,0.35,0.5002102937331855
AOI-0014,2016-08-30,озимая пшеница,0.29298990850917256,0.293894058840075,0.020269983230007952,0.35,0.3009885529705778
AOI-0014,2017-04-26,озимая пшеница,0.7754291905236255,0.7707446713211017,0.018037297119660938,0.35,0.777057725312983
AOI-0014,2017-04-28,озимая пшеница,0.799724668401548,0.7874859188772887,-0.009777644749689108,0.35,0.7840637432148975
AOI-0014,2017-05-21,озимая пшеница,0.8901752508872064,0.8959676857241508,-0.002581338477849203,0.35,0.8950642172569035
AOI-0014,2017-05-29,озимая пшеница,0.8826341219989824,0.8937056957095875,0.008375408143424207,0.35,0.896637088559786
AOI-0014,2017-07-23,озимая пшеница,0.2704001117172335,0.26760645609044903,8.693395669560769e-05,0.35,0.2676368829752925
AOI-0014,2017-07-31,озимая пшеница,0.22159017142891443,0.21952406272315805,0.007989848541443426,0.35,0.22232050971266326
AOI-0014,2017-08-06,озимая пшеница,0.13991793571041655,0.130370299992501,-0.001534740864107462,0.35,0.12983314069006338
AOI-0014,2017-08-21,озимая пшеница,0.14152927556745004,0.1316659985049961,-0.004601665343533807,0.35,0.13005541563475928
AOI-0014,2017-09-10,озимая пшеница,0.16598925750431823,0.15814805361079642,-0.0016366284429342281,0.35,0.15757523365576945
AOI-0014,2017-09-30,озимая пшеница,0.24772032632991164,0.24527136336830332,-0.01042649746949435,0.35,0.2416220892539803
AOI-0014,2017-10-08,озимая пшеница,0.1697052491478085,0.1646986636065481,0.0019756491256619113,0.35,0.16539014080052977
AOI-0014,2018-04-07,озимая пшеница,0.5679917851661842,0.5724202345213331,-0.005367172308061562,0.35,0.5705417242135115
AOI-0014,2018-05-03,озимая пшеница,0.7637679183678387,0.770049077181614,0.02068420483762894,0.35,0.777288548874784
AOI-0014,2018-06-24,озимая пшеница,0.2772097859823024,0.266785422996385,-0.0013627959931012744,0.35,0.2663084443987996
AOI-0014,2018-07-18,озимая пшеница,0.23394870873814483,0.231768783367547,0.0142539133379313,0.35,0.23675765303582294
AOI-0014,2018-08-27,озимая пшеница,0.20889788768005857,0.2100688326128678,0.008585909702135686,0.35,0.21307390100861529
AOI-0014,2018-10-06,озимая пшеница,0.20709322978017863,0.2128654648706724,0.014882331673150787,0.35,0.21807428095627518
AOI-0014,2019-04-01,озимая пшеница,0.2559104926609662,0.25427066209337384,-0.0038202305619286048,0.35,0.25293358139669886
AOI-0014,2019-04-21,озимая пшеница,0.18877165822066222,0.1842171025580466,-0.008720580615931442,0.35,0.1811648993424706
AOI-0014,2019-05-01,озимая пшеница,0.21907199275179623,0.2160262269440603,0.00750339593298038,0.35,0.2186524155206034
AOI-0014,2019-05-09,озимая пшеница,0.615986232197621,0.6321853780602352,-0.011435553257279258,0.35,0.6281829344201875
AOI-0014,2019-05-27,озимая пшеница,0.6713630311548304,0.6747864063025689,-0.007344418944441707,0.35,0.6722158596720144
AOI-0014,2019-05-28,озимая пшеница,0.6291658797418812,0.6265075672194186,-0.011674097944194797,0.35,0.6224216329389504
AOI-0014,2019-06-04,озимая пшеница,0.7718455729063295,0.7865576809176038,0.021006580593177494,0.35,0.793909984125216
AOI-0014,2019-06-11,озимая пшеница,0.8590570801960289,0.8675489801881896,0.012948037563863802,0.35,0.8720807933355419
AOI-0014,2019-06-15,озимая пшеница,0.8491588157996798,0.855502652540321,0.00921607216762452,0.35,0.8587282777989895
AOI-0014,2019-06-22,озимая пшеница,0.7426762195402781,0.7370888232721491,0.001455822696085234,0.35,0.7375983612157789
AOI-0014,2019-07-06,озимая пшеница,0.6276702313434388,0.6329530521254555,0.005882307158273412,0.35,0.6350118596308512
AOI-0014,2019-08-14,озимая пшеница,0.34025358104666503,0.3346028464134528,0.005005054343584713,0.35,0.3363546154337074
AOI-0014,2019-08-26,озимая пшеница,0.20967371592893902,0.20430113696501892,-0.0035035253359241183,0.35,0.20307490309744547
AOI-0014,2020-04-06,озимая пшеница,0.6609193940676623,0.6661052496672827,0.0029885984831140755,0.35,0.6671512591363726
AOI-0014,2020-04-07,озимая пшеница,0.6945118840780418,0.7052571971773746,0.029345383790338516,0.35,0.715528081503993
AOI-0014,2020-04-17,озимая пшеница,0.6979192023856771,0.7013961502091427,0.015906072389200127,0.35,0.7069632755453628
AOI-0014,2020-04-22,озимая пшеница,0.7254785759199224,0.71625188063952,-0.015458930260522415,0.35,0.7108412550483372
AOI-0014,2020-04-25,озимая пшеница,0.7225279871910321,0.7186463577156856,0.004641438474190868,0.35,0.7202708611816524
AOI-0014,2020-05-15,озимая пшеница,0.6780891511450639,0.6789160352177711,0.0030706183991919375,0.35,0.6799907516574882
AOI-0014,2020-05-17,озимая пшеница,0.6492837474158245,0.6490257814303738,-0.010348021007387992,0.35,0.645403974077788
AOI-0014,2020-06-04,озимая пшеница,0.702123598588259,0.7052256740974179,0.013092660575896902,0.35,0.7098081052989818
AOI-0014,2020-06-25,озимая пшеница,0.36700471625396924,0.3730164458502504,-0.01609440588973472,0.35,0.36738340378884327
AOI-0014,2020-07-11,озимая пшеница,0.2827679514492456,0.27286066304686546,-0.03166810604840919,0.35,0.26177682592992224
AOI-0014,2020-07-27,озимая пшеница,0.26414942914097284,0.2614870681900716,-0.01896223408272193,0.35,0.25485028626111894
AOI-0014,2020-08-16,озимая пшеница,0.20631170201377177,0.20754784703288248,0.004261391744371231,0.35,0.20903933414341241
AOI-0014,2020-09-09,озимая пшеница,0.15439764187698307,0.15752209968140457,0.010581507678697793,0.35,0.1612256273689488
AOI-0014,2020-09-24,озимая пшеница,0.1432854472997582,0.14545391896455412,0.004621527607624475,0.35,0.14707145362722268
AOI-0014,2021-04-07,озимая пшеница,0.47751584511873,0.48386421633322996,-0.005225437830450066,0.35,0.4820353130925724
AOI-0014,2021-04-29,озимая пшеница,0.6929377604113665,0.6961804553511579,0.00817908749226955,0.35,0.6990431359734522
AOI-0014,2021-05-25,озимая пшеница,0.8230922728001205,0.8262702190800055,-0.016060372665315122,0.35,0.8206490886471453
AOI-0014,2021-08-13,озимая пшеница,0.28262952573187705,0.28904843092460314,-3.2423823438240944e-05,0.35,0.28903708258639976
AOI-0014,2021-08-18,озимая пшеница,0.1426755735226194,0.14188219284530026,0.01587614412088053,0.35,0.14743884328760845
AOI-0014,2021-09-14,озимая пшеница,0.20362399939866188,0.19494941826219844,-0.01891158408112727,0.35,0.1883303638338039
AOI-0014,2021-10-12,озимая пшеница,0.17090728467850436,0.16502768163533857,-0.006900464450063742,0.35,0.16261251907781626
AOI-0014,2021-10-14,озимая пшеница,0.19681623368824974,0.19551032417048841,-0.0030495070046954727,0.35,0.194442996718845
AOI-0014,2022-05-15,озимая пшеница,0.2613572109623371,0.258200079349342,-0.01221106826669269,0.35,0.2539262054559996
AOI-0014,2022-05-26,озимая пшеница,0.40320041856880773,0.4156270080017171,0.02229062021701751,0.35,0.4234287250776732
AOI-0014,2022-05-27,озимая пшеница,0.34470779343068003,0.3530213278133134,0.0022279932515621337,0.35,0.35380112545136017
AOI-0014,2022-06-24,озимая пшеница,0.7023280676927453,0.6971271608169496,0.003476448468461357,0.35,0.6983439177809111
AOI-0014,2022-07-14,озимая пшеница,0.810311967359275,0.8048697375373007,0.00338432307161545,0.35,0.8060542506123661
AOI-0014,2022-07-24,озимая пшеница,0.7544692470408406,0.7591544952218211,0.01629724536469233,0.35,0.7648585310994634
AOI-0014,2022-08-22,озимая пшеница,0.3535670248825396,0.3607753406207446,0.012796936194617445,0.35,0.3652542682888607
AOI-0014,2022-08-29,озимая пшеница,0.299957441955103,0.30371986855434435,-0.003606702175684062,0.35,0.3024575227928549
AOI-0014,2022-09-02,озимая пшеница,0.19082575707627478,0.18898782218169768,0.0033145553440015883,0.35,0.19014791655209823
AOI-0014,2022-09-08,озимая пшеница,0.22400744298408717,0.2290362260111852,0.008343903268974617,0.35,0.23195659215532632
AOI-0014,2022-09-14,озимая пшеница,0.2417518860435115,0.23807889633372148,-0.009845722264310283,0.35,0.2346328935412129
AOI-0014,2023-06-07,озимая пшеница,0.8439508164509502,0.8598528654495917,0.027301970049810085,0.35,0.8694085549670253
AOI-0014,2023-08-10,озимая пшеница,0.21547374321251395,0.21532602818689467,0.014145438142458087,0.35,0.220276931536755
AOI-0014,2024-04-04,озимая пшеница,0.6703367011274667,0.6814745446623107,0.05052702720903462,0.35,0.6991590041854728
AOI-0014,2024-05-08,озимая пшеница,0.8418972778542259,0.8415324785139857,0.0036075352067510597,0.35,0.8427951158363486
AOI-0014,2024-05-09,озимая пшеница,0.8217267227993699,0.8192425150793499,-0.0029496379839234854,0.35,0.8182101417849766
AOI-0014,2024-05-21,озимая пшеница,0.8242506051948354,0.8325847995879626,-0.008816590278132901,0.35,0.8294989929906161
AOI-0014,2024-05-23,озимая пшеница,0.8331457620487397,0.8394036539043094,-0.004862498501628076,0.35,0.8377017794287396
AOI-0014,2024-06-08,озимая пшеница,0.5584094111485867,0.5574710683285053,-0.00688310165633442,0.35,0.5550619827487883
AOI-0014,2024-07-25,озимая пшеница,0.15078853555531355,0.14630249377073498,0.004618096748219801,0.35,0.1479188276326119
AOI-0014,2024-08-11,озимая пшеница,0.19730497182820028,0.20250352496979754,0.012153350303862179,0.35,0.2067571975761493
AOI-0014,2024-09-01,озимая пшеница,0.15684684109649516,0.15170835800630544,0.001485352798572957,0.35,0.15222823148580597
AOI-0014,2024-09-08,озимая пшеница,0.14152526821382333,0.13543517001323294,0.00016844486671377086,0.35,0.13549412571658276
AOI-0014,2024-09-11,озимая пшеница,0.14056634088850387,0.13504253627728216,0.006177419463694583,0.35,0.13720463308957526
AOI-0014,2024-09-18,озимая пшеница,0.1405984732290385,0.1353967389530203,0.00018836385763067566,0.35,0.13546266630319104
AOI-0014,2024-09-29,озимая пшеница,0.22246794823023136,0.22221929154741865,-0.016748335651785514,0.35,0.21635737406929373
AOI-0014,2024-10-07,озимая пшеница,0.18213108663581556,0.18940464705080037,0.008409985107633983,0.35,0.19234814183847226
AOI-0014,2024-10-30,озимая пшеница,0.2064369143428966,0.21390459282533195,0.002512854073973087,0.35,0.21478409175122254
AOI-0014,2025-04-23,озимая пшеница,0.39148567510630533,0.40132981544756074,-0.0031736478698966386,0.35,0.40021903869309694
AOI-0014,2025-05-01,озимая пшеница,0.19850328343502555,0.20825063766892293,0.019780734240639898,0.35,0.2151738946531469
AOI-0014,2025-05-27,озимая пшеница,0.4225482034225894,0.43840852214683007,0.007870673810726338,0.35,0.4411632579805843
AOI-0014,2025-06-13,озимая пшеница,0.4134383891210568,0.4174457245545077,-0.0005375008973797671,0.35,0.41725759924042477
AOI-0014,2025-08-12,озимая пшеница,0.23928576174143895,0.2320903458646471,-0.0029976801316964475,0.35,0.23104115781855336
AOI-0014,2025-08-15,озимая пшеница,0.29614216029133666,0.29950371644568435,0.0010899683337865476,0.35,0.2998852053625096
AOI-0014,2025-08-24,озимая пшеница,0.1880291469233388,0.1805988104294604,-0.0012716954796994323,0.35,0.1801537170115656
AOI-0014,2025-09-11,озимая пшеница,0.1469755000287299,0.1454696009287148,0.007738977702826114,0.35,0.14817824312470396
AOI-0014,2025-09-14,озимая пшеница,0.23976102611898245,0.245229220047733,-0.007366146447372202,0.35,0.24265106879115275
AOI-0014,2025-09-23,озимая пшеница,0.18801564458847145,0.1955906064260284,0.008278844397596265,0.35,0.1984882019651871
AOI-0014,2025-09-24,озимая пшеница,0.203282959031787,0.20757004673288315,0.007210359937055336,0.35,0.21009367271085252
AOI-0015,2025-05-04,озимая пшеница,0.3426035121082792,0.3430223454254919,0.024397572829892866,0.35,0.3515614959159544
AOI-0015,2025-05-27,озимая пшеница,0.49076853158741196,0.4856045905691679,0.03155021426718393,0.35,0.49664716556268224
AOI-0015,2025-06-07,озимая пшеница,0.4266241591481974,0.43190721535448057,0.013520194574915236,0.35,0.4366392834557009
AOI-0015,2025-07-03,озимая пшеница,0.37657109525744425,0.3765493846194883,0.023338169414499385,0.35,0.38471774391456304
AOI-0015,2025-07-05,озимая пшеница,0.3686003791914261,0.3662209652101911,0.020438478385425323,0.35,0.37337443264508996
AOI-0015,2025-07-08,озимая пшеница,0.31182726398322946,0.31635256577730686,0.020705967219417858,0.35,0.3235996543041031
AOI-0015,2025-07-13,озимая пшеница,0.24642086018900658,0.24898724797912017,0.016386810892125153,0.35,0.25472263179136395
AOI-0015,2025-07-15,озимая пшеница,0.23106588352969112,0.2312799909738109,0.008240413506253739,0.35,0.23416413570099973
AOI-0015,2025-07-18,озимая пшеница,0.2267925610265104,0.23287062958468888,0.006055576351446532,0.35,0.23499008130769516
AOI-0015,2025-07-21,озимая пшеница,0.28630519451110104,0.29251892454100353,0.022911658987787156,0.35,0.300538005186729
AOI-0015,2025-07-23,озимая пшеница,0.23687736355706945,0.24076603291481904,0.013219715553853324,0.35,0.24539293335866771
AOI-0015,2025-09-07,озимая пшеница,0.20465088416619703,0.20745719433620946,0.028601793296323178,0.35,0.21746782198992257
AOI-0015,2025-10-13,озимая пшеница,0.1859159191749989,0.18391811736291436,0.018674574268904617,0.35,0.19045421835703097
AOI-0015,2025-10-16,озимая пшеница,0.28652229093290676,0.2809923648556398,0.011019519189417095,0.35,0.28484919657193575
AOI-0015,2025-10-18,озимая пшеница,0.2195618684503049,0.21187228856029938,0.016926940173920588,0.35,0.2177967176211716
AOI-0016,2025-04-19,озимая пшеница,0.24435524181173632,0.23937207330997268,0.03408955542896707,0.35,0.25130341771011117
AOI-0016,2025-05-25,озимая пшеница,0.5433093894284114,0.5543093894284115,0.014652275164401169,0.35,0.5594376857359519
AOI-0016,2025-06-11,озимая пшеница,0.5967543724771087,0.5982715319136794,-0.01348551055503536,0.35,0.593551603219417
AOI-0016,2025-06-26,озимая пшеница,0.7781051587577175,0.7793505103321992,0.028169525945181472,0.35,0.7892098444130127
AOI-0016,2025-07-10,озимая пшеница,0.7905391052331613,0.7795391052331613,0.016154509546977603,0.35,0.7851931835746034
AOI-0016,2025-07-17,озимая пшеница,0.742073326255864,0.7409762032791146,-0.00074250945992332,0.35,0.7407163249681414
AOI-0016,2025-07-18,озимая пшеница,0.7497054415889557,0.746036102418084,0.0062061010967600465,0.35,0.7482082378019501
AOI-0016,2025-08-19,озимая пшеница,0.3716398233975368,0.3697762944097336,0.024122018925786273,0.35,0.3782190010337588
AOI-0016,2025-08-29,озимая пшеница,0.3832813575504659,0.3829479282754416,-0.004207107129438822,0.35,0.381475440780138
AOI-0016,2025-10-17,озимая пшеница,0.2576174404360845,0.25672384093964334,0.0567210681504847,0.35,0.276576214792313
AOI-0017,2010-06-10,озимая пшеница,0.5966510412396422,0.6009911245895668,-0.0019055267218472355,0.35,0.6003241902369203
AOI-0017,2010-07-29,озимая пшеница,0.5751302166991176,0.5841648274362181,0.014172982570584716,0.35,0.5891253713359228
AOI-0017,2010-09-23,озимая пшеница,0.3292260201386692,0.3524983761315237,0.021451971702124917,0.35,0.3600065662272674
AOI-0017,2011-04-18,озимая пшеница,0.29938790650572755,0.31308058305547454,-0.005207751795524447,0.35,0.31125786992704096
AOI-0017,2011-09-17,озимая пшеница,0.5133013285948183,0.5307565193528496,0.022162183245752625,0.35,0.5385132834888631
AOI-0017,2011-09-26,озимая пшеница,0.51763162071917,0.5261250713524623,0.01760226003182482,0.35,0.532285862363601
AOI-0017,2011-09-30,озимая пшеница,0.5443164195343987,0.521478194742113,0.005479752714908741,0.35,0.5233961081923311
AOI-0017,2011-10-11,озимая пшеница,0.4912910980306844,0.4987945566749815,0.013835504284787506,0.35,0.5036369831746571
AOI-0017,2011-10-27,озимая пшеница,0.4560158576886498,0.4735052404441195,0.02242215853329767,0.35,0.4813529959307737
AOI-0017,2012-07-18,озимая пшеница,0.5976774776687256,0.6137651633505546,0.029773710606063982,0.35,0.6241859620626771
AOI-0017,2012-07-27,озимая пшеница,0.509330247882637,0.4882153975345808,-0.0043141185929851025,0.35,0.486705456027036
AOI-0017,2012-08-28,озимая пшеница,0.47935005707692113,0.46182828443834506,-0.00021386472474273178,0.35,0.4617534317846851
AOI-0017,2012-09-29,озимая пшеница,0.4754539923198127,0.4630624457774831,-0.003515385545315553,0.35,0.4618320608366227
AOI-0017,2013-05-25,озимая пшеница,0.663817090041864,0.6694323255788629,-0.0048435806006458075,0.35,0.6677370723686369
AOI-0017,2013-07-12,озимая пшеница,0.5576088743855236,0.540500309556792,-0.015995023257488573,0.35,0.5349020514166709
AOI-0017,2013-08-14,озимая пшеница,0.41042384051460146,0.43283440331627004,0.011897522654275444,0.35,0.43699853624526647
AOI-0017,2013-09-14,озимая пшеница,0.6316632997628424,0.6129214651764862,0.017098045999797754,0.35,0.6189057812764154
AOI-0017,2013-09-30,озимая пшеница,0.6298688512689992,0.6021178228302432,-0.007715213033396499,0.35,0.5994174982685544
AOI-0017,2013-10-09,озимая пшеница,0.6337752960974109,0.6385851517276658,0.03090191547249049,0.35,0.6494008221430375
AOI-0017,2013-10-25,озимая пшеница,0.6203903426502962,0.6332012879383636,0.03977687349063023,0.35,0.6471231936600842
AOI-0017,2014-04-23,озимая пшеница,0.6931551516907809,0.7001690377769514,0.004929071050767914,0.35,0.7018942126447202
AOI-0017,2014-06-06,озимая пшеница,0.5916131954543049,0.5977272640032736,0.025350618295554326,0.35,0.6065999804067176
AOI-0017,2014-07-24,озимая пшеница,0.39931681491418275,0.41708335039512384,0.02693947044284591,0.35,0.4265121650501199
AOI-0017,2014-10-04,озимая пшеница,0.3674603262640337,0.3828245657535549,0.010016954624377489,0.35,0.386330499872087
AOI-0017,2015-04-23,озимая пшеница,0.5182376748326492,0.5073592276273834,-0.017399011201952735,0.35,0.5012695737066999
AOI-0017,2015-04-30,озимая пшеница,0.4134039292265181,0.42940745548652126,0.018319311921089505,0.35,0.4358192146589026
AOI-0017,2015-07-11,озимая пшеница,0.7024712671139953,0.7183714330877661,0.03570337648317127,0.35,0.730867614856876
AOI-0017,2015-07-27,озимая пшеница,0.640439802194039,0.6542652887674575,0.02820207109655132,0.35,0.6641360136512504
AOI-0017,2015-08-03,озимая пшеница,0.5821547549542422,0.590270980888866,0.023165467712946388,0.35,0.5983788945883972
AOI-0017,2015-08-29,озимая пшеница,0.4626388607128615,0.44125241721223246,-0.007973908413796879,0.35,0.43846154926740355
AOI-0017,2015-10-16,озимая пшеница,0.47045181230919864,0.43960375736201035,-0.008828073487210108,0.35,0.43651393164148683
AOI-0017,2016-04-06,озимая пшеница,0.5643153077872062,0.566824223514838,0.006931133125807325,0.35,0.5692501201088705
AOI-0017,2016-04-07,озимая пшеница,0.42031970068484126,0.4306791171888097,0.0063214833027004595,0.35,0.43289163634475486
AOI-0017,2016-06-18,озимая пшеница,0.626922652474126,0.6314886313216004,0.012762335984619417,0.35,0.6359554489162171
AOI-0017,2016-07-05,озимая пшеница,0.5408180172459147,0.5545416353091079,0.0174062536819553,0.35,0.5606338240977923
AOI-0017,2016-07-27,озимая пшеница,0.5906964356726875,0.5660905053519338,-0.004768157908902122,0.35,0.5644216500838181
AOI-0017,2016-08-21,озимая пшеница,0.5712842341026345,0.5783211982884212,0.02916029555470716,0.35,0.5885273017325687
AOI-0017,2016-09-15,озимая пшеница,0.5260790442989914,0.5308350114262449,0.030651238886068872,0.35,0.541562945036369
AOI-0017,2016-10-15,озимая пшеница,0.5359782636098968,0.5096568182019348,-0.011988253065654896,0.35,0.5054609296289555
AOI-0017,2016-10-17,озимая пшеница,0.4809381932440665,0.48488254855452884,0.015461933613937075,0.35,0.4902942253194068
AOI-0017,2017-06-06,озимая пшеница,0.6621859710827009,0.6653401639877241,0.016492365885901004,0.35,0.6711124920477894
AOI-0017,2017-07-31,озимая пшеница,0.6291467813962023,0.6377616835698137,0.023201644176555614,0.35,0.6458822590316081
AOI-0017,2017-08-01,озимая пшеница,0.6137331580558563,0.6278616508799078,0.011386872005707961,0.35,0.6318470560819055
AOI-0017,2017-09-02,озимая пшеница,0.5440687137482162,0.5435812201933625,0.016389277876195485,0.35,0.549317467450031
AOI-0017,2018-04-05,озимая пшеница,0.4337922923501039,0.4380852222997718,0.0004930234623937249,0.35,0.43825778051160963
AOI-0017,2018-05-09,озимая пшеница,0.6785050124538516,0.6743997502099225,-0.010230068482616084,0.35,0.6708192262410069
AOI-0017,2018-05-23,озимая пшеница,0.6567085301967058,0.6499350713677636,0.005008595488049997,0.35,0.6516880797885811
AOI-0017,2018-06-20,озимая пшеница,0.5351484781414825,0.5308709247748764,0.005247802535995435,0.35,0.5327076556624748
AOI-0017,2018-07-11,озимая пшеница,0.44116490433296074,0.4603794838186523,0.01071439512467111,0.35,0.4641295221122872
AOI-0017,2018-07-12,озимая пшеница,0.5160271438269808,0.5037082388034836,-0.006497211057611455,0.35,0.5014342149333196
AOI-0017,2019-04-25,озимая пшеница,0.45688470524719144,0.46564950443162506,0.010239343951188789,0.35,0.46923327481454113
AOI-0017,2019-04-28,озимая пшеница,0.4281530107813673,0.4320408023902519,0.00022106634554480394,0.35,0.4321181756111926
AOI-0017,2019-05-13,озимая пшеница,0.5457854317704328,0.541093804767146,0.004695182413843209,0.35,0.5427371186119911
AOI-0017,2019-05-18,озимая пшеница,0.6240070679687231,0.6211360684641384,0.00830354384636105,0.35,0.6240423088103647
AOI-0017,2019-05-28,озимая пшеница,0.6983137832955776,0.6914633162892146,0.010149459837909953,0.35,0.6950156272324831
AOI-0017,2019-06-04,озимая пшеница,0.6525008315240965,0.6537130281116953,0.01841512652825959,0.35,0.6601583223965861
AOI-0017,2019-06-12,озимая пшеница,0.7151288985251444,0.7181672143337474,0.005331237609770691,0.35,0.7200331474971672
AOI-0017,2019-06-17,озимая пшеница,0.6558479826052093,0.6526706849885793,0.005999064145269472,0.35,0.6547703574394236
AOI-0017,2019-07-17,озимая пшеница,0.6394761977764344,0.6397583128715535,0.001555905280229437,0.35,0.6403028797196338
AOI-0017,2019-08-06,озимая пшеница,0.6333629837079386,0.6456984227715574,0.025760037633817113,0.35,0.6547144359433934
AOI-0017,2019-08-11,озимая пшеница,0.5855922964783198,0.5963534917960626,0.020661049136272525,0.35,0.6035848589937579
AOI-0017,2019-08-24,озимая пшеница,0.42584077274072496,0.44603576835658243,0.007234332228718523,0.35,0.44856778463663394
AOI-0017,2019-08-29,озимая пшеница,0.524476014359336,0.4997502410766265,-0.023176133425397785,0.35,0.49163859437773727
AOI-0017,2019-08-31,озимая пшеница,0.5004371179344664,0.505660334154817,-0.0007802919078696356,0.35,0.5053872319870627
AOI-0017,2019-09-13,озимая пшеница,0.4505380493680129,0.4678130513933768,0.002250865566883861,0.35,0.46860085434178617
AOI-0017,2020-04-25,озимая пшеница,0.3147316935929936,0.32438942978343266,-0.0062896713108907005,0.35,0.32218804482462093
AOI-0017,2020-04-30,озимая пшеница,0.3485277566152545,0.3613296152708141,0.023938080621922517,0.35,0.36970794348848696
AOI-0017,2020-05-08,озимая пшеница,0.6599217367786532,0.6500000980240523,-0.007233991378217928,0.35,0.647468201041676
AOI-0017,2020-06-06,озимая пшеница,0.6249771695165434,0.6243900769152595,0.001875507647520484,0.35,0.6250465045918917
AOI-0017,2020-06-26,озимая пшеница,0.5083175437016039,0.5176385496127496,0.0007044707824235405,0.35,0.5178851143865978
AOI-0017,2020-07-26,озимая пшеница,0.40087346848667593,0.4096555912099564,-0.0003447521774732616,0.35,0.4095349279478408
AOI-0017,2020-08-18,озимая пшеница,0.44544485049329624,0.4610983200899552,0.027447516296342882,0.35,0.47070495079367525
AOI-0017,2020-09-02,озимая пшеница,0.3869341822138902,0.4035794945446267,0.014245584770558786,0.35,0.4085654492143223
AOI-0017,2020-09-04,озимая пшеница,0.342860780853361,0.3596367898083474,0.010238440314709517,0.35,0.3632202439184957
AOI-0017,2020-09-09,озимая пшеница,0.381293684599327,0.397875488800269,0.0036176300223945035,0.35,0.3991416593081071
AOI-0017,2020-09-10,озимая пшеница,0.3660152076049521,0.3748972580395613,0.012093804509895955,0.35,0.3791300896180249
AOI-0017,2020-09-19,озимая пшеница,0.3967060958782709,0.4053938473351999,0.014823193542444622,0.35,0.4105819650750555
AOI-0017,2020-10-12,озимая пшеница,0.3587249752238633,0.373564016484924,0.0006223143942617197,0.35,0.3737818265229156
AOI-0017,2021-04-07,озимая пшеница,0.3887765197442675,0.37107690440214425,-0.012038562567321495,0.35,0.3668634075035817
AOI-0017,2021-05-20,озимая пшеница,0.5389539279819631,0.5412191704518504,0.010438517274924997,0.35,0.5448726514980742
AOI-0017,2021-07-02,озимая пшеница,0.6723268158798716,0.6753960194724749,0.010105613667734614,0.35,0.678932984256182
AOI-0017,2021-08-29,озимая пшеница,0.5479883479424417,0.5213664310028184,-0.005100655169812779,0.35,0.519581201693384
AOI-0017,2021-09-04,озимая пшеница,0.5141121580212558,0.5248809573379973,0.017236394995060793,0.35,0.5309136955862687
AOI-0017,2021-09-27,озимая пшеница,0.5127695412032389,0.5140706261062815,0.01980790569731131,0.35,0.5210033931003405
AOI-0017,2021-10-06,озимая пшеница,0.3443309979250883,0.364699203255415,0.01939056562611503,0.35,0.37148590122455527
AOI-0017,2021-10-27,озимая пшеница,0.5118639260177509,0.5123523895589623,0.007441830320778074,0.35,0.5149570301712346
AOI-0017,2022-04-17,озимая пшеница,0.6106820644201583,0.5993785390993975,0.008626817891001958,0.35,0.6023979253612483
AOI-0017,2022-04-23,озимая пшеница,0.6729436376740243,0.6675558779275544,-0.009117589110771953,0.35,0.6643647217387842
AOI-0017,2022-05-26,озимая пшеница,0.6917240977081147,0.6916003733823896,0.012091277433495449,0.35,0.6958323204841129
AOI-0017,2022-05-27,озимая пшеница,0.6787885224924064,0.6790903056224201,0.006058959460820735,0.35,0.6812109414337074
AOI-0017,2022-06-03,озимая пшеница,0.6438126099936764,0.6517324356635362,0.026621953983129543,0.35,0.6610501195576316
AOI-0017,2022-06-11,озимая пшеница,0.5933209645953738,0.6001343738972712,0.022389434155396775,0.35,0.6079706758516601
AOI-0017,2022-06-30,озимая пшеница,0.5992965079885446,0.6062820310448389,0.017830786690477125,0.35,0.6125228063865059
AOI-0017,2022-07-12,озимая пшеница,0.5632936212189301,0.5407459798498363,-0.004445764089421347,0.35,0.5391899624185388
AOI-0017,2022-07-19,озимая пшеница,0.5628999425206781,0.5727117482898892,0.028944173471258477,0.35,0.5828422090048297
AOI-0017,2022-07-24,озимая пшеница,0.5479149958383007,0.5592735128546134,0.025769263894527845,0.35,0.5682927552176981
AOI-0017,2022-08-07,озимая пшеница,0.5606021723838018,0.5686239939403763,0.02978930537136244,0.35,0.5790502508203532
AOI-0017,2022-08-14,озимая пшеница,0.5574142304053549,0.5665585429082354,0.02663769612706036,0.35,0.5758817365527065
AOI-0017,2022-08-15,озимая пшеница,0.5291417568774898,0.5356202561729962,0.008822484288629754,0.35,0.5387081256740167
AOI-0017,2022-08-23,озимая пшеница,0.5271486660533917,0.5416696830816949,0.02464444467060525,0.35,0.5502952387164067
AOI-0017,2022-08-30,озимая пшеница,0.49894567582175214,0.5101163162826312,0.012119664186527556,0.35,0.5143581987479159
AOI-0017,2022-09-17,озимая пшеница,0.4382627522525334,0.4477255456033377,0.015485757528600697,0.35,0.45314556073834794
AOI-0017,2022-10-19,озимая пшеница,0.49586653801941216,0.49200941269352266,-0.012020990566682384,0.35,0.48780206599518383
AOI-0017,2023-04-02,озимая пшеница,0.5076233223443753,0.5046831490435695,0.02516852958301082,0.35,0.5134921343976233
AOI-0017,2023-05-06,озимая пшеница,0.6203644295529134,0.6244336832471297,0.027207030927411485,0.35,0.6339561440717237
AOI-0017,2023-06-11,озимая пшеница,0.6411994140822743,0.6344180691503023,0.02410895710623952,0.35,0.6428562041374861
AOI-0017,2023-06-19,озимая пшеница,0.6465201887707456,0.642950352870148,0.010571822488225222,0.35,0.6466504907410269
AOI-0017,2023-06-22,озимая пшеница,0.6502228556039521,0.6486796334736707,0.01254481773209246,0.35,0.6530703196799031
AOI-0017,2023-07-24,озимая пшеница,0.6388581781312077,0.641200086189226,0.025045389090006077,0.35,0.6499659723707281
AOI-0017,2023-09-19,озимая пшеница,0.4867245580245274,0.49716661724245453,0.012366379502814289,0.35,0.5014948500684395
AOI-0017,2023-10-12,озимая пшеница,0.2738210010867227,0.2935545620960537,0.0016920421486552686,0.35,0.29414677684808305
AOI-0017,2023-10-16,озимая пшеница,0.4182491940544206,0.4001006612768929,-0.013493547951407267,0.35,0.3953779194939004
AOI-0017,2023-10-21,озимая пшеница,0.289485697098131,0.2990997458506851,0.0032954465259155655,0.35,0.30025315213475556
AOI-0017,2024-04-04,озимая пшеница,0.4253771566088963,0.44008069639770314,0.0459757185355633,0.35,0.4561721978851503
AOI-0017,2024-06-05,озимая пшеница,0.27177484462190227,0.27786929287363765,0.005176454946272757,0.35,0.2796810521048331
AOI-0017,2024-06-13,озимая пшеница,0.19892068476338517,0.20019884234672725,-0.0055367293141676925,0.35,0.19826098708676856
AOI-0017,2024-06-28,озимая пшеница,0.22109403413337395,0.22744813557605104,-0.012761924986122889,0.35,0.22298146183090803
AOI-0017,2024-07-19,озимая пшеница,0.243935055858473,0.2574813647149648,0.01027564638808914,0.35,0.261077840950796
AOI-0017,2024-08-22,озимая пшеница,0.1923845722716859,0.20910185918951596,0.01911661696125677,0.35,0.21579267512595582
AOI-0017,2024-09-01,озимая пшеница,0.24278187063417755,0.253895412048062,0.001784364914160241,0.35,0.25451993976801807
AOI-0017,2024-09-21,озимая пшеница,0.25488150858126585,0.2705869081584744,0.02184558480206221,0.35,0.2782328628391962
AOI-0017,2024-09-29,озимая пшеница,0.29589572430801364,0.27142412877181116,-0.011743019178256753,0.35,0.2673140720594213
AOI-0017,2024-10-08,озимая пшеница,0.17078758058249577,0.1839177614603952,0.0063928294334074445,0.35,0.1861552517620878
AOI-0017,2024-10-22,озимая пшеница,0.23085652556934638,0.24109408257687162,0.014498407540275926,0.35,0.2461685252159682
AOI-0017,2025-05-04,озимая пшеница,0.8611310934513436,0.8468227626396755,0.01927257361029946,0.35,0.8535681634032803
AOI-0017,2025-05-27,озимая пшеница,0.789573012174643,0.7869962088943554,0.03335174754784747,0.35,0.798669320536102
AOI-0017,2025-06-07,озимая пшеница,0.6385260278794215,0.6272098857990169,-0.0014173496908395813,0.35,0.6267138134072231
AOI-0017,2025-06-28,озимая пшеница,0.33891025322395457,0.3482879237315991,0.011282692304794789,0.35,0.3522368660382773
AOI-0017,2025-07-07,озимая пшеница,0.28250790129485037,0.28272602685258585,-0.015000785291035313,0.35,0.2774757520007235
AOI-0017,2025-08-23,озимая пшеница,0.22273596921663566,0.23563584578159155,0.016389559248943416,0.35,0.24137219151872175
AOI-0017,2025-09-01,озимая пшеница,0.14797149838233448,0.15644526654909904,0.004461859200198332,0.35,0.15800691726916846
AOI-0017,2025-10-02,озимая пшеница,0.25769327671477615,0.26996295039239304,0.012611871417058117,0.35,0.2743771053883634
AOI-0018,2025-04-19,озимая пшеница,0.8077895479489524,0.8117499870231524,7.023717170537682e-05,0.35,0.8117745700332493
AOI-0018,2025-05-27,озимая пшеница,0.6719158635071779,0.6751764241000876,0.011674310549917511,0.35,0.6792624327925587
AOI-0018,2025-06-13,озимая пшеница,0.31492214901020266,0.3182761451655152,0.002453244487283683,0.35,0.3191347807360645
AOI-0018,2025-06-15,озимая пшеница,0.30884467835048257,0.3079510929381915,-0.001852524421077573,0.35,0.30730270939081433
AOI-0018,2025-07-05,озимая пшеница,0.22698492000326834,0.2272865835306323,0.003471044479573173,0.35,0.2285014490984829
AOI-0018,2025-07-07,озимая пшеница,0.24503100023184615,0.24039795255718277,-0.011484775415180611,0.35,0.23637828116186957
AOI-0018,2025-07-14,озимая пшеница,0.28125330497589945,0.283158881466659,0.00011721894220944511,0.35,0.2831999080964323
AOI-0018,2025-07-21,озимая пшеница,0.30455406932584733,0.3097468811731103,0.002937860702858597,0.35,0.3107751324191108
AOI-0018,2025-08-19,озимая пшеница,0.16857411936765349,0.17365075020907375,0.00532802882622755,0.35,0.17551556029825338
AOI-0018,2025-08-27,озимая пшеница,0.16619527201193396,0.1692555516681992,0.0046569522977072085,0.35,0.17088548497239672
AOI-0018,2025-09-08,озимая пшеница,0.15536398055307582,0.14982921947834546,0.009646861025984128,0.35,0.1532056208374399
AOI-0018,2025-09-24,озимая пшеница,0.23002304891585942,0.22885184352760005,0.0169651477123185,0.35,0.2347896452269115
AOI-0018,2025-10-17,озимая пшеница,0.24555816130821037,0.24751352550360414,0.03162746153640389,0.35,0.2585831370413455
AOI-0019,2025-04-14,подсолнечник,0.4862571826754529,0.48044523027656727,3.818314796874339e-05,0.35,0.4804585943783563
AOI-0019,2025-04-17,подсолнечник,0.5403946742967365,0.5470318426197908,0.007023724920886961,0.35,0.5494901463421012
AOI-0019,2025-04-28,подсолнечник,0.5549079587385399,0.5544047062702713,0.006673355210766384,0.35,0.5567403805940395
AOI-0019,2025-05-14,подсолнечник,0.5767945509563842,0.5754738712775275,-0.0030327080198250104,0.35,0.5744124234705887
AOI-0019,2025-05-25,подсолнечник,0.6666303669562803,0.6776303669562803,0.004910861491163697,0.35,0.6793491684781876
AOI-0019,2025-06-15,подсолнечник,0.41829765230853855,0.4093083601860302,0.00864487258500793,0.35,0.41233406559078295
AOI-0019,2025-06-27,подсолнечник,0.4116373888709376,0.4184318159085493,0.0185703966307807,0.35,0.42493145472932253
AOI-0019,2025-06-30,подсолнечник,0.350094305919057,0.35656110168614696,0.03308254186922045,0.35,0.3681399913403741
AOI-0019,2025-07-10,подсолнечник,0.32089595415513694,0.32279166343933224,0.01410590562007991,0.35,0.3277287304063602
AOI-0019,2025-07-14,подсолнечник,0.30339905477059714,0.3105919370999207,0.018341208566597877,0.35,0.31701136009823
AOI-0019,2025-08-14,подсолнечник,0.31400751932296217,0.31804607597681944,0.014609646897412346,0.35,0.32315945239091376
AOI-0019,2025-08-31,подсолнечник,0.20465889876881152,0.20837000683074827,0.01941931686289001,0.35,0.21516676773275978
AOI-0019,2025-09-15,подсолнечник,0.22218599348403553,0.23024645072654257,0.016860437075195293,0.35,0.23614760370286092
AOI-0019,2025-09-23,подсолнечник,0.20958284628906992,0.21366691304203608,0.023745362859813553,0.35,0.22197779004297083
AOI-0019,2025-09-24,подсолнечник,0.22714032673517118,0.2275333256695358,0.023684182938307718,0.35,0.23582278969794349
AOI-0019,2025-10-18,подсолнечник,0.19712320133150268,0.20342614080842752,0.014015347014536939,0.35,0.20833151226351546
AOI-0020,2025-04-18,подсолнечник,0.2597645913181529,0.2621791400248968,0.0008218478020539004,0.35,0.26246678675561563
AOI-0020,2025-04-23,подсолнечник,0.465552353645245,0.4736562402725614,0.015331951450524177,0.35,0.4790224232802449
AOI-0020,2025-05-03,подсолнечник,0.4204023480223993,0.4212186735841472,0.02212380291774608,0.35,0.4289620046053583
AOI-0020,2025-06-03,подсолнечник,0.6296155359468627,0.6343349688704131,0.007783394911824759,0.35,0.6370591570895517
AOI-0020,2025-06-11,подсолнечник,0.455890929506214,0.4574025712155214,-0.013792095725704362,0.35,0.45257533771152486
AOI-0020,2025-07-12,подсолнечник,0.43144702101146803,0.42902351724527926,0.0007090449557338274,0.35,0.42927168297978613
AOI-0020,2025-07-21,подсолнечник,0.3405254412184181,0.34043985898515194,0.02539211697926091,0.35,0.34932709992789324
AOI-0020,2025-07-29,подсолнечник,0.3158448292537327,0.31376102261775385,0.025139522553324176,0.35,0.3225598555114173
AOI-0020,2025-07-30,подсолнечник,0.2843052740793501,0.28578367753183564,0.019104487138064674,0.35,0.2924702480301583
AOI-0020,2025-08-19,подсолнечник,0.24646872152870672,0.24803609235601265,0.018853108271516754,0.35,0.2546346802510435
AOI-0020,2025-10-13,подсолнечник,0.10108395528935521,0.09974414610854836,0.02794922593362017,0.35,0.10952637518531541
AOI-0021,2025-04-28,подсолнечник,0.4020774065958679,0.3996272633219563,-0.016530865758471888,0.35,0.39384146030649114
AOI-0021,2025-05-27,подсолнечник,0.5558609079185155,0.5458703917890849,-0.009664020572824127,0.35,0.5424879845885965
AOI-0021,2025-06-03,подсолнечник,0.5678277714324647,0.5570626858012706,0.0007578981634906354,0.35,0.5573279501584923
AOI-0021,2025-07-06,подсолнечник,0.35810331905725834,0.35792105526685375,-0.0024724308097726897,0.35,0.3570557044834333
AOI-0021,2025-07-18,подсолнечник,0.3178952330219946,0.3227386685858467,-0.01828110127307568,0.35,0.31634028314027024
AOI-0021,2025-07-29,подсолнечник,0.32164164128837985,0.3271975992288475,-0.011304956656111892,0.35,0.32324086439920835
AOI-0021,2025-08-07,подсолнечник,0.2582212304308677,0.2611986974956067,-0.004312313529639273,0.35,0.259689387760233
AOI-0021,2025-08-22,подсолнечник,0.23024416566309777,0.2299860835110296,-0.0056985298782727175,0.35,0.22799159805363414
AOI-0021,2025-08-30,подсолнечник,0.2622850152756271,0.2625403558151114,0.0034532624219931487,0.35,0.263748997662809
AOI-0021,2025-09-15,подсолнечник,0.2203906065868907,0.22212891131682103,-0.0045939455544619905,0.35,0.22052103037275933
AOI-0021,2025-09-24,подсолнечник,0.25026678229838134,0.25145645711536935,0.0020971574741430687,0.35,0.2521904622313194
AOI-0021,2025-10-03,подсолнечник,0.1943774043748021,0.19223609853504425,0.00029131083517147096,0.35,0.19233805732735426
AOI-0022,2025-04-01,подсолнечник,0.5077788866940433,0.5148259591653858,0.025588712845273663,0.35,0.5237820086612316
AOI-0022,2025-05-03,подсолнечник,0.8507512346031684,0.8512365325561901,0.018738447942283812,0.35,0.8577949893359895
AOI-0022,2025-05-06,подсолнечник,0.7791552252599989,0.7839920752779252,0.02067525060688097,0.35,0.7912284129903336
AOI-0022,2025-05-25,подсолнечник,0.8198981908927613,0.8154618846756923,0.012324676750794843,0.35,0.8197755215384704
AOI-0022,2025-05-28,подсолнечник,0.8119736364269594,0.8154377624812627,0.016300138164412316,0.35,0.8211428108388069
AOI-0022,2025-07-08,подсолнечник,0.20656885078130044,0.20931905006367582,0.008127197660921385,0.35,0.2121635692449983
AOI-0022,2025-07-17,подсолнечник,0.16223703734788233,0.16151232401993115,-0.0026121986010729085,0.35,0.16059805450955564
AOI-0022,2025-07-21,подсолнечник,0.18645683416406514,0.1892899426647679,0.010253598507223335,0.35,0.19287870214229608
AOI-0022,2025-08-27,подсолнечник,0.1528922285984277,0.1508136012636868,0.008742312610413168,0.35,0.1538734106773314
AOI-0022,2025-08-31,подсолнечник,0.1695303207908915,0.17015763227031705,0.014625274178101007,0.35,0.1752764782326524
AOI-0022,2025-09-23,подсолнечник,0.17308931891521934,0.17318657085060102,0.009480914206464951,0.35,0.17650489082286375
AOI-0022,2025-09-24,подсолнечник,0.19006571093998453,0.19016185213362174,0.006938688964315086,0.35,0.19259039327113203
AOI-0022,2025-09-30,подсолнечник,0.24384120318093866,0.24271392391905663,0.005732793379982894,0.35,0.24472040160205064
AOI-0023,2025-04-16,подсолнечник,0.20490441962126169,0.2056623961436768,-0.0053645938245535495,0.35,0.20378478830508304
AOI-0023,2025-04-17,подсолнечник,0.24163848481767408,0.2417832887249436,0.0006378417508690437,0.35,0.24200653333774774
AOI-0023,2025-04-24,подсолнечник,0.18640164347899235,0.1955586014161606,0.0027469093914697456,0.35,0.196520019703175
AOI-0023,2025-05-01,подсолнечник,0.17021310584038635,0.1756055454575359,-0.003302945434541188,0.35,0.1744495145554465
AOI-0023,2025-05-04,подсолнечник,0.22494112531609173,0.2272365957102767,-0.0037538091553272397,0.35,0.22592276250591217
AOI-0023,2025-06-27,подсолнечник,0.7656861694535759,0.7743266429415657,0.01406111138140733,0.35,0.7792480319250583
AOI-0023,2025-07-05,подсолнечник,0.7288067841323449,0.734540498161686,0.010298430800147938,0.35,0.7381449489417378
AOI-0023,2025-07-14,подсолнечник,0.38681160615331023,0.3888900020133933,0.018587967518114812,0.35,0.39539579064473346
AOI-0023,2025-07-15,подсолнечник,0.34634948321516984,0.34295756407809946,-0.004196649903769492,0.35,0.34148873661178014
AOI-0023,2025-08-14,подсолнечник,0.1557743994836934,0.15872745066684255,0.00013658645544296346,0.35,0.15877525592624758
AOI-0023,2025-08-22,подсолнечник,0.1417510548709538,0.14232603459112728,0.00011955144252568653,0.35,0.14236787759601127
AOI-0023,2025-08-30,подсолнечник,0.19292836749489167,0.1944165998319118,0.010393371629019085,0.35,0.1980542799020685
AOI-0023,2025-09-21,подсолнечник,0.15113483226107322,0.1500477817693547,0.005023124778795679,0.35,0.1518058754419332
AOI-0023,2025-09-23,подсолнечник,0.16226721053012655,0.16459538289329698,0.011737008075180619,0.35,0.1687033357196102
AOI-0023,2025-10-17,подсолнечник,0.23130373766373943,0.23452735084197787,0.011705777565864207,0.35,0.23862437299003034
AOI-0024,2025-04-07,подсолнечник,0.3239717847043561,0.3349717847043561,0.0100056380172233,0.35,0.33847375801038426
AOI-0024,2025-04-23,подсолнечник,0.347046562864487,0.358046562864487,0.016711902817320344,0.35,0.3638957288505491
AOI-0024,2025-05-25,подсолнечник,0.48489497581532137,0.4958949758153214,0.009604537394735118,0.35,0.49925656390347867
AOI-0024,2025-05-28,подсолнечник,0.2520143631509335,0.25119168633863115,0.013357238334321134,0.35,0.25586671975564357
AOI-0024,2025-06-05,подсолнечник,0.3065342563527932,0.3053873248174128,0.010975770758652876,0.35,0.3092288445829413
AOI-0024,2025-07-03,подсолнечник,0.5936356088508379,0.58861625620782,-0.012477011868751657,0.35,0.5842493020537569
AOI-0024,2025-07-21,подсолнечник,0.3591067610892744,0.3664799495623567,0.020797595316990387,0.35,0.3737591079233033
AOI-0024,2025-07-25,подсолнечник,0.34969017116059736,0.34733245469031443,0.005539703662147713,0.35,0.34927135097206613
AOI-0024,2025-08-06,подсолнечник,0.32677882930847185,0.33127313969323213,0.006927767159420473,0.35,0.3336978581990293
AOI-0024,2025-08-09,подсолнечник,0.2885491848530895,0.28767983663124885,0.005094250417996266,0.35,0.28946282427754755
AOI-0024,2025-09-14,подсолнечник,0.2842468829006226,0.2852188877361469,0.005097892571018543,0.35,0.2870031501360034
AOI-0024,2025-09-21,подсолнечник,0.1926767399965507,0.1893048564034658,0.02174347077649093,0.35,0.19691507117523763
AOI-0024,2025-09-30,подсолнечник,0.231174229409482,0.2305353529374387,0.01758202533754348,0.35,0.23668906180557892
AOI-0024,2025-10-02,подсолнечник,0.17916234873388598,0.1824954896647825,0.03838611813543004,0.35,0.195930631012183
AOI-0024,2025-10-18,подсолнечник,0.16818813895084422,0.16594948245710467,0.030380050081263335,0.35,0.17658249998554684
AOI-0025,2025-04-14,озимая пшеница,0.1746782076675043,0.17305353807672688,0.021889123013673538,0.35,0.18071473113151262
AOI-0025,2025-04-23,озимая пшеница,0.34256570958360244,0.3454501953276954,0.00655099557923736,0.35,0.3477430437804285
AOI-0025,2025-04-24,озимая пшеница,0.20134229635133816,0.2041360662159109,0.013102910886369907,0.35,0.20872208502614037
AOI-0025,2025-04-29,озимая пшеница,0.21228923449784884,0.21069325893917906,0.013744876320456966,0.35,0.215503965651339
AOI-0025,2025-05-09,озимая пшеница,0.33079682077518,0.3301546550807166,0.010347898351702804,0.35,0.3337764195038126
AOI-0025,2025-06-03,озимая пшеница,0.191321185917872,0.19291528291254045,0.003495952258124647,0.35,0.1941388662028841
AOI-0025,2025-06-13,озимая пшеница,0.21918316036914037,0.2183260708568179,0.0008931176179948134,0.35,0.2186386620231161
AOI-0025,2025-06-27,озимая пшеница,0.16216676082093168,0.16246367135753978,0.024910922149171583,0.35,0.17118249410974984
AOI-0025,2025-07-21,озимая пшеница,0.18741918831787802,0.190043153984171,0.019312676396925504,0.35,0.19680259072309492
AOI-0025,2025-08-07,озимая пшеница,0.1482887672788167,0.1462762820365566,0.013105041147796748,0.35,0.15086304643828546
AOI-0025,2025-08-30,озимая пшеница,0.20161662420659138,0.20510154075504422,0.021844925068286752,0.35,0.21274726452894457
AOI-0025,2025-09-07,озимая пшеница,0.19350316476474477,0.19706787886167176,0.022644374842433496,0.35,0.2049934100565235
AOI-0025,2025-09-14,озимая пшеница,0.2529400337465886,0.25628799014252873,0.010201853782564555,0.35,0.2598586389664263
AOI-0025,2025-10-17,озимая пшеница,0.4195071690848029,0.4255071690848029,-0.002833264719791398,0.35,0.42451552643287593
AOI-0026,2025-04-07,озимая пшеница,0.6814771484270463,0.6774901754351005,-0.030794311192681053,0.35,0.6667121665176621
AOI-0026,2025-04-24,озимая пшеница,0.8281570916934298,0.823400997549069,0.010415455570685479,0.35,0.8270464069988089
AOI-0026,2025-05-09,озимая пшеница,0.913441964163813,0.9087663930682777,-0.009862804844476294,0.35,0.905314411372711
AOI-0026,2025-06-13,озимая пшеница,0.6231846701853463,0.6243918586318473,0.00771563411918642,0.35,0.6270923305735626
AOI-0026,2025-07-08,озимая пшеница,0.24451546880921193,0.24845019075108485,-0.007678754120826926,0.35,0.24576262680879543
AOI-0026,2025-07-10,озимая пшеница,0.2413856448014248,0.2493856448014248,-0.003972194273463387,0.35,0.24799537680571263
AOI-0026,2025-07-12,озимая пшеница,0.2776645939515057,0.27531120831056183,-0.028346060370514115,0.35,0.26539008718088186
AOI-0026,2025-07-13,озимая пшеница,0.2362987941299926,0.2372783195979133,-0.01317616773958638,0.35,0.23266666088905805
AOI-0026,2025-07-18,озимая пшеница,0.18883091171970112,0.18848122784184876,-0.023304709750633947,0.35,0.18032457942912689
AOI-0026,2025-07-30,озимая пшеница,0.14173169692614712,0.14557338645005413,-0.015298161025348315,0.35,0.14021903009118222
AOI-0026,2025-08-19,озимая пшеница,0.12537872228859678,0.13011386398464442,-0.010729875805406224,0.35,0.12635840745275223
AOI-0026,2025-09-08,озимая пшеница,0.13117033127560407,0.1327366915178463,-0.011464721719869033,0.35,0.12872403891589215
AOI-0026,2025-09-23,озимая пшеница,0.16466669059187225,0.17054549328308563,-3.0892214980214865e-05,0.35,0.17053468100784255
AOI-0026,2025-09-30,озимая пшеница,0.3381781877796684,0.3382710882456741,-0.0371235601794187,0.35,0.32527784218287753
AOI-0027,2025-04-16,озимая пшеница,0.7417603136023304,0.7459645042577974,0.015525519365503514,0.35,0.7513984360357236
AOI-0027,2025-04-24,озимая пшеница,0.7588791496702608,0.7648791496702608,0.029754981768832723,0.35,0.7752933932893523
AOI-0027,2025-06-13,озимая пшеница,0.4783922576324885,0.482110948270565,0.035818606158136916,0.35,0.4946474604259129
AOI-0027,2025-06-27,озимая пшеница,0.37705933854987606,0.3780008266417931,0.03596444332829026,0.35,0.39058838180669464
AOI-0027,2025-07-05,озимая пшеница,0.3128591783132414,0.31180025850464377,0.007306140846089977,0.35,0.31435740780077526
AOI-0027,2025-07-12,озимая пшеница,0.37788276298836376,0.3739682366016983,-0.012327412350978246,0.35,0.36965364227885594
AOI-0027,2025-07-13,озимая пшеница,0.24084612325487328,0.2415882117334732,0.0018749748045068398,0.35,0.2422444529150506
AOI-0027,2025-07-23,озимая пшеница,0.20619914664143407,0.2086315792333675,0.005869642393071257,0.35,0.21068595407094245
AOI-0027,2025-07-29,озимая пшеница,0.3026530620080069,0.30724904778046414,0.003224254089655335,0.35,0.3083775367118435
AOI-0027,2025-08-19,озимая пшеница,0.2720585591437641,0.2684494107725068,0.005508494944040859,0.35,0.2703773840029211
AOI-0027,2025-08-30,озимая пшеница,0.26348881048981926,0.26948881048981926,0.012260381911559369,0.35,0.27377994415886503
AOI-0027,2025-09-16,озимая пшеница,0.24589721403191128,0.2502058775784281,0.008264286621263679,0.35,0.2530983778958704
AOI-0027,2025-10-16,озимая пшеница,0.5811135317216212,0.5789422014663702,0.009868462970600362,0.35,0.5823961635060804
AOI-0028,2010-04-07,озимая пшеница,0.753330546448922,0.7522300242635591,-0.02471573271626459,0.35,0.7435795178128665
AOI-0028,2010-04-15,озимая пшеница,0.7331564747488675,0.7260781538991551,-0.019711224691845625,0.35,0.7191792252570092
AOI-0028,2010-10-24,озимая пшеница,0.18005026240814948,0.17625670741003288,0.016583427942265735,0.35,0.1820609071898259
AOI-0028,2011-05-25,озимая пшеница,0.5553091424496849,0.5379134425124058,0.017909112814304514,0.35,0.5441816319974124
AOI-0028,2011-07-28,озимая пшеница,0.6016695441052429,0.5982607510432965,-0.03801792406448022,0.35,0.5849544776207284
AOI-0028,2011-08-08,озимая пшеница,0.5859431538771478,0.5749911239171261,-0.004632560478047791,0.35,0.5733697277498094
AOI-0028,2011-10-11,озимая пшеница,0.23699708200344516,0.2410626443046961,0.015891399453214463,0.35,0.24662463411332117
AOI-0028,2012-04-22,озимая пшеница,0.7681228207481614,0.7634548441272351,0.006187346904975469,0.35,0.7656204155439765
AOI-0028,2012-09-27,озимая пшеница,0.15577045879913348,0.1490298348822729,0.0030949036281920747,0.35,0.15011305115214013
AOI-0028,2012-10-15,озимая пшеница,0.23362983151937838,0.23067173022437282,-0.0014441411484742666,0.35,0.2301662808224068
AOI-0028,2013-04-07,озимая пшеница,0.28330296169608377,0.2820152405100333,0.009580329273963175,0.35,0.2853683557559204
AOI-0028,2013-06-10,озимая пшеница,0.344126537722962,0.332063734647103,0.008838233990912835,0.35,0.3351571165439225
AOI-0028,2013-06-26,озимая пшеница,0.3175363218488434,0.30680905726945085,0.011852464920821074,0.35,0.3109574199917382
AOI-0028,2013-08-29,озимая пшеница,0.2878135626628339,0.2821777385202084,-0.015077406510422438,0.35,0.2769006462415605
AOI-0028,2014-04-07,озимая пшеница,0.6730819398564909,0.6661439835793608,0.01281842917972625,0.35,0.670630433792265
AOI-0028,2014-05-04,озимая пшеница,0.9164713481360247,0.9325842581360021,0.019635456067122612,0.35,0.939456667759495
AOI-0028,2014-07-28,озимая пшеница,0.27369061985614085,0.2628592490163066,-0.01752580918367078,0.35,0.2567252158020218
AOI-0028,2014-10-11,озимая пшеница,0.18950145338417507,0.19111081532233648,0.01824182967501846,0.35,0.19749545570859295
AOI-0028,2015-04-13,озимая пшеница,0.19670371228108552,0.1871441430052555,0.00022258105827896923,0.35,0.18722204637565315
AOI-0028,2015-08-27,озимая пшеница,0.34443974178097064,0.3440041576619398,-0.005546120910232339,0.35,0.3420630153433585
AOI-0028,2015-09-28,озимая пшеница,0.1763336621758631,0.17700418602228468,0.015302625330887505,0.35,0.18236010488809531
AOI-0028,2016-04-07,озимая пшеница,0.676800668460817,0.6877315287655653,-0.006299178564568863,0.35,0.6855268162679662
AOI-0028,2016-04-23,озимая пшеница,0.7497729540117666,0.768496497469187,0.029669741929238717,0.35,0.7788809071444206
AOI-0028,2016-06-09,озимая пшеница,0.6359265088524835,0.6318007838676105,-0.009663851141919862,0.35,0.6284184359679386
AOI-0028,2016-06-10,озимая пшеница,0.6361321690941283,0.6488762488616666,0.012814556956524437,0.35,0.6533613437964502
AOI-0028,2016-06-25,озимая пшеница,0.33575225429912803,0.34491744817657777,0.0002734624146629211,0.35,0.3450131600217098
AOI-0028,2016-07-27,озимая пшеница,0.31637475983075025,0.3082861876739178,-0.015341192524405075,0.35,0.302916770290376
AOI-0028,2016-09-06,озимая пшеница,0.1847639691880578,0.18028932851363422,0.008726146611222934,0.35,0.18334347982756224
AOI-0028,2017-04-26,озимая пшеница,0.26807667300247306,0.27833674181869955,0.029843985249752705,0.35,0.288782136656113
AOI-0028,2017-07-23,озимая пшеница,0.22746277834526868,0.22147226590881233,0.005846811148324332,0.35,0.22351864981072586
AOI-0028,2017-08-09,озимая пшеница,0.1603769254168911,0.15373949410357465,-0.0059931770696703066,0.35,0.15164188212919005
AOI-0028,2017-08-13,озимая пшеница,0.2577221572049302,0.24314593870703516,-0.024634247219355022,0.35,0.2345239521802609
AOI-0028,2017-08-29,озимая пшеница,0.22981055133202732,0.21984827523737163,-0.02071437743297395,0.35,0.21259824313583076
AOI-0028,2017-09-17,озимая пшеница,0.22558682798295351,0.2290217983052451,0.0033711242504674247,0.35,0.2302016917929087
AOI-0028,2018-05-11,озимая пшеница,0.8363236732858904,0.8435929962622458,0.021066182343645535,0.35,0.8509661600825218
AOI-0028,2018-08-19,озимая пшеница,0.19856407939938853,0.192373143772152,0.009588114249521554,0.35,0.19572898375948455
AOI-0028,2018-08-29,озимая пшеница,0.229611477415314,0.2185443019998339,-0.013920467164811757,0.35,0.2136721384921498
AOI-0028,2018-09-12,озимая пшеница,0.20901427617012786,0.20125034441371062,0.003397110249333098,0.35,0.2024393330009772
AOI-0028,2018-10-08,озимая пшеница,0.15610850466165696,0.1519834840751388,0.010970673255334424,0.35,0.15582321971450586
AOI-0028,2019-04-06,озимая пшеница,0.1417152608628984,0.14386912049707662,0.015167300168071003,0.35,0.14917767555590147
AOI-0028,2019-05-02,озимая пшеница,0.28846311799648083,0.27888684468528707,0.006022282149800929,0.35,0.2809946434377174
AOI-0028,2019-05-25,озимая пшеница,0.3827398751969763,0.3617944060180337,-0.002605679816471407,0.35,0.36088241808226873
AOI-0028,2019-06-27,озимая пшеница,0.16936335292588825,0.17236579933973892,0.01555974611402037,0.35,0.17781171047964606
AOI-0028,2019-08-09,озимая пшеница,0.19481080726323627,0.19889324578290613,-0.003135799224191885,0.35,0.19779571605443896
AOI-0028,2019-08-24,озимая пшеница,0.14630719348693197,0.14128505158413737,-0.0023124243514044715,0.35,0.14047570306114582
AOI-0028,2019-10-17,озимая пшеница,0.5449731209498716,0.5672263049262225,0.022895268701535496,0.35,0.5752396489717599
AOI-0028,2020-04-25,озимая пшеница,0.8072863371438689,0.8214215029714093,0.03032843459718428,0.35,0.8320364550804238
AOI-0028,2020-05-04,озимая пшеница,0.8736557767238964,0.8840816650062703,0.016170928969030763,0.35,0.889741490145431
AOI-0028,2020-05-08,озимая пшеница,0.8480557438826546,0.8564884920049747,0.018677257193420716,0.35,0.863025532022672
AOI-0028,2020-05-30,озимая пшеница,0.8492671609671324,0.8498708203096377,0.009827294131520174,0.35,0.8533103732556697
AOI-0028,2020-07-14,озимая пшеница,0.18109273698072553,0.1805740801742507,-0.01206631442324586,0.35,0.17635087012611464
AOI-0028,2020-08-03,озимая пшеница,0.1443258185811095,0.13632699318872177,-0.003040779246885356,0.35,0.13526272045231189
AOI-0028,2020-08-08,озимая пшеница,0.15873392395501126,0.15426271461462743,-0.008856023002481148,0.35,0.15116310656375903
AOI-0028,2020-09-02,озимая пшеница,0.1541551194703106,0.14983322144577196,-0.0023857196647696743,0.35,0.14899821956310258
AOI-0028,2020-09-13,озимая пшеница,0.21477470498768808,0.21138262770749827,-0.015981260798258984,0.35,0.20578918642810762
AOI-0028,2021-06-14,озимая пшеница,0.6808458555177389,0.6976442896354554,0.015297567224718023,0.35,0.7029984381641068
AOI-0028,2021-06-16,озимая пшеница,0.7231153955201737,0.7445917227498041,0.015348127937010934,0.35,0.749963567527758
AOI-0028,2021-06-24,озимая пшеница,0.8098863394207005,0.8238446773763819,0.008665352713781046,0.35,0.8268775508262053
AOI-0028,2021-06-26,озимая пшеница,0.8517517268008743,0.8486868812335208,-0.02449765041739092,0.35,0.840112703587434
AOI-0028,2021-07-24,озимая пшеница,0.7440623751384814,0.7538670441305211,0.020379141814123643,0.35,0.7609997437654643
AOI-0028,2021-10-27,озимая пшеница,0.2541483958991181,0.27163301826728964,-0.0018353018080725677,0.35,0.27099066263446425
AOI-0028,2022-04-07,озимая пшеница,0.6933348649832504,0.6861186070225046,-0.004187438337728614,0.35,0.6846530036042996
AOI-0028,2022-04-23,озимая пшеница,0.868525701510771,0.8660287390638698,0.011336166511510568,0.35,0.8699963973428985
AOI-0028,2022-06-09,озимая пшеница,0.8897346868885601,0.8954130626037231,0.016982803083935964,0.35,0.9013570436831007
AOI-0028,2022-06-29,озимая пшеница,0.36323292670078866,0.3696149432824798,0.02115279809723016,0.35,0.37701842261651036
AOI-0028,2022-07-28,озимая пшеница,0.2254990198844903,0.220265946629407,-0.01088368172850807,0.35,0.21645665802442918
AOI-0028,2022-08-03,озимая пшеница,0.13042301601830864,0.12256970118529024,-0.0035507843319176158,0.35,0.12132692666911908
AOI-0028,2022-08-08,озимая пшеница,0.13263827896677868,0.13199297397605841,0.00790196327581931,0.35,0.13475866112259519
AOI-0028,2022-08-30,озимая пшеница,0.14033392444684378,0.14935466274772752,0.0073392265793128,0.35,0.151923392050487
AOI-0028,2022-10-01,озимая пшеница,0.20530944561940212,0.20914096421073505,0.012495680227515227,0.35,0.2135144522903654
AOI-0028,2023-04-07,озимая пшеница,0.326736575178658,0.32562148013820946,0.023165128370702216,0.35,0.33372927506795524
AOI-0028,2023-04-11,озимая пшеница,0.19646314467036502,0.20342995952946977,0.053560273474664535,0.35,0.22217605524560236
AOI-0028,2023-05-05,озимая пшеница,0.22794219323258208,0.23861364069062865,0.021967487644906605,0.35,0.24630226136634598
AOI-0028,2023-05-09,озимая пшеница,0.4933737314443235,0.48374292422547105,0.024173186349531573,0.35,0.4922035394478071
AOI-0028,2023-06-09,озимая пшеница,0.2373332908360215,0.22960288553933889,0.006616192104667698,0.35,0.2319185527759726
AOI-0028,2023-08-06,озимая пшеница,0.19062589200336735,0.19226455723630256,0.006055254023005142,0.35,0.19438389614435436
AOI-0028,2023-08-23,озимая пшеница,0.14598770583635665,0.1385665202623442,0.0019507775637675581,0.35,0.13924929240966286
AOI-0028,2023-08-29,озимая пшеница,0.2243496576700068,0.21957860102735424,-0.006462082095113605,0.35,0.2173168722940645
AOI-0028,2023-09-22,озимая пшеница,0.16631002544395057,0.16747907767780087,0.0027564202344113648,0.35,0.16844382475984485
AOI-0028,2023-09-24,озимая пшеница,0.16928235331718003,0.16894408496553417,0.0013071154588829644,0.35,0.1694015753761432
AOI-0028,2023-09-30,озимая пшеница,0.3302642086450964,0.32747431649522385,-0.015370127499537502,0.35,0.3220947718703857
AOI-0028,2024-05-07,озимая пшеница,0.8789841117183111,0.9013280954167119,0.026467767746902602,0.35,0.9105918141281278
AOI-0028,2024-05-23,озимая пшеница,0.8138289499589076,0.8158084099176068,0.016711303643621587,0.35,0.8216573661928744
AOI-0028,2024-05-24,озимая пшеница,0.7919632447226708,0.7871361680289016,-0.021420944283923254,0.35,0.7796388375295285
AOI-0028,2024-07-27,озимая пшеница,0.217814717208655,0.20420210287329052,-0.015060627126766875,0.35,0.19893088337892212
AOI-0028,2024-08-03,озимая пшеница,0.16510984961184288,0.15691756052723987,0.012191752206509258,0.35,0.16118467379951812
AOI-0028,2024-08-12,озимая пшеница,0.19048015336326102,0.17223814056606584,-0.03499045080031461,0.35,0.15999148278595574
AOI-0028,2024-09-11,озимая пшеница,0.12527536652640223,0.1221969174211428,-0.002140899866253067,0.35,0.12144760246795423
AOI-0028,2024-09-16,озимая пшеница,0.13297122215077528,0.13483751038625003,-0.0009693954425711404,0.35,0.1344982219813501
AOI-0028,2025-04-07,озимая пшеница,0.39952129640109607,0.39311819338012205,-0.007587298715376219,0.35,0.39046263882974036
AOI-0028,2025-05-24,озимая пшеница,0.6001407142555377,0.6076612681345018,0.019430350798565036,0.35,0.6144618909139996
AOI-0028,2025-05-31,озимая пшеница,0.6288057163414542,0.6169406754290826,0.002227252982865226,0.35,0.6177202139730854
AOI-0028,2025-06-11,озимая пшеница,0.66354624742568,0.664751975435172,0.005549590071502651,0.35,0.6666943319601979
AOI-0028,2025-06-26,озимая пшеница,0.5571504559212109,0.5616151013475312,0.008112361992768016,0.35,0.564454428045
AOI-0028,2025-06-27,озимая пшеница,0.5260863942482799,0.5429477681584454,0.0209182918615423,0.35,0.5502691703099851
AOI-0028,2025-07-10,озимая пшеница,0.2860968598503983,0.2901647994423851,0.012767666599902028,0.35,0.2946334827523508
AOI-0028,2025-07-13,озимая пшеница,0.2453900293314008,0.23889854922641512,0.0022405085080762417,0.35,0.2396827272042418
AOI-0028,2025-07-23,озимая пшеница,0.161863031488993,0.15712916726258175,-0.0009276799623136561,0.35,0.15680447927577196
AOI-0028,2025-08-13,озимая пшеница,0.23629480444621145,0.2324582037336724,-0.024244092597634683,0.35,0.22397277132450027
AOI-0028,2025-09-08,озимая пшеница,0.13478191260287847,0.13445230289372395,-0.007135683741007082,0.35,0.13195481358437147
AOI-0028,2025-09-11,озимая пшеница,0.13131877541542028,0.13472864201453758,0.002824829023745122,0.35,0.13571733217284837
AOI-0028,2025-10-16,озимая пшеница,0.27360003032208147,0.2759534923926976,-0.014058776047878998,0.35,0.27103292077594
AOI-0028,2025-10-28,озимая пшеница,0.21687823320084587,0.22985349215044404,-0.008494283963251114,0.35,0.22688049276330616
AOI-0029,2025-04-04,озимая пшеница,0.5525731471829853,0.5481562582521246,-0.0019128184817824296,0.35,0.5474867717835007
AOI-0029,2025-04-24,озимая пшеница,0.8027302330799733,0.8074773049672775,-0.011916462253321932,0.35,0.8033065431786148
AOI-0029,2025-06-08,озимая пшеница,0.7138571479139757,0.7203755390661054,0.016099993348081494,0.35,0.7260105367379339
AOI-0029,2025-06-10,озимая пшеница,0.6174402264080504,0.6160990377109178,-0.020242520771078767,0.35,0.6090141554410402
AOI-0029,2025-06-11,озимая пшеница,0.6853734528502258,0.6933734528502258,0.018579148298006682,0.35,0.6998761547545281
AOI-0029,2025-06-13,озимая пшеница,0.6448334436501595,0.6497876398225162,0.0038657007029366066,0.35,0.651140635068544
AOI-0029,2025-07-29,озимая пшеница,0.17787901029199443,0.17894659026400042,0.013986386282359955,0.35,0.1838418254628264
AOI-0029,2025-08-02,озимая пшеница,0.12301279925359743,0.12368003802566835,0.007419627621565981,0.35,0.12627690769321645
AOI-0029,2025-08-19,озимая пшеница,0.12610306398403032,0.12591055412499252,0.010927848993242523,0.35,0.12973530127262742
AOI-0029,2025-09-11,озимая пшеница,0.12589024573920968,0.12472573249856325,0.012905948382618222,0.35,0.12924281443247962
AOI-0029,2025-09-16,озимая пшеница,0.14485470644313275,0.14493000369032621,0.013664856599264787,0.35,0.14971270350006888
AOI-0030,2025-04-21,озимая пшеница,0.5318673527268458,0.5343731927623201,0.021484988098977635,0.35,0.5418929385969623
AOI-0030,2025-04-24,озимая пшеница,0.5962060681193456,0.5914316796412759,0.023449123638120257,0.35,0.5996388729146179
AOI-0030,2025-06-10,озимая пшеница,0.7196888420393572,0.724726530686179,-0.019117030294296428,0.35,0.7180355700831752
AOI-0030,2025-08-07,озимая пшеница,0.6321199605079351,0.6347062048187267,0.011684449658228725,0.35,0.6387957621991068
AOI-0031,2010-06-04,пастбища/зерновые,0.5699603353023587,0.5806640611292685,0.011749720165875227,0.3,0.5841889771790311
AOI-0031,2010-09-14,пастбища/зерновые,0.1907420811432523,0.19250419099101693,-0.0037347990274043427,0.3,0.1913837512827956
AOI-0031,2011-04-23,пастбища/зерновые,0.33841788883535123,0.34402681320734046,0.014234697519680288,0.3,0.34829722246324457
AOI-0031,2011-06-10,пастбища/зерновые,0.4887777191580803,0.4903044145673509,0.0034034895236089643,0.3,0.4913254614244336
AOI-0031,2011-07-09,пастбища/зерновые,0.22500396017097612,0.2325001991827219,0.012189590695230845,0.3,0.23615707639129116
AOI-0031,2011-08-11,пастбища/зерновые,0.2136356604266936,0.22237130125107066,0.0057244148916872975,0.3,0.22408862571857685
AOI-0031,2011-08-18,пастбища/зерновые,0.19101177332737568,0.2011082472842889,0.011069023186023715,0.3,0.204428954240096
AOI-0031,2011-08-19,пастбища/зерновые,0.18160539113580415,0.19523666554143784,0.00873686934385507,0.3,0.19785772634459436
AOI-0031,2011-09-19,пастбища/зерновые,0.2210483670224092,0.22757630444648486,0.013455696770634781,0.3,0.2316130134776753
AOI-0031,2012-04-06,пастбища/зерновые,0.2792218991866283,0.2788795119073003,0.01686835062183677,0.3,0.28394001709385136
AOI-0031,2012-04-15,пастбища/зерновые,0.16458223181694126,0.16626116990700768,0.008793542855319789,0.3,0.1688992327636036
AOI-0031,2013-04-07,пастбища/зерновые,0.5529027741800218,0.5444374904417009,-0.010647800943227585,0.3,0.5412431501587326
AOI-0031,2013-05-09,пастбища/зерновые,0.6274875121503989,0.6219128821158921,0.011841860873548958,0.3,0.6254654403779568
AOI-0031,2013-05-12,пастбища/зерновые,0.6039359785732813,0.6111953781954191,0.01411270941828946,0.3,0.615429191020906
AOI-0031,2013-05-25,пастбища/зерновые,0.4995805063180918,0.49315172731783297,-0.0065182123461250685,0.3,0.49119626361399543
AOI-0031,2013-06-12,пастбища/зерновые,0.24534927536411122,0.24766802990137948,0.002406087430936465,0.3,0.24838985613066042
AOI-0031,2013-06-28,пастбища/зерновые,0.19294125191520733,0.2024643179880258,0.014550450845067023,0.3,0.20682945324154592
AOI-0031,2013-07-23,пастбища/зерновые,0.21185206159929293,0.22147500072419474,0.010462769035889337,0.3,0.22461383143496153
AOI-0031,2013-08-13,пастбища/зерновые,0.27467212588453016,0.2782716219322384,-0.001542747647973651,0.3,0.2778087976378463
AOI-0031,2013-10-16,пастбища/зерновые,0.3203335539189219,0.3177493626271171,0.005338500660701195,0.3,0.31935091282532746
AOI-0031,2014-05-23,пастбища/зерновые,0.3501329756076868,0.3505459656494288,-0.0007068657412378837,0.3,0.35033390592705743
AOI-0031,2014-06-23,пастбища/зерновые,0.2776451823934819,0.2875487667238351,0.012569702774860875,0.3,0.2913196775562934
AOI-0031,2014-07-17,пастбища/зерновые,0.14297480215572878,0.1506320305961494,0.009060223110523152,0.3,0.15335009752930634
AOI-0031,2014-07-28,пастбища/зерновые,0.2056976577550992,0.20934941215558817,-0.009824068099011565,0.3,0.2064021917258847
AOI-0031,2014-08-02,пастбища/зерновые,0.1443645975449394,0.15261088743268653,0.007996558923762526,0.3,0.1550098551098153
AOI-0031,2014-08-13,пастбища/зерновые,0.20176798606401958,0.20681098303711287,-0.004588990497077092,0.3,0.20543428588798973
AOI-0031,2014-10-14,пастбища/зерновые,0.15200597399890242,0.15654992213865807,0.010166687396103609,0.3,0.15959992835748915
AOI-0031,2015-09-22,пастбища/зерновые,0.20210759493139147,0.20908902419377406,0.016083923114569357,0.3,0.21391420112814488
AOI-0031,2015-10-16,пастбища/зерновые,0.22235726566784003,0.22228496013447585,0.0006286207228128962,0.3,0.22247354635131972
AOI-0031,2016-04-01,пастбища/зерновые,0.24065769338745716,0.24112195636918485,0.025873942221402362,0.3,0.24888413903560555
AOI-0031,2016-04-17,пастбища/зерновые,0.40143877675851636,0.4027348858960314,0.012579642342408836,0.3,0.40650877859875406
AOI-0031,2016-04-22,пастбища/зерновые,0.6437476089181065,0.6390353022557754,0.0008862502566008082,0.3,0.6393011773327557
AOI-0031,2016-05-03,пастбища/зерновые,0.6073535216460024,0.6175341404670368,0.03148166059605948,0.3,0.6269786386458547
AOI-0031,2016-05-24,пастбища/зерновые,0.7041988633992359,0.6979889913334786,0.006222872407331055,0.3,0.6998558530556779
AOI-0031,2016-06-09,пастбища/зерновые,0.5742970169537597,0.5651326667769745,-0.03477394257423437,0.3,0.5547004840047042
AOI-0031,2016-06-12,пастбища/зерновые,0.600244073677322,0.607352267925476,-0.00851382485061773,0.3,0.6047981204702907
AOI-0031,2016-06-20,пастбища/зерновые,0.36022404359519117,0.36817614227690454,0.0016883060682568937,0.3,0.3686826340973816
AOI-0031,2016-06-25,пастбища/зерновые,0.32755958264050955,0.3278199911917132,0.0033815761138844104,0.3,0.3288344640258785
AOI-0031,2016-07-30,пастбища/зерновые,0.23392294492378776,0.24061444813033467,0.007623165897077261,0.3,0.24290139789945786
AOI-0031,2017-05-06,пастбища/зерновые,0.7333260215691972,0.7502274599728691,0.03500807729597114,0.3,0.7607298831616605
AOI-0031,2017-06-07,пастбища/зерновые,0.7121731722081314,0.7190659241049652,0.01790078912301199,0.3,0.7244361608418688
AOI-0031,2017-08-03,пастбища/зерновые,0.1858329745981812,0.1937037196039203,0.006313194571020246,0.3,0.19559767797522637
AOI-0031,2017-08-13,пастбища/зерновые,0.200843544119122,0.19987815792217184,-0.011958884283028715,0.3,0.19629049263726323
AOI-0031,2017-09-04,пастбища/зерновые,0.16761017300554276,0.17663202197364433,0.013967921110798212,0.3,0.1808223983068838
AOI-0031,2017-09-22,пастбища/зерновые,0.2651914068042534,0.27407395528337364,0.013899835746134273,0.3,0.27824390600721394
AOI-0031,2018-04-23,пастбища/зерновые,0.6095409813182522,0.6056345060850679,0.009514969106363645,0.3,0.608488996816977
AOI-0031,2018-05-02,пастбища/зерновые,0.6805360904323716,0.6824771967430439,0.006091335958608873,0.3,0.6843045975306266
AOI-0031,2018-05-18,пастбища/зерновые,0.6240457172011308,0.6248042500271161,0.004259738595115435,0.3,0.6260821716056508
AOI-0031,2018-06-03,пастбища/зерновые,0.29853229049077745,0.304330791649029,0.016452758884621412,0.3,0.3092666193144154
AOI-0031,2018-06-10,пастбища/зерновые,0.32976758674209916,0.3287435227465844,-0.024560430766462922,0.3,0.3213753935166455
AOI-0031,2018-06-11,пастбища/зерновые,0.26308256506683037,0.2647207545924058,-0.004173751400804809,0.3,0.26346862917216435
AOI-0031,2018-07-13,пастбища/зерновые,0.24767909229260388,0.26012110064912813,-0.0002708255140693727,0.3,0.26003985299490734
AOI-0031,2018-09-06,пастбища/зерновые,0.20214401736050586,0.21168899210789338,0.01991162856560466,0.3,0.21766248067757477
AOI-0031,2018-09-14,пастбища/зерновые,0.2162387219036886,0.21412677068045058,-0.008475087358521476,0.3,0.21158424447289415
AOI-0031,2018-10-07,пастбища/зерновые,0.16490582975983,0.17595736787104801,0.023376669137666232,0.3,0.1829703686123479
AOI-0031,2018-10-12,пастбища/зерновые,0.1963909663667199,0.20111173216273556,0.005497740914278938,0.3,0.20276105443701925
AOI-0031,2019-04-10,пастбища/зерновые,0.48484214982055407,0.4869542690181019,0.01178798709836305,0.3,0.4904906651476108
AOI-0031,2019-06-14,пастбища/зерновые,0.20884777071694216,0.20899219886031645,-0.0027298159618202307,0.3,0.20817325407177037
AOI-0031,2019-06-22,пастбища/зерновые,0.1453258273645182,0.1547765475395215,0.004490600824674042,0.3,0.1561237277869237
AOI-0031,2019-07-09,пастбища/зерновые,0.1594961398568167,0.16548731592636318,0.01442079701269048,0.3,0.16981355503017032
AOI-0031,2019-07-23,пастбища/зерновые,0.26055318891375306,0.2721562847623474,0.022332258383069736,0.3,0.2788559622772683
AOI-0031,2019-08-08,пастбища/зерновые,0.4357360095522533,0.4407089086783614,0.004498881312162745,0.3,0.4420585730720102
AOI-0031,2019-08-31,пастбища/зерновые,0.21990427621711595,0.22630411625637015,0.010051909792480756,0.3,0.22931968919411438
AOI-0031,2019-09-17,пастбища/зерновые,0.17825242507112088,0.18584928052506605,0.019469655250512315,0.3,0.19169017710021974
AOI-0031,2019-10-03,пастбища/зерновые,0.26456771987707484,0.2674180555554689,0.016859546902173363,0.3,0.2724759196261209
AOI-0031,2019-10-10,пастбища/зерновые,0.3281007923816577,0.33188654803170603,0.01842701793543755,0.3,0.3374146534123373
AOI-0031,2019-10-12,пастбища/зерновые,0.2635285824274115,0.2785973219861045,0.027453060182822446,0.3,0.28683324004095123
AOI-0031,2019-10-22,пастбища/зерновые,0.49825325263750886,0.49604260870062944,0.014587782765276579,0.3,0.5004189435302124
AOI-0031,2020-04-13,пастбища/зерновые,0.44832514311217364,0.4510061265720628,0.022265898802608423,0.3,0.45768589621284533
AOI-0031,2020-06-01,пастбища/зерновые,0.4969789089710429,0.503607927866537,0.0012341656228014829,0.3,0.5039781775533774
AOI-0031,2020-06-06,пастбища/зерновые,0.5289382715744266,0.531287298451453,-0.009668163140185242,0.3,0.5283868495093974
AOI-0031,2020-07-11,пастбища/зерновые,0.1649890726940028,0.16279978267553333,-0.020758636338005697,0.3,0.15657219177413162
AOI-0031,2020-07-18,пастбища/зерновые,0.11523920222064454,0.11505745969670789,-0.004427165053125841,0.3,0.11372931018077014
AOI-0031,2020-07-28,пастбища/зерновые,0.12005164623134179,0.12204078699228893,-0.004329439762850371,0.3,0.12074195506343383
AOI-0031,2020-08-07,пастбища/зерновые,0.13294470850679818,0.1310173029369037,-0.00018523877530708666,0.3,0.13096173130431157
AOI-0031,2020-08-17,пастбища/зерновые,0.13615529322919773,0.1367701441093195,0.0066202692005670125,0.3,0.1387562248694896
AOI-0031,2020-08-22,пастбища/зерновые,0.13014038128213543,0.13731133888434077,0.008830307420964037,0.3,0.13996043111062997
AOI-0031,2020-09-27,пастбища/зерновые,0.13877733735852343,0.14785858730327456,0.018974486156190545,0.3,0.1535509331501317
AOI-0031,2020-10-13,пастбища/зерновые,0.12987414275985057,0.13635236178038196,0.016975480633475877,0.3,0.14144500597042473
AOI-0031,2020-10-19,пастбища/зерновые,0.0925698040268364,0.09540121669908168,0.0030579598959062718,0.3,0.09631860466785357
AOI-0031,2020-10-21,пастбища/зерновые,0.13923987034196897,0.13758561433407793,0.0023582618026752045,0.3,0.13829309287488048
AOI-0031,2021-04-07,пастбища/зерновые,0.2426399859209395,0.23173207561663015,-0.01621816337990575,0.3,0.2268666266026584
AOI-0031,2021-05-17,пастбища/зерновые,0.2676442219144913,0.270396711212355,0.0016430905809249868,0.3,0.2708896383866325
AOI-0031,2021-06-11,пастбища/зерновые,0.1412824627394753,0.15424156110782344,0.01410149798687746,0.3,0.15847201050388668
AOI-0031,2021-07-01,пастбища/зерновые,0.13591756378435935,0.14136215656015855,0.00957792772362008,0.3,0.14423553487724458
AOI-0031,2021-07-16,пастбища/зерновые,0.13440536333620967,0.1428444905939532,0.004075532155737964,0.3,0.1440671502406746
AOI-0031,2021-07-21,пастбища/зерновые,0.12009658816562299,0.12750193724070055,0.002355983241675595,0.3,0.12820873221320322
AOI-0031,2021-08-06,пастбища/зерновые,0.15957986872783017,0.1704026461197945,0.01348437385867747,0.3,0.17444795827739773
AOI-0031,2021-08-25,пастбища/зерновые,0.12522762113148436,0.13906421809520614,0.014955344152068992,0.3,0.14355082134082683
AOI-0031,2021-08-30,пастбища/зерновые,0.12505631445857748,0.13722733948587484,0.016463233787017056,0.3,0.14216630962197996
AOI-0031,2022-05-14,пастбища/зерновые,0.8265199504236498,0.8400299163099091,0.027276115704579183,0.3,0.8482127510212828
AOI-0031,2022-06-10,пастбища/зерновые,0.6857905593463067,0.6729642697851286,-0.010169029292592772,0.3,0.6699135609973508
AOI-0031,2022-06-11,пастбища/зерновые,0.7372425914080252,0.7472477622891736,0.020619506135745293,0.3,0.7534336141298972
AOI-0031,2022-06-20,пастбища/зерновые,0.4344382816687641,0.43297087840624393,0.020184120922810012,0.3,0.43902611468308694
AOI-0031,2022-06-21,пастбища/зерновые,0.41155562855599676,0.4131842538991328,0.003301520059131837,0.3,0.4141747099168724
AOI-0031,2022-07-08,пастбища/зерновые,0.16772631677718847,0.1714538454208837,0.0037467961567252683,0.3,0.1725778842679013
AOI-0031,2022-07-12,пастбища/зерновые,0.2213678418670038,0.22329045248198523,-0.010814005670591731,0.3,0.22004625078080772
AOI-0031,2022-09-08,пастбища/зерновые,0.12942036177104688,0.13618482501142945,0.02436667195531201,0.3,0.14349482659802304
AOI-0031,2022-09-09,пастбища/зерновые,0.11280568662388382,0.11923151278971578,0.011407964564241896,0.3,0.12265390215898835
AOI-0031,2022-09-10,пастбища/зерновые,0.13145875381382494,0.14364486601836832,0.023270535549975435,0.3,0.15062602668336095
AOI-0031,2022-09-11,пастбища/зерновые,0.12529595843715638,0.12840984837664327,0.018244383219115957,0.3,0.13388316334237804
AOI-0031,2022-09-26,пастбища/зерновые,0.12462054298029084,0.12586228858119505,0.01044729919278719,0.3,0.12899647833903122
AOI-0031,2022-09-29,пастбища/зерновые,0.13310992875256117,0.14257003470867763,0.017796867602769814,0.3,0.14790909498950858
AOI-0031,2023-04-04,пастбища/зерновые,0.3175056537239339,0.31211862529033174,0.009889551115952896,0.3,0.3150854906251176
AOI-0031,2023-04-27,пастбища/зерновые,0.381790208028461,0.3829498033170658,0.010964687100594693,0.3,0.3862392094472442
AOI-0031,2023-05-17,пастбища/зерновые,0.43790519394843086,0.4427599738236156,0.008909914369383567,0.3,0.4454329481344307
AOI-0031,2023-06-17,пастбища/зерновые,0.2949138739854222,0.3016237368107346,0.019299014306999124,0.3,0.30741344110283436
AOI-0031,2023-06-23,пастбища/зерновые,0.2635185445880498,0.2647809681481426,0.015406493954294668,0.3,0.26940291633443103
AOI-0031,2023-06-26,пастбища/зерновые,0.3081009055295315,0.30890861042548146,-0.012769216801752796,0.3,0.30507784538495564
AOI-0031,2023-07-11,пастбища/зерновые,0.282565043660123,0.28931895337292696,0.012903536879283362,0.3,0.29319001443671194
AOI-0031,2023-08-15,пастбища/зерновые,0.225033951430688,0.23798829028595364,0.015933129013121855,0.3,0.2427682289898902
AOI-0031,2023-09-19,пастбища/зерновые,0.18085867784417478,0.1833528515886264,0.009611072120408994,0.3,0.1862361732247491
AOI-0031,2023-09-20,пастбища/зерновые,0.21395398490061138,0.21951499051340753,0.015552431728118668,0.3,0.22418072003184314
AOI-0031,2023-09-30,пастбища/зерновые,0.2375104445123502,0.2361663020571381,0.0012422621590751758,0.3,0.23653898070486065
AOI-0031,2023-10-15,пастбища/зерновые,0.1855459922450047,0.18733041001337547,0.015292438185538128,0.3,0.1919181414690369
AOI-0031,2023-10-24,пастбища/зерновые,0.18131120784042642,0.17674974281076042,0.0006408866924006024,0.3,0.1769420088184806
AOI-0031,2024-05-03,пастбища/зерновые,0.20521934197803537,0.2055508782621318,-0.006765056485323998,0.3,0.20352136131653462
AOI-0031,2024-06-02,пастбища/зерновые,0.19232304888454993,0.1954254202662491,0.004673747606603619,0.3,0.19682754454823018
AOI-0031,2024-07-02,пастбища/зерновые,0.15489701675345424,0.15887338826385938,0.012175594116233639,0.3,0.16252606649872947
AOI-0031,2024-07-10,пастбища/зерновые,0.11271055149224883,0.11664355654476273,0.008805086687793645,0.3,0.11928508255110082
AOI-0031,2024-07-13,пастбища/зерновые,0.1448675341388616,0.15404750460968972,0.009450905054294599,0.3,0.1568827761259781
AOI-0031,2024-08-09,пастбища/зерновые,0.11850468416738304,0.12633893879764294,0.006212075996180642,0.3,0.12820256159649712
AOI-0031,2024-08-16,пастбища/зерновые,0.1420475806982789,0.14650295981358674,0.006398234271690305,0.3,0.14842243009509384
AOI-0031,2024-08-26,пастбища/зерновые,0.1447459541901583,0.14920173573626844,0.01663676517849934,0.3,0.15419276528981823
AOI-0031,2025-04-19,пастбища/зерновые,0.4892441717954932,0.4946432297026381,0.004655080026304808,0.3,0.4960397537105295
AOI-0031,2025-04-23,пастбища/зерновые,0.610478023141707,0.6022965298603802,-0.0036341280614334416,0.3,0.6012062914419501
AOI-0031,2025-06-21,пастбища/зерновые,0.4598790150218212,0.47012194060794765,0.01380815273969849,0.3,0.4742643864298572
AOI-0031,2025-07-12,пастбища/зерновые,0.23707113729312018,0.23141031144373814,-0.010418060969887878,0.3,0.22828489315277178
AOI-0031,2025-07-15,пастбища/зерновые,0.19437333528408657,0.19712489982590445,0.0013541060109833053,0.3,0.19753113162919944
AOI-0031,2025-08-06,пастбища/зерновые,0.176238413706338,0.1853945459017357,0.014670177501541655,0.3,0.1897955991521982
AOI-0031,2025-08-09,пастбища/зерновые,0.1409251797383052,0.1511762356989217,0.01164882712991875,0.3,0.15467088383789732
AOI-0031,2025-09-08,пастбища/зерновые,0.13562666629670272,0.14556627373684727,0.01743639480482429,0.3,0.15079719217829457
AOI-0031,2025-09-15,пастбища/зерновые,0.15402692588159136,0.15922287584702777,0.01945949167011726,0.3,0.16506072334806293
AOI-0031,2025-09-17,пастбища/зерновые,0.15467273941578707,0.161072568851843,0.02467753531019548,0.3,0.16847582944490166
AOI-0031,2025-10-02,пастбища/зерновые,0.21192350555028755,0.21695964073054994,0.028051389911161552,0.3,0.2253750577038984
AOI-0031,2025-10-22,пастбища/зерновые,0.2469341575797313,0.24784172979804614,0.008685950475926804,0.3,0.2504475149408242
AOI-0032,2010-06-04,пастбища/зерновые,0.26894692693602845,0.2714504826291575,0.010461809581529926,0.3,0.27458902550361647
AOI-0032,2010-06-10,пастбища/зерновые,0.27648301885953164,0.26898637785312474,-0.00897164175064525,0.3,0.26629488532793116
AOI-0032,2010-06-20,пастбища/зерновые,0.1964505686835473,0.20196016053088128,0.01195552167268463,0.3,0.20554681703268668
AOI-0032,2010-07-12,пастбища/зерновые,0.21574129806095715,0.20991471163795242,-0.008827590656017084,0.3,0.20726643444114728
AOI-0032,2010-08-16,пастбища/зерновые,0.1387954489990278,0.14322340466588085,0.003347463707825238,0.3,0.14422764377822841
AOI-0032,2010-09-14,пастбища/зерновые,0.18676354641295215,0.18735111543051064,-0.0030609939310184717,0.3,0.18643281725120509
AOI-0032,2010-09-30,пастбища/зерновые,0.219052644531593,0.21891542480630713,-0.0012306853846947817,0.3,0.2185462191908987
AOI-0032,2011-07-12,пастбища/зерновые,0.29476452508536155,0.2938851790098614,-0.005727698934055808,0.3,0.29216686932964464
AOI-0032,2011-08-29,пастбища/зерновые,0.2860360582413481,0.28573834108504254,-0.0040428692922734495,0.3,0.2845254802973605
AOI-0032,2011-09-11,пастбища/зерновые,0.1704521098761907,0.1768412755757819,0.010685303557881005,0.3,0.18004686664314618
AOI-0032,2011-09-28,пастбища/зерновые,0.1804162975494133,0.1858984482350462,0.01059102746120083,0.3,0.18907575647340644
AOI-0032,2012-04-06,пастбища/зерновые,0.28153664824241265,0.27311005508355707,-0.005271968466467193,0.3,0.2715284645436169
AOI-0032,2012-05-01,пастбища/зерновые,0.31783448219608323,0.31699950062106236,0.0033651737254684314,0.3,0.3180090527387029
AOI-0032,2012-06-25,пастбища/зерновые,0.33212504690289935,0.3252643068879715,-0.01876077241219204,0.3,0.31963607516431386
AOI-0032,2012-10-08,пастбища/зерновые,0.13241785724319427,0.14013913688129784,0.01949240325283351,0.3,0.14598685785714788
AOI-0032,2013-05-19,пастбища/зерновые,0.4563626186733444,0.4622784522516812,0.023964850316692335,0.3,0.46946790734668886
AOI-0032,2013-05-20,пастбища/зерновые,0.44477515923270994,0.450440321010116,0.020943285637212157,0.3,0.45672330670127964
AOI-0032,2013-06-10,пастбища/зерновые,0.3397160765796894,0.33091544681740187,-0.013413579657306916,0.3,0.3268913729202098
AOI-0032,2013-06-12,пастбища/зерновые,0.2901157066318596,0.29117925972735015,0.01187086312091076,0.3,0.2947405186636234
AOI-0032,2013-06-13,пастбища/зерновые,0.2852169656596174,0.2876908458094239,0.008273885632545247,0.3,0.29017301149918745
AOI-0032,2013-07-22,пастбища/зерновые,0.3170518413674642,0.3190077615469681,0.014173006838297024,0.3,0.3232596635984572
AOI-0032,2013-07-30,пастбища/зерновые,0.32818788236524904,0.3288585932197924,0.0044508344857648735,0.3,0.33019384356552184
AOI-0032,2013-08-13,пастбища/зерновые,0.2971061688341057,0.2953601072702558,-0.005880025822266287,0.3,0.2935960995235759
AOI-0032,2013-08-29,пастбища/зерновые,0.25647834224495747,0.25515821792924,-0.004495163962247483,0.3,0.25380966874056576
AOI-0032,2013-09-14,пастбища/зерновые,0.2641915163255302,0.2650611411276279,0.003233116452929093,0.3,0.2660310760635066
AOI-0032,2014-06-16,пастбища/зерновые,0.25051388870928876,0.25239690421859307,0.0034195641380317214,0.3,0.2534227734600026
AOI-0032,2014-06-26,пастбища/зерновые,0.24228874021563834,0.2408526408414298,-0.011789257738062501,0.3,0.23731586352001105
AOI-0032,2014-07-12,пастбища/зерновые,0.19171588517324534,0.19102939443713304,-0.008130327314461085,0.3,0.18859029624279472
AOI-0032,2014-09-03,пастбища/зерновые,0.1395022502477619,0.1426664750743339,0.006208398292453753,0.3,0.14452899456207002
AOI-0032,2015-04-23,пастбища/зерновые,0.26618785524747124,0.2608051728194267,0.001429874302433607,0.3,0.2612341351101568
AOI-0032,2015-06-18,пастбища/зерновые,0.5041990837755922,0.5025057498518831,0.001997641183102951,0.3,0.503105042206814
AOI-0032,2015-07-13,пастбища/зерновые,0.29656782387245056,0.29930260668513736,0.006099595803491398,0.3,0.30113248542618476
AOI-0032,2015-09-15,пастбища/зерновые,0.1692103907430962,0.1760487017167902,0.013349814881303393,0.3,0.18005364618118122
AOI-0032,2015-09-23,пастбища/зерновые,0.18021643117403718,0.18458183987712556,0.015076191661802026,0.3,0.18910469737566618
AOI-0032,2015-09-30,пастбища/зерновые,0.21376558947155105,0.21176630110418498,-0.003931924574989306,0.3,0.21058672373168819
AOI-0032,2016-04-06,пастбища/зерновые,0.2629243337140214,0.26167189266006113,-0.0016437145665870474,0.3,0.261178778290085
AOI-0032,2016-04-10,пастбища/зерновые,0.17143752094825712,0.16966362903234508,0.0017147789264533482,0.3,0.17017806271028108
AOI-0032,2016-05-03,пастбища/зерновые,0.23569356204286734,0.24235760014421237,0.019759297385724774,0.3,0.2482853893599298
AOI-0032,2016-06-09,пастбища/зерновые,0.3720722957518744,0.3641397055112824,-0.017833520317989564,0.3,0.35878964941588554
AOI-0032,2016-06-28,пастбища/зерновые,0.20441147262479692,0.20462692394318388,0.0036318406105395953,0.3,0.20571647612634575
AOI-0032,2016-07-15,пастбища/зерновые,0.16228150892267576,0.16603458768111326,0.006059386023843566,0.3,0.16785240348826633
AOI-0032,2016-07-30,пастбища/зерновые,0.18784440355561371,0.188456493191506,0.0020852787119189295,0.3,0.18908207680508168
AOI-0032,2016-08-16,пастбища/зерновые,0.1568308174209397,0.16007624041397017,0.007081434439215772,0.3,0.1622006707457349
AOI-0032,2016-09-09,пастбища/зерновые,0.16169262800162412,0.16751891336130872,0.009860938818477827,0.3,0.17047719500685207
AOI-0032,2016-10-18,пастбища/зерновые,0.3692474405165465,0.37136851475220917,0.015100558037399505,0.3,0.37589868216342903
AOI-0032,2017-04-04,пастбища/зерновые,0.41718401880723194,0.4111757833666713,-0.020485158730383066,0.3,0.4050302357475564
AOI-0032,2017-04-28,пастбища/зерновые,0.7062249786166399,0.7039197284320028,0.012741276755578596,0.3,0.7077421114586764
AOI-0032,2017-05-09,пастбища/зерновые,0.7739852941966734,0.7746318037628458,0.03281135797418589,0.3,0.7844752111551015
AOI-0032,2017-07-02,пастбища/зерновые,0.2299026247933385,0.23317111222292405,0.01076299057170984,0.3,0.236400009394437
AOI-0032,2017-08-02,пастбища/зерновые,0.16314440212147507,0.1654691932773705,0.006884087223416581,0.3,0.16753441944439548
AOI-0032,2017-08-11,пастбища/зерновые,0.12590395964887596,0.13167875141717125,0.009762373708069802,0.3,0.1346074635295922
AOI-0032,2017-08-19,пастбища/зерновые,0.13417930228876881,0.13897425253697446,0.013555099315540033,0.3,0.14304078233163647
AOI-0032,2017-08-27,пастбища/зерновые,0.17667343630843463,0.18109798183936338,0.01026368757570735,0.3,0.1841770881120756
AOI-0032,2017-09-03,пастбища/зерновые,0.15124625082056875,0.15558938236249095,0.014324493806740196,0.3,0.15988673050451302
AOI-0032,2017-09-12,пастбища/зерновые,0.16180749511035486,0.16399774181838805,-0.00031129253743407415,0.3,0.16390435405715784
AOI-0032,2018-04-15,пастбища/зерновые,0.17802863197735078,0.17739445629754805,0.01569112774457026,0.3,0.18210179462091913
AOI-0032,2018-06-10,пастбища/зерновые,0.2312447235826973,0.2278635853627149,-0.016336783797116502,0.3,0.22296255022357994
AOI-0032,2018-06-19,пастбища/зерновые,0.13989809002364167,0.14316055101613365,0.006728031006718538,0.3,0.1451789603181492
AOI-0032,2018-09-14,пастбища/зерновые,0.19965341194938135,0.19857366174853877,-0.011047011549238307,0.3,0.1952595582837673
AOI-0032,2018-09-23,пастбища/зерновые,0.16065747993455692,0.1657297144971224,0.015600856821914165,0.3,0.17040997154369664
AOI-0032,2018-09-30,пастбища/зерновые,0.23020182931733912,0.23298324464132703,0.0036157792282243903,0.3,0.23406797840979435
AOI-0032,2018-10-07,пастбища/зерновые,0.16144586214997325,0.16520481127185987,0.02403861372827098,0.3,0.17241639539034118
AOI-0032,2018-10-12,пастбища/зерновые,0.23512554133995256,0.2389039990060632,0.004983822823203069,0.3,0.24039914585302413
AOI-0032,2019-04-26,пастбища/зерновые,0.71266532180599,0.7165758795005978,0.03772706554134497,0.3,0.7278939991630012
AOI-0032,2019-04-28,пастбища/зерновые,0.7012319453164213,0.706299386603158,0.022507957821915614,0.3,0.7130517739497327
AOI-0032,2019-05-18,пастбища/зерновые,0.8123992404102898,0.8072009970865551,0.016856339292067028,0.3,0.8122578988741752
AOI-0032,2019-05-20,пастбища/зерновые,0.8065798948829713,0.8078041906228896,0.030274392880785962,0.3,0.8168865084871253
AOI-0032,2019-05-30,пастбища/зерновые,0.6623312110673187,0.6625311346356426,0.005611875196677888,0.3,0.664214697194646
AOI-0032,2019-06-14,пастбища/зерновые,0.2913094862413752,0.2853610883296543,-0.019092676098363737,0.3,0.27963328550014516
AOI-0032,2019-06-19,пастбища/зерновые,0.18245488418454342,0.18099821143269945,0.007640024043765185,0.3,0.183290218645829
AOI-0032,2019-07-23,пастбища/зерновые,0.15408961010396188,0.16169999678560262,0.0204267423231669,0.3,0.1678280194825527
AOI-0032,2019-09-25,пастбища/зерновые,0.12975608906055586,0.13184768742550088,0.008394406255979606,0.3,0.13436600930229475
AOI-0032,2019-10-05,пастбища/зерновые,0.14245954039788164,0.14769846945927712,0.012014187764662058,0.3,0.15130272578867573
AOI-0032,2019-10-11,пастбища/зерновые,0.21473125735515938,0.21838521772299335,0.012806830264011713,0.3,0.22222726680219687
AOI-0032,2019-10-25,пастбища/зерновые,0.3664869360655078,0.3701134019006695,0.009124291667132512,0.3,0.37285068940080923
AOI-0032,2019-10-28,пастбища/зерновые,0.3491373131210803,0.3562612133337597,0.03183434969772947,0.3,0.36581151824307856
AOI-0032,2020-05-27,пастбища/зерновые,0.4191683090834029,0.41244540889036807,-0.000961487530586589,0.3,0.4121569626311921
AOI-0032,2020-05-30,пастбища/зерновые,0.3881059848928386,0.38481176188239546,0.012286472848195496,0.3,0.3884977037368541
AOI-0032,2020-06-24,пастбища/зерновые,0.20208966220009414,0.2008763412035706,-0.012310393141262747,0.3,0.19718322326119175
AOI-0032,2020-06-26,пастбища/зерновые,0.16747669089854755,0.1693254418822886,-0.0005537096131646158,0.3,0.16915932899833921
AOI-0032,2020-08-05,пастбища/зерновые,0.12679057381400147,0.12864517530946307,0.002944276354542266,0.3,0.12952845821582576
AOI-0032,2020-08-07,пастбища/зерновые,0.12644217518717554,0.12561656452447767,0.0034249332659658863,0.3,0.12664404450426744
AOI-0032,2020-09-13,пастбища/зерновые,0.1722089635914778,0.1728916882936846,-0.005712789311305949,0.3,0.1711778515002928
AOI-0032,2020-09-28,пастбища/зерновые,0.11538818598431506,0.11909192617213485,0.00996863458444961,0.3,0.12208251654746974
AOI-0032,2020-09-29,пастбища/зерновые,0.17553957055376807,0.1738301317528265,-0.008189735576612431,0.3,0.17137321107984277
AOI-0032,2020-10-05,пастбища/зерновые,0.12315113722878501,0.1268982544726886,0.01720121115885287,0.3,0.13205861782034445
AOI-0032,2020-10-06,пастбища/зерновые,0.13136899633983426,0.1368271585653518,0.01841277973600363,0.3,0.14235099248615288
AOI-0032,2020-10-24,пастбища/зерновые,0.14623496559570445,0.14825461061166956,-0.0008402896241900895,0.3,0.14800252372441253
AOI-0032,2021-04-04,пастбища/зерновые,0.06312434074703432,0.05855427165962456,-0.0074124476268247405,0.3,0.05633053737157714
AOI-0032,2021-04-23,пастбища/зерновые,0.2718182322261382,0.2644255891232485,0.000780943622978543,0.3,0.26465987221014203
AOI-0032,2021-05-01,пастбища/зерновые,0.25421299885022053,0.24931147016813265,-0.006900310853382781,0.3,0.2472413769121178
AOI-0032,2021-05-25,пастбища/зерновые,0.29232809874227805,0.2908294000350089,0.0016829100433522481,0.3,0.29133427304801457
AOI-0032,2021-06-18,пастбища/зерновые,0.16618940913772579,0.16610452688947908,0.004309042183259702,0.3,0.16739723954445698
AOI-0032,2021-07-01,пастбища/зерновые,0.146725666173176,0.14491753868811688,0.0063955572650286965,0.3,0.1468362058676255
AOI-0032,2021-07-18,пастбища/зерновые,0.14465349186285953,0.14337488229719547,0.010957168142731,0.3,0.14666203274001477
AOI-0032,2021-09-06,пастбища/зерновые,0.1619104298735867,0.16367587220113114,0.007723634091130457,0.3,0.16599296242847028
AOI-0032,2021-09-15,пастбища/зерновые,0.16549888549535613,0.17060647658291325,0.007179584133343832,0.3,0.1727603518229164
AOI-0032,2021-10-08,пастбища/зерновые,0.32619163738469525,0.3298712389519762,0.022985812699293857,0.3,0.3367669827617643
AOI-0032,2022-04-26,пастбища/зерновые,0.7847605325995012,0.790725765548604,0.04672594552216156,0.3,0.8047435492052525
AOI-0032,2022-05-09,пастбища/зерновые,0.8457957111862102,0.8371173018051289,0.023787314832080582,0.3,0.8442534962547531
AOI-0032,2022-05-13,пастбища/зерновые,0.8566961248232123,0.8543889586553302,0.024618587176679224,0.3,0.8617745348083339
AOI-0032,2022-05-29,пастбища/зерновые,0.8411545471616102,0.8415196163722369,0.025034586162635007,0.3,0.8490299922210275
AOI-0032,2022-06-06,пастбища/зерновые,0.7353466736283185,0.7370315353176532,0.022555825306604424,0.3,0.7437982829096346
AOI-0032,2022-06-13,пастбища/зерновые,0.5923958619193915,0.5879304498293858,0.013391163640375375,0.3,0.5919477989214984
AOI-0032,2022-06-30,пастбища/зерновые,0.315915135821815,0.3153910926564799,0.016870910716883535,0.3,0.32045236587154496
AOI-0032,2022-08-01,пастбища/зерновые,0.1403313263368193,0.14731665634797428,0.012302575399779591,0.3,0.15100742896790814
AOI-0032,2022-08-02,пастбища/зерновые,0.09565806977942329,0.09879050232335226,0.005371874381997224,0.3,0.10040206463795143
AOI-0032,2022-08-15,пастбища/зерновые,0.09617122475950238,0.09504630245442955,0.00162394731570447,0.3,0.0955334866491409
AOI-0032,2022-08-24,пастбища/зерновые,0.14565022139121536,0.14855434008441604,0.012911796686332438,0.3,0.15242787909031577
AOI-0032,2022-08-29,пастбища/зерновые,0.1699085236226181,0.16963735523195697,-0.0037675403272245107,0.3,0.16850709313378961
AOI-0032,2022-09-11,пастбища/зерновые,0.1361181659537522,0.13958667055448465,0.009918817028604102,0.3,0.14256231566306587
AOI-0032,2023-04-07,пастбища/зерновые,0.28619048950055315,0.2779874023786897,-0.011985919573615163,0.3,0.27439162650660515
AOI-0032,2023-04-12,пастбища/зерновые,0.1727392332661436,0.17192922866203336,0.009839808960451862,0.3,0.17488117135016892
AOI-0032,2023-05-12,пастбища/зерновые,0.21573597592588145,0.2181196547574948,0.026943530478999587,0.3,0.22620271390119467
AOI-0032,2023-05-15,пастбища/зерновые,0.2190806592936443,0.2177031149769024,0.010805460743960119,0.3,0.22094475320009044
AOI-0032,2023-05-24,пастбища/зерновые,0.2948951714665004,0.2979413649668339,0.018279226516180063,0.3,0.3034251329216879
AOI-0032,2023-06-06,пастбища/зерновые,0.4055267208867232,0.4006923312709967,0.0016804427486723297,0.3,0.4011964640955984
AOI-0032,2023-06-18,пастбища/зерновые,0.5454575858293242,0.53938962801471,-7.729801423553978e-06,0.3,0.539387309074283
AOI-0032,2023-07-26,пастбища/зерновые,0.2640276676481119,0.26933733092251294,0.017216017733608528,0.3,0.2745021362425955
AOI-0032,2023-07-28,пастбища/зерновые,0.31483748496463565,0.3138172354774605,-6.116983456791979e-05,0.3,0.3137988845270901
AOI-0032,2023-08-08,пастбища/зерновые,0.2282010874956951,0.2280694929159782,0.006401649699374044,0.3,0.22998998782579042
AOI-0032,2023-09-01,пастбища/зерновые,0.23096826037256238,0.23256491501844945,0.011494741773793393,0.3,0.23601333755058745
AOI-0032,2023-09-11,пастбища/зерновые,0.21946608470303147,0.22075648361530636,0.01759232756299875,0.3,0.226034181884206
AOI-0032,2023-09-24,пастбища/зерновые,0.18025877890233719,0.18057403323937854,0.013996419440903268,0.3,0.18477295907164953
AOI-0032,2024-04-07,пастбища/зерновые,0.21799142973936889,0.21537139081958923,0.004936509286557955,0.3,0.2168523436055566
AOI-0032,2024-05-06,пастбища/зерновые,0.1964941646070426,0.1931241008154929,-0.00523345585194014,0.3,0.19155406405991085
AOI-0032,2024-06-03,пастбища/зерновые,0.21572737455637114,0.21422440733954484,-0.0014223955973089036,0.3,0.21379768866035218
AOI-0032,2024-07-12,пастбища/зерновые,0.13714354048049643,0.13679407630291807,-0.002580651727320623,0.3,0.13601988078472188
AOI-0032,2024-07-25,пастбища/зерновые,0.14526651478057903,0.14507102864793153,0.01064976491893567,0.3,0.14826595812361223
AOI-0032,2024-07-30,пастбища/зерновые,0.1331517146194995,0.13402426019246094,0.00026081368782002873,0.3,0.13410250429880696
AOI-0032,2024-08-22,пастбища/зерновые,0.15248805391200654,0.1565453972088517,0.01723964550377486,0.3,0.16171729085998415
AOI-0032,2024-08-30,пастбища/зерновые,0.1516718058364917,0.15435906536974686,0.00958052646871918,0.3,0.1572332233103626
AOI-0032,2024-09-13,пастбища/зерновые,0.16264687592092478,0.15945314219978826,-0.01938270537125171,0.3,0.15363833058841275
AOI-0032,2024-09-18,пастбища/зерновые,0.14060107998260113,0.14459182764564021,0.008081801113089662,0.3,0.1470163679795671
AOI-0032,2024-10-05,пастбища/зерновые,0.12913857991611388,0.13306948079763622,0.014131123932532623,0.3,0.13730881797739602
AOI-0032,2024-10-15,пастбища/зерновые,0.2260944205447816,0.22488053171069666,-0.005271235130958691,0.3,0.22329916117140905
AOI-0032,2024-10-23,пастбища/зерновые,0.1329562401434373,0.13594935617859266,0.008216068639193275,0.3,0.13841417677035064
AOI-0032,2025-05-06,пастбища/зерновые,0.7281433114497516,0.7237475419897117,0.0023318169792316233,0.3,0.7244470870834812
AOI-0032,2025-05-28,пастбища/зерновые,0.7222911455424945,0.7208608845836647,0.011923795470494113,0.3,0.724438023224813
AOI-0032,2025-06-30,пастбища/зерновые,0.2836170395477645,0.2863110508685782,0.015929835715684307,0.3,0.2910900015832835
AOI-0032,2025-07-07,пастбища/зерновые,0.2021524986394461,0.20412245851079586,0.012107692246713965,0.3,0.20775476618481004
AOI-0032,2025-07-10,пастбища/зерновые,0.1769454535857669,0.18139488281018226,0.01421404980146335,0.3,0.18565909775062125
AOI-0032,2025-08-13,пастбища/зерновые,0.19316243998546156,0.18974240995547523,-0.00174767812674341,0.3,0.18921810651745222
AOI-0032,2025-08-16,пастбища/зерновые,0.1452217211632976,0.14690629740940536,0.012383501556944718,0.3,0.1506213478764888
AOI-0032,2025-08-24,пастбища/зерновые,0.14712267111466143,0.14698978483281397,0.004588446697368895,0.3,0.14836631884202464
AOI-0032,2025-08-31,пастбища/зерновые,0.1596125277529505,0.16079951376043702,0.016526492408153327,0.3,0.16575746148288303
AOI-0032,2025-09-03,пастбища/зерновые,0.1259517507106092,0.12835798673027476,0.007640826136691509,0.3,0.13065023457128222
AOI-0032,2025-10-08,пастбища/зерновые,0.16116228886323913,0.16411414477850098,0.016777919778436068,0.3,0.1691475207120318
AOI-0033,2025-04-28,пастбища/зерновые,0.17703185638775,0.17695678057052192,0.021634138571048945,0.3,0.18344702214183659
AOI-0033,2025-05-20,пастбища/зерновые,0.3333108671933193,0.3423809356650845,0.02037457065820325,0.3,0.3484933068625455
AOI-0033,2025-06-10,пастбища/зерновые,0.6713734296884986,0.676643919936457,0.005395115202006879,0.3,0.678262454497059
AOI-0033,2025-06-22,пастбища/зерновые,0.7291276187149967,0.7362526179081375,0.009872173186155866,0.3,0.7392142698639842
AOI-0033,2025-07-05,пастбища/зерновые,0.4702140745626573,0.47426176615259014,0.010370172028586214,0.3,0.477372817761166
AOI-0033,2025-07-10,пастбища/зерновые,0.3137003812954299,0.31391707122048973,0.020941913637737758,0.3,0.32019964531181105
AOI-0033,2025-09-15,пастбища/зерновые,0.2788182522138411,0.28162576831018105,0.02326693234070411,0.3,0.28860584801239225
AOI-0034,2025-04-25,пастбища/зерновые,0.20392169694783713,0.20377074664401099,-0.0017614520585980727,0.3,0.20324231102643156
AOI-0034,2025-05-06,пастбища/зерновые,0.1849343343855793,0.18257719359535413,-0.0018590550711855259,0.3,0.18201947707399846
AOI-0034,2025-05-09,пастбища/зерновые,0.320434524397507,0.3145811483101228,0.00742729242690042,0.3,0.31680933603819295
AOI-0034,2025-06-10,пастбища/зерновые,0.23409728683010297,0.23182550363076757,-0.012474432256774769,0.3,0.22808317395373515
AOI-0034,2025-06-15,пастбища/зерновые,0.16561245685598486,0.16378986359252876,-0.006626679400957951,0.3,0.16180185977224137
AOI-0034,2025-06-21,пастбища/зерновые,0.20887584268627896,0.2020498185081971,0.001416610422627619,0.3,0.20247480163498538
AOI-0034,2025-07-07,пастбища/зерновые,0.1223139646603977,0.12156191951770985,0.0023335738917820426,0.3,0.12226199168524446
AOI-0034,2025-07-10,пастбища/зерновые,0.13205427920219506,0.13086203860218995,0.002329902234946446,0.3,0.1315610092726739
AOI-0034,2025-07-16,пастбища/зерновые,0.17222004163434784,0.16347942191348505,-0.0011977568788968176,0.3,0.16312009484981602
AOI-0034,2025-08-31,пастбища/зерновые,0.16127994572038554,0.16199040905261206,0.006600494369040925,0.3,0.16397055736332433
AOI-0034,2025-09-13,пастбища/зерновые,0.14226182573889026,0.1438878071399518,0.00318853791319014,0.3,0.14484436851390886
AOI-0034,2025-09-23,пастбища/зерновые,0.14544360445974214,0.1459950681348185,0.013899176180202519,0.3,0.15016482098887926
AOI-0034,2025-10-02,пастбища/зерновые,0.2681405335624124,0.26758842079820766,0.01167796141875477,0.3,0.2710918092238341
AOI-0034,2025-10-16,пастбища/зерновые,0.538828175176632,0.5387991029081531,-0.012292470348727328,0.3,0.5351113618035349
AOI-0035,2025-05-16,пастбища/зерновые,0.16412490626564288,0.15954526512495404,-0.0007170819542620605,0.3,0.15933014053867542
AOI-0035,2025-05-20,пастбища/зерновые,0.1982280020571134,0.19655388301353546,0.022380409920963722,0.3,0.20326800598982459
AOI-0035,2025-06-05,пастбища/зерновые,0.1839888539210333,0.18500214362731174,-0.0006270080657373852,0.3,0.1848140412075905
AOI-0035,2025-06-07,пастбища/зерновые,0.1500989089111523,0.1519680502350198,0.00829174426867888,0.3,0.15445557351562347
AOI-0035,2025-06-10,пастбища/зерновые,0.23982704855273237,0.24147424868970543,-0.009139182398359612,0.3,0.23873249397019755
AOI-0035,2025-07-30,пастбища/зерновые,0.1216331366361302,0.12330862849688083,0.002046800944094422,0.3,0.12392266878010916
AOI-0035,2025-08-31,пастбища/зерновые,0.14123737963463037,0.13965434105853697,0.007779688096785184,0.3,0.14198824748757252
AOI-0035,2025-09-26,пастбища/зерновые,0.16964532190245865,0.17351259255250412,0.004656381005992173,0.3,0.17490950685430176
AOI-0035,2025-09-28,пастбища/зерновые,0.1369566073172245,0.1360754931122011,0.005956611248266429,0.3,0.13786247648668104
AOI-0035,2025-10-02,пастбища/зерновые,0.2069825629381048,0.2110429787763269,0.015354076100255055,0.3,0.21564920160640344
AOI-0035,2025-10-30,пастбища/зерновые,0.5853294604066389,0.5963294604066389,0.010860574229656032,0.3,0.5995876326755357
AOI-0036,2025-05-16,пастбища/зерновые,0.6180010454767798,0.6179123062255438,-0.01774795268414149,0.3,0.6125879204203014
AOI-0036,2025-07-16,пастбища/зерновые,0.24003408560626677,0.24706316194792746,0.00888855217813167,0.3,0.24972972760136697
AOI-0036,2025-08-01,пастбища/зерновые,0.17031653351411782,0.16941108633049645,0.008548537022063325,0.3,0.17197564743711544
AOI-0036,2025-08-09,пастбища/зерновые,0.13935610202773538,0.14089734693723316,0.008980822116536051,0.3,0.14359159357219398
AOI-0036,2025-08-23,пастбища/зерновые,0.16835203837597792,0.16933442114460578,0.018830373889895006,0.3,0.1749835333115743
AOI-0036,2025-10-02,пастбища/зерновые,0.19512032475728414,0.1930925285715907,0.030068676345543523,0.3,0.20211313147525375
AOI-0037,2025-04-07,зерновые,0.5257716919687417,0.5257425547045401,-0.027911647982897653,0.65,0.5075999835156566
AOI-0037,2025-04-16,зерновые,0.47947028478956394,0.4800057071796262,0.012990634042812397,0.65,0.4884496193074543
AOI-0037,2025-05-23,зерновые,0.633301088523584,0.6294575023219884,-6.781010003927999e-05,0.65,0.6294134257569628
AOI-0037,2025-06-30,зерновые,0.3376485127162779,0.3379517644382216,0.008714716285968798,0.65,0.34361633002410136
AOI-0037,2025-07-14,зерновые,0.30925341398289713,0.3066546183296172,-0.0004385600691002886,0.65,0.30636955428470203
AOI-0037,2025-07-23,зерновые,0.2632861211148667,0.26232043223882956,0.003782365321867331,0.65,0.2647789696980433
AOI-0037,2025-08-09,зерновые,0.22482727165294158,0.22444777380746206,0.0046168226985717105,0.65,0.22744870856153368
AOI-0037,2025-08-16,зерновые,0.23171476768515642,0.23242547191928678,0.002517841456036171,0.65,0.2340620688657103
AOI-0037,2025-09-12,зерновые,0.19799816631896583,0.19609872644170862,-0.0019282185713188587,0.65,0.19484538437035134
AOI-0037,2025-09-13,зерновые,0.18837580885167476,0.18989835354122084,0.003001695984833509,0.65,0.19184945593136263
AOI-0037,2025-09-23,зерновые,0.1975305489776854,0.1993698518916268,0.006011281085594834,0.65,0.20327718459726343
AOI-0037,2025-09-26,зерновые,0.2097922353504585,0.2125596725026204,0.00923479720527132,0.65,0.21856229068604677
AOI-0037,2025-09-30,зерновые,0.26908505333432226,0.26988630332874275,-0.012644917408813572,0.65,0.26166710701301393
AOI-0037,2025-10-05,зерновые,0.1957386940011612,0.19599112318600082,0.0015872543928839894,0.65,0.1970228385413754
AOI-0038,2025-04-07,зерновые,0.4629488228802808,0.46602249370351206,-0.011418645857022843,0.65,0.4586003738964472
AOI-0038,2025-04-25,зерновые,0.49233553077629466,0.49648961270481357,0.01025345983893802,0.65,0.5031543616001233
AOI-0038,2025-06-14,зерновые,0.45311676994141514,0.45026033298272355,0.011637508625551162,0.65,0.4578247135893318
AOI-0038,2025-07-10,зерновые,0.17611424596308242,0.18149961089034752,0.006629874594662088,0.65,0.18580902937687788
AOI-0038,2025-07-15,зерновые,0.18801662858421342,0.18858525887902555,-0.008473309350836514,0.65,0.1830776078009818
AOI-0038,2025-08-14,зерновые,0.18115174592094496,0.18188121701720633,0.010522090312988664,0.65,0.18872057572064896
AOI-0038,2025-09-02,зерновые,0.20751647927922617,0.20659759900324462,0.01354539457064434,0.65,0.21540210547416344
AOI-0038,2025-10-05,зерновые,0.18329417793535918,0.1853501766060147,0.0006934608668879958,0.65,0.1858009261694919
AOI-0038,2025-10-08,зерновые,0.17701339800542087,0.179095411502751,0.010468634621915378,0.65,0.18590002400699598
AOI-0038,2025-10-16,зерновые,0.29108994248954445,0.29026488100914916,-0.013427922423740798,0.65,0.28153673143371766
AOI-0039,2025-05-04,зерновые,0.7175799108352633,0.7213990463371763,0.022714576061280353,0.65,0.7361635207770085
AOI-0039,2025-05-08,зерновые,0.6331764058110215,0.6348832205052852,0.019516976980691155,0.65,0.6475692555427345
AOI-0039,2025-05-28,зерновые,0.6143619117627612,0.6253619117627612,0.023895349579473927,0.65,0.6408938889894192
AOI-0039,2025-07-10,зерновые,0.4196330077130785,0.41992457654182713,0.027686226010688167,0.65,0.43792062344877447
AOI-0039,2025-08-06,зерновые,0.3026177065616066,0.3025650895972364,0.03633379666537729,0.65,0.3261820574297316
AOI-0039,2025-08-24,зерновые,0.3478073895338844,0.348392901611465,0.020148290863444013,0.65,0.36148929067270363
AOI-0039,2025-09-08,зерновые,0.29528557260172195,0.29527249332737426,0.03703115182583638,0.65,0.3193427420141679
AOI-0039,2025-09-12,зерновые,0.3088143047106833,0.30850963627498823,0.028122221554388448,0.65,0.3267890802853407
AOI-0039,2025-09-14,зерновые,0.379315014159606,0.37326060014286544,0.015787012508695387,0.65,0.38352215827351743
AOI-0039,2025-09-26,зерновые,0.3143253425214304,0.3100932376655586,0.04531358280954565,0.65,0.33954706649176325
AOI-0039,2025-10-23,зерновые,0.3617176648099424,0.3667567510535888,0.03987971367660039,0.65,0.39267856494337905
AOI-0040,2025-04-02,зерновые,0.2912525251678839,0.2877718179592952,0.004302116195176295,0.65,0.29056819348615975
AOI-0040,2025-04-03,зерновые,0.29222174588587185,0.2903605283787504,0.0047637585826813475,0.65,0.2934569714574933
AOI-0040,2025-05-06,зерновые,0.7322159930067811,0.7299409715146544,-0.0016072901322133136,0.65,0.7288962329287157
AOI-0040,2025-06-07,зерновые,0.685670825188861,0.6878627214756654,0.020275319806051552,0.65,0.7010416793495989
AOI-0040,2025-07-08,зерновые,0.2174150844236695,0.21847035105741444,0.011021048888092449,0.65,0.22563403283467454
AOI-0040,2025-09-12,зерновые,0.13899422504178044,0.13880765108634271,0.0051147975276663975,0.65,0.14213226947932586
AOI-0040,2025-09-13,зерновые,0.12884924198537814,0.12839523982904472,0.009977004764548835,0.65,0.13488029292600145
AOI-0040,2025-09-28,зерновые,0.14106970353589804,0.14232907127730032,0.011390873774597108,0.65,0.14973313923078843
AOI-0040,2025-09-30,зерновые,0.22044413203996926,0.2131881484030035,-0.0025819050828585137,0.65,0.2115099100991455
AOI-0040,2025-10-02,зерновые,0.17542252032701003,0.17363473733191548,0.018041377081223945,0.65,0.18536163243471104
AOI-0041,2025-04-23,зерновые,0.6352172449617737,0.6379901671701663,0.01639600074453498,0.65,0.648647567654114
AOI-0041,2025-05-20,зерновые,0.6060077626691163,0.6071665429858192,0.017957015639327698,0.65,0.6188386031513822
AOI-0041,2025-06-22,зерновые,0.3640272175642311,0.36336033901639636,0.01765859505652872,0.65,0.37483842580314003
AOI-0041,2025-06-27,зерновые,0.37075852202778337,0.37562299316584963,0.024369608651540354,0.65,0.39146323878935085
AOI-0041,2025-07-23,зерновые,0.2619419266721541,0.26591875414513905,0.021705865584955093,0.65,0.28002756677535984
AOI-0041,2025-08-19,зерновые,0.20219468397930163,0.20527124829230506,0.03202551897055235,0.65,0.2260878356231641
AOI-0041,2025-09-30,зерновые,0.31363320166170006,0.3130153549059328,0.010033044305962299,0.65,0.3195368337048083
AOI-0042,2025-04-18,зерновые,0.17033155457536459,0.1701947528513008,0.0037799916108763204,0.65,0.17265174739837041
AOI-0042,2025-05-04,зерновые,0.1673775020098278,0.16755717714686483,0.007577732901527957,0.65,0.172482703532858
AOI-0042,2025-06-13,зерновые,0.15886861349116205,0.15615749046680683,0.004114725575473021,0.65,0.15883206209086428
AOI-0042,2025-07-14,зерновые,0.1562184306502334,0.15657553976001895,0.003978872807914539,0.65,0.1591618070851634
AOI-0042,2025-07-16,зерновые,0.1526317593256052,0.1483864783240868,0.009907839736868661,0.65,0.15482657415305143
AOI-0042,2025-07-24,зерновые,0.1583045183549055,0.15737860687533106,0.0026705540343889595,0.65,0.1591144669976839
AOI-0042,2025-08-17,зерновые,0.1517995963473464,0.15517633063036584,0.00787944083726545,0.65,0.16029796717458838
AOI-0042,2025-08-19,зерновые,0.12066231342123182,0.12523722934810372,0.006105784159830433,0.65,0.1292059890519935
AOI-0042,2025-08-24,зерновые,0.12473458263367596,0.12512705361034673,-0.002145943435423212,0.65,0.12373219037732165
AOI-0042,2025-08-29,зерновые,0.16535793918124544,0.1673083262035912,-0.03105014769589143,0.65,0.14712573020126177
AOI-0042,2025-09-15,зерновые,0.13232309366781433,0.13353453311111443,0.011228262219279465,0.65,0.14083290355364608
AOI-0042,2025-09-17,зерновые,0.14237022550727527,0.1408400308759629,0.013721474784722822,0.65,0.14975898948603272
AOI-0042,2025-10-02,зерновые,0.1833485134433338,0.18428767642429356,0.013759378483426971,0.65,0.1932312724385211
AOI-0043,2025-04-24,зерновые,0.19942473254483026,0.2083658945414286,0.016190005427471225,0.65,0.2188893980692849
AOI-0043,2025-04-29,зерновые,0.22730916240800453,0.22867766902912684,0.010981857046107338,0.65,0.2358158761090966
AOI-0043,2025-05-31,зерновые,0.21661995712835885,0.21460595589487821,-0.007926135073786426,0.65,0.20945396809691705
AOI-0043,2025-06-08,зерновые,0.19625925296194754,0.1927713865654803,0.009396358606718608,0.65,0.1988790196598474
AOI-0043,2025-06-15,зерновые,0.15430795006860826,0.15609994118925025,-0.007658554226822777,0.65,0.15112188094181545
AOI-0043,2025-06-17,зерновые,0.150166904589816,0.15509702990925014,-0.007653389863304157,0.65,0.15012232649810245
AOI-0043,2025-06-25,зерновые,0.13931912368381946,0.14364208660674907,0.0008435991959304914,0.65,0.1441904260841039
AOI-0043,2025-07-07,зерновые,0.1894775965751693,0.1860740726233654,-0.006126210888276352,0.65,0.18209203554598577
AOI-0043,2025-07-13,зерновые,0.15263507882538443,0.15181996392688615,-0.0066550255794943815,0.65,0.1474941973002148
AOI-0043,2025-08-12,зерновые,0.1385958695872641,0.13689175778060836,-0.000836996045703749,0.65,0.13634771035090093
AOI-0043,2025-09-24,зерновые,0.20357540771181762,0.20612686942421374,0.007039137081977776,0.65,0.2107023085274993
AOI-0043,2025-10-13,зерновые,0.15396747995144097,0.15438849007855115,0.00902869324014605,0.65,0.16025714068464608
AOI-0043,2025-10-15,зерновые,0.16678064479188787,0.1692430964101057,0.010046669680891091,0.65,0.17577343170268492
AOI-0044,2010-04-16,зерновые,0.2145426588147257,0.21465617772100487,0.003194506228099772,0.65,0.21673260676926973
AOI-0044,2010-04-25,зерновые,0.26356144097731893,0.26643217714021444,0.020445932639654347,0.65,0.2797220333559898
AOI-0044,2010-05-09,зерновые,0.49182765108060467,0.4897741627565303,0.0013940267231234604,0.65,0.49068028012656056
AOI-0044,2010-05-18,зерновые,0.3625811873037079,0.36580134867861186,0.027204423163891444,0.65,0.3834842237351413
AOI-0044,2010-06-12,зерновые,0.4320967281132515,0.43606480700934663,0.022017424837822167,0.65,0.45037613315393105
AOI-0044,2010-06-20,зерновые,0.4075554598160866,0.40793477961664637,0.006185060390125891,0.65,0.4119550688702282
AOI-0044,2010-06-28,зерновые,0.48124612605461814,0.48411316068908006,0.00533643629200848,0.65,0.48758184427888557
AOI-0044,2010-07-29,зерновые,0.23370189841353164,0.2361282009211443,0.014234724939393172,0.65,0.24538077213174986
AOI-0044,2010-08-06,зерновые,0.1895467019808855,0.18805886413970946,0.010742795882594278,0.65,0.19504168146339573
AOI-0044,2010-10-16,зерновые,0.24824001381811128,0.25234711223826656,0.0022960663798256985,0.65,0.25383955538515324
AOI-0044,2010-10-25,зерновые,0.17177983650826456,0.17170881205428795,-0.0036953363737132375,0.65,0.16930684341137434
AOI-0044,2011-07-16,зерновые,0.6702599379974197,0.6713168730324693,0.01283712946874384,0.65,0.6796610071871528
AOI-0044,2011-08-01,зерновые,0.3401226946579072,0.34315414732774324,0.01670175414381647,0.65,0.35401028752122393
AOI-0044,2011-08-02,зерновые,0.3087827037637811,0.31104926822953954,0.008655828830449474,0.65,0.3166755569693317
AOI-0044,2011-10-16,зерновые,0.3507662688280444,0.35697699245796455,0.015309369150672061,0.65,0.3669280824059014
AOI-0044,2012-04-06,зерновые,0.33275012050132485,0.3312235536747924,0.0038735198019342657,0.65,0.3337413415460497
AOI-0044,2012-05-08,зерновые,0.6530500950318927,0.6515604847485659,-0.005193334006657901,0.65,0.6481848176442382
AOI-0044,2013-05-02,зерновые,0.2267307095936235,0.22596883077460567,0.015453161980496276,0.65,0.23601338606192823
AOI-0044,2013-05-03,зерновые,0.2266548286028247,0.2274205147637317,0.014606681297535385,0.65,0.23691485760712971
AOI-0044,2013-05-11,зерновые,0.2672728309761163,0.27078227969714935,0.014247659245493684,0.65,0.28004325820672027
AOI-0044,2014-04-07,зерновые,0.38150252068828483,0.38515843957133183,0.007624113507560187,0.65,0.39011411335124596
AOI-0044,2014-06-06,зерновые,0.2540234037448661,0.24828370910708727,0.016199324046958452,0.65,0.25881326973761026
AOI-0044,2014-06-14,зерновые,0.21170157120003552,0.2174685424531566,0.02868536131353263,0.65,0.23611402730695283
AOI-0044,2014-06-23,зерновые,0.2156919056010103,0.21765649553408362,0.0153044719803603,0.65,0.22760440232131782
AOI-0044,2014-08-02,зерновые,0.17190379291652472,0.17354195931205885,0.0024324536195975866,0.65,0.1751230541647973
AOI-0044,2014-08-09,зерновые,0.1676547043206788,0.1685624072000055,0.0037997416960825104,0.65,0.17103223930245914
AOI-0044,2014-08-29,зерновые,0.22489917473197266,0.2277942074134963,0.0023118676654587393,0.65,0.22929692139604446
AOI-0044,2014-09-18,зерновые,0.1802247121539574,0.18420355990050558,0.02038452107579847,0.65,0.19745349859977457
AOI-0044,2014-09-19,зерновые,0.15994302088638218,0.16107157227398125,0.008549267619355313,0.65,0.1666285962265622
AOI-0044,2014-10-04,зерновые,0.19668446288264424,0.19586395643556725,0.01900967042935682,0.65,0.2082202422146492
AOI-0044,2014-10-12,зерновые,0.15464704237980498,0.1570433862492825,0.017073485779964055,0.65,0.16814115200625912
AOI-0044,2014-10-28,зерновые,0.18084117226047408,0.1840580384394336,0.01045917812624972,0.65,0.19085650422149592
AOI-0044,2014-10-29,зерновые,0.18540833640789428,0.18975439647719136,0.01003170762658818,0.65,0.19627500643447368
AOI-0044,2015-06-26,зерновые,0.4718350263858899,0.46789768571031126,-0.02818487790401761,0.65,0.44957751507269983
AOI-0044,2015-07-27,зерновые,0.24739379063742542,0.24862343727007669,0.02291943367495019,0.65,0.2635210691587943
AOI-0044,2015-07-28,зерновые,0.29543751560802967,0.2977226251211451,-0.006246775527704631,0.65,0.2936622210281371
AOI-0044,2015-08-29,зерновые,0.23537219040298746,0.2369373859512806,-0.0001756562898985836,0.65,0.23682320936284654
AOI-0044,2015-10-08,зерновые,0.1950317813199107,0.1929217279642023,0.011964337755422431,0.65,0.20069854750522687
AOI-0044,2015-10-16,зерновые,0.2746377159322572,0.27235917775331725,-0.005922958135461821,0.65,0.26850925496526706
AOI-0044,2016-04-08,зерновые,0.4985220891653132,0.49864335805691773,0.023298162167153844,0.65,0.5137871634655677
AOI-0044,2016-05-08,зерновые,0.8168898679772341,0.8193183768543042,0.0037257234601671724,0.65,0.8217400971034129
AOI-0044,2016-05-11,зерновые,0.8367118525172945,0.8384672418862885,0.02194731030676095,0.65,0.8527329935856831
AOI-0044,2016-06-20,зерновые,0.3852249967981891,0.39173080075831496,0.017933948807515546,0.65,0.40338786748320005
AOI-0044,2016-06-25,зерновые,0.37681110283341135,0.37119620126459635,-0.010793831134138468,0.65,0.36418021102740633
AOI-0044,2016-07-13,зерновые,0.2760304898870746,0.27986508821283146,0.004830334611829159,0.65,0.2830048057105204
AOI-0044,2016-07-27,зерновые,0.3324703389138208,0.33388460725229563,-0.004212330135011986,0.65,0.33114659266453783
AOI-0044,2016-09-07,зерновые,0.19957759643972164,0.20038126494890093,0.020034288318638408,0.65,0.2134035523560159
AOI-0044,2016-09-13,зерновые,0.24726748203891288,0.2498778086115146,0.001968862258793735,0.65,0.2511575690797305
AOI-0044,2016-10-02,зерновые,0.20986152341331016,0.20850925749924837,0.01600010950303218,0.65,0.2189093286762193
AOI-0044,2016-10-26,зерновые,0.20371652788768027,0.21017961116878903,0.023607176261959902,0.65,0.22552427573906297
AOI-0044,2017-04-03,зерновые,0.16591886273265682,0.16787732008647932,0.012609207631148266,0.65,0.1760733050467257
AOI-0044,2017-04-04,зерновые,0.16657031913515546,0.1700670742783809,0.008092257427742416,0.65,0.17532704160641346
AOI-0044,2017-04-12,зерновые,0.21796006624167708,0.21957712652264613,0.021077767249582335,0.65,0.23327767523487464
AOI-0044,2017-06-27,зерновые,0.21638726403655759,0.22248392040198794,0.013446162424597449,0.65,0.23122392597797628
AOI-0044,2017-06-30,зерновые,0.21142342536296627,0.21559618644706788,0.010005669657947917,0.65,0.22209987172473403
AOI-0044,2017-08-10,зерновые,0.17532826054667128,0.17452211583340818,0.008355386203832037,0.65,0.17995311686589902
AOI-0044,2017-09-14,зерновые,0.23820479265222022,0.24566851141290028,0.0048778688034960375,0.65,0.2488391261351727
AOI-0044,2018-04-06,зерновые,0.5194228770063445,0.5189124245538377,0.022364996924939644,0.65,0.5334496725550485
AOI-0044,2018-07-12,зерновые,0.2576638013726833,0.2615762556062588,-0.013602576655163397,0.65,0.2527345807804026
AOI-0044,2018-07-19,зерновые,0.16191849636732547,0.15947391308520584,-0.007144661575493042,0.65,0.15482988306113535
AOI-0044,2018-09-30,зерновые,0.2233695927446065,0.23147892212684462,0.0030504259055449787,0.65,0.23346169896544886
AOI-0044,2019-04-25,зерновые,0.35642457863435856,0.35906122539776103,0.010358948379325593,0.65,0.36579454184432264
AOI-0044,2019-04-26,зерновые,0.36410475092105443,0.36666325506236563,0.01700734488818698,0.65,0.37771802923968717
AOI-0044,2019-06-02,зерновые,0.6985107841227184,0.6961967036727793,0.020653519077891144,0.65,0.7096214910734086
AOI-0044,2019-06-12,зерновые,0.4963880995671693,0.4866728110045537,0.0048858979275619024,0.65,0.4898486446574689
AOI-0044,2019-06-20,зерновые,0.3341826504341192,0.33356440895158684,0.0037191609310702526,0.65,0.3359818635567825
AOI-0044,2019-08-13,зерновые,0.41636821598498686,0.41650705522983217,-0.0041613834572608935,0.65,0.4138021559826126
AOI-0044,2019-09-10,зерновые,0.17122889337297464,0.17172175645768795,0.009274223296783578,0.65,0.17775000160059728
AOI-0044,2019-09-15,зерновые,0.1497878373838011,0.15206478853950472,0.013034704330137557,0.65,0.16053734635409414
AOI-0044,2019-09-16,зерновые,0.18634750894492227,0.18916792451917813,0.014558255217199459,0.65,0.19863079041035778
AOI-0044,2019-10-10,зерновые,0.17242667733429445,0.17198968257712424,0.012753670111263209,0.65,0.18027956814944532
AOI-0044,2020-04-17,зерновые,0.16238384684822615,0.166273075114067,0.014604164370023785,0.65,0.17576578195458245
AOI-0044,2020-04-22,зерновые,0.27563408202221784,0.2678435119889584,-0.013821433734535808,0.65,0.2588595800615101
AOI-0044,2020-05-17,зерновые,0.19312256919705692,0.19280762374762125,0.0005613289372097892,0.65,0.1931724875568076
AOI-0044,2020-06-30,зерновые,0.2054060606291127,0.20362318171986127,0.007195590709603692,0.65,0.20830031568110366
AOI-0044,2020-08-10,зерновые,0.14128416588347537,0.1359007930188307,-0.002355695467540084,0.65,0.13436959096492965
AOI-0044,2020-09-09,зерновые,0.14986197417539324,0.1469078873705116,0.012389178447383721,0.65,0.15496085336131102
AOI-0044,2020-09-10,зерновые,0.14422141737025096,0.1467050490018613,0.014905140711099548,0.65,0.156393390464076
AOI-0044,2020-09-26,зерновые,0.12516107412184083,0.12631642015239986,0.01426843086866737,0.65,0.13559090021703366
AOI-0044,2020-09-29,зерновые,0.1786558448559812,0.17816446068321715,-0.007943894763919473,0.65,0.17300092908666947
AOI-0044,2020-10-14,зерновые,0.14093209368659185,0.13980903563182595,0.007228164213935882,0.65,0.14450734237088428
AOI-0044,2020-10-21,зерновые,0.1361763872820682,0.13720728969755058,0.002221879403456671,0.65,0.13865151130979742
AOI-0044,2021-05-12,зерновые,0.7050540702296201,0.7073255983805392,0.011803792194461756,0.65,0.7149980633069394
AOI-0044,2021-05-17,зерновые,0.7192459877936879,0.7165476443327099,0.0015064737770188433,0.65,0.7175268522877721
AOI-0044,2021-05-25,зерновые,0.7120923161095856,0.7108797449843535,-0.008615653699294349,0.65,0.7052795700798121
AOI-0044,2021-07-16,зерновые,0.22479048682430247,0.22682953203214964,0.006293367658224101,0.65,0.23092022100999532
AOI-0044,2021-07-21,зерновые,0.14902287453074944,0.1452532653124685,0.00871445367101736,0.65,0.15091766019862976
AOI-0044,2021-09-30,зерновые,0.2235126058859418,0.22577354987605464,0.00979521161115692,0.65,0.23214043742330664
AOI-0044,2021-10-07,зерновые,0.15378737499602582,0.1522447172787517,0.020183136314244975,0.65,0.16536375588301092
AOI-0044,2022-05-27,зерновые,0.7793225252904746,0.7584011642759246,-0.010552132740163835,0.65,0.7515422779948181
AOI-0044,2022-06-06,зерновые,0.720139246398496,0.7211103832467933,0.01931184208641733,0.65,0.7336630806029646
AOI-0044,2022-06-12,зерновые,0.7102492791363572,0.7090214048307654,0.01158680119088289,0.65,0.7165528256048392
AOI-0044,2022-07-07,зерновые,0.20768335808797733,0.20999825366819086,0.012180601853112153,0.65,0.21791564487271375
AOI-0044,2022-08-10,зерновые,0.2344533172479763,0.23458163501773865,0.014347435383210674,0.65,0.24390746801682558
AOI-0044,2022-08-13,зерновые,0.2925138741196173,0.28602234795336573,-0.012965099623158192,0.65,0.2775950331983129
AOI-0044,2022-08-24,зерновые,0.27436227283709347,0.2740586757238389,0.017198933912842915,0.65,0.2852379827671868
AOI-0044,2022-09-25,зерновые,0.18215916560038664,0.18675307433258298,0.02684888417759913,0.65,0.2042048490480224
AOI-0044,2022-09-30,зерновые,0.2577623204377343,0.26248210087664503,0.006215505967272224,0.65,0.26652217975537196
AOI-0044,2023-04-02,зерновые,0.17465495943724968,0.18456006561325794,0.017608591063746872,0.65,0.1960056498046934
AOI-0044,2023-04-07,зерновые,0.3080009541876448,0.3123988374182757,0.0037698416629419235,0.65,0.31484923449918795
AOI-0044,2023-06-06,зерновые,0.21458957490988373,0.22303287438872887,0.03434332212618777,0.65,0.24535603377075094
AOI-0044,2023-06-30,зерновые,0.19127498496174422,0.19212909135764555,0.009342293712879604,0.65,0.1982015822710173
AOI-0044,2023-07-05,зерновые,0.18494761174877203,0.18201989741901847,0.012677638157611578,0.65,0.190260362221466
AOI-0044,2023-07-09,зерновые,0.17361811249785664,0.17750320837998548,0.010179199201474488,0.65,0.1841196878609439
AOI-0044,2023-07-11,зерновые,0.1541422924504342,0.15512645947060172,0.00026610538961327175,0.65,0.15529942797385035
AOI-0044,2023-07-16,зерновые,0.16051513287530944,0.15622905467662845,0.007815190038170348,0.65,0.1613089282014392
AOI-0044,2023-07-25,зерновые,0.212670101053331,0.21383243121489426,0.021295546242789887,0.65,0.22767453627270767
AOI-0044,2023-08-05,зерновые,0.15163620657664748,0.14873675167936184,0.007053659811549148,0.65,0.1533216305568688
AOI-0044,2023-08-25,зерновые,0.15049850332673376,0.14564898426938458,0.011731087418975588,0.65,0.15327419109171872
AOI-0044,2023-09-30,зерновые,0.2779466631961325,0.27975961387590526,0.002806636876662161,0.65,0.28158392784573566
AOI-0044,2023-10-14,зерновые,0.26022542770081275,0.2665455014263681,0.02141387969869463,0.65,0.2804645232305196
AOI-0044,2024-04-06,зерновые,0.8110642000557873,0.8002597259199926,-0.017062277673042452,0.65,0.789169245432515
AOI-0044,2024-04-14,зерновые,0.8387129328935866,0.8402027344308558,0.01048523964209969,0.65,0.8470181401982206
AOI-0044,2024-06-05,зерновые,0.5823733783439531,0.5816359886512015,0.01801462241513573,0.65,0.5933454932210397
AOI-0044,2024-09-06,зерновые,0.14232997929109592,0.1426391054239491,0.01909758485256537,0.65,0.15505253557811657
AOI-0044,2024-09-21,зерновые,0.14618074533794423,0.14366987402840592,0.00984628659113267,0.65,0.15006996031264216
AOI-0044,2025-04-02,зерновые,0.1511706896552653,0.16016776847538214,0.0200263130462609,0.65,0.17318487195545174
AOI-0044,2025-05-20,зерновые,0.21246801929333717,0.20627339718020657,0.008335651408296459,0.65,0.21169157059559926
AOI-0044,2025-07-06,зерновые,0.18899346180030213,0.18985497059468645,0.010529065669748483,0.65,0.19669886328002295
AOI-0044,2025-07-10,зерновые,0.13971687547128142,0.14323885624016375,0.01114886187052453,0.65,0.1504856164560047
AOI-0044,2025-08-14,зерновые,0.14967932312794704,0.14980183634076216,0.010988829518783483,0.65,0.15694457552797142
AOI-0044,2025-09-23,зерновые,0.15664245476716337,0.15892456775024716,0.013494252470466806,0.65,0.16769583185605058
AOI-0044,2025-10-03,зерновые,0.16312032680735403,0.16167444440006953,0.009303825898528618,0.65,0.16772193123411314
AOI-0044,2025-10-15,зерновые,0.1559657441025873,0.1545617333318973,0.011349740596188897,0.65,0.16193906471942007
AOI-0045,2025-04-26,зерновые,0.22733278907111185,0.22644793062455265,-0.0013145069351992024,0.65,0.22559350111667317
AOI-0045,2025-06-15,зерновые,0.15743150703154712,0.15946318344332217,0.008069687356783484,0.65,0.16470848022523144
AOI-0045,2025-06-27,зерновые,0.16295360567458994,0.16672353888520464,0.012502011122265535,0.65,0.17484984611467724
AOI-0045,2025-06-29,зерновые,0.202212379229732,0.2021383425607354,0.016227557330796793,0.65,0.21268625482575332
AOI-0045,2025-07-31,зерновые,0.18526986556890102,0.18907771687467104,0.01928716668603466,0.65,0.20161437522059356
AOI-0045,2025-08-13,зерновые,0.21371751993428523,0.21313870022245227,-9.320522413458097e-05,0.65,0.21307811682676478
AOI-0045,2025-08-15,зерновые,0.1904752780897328,0.19422152291665304,0.024605390297677988,0.65,0.21021502661014374
AOI-0045,2025-08-16,зерновые,0.14774702254742383,0.1493020192802335,0.016913797463050165,0.65,0.1602959876312161
AOI-0045,2025-09-30,зерновые,0.23139924184666513,0.23110456447853073,0.004194390688312077,0.65,0.23383091842593356
AOI-0045,2025-10-15,зерновые,0.15678629097160335,0.1597987201625524,0.02095387156625526,0.65,0.1734187366806183
AOI-0046,2010-06-26,зерновые,0.32473957927197933,0.32801005442047104,0.0026505609696589262,0.65,0.32973291905074936
AOI-0046,2010-07-12,зерновые,0.3635752040654302,0.37158633193502544,-0.0062671336680741735,0.65,0.3675126950507772
AOI-0046,2010-09-14,зерновые,0.4020198123554948,0.40159621945896645,-0.015211618974932267,0.65,0.3917086671252605
AOI-0046,2011-05-30,зерновые,0.2926799066950297,0.29418156520628325,0.020579213288138536,0.65,0.3075580538435733
AOI-0046,2011-08-17,зерновые,0.18562967510763845,0.18869490033161687,0.010201678803996254,0.65,0.19532599155421443
AOI-0046,2012-04-22,зерновые,0.4430245939205001,0.44298640631445957,-0.004859677342435784,0.65,0.4398276160418763
AOI-0046,2012-04-29,зерновые,0.29229399075137313,0.2913012300682127,0.018892780477179308,0.65,0.30358153737837923
AOI-0046,2012-06-09,зерновые,0.5850505121983012,0.5931149774725415,0.002864686625256661,0.65,0.5949770237789583
AOI-0046,2013-04-25,зерновые,0.23506388647797616,0.23474507792014213,0.01746370928476574,0.65,0.24609648895523986
AOI-0046,2013-05-09,зерновые,0.45867038650404324,0.4636032267399751,0.026928552728011635,0.65,0.4811067860131827
AOI-0046,2013-06-11,зерновые,0.5793033574551725,0.5781380861856898,0.027371051304674873,0.65,0.5959292695337285
AOI-0046,2013-06-27,зерновые,0.35729883409925073,0.3613061741759966,0.02142225996845616,0.65,0.3752306431554931
AOI-0046,2013-07-21,зерновые,0.29726021568183403,0.305681399452716,0.005235590046090758,0.65,0.30908453298267496
AOI-0046,2013-07-28,зерновые,0.35513691161004596,0.35298397451390473,-0.022795495990542623,0.65,0.338166902120052
AOI-0046,2013-07-30,зерновые,0.27820436841722207,0.27861511542185735,-0.0017024877457457034,0.65,0.27750849838712266
AOI-0046,2014-05-25,зерновые,0.7364895148525744,0.740186094384393,0.0034186920208038774,0.65,0.7424082441979155
AOI-0046,2014-05-29,зерновые,0.7734529374413948,0.7864354323772955,-0.0010253633667209289,0.65,0.7857689461889269
AOI-0046,2014-07-01,зерновые,0.30019256129855687,0.3022494165035477,0.015565425313812793,0.65,0.312366942957526
AOI-0046,2014-07-12,зерновые,0.3318952897391725,0.3309996746243945,-0.007107097786045742,0.65,0.3263800610634648
AOI-0046,2014-08-01,зерновые,0.191398148061456,0.19095165567719366,0.007008286415113602,0.65,0.1955070418470175
AOI-0046,2014-08-25,зерновые,0.142997769513588,0.1475283271115495,0.0108432786953962,0.65,0.15457645826355704
AOI-0046,2014-09-19,зерновые,0.145086545874828,0.15434980474624396,0.010376918919192363,0.65,0.161094802043719
AOI-0046,2015-05-17,зерновые,0.25375214064034635,0.2558158926153805,0.031274029812739954,0.65,0.2761440119936615
AOI-0046,2015-07-12,зерновые,0.35017813237430595,0.3573874024366298,0.003892779343270266,0.65,0.3599177090097555
AOI-0046,2015-09-22,зерновые,0.20439229204399867,0.2140517377958295,0.013460867857528997,0.65,0.22280130190322336
AOI-0046,2015-10-16,зерновые,0.3269402445610595,0.30218324531914126,-0.0433837062951074,0.65,0.2739838362273215
AOI-0046,2016-05-02,зерновые,0.825267063191799,0.8424758399897251,0.021538531155282818,0.65,0.8564758852406589
AOI-0046,2016-05-10,зерновые,0.8397295192465642,0.8491931362516161,0.02291794207122747,0.65,0.8640897985979139
AOI-0046,2016-05-18,зерновые,0.8503516154987367,0.8650093577253944,0.0088246417834431,0.65,0.8707453748846324
AOI-0046,2016-06-03,зерновые,0.70040246254061,0.714878922480591,0.017679312816425857,0.65,0.7263704758112679
AOI-0046,2016-06-09,зерновые,0.6318245530608428,0.6376918767930136,-0.008525444484454938,0.65,0.6321503378781179
AOI-0046,2016-07-13,зерновые,0.19284921142151465,0.19820250737026365,0.012001537290394163,0.65,0.20600350660901987
AOI-0046,2016-07-30,зерновые,0.23166740628051435,0.23602864251504613,0.006945179264542828,0.65,0.24054300903699896
AOI-0046,2016-10-02,зерновые,0.23120167316438212,0.2380887319454022,0.01584746752972021,0.65,0.24838958583972034
AOI-0046,2016-10-17,зерновые,0.30726176051543225,0.3086821879355474,0.021739438945859075,0.65,0.3228128232503558
AOI-0046,2016-10-25,зерновые,0.31445439840117595,0.3155940984919297,0.007923173859894437,0.65,0.3207441615008611
AOI-0046,2017-04-13,зерновые,0.43122096527843545,0.43069136291763405,-0.008421401951547714,0.65,0.42521745164912805
AOI-0046,2017-06-27,зерновые,0.41823761395630155,0.42973217936110825,0.01662743393577197,0.65,0.44054001141936006
AOI-0046,2017-07-02,зерновые,0.3239475180421511,0.3329317455344005,0.01609120206123907,0.65,0.3433910268742059
AOI-0046,2017-07-24,зерновые,0.21732705268824026,0.21902636861767963,0.00989847047716082,0.65,0.22546037442783418
AOI-0046,2017-08-09,зерновые,0.16762835927410719,0.1692610203222841,0.006551215310376744,0.65,0.17351931027402898
AOI-0046,2017-08-21,зерновые,0.14885870449309432,0.15558256264956227,0.004589376978432928,0.65,0.15856565768554368
AOI-0046,2017-09-10,зерновые,0.2186719306366777,0.22313346573562587,0.017700935804242496,0.65,0.2346390740083835
AOI-0046,2017-09-15,зерновые,0.2785650142663862,0.2831794140223756,0.011664600288529748,0.65,0.29076140420991997
AOI-0046,2017-10-12,зерновые,0.2597114339855432,0.27012265489299375,0.0538195026986505,0.65,0.30510533164711656
AOI-0046,2018-05-09,зерновые,0.3650131474365539,0.37637757383403275,0.021383513223397908,0.65,0.3902768574292414
AOI-0046,2018-06-01,зерновые,0.2237154059593115,0.22458733777078865,0.015014557028798538,0.65,0.2343467998395077
AOI-0046,2018-07-20,зерновые,0.19335231519509605,0.1986148351477721,0.0005549246004125622,0.65,0.19897553613804025
AOI-0046,2018-08-20,зерновые,0.1699641924881275,0.17405860959377462,0.011055106736444279,0.65,0.1812444289724634
AOI-0046,2018-08-29,зерновые,0.2166940099982032,0.21777199431206778,-0.008300408911889497,0.65,0.2123767285193396
AOI-0046,2018-10-15,зерновые,0.172049519133198,0.1772114401953082,0.02035054935560937,0.65,0.1904392972764543
AOI-0046,2018-10-24,зерновые,0.1912447170622158,0.19045827613035413,-0.002747121437873501,0.65,0.18867264719573634
AOI-0046,2019-04-01,зерновые,0.20133931695442978,0.2034089258800375,0.01557730955509425,0.65,0.21353417709084876
AOI-0046,2019-04-18,зерновые,0.31071295375937763,0.31976346580569837,-0.002483784694257397,0.65,0.31814900575443106
AOI-0046,2019-05-19,зерновые,0.7876219528919728,0.7954979402844274,0.024686425421641806,0.65,0.8115441168084946
AOI-0046,2019-08-01,зерновые,0.22456790309496893,0.2285777844525087,0.005239313866283563,0.65,0.23198333846559302
AOI-0046,2019-09-01,зерновые,0.19886422021742137,0.2054825904037833,0.005111040879077242,0.65,0.20880476697518352
AOI-0046,2019-10-20,зерновые,0.4587954144942803,0.4665008097575451,-0.0007718313199112045,0.65,0.4659991193996028
AOI-0046,2020-04-04,зерновые,0.7785773346911083,0.7958887900189152,0.022089053071733856,0.65,0.8102466745155422
AOI-0046,2020-04-07,зерновые,0.8032786132245563,0.8215563946502473,0.023461689924330186,0.65,0.8368064931010619
AOI-0046,2020-05-08,зерновые,0.8156354257238843,0.8183292956697822,0.017316369769885296,0.65,0.8295849360202077
AOI-0046,2020-05-24,зерновые,0.792238105932614,0.7995408725852816,0.008680851191990888,0.65,0.8051834258600757
AOI-0046,2020-06-09,зерновые,0.6814562311733693,0.6846230084111327,-0.007341055459980445,0.65,0.6798513223621454
AOI-0046,2020-09-10,зерновые,0.14859590424776925,0.15113019335445696,0.012768340982723583,0.65,0.15942961499322728
AOI-0046,2020-09-13,зерновые,0.20503913640196514,0.20442208733318526,-0.007747844997613107,0.65,0.19938598808473673
AOI-0046,2020-09-26,зерновые,0.12774813340294083,0.1286633590627678,0.010285965170748253,0.65,0.13534923642375415
AOI-0046,2020-10-21,зерновые,0.14340597647365302,0.14361356233362585,-0.0021216483165567668,0.65,0.14223449092786394
AOI-0046,2021-05-02,зерновые,0.5453151691447934,0.5473471756546546,0.01328184213319664,0.65,0.5559803730412325
AOI-0046,2021-05-25,зерновые,0.7756442511637238,0.7784816615966424,0.004678280740549701,0.65,0.7815225440779997
AOI-0046,2021-07-11,зерновые,0.2876644311869908,0.2922444983793559,0.015097027295375338,0.65,0.3020575661213499
AOI-0046,2021-07-28,зерновые,0.3007405365757524,0.2994188511749548,-0.019250499020739678,0.65,0.28690602681147404
AOI-0046,2021-08-13,зерновые,0.3847602401944469,0.38903231726760396,-0.008289715041636744,0.65,0.3836440024905401
AOI-0046,2021-08-20,зерновые,0.21106926066573703,0.22200784105310037,0.0035941222280525165,0.65,0.2243440205013345
AOI-0046,2021-08-29,зерновые,0.4097069164510314,0.4161508615284599,-0.004931478217922485,0.65,0.4129454006868103
AOI-0046,2021-09-06,зерновые,0.49865108636053057,0.5077996565203682,-0.018186630867186426,0.65,0.49597834645669703
AOI-0046,2022-06-05,зерновые,0.2457042190804059,0.24208128403982931,0.0003947674111681892,0.65,0.24233788285708863
AOI-0046,2022-07-24,зерновые,0.18208128275564844,0.18255761496825318,0.010213002628964657,0.65,0.1891960666770802
AOI-0046,2022-07-29,зерновые,0.16639438436436588,0.17001966266703264,0.004458299850460541,0.65,0.172917557569832
AOI-0046,2022-07-30,зерновые,0.22461626862325432,0.22799414051178712,0.007661648252971002,0.65,0.23297421187621828
AOI-0046,2022-08-24,зерновые,0.21546409671975236,0.22401628806636686,0.006246976002667028,0.65,0.22807682246810043
AOI-0046,2022-08-30,зерновые,0.1486224965021303,0.1491935428047736,0.011125623824121047,0.65,0.15642519829045226
AOI-0046,2023-04-02,зерновые,0.5298678693253771,0.5508347883184666,0.051915732821269184,0.65,0.5845800146522915
AOI-0046,2023-04-29,зерновые,0.8302769417082405,0.8419064593291969,0.017008336779988472,0.65,0.8529618782361894
AOI-0046,2023-05-06,зерновые,0.876445085461826,0.884947800151722,0.043524721484052696,0.65,0.9132388691163563
AOI-0046,2023-06-21,зерновые,0.6284910696375074,0.6334614230126528,0.012914987976913424,0.65,0.6418561651976465
AOI-0046,2023-06-24,зерновые,0.4800574974621578,0.4899903713136568,0.01674806846483216,0.65,0.5008766158157977
AOI-0046,2023-07-22,зерновые,0.24076737354074698,0.24866179257908355,0.006664120299096323,0.65,0.25299347077349615
AOI-0046,2023-07-25,зерновые,0.2661531543499447,0.27400989947778914,0.0093787226626425,0.65,0.2801060692085068
AOI-0046,2023-08-13,зерновые,0.2112342707494585,0.2115212414396905,-0.0229920513982949,0.65,0.19657640803079882
AOI-0046,2023-08-18,зерновые,0.1572705674802898,0.1609228532362184,0.01653660907342941,0.65,0.17167164913394753
AOI-0046,2023-08-25,зерновые,0.16356492890474184,0.16877074284330074,0.004088718146396376,0.65,0.17142840963845837
AOI-0046,2023-08-27,зерновые,0.17737450694785603,0.18459523635466077,0.007743511833448798,0.65,0.1896285190464025
AOI-0046,2023-08-28,зерновые,0.15137973354843504,0.15428227668399094,0.008368582111511882,0.65,0.15972185505647365
AOI-0046,2023-10-13,зерновые,0.19780678674260355,0.20239385397731768,0.011839166157481703,0.65,0.21008931197968078
AOI-0046,2023-10-29,зерновые,0.28432836634910097,0.2722929747745319,5.187357278470814e-05,0.65,0.27232669259684195
AOI-0046,2024-04-06,зерновые,0.7150577037691276,0.7309511399608806,0.004577413779985714,0.65,0.7339264589178713
AOI-0046,2024-05-08,зерновые,0.8589760878752399,0.8675583588530732,0.02721749570449263,0.65,0.8852497310609934
AOI-0046,2024-05-09,зерновые,0.8488705430864981,0.8555021697082988,0.040370531944813416,0.65,0.8817430154724276
AOI-0046,2024-06-01,зерновые,0.7948617302112281,0.8011536543686602,0.023717676011939918,0.65,0.8165701437764211
AOI-0046,2024-06-09,зерновые,0.5280845381543527,0.5151801532757875,-0.020241027274827364,0.65,0.5020234855471497
AOI-0046,2024-07-03,зерновые,0.20795287535260626,0.21007312932620256,0.009782881411413064,0.65,0.21643200224362105
AOI-0046,2024-07-19,зерновые,0.16257001674684154,0.165337324364435,0.003734053318716128,0.65,0.16776445902160048
AOI-0046,2024-08-09,зерновые,0.14605975974260219,0.14743733725667288,0.005587558381956178,0.65,0.15106925020494438
AOI-0046,2024-08-20,зерновые,0.18821632161945412,0.196157219467715,0.013285764928997041,0.65,0.20479296667156308
AOI-0046,2024-08-28,зерновые,0.21278818473789896,0.21163772540557765,-0.008830855630874188,0.65,0.20589766924550942
AOI-0046,2024-09-13,зерновые,0.18401894855736764,0.18047261224347014,-0.022669521937701834,0.65,0.16573742298396393
AOI-0046,2024-09-22,зерновые,0.17763077550540854,0.18642943656280558,0.010512215468646575,0.65,0.19326237661742585
AOI-0046,2024-10-13,зерновые,0.11524795435335798,0.12013633737913235,0.008994305677602493,0.65,0.12598263606957397
AOI-0046,2025-06-30,зерновые,0.7118920165797835,0.7236948942201418,0.015859062168542135,0.65,0.7340032846296941
AOI-0046,2025-07-15,зерновые,0.44814745109873333,0.45401477764763787,0.010718537351827711,0.65,0.4609818269263259
AOI-0046,2025-08-07,зерновые,0.41594049700833824,0.4201392081619032,0.01139355371859355,0.65,0.427545018078989
AOI-0046,2025-08-15,зерновые,0.4190645995899106,0.42864250302951445,0.02186489517635522,0.65,0.44285468489414537
AOI-0046,2025-09-24,зерновые,0.20364869868741325,0.21361687998412887,0.016088860822964967,0.65,0.2240746395190561
AOI-0046,2025-10-02,зерновые,0.19811975714560442,0.20142748507825475,0.02016713019197294,0.65,0.21453611970303715
AOI-0047,2025-05-08,зерновые,0.7417059313440717,0.7396087084818814,-0.013139878962474306,0.65,0.7310677871562731
AOI-0047,2025-05-16,зерновые,0.7666809038706359,0.7640662433511581,-0.018882595937068616,0.65,0.7517925559920635
AOI-0047,2025-05-25,зерновые,0.7125473630791204,0.711385662385457,-0.02115739561460694,0.65,0.6976333552359625
AOI-0047,2025-06-15,зерновые,0.3824590252530375,0.38073259477688054,-0.0003342919106832454,0.65,0.3805153050349364
AOI-0047,2025-07-17,зерновые,0.16056074245875404,0.15986373075114368,0.0076350121009937134,0.65,0.1648264886167896
AOI-0047,2025-07-18,зерновые,0.1527449714190378,0.15319464949858402,0.01220836506931763,0.65,0.1611300867936405
AOI-0047,2025-09-03,зерновые,0.13462813747778077,0.13371276390190875,0.012085938260486154,0.65,0.14156862377122476
AOI-0047,2025-10-15,зерновые,0.15773977826074262,0.15964351552758746,0.024209163736334183,0.65,0.17537947195620468
AOI-0047,2025-10-16,зерновые,0.23213409588993586,0.23349713008067893,0.0027207939190631585,0.65,0.23526564612807
AOI-0048,2025-04-07,зерновые,0.6809561869355336,0.677126979345624,0.017762307975660755,0.65,0.6886724795298036
AOI-0048,2025-04-17,зерновые,0.6982260700025289,0.698935251454741,0.012826372452532337,0.65,0.707272393548887
AOI-0048,2025-05-09,зерновые,0.690536679042063,0.6795366790420629,0.0028434998470888467,0.65,0.6813849539426707
AOI-0048,2025-09-17,зерновые,0.1691884703176287,0.17305726473926225,0.007644721648224939,0.65,0.17802633381060845
AOI-0048,2025-09-24,зерновые,0.1831480246812357,0.1848030422528267,0.00886036056973457,0.65,0.19056227662315417
AOI-0049,2025-05-04,озимая пшеница,0.7512100344118005,0.7522916787913,0.013492374363604658,0.35,0.7570140098185616
AOI-0049,2025-06-26,озимая пшеница,0.3542798972281771,0.35954795094118,0.01061099190107713,0.35,0.36326179810655695
AOI-0049,2025-06-27,озимая пшеница,0.23107004991208824,0.23173405052084692,0.01894987852329787,0.35,0.23836650800400117
AOI-0049,2025-07-29,озимая пшеница,0.23167562590542212,0.23214599128656757,0.024398333669746582,0.35,0.24068540807097888
AOI-0049,2025-08-06,озимая пшеница,0.1845745672591819,0.18253221905676076,0.019106957026876484,0.35,0.18921965401616753
AOI-0049,2025-08-12,озимая пшеница,0.1692292533489214,0.16923343088373538,0.018857283078423482,0.35,0.1758334799611836
AOI-0049,2025-08-17,озимая пшеница,0.1689083259013946,0.16799962144601568,0.019037829835033254,0.35,0.17466286188827732
AOI-0049,2025-09-06,озимая пшеница,0.16383391046182416,0.1656454841090066,0.0281338846898844,0.35,0.17549234375046613
AOI-0049,2025-09-14,озимая пшеница,0.2466019381393736,0.24624897360742792,0.012552253659735075,0.35,0.2506422623883352
AOI-0049,2025-09-26,озимая пшеница,0.1945544696397306,0.19555143307986445,0.026501943223121584,0.35,0.204827113207957
AOI-0049,2025-09-30,озимая пшеница,0.29394063353637456,0.294283006135509,0.01184046145543578,0.35,0.2984271676449115
AOI-0049,2025-10-08,озимая пшеница,0.19300183061436924,0.19336714313993772,0.02678208688403394,0.35,0.2027408735493496
AOI-0049,2025-10-16,озимая пшеница,0.27528960519844975,0.27670319968421664,0.01687093981167874,0.35,0.2826080286183042
AOI-0049,2025-10-28,озимая пшеница,0.22844738650480773,0.23367135863664454,0.030061081145196088,0.35,0.24419273703746316
AOI-0050,2025-04-14,озимая пшеница,0.3039415250873103,0.3014280902246579,0.019658662684405644,0.35,0.30830862216419985
AOI-0050,2025-04-15,озимая пшеница,0.343878424583806,0.335878424583806,0.007900190581123723,0.35,0.33864349128719934
AOI-0050,2025-05-25,озимая пшеница,0.6296150191785098,0.6310466192755801,0.031057599859897953,0.35,0.6419167792265444
AOI-0050,2025-06-27,озимая пшеница,0.4890861966913573,0.49116287627084965,0.03484837060536696,0.35,0.5033598059827281
AOI-0050,2025-08-07,озимая пшеница,0.27753590307892423,0.2777646939755916,0.013100778974293528,0.35,0.28234996661659434
AOI-0050,2025-08-09,озимая пшеница,0.27799472554124127,0.2781100790667666,0.004969063248557348,0.35,0.2798492512037617
AOI-0050,2025-08-13,озимая пшеница,0.4484206398432762,0.44151636414406087,-0.0067001388243245474,0.35,0.4391713155555473
AOI-0050,2025-08-17,озимая пшеница,0.2774556504823935,0.27901161548042547,0.010925522030935043,0.35,0.28283554819125273
AOI-0050,2025-09-07,озимая пшеница,0.3464007804446194,0.34618090883043035,0.012386403968191972,0.35,0.35051615021929755
AOI-0050,2025-09-30,озимая пшеница,0.42424080720586466,0.42243328727979146,0.0034329860212836366,0.35,0.42363483238724076
AOI-0050,2025-10-17,озимая пшеница,0.36319367864123253,0.3685535862070023,0.025649475300328,0.35,0.3775309025621171
AOI-0050,2025-10-28,озимая пшеница,0.33242351258736336,0.34042351258736336,0.023569232034762026,0.35,0.34867274379953006
AOI-0051,2010-06-09,озимая пшеница,0.6977879513389431,0.7002716752115183,0.007857974439421506,0.35,0.7030219662653159
AOI-0051,2011-06-04,озимая пшеница,0.5316262672212572,0.5296125731832927,0.004244583719090894,0.35,0.5310981774849745
AOI-0051,2011-06-05,озимая пшеница,0.5337180920089661,0.527207798266913,0.020001367289583797,0.35,0.5342082768182673
AOI-0051,2011-06-12,озимая пшеница,0.623288050799373,0.6115626039651791,0.00975593847619802,0.35,0.6149771824318484
AOI-0051,2011-06-13,озимая пшеница,0.6266032834890098,0.6140877910027074,0.01298740790835404,0.35,0.6186333837706313
AOI-0051,2011-09-01,озимая пшеница,0.5764332927142626,0.5732682867430221,0.01020784670429654,0.35,0.576841033089526
AOI-0051,2011-10-11,озимая пшеница,0.3930862997761382,0.3899693399005232,0.007432998860119441,0.35,0.392570889501565
AOI-0051,2012-04-27,озимая пшеница,0.4923714963411359,0.4901620135995616,0.014849600790501974,0.35,0.49535937387623724
AOI-0051,2012-05-22,озимая пшеница,0.6288193620751454,0.6233533618022205,0.006307329605591976,0.35,0.6255609271641777
AOI-0051,2012-08-12,озимая пшеница,0.47438973845848187,0.4680239135489908,-0.00810932244355744,0.35,0.46518565069374573
AOI-0051,2012-08-26,озимая пшеница,0.34528337012013693,0.3367102241980321,0.00799822157092853,0.35,0.3395096017478571
AOI-0051,2012-08-28,озимая пшеница,0.4542413257605991,0.44881665921304337,-0.005401792444563874,0.35,0.446926031857446
AOI-0051,2012-09-18,озимая пшеница,0.3353114723717153,0.33276497992846743,0.002761875578909716,0.35,0.3337316363810858
AOI-0051,2012-10-13,озимая пшеница,0.363908035932888,0.3700847409039884,0.014083353311692897,0.35,0.3750139145630809
AOI-0051,2013-05-01,озимая пшеница,0.7536082197227124,0.7578584300638335,0.014581909157397283,0.35,0.7629620982689225
AOI-0051,2013-07-19,озимая пшеница,0.4111995815498211,0.41798684153886967,0.007122181275640408,0.35,0.4204796049853438
AOI-0051,2013-07-28,озимая пшеница,0.5502269863721057,0.5213950509063311,-0.02200871735790638,0.35,0.5136919998310638
AOI-0051,2013-08-29,озимая пшеница,0.4716795457930456,0.4672534697494013,-0.01038735371706728,0.35,0.4636178959484277
AOI-0051,2013-10-07,озимая пшеница,0.4634659458875144,0.4664652624290613,-0.0005162184739239905,0.35,0.4662845859631879
AOI-0051,2013-10-16,озимая пшеница,0.524652339805922,0.5115312173636716,-0.004219396466651922,0.35,0.5100544286003434
AOI-0051,2014-04-18,озимая пшеница,0.7676693464579123,0.7824725674285923,0.01881335562698708,0.35,0.7890572418980377
AOI-0051,2014-06-05,озимая пшеница,0.699699682156298,0.7100393760893282,0.01985846971932251,0.35,0.716989840491091
AOI-0051,2014-06-10,озимая пшеница,0.6076590144821491,0.6076646438068198,-0.006983678015084888,0.35,0.6052203565015402
AOI-0051,2014-06-28,озимая пшеница,0.493164807172916,0.4864877326629594,0.010593380553906396,0.35,0.49019541585682663
AOI-0051,2014-09-08,озимая пшеница,0.3705638287086498,0.37062354613066606,0.0019694736744252793,0.35,0.3713128619167149
AOI-0051,2014-09-16,озимая пшеница,0.3829475957866427,0.38338541887207406,0.003446277788738726,0.35,0.38459161609813264
AOI-0051,2015-04-07,озимая пшеница,0.32455441810186514,0.340833425579942,-0.0037544604347497265,0.35,0.3395193644277796
AOI-0051,2015-05-23,озимая пшеница,0.7396045059912942,0.7341275501241258,0.002860278380428027,0.35,0.7351286475572756
AOI-0051,2015-06-10,озимая пшеница,0.7363326560147933,0.7307939064930702,0.01661272346184937,0.35,0.7366083597047175
AOI-0051,2015-06-15,озимая пшеница,0.7433965973755888,0.747924994343826,0.017451052146953628,0.35,0.7540328625952597
AOI-0051,2015-06-26,озимая пшеница,0.7017936583694112,0.6870619377006556,-0.013904213242403578,0.35,0.6821954630658144
AOI-0051,2015-09-14,озимая пшеница,0.3883714048130936,0.37798617080680774,-0.007443932853202603,0.35,0.3753807943081868
AOI-0051,2015-09-20,озимая пшеница,0.30857144966508976,0.3137853501767574,0.01253852206806335,0.35,0.3181738329005796
AOI-0051,2015-10-06,озимая пшеница,0.24533784870328743,0.2444169495545462,-0.0020725866640992382,0.35,0.24369154422211148
AOI-0051,2016-04-06,озимая пшеница,0.6225976062000177,0.6299106802830189,0.028338774764499888,0.35,0.6398292514505939
AOI-0051,2016-06-25,озимая пшеница,0.5412575194187552,0.529784867726034,-0.010260459737434124,0.35,0.526193706817932
AOI-0051,2016-07-12,озимая пшеница,0.4418179374189393,0.42395876906874,0.019819652261046355,0.35,0.43089564736010627
AOI-0051,2016-08-28,озимая пшеница,0.4474320998449709,0.4441493138204404,-0.007592769164627353,0.35,0.4414918446128208
AOI-0051,2016-09-14,озимая пшеница,0.34043436360035806,0.34040301266118594,0.018167995301473523,0.35,0.34676181101670167
AOI-0051,2016-09-29,озимая пшеница,0.422227967140133,0.417805210167433,-0.0007273389595298407,0.35,0.41755064153159754
AOI-0051,2016-10-24,озимая пшеница,-0.08503660182988339,-0.052036601829883386,-0.029403718184613844,0.35,-0.06232790319449823
AOI-0051,2017-05-28,озимая пшеница,0.5330448834941546,0.536677873217053,0.0035103898514698664,0.35,0.5379065096650674
AOI-0051,2017-06-21,озимая пшеница,0.6707714263307155,0.6720958438075969,0.015224992063735125,0.35,0.6774245910299042
AOI-0051,2017-06-28,озимая пшеница,0.642632710874625,0.642127745712561,0.014213409847432874,0.35,0.6471024391591625
AOI-0051,2017-07-06,озимая пшеница,0.6314502268434748,0.6257974005114182,0.003911782542393515,0.35,0.6271665244012559
AOI-0051,2017-07-23,озимая пшеница,0.6495452461197824,0.6472683735197777,0.019040724022722073,0.35,0.6539326269277305
AOI-0051,2017-09-25,озимая пшеница,0.31547562840819976,0.3124929778111073,0.010393769927186498,0.35,0.31613079728562254
AOI-0051,2017-09-30,озимая пшеница,0.37868568174993716,0.3681160696104204,-0.018768901911911422,0.35,0.3615469539412514
AOI-0051,2017-10-16,озимая пшеница,0.32083169735367334,0.33673666109069084,-0.006627788446077764,0.35,0.3344169351345636
AOI-0051,2018-04-11,озимая пшеница,0.4307137189351531,0.439474036941832,0.0018408720187953792,0.35,0.4401183421484104
AOI-0051,2018-04-28,озимая пшеница,0.6274537924043601,0.62163693326196,0.007745688740345095,0.35,0.6243479243210808
AOI-0051,2018-04-29,озимая пшеница,0.6421505933956153,0.649798413776166,0.022282212676030224,0.35,0.6575971882127766
AOI-0051,2018-05-30,озимая пшеница,0.7198221962216174,0.7194286369049293,0.004278555699072057,0.35,0.7209261313996045
AOI-0051,2018-06-26,озимая пшеница,0.4264596935504169,0.43440262697481674,-0.01332107871968778,0.35,0.429740249422926
AOI-0051,2018-07-02,озимая пшеница,0.2732680767806244,0.282171261762243,0.0034232633922783,0.35,0.2833694039495404
AOI-0051,2018-08-02,озимая пшеница,0.3242153575361087,0.32095512441596047,0.004380385089586309,0.35,0.32248825919731566
AOI-0051,2018-08-18,озимая пшеница,0.32216483156103837,0.32248731201813763,-0.0022850507082548643,0.35,0.3216875442702484
AOI-0051,2018-09-14,озимая пшеница,0.3726518987831072,0.37845688934920285,-0.010648980428140088,0.35,0.37472974619935384
AOI-0051,2018-09-19,озимая пшеница,0.2885913050285513,0.2997166810270533,0.008496883924510455,0.35,0.30269059040063195
AOI-0051,2018-10-14,озимая пшеница,0.2421536099394203,0.2582695782363771,0.011159690330882176,0.35,0.26217546985218587
AOI-0051,2019-05-17,озимая пшеница,0.8342332025650376,0.8453745249422308,0.005851045299871727,0.35,0.8474223907971858
AOI-0051,2019-05-31,озимая пшеница,0.7521051582974861,0.7443443439913205,-0.006607006921648419,0.35,0.7420318915687436
AOI-0051,2019-06-25,озимая пшеница,0.26868359187470414,0.27957643553771466,0.007739924612909569,0.35,0.282285409152233
AOI-0051,2019-06-30,озимая пшеница,0.2588327011118084,0.2730293780382788,0.005768054255798606,0.35,0.2750481970278083
AOI-0051,2019-07-29,озимая пшеница,0.3230322847989096,0.33667841270907184,0.016626902023555195,0.35,0.34249782841731613
AOI-0051,2019-08-05,озимая пшеница,0.33959238112733386,0.3443932151422111,0.011958142656689366,0.35,0.34857856507205237
AOI-0051,2019-08-13,озимая пшеница,0.38270688659899466,0.37813645954128033,-0.011806434364070702,0.35,0.3740042075138556
AOI-0051,2019-08-22,озимая пшеница,0.2791632639627722,0.27920943903092027,0.010300269534670697,0.35,0.282814533368055
AOI-0051,2019-09-13,озимая пшеница,0.25677288376044466,0.2471261282194395,-0.00538894479381195,0.35,0.2452399975416053
AOI-0051,2019-10-16,озимая пшеница,0.37149988363346603,0.37387137337110593,0.00026590683880574556,0.35,0.37396444076468793
AOI-0051,2020-04-26,озимая пшеница,0.40647305327059646,0.41126239852982666,-0.003118183063859105,0.35,0.410171034457476
AOI-0051,2020-06-09,озимая пшеница,0.7513885580953833,0.7263335222060979,-0.0069444901934569946,0.35,0.7239029506383879
AOI-0051,2020-07-04,озимая пшеница,0.48329178002223916,0.4798297555193818,-0.006210760106373413,0.35,0.4776559894821511
AOI-0051,2020-07-27,озимая пшеница,0.44734217053694525,0.4582923655697378,-0.014559377625978902,0.35,0.45319658340064517
AOI-0051,2020-08-31,озимая пшеница,0.3399314521382309,0.342752060741829,-0.000947677419121155,0.35,0.3424203736451366
AOI-0051,2020-09-07,озимая пшеница,0.25121913959398556,0.24789469174846926,0.0012634215333822319,0.35,0.24833688928515305
AOI-0051,2020-10-27,озимая пшеница,0.15758896311984744,0.15834304335842683,-0.004238774306608555,0.35,0.15685947235111383
AOI-0051,2021-05-06,озимая пшеница,0.7477900580112036,0.7536133141613752,0.003967353717033235,0.35,0.7550018879623368
AOI-0051,2021-06-23,озимая пшеница,0.48729297717898135,0.517335993878122,0.009322339007954008,0.35,0.5205988125309059
AOI-0051,2021-07-19,озимая пшеница,0.3025458410485991,0.3171409366020596,0.009367826109446288,0.35,0.3204196757403658
AOI-0051,2021-07-28,озимая пшеница,0.43602340195522715,0.44590454777904676,-0.015816937820050354,0.35,0.4403686195420291
AOI-0051,2021-08-23,озимая пшеница,0.35968954429347694,0.36471331564843684,0.007502879447305131,0.35,0.36733932345499365
AOI-0051,2021-08-28,озимая пшеница,0.3671115365953411,0.365541276140141,0.010425889752627239,0.35,0.3691903375535605
AOI-0051,2021-08-29,озимая пшеница,0.45950944465849625,0.4633517437837998,-0.0010670229585791713,0.35,0.4629782857482971
AOI-0051,2021-09-03,озимая пшеница,0.36512333722198154,0.3768287124714521,0.02109391551540093,0.35,0.38421158290184243
AOI-0051,2021-09-07,озимая пшеница,0.3160880424809807,0.31393386792931105,0.0028770221597343095,0.35,0.3149408256852181
AOI-0051,2021-10-02,озимая пшеница,0.32966394109882113,0.31736174054137334,-0.0016559504830442567,0.35,0.31678215787230785
AOI-0051,2021-10-21,озимая пшеница,0.2927612181812864,0.3090641537233149,0.012140281738387798,0.35,0.31331325233175067
AOI-0051,2022-05-09,озимая пшеница,0.631812668031569,0.6609463281559212,0.0030935374995147186,0.35,0.6620290662807514
AOI-0051,2022-05-26,озимая пшеница,0.49898033090449323,0.5006129349658808,0.0009389584746837443,0.35,0.50094157043202
AOI-0051,2022-05-27,озимая пшеница,0.45230279618513036,0.4525267797382814,-0.0062131084645524436,0.35,0.4503521917756881
AOI-0051,2022-06-11,озимая пшеница,0.6386315123974327,0.6356612609470814,0.014304759476712347,0.35,0.6406679267639307
AOI-0051,2022-06-19,озимая пшеница,0.7170951025803791,0.7049660732801317,0.02382170293580742,0.35,0.7133036693076643
AOI-0051,2022-06-30,озимая пшеница,0.7616733555301347,0.7522769350759498,0.012133144066408367,0.35,0.7565235354991927
AOI-0051,2022-07-09,озимая пшеница,0.7751961007736529,0.7708840908410167,0.006908411772994935,0.35,0.7733020349615649
AOI-0051,2022-07-12,озимая пшеница,0.7048879692026901,0.6718879692026901,-0.025077788990742412,0.35,0.6631107430559303
AOI-0051,2022-07-22,озимая пшеница,0.7359630824524174,0.7409206091910207,-0.002018374358740484,0.35,0.7402141781654615
AOI-0051,2022-07-24,озимая пшеница,0.751227476695016,0.7698407158147926,0.013091825974516578,0.35,0.7744228549058735
AOI-0051,2022-07-29,озимая пшеница,0.729281225357926,0.7321550744976744,0.02905523040451904,0.35,0.742324405139256
AOI-0051,2022-08-13,озимая пшеница,0.6602626410982779,0.6272626410982779,-0.036204487359082216,0.35,0.6145910705225991
AOI-0051,2022-08-28,озимая пшеница,0.4962972660507372,0.5012237363176566,0.01215972171782333,0.35,0.5054796389188948
AOI-0051,2022-09-06,озимая пшеница,0.4932384602405339,0.4953109717550093,-0.008688404578492596,0.35,0.4922700301525369
AOI-0051,2022-09-14,озимая пшеница,0.4794185656805619,0.461886108113476,-0.008690165487902647,0.35,0.4588445501927101
AOI-0051,2022-10-07,озимая пшеница,0.3735231762453523,0.37440105419293396,0.004216531214501154,0.35,0.37587684011800937
AOI-0051,2022-10-15,озимая пшеница,0.33085934229969727,0.34485122671811264,0.011924847975063692,0.35,0.3490249235093849
AOI-0051,2023-04-23,озимая пшеница,0.8078563245737075,0.816417657758722,0.016892910254383556,0.35,0.8223301763477563
AOI-0051,2023-07-31,озимая пшеница,0.31754856736514014,0.33543097577432807,0.013800003632353335,0.35,0.3402609770456517
AOI-0051,2023-08-28,озимая пшеница,0.35720990965965005,0.34436103999411,0.008353144446683121,0.35,0.3472846405504491
AOI-0051,2023-09-09,озимая пшеница,0.34720045420034723,0.37154937386461107,-0.0006895121854562747,0.35,0.37130804459970135
AOI-0051,2023-09-27,озимая пшеница,0.36937365238250464,0.36501209823718495,0.0036152781421761285,0.35,0.3662774455869466
AOI-0051,2023-10-04,озимая пшеница,0.3573884098641569,0.36228001531772563,-0.002094973695236715,0.35,0.36154677452439277
AOI-0051,2024-04-05,озимая пшеница,0.308912535996714,0.3194747780936166,0.0012867879029050335,0.35,0.3199251538596333
AOI-0051,2024-05-04,озимая пшеница,0.39789225162935943,0.40849865244453093,0.027358763937270738,0.35,0.4180742198225757
AOI-0051,2024-05-22,озимая пшеница,0.4977628551034865,0.49196138396239336,-0.005594657303715292,0.35,0.490003253906093
AOI-0051,2024-06-03,озимая пшеница,0.5529803975446526,0.5464604070355917,0.010685634183171349,0.35,0.5502003789997018
AOI-0051,2024-06-23,озимая пшеница,0.48648604362808145,0.4773969129370346,-0.004703035642500856,0.35,0.4757508504621593
AOI-0051,2024-07-28,озимая пшеница,0.30364644411813146,0.30743444481307347,0.004895907927781532,0.35,0.309148012587797
AOI-0051,2024-08-27,озимая пшеница,0.27596109220851284,0.26821376980173584,-0.005431080554693792,0.35,0.266312891607593
AOI-0051,2024-09-03,озимая пшеница,0.23655310273714997,0.24946562490563562,0.0039619778205828085,0.35,0.2508523171428396
AOI-0051,2024-10-01,озимая пшеница,0.2157797813097114,0.21864908717309509,0.008857275135456064,0.35,0.2217491334705047
AOI-0051,2024-10-05,озимая пшеница,0.2386848629636577,0.25917552619013684,0.0037936793873987362,0.35,0.2605033139757264
AOI-0051,2024-10-06,озимая пшеница,0.2228478241234667,0.22557425005867401,0.004419935889986456,0.35,0.22712122762016929
AOI-0051,2024-10-15,озимая пшеница,0.3696031354876298,0.38200131049255864,-0.009677494442167745,0.35,0.37861418743779995
AOI-0051,2025-05-09,озимая пшеница,0.8273824842765781,0.8043009654433406,-0.0013542524821229074,0.35,0.8038269770745976
AOI-0051,2025-06-10,озимая пшеница,0.5450684763164161,0.5307738139844718,-0.021246256770132945,0.35,0.5233376241149252
AOI-0051,2025-06-27,озимая пшеница,0.3542457766414719,0.360911858140808,0.0116548359405818,0.35,0.36499105072001164
AOI-0051,2025-07-05,озимая пшеница,0.31255626584063717,0.3162797048802764,0.0005891610224562712,0.35,0.3164859112381361
AOI-0051,2025-07-10,озимая пшеница,0.21012184123881286,0.2327533717547021,0.010309057318698968,0.35,0.23636154181624675
AOI-0051,2025-08-05,озимая пшеница,0.19051022119076697,0.19366857060301204,0.0007726408352330791,0.35,0.1939389948953436
AOI-0051,2025-08-12,озимая пшеница,0.18364897432477306,0.1811960877619373,-0.005790747835632892,0.35,0.17916932601946578
AOI-0051,2025-09-15,озимая пшеница,0.2021465688075611,0.19808870484933125,0.005452396974523547,0.35,0.1999970437904145
AOI-0051,2025-09-16,озимая пшеница,0.19820850007332386,0.19346571624551875,0.0012699325892361582,0.35,0.1939101926517514
AOI-0052,2025-04-19,озимая пшеница,0.17489859044331885,0.175986091187384,-0.0045348889452633614,0.35,0.17439888005654183
AOI-0052,2025-06-08,озимая пшеница,0.33323042665303354,0.33722884962889,-0.018260149663036792,0.35,0.3308377972468271
AOI-0052,2025-06-11,озимая пшеница,0.46245526668976183,0.4700951968159523,-0.02307525877805094,0.35,0.4620188562436345
AOI-0052,2025-07-05,озимая пшеница,0.6730513921304517,0.672161423688995,0.012366505467077637,0.35,0.6764897006024722
AOI-0052,2025-07-18,озимая пшеница,0.3639615621257961,0.364971856259268,-0.01683264256225455,0.35,0.3590804313624789
AOI-0052,2025-08-22,озимая пшеница,0.13914251321601362,0.13494064394320301,-0.014575491425562949,0.35,0.12983922194425598
AOI-0052,2025-08-27,озимая пшеница,0.14243392244532044,0.14353507308949748,-0.01623320400532643,0.35,0.13785345168763322
AOI-0052,2025-09-06,озимая пшеница,0.1439971210396495,0.146616035346511,-0.006963836270067376,0.35,0.1441786926519874
AOI-0052,2025-09-14,озимая пшеница,0.22398674164239635,0.2198104664713069,-0.024077558458525595,0.35,0.21138332101082294
AOI-0052,2025-10-17,озимая пшеница,0.2765986025004306,0.2855986025004306,-0.01876380713391741,0.35,0.27903127000355954
AOI-0053,2025-04-11,озимая пшеница,0.7267030974191421,0.7337030974191421,0.002175038344732785,0.35,0.7344643608397986
AOI-0053,2025-04-14,озимая пшеница,0.7671780842380551,0.7741111155479514,0.006471231853705021,0.35,0.7763760466967482
AOI-0053,2025-04-16,озимая пшеница,0.7654291834429664,0.770901106387585,-0.004894232420507521,0.35,0.7691881250404073
AOI-0053,2025-04-19,озимая пшеница,0.769789838717509,0.7764989080617813,0.00332747907537136,0.35,0.7776635257381613
AOI-0053,2025-04-23,озимая пшеница,0.8724159703740642,0.8760629378036245,-0.005438810033216248,0.35,0.8741593542919989
AOI-0053,2025-06-26,озимая пшеница,0.37130223240092747,0.3666544684086352,-0.013590241757138355,0.35,0.36189788379363674
AOI-0053,2025-07-28,озимая пшеница,0.21410038213078136,0.20994325439252062,-0.03204994687820172,0.35,0.19872577298515
AOI-0053,2025-08-02,озимая пшеница,0.17137635321092984,0.1691600574509903,-0.013588351232094707,0.35,0.16440413451975716
AOI-0053,2025-08-09,озимая пшеница,0.14662301531636518,0.14575428823343087,-0.013351642838928136,0.35,0.14108121323980602
AOI-0053,2025-08-12,озимая пшеница,0.1412313368205259,0.1412454579823119,-0.009989175445761677,0.35,0.1377492465762953
AOI-0053,2025-08-29,озимая пшеница,0.19644123828368398,0.19291538455071322,-0.03668715237402904,0.35,0.18007488121980306
AOI-0053,2025-09-01,озимая пшеница,0.13404064405353872,0.13326604112114684,-0.0017631448994227558,0.35,0.1326489404063489
AOI-0053,2025-09-07,озимая пшеница,0.1831717068956314,0.1847343984592097,2.7873997271607182e-05,0.35,0.18474415435825475
AOI-0053,2025-09-11,озимая пшеница,0.14117052990372053,0.14079615629492845,-0.0035360128132406496,0.35,0.13955855181029422
AOI-0053,2025-09-14,озимая пшеница,0.22941639625138963,0.23091836508959226,-0.021882865915634802,0.35,0.22325936201912008
AOI-0053,2025-09-15,озимая пшеница,0.15929536512362535,0.1600149265348835,0.00010999853800646971,0.35,0.16005342602318576
AOI-0053,2025-09-21,озимая пшеница,0.14119202872852837,0.1415433148928212,0.0005678290488664137,0.35,0.14174205505992446
AOI-0053,2025-09-26,озимая пшеница,0.16261450731598373,0.16384537168907476,0.000849019948240427,0.35,0.1641425286709589
AOI-0053,2025-10-28,озимая пшеница,0.24149969329487217,0.24376547950971156,-0.004690990312602667,0.35,0.24212363290030062
AOI-0054,2025-04-11,озимая пшеница,0.52727683748147,0.53527683748147,0.02446166148779628,0.35,0.5438384190021988
AOI-0054,2025-04-19,озимая пшеница,0.6291952390514689,0.6371952390514689,0.026146082621032286,0.35,0.6463463679688302
AOI-0054,2025-05-04,озимая пшеница,0.7743168913369027,0.7819770871770259,0.013343412481845441,0.35,0.7866472815456718
AOI-0054,2025-06-03,озимая пшеница,0.799690497777684,0.807690497777684,0.003820439817235018,0.35,0.8090276517137163
AOI-0054,2025-07-28,озимая пшеница,0.6392264784671106,0.6312264784671106,-0.009128648350642416,0.35,0.6280314515443857
AOI-0054,2025-08-12,озимая пшеница,0.6941827290221902,0.695841435708309,0.002457324644301911,0.35,0.6967014993338146
AOI-0054,2025-09-21,озимая пшеница,0.6427831663940273,0.6466938237178389,0.012108172349319029,0.35,0.6509316840401006
AOI-0054,2025-09-30,озимая пшеница,0.6556389687130582,0.6615367732651106,-0.001227895447695772,0.35,0.6611070098584171
AOI-0054,2025-10-16,озимая пшеница,0.6079801196602714,0.6159801196602714,0.006563205630704342,0.35,0.6182772416310179
AOI-0055,2025-04-01,озимая пшеница,0.34265912152568984,0.3467928762261018,0.012488365409985179,0.35,0.3511638041195966
AOI-0055,2025-04-11,озимая пшеница,0.39951155696567714,0.4035680577746889,0.0023390861530893374,0.35,0.4043867379282702
AOI-0055,2025-05-09,озимая пшеница,0.5291609312501085,0.5257742825774636,-0.006151502947617581,0.35,0.5236212565457975
AOI-0055,2025-07-04,озимая пшеница,0.5150351094088677,0.5164046872172419,0.015611114134997415,0.35,0.521868577164491
AOI-0055,2025-07-05,озимая пшеница,0.4957958092451557,0.4983895986840289,0.008322717437887178,0.35,0.5013025497872894
AOI-0055,2025-07-08,озимая пшеница,0.48566240602076494,0.4846873529328715,-0.002271867944034506,0.35,0.48389219915245946
AOI-0055,2025-07-23,озимая пшеница,0.4282249982111735,0.4255537719991939,-0.002148547722669591,0.35,0.4248017802962596
AOI-0055,2025-08-17,озимая пшеница,0.34316867613045365,0.3504408802897866,0.010755419831589192,0.35,0.35420527723084283
AOI-0055,2025-09-14,озимая пшеница,0.4425791023797516,0.44317501631852957,0.0011790965137601452,0.35,0.44358770009834564
AOI-0055,2025-09-22,озимая пшеница,0.42796259956896365,0.4278019182230784,0.01492243345980309,0.35,0.43302476993400946
AOI-0056,2025-04-23,озимая пшеница,0.8380101131665345,0.8393327708099381,-0.0012697834851827755,0.35,0.8388883465901241
AOI-0056,2025-05-24,озимая пшеница,0.7748754254764902,0.7720429106747444,0.0009876275401188611,0.35,0.772388580313786
AOI-0056,2025-06-10,озимая пшеница,0.511995941401795,0.5087428566569226,-0.019760524788284266,0.35,0.5018266729810231
AOI-0056,2025-06-19,озимая пшеница,0.3853265362027295,0.3872498573839953,0.00536027006067011,0.35,0.38912595190522986
AOI-0056,2025-07-18,озимая пшеница,0.16385454517159265,0.16426336357298868,0.002882459926903756,0.35,0.165272224547405
AOI-0056,2025-07-23,озимая пшеница,0.1694683294082226,0.16868155676457394,-0.0029651848379297313,0.35,0.16764374207129853
AOI-0056,2025-08-09,озимая пшеница,0.17591619843929118,0.17445003586612923,-0.016214655491183793,0.35,0.1687749064442149
AOI-0056,2025-09-06,озимая пшеница,0.1845109858879169,0.18574450710494383,0.004256749684272237,0.35,0.1872343694944391
AOI-0056,2025-09-08,озимая пшеница,0.1808808112190639,0.18023767059843646,0.002352991031412063,0.35,0.18106121745943068
AOI-0056,2025-10-16,озимая пшеница,0.27993643382639877,0.27696462031442726,-0.006338426354216376,0.35,0.2747461710904515
AOI-0057,2025-05-04,озимая пшеница,0.7886381569078783,0.7949714656023724,0.005872857221819763,0.35,0.7970269656300093
AOI-0057,2025-05-09,озимая пшеница,0.7459897137005193,0.7539897137005193,-0.013993274385972549,0.35,0.7490920676654289
AOI-0057,2025-05-19,озимая пшеница,0.5266928371457842,0.5186928371457842,0.011926315853735301,0.35,0.5228670476945916
AOI-0057,2025-06-26,озимая пшеница,0.3741720075989947,0.3729429505487336,0.006453081641660939,0.35,0.37520152912331495
AOI-0057,2025-06-27,озимая пшеница,0.24379304351944348,0.24194378103841713,0.013161720566358628,0.35,0.24655038323664263
AOI-0057,2025-07-10,озимая пшеница,0.2001436999849626,0.20102139485062856,0.016522907558573177,0.35,0.20680441249612916
AOI-0057,2025-07-13,озимая пшеница,0.19250003201954163,0.19223525409165,0.009411066818632395,0.35,0.19552912747817133
AOI-0057,2025-07-18,озимая пшеница,0.19293038922456096,0.1954374509835584,0.012763270508582324,0.35,0.1999045956615622
AOI-0057,2025-08-05,озимая пшеница,0.1858630300566183,0.1891832069519022,0.01470502203288371,0.35,0.1943299646634115
AOI-0057,2025-08-27,озимая пшеница,0.1392895710027797,0.13971723974607614,0.016623217513434974,0.35,0.14553536587577837
AOI-0057,2025-09-01,озимая пшеница,0.14963205239699748,0.1508107913437281,0.021114764971987887,0.35,0.15820095908392387
AOI-0057,2025-09-21,озимая пшеница,0.1568981250719208,0.15768942713176895,0.022667451148310775,0.35,0.16562303503367773
AOI-0058,2010-04-23,озимая пшеница,0.3815496542543975,0.3958795748023491,-0.014031086878632769,0.35,0.3909686943948276
AOI-0058,2010-08-13,озимая пшеница,0.42528231731443916,0.4366958528438665,-0.004900383680440231,0.35,0.43498071855571246
AOI-0058,2010-08-29,озимая пшеница,0.37817689369955865,0.392320652459159,-0.014445528674411671,0.35,0.3872647174231149
AOI-0058,2010-09-05,озимая пшеница,0.31465014885944403,0.313768759091385,-0.004293426111383582,0.35,0.31226605995240075
AOI-0058,2011-04-02,озимая пшеница,0.3116923063415292,0.31999960070043715,0.0064172918521684715,0.35,0.3222456528486961
AOI-0058,2011-04-26,озимая пшеница,0.5196017941344497,0.5103150558860141,-0.026199533469377194,0.35,0.501145219171732
AOI-0058,2011-06-12,озимая пшеница,0.7427470545361134,0.7443981794710941,0.0026736701242144442,0.35,0.7453339640145692
AOI-0058,2011-07-15,озимая пшеница,0.49988211510081837,0.5091832821185828,0.007774810628912263,0.35,0.5119044658387021
AOI-0058,2011-08-29,озимая пшеница,0.4353466748316892,0.4366730395664622,-0.01508542367070596,0.35,0.43139314128171513
AOI-0058,2011-09-01,озимая пшеница,0.3138249706744588,0.30843766833577063,-0.00770643198226619,0.35,0.30574041714197747
AOI-0058,2011-10-02,озимая пшеница,0.319646415591481,0.315302024814122,0.003128238461994542,0.35,0.3163969082758201
AOI-0058,2011-10-27,озимая пшеница,0.3301572250025775,0.3268589589005498,0.030986037781734598,0.35,0.3377040721241569
AOI-0058,2012-04-22,озимая пшеница,0.5919534351316911,0.6055455076880055,0.001438132967900897,0.35,0.6060488542267708
AOI-0058,2012-06-09,озимая пшеница,0.694666793611525,0.6952681121275239,-0.014659841503940337,0.35,0.6901371676011449
AOI-0058,2012-06-23,озимая пшеница,0.6333014740854916,0.6346380156758876,0.003070714554870239,0.35,0.6357127657700922
AOI-0058,2012-07-11,озимая пшеница,0.5708248738357509,0.5734209088767219,-0.016901536304457,0.35,0.567505371170162
AOI-0058,2012-08-12,озимая пшеница,0.4534285263484569,0.4590714158718948,-0.01777393219919805,0.35,0.4528505396021755
AOI-0058,2012-09-11,озимая пшеница,0.38170793925219104,0.38282861085168074,0.0018499348734460964,0.35,0.38347608805738687
AOI-0058,2013-04-07,озимая пшеница,0.42837932412744373,0.44342925081895496,-0.0039319745218561325,0.35,0.4420530597363053
AOI-0058,2013-04-23,озимая пшеница,0.5031715917996759,0.5121508668377457,-0.003768002328238675,0.35,0.5108320660228621
AOI-0058,2013-05-09,озимая пшеница,0.5351467686481829,0.541109464480887,-0.011174225389615,0.35,0.5371984855945218
AOI-0058,2013-06-09,озимая пшеница,0.482103296531484,0.5002752016245977,0.010034038415605007,0.35,0.5037871150700595
AOI-0058,2013-06-10,озимая пшеница,0.6589224504669214,0.671481125724208,-0.006863384637498606,0.35,0.6690789411010836
AOI-0058,2013-07-11,озимая пшеница,0.7085028961511235,0.701557855166946,-0.008817339840653065,0.35,0.6984717862227174
AOI-0058,2013-07-19,озимая пшеница,0.6915522732636297,0.6896051516068549,-0.0077261863046755586,0.35,0.6869009864002185
AOI-0058,2013-08-28,озимая пшеница,0.24926477308338013,0.25255117827864326,0.007572570487332581,0.35,0.25520157794920967
AOI-0058,2013-10-16,озимая пшеница,0.4480109444795183,0.4287756642301295,-0.04255887313695061,0.35,0.4138800586321968
AOI-0058,2013-10-24,озимая пшеница,0.31622163083064053,0.29168204705925466,-0.017427052161830183,0.35,0.2855825788026141
AOI-0058,2014-04-25,озимая пшеница,0.7911141595545881,0.7904584265531719,0.00512442561087852,0.35,0.7922519755169793
AOI-0058,2014-06-05,озимая пшеница,0.7778349975519384,0.797287663869444,0.021365112160828818,0.35,0.8047654531257341
AOI-0058,2014-06-10,озимая пшеница,0.6734228519928351,0.6907459019798686,-0.0012731733020068833,0.35,0.6903002913241663
AOI-0058,2014-09-14,озимая пшеница,0.34695373098519383,0.3660484139541191,-0.004277304602834951,0.35,0.3645513573431268
AOI-0058,2015-04-28,озимая пшеница,0.3854021566712512,0.3887774825818381,-0.005927221381548688,0.35,0.38670295509829605
AOI-0058,2015-05-09,озимая пшеница,0.6828544378774337,0.6939706363900572,0.013793552365508322,0.35,0.6987983797179851
AOI-0058,2015-09-03,озимая пшеница,0.471276665604444,0.46953737591553946,0.00782801319672198,0.35,0.47227718053439216
AOI-0058,2015-09-27,озимая пшеница,0.4825572666774399,0.4770937493862215,-0.0042189925070499675,0.35,0.475617102008754
AOI-0058,2016-04-06,озимая пшеница,0.7443797992474126,0.759584592334492,0.02517796411027427,0.35,0.768396879773088
AOI-0058,2016-04-30,озимая пшеница,0.8264827786520835,0.8238105538333623,0.004466514055147173,0.35,0.8253738337526638
AOI-0058,2016-06-09,озимая пшеница,0.8247981162396814,0.814197347619254,-0.0116962893382823,0.35,0.8101036463508552
AOI-0058,2016-07-27,озимая пшеница,0.5577866548683227,0.5612462279544926,-0.02179829802384667,0.35,0.5536168236461463
AOI-0058,2016-07-28,озимая пшеница,0.44984487600647455,0.45988725205897096,0.003722432208976879,0.35,0.46119010333211286
AOI-0058,2016-08-13,озимая пшеница,0.4866922256910048,0.49772790872889444,0.02469384362458903,0.35,0.5063707539975006
AOI-0058,2017-04-25,озимая пшеница,0.8020980021436859,0.8085614139843083,0.006336401497822584,0.35,0.8107791545085462
AOI-0058,2017-07-15,озимая пшеница,0.2488725523293551,0.2615803042258238,0.010742547439499163,0.35,0.2653401958296485
AOI-0058,2017-09-13,озимая пшеница,0.21030256226598615,0.2134588378712444,0.0035412675339774884,0.35,0.21469828150813652
AOI-0058,2017-09-16,озимая пшеница,0.23544856123338465,0.23777120043820676,-0.0004353204015097897,0.35,0.23761883829767833
AOI-0058,2018-05-15,озимая пшеница,0.7142505697393556,0.7221075279000145,0.00493350609102353,0.35,0.7238342550318728
AOI-0058,2018-07-26,озимая пшеница,0.5267928168173824,0.5237842515750577,-0.00963834662112696,0.35,0.5204108302576632
AOI-0058,2018-08-02,озимая пшеница,0.49405969572036135,0.4912849114402492,-0.007029204074045316,0.35,0.4888246900143334
AOI-0058,2019-04-23,озимая пшеница,0.8393192339727968,0.8252442004626555,-0.03240863251421583,0.35,0.8139011790826799
AOI-0058,2019-05-25,озимая пшеница,0.8226235811575385,0.8105301301486428,0.004445179098644617,0.35,0.8120859428331685
AOI-0058,2019-06-25,озимая пшеница,0.2871999138768338,0.2834176286480695,-0.004707604611439506,0.35,0.2817699670340657
AOI-0058,2019-06-27,озимая пшеница,0.27906185401367073,0.28450830112658154,-0.003112546624422764,0.35,0.2834189098080336
AOI-0058,2019-07-04,озимая пшеница,0.28503029120021767,0.3030097515920847,0.015032820280667512,0.35,0.30827123869031836
AOI-0058,2019-08-30,озимая пшеница,0.21372719256701772,0.22289585087516606,0.012972148269507286,0.35,0.2274361027694936
AOI-0058,2019-09-28,озимая пшеница,0.15365364791396569,0.16144565500128832,-0.0011716392913450851,0.35,0.16103558124931755
AOI-0058,2019-09-30,озимая пшеница,0.2670966732128711,0.29066315060855274,-0.005768550369870236,0.35,0.28864415797909815
AOI-0058,2020-04-17,озимая пшеница,0.420543039513992,0.42172112912325554,-0.011091894968942322,0.35,0.4178389658841257
AOI-0058,2020-05-04,озимая пшеница,0.528848216662321,0.546219436908607,0.014247447746510617,0.35,0.5512060436198857
AOI-0058,2020-06-05,озимая пшеница,0.6656350620203408,0.6676979132284171,-0.0038351680975399305,0.35,0.6663556043942781
AOI-0058,2020-06-29,озимая пшеница,0.5917065199789517,0.5853073491705293,-0.01744708483665261,0.35,0.5792008694777009
AOI-0058,2020-07-06,озимая пшеница,0.522820143835227,0.5245643988436844,-0.002853781795166489,0.35,0.5235655752153762
AOI-0058,2020-07-22,озимая пшеница,0.43344677373982976,0.43162488116588277,-0.0026334851739401514,0.35,0.4307031613550037
AOI-0058,2020-07-30,озимая пшеница,0.41714912860660947,0.41966693276865924,-0.0014521964215178126,0.35,0.419158664021128
AOI-0058,2020-08-07,озимая пшеница,0.3740374976352579,0.3776669293023178,0.001292469934275777,0.35,0.37811929377931436
AOI-0058,2020-08-12,озимая пшеница,0.4170704315873712,0.43155048761876347,-0.013556900775939785,0.35,0.4268055723471845
AOI-0058,2020-08-23,озимая пшеница,0.34218733914120725,0.34507070130564743,-0.00013829025385953637,0.35,0.3450222997167966
AOI-0058,2020-08-28,озимая пшеница,0.3928203940811891,0.4065536898999616,-0.008352388963880625,0.35,0.40363035376260337
AOI-0058,2020-09-24,озимая пшеница,0.296514406669867,0.2935534521884479,-0.008224559217222187,0.35,0.29067485646242014
AOI-0058,2020-10-27,озимая пшеница,0.2897715904702712,0.2646869877842264,-0.02931086231264164,0.35,0.2544281859748018
AOI-0058,2021-04-15,озимая пшеница,0.5721910488604598,0.5538443103894205,-0.03472227833367752,0.35,0.5416915129726334
AOI-0058,2021-05-09,озимая пшеница,0.719149193758498,0.7197252669333295,0.0027612216705805892,0.35,0.7206916945180327
AOI-0058,2021-05-31,озимая пшеница,0.6986711725854606,0.7149653421323939,0.01604111743652153,0.35,0.7205797332351764
AOI-0058,2021-07-09,озимая пшеница,0.6529708766209393,0.6489567857455311,-0.012121778907922105,0.35,0.6447141631277583
AOI-0058,2021-07-14,озимая пшеница,0.5217478860050487,0.5179676305904956,-0.007531079714036519,0.35,0.5153317526905827
AOI-0058,2021-07-25,озимая пшеница,0.4690757747814288,0.46437250741591507,-0.005025179144186839,0.35,0.46261369471544966
AOI-0058,2021-08-13,озимая пшеница,0.46686032037326475,0.46840952248916096,-0.021046115877721767,0.35,0.4610433819319583
AOI-0058,2021-08-28,озимая пшеница,0.3262819366621858,0.3378810585740689,0.009903722384533535,0.35,0.3413473614086556
AOI-0058,2021-09-27,озимая пшеница,0.5057711078028954,0.49682739369466244,-0.0059462380693240755,0.35,0.494746210370399
AOI-0058,2022-06-10,озимая пшеница,0.7944044896525153,0.7888888786815611,-0.011676074515029677,0.35,0.7848022526013008
AOI-0058,2022-06-18,озимая пшеница,0.7929469521918603,0.7941697657822931,0.0053512990416302204,0.35,0.7960427204468637
AOI-0058,2022-07-04,озимая пшеница,0.27101145423997614,0.2830056216249286,0.003249347865742868,0.35,0.2841428933779386
AOI-0058,2022-07-12,озимая пшеница,0.3502800632191893,0.3541660478491621,-0.031707031068394724,0.35,0.34306858697522397
AOI-0058,2022-07-17,озимая пшеница,0.25670039003529205,0.25448889914651407,-0.00462819348885129,0.35,0.2528690314254161
AOI-0058,2022-07-29,озимая пшеница,0.1714107913564883,0.1864608565080957,0.00702595782346473,0.35,0.18891994174630836
AOI-0058,2022-09-14,озимая пшеница,0.29917857062655734,0.31601237417508005,-0.012020351675273697,0.35,0.31180525108873425
AOI-0058,2023-05-09,озимая пшеница,0.7640150881506774,0.7594695936343108,0.0066919088286095,0.35,0.7618117617243241
AOI-0058,2023-05-20,озимая пшеница,0.5967214594905855,0.5969731729088539,0.0007020505612661929,0.35,0.5972188906052971
AOI-0058,2023-06-28,озимая пшеница,0.7824576354215759,0.7897549380601867,0.005734229635143171,0.35,0.7917619184324868
AOI-0058,2023-08-17,озимая пшеница,0.5266004654824286,0.5384727844787475,0.022430227603466742,0.35,0.5463233641399609
AOI-0058,2023-09-02,озимая пшеница,0.42411299023852916,0.4217670535259194,-0.006853946900494838,0.35,0.41936817211074623
AOI-0058,2023-09-10,озимая пшеница,0.49647557542249965,0.49634817031317396,0.005929764534845977,0.35,0.49842358790037006
AOI-0058,2023-09-27,озимая пшеница,0.5207923272564816,0.5191118671624082,-0.006331385909866774,0.35,0.5168958820939549
AOI-0058,2023-10-12,озимая пшеница,0.48524689233095053,0.4876095319345442,-0.002328738192173149,0.35,0.4867944735672836
AOI-0058,2024-04-09,озимая пшеница,0.7413457382341483,0.7448148417928261,0.003800281219920172,0.35,0.7461449402197982
AOI-0058,2024-05-09,озимая пшеница,0.7770851453845931,0.7895331082777906,0.02140435733911077,0.35,0.7970246333464793
AOI-0058,2024-06-03,озимая пшеница,0.6365962084631316,0.6379207369874588,0.0030040278554517475,0.35,0.6389721467368669
AOI-0058,2024-06-23,озимая пшеница,0.34303612423203433,0.33370591534281,-0.010623868655621461,0.35,0.3299875613133425
AOI-0058,2024-06-28,озимая пшеница,0.33641846929106,0.3361000369637014,-0.0038502798471039055,0.35,0.334752439017215
AOI-0058,2024-07-09,озимая пшеница,0.36243530467650714,0.3585572707185822,-0.009099945431132149,0.35,0.3553722898176859
AOI-0058,2024-07-26,озимая пшеница,0.2591059606844502,0.26633060084743254,-0.005674851948981416,0.35,0.264344402665289
AOI-0058,2024-07-27,озимая пшеница,0.34109866124619487,0.3636527999233827,-0.01698660761481439,0.35,0.3577074872581976
AOI-0058,2024-08-18,озимая пшеница,0.2811519462469798,0.2827845157695528,0.00039594299677381305,0.35,0.2829230958184237
AOI-0058,2024-08-27,озимая пшеница,0.20229153429750507,0.20721840254772925,0.002122795577389956,0.35,0.20796138099981573
AOI-0058,2024-08-28,озимая пшеница,0.3089416904931969,0.3312437708134582,-0.008259472348062487,0.35,0.3283529554916363
AOI-0058,2024-09-21,озимая пшеница,0.20930861009507654,0.2196701846653451,-0.005977953374166862,0.35,0.2175779009843867
AOI-0058,2024-09-28,озимая пшеница,0.20720566120453496,0.20813735780584372,-0.011123528848309718,0.35,0.20424412270893533
AOI-0058,2024-10-01,озимая пшеница,0.20363588126402035,0.20623107191562134,-4.4192198898427e-05,0.35,0.20621560464600688
AOI-0058,2024-10-30,озимая пшеница,0.2231003031813746,0.21494393431947692,0.0052164625290790426,0.35,0.21676969620465458
AOI-0058,2025-04-07,озимая пшеница,0.5664720577330459,0.5752056510414755,0.005457610241574585,0.35,0.5771158146260266
AOI-0058,2025-04-16,озимая пшеница,0.5133322867388571,0.5079330672375345,-0.022106364332224362,0.35,0.500195839721256
AOI-0058,2025-04-24,озимая пшеница,0.551312606385517,0.5593109148390483,0.005042817792612456,0.35,0.5610759010664627
AOI-0058,2025-07-18,озимая пшеница,0.33188390485568614,0.330161580692707,-0.008305678610807688,0.35,0.3272545931789243
AOI-0058,2025-07-28,озимая пшеница,0.33027494829215187,0.34356475201274783,-0.026310866693372712,0.35,0.3343559486700674
AOI-0058,2025-08-02,озимая пшеница,0.2520818931202756,0.24772675890025686,-0.010667431237038266,0.35,0.24399315796729346
AOI-0058,2025-08-06,озимая пшеница,0.25566585588300456,0.25601018795409675,-0.012367439151201389,0.35,0.25168158425117626
AOI-0058,2025-08-09,озимая пшеница,0.21395460844158956,0.20665781230810887,-0.016054618523660805,0.35,0.20103869582482758
AOI-0058,2025-08-12,озимая пшеница,0.19859235118923196,0.1959447484229947,-0.005973502891396643,0.35,0.19385402241100588
AOI-0058,2025-08-14,озимая пшеница,0.18418818807486415,0.19277531910084886,0.00878664650506868,0.35,0.1958506453776229
AOI-0058,2025-09-14,озимая пшеница,0.26848776805891233,0.2825250702558955,-0.014751672099205158,0.35,0.2773619850211737
AOI-0058,2025-09-22,озимая пшеница,0.22232946701317483,0.2332581691755503,0.0058172429266579485,0.35,0.2352942041998806
AOI-0059,2010-06-26,озимая пшеница,0.7912717058278435,0.7898109226946851,-0.01335838662761837,0.35,0.7851354873750187
AOI-0059,2010-07-19,озимая пшеница,0.7045419631120278,0.7017043213522731,0.004810736670308683,0.35,0.7033880791868812
AOI-0059,2010-08-28,озимая пшеница,0.2745749849931578,0.2722513536408272,-0.001998859591119575,0.35,0.27155175278393534
AOI-0059,2011-04-23,озимая пшеница,0.728368343999529,0.7390756765831089,0.0034137111895472497,0.35,0.7402704754994505
AOI-0059,2011-05-27,озимая пшеница,0.6673690637075999,0.6953108080396309,0.03526999238617864,0.35,0.7076553053747934
AOI-0059,2011-05-28,озимая пшеница,0.6944832338150486,0.7080911387945852,0.01990700936099463,0.35,0.7150585920709333
AOI-0059,2011-06-12,озимая пшеница,0.6544031016321734,0.6531886130018931,0.005751548112587535,0.35,0.6552016548412988
AOI-0059,2011-06-26,озимая пшеница,0.7190508997751357,0.7244732260712785,-0.00799808478793303,0.35,0.721673896395502
AOI-0059,2011-07-07,озимая пшеница,0.7306545587014808,0.7633200500759858,0.03773811363358634,0.35,0.776528389847741
AOI-0059,2011-07-28,озимая пшеница,0.48435227465703895,0.4720259466102946,-0.020323529700171986,0.35,0.4649127112152344
AOI-0059,2011-08-08,озимая пшеница,0.5027880373894174,0.4972324521939554,0.012967894928325549,0.35,0.5017712154188694
AOI-0059,2011-08-23,озимая пшеница,0.5046910200186862,0.5061522473161308,0.011165800247195372,0.35,0.5100602774026493
AOI-0059,2012-04-04,озимая пшеница,0.5941356141120497,0.597084288056975,-0.002689051160655646,0.35,0.5961431201507456
AOI-0059,2012-08-12,озимая пшеница,0.4477590288479125,0.4471752297855529,-0.001389619430906696,0.35,0.4466888629847356
AOI-0059,2012-08-26,озимая пшеница,0.2758446647269816,0.27524465930152997,0.006492125789982296,0.35,0.27751690332802376
AOI-0059,2012-09-11,озимая пшеница,0.26907257362436854,0.27259749130211247,0.007658493758988296,0.35,0.2752779641177584
AOI-0059,2012-10-13,озимая пшеница,0.3276798934601868,0.34376288345341144,0.025229345729470352,0.35,0.3525931544587261
AOI-0059,2013-05-09,озимая пшеница,0.8507745804111687,0.8445022106139904,0.003230851021866658,0.35,0.8456330084716438
AOI-0059,2013-06-18,озимая пшеница,0.2962849874089931,0.2942082969132708,0.01676413543213898,0.35,0.3000757443145194
AOI-0059,2013-07-20,озимая пшеница,0.2211933744524312,0.22518704111640656,0.016452981065488436,0.35,0.2309455844893275
AOI-0059,2013-08-13,озимая пшеница,0.3076228399971632,0.32245377467277875,-0.0014523735828623602,0.35,0.32194544391877694
AOI-0059,2013-08-21,озимая пшеница,0.22311366068669097,0.22330078582919566,0.006317489280685682,0.35,0.22551190707743565
AOI-0059,2013-10-16,озимая пшеница,0.4130488279029467,0.40565572843651726,-0.006857479798660429,0.35,0.4032556105069861
AOI-0059,2014-05-09,озимая пшеница,0.8705517993094852,0.8886137771577713,0.009508761546245834,0.35,0.8919418436989573
AOI-0059,2014-10-27,озимая пшеница,0.6594994757665082,0.6264994757665082,-0.10706639290727255,0.35,0.5890262382489628
AOI-0059,2015-04-13,озимая пшеница,0.25616946425982356,0.2648048687176278,-0.001922507494038867,0.35,0.2641319910947142
AOI-0059,2015-05-22,озимая пшеница,0.38040529094844444,0.3754595012109814,-0.015807634580483884,0.35,0.369926829107812
AOI-0059,2015-06-07,озимая пшеница,0.7238928160219137,0.7230036603107101,0.014727777963612038,0.35,0.7281583825979743
AOI-0059,2015-08-02,озимая пшеница,0.8023554472289625,0.8074756761740179,0.024697938050151264,0.35,0.8161199544915709
AOI-0059,2015-08-10,озимая пшеница,0.7419992349569557,0.7366481402409222,0.018021127316484746,0.35,0.7429555348016919
AOI-0059,2015-08-29,озимая пшеница,0.5808225455941513,0.585104663522655,-0.017939597022418045,0.35,0.5788258045648087
AOI-0059,2015-09-27,озимая пшеница,0.5013279460099357,0.5007848529414379,0.0038266674575388186,0.35,0.5021241865515765
AOI-0059,2015-09-30,озимая пшеница,0.39355431454004414,0.40209087270773475,-0.005615258642102642,0.35,0.40012553218299884
AOI-0059,2016-05-25,озимая пшеница,0.9068611419183356,0.9160001687684591,0.023078802139566302,0.35,0.9240777495173074
AOI-0059,2016-07-04,озимая пшеница,0.3658485749168725,0.3686147553436822,0.022025935559407087,0.35,0.3763238327894747
AOI-0059,2016-09-14,озимая пшеница,0.25001302221032884,0.2434364382475617,-0.00044897718405915955,0.35,0.24327929623314098
AOI-0059,2016-10-24,озимая пшеница,0.27183232439710714,0.23883232439710714,-0.025359588325984162,0.35,0.22995646848301268
AOI-0059,2017-04-02,озимая пшеница,0.573650007325564,0.6066500073255641,0.04450383006561454,0.35,0.6222263478485291
AOI-0059,2017-05-06,озимая пшеница,0.8581959332694294,0.8556568521300385,0.039638555271642444,0.35,0.8695303464751134
AOI-0059,2017-05-27,озимая пшеница,0.8876406600905152,0.8956148969735819,0.018411477042736147,0.35,0.9020589139385395
AOI-0059,2017-06-04,озимая пшеница,0.9013333729886885,0.914443734407472,0.02052737065816328,0.35,0.9216283141378291
AOI-0059,2017-06-10,озимая пшеница,0.8105927478493159,0.824936079878868,0.006649384956156138,0.35,0.8272633646135226
AOI-0059,2017-07-12,озимая пшеница,0.355940983027108,0.3588739405148118,-0.0032150735246958217,0.35,0.3577486647811683
AOI-0059,2017-07-23,озимая пшеница,0.280442225340661,0.27609256782061,-0.007626635955956019,0.35,0.27342324523602535
AOI-0059,2017-07-28,озимая пшеница,0.3756632315835733,0.3813755018635969,-0.009579887285298877,0.35,0.3780225413137423
AOI-0059,2017-08-13,озимая пшеница,0.30208540897932956,0.3082374991975029,-0.008027206695625747,0.35,0.3054279768540339
AOI-0059,2017-08-29,озимая пшеница,0.3088773876132511,0.3062495370889553,-0.011843940322195101,0.35,0.302104157976187
AOI-0059,2017-09-24,озимая пшеница,0.21266487337242374,0.22139246730455803,0.00833530249513115,0.35,0.22430982317785392
AOI-0059,2018-04-07,озимая пшеница,0.41053504403474195,0.4212451096759513,-0.03647565461916487,0.35,0.4084786305592436
AOI-0059,2018-05-22,озимая пшеница,0.3729175597215524,0.39270826010826787,0.014584641823332922,0.35,0.3978128847464344
AOI-0059,2018-05-31,озимая пшеница,0.41221112607165866,0.3968226823666907,0.02047929737103164,0.35,0.4039904364465518
AOI-0059,2018-07-09,озимая пшеница,0.5955365236872805,0.5906757824064998,-0.006841191645011898,0.35,0.5882813653307456
AOI-0059,2018-07-18,озимая пшеница,0.5040885574759867,0.5064709049049133,0.007913943001560349,0.35,0.5092407849554594
AOI-0059,2018-07-26,озимая пшеница,0.47496577423177977,0.4655351719018689,-0.006304425742336691,0.35,0.46332862289205107
AOI-0059,2018-08-02,озимая пшеница,0.3940052663364755,0.40772016444691306,0.012766543438163015,0.35,0.4121884546502701
AOI-0059,2018-08-10,озимая пшеница,0.3557920194678743,0.35681026388501463,0.012603655299238865,0.35,0.36122154323974826
AOI-0059,2018-08-13,озимая пшеница,0.35247632995997147,0.34889971693682237,-0.01067000329289316,0.35,0.34516521578430975
AOI-0059,2018-10-06,озимая пшеница,0.21617607594266064,0.22879336019057211,0.015330171733804032,0.35,0.23415892029740354
AOI-0059,2019-04-11,озимая пшеница,0.6361904184268039,0.635868308990377,0.0014700919214314765,0.35,0.636382841162878
AOI-0059,2019-04-21,озимая пшеница,0.7246531141650311,0.7343302391989653,0.02954695090554098,0.35,0.7446716720159047
AOI-0059,2019-04-23,озимая пшеница,0.7589866148135476,0.7443170036563426,-0.01259927049139636,0.35,0.7399072589843538
AOI-0059,2019-05-21,озимая пшеница,0.9061810914345076,0.8934044439754438,0.009350293713593697,0.35,0.8966770467752017
AOI-0059,2019-06-02,озимая пшеница,0.8284414048457884,0.8248134899356093,0.029402193148595466,0.35,0.8351042575376177
AOI-0059,2019-06-05,озимая пшеница,0.8183373855924889,0.8070673023672892,0.018917408975723863,0.35,0.8136883955087926
AOI-0059,2019-06-10,озимая пшеница,0.7499464834531518,0.7178809106587327,-0.02995065539759367,0.35,0.707398181269575
AOI-0059,2019-06-15,озимая пшеница,0.5430669215597876,0.5397691639654786,0.006692873141595838,0.35,0.5421116695650371
AOI-0059,2019-06-30,озимая пшеница,0.20845207755741527,0.217814832091222,0.00656476262339775,0.35,0.2201124990094112
AOI-0059,2019-07-29,озимая пшеница,0.2451890510031519,0.2585507222487458,0.015916454768455227,0.35,0.26412148141770514
AOI-0059,2019-08-21,озимая пшеница,0.1678463506092263,0.17625213033987466,0.014752627468165556,0.35,0.1814155499537326
AOI-0059,2019-08-24,озимая пшеница,0.1612838539920178,0.15122727924056661,-0.0051858375489357116,0.35,0.14941223609843912
AOI-0059,2019-09-03,озимая пшеница,0.16018838533226565,0.1519221668205836,-0.0015447221734003996,0.35,0.15138151405989345
AOI-0059,2019-10-13,озимая пшеница,0.24426531482100913,0.23719142494326415,0.005678597928859861,0.35,0.23917893421836509
AOI-0059,2019-10-24,озимая пшеница,0.21797273859850622,0.2232713967486803,-0.011236328496967918,0.35,0.21933868177474153
AOI-0059,2020-04-09,озимая пшеница,0.22632001682699845,0.2227718055926161,-0.027339704598499832,0.35,0.21320290898314118
AOI-0059,2020-04-18,озимая пшеница,0.24552874842367886,0.24621540242198764,-0.010509977769605607,0.35,0.2425369102026257
AOI-0059,2020-04-25,озимая пшеница,0.18311347925829585,0.16011319748424818,-0.013095513223668276,0.35,0.15552976785596428
AOI-0059,2020-05-08,озимая пшеница,0.5926764822254998,0.6107576694400878,0.012362608324790563,0.35,0.6150845823537645
AOI-0059,2020-05-12,озимая пшеница,0.30000546891752766,0.29209158864192625,0.009846556614572018,0.35,0.2955378834570265
AOI-0059,2020-06-05,озимая пшеница,0.6338949955772692,0.6333027994827389,0.011877226429161666,0.35,0.6374598287329455
AOI-0059,2020-07-11,озимая пшеница,0.7016951570149981,0.7071261256540268,-0.019148909321436775,0.35,0.7004240073915239
AOI-0059,2020-07-30,озимая пшеница,0.6852164886048657,0.6910980354491295,0.019857263765303692,0.35,0.6980480777669859
AOI-0059,2020-10-26,озимая пшеница,0.18528947994526712,0.19305659990395244,0.0065923389596703255,0.35,0.19536391853983706
AOI-0059,2021-06-19,озимая пшеница,0.6505403425038154,0.6439615820347636,0.01945131084724355,0.35,0.6507695408312989
AOI-0059,2021-06-23,озимая пшеница,0.6358150302690032,0.6352912779263973,-0.0031018740382773922,0.35,0.6342056220130002
AOI-0059,2021-06-29,озимая пшеница,0.3929349082185187,0.39355445332104566,0.0043519252236741135,0.35,0.3950776271493316
AOI-0059,2021-07-28,озимая пшеница,0.3694529359755706,0.36796356227783217,-0.0061883666207535985,0.35,0.3657976339605684
AOI-0059,2021-07-29,озимая пшеница,0.20770768571347317,0.21969776964388127,0.013817801479738923,0.35,0.2245340001617899
AOI-0059,2021-08-18,озимая пшеница,0.3669171431571433,0.35762895667587874,-0.0011189815391822989,0.35,0.35723731313716495
AOI-0059,2021-08-28,озимая пшеница,0.58754270493567,0.600795900456585,0.020085820656467912,0.35,0.6078259376863488
AOI-0059,2021-09-07,озимая пшеница,0.7186822641156163,0.7197483735486319,0.005088807448462185,0.35,0.7215294561555936
AOI-0059,2021-09-17,озимая пшеница,0.7194291948849081,0.7166056154521798,0.017566675572600155,0.35,0.7227539519025898
AOI-0059,2021-09-28,озимая пшеница,0.34952070828263015,0.37823286463090167,0.022116850538621814,0.35,0.3859737623194193
AOI-0059,2021-09-30,озимая пшеница,0.37359615106473865,0.38012340259926325,-0.002589813668425238,0.35,0.37921696781531444
AOI-0059,2021-10-16,озимая пшеница,0.336351654863592,0.3460257994196851,-0.015212476552407917,0.35,0.34070143262634234
AOI-0059,2022-04-15,озимая пшеница,0.2366450336495271,0.2494971480955814,-0.008656338991016827,0.35,0.24646742944872552
AOI-0059,2022-06-10,озимая пшеница,0.7885918366388308,0.7895989123848449,0.0008039002946069085,0.35,0.7898802774879573
AOI-0059,2022-06-11,озимая пшеница,0.7915865852287843,0.7768547757958463,0.012252629430112297,0.35,0.7811431960963856
AOI-0059,2022-07-20,озимая пшеница,0.7894292518958284,0.7954841695449794,0.014436992062790682,0.35,0.800537116766956
AOI-0059,2022-08-18,озимая пшеница,0.6914121535681201,0.7017803545745194,0.015509216315117747,0.35,0.7072085802848106
AOI-0059,2022-09-27,озимая пшеница,0.3902553246962268,0.3987731593055182,0.013023668410192207,0.35,0.4033314432490855
AOI-0059,2022-10-08,озимая пшеница,0.44047765271988426,0.4574098604319614,0.014807883719624803,0.35,0.4625926197338301
AOI-0059,2023-05-13,озимая пшеница,0.8823347718005339,0.8984427524674367,0.027830806430996852,0.35,0.9081835347182855
AOI-0059,2023-05-25,озимая пшеница,0.8421974884813134,0.8571254005017126,0.0028754894540332127,0.35,0.8581318218106242
AOI-0059,2023-06-18,озимая пшеница,0.8140018985226378,0.8344394530655967,0.01590185227464715,0.35,0.8400051013617232
AOI-0059,2023-07-16,озимая пшеница,0.22716621072954557,0.2439580827310718,0.01925034666611106,0.35,0.25069570406421066
AOI-0059,2023-07-29,озимая пшеница,0.19213458229274943,0.1827512083261964,-0.0014875484913554095,0.35,0.182230566354222
AOI-0059,2023-09-30,озимая пшеница,0.3014410199526527,0.30733131101697003,-0.00956482089958893,0.35,0.3039836237021139
AOI-0059,2023-10-12,озимая пшеница,0.1932075524353527,0.19744208411910297,0.006379424503365341,0.35,0.19967488269528083
AOI-0059,2023-10-16,озимая пшеница,0.3013986327533634,0.30627243369402185,-0.017970622797927733,0.35,0.29998271571474716
AOI-0059,2024-04-04,озимая пшеница,0.2538944714206277,0.26741225486747977,0.019078351078703353,0.35,0.27408967774502596
AOI-0059,2024-04-13,озимая пшеница,0.26020801280756,0.2750235659319869,-0.0024360802877174625,0.35,0.27417093783128577
AOI-0059,2024-04-22,озимая пшеница,0.44525350824628307,0.4376279595555921,0.023523777685689886,0.35,0.44586128174558354
AOI-0059,2024-05-19,озимая пшеница,0.2278349943016294,0.2434391136443921,0.013429317269566959,0.35,0.24813937468874053
AOI-0059,2024-06-09,озимая пшеница,0.6485013430263689,0.6380952667339098,-0.022599458700046902,0.35,0.6301854561888934
AOI-0059,2024-07-13,озимая пшеница,0.33336059021502845,0.32777373018561706,0.009699865258637712,0.35,0.3311686830261403
AOI-0059,2024-07-17,озимая пшеница,0.3627851670908022,0.36037905700813594,-0.010309922580679337,0.35,0.35677058410489815
AOI-0059,2024-07-27,озимая пшеница,0.28830875035008285,0.2971510605524689,-0.005277653690800851,0.35,0.2953038817606886
AOI-0059,2024-09-11,озимая пшеница,0.17038361201369284,0.17104130403360815,-0.003784714455632793,0.35,0.16971665397413668
AOI-0059,2025-04-01,озимая пшеница,0.5490529946954226,0.5820529946954226,0.04912883880354382,0.35,0.599248088276663
AOI-0059,2025-04-23,озимая пшеница,0.8310918414693034,0.8422911804382736,-0.0010241126525807431,0.35,0.8419327410098703
AOI-0059,2025-05-01,озимая пшеница,0.8476100472192933,0.8512351891884375,0.025919956370930714,0.35,0.8603071739182633
AOI-0059,2025-05-09,озимая пшеница,0.7996116579198156,0.8096259968086517,0.009965409941427823,0.35,0.8131138902881514
AOI-0059,2025-05-17,озимая пшеница,0.8127035815735096,0.8253167485696566,0.017843243094207397,0.35,0.8315618836526293
AOI-0059,2025-06-10,озимая пшеница,0.4669661807339601,0.4588974007568235,-0.0066112613429853695,0.35,0.4565834592867786
AOI-0059,2025-08-29,озимая пшеница,0.19973266149345403,0.18320494157430728,-0.029946998745221835,0.35,0.17272349201347964
AOI-0059,2025-09-07,озимая пшеница,0.19273995162447652,0.1998738757488109,0.0036756128340558855,0.35,0.20116034024073046
AOI-0059,2025-10-08,озимая пшеница,0.18653181432442945,0.19007652882646023,0.010189434018812282,0.35,0.19364283073304453
AOI-0059,2025-10-28,озимая пшеница,0.2163390849442214,0.21812733864463246,0.0032095339682392727,0.35,0.2192506755335162
AOI-0060,2025-04-14,озимая пшеница,0.7529178810010047,0.7488205994415688,-0.005998206978218835,0.35,0.7467212269991922
AOI-0060,2025-04-29,озимая пшеница,0.8166974908566087,0.816392056294406,-0.011594086800492235,0.35,0.8123341259142337
AOI-0060,2025-06-03,озимая пшеница,0.4434856851463307,0.4396669394639975,-0.003980334251662245,0.35,0.4382738224759157
AOI-0060,2025-07-04,озимая пшеница,0.5580006026179066,0.5566512607350009,-0.0012137371656749207,0.35,0.5562264527270147
AOI-0060,2025-07-05,озимая пшеница,0.5215495072599128,0.5295495072599128,0.006045209219781142,0.35,0.5316653304868362
AOI-0060,2025-07-21,озимая пшеница,0.3170626453224162,0.32193973376671253,0.00454537607387516,0.35,0.32353061539256883
AOI-0060,2025-08-05,озимая пшеница,0.22637280150542283,0.23137221711760675,-0.015297532565667106,0.35,0.22601808071962326
AOI-0060,2025-08-29,озимая пшеница,0.25427024643588086,0.250179797206971,-0.038635252341681275,0.35,0.23665745888738254
AOI-0060,2025-08-30,озимая пшеница,0.20763418152963325,0.20665926368538814,-0.005384123331961099,0.35,0.20477482051920176
AOI-0060,2025-09-01,озимая пшеница,0.16307822240878056,0.16318534288306064,-0.007941287068144828,0.35,0.16040589240920994
AOI-0060,2025-09-11,озимая пшеница,0.16959489518939394,0.1722073205537406,-0.005747162907143281,0.35,0.17019581353624047
AOI-0061,2010-04-23,озимая пшеница,0.38063619545374117,0.3774300382537982,0.0025586608589738794,0.35,0.378325569554439
AOI-0061,2010-05-26,озимая пшеница,0.6562562526125684,0.6618844311253761,-0.008736263158905477,0.35,0.6588267390197592
AOI-0061,2010-06-11,озимая пшеница,0.7246258903279023,0.727821694893668,-0.0010782548099407224,0.35,0.7274443057101887
AOI-0061,2011-06-30,озимая пшеница,0.534824267418435,0.5395302878806839,0.002956327168809295,0.35,0.5405650023897671
AOI-0061,2011-07-28,озимая пшеница,0.4817877361595047,0.48341924765363764,-0.0062951061647647365,0.35,0.48121596049597
AOI-0061,2011-09-18,озимая пшеница,0.29956833951701034,0.304292727112656,0.0025894680939188845,0.35,0.3051990409455276
AOI-0061,2011-09-26,озимая пшеница,0.3294947495549439,0.33788944716560065,0.0017507151828655078,0.35,0.3385021974796036
AOI-0061,2012-04-06,озимая пшеница,0.39207964745415097,0.37230668718019355,-0.0228515011613861,0.35,0.3643086617737084
AOI-0061,2012-05-24,озимая пшеница,0.7078869182553462,0.7067341889500703,-0.00981910907606889,0.35,0.7032975007734462
AOI-0061,2012-08-28,озимая пшеница,0.45825981374982616,0.4538788687411607,-0.009598838063264087,0.35,0.45051927541901826
AOI-0061,2012-09-04,озимая пшеница,0.41104262025880967,0.40374869289627985,0.0056480420261462265,0.35,0.405725507605431
AOI-0061,2012-10-22,озимая пшеница,0.21589254757322335,0.19909569583103853,-0.027845846901251973,0.35,0.18934964941560034
AOI-0061,2013-04-16,озимая пшеница,0.6348376506669449,0.63333520775725,0.03184089837754032,0.35,0.6444795221893892
AOI-0061,2013-06-10,озимая пшеница,0.6454092578590297,0.6519109440874058,-0.013559032739607579,0.35,0.6471652826285431
AOI-0061,2013-06-26,озимая пшеница,0.5077817865825727,0.5049795843476885,-0.008456962099825454,0.35,0.5020196476127496
AOI-0061,2013-08-29,озимая пшеница,0.2995750041905353,0.3001035023411882,-0.0054720273623158604,0.35,0.29818829276437764
AOI-0061,2013-09-14,озимая пшеница,0.31221798184961774,0.31000907649737436,0.0021973839366261926,0.35,0.3107781608751935
AOI-0061,2013-10-09,озимая пшеница,0.20092669778596084,0.20759570689376716,0.00996443102261724,0.35,0.21108325775168318
AOI-0061,2014-04-27,озимая пшеница,0.8087053615220882,0.8020732133124578,0.026976452230388224,0.35,0.8115149715930937
AOI-0061,2014-06-26,озимая пшеница,0.4355751120916921,0.4373449017099361,-0.010670629519716042,0.35,0.43361018137803553
AOI-0061,2014-07-28,озимая пшеница,0.31409834416003946,0.31369548310695977,-0.008017757332732767,0.35,0.3108892680405033
AOI-0061,2015-04-07,озимая пшеница,0.3242125618490487,0.326006842923011,0.004343384808319795,0.35,0.32752702760592295
AOI-0061,2015-05-08,озимая пшеница,0.26908709557854926,0.277359380217438,0.005265510556785397,0.35,0.2792023089123129
AOI-0061,2015-09-29,озимая пшеница,0.26853507231211005,0.27092267614094573,-0.0036107152465216816,0.35,0.26965892580466316
AOI-0061,2016-04-22,озимая пшеница,0.7688449851215859,0.7676368892252733,0.009803316430247806,0.35,0.77106804997586
AOI-0061,2016-06-19,озимая пшеница,0.6709258972795056,0.6635546261419316,-0.00034097727655178723,0.35,0.6634352840951385
AOI-0061,2016-06-27,озимая пшеница,0.4843264377042999,0.4860750685283392,0.008588821051925394,0.35,0.4890811558965131
AOI-0061,2016-07-13,озимая пшеница,0.42127127621619004,0.42745788766834913,0.0013329632890545337,0.35,0.4279244248195182
AOI-0061,2017-04-03,озимая пшеница,0.14681940001268118,0.14981075415557996,0.008434401438629715,0.35,0.15276279465910036
AOI-0061,2017-05-25,озимая пшеница,0.6105770124478874,0.5925728479766929,-0.013797980126696013,0.35,0.5877435549323492
AOI-0061,2017-07-02,озимая пшеница,0.840223694480591,0.8393303992767724,0.0062219340250124384,0.35,0.8415080761855268
AOI-0061,2017-07-27,озимая пшеница,0.7689245846601989,0.76791020418434,-0.009883151499400795,0.35,0.7644511011595497
AOI-0061,2017-08-11,озимая пшеница,0.5222908118743685,0.5222085455157436,-0.002080185761378798,0.35,0.521480480499261
AOI-0061,2017-09-02,озимая пшеница,0.2724075882952226,0.2674529686541028,-0.0004976566304551139,0.35,0.26727878883344347
AOI-0061,2018-04-07,озимая пшеница,0.7552952576365106,0.7526496274255405,-0.02627064983710004,0.35,0.7434548999825555
AOI-0061,2018-06-10,озимая пшеница,0.7130542451846806,0.7304853751014643,0.0028871499613751556,0.35,0.7314958775879455
AOI-0061,2019-04-09,озимая пшеница,0.25685866731049956,0.2476970268622251,0.010205212482692022,0.35,0.2512688512311673
AOI-0061,2019-05-13,озимая пшеница,0.31035121786053155,0.3037140650650493,-0.018187611352374893,0.35,0.29734840109171806
AOI-0061,2019-05-21,озимая пшеница,0.3724068252381024,0.37357931166430164,-0.0023739176234820014,0.35,0.3727484404960829
AOI-0061,2019-05-25,озимая пшеница,0.7258836612904391,0.7165201583149595,-0.013953689633443688,0.35,0.7116363669432543
AOI-0061,2019-06-27,озимая пшеница,0.7719939710265353,0.7770477004704154,0.01631382536380352,0.35,0.7827575393477466
AOI-0061,2019-07-12,озимая пшеница,0.7177948383864368,0.7293934175962238,0.00589847766827754,0.35,0.731457884780121
AOI-0061,2019-08-21,озимая пшеница,0.6260540515107678,0.6350304707808127,0.01736473960575037,0.35,0.6411081296428253
AOI-0061,2019-09-14,озимая пшеница,0.2941321357627609,0.2922054145705124,-0.008733543472232251,0.35,0.2891486743552311
AOI-0061,2019-09-23,озимая пшеница,0.13413783150937725,0.13552975220414376,-0.004573671340930053,0.35,0.13392896723481823
AOI-0061,2019-10-18,озимая пшеница,0.22964202709336135,0.24090555680497913,0.0045601177735788735,0.35,0.24250159802573173
AOI-0061,2019-10-20,озимая пшеница,0.24428091467673269,0.2477097693927214,0.001201494184911955,0.35,0.24813029235744058
AOI-0061,2020-04-17,озимая пшеница,0.36867153899409877,0.3778077814348282,0.014100567034361603,0.35,0.38274297989685474
AOI-0061,2020-05-24,озимая пшеница,0.6759099343817062,0.676287063884481,-0.013569063192250017,0.35,0.6715378917671935
AOI-0061,2020-07-16,озимая пшеница,0.27079561236630034,0.2752292065130873,-0.009915754168577384,0.35,0.2717586925540852
AOI-0061,2020-07-19,озимая пшеница,0.27170143905502614,0.2771930519818207,0.0005475213402334794,0.35,0.2773846844509024
AOI-0061,2020-07-24,озимая пшеница,0.2703559695825939,0.2737828643081845,-0.00012270305304723115,0.35,0.27373991823961796
AOI-0061,2020-07-27,озимая пшеница,0.38551439415128597,0.3762653986160257,-0.010804610749905191,0.35,0.3724837848535589
AOI-0061,2020-08-08,озимая пшеница,0.22293765110936,0.22026603249618104,-0.006230199282678744,0.35,0.21808546274724347
AOI-0061,2020-08-17,озимая пшеница,0.2787785158082055,0.2774653371380334,-0.00223585825484579,0.35,0.2766827867488374
AOI-0061,2020-08-18,озимая пшеница,0.2451660939775591,0.2460712370748207,-0.0020354966080070587,0.35,0.24535881326201822
AOI-0061,2020-08-23,озимая пшеница,0.22496317975662816,0.227322124038621,-0.004227291223488382,0.35,0.22584257211040007
AOI-0061,2020-09-18,озимая пшеница,0.19567022886247565,0.19172060890100956,-0.0011306322674091806,0.35,0.19132488760741634
AOI-0061,2020-10-17,озимая пшеница,0.14479949264866662,0.15099605294562202,-0.003007591596848196,0.35,0.14994339588672514
AOI-0061,2020-10-29,озимая пшеница,0.09213154819331305,0.08059635377807217,-0.03556133298035495,0.35,0.06814988723494794
AOI-0061,2021-05-05,озимая пшеница,0.8845441223622402,0.892022696860104,0.018503236314074096,0.35,0.89849882957003
AOI-0061,2021-05-08,озимая пшеница,0.9059084986615671,0.9049926037824829,0.019437457091027333,0.35,0.9117957137643424
AOI-0061,2021-05-15,озимая пшеница,0.9031996046879728,0.8999666224381003,0.003120176408716886,0.35,0.9010586841811512
AOI-0061,2021-07-21,озимая пшеница,0.19090518908869644,0.18521110856266257,-0.017083371343973284,0.35,0.1792319285922719
AOI-0061,2021-07-24,озимая пшеница,0.19426153430064994,0.19400244857040183,0.0027389792205125296,0.35,0.1949610912975812
AOI-0061,2021-08-04,озимая пшеница,0.3176251459617824,0.30888066800746217,-0.0029255362744369322,0.35,0.30785673031140925
AOI-0061,2021-08-28,озимая пшеница,0.3437462780659308,0.3417644235586829,0.0013443213095021907,0.35,0.34223493601700866
AOI-0061,2021-08-29,озимая пшеница,0.3815663511511194,0.3771353999595525,-0.014762704745959514,0.35,0.3719684532984667
AOI-0061,2021-10-29,озимая пшеница,0.05139516790540346,0.05919377928646889,0.016252969192245382,0.35,0.06488231850375478
AOI-0061,2022-04-09,озимая пшеница,0.24486098877393941,0.2391118901096432,0.008527693103852686,0.35,0.24209658269599166
AOI-0061,2022-05-09,озимая пшеница,0.46180063734537735,0.4523633068694141,-0.00830542519040164,0.35,0.44945640805277354
AOI-0061,2022-05-22,озимая пшеница,0.38992035989432805,0.3944514542117625,0.0007231894851295437,0.35,0.39470457053155783
AOI-0061,2022-05-25,озимая пшеница,0.5707387435718,0.570838028703957,-0.004372571521064215,0.35,0.5693076286715845
AOI-0061,2022-05-27,озимая пшеница,0.41386768676651814,0.4253864681720513,0.008317658437363946,0.35,0.42829764862512865
AOI-0061,2022-06-12,озимая пшеница,0.8118831547200687,0.8121519101604988,0.00891334165036144,0.35,0.8152715797381254
AOI-0061,2022-06-29,озимая пшеница,0.8452295868425338,0.8486036250845305,0.017954634568968838,0.35,0.8548877471836696
AOI-0061,2022-07-06,озимая пшеница,0.843835596518701,0.8422313867703687,-0.001284766936965062,0.35,0.8417817183424309
AOI-0061,2022-07-21,озимая пшеница,0.8213850013789654,0.8211558441833432,-0.0013198915317882208,0.35,0.8206938821472173
AOI-0061,2022-07-22,озимая пшеница,0.799763224727088,0.797974292833914,5.5279475753078084e-05,0.35,0.7979936406504275
AOI-0061,2022-07-28,озимая пшеница,0.7740485003758971,0.7925594435425699,-0.0238328017931251,0.35,0.7842179629149761
AOI-0061,2022-08-23,озимая пшеница,0.3645011386406387,0.3770844839623846,0.016821237065549253,0.35,0.38297191693532684
AOI-0061,2023-04-07,озимая пшеница,0.6564771209390949,0.6394569643137901,-0.013570118211194953,0.35,0.6347074229398718
AOI-0061,2023-04-25,озимая пшеница,0.6161115127297887,0.6196301907240636,0.008704705964507401,0.35,0.6226768378116412
AOI-0061,2023-05-05,озимая пшеница,0.670980671842046,0.675316043521618,0.030191083372766537,0.35,0.6858829227020863
AOI-0061,2023-05-06,озимая пшеница,0.6810972867516756,0.6861338020236873,0.0386018805168759,0.35,0.6996444602045939
AOI-0061,2023-05-17,озимая пшеница,0.7101268789818413,0.6953589596976597,-0.006542584547667322,0.35,0.6930690551059762
AOI-0061,2023-06-06,озимая пшеница,0.7819677401623074,0.7857974239972052,0.017320823718161422,0.35,0.7918597122985617
AOI-0061,2023-06-21,озимая пшеница,0.7521294878332841,0.7524035566002149,0.014112463723176611,0.35,0.7573429189033266
AOI-0061,2023-07-17,озимая пшеница,0.45783437569449026,0.4614734199361658,0.001783712679290389,0.35,0.46209771937391747
AOI-0061,2023-07-21,озимая пшеница,0.448330007554423,0.4522129879045997,0.008832824132787857,0.35,0.45530447635107546
AOI-0061,2023-07-27,озимая пшеница,0.4761327686264386,0.4754913228665014,0.006651460473969391,0.35,0.4778193340323907
AOI-0061,2023-09-24,озимая пшеница,0.17666458179233185,0.17086127421284258,-0.00017820684281239256,0.35,0.17079890181785826
AOI-0061,2023-10-14,озимая пшеница,0.1567866330448789,0.15501088639166202,-0.0026369112079790524,0.35,0.15408796746886935
AOI-0061,2023-10-29,озимая пшеница,0.21014407298875593,0.1943066177987202,-0.018107811176687385,0.35,0.1879688838868796
AOI-0061,2024-04-29,озимая пшеница,0.4181200748580791,0.4184145472787077,0.0289712228227097,0.35,0.4285544752666561
AOI-0061,2024-05-01,озимая пшеница,0.4240780858904225,0.42147424144044043,0.025885311513041392,0.35,0.4305341004700049
AOI-0061,2024-05-08,озимая пшеница,0.6167310651426617,0.6074366040364388,-0.0026744758131820342,0.35,0.6065005375018251
AOI-0061,2024-06-20,озимая пшеница,0.4954861181335564,0.4805132898778013,-0.01299350322645473,0.35,0.47596556374854215
AOI-0061,2024-07-15,озимая пшеница,0.36376650084304396,0.36657257223409545,-0.006825853748720575,0.35,0.36418352342204324
AOI-0061,2024-08-09,озимая пшеница,0.30483698692328703,0.30555397563298126,-0.005362693054397138,0.35,0.3036770330639423
AOI-0061,2024-08-12,озимая пшеница,0.381934846023211,0.36668544119741925,-0.023160775964967847,0.35,0.3585791696096805
AOI-0061,2024-09-06,озимая пшеница,0.20863427634061857,0.20904149692801172,0.006693126462355394,0.35,0.21138409118983612
AOI-0061,2024-09-26,озимая пшеница,0.173424639363087,0.17405807523081696,0.0006563927242691264,0.35,0.17428781268431115
AOI-0061,2024-10-07,озимая пшеница,0.22770247054820125,0.22239748864779138,0.006719183977801368,0.35,0.22474920304002186
AOI-0061,2025-04-16,озимая пшеница,0.6616356584017522,0.6624444430899061,0.013905528602357057,0.35,0.6673113781007312
AOI-0061,2025-04-19,озимая пшеница,0.7206514758773248,0.7329178790714607,0.027838013768865705,0.35,0.7426611838905637
AOI-0061,2025-05-28,озимая пшеница,0.8413494863555318,0.8365414406515078,-0.0017624853876064372,0.35,0.8359245707658456
AOI-0061,2025-06-28,озимая пшеница,0.5198878146193147,0.5217276370128545,-0.0047597569372799155,0.35,0.5200617220848065
AOI-0061,2025-07-07,озимая пшеница,0.3930107047702611,0.3901050234742969,-0.003653224114945931,0.35,0.3888263950340658
AOI-0061,2025-07-10,озимая пшеница,0.33200606928333476,0.33956111467530603,0.006488969248434621,0.35,0.34183225391225813
AOI-0061,2025-07-28,озимая пшеница,0.2496400802215561,0.23084759476979272,-0.03516042966979499,0.35,0.21854144438536446
AOI-0061,2025-08-16,озимая пшеница,0.21265600522694683,0.2078619710548861,-0.02108371107488347,0.35,0.20048267217867688
AOI-0061,2025-08-29,озимая пшеница,0.2730310811841572,0.25894214395327453,-0.03032273961870852,0.35,0.24832918508672655
AOI-0061,2025-09-24,озимая пшеница,0.30397504920755536,0.3037357397324257,0.005524945000762959,0.35,0.3056694704826927
AOI-0061,2025-09-26,озимая пшеница,0.3147296189006615,0.31885887431600707,0.00013591224740561224,0.35,0.318906443602599
AOI-0061,2025-10-16,озимая пшеница,0.3648595972907104,0.35845737924683496,-0.00962161193459676,0.35,0.3550898150697261
AOI-0062,2010-04-24,озимая пшеница,0.7673012293959158,0.7828869467698629,0.01829970711199406,0.35,0.7892918442590608
AOI-0062,2010-05-09,озимая пшеница,0.8391148457832066,0.8429712743413353,-0.013991114736896942,0.35,0.8380743841834214
AOI-0062,2010-05-26,озимая пшеница,0.838074999031879,0.8364762084572974,0.025457939311488337,0.35,0.8453864872163184
AOI-0062,2010-08-13,озимая пшеница,0.25701106284652175,0.23925943313013479,-0.014221515561598428,0.35,0.23428190268357535
AOI-0062,2010-10-16,озимая пшеница,0.32590404485780605,0.30663016896404305,-0.03821829337271298,0.35,0.2932537662835935
AOI-0062,2011-06-14,озимая пшеница,0.6995046536711973,0.6932487082326956,0.012497764151596143,0.35,0.6976229256857542
AOI-0062,2011-07-28,озимая пшеница,0.4588397532046342,0.44759987462129724,-0.012417429846930481,0.35,0.44325377417487155
AOI-0062,2011-10-16,озимая пшеница,0.5042475642813948,0.5090975087713859,0.0015271719291563156,0.35,0.5096320189465906
AOI-0062,2012-06-09,озимая пшеница,0.6344890748649498,0.6399655930550712,-0.0028581771441867593,0.35,0.6389652310546058
AOI-0062,2012-08-28,озимая пшеница,0.27670909459369714,0.26073780480573944,-0.013146856150906445,0.35,0.2561364051529222
AOI-0062,2012-09-04,озимая пшеница,0.17969253351236564,0.17073187616681598,0.00582891972546443,0.35,0.17277199807072854
AOI-0062,2012-09-13,озимая пшеница,0.27157120053466505,0.25966610858044653,-0.020729414756737695,0.35,0.25241081341558835
AOI-0062,2013-04-23,озимая пшеница,0.4078766594650215,0.4075375278738701,0.018787438137198118,0.35,0.4141131312218894
AOI-0062,2013-07-12,озимая пшеница,0.7107163662512792,0.7029961027293633,-0.017310435193368237,0.35,0.6969374504116844
AOI-0062,2013-07-28,озимая пшеница,0.6983344048794238,0.6875122872219624,-0.03526796360885757,0.35,0.6751684999588623
AOI-0062,2013-09-14,озимая пшеница,0.378003980659564,0.3696773093641889,-0.015429965324035878,0.35,0.36427682150077634
AOI-0062,2013-10-16,озимая пшеница,0.30855479912217,0.30096144080544124,-0.009304326469041361,0.35,0.2977049265412768
AOI-0062,2014-06-30,озимая пшеница,0.3119108706978503,0.30734601667506795,0.02231207627016799,0.35,0.31515524336962675
AOI-0062,2014-10-04,озимая пшеница,0.38184455064598927,0.3902268322490332,0.011787908816537216,0.35,0.3943526003348212
AOI-0062,2015-04-22,озимая пшеница,0.6443538190499845,0.649390245152664,0.007920178342392947,0.35,0.6521623075725015
AOI-0062,2015-05-09,озимая пшеница,0.6992528186846212,0.7038703633660847,-0.008316027525117394,0.35,0.7009597537322936
AOI-0062,2015-09-05,озимая пшеница,0.20078423663073672,0.1983392851946141,0.006086337563247262,0.35,0.20046950334175065
AOI-0062,2015-09-21,озимая пшеница,0.21492684233644296,0.20982855432419395,0.0026098580664309476,0.35,0.21074200464744478
AOI-0062,2016-05-08,озимая пшеница,0.8715137562981563,0.8771031600241709,-0.011740654788768994,0.35,0.8729939308481017
AOI-0062,2016-07-11,озимая пшеница,0.3546121683724456,0.3393560765816453,-0.003557990738955024,0.35,0.338110779823011
AOI-0062,2016-07-27,озимая пшеница,0.3710842496055601,0.3638697545067688,-0.004567156409832254,0.35,0.3622712497633275
AOI-0062,2016-09-13,озимая пшеница,0.26235108142122715,0.25788233464877197,-0.013094259576044598,0.35,0.25329934379715635
AOI-0062,2016-10-25,озимая пшеница,0.281110334107282,0.28748100436879126,0.018558083622114207,0.35,0.29397633363653125
AOI-0062,2017-04-07,озимая пшеница,0.3496372273168993,0.34732384735913285,0.002977649942650419,0.35,0.3483660248390605
AOI-0062,2017-07-28,озимая пшеница,0.6755039049414584,0.6755285028700225,-0.023324696061629787,0.35,0.6673648592484521
AOI-0062,2017-09-15,озимая пшеница,0.1607032874002227,0.16348706589385267,-0.0024332263284702646,0.35,0.16263543667888808
AOI-0062,2018-04-06,озимая пшеница,0.6343818562335097,0.6599222882032286,0.06280896666654728,0.35,0.6819054265365202
AOI-0062,2018-04-07,озимая пшеница,0.6762380924978546,0.6936515426836439,0.036980165455339636,0.35,0.7065946005930128
AOI-0062,2018-06-02,озимая пшеница,0.8174978828022155,0.8194809912776873,0.01812260943236157,0.35,0.8258239045790138
AOI-0062,2018-06-25,озимая пшеница,0.3345954845809799,0.3328754258023635,0.017093656341686955,0.35,0.33885820552195395
AOI-0062,2018-07-28,озимая пшеница,0.31298045426960974,0.3022656503376342,-0.0046578152725932805,0.35,0.30063541499222657
AOI-0062,2018-08-28,озимая пшеница,0.19657038619859196,0.19502001363093732,0.006619240730939984,0.35,0.1973367478867663
AOI-0062,2019-04-08,озимая пшеница,0.17099068059587325,0.15957489978070538,0.012400874589244309,0.35,0.1639152058869409
AOI-0062,2019-04-11,озимая пшеница,0.1649354643115085,0.168785513528425,0.01619919055805252,0.35,0.17445523022374337
AOI-0062,2019-06-17,озимая пшеница,0.6986858024134198,0.7020587273968991,0.0017093202851142211,0.35,0.7026569894966891
AOI-0062,2019-07-06,озимая пшеница,0.7252278394107696,0.7259380771817459,0.02150562299261739,0.35,0.7334650452291619
AOI-0062,2019-08-09,озимая пшеница,0.7243201371699759,0.7245100989999137,0.008522926335535377,0.35,0.727493123217351
AOI-0062,2019-08-23,озимая пшеница,0.41760008817086325,0.40715478714787956,-0.008302013899507781,0.35,0.40424908228305184
AOI-0062,2019-09-23,озимая пшеница,0.12103659390250855,0.11111498389808701,-0.0073130424392226535,0.35,0.10855541904435909
AOI-0062,2019-10-18,озимая пшеница,0.1681462460576846,0.16421632382801318,-0.006518370664028269,0.35,0.1619348940956033
AOI-0062,2019-10-23,озимая пшеница,0.23451597546555136,0.23195761371526566,-0.004933925376248068,0.35,0.23023073983357883
AOI-0062,2019-10-28,озимая пшеница,0.21428936944635785,0.2141589746596853,-0.016465064103462976,0.35,0.20839620222347327
AOI-0062,2020-04-30,озимая пшеница,0.7589225210552258,0.7597229172085357,-0.01449297350910907,0.35,0.7546503764803475
AOI-0062,2020-05-30,озимая пшеница,0.7941289607424371,0.7982290749606926,0.008503744102976895,0.35,0.8012053853967346
AOI-0062,2020-06-16,озимая пшеница,0.5198264884038342,0.526353214085693,0.012295350849240886,0.35,0.5306565868829274
AOI-0062,2020-07-26,озимая пшеница,0.1409541384214067,0.1341159960622592,-0.011198936041350947,0.35,0.13019636844778637
AOI-0062,2020-08-18,озимая пшеница,0.165582832342203,0.1608481431439461,-0.0055701169713393735,0.35,0.15889860220397733
AOI-0062,2020-08-20,озимая пшеница,0.1605692943827759,0.14838002455624302,-0.01475818008726502,0.35,0.14321466152570025
AOI-0062,2020-08-23,озимая пшеница,0.1635955791559427,0.15507931083887663,-0.009832042053504905,0.35,0.15163809612014992
AOI-0062,2020-08-25,озимая пшеница,0.1663817897359104,0.15774150146069826,-0.006945702135995057,0.35,0.15531050571309998
AOI-0062,2020-09-07,озимая пшеница,0.13485455673796395,0.12689439046165832,-0.004179525781359373,0.35,0.12543155643818255
AOI-0062,2020-09-09,озимая пшеница,0.14698314422615963,0.14425809954923688,0.0037698474892553517,0.35,0.14557754617047625
AOI-0062,2020-10-07,озимая пшеница,0.16562178970327082,0.1578140564308884,-0.0077878703337731815,0.35,0.15508830181406777
AOI-0062,2020-10-15,озимая пшеница,0.2511943715831598,0.23620569234696867,-0.01418428223229426,0.35,0.2312411935656657
AOI-0062,2021-04-23,озимая пшеница,0.3451482780921174,0.33411608105390334,0.013015824589405606,0.35,0.3386716196601953
AOI-0062,2021-05-05,озимая пшеница,0.21720493098893723,0.20657899619453413,0.006906194692001235,0.35,0.20899616433673457
AOI-0062,2021-05-08,озимая пшеница,0.21577376217153307,0.21596123966032255,0.02190243155876728,0.35,0.2236270907058911
AOI-0062,2021-05-12,озимая пшеница,0.18578400276016188,0.19002357688437935,0.006020949166314654,0.35,0.19213090909258948
AOI-0062,2021-06-06,озимая пшеница,0.32804415648509866,0.32402596928016714,0.002966931961285242,0.35,0.325064395466617
AOI-0062,2021-06-10,озимая пшеница,0.651905736088922,0.6422447094114029,-0.006397102070303178,0.35,0.6400057236867968
AOI-0062,2021-07-01,озимая пшеница,0.6968298683294601,0.7007725162789629,0.010453931956976352,0.35,0.7044313924639046
AOI-0062,2021-07-26,озимая пшеница,0.7405361296317623,0.7437510864053727,0.015601492802869273,0.35,0.749211608886377
AOI-0062,2021-07-29,озимая пшеница,0.7235469330831408,0.7306814172853301,0.01461642219806434,0.35,0.7357971650546526
AOI-0062,2021-09-12,озимая пшеница,0.21216435502889192,0.20713188999465837,-0.0029764432784493105,0.35,0.20609013484720112
AOI-0062,2021-09-13,озимая пшеница,0.26968920336639773,0.26572894149492293,0.0001999965969576305,0.35,0.2657989403038581
AOI-0062,2021-09-19,озимая пшеница,0.1984355133720359,0.19121152154903817,-0.004897754740037768,0.35,0.18949730739002496
AOI-0062,2021-09-27,озимая пшеница,0.1946846224013278,0.1947085457631203,0.005434088026390088,0.35,0.19661047657235683
AOI-0062,2021-09-29,озимая пшеница,0.18830996465406863,0.1836608301915622,0.0018585324047723684,0.35,0.18431131653323254
AOI-0062,2021-10-07,озимая пшеница,0.16930294691609796,0.16199271751507904,0.00314936605924681,0.35,0.16309499563581542
AOI-0062,2021-10-16,озимая пшеница,0.2926649503707386,0.28285127772986673,-0.008558394953809164,0.35,0.27985583949603354
AOI-0062,2022-04-10,озимая пшеница,0.7176850251030173,0.7335097314838653,0.02066726974933158,0.35,0.7407432758961314
AOI-0062,2022-04-27,озимая пшеница,0.8371101337988205,0.8408776058061637,0.0068861033210707474,0.35,0.8432877419685384
AOI-0062,2022-05-11,озимая пшеница,0.8877574228472738,0.8882375615536137,0.017478578040500462,0.35,0.8943550638677888
AOI-0062,2022-05-25,озимая пшеница,0.8536749575879288,0.8664476775403869,-0.0031147066059526263,0.35,0.8653575302283034
AOI-0062,2022-07-21,озимая пшеница,0.2014432557621162,0.19216729905773952,0.004033284712809771,0.35,0.19357894870722295
AOI-0062,2022-07-24,озимая пшеница,0.18885251848399776,0.19145477224734256,0.004085124324384095,0.35,0.19288456576087698
AOI-0062,2022-08-23,озимая пшеница,0.1718236664069438,0.16618971244318018,0.00010601095504949145,0.35,0.1662268162774475
AOI-0062,2022-09-14,озимая пшеница,0.2355135462324431,0.23013376888268988,-0.016100268940559367,0.35,0.2244986747534941
AOI-0062,2022-09-18,озимая пшеница,0.16132072580983725,0.16567183381758419,0.007452675323234473,0.35,0.16828027018071626
AOI-0062,2022-09-30,озимая пшеница,0.23727267952323453,0.230199706108147,-0.0034716586686874304,0.35,0.2289846255741064
AOI-0062,2022-10-19,озимая пшеница,0.15400480131512706,0.15245983020318887,0.006959899867051211,0.35,0.1548957951566568
AOI-0062,2023-05-17,озимая пшеница,0.34683785252692134,0.33865520611956945,-0.009268996745746123,0.35,0.3354110572585583
AOI-0062,2023-06-18,озимая пшеница,0.8663507563242973,0.8660865127043339,0.013651524078991156,0.35,0.8708645461319808
AOI-0062,2023-06-24,озимая пшеница,0.8538205962090002,0.8639532520323339,0.0187162206480456,0.35,0.8705039292591498
AOI-0062,2023-07-14,озимая пшеница,0.8027692130230702,0.8053573430667436,0.010556788754586061,0.35,0.8090522191308487
AOI-0062,2023-08-05,озимая пшеница,0.4818630920838505,0.47831458515750036,0.003969836118702013,0.35,0.4797040277990461
AOI-0062,2023-08-25,озимая пшеница,0.1497810959171248,0.14207257520952932,-0.0018202316057386622,0.35,0.1414354941475208
AOI-0062,2023-09-17,озимая пшеница,0.15631643589123567,0.15510612766488494,-0.0003403426545144773,0.35,0.15498700773580487
AOI-0062,2023-10-12,озимая пшеница,0.19491188553119002,0.18975436145043328,0.001831711765664251,0.35,0.19039546056841578
AOI-0062,2023-10-16,озимая пшеница,0.2539795588325868,0.24473720918343056,-0.009456328800429452,0.35,0.24142749410328024
AOI-0062,2024-04-22,озимая пшеница,0.8772950560549349,0.8797626781242094,-0.017606203523811478,0.35,0.8736005068908753
AOI-0062,2024-06-03,озимая пшеница,0.8088272118949947,0.8057136256937759,-0.0023948787322129353,0.35,0.8048754181375014
AOI-0062,2024-06-08,озимая пшеница,0.7379731627311358,0.7274313208847989,-0.030945839108306335,0.35,0.7166002771968917
AOI-0062,2024-06-23,озимая пшеница,0.23826053875554634,0.23414934615755287,-0.004652351898563684,0.35,0.23252102299305558
AOI-0062,2024-07-30,озимая пшеница,0.12107681702222368,0.1104286958625105,-0.01724110473818174,0.35,0.10439430920414688
AOI-0062,2024-08-04,озимая пшеница,0.15244192553399638,0.1312400451825509,-0.008130831092426193,0.35,0.1283942543002017
AOI-0062,2024-08-12,озимая пшеница,0.20219112533060743,0.18357963807031183,-0.033717648915519274,0.35,0.17177846094988009
AOI-0062,2024-09-06,озимая пшеница,0.13564194872444207,0.1293945094474653,0.004013414730931534,0.35,0.13079920460329134
AOI-0062,2024-10-26,озимая пшеница,0.15690099513684064,0.15692789133495963,0.015698895170546658,0.35,0.16242250464465097
AOI-0062,2025-04-01,озимая пшеница,0.23240846173019028,0.23538865217738658,0.0038343064458639573,0.35,0.23673065943343896
AOI-0062,2025-04-07,озимая пшеница,0.36353110878076955,0.36570630043219865,0.0169041821351051,0.35,0.3716227641794854
AOI-0062,2025-04-11,озимая пшеница,0.2448309600198624,0.2426078411124508,0.019867333155248777,0.35,0.24956140771678786
AOI-0062,2025-04-24,озимая пшеница,0.2304408716213797,0.23860841874911443,0.027324928932019144,0.35,0.24817214387532113
AOI-0062,2025-04-29,озимая пшеница,0.2653863435436843,0.2602921643949056,0.018717226821511113,0.35,0.2668431937824345
AOI-0062,2025-05-28,озимая пшеница,0.4762116743816289,0.48567489061286806,-0.005964554020578137,0.35,0.4835872967056657
AOI-0062,2025-06-28,озимая пшеница,0.7861231215356217,0.8017982279549567,0.02052300889547615,0.35,0.8089812810683733
AOI-0062,2025-07-06,озимая пшеница,0.7980608135112384,0.8073787011913741,0.019478493530969334,0.35,0.8141961739272133
AOI-0062,2025-07-07,озимая пшеница,0.7805929733493089,0.7821376024733314,0.0002103304350621134,0.35,0.7822112181256031
AOI-0062,2025-07-15,озимая пшеница,0.5266797424787799,0.5236904665704882,-0.0005466464884784842,0.35,0.5234991402995207
AOI-0062,2025-07-25,озимая пшеница,0.4117058172416915,0.4057809259584965,-0.011454193421448237,0.35,0.40177195826098966
AOI-0062,2025-08-02,озимая пшеница,0.28937692914051233,0.28064722169741624,-0.006620538549424196,0.35,0.2783300332051178
AOI-0062,2025-08-17,озимая пшеница,0.2427184848570748,0.24077722206175822,-0.00707142905396705,0.35,0.23830222189286976
AOI-0062,2025-09-24,озимая пшеница,0.21524047716338213,0.20870840661694545,0.0028259350617918376,0.35,0.2096974838885726
AOI-0062,2025-09-30,озимая пшеница,0.29019760958547636,0.28898376179533575,-0.00542329727646854,0.35,0.2870856077485718
AOI-0062,2025-10-08,озимая пшеница,0.18042739459882384,0.17499679069981366,-0.0006702843527834307,0.35,0.17476219117633945
AOI-0062,2025-10-13,озимая пшеница,0.1924702954103765,0.1870597991213096,0.004649785200481964,0.35,0.1886872239414783
AOI-0063,2025-04-14,озимая пшеница,0.24144494259912178,0.24070368285934707,-0.011046275499594487,0.35,0.236837486434489
AOI-0063,2025-04-19,озимая пшеница,0.21569625152522998,0.21781107478644926,-0.013458661981922589,0.35,0.21310054309277635
AOI-0063,2025-04-23,озимая пшеница,0.39495079952953366,0.3886846893319257,-0.00594198947765439,0.35,0.38660499301474666
AOI-0063,2025-04-24,озимая пшеница,0.23840958505076398,0.248409585050764,-0.008788420986924833,0.35,0.2453336377053403
AOI-0063,2025-05-06,озимая пшеница,0.2022797569043237,0.19804137324880502,0.0018227763188597393,0.35,0.19867934496040593
AOI-0063,2025-05-25,озимая пшеница,0.6113417735879739,0.6015873940451175,-0.014687512237129555,0.35,0.5964467647621222
AOI-0063,2025-06-05,озимая пшеница,0.7298132376510706,0.7306719567689937,-0.021999003858835638,0.35,0.7229723054184012
AOI-0063,2025-06-25,озимая пшеница,0.8032065869533183,0.7964652044317116,-0.003132736093008955,0.35,0.7953687467991585
AOI-0063,2025-06-28,озимая пшеница,0.8010790283347019,0.807016573108753,0.015052970275563363,0.35,0.8122851127052001
AOI-0063,2025-06-30,озимая пшеница,0.7797460687746738,0.7852902666125751,-0.0036208507037138785,0.35,0.7840229688662752
AOI-0063,2025-07-06,озимая пшеница,0.7888612954129204,0.7988612954129204,0.005205585208413379,0.35,0.8006832502358651
AOI-0063,2025-07-07,озимая пшеница,0.7874912007217743,0.788884206577255,-0.007705417565214583,0.35,0.7861873104294299
AOI-0063,2025-07-22,озимая пшеница,0.5346794942901927,0.5336812435248077,-0.006694622529263006,0.35,0.5313381256395657
AOI-0063,2025-08-23,озимая пшеница,0.40576479152834927,0.4045302076664042,-0.0074050306458029146,0.35,0.4019384469403732
AOI-0063,2025-09-13,озимая пшеница,0.25214038683539214,0.2522290283486704,-0.020824436340211357,0.35,0.24494047562959642
AOI-0063,2025-09-14,озимая пшеница,0.3201462436541568,0.3301462436541568,-0.035532378665477045,0.35,0.3177099111212398
AOI-0064,2025-04-14,озимая пшеница,0.45661594902854064,0.46298635086583273,0.007869689923011604,0.35,0.4657407423388868
AOI-0064,2025-04-23,озимая пшеница,0.6056477013004311,0.6117232811608887,0.01073071222082608,0.35,0.6154790304381779
AOI-0064,2025-04-24,озимая пшеница,0.43459134879796785,0.4248506752962936,0.015049941670221296,0.35,0.4301181548808711
AOI-0064,2025-06-03,озимая пшеница,0.7447056206966121,0.7393446004034598,0.006991187182726458,0.35,0.7417915159174141
AOI-0064,2025-06-05,озимая пшеница,0.7403928251801218,0.7363663459733495,0.0011135412888302163,0.35,0.73675608542444
AOI-0064,2025-06-26,озимая пшеница,0.4518560095606669,0.4616076411307016,0.007664399697850346,0.35,0.4642901810249492
AOI-0064,2025-06-27,озимая пшеница,0.37706341468560983,0.3766903243973714,0.020989413929171908,0.35,0.38403661927258154
AOI-0064,2025-06-28,озимая пшеница,0.37165993892908833,0.37678506365783176,0.008642625565711402,0.35,0.37980998260583076
AOI-0064,2025-07-10,озимая пшеница,0.2400008398674261,0.23675164013551542,0.006048728184864575,0.35,0.238868695000218
AOI-0064,2025-08-12,озимая пшеница,0.133281251123515,0.12835183844176026,0.001343200615193153,0.35,0.12882195865707788
AOI-0064,2025-08-19,озимая пшеница,0.1686823503411591,0.1613437263802719,0.00093140432871822,0.35,0.16166971789532328
AOI-0064,2025-08-27,озимая пшеница,0.16106375909545723,0.1562234524724778,-0.0041072648917864114,0.35,0.15478590976035256
AOI-0064,2025-08-31,озимая пшеница,0.21042760439241162,0.2176300556798895,0.0028728542263605186,0.35,0.2186355546591157
AOI-0064,2025-09-13,озимая пшеница,0.18472076952074082,0.17476205326644453,0.008623358579203055,0.35,0.1777802287691656
AOI-0064,2025-10-06,озимая пшеница,0.19719101399387343,0.19263971719879125,0.0012001127364197725,0.35,0.19305975665653816
AOI-0064,2025-10-13,озимая пшеница,0.18086343723596607,0.1712958094319738,0.00300661246683423,0.35,0.1723481237953658
AOI-0065,2025-04-19,озимая пшеница,0.42971782826226046,0.4317291908603961,0.008107780294149606,0.35,0.43456691396334846
AOI-0065,2025-05-01,озимая пшеница,0.46930972202111365,0.4677241171347081,0.011873106075108688,0.35,0.4718797042609961
AOI-0065,2025-06-04,озимая пшеница,0.5366140624860685,0.5309550105295866,0.015191071003452884,0.35,0.5362718853807951
AOI-0065,2025-06-05,озимая пшеница,0.5188801330440179,0.5114985185406526,0.0065174921840463265,0.35,0.5137796408050689
AOI-0065,2025-06-08,озимая пшеница,0.5256206711268625,0.5189637796688149,-0.0023770202353972435,0.35,0.5181318225864259
AOI-0065,2025-06-26,озимая пшеница,0.6552281372810578,0.6558684619682643,-0.005826007931649058,0.35,0.6538293591921871
AOI-0065,2025-07-15,озимая пшеница,0.4340582047972743,0.43280932238612885,-0.0032630657516966237,0.35,0.431667249373035
AOI-0065,2025-07-18,озимая пшеница,0.41072250482744543,0.4099652204781509,-0.00809345524544271,0.35,0.40713251114224597
AOI-0065,2025-08-07,озимая пшеница,0.2125086483146354,0.209173132593757,-0.005813328798459628,0.35,0.20713846751429613
AOI-0065,2025-08-17,озимая пшеница,0.21276286256948646,0.21249656960283933,0.000710610069681952,0.35,0.212745283127228
AOI-0065,2025-09-14,озимая пшеница,0.2911090179647242,0.2925860893694506,-0.01736753230367825,0.35,0.28650745306316316
AOI-0065,2025-09-25,озимая пшеница,0.2091273003898784,0.21000405922020488,-0.0027256224034725956,0.35,0.20905009137898947
AOI-0065,2025-09-30,озимая пшеница,0.34059018618274606,0.3434930604049698,-0.00748918750333759,0.35,0.3408718447788016
AOI-0065,2025-10-08,озимая пшеница,0.22720510647194092,0.2277091406691238,0.00487709779087191,0.35,0.22941612489592897
AOI-0066,2025-06-05,озимая пшеница,0.5066130161167077,0.5032875919748491,-0.015837736630481377,0.35,0.4977443841541806
AOI-0066,2025-07-05,озимая пшеница,0.7873586783278941,0.7876282546892637,-0.01754756864613155,0.35,0.7814866056631177
AOI-0066,2025-07-15,озимая пшеница,0.7047680574358413,0.7033091660795109,-0.024560820637634245,0.35,0.6947128788563389
AOI-0066,2025-07-25,озимая пшеница,0.537596947715713,0.5333336462197913,-0.010517843822786654,0.35,0.529652400881816
AOI-0066,2025-07-27,озимая пшеница,0.5052355402646093,0.5008231907215158,-0.01653488936418433,0.35,0.4950359794440513
AOI-0066,2025-08-14,озимая пшеница,0.3139108491350746,0.31332369877325617,0.006876124168515796,0.35,0.31573034223223667
AOI-0066,2025-09-01,озимая пшеница,0.16913592644590458,0.16780761799899951,0.010718452350417507,0.35,0.17155907632164563
AOI-0067,2010-04-25,зерновые,0.17418095611187873,0.17258213894666505,-7.3575238405624e-05,0.65,0.17253431504170139
AOI-0067,2010-06-20,зерновые,0.1865143624283251,0.182152459582053,0.008136152958453682,0.65,0.1874409590050479
AOI-0067,2010-06-26,зерновые,0.2588944478577273,0.2532479288842184,-0.0026195501135328233,0.65,0.25154522131042206
AOI-0067,2010-07-13,зерновые,0.17239024206679665,0.17565807645242748,0.017560042741547023,0.65,0.18707210423443305
AOI-0067,2010-07-21,зерновые,0.15978249312171802,0.16109097034467695,0.016724489424002512,0.65,0.1719618884702786
AOI-0067,2010-08-06,зерновые,0.1642970243186762,0.1655955101822459,0.0173150456044007,0.65,0.17685028982510634
AOI-0067,2010-08-07,зерновые,0.1476689582420546,0.1508487196287353,0.015493841968130615,0.65,0.1609197169080202
AOI-0067,2010-08-15,зерновые,0.14393672704571933,0.14773883434795015,0.015671620240162065,0.65,0.1579253875040555
AOI-0067,2010-09-23,зерновые,0.1564938769720498,0.15762692239753592,0.018926813051566235,0.65,0.169929350881054
AOI-0067,2010-10-09,зерновые,0.15123053537154516,0.14803605227578717,0.007706385016511639,0.65,0.15304520253651974
AOI-0067,2011-05-09,зерновые,0.3348088245992549,0.3338406801708517,-0.0015532095699458642,0.65,0.3328310939503869
AOI-0067,2011-05-14,зерновые,0.19127707057206889,0.19991734665859842,0.006716686275141158,0.65,0.20428319273744017
AOI-0067,2011-09-03,зерновые,0.3263804762938418,0.3268454256050338,0.010322022907038143,0.65,0.3335547404946086
AOI-0067,2011-09-19,зерновые,0.30426528771801553,0.3033738649855208,0.013341447536433376,0.65,0.3120458058842025
AOI-0067,2012-05-08,зерновые,0.372914242896142,0.36743134096563834,-0.012259210712565562,0.65,0.35946285400247074
AOI-0067,2012-06-09,зерновые,0.22661744389932426,0.21223900780912866,-0.018964043626623527,0.65,0.19991237945182336
AOI-0067,2012-07-27,зерновые,0.16565586199407312,0.16227149617193629,-0.008118740570839833,0.65,0.1569943148008904
AOI-0067,2012-09-29,зерновые,0.16968435587114114,0.15537740698596225,-0.010625730214537728,0.65,0.14847068234651273
AOI-0067,2013-07-30,зерновые,0.22874905524491446,0.23190790223290692,0.003543653232028429,0.65,0.2342112768337254
AOI-0067,2013-08-29,зерновые,0.39745709107322014,0.39596371805311936,0.0009424871866499786,0.65,0.39657633472444187
AOI-0067,2014-05-21,зерновые,0.18913664433456628,0.1997322431074361,0.006022594663047456,0.65,0.20364692963841693
AOI-0067,2014-05-25,зерновые,0.29957364516793394,0.29864050032260225,-0.01020671904427847,0.65,0.2920061329438213
AOI-0067,2014-06-06,зерновые,0.1970733381385271,0.19992861377874996,0.00709730812184179,0.65,0.2045418640579471
AOI-0067,2014-06-07,зерновые,0.19477020169704937,0.1992729321842267,0.013640528783395363,0.65,0.2081392758934337
AOI-0067,2014-07-01,зерновые,0.19784878843677692,0.19573834708512858,-0.002112997628252042,0.65,0.19436489862676476
AOI-0067,2014-07-16,зерновые,0.19037591940630968,0.19582593782762972,0.01072571623433657,0.65,0.20279765337994848
AOI-0067,2014-07-17,зерновые,0.15946899425058172,0.16404613217418335,0.005525025347339483,0.65,0.167637398649954
AOI-0067,2014-09-14,зерновые,0.22917812920432012,0.22591583107377172,-0.0008587158763112691,0.65,0.2253576657541694
AOI-0067,2014-10-12,зерновые,0.14012418917483732,0.14037671645683136,0.014017030460414099,0.65,0.14948778625610054
AOI-0067,2015-04-15,зерновые,0.16885420889939154,0.16794715764865872,-0.005852258910129693,0.65,0.16414318935707442
AOI-0067,2015-05-09,зерновые,0.29654144328961224,0.29818022638334185,0.00540464772355452,0.65,0.3016932474036523
AOI-0067,2015-06-02,зерновые,0.20675392637709372,0.2096021204049629,0.01691074619044549,0.65,0.22059410542875246
AOI-0067,2015-06-18,зерновые,0.2476115134274378,0.24618043591253191,-0.0010791304499130831,0.65,0.2454790011200884
AOI-0067,2015-07-12,зерновые,0.46100653888356274,0.4579486130977995,-0.011907539760478144,0.65,0.4502087122534887
AOI-0067,2015-07-20,зерновые,0.36259520276478263,0.3638019296404811,0.006982476149998225,0.65,0.3683405391379799
AOI-0067,2015-08-29,зерновые,0.4580262004355623,0.4553828603426771,-0.0011384881468922844,0.65,0.4546428430471971
AOI-0067,2015-09-14,зерновые,0.3640695429215511,0.3606805553067071,0.0014845388991423908,0.65,0.36164550559114966
AOI-0067,2015-09-29,зерновые,0.2503114194290858,0.24989202665114513,0.01445100358227611,0.65,0.2592851789796246
AOI-0067,2016-05-03,зерновые,0.24504020213481187,0.24445867132086346,0.004512789734248648,0.65,0.2473919846481251
AOI-0067,2016-05-10,зерновые,0.253337134412555,0.2582335108246714,-0.0017858436207110503,0.65,0.2570727124712092
AOI-0067,2016-05-11,зерновые,0.25316167954003627,0.2593741851387103,0.0019482012926100548,0.65,0.26064051597890686
AOI-0067,2016-06-25,зерновые,0.25549864231224706,0.2598761774472955,-0.0050769681457726035,0.65,0.2565761481525433
AOI-0067,2016-07-14,зерновые,0.19201417897632017,0.19642613298360223,-7.072296522814573e-05,0.65,0.19638016305620393
AOI-0067,2016-07-27,зерновые,0.37842992349336874,0.3795877360374444,-0.005557215791850242,0.65,0.3759755457727417
AOI-0067,2016-09-29,зерновые,0.2719477454996492,0.263712529845205,-0.003525968846061688,0.65,0.2614206500952649
AOI-0067,2016-10-25,зерновые,0.20113905812473973,0.20362275172490574,0.011855507844028376,0.65,0.2113288318235242
AOI-0067,2017-04-04,зерновые,0.16166808213434286,0.15426138573917486,-0.011800334431546825,0.65,0.14659116835866942
AOI-0067,2017-04-28,зерновые,0.16097835780978526,0.15860008343796633,0.0038070726492480202,0.65,0.16107468065997754
AOI-0067,2017-05-05,зерновые,0.17212188173475457,0.17561653065872904,0.0170919102342106,0.65,0.18672627231096592
AOI-0067,2017-06-07,зерновые,0.2894880425892961,0.29827855434742295,0.02224889317777207,0.65,0.3127403349129748
AOI-0067,2017-07-09,зерновые,0.46259504451766,0.46717842209360794,-0.0017497074860305657,0.65,0.46604111222768807
AOI-0067,2017-07-25,зерновые,0.5312206440338454,0.5350597901791982,0.012051901727177117,0.65,0.5428935263018634
AOI-0067,2017-08-02,зерновые,0.5746501835584003,0.5806573567057166,0.004141651569106421,0.65,0.5833494302256358
AOI-0067,2017-08-11,зерновые,0.5531421817303037,0.5549617089616422,0.004496332251865364,0.65,0.5578843249253547
AOI-0067,2017-08-13,зерновые,0.5226166950254709,0.5214986550627897,-0.009802718131647544,0.65,0.5151268882772188
AOI-0067,2017-08-29,зерновые,0.5049825548449347,0.5027788027925159,-0.00863573132566944,0.65,0.49716557743083073
AOI-0067,2017-09-14,зерновые,0.44484924950623683,0.4453829621074464,0.0035443500211253935,0.65,0.44768678962117786
AOI-0067,2017-09-20,зерновые,0.3974540802854828,0.40007093809116945,0.013726728457601558,0.65,0.40899331158861046
AOI-0067,2018-04-06,зерновые,0.195247058720604,0.1882312311564899,-0.002667784629451594,0.65,0.18649717114734637
AOI-0067,2018-04-23,зерновые,0.24803541694850928,0.24246112810748116,-0.006088196610896678,0.65,0.2385038003103983
AOI-0067,2018-05-25,зерновые,0.2511310805995257,0.2543064087736116,-0.008822738495928496,0.65,0.24857162875125807
AOI-0067,2018-07-11,зерновые,0.18448340924088338,0.18673627136727658,0.003248330108575223,0.65,0.18884768593785048
AOI-0067,2018-08-29,зерновые,0.21473675725758884,0.20810431586787997,-0.004316720372749428,0.65,0.20529844762559285
AOI-0067,2019-05-08,зерновые,0.7270718259846425,0.730729008525156,0.023802726074849827,0.65,0.7462007804738083
AOI-0067,2019-05-28,зерновые,0.7983121377990883,0.8062606700300784,0.02202156122457079,0.65,0.8205746848260494
AOI-0067,2019-06-12,зерновые,0.4768251125678182,0.4705192348893821,-0.009450399232769899,0.65,0.46437647538808163
AOI-0067,2019-07-12,зерновые,0.27642671978414834,0.2814029360247214,-0.008721057379427001,0.65,0.2757342487280938
AOI-0067,2019-07-14,зерновые,0.19712677756371372,0.19966479376666668,0.005971586244836822,0.65,0.20354632482581062
AOI-0067,2019-07-28,зерновые,0.42529033376944936,0.428681759632208,0.000435595970978656,0.65,0.4289648970133441
AOI-0067,2019-08-08,зерновые,0.4045633807510642,0.40855255313702926,0.010251045118402611,0.65,0.41521573246399096
AOI-0067,2019-08-11,зерновые,0.36467061840956094,0.3643143839110712,0.006259515628741354,0.65,0.36838306906975304
AOI-0067,2019-08-29,зерновые,0.30737803684867593,0.3030988767378625,-0.011082701414487991,0.65,0.2958951208184453
AOI-0067,2019-09-05,зерновые,0.25779392635971143,0.25918097183393873,0.008298382379204716,0.65,0.2645749203804218
AOI-0067,2019-09-16,зерновые,0.27146038335026645,0.2735453566715863,0.016748316310919588,0.65,0.28443176227368405
AOI-0067,2019-09-24,зерновые,0.28340876188239317,0.2836220634385446,0.00932348752632211,0.65,0.289682330330654
AOI-0067,2019-10-02,зерновые,0.2964323728769826,0.29906300020926097,0.016583972507447014,0.65,0.3098425823391015
AOI-0067,2019-10-03,зерновые,0.29501068642455325,0.29854645086266907,0.015990599047352956,0.65,0.30894034024344846
AOI-0067,2019-10-15,зерновые,0.28711187845949476,0.28878723587596916,0.014170824504892689,0.65,0.2979982718041494
AOI-0067,2020-04-22,зерновые,0.2311354003006097,0.22728648270031274,-0.014785919214169958,0.65,0.21767563521110225
AOI-0067,2020-04-27,зерновые,0.1371466152624068,0.14002347112728403,-0.008014585937841313,0.65,0.13481399026768717
AOI-0067,2020-05-02,зерновые,0.13025233693775018,0.1355614885961997,0.011420179158119274,0.65,0.14298460504897723
AOI-0067,2020-05-08,зерновые,0.3080318438310905,0.3098934278108822,-0.00035155439854940183,0.65,0.30966491745182506
AOI-0067,2020-07-06,зерновые,0.6363769065144554,0.6449831356761194,-0.0029928815636555846,0.65,0.6430377626597433
AOI-0067,2020-07-25,зерновые,0.394050160024424,0.39768045016420456,0.005589741559207849,0.65,0.40131378217768965
AOI-0067,2020-07-26,зерновые,0.40232547610426467,0.40044042643500727,-0.001246323393539184,0.65,0.3996303162292068
AOI-0067,2020-07-27,зерновые,0.4441839885181414,0.44068395972208835,-0.01329672547085312,0.65,0.4320410881660338
AOI-0067,2020-08-25,зерновые,0.35254930753202773,0.3519648113729704,0.004369491486743284,0.65,0.3548049808393536
AOI-0067,2020-10-15,зерновые,0.263657624972375,0.2579908599468974,-0.015008609444374876,0.65,0.24823526380805375
AOI-0067,2021-05-16,зерновые,0.2808657778259156,0.2806658157016841,0.006910541524605653,0.65,0.28515766769267775
AOI-0067,2021-06-06,зерновые,0.6204034813125291,0.6126422593840686,0.007434614707480514,0.65,0.6174747589439309
AOI-0067,2021-06-16,зерновые,0.670295351382507,0.6680431403416667,0.007719014420787731,0.65,0.6730604997151787
AOI-0067,2021-06-18,зерновые,0.6820144468974391,0.6753277749032713,-0.0024834579721647074,0.65,0.6737135272213642
AOI-0067,2021-07-04,зерновые,0.4335826258639017,0.4410007981610104,0.013892039015596738,0.65,0.45003062352114825
AOI-0067,2021-08-30,зерновые,0.28549050563193124,0.28536260734402275,0.017431927573413445,0.65,0.2966933602667415
AOI-0067,2021-09-09,зерновые,0.3014073981201781,0.30182401272940773,0.01752433337476168,0.65,0.3132148294230028
AOI-0067,2021-10-09,зерновые,0.18033883537724643,0.17742629301813168,0.01371496364248502,0.65,0.18634101938574693
AOI-0067,2022-04-02,зерновые,0.1300737482701156,0.12209385955335676,-0.005528587024748722,0.65,0.11850027798727009
AOI-0067,2022-04-23,зерновые,0.27534878581268185,0.27360566844711864,-0.004185553960537762,0.65,0.2708850583727691
AOI-0067,2022-04-26,зерновые,0.19052286038052424,0.19460692263737475,0.013446374524744993,0.65,0.203347066078459
AOI-0067,2022-06-01,зерновые,0.2038304227734876,0.1913454594469041,0.0002515079791497424,0.65,0.19150893963335142
AOI-0067,2022-07-01,зерновые,0.5839501856038023,0.5877607319158952,0.0016777598733063314,0.65,0.5888512758335442
AOI-0067,2022-08-23,зерновые,0.4354267873509402,0.43752884613421833,0.02368645471458743,0.65,0.4529250416987002
AOI-0067,2022-08-24,зерновые,0.4350975224356728,0.43883081589331685,0.012718420097801815,0.65,0.447097788956888
AOI-0067,2022-08-29,зерновые,0.40995752826428267,0.409020760063332,-0.002983915122761509,0.65,0.407081215233537
AOI-0067,2022-09-01,зерновые,0.3346546020699637,0.34302287895172523,0.020742064170794196,0.65,0.3565052206627415
AOI-0067,2022-09-25,зерновые,0.34425334225158366,0.34364865486194685,0.011035721630875295,0.65,0.3508218739220158
AOI-0067,2022-10-09,зерновые,0.30408443948702685,0.3024521417358002,0.00973712280536555,0.65,0.3087812715592878
AOI-0067,2022-10-14,зерновые,0.28985654633557656,0.2872575066455893,0.004623258521056503,0.65,0.29026262468427605
AOI-0067,2023-04-23,зерновые,0.30390016784524565,0.3012035511699946,0.0021650288380209615,0.65,0.30261081991470823
AOI-0067,2023-05-31,зерновые,0.22247602720322118,0.22987157198427133,0.020954102309935375,0.65,0.24349173848572933
AOI-0067,2023-06-30,зерновые,0.6654755648694582,0.6678185772649838,0.007231130763452175,0.65,0.6725188122612278
AOI-0067,2023-07-12,зерновые,0.6389997795513347,0.6397606673060482,-0.003499769094987382,0.65,0.6374858173943064
AOI-0067,2023-07-21,зерновые,0.5957408909081597,0.5982747039688131,0.0076322257452497745,0.65,0.6032356507032255
AOI-0067,2023-07-27,зерновые,0.5000926900126336,0.4984392147995666,0.007695674314213892,0.65,0.5034414031038056
AOI-0067,2023-08-26,зерновые,0.30644347281980683,0.3075891445234356,0.013146859515463922,0.65,0.3161346032084872
AOI-0067,2023-09-24,зерновые,0.19998301019307926,0.19985430114568276,0.012423314962738755,0.65,0.20792945587146294
AOI-0067,2023-09-27,зерновые,0.2089651204460003,0.20868965575156467,0.011349687534620654,0.65,0.2160669526490681
AOI-0067,2023-10-05,зерновые,0.2639858111383417,0.2651675982866809,0.011754208131228714,0.65,0.2728078335719796
AOI-0067,2023-10-13,зерновые,0.21535439346913718,0.21500704163277798,0.00977340377754898,0.65,0.2213597540881848
AOI-0067,2024-04-01,зерновые,0.16058224442131164,0.16293058466028032,0.01260246468130095,0.65,0.17112218670312593
AOI-0067,2024-04-11,зерновые,0.21656517612284487,0.20745002864021797,0.008255808377513319,0.65,0.21281630408560162
AOI-0067,2024-05-09,зерновые,0.4352911656637074,0.44220370653966656,0.009800044678421632,0.65,0.4485737355806406
AOI-0067,2024-05-24,зерновые,0.6548448208885214,0.6508247299943375,-0.02955649640911664,0.65,0.6316130073284116
AOI-0067,2024-07-05,зерновые,0.2527183470797544,0.25242701104999227,-0.002982938264820895,0.65,0.2504881011778587
AOI-0067,2024-07-10,зерновые,0.24444089116393758,0.2509167708903954,-0.0019309670420381178,0.65,0.24966164231307061
AOI-0067,2024-08-29,зерновые,0.13492897328689749,0.13868074907423655,0.011952628431398587,0.65,0.14644995755464563
AOI-0067,2024-09-06,зерновые,0.14777942174679062,0.14799910516152479,0.019645510253925913,0.65,0.16076868682657663
AOI-0067,2024-09-23,зерновые,0.13421426675944104,0.13158468790671984,0.003643999104322508,0.65,0.13395328732452946
AOI-0067,2025-04-17,зерновые,0.18173910166465676,0.1777345345817403,0.007858839943134842,0.65,0.18284278054477796
AOI-0067,2025-04-23,зерновые,0.21694714889069563,0.21612237922661132,-0.008856599825271257,0.65,0.210365589340185
AOI-0067,2025-04-28,зерновые,0.14047549120655717,0.1346319015269834,0.005430541120003933,0.65,0.13816175325498595
AOI-0067,2025-06-05,зерновые,0.12998175955559177,0.13189586504218795,0.009382991376279688,0.65,0.13799480943676976
AOI-0067,2025-06-21,зерновые,0.26698203243811885,0.2599515191250669,0.0010951329086463517,0.65,0.26066335551568703
AOI-0067,2025-06-26,зерновые,0.4413034573394194,0.4371576472836204,-0.009264646387540926,0.65,0.43113562713171877
AOI-0067,2025-07-05,зерновые,0.41433768755557476,0.4166583564740325,0.005882770237982317,0.65,0.420482157128721
AOI-0067,2025-07-14,зерновые,0.4607421146570839,0.46479940049080276,0.004332316220115425,0.65,0.4676154060338778
AOI-0067,2025-07-15,зерновые,0.4254782973897717,0.42426946759749656,-0.013602084782931793,0.65,0.4154281124885909
AOI-0067,2025-08-06,зерновые,0.5802009455084371,0.592585228872333,0.020871068104413245,0.65,0.6061514231402017
AOI-0067,2025-09-01,зерновые,0.42437497013668957,0.43408453172243205,0.029259837761148377,0.65,0.4531034262671785
AOI-0067,2025-09-23,зерновые,0.2770923536101364,0.2810131291237452,0.015663052776455525,0.65,0.2911941134284413
AOI-0067,2025-10-03,зерновые,0.21808825251397693,0.21809821123089146,0.007003253545002339,0.65,0.22265032603514298
AOI-0068,2010-04-16,зерновые,0.13958236815661393,0.13671132439977626,0.007906573893388665,0.65,0.1418505974304789
AOI-0068,2010-05-02,зерновые,0.16999396263094918,0.17092513369381931,0.014573108315824361,0.65,0.18039765409910516
AOI-0068,2010-05-09,зерновые,0.30748182906433186,0.31030256219731545,0.004659267366982418,0.65,0.313331085985854
AOI-0068,2010-06-20,зерновые,0.1678627825260366,0.17411329081312543,0.01191296624938408,0.65,0.1818567188752251
AOI-0068,2010-07-13,зерновые,0.1601314704788877,0.16510035681731494,0.021186171819500103,0.65,0.17887136849999
AOI-0068,2010-07-14,зерновые,0.13540153334885854,0.13523518301937468,0.002567635961445169,0.65,0.13690414639431403
AOI-0068,2010-07-28,зерновые,0.21477175644222515,0.21182700917492908,-0.016353133060267814,0.65,0.201197472685755
AOI-0068,2010-08-07,зерновые,0.15326040947145228,0.15488302849693378,-0.0006862921752624862,0.65,0.15443693858301316
AOI-0068,2010-08-29,зерновые,0.19246336162541114,0.18845795767583406,-0.012057262290102278,0.65,0.1806207371872676
AOI-0068,2011-04-07,зерновые,0.4734954145672711,0.4647287600335451,0.0020546228717401517,0.65,0.46606426490017616
AOI-0068,2011-05-30,зерновые,0.6023517785638628,0.6050532907983692,0.01332343702280794,0.65,0.6137135248631944
AOI-0068,2011-06-15,зерновые,0.3900194734260814,0.3923247735583533,0.009419580269251382,0.65,0.3984475007333667
AOI-0068,2011-06-23,зерновые,0.2794268600685478,0.2831791930431255,0.0067739243826219035,0.65,0.28758224389182974
AOI-0068,2011-07-16,зерновые,0.20332369290041596,0.20534252755633398,0.007192762413316255,0.65,0.21001782312498954
AOI-0068,2011-08-09,зерновые,0.1788768731308933,0.18183272587507762,0.009807603115245995,0.65,0.18820766789998752
AOI-0068,2011-09-03,зерновые,0.16887731808578962,0.16937371476982804,0.003190663383198938,0.65,0.17144764596890735
AOI-0068,2012-07-27,зерновые,0.1766476120876845,0.16982156412539848,-0.015923833181484583,0.65,0.1594710725574335
AOI-0068,2012-08-03,зерновые,0.14563228947620324,0.1486131629267971,0.009698455513392806,0.65,0.15491715901050243
AOI-0068,2012-10-22,зерновые,0.17854826465854945,0.1840295960659619,0.009163193107885848,0.65,0.1899856715860877
AOI-0068,2013-06-19,зерновые,0.26832821719312216,0.2713779727794948,0.01390080608944847,0.65,0.2804134967376363
AOI-0068,2013-06-27,зерновые,0.23791694317031106,0.2417734810593148,0.015069720065667803,0.65,0.25156879910199886
AOI-0068,2013-07-28,зерновые,0.26416901066279597,0.2587092113690343,-0.016219120653841467,0.65,0.24816678294403735
AOI-0068,2014-04-27,зерновые,0.4427756299836101,0.4356961940632807,-0.001508857191326748,0.65,0.4347154368889183
AOI-0068,2014-07-28,зерновые,0.19597479320969946,0.192186063319244,-0.01277161493633323,0.65,0.1838845136106274
AOI-0068,2014-08-17,зерновые,0.16670362424155416,0.17088330531623355,0.007123225242560625,0.65,0.17551340172389795
AOI-0068,2014-08-25,зерновые,0.13165527463937876,0.13171506609581957,0.009161987368416478,0.65,0.13767035788529028
AOI-0068,2014-10-05,зерновые,0.138942148175071,0.14469291852773547,0.017167655985824638,0.65,0.15585189491852147
AOI-0068,2014-10-16,зерновые,0.20304781683775322,0.2058120674797665,-0.002510936154323458,0.65,0.20417995897945623
AOI-0068,2014-10-29,зерновые,0.15979121886443398,0.1665909498098644,0.011412145716411888,0.65,0.17400884452553214
AOI-0068,2015-06-09,зерновые,0.33897326052304266,0.3428190682350076,0.01519816149335278,0.65,0.3526978732056869
AOI-0068,2015-07-27,зерновые,0.2694505274867708,0.27137941731123555,0.017171944356504775,0.65,0.28254118114296367
AOI-0068,2015-08-04,зерновые,0.24994257708454304,0.25255453881605233,0.01128057742443463,0.65,0.2598869141419348
AOI-0068,2016-05-02,зерновые,0.3193142002156354,0.3186480190375916,-0.006040640966516643,0.65,0.31472160240935576
AOI-0068,2016-05-11,зерновые,0.3087930252437828,0.31332860002450125,0.00341338115869265,0.65,0.31554729777765145
AOI-0068,2016-07-14,зерновые,0.3227604006483458,0.3242375798023362,0.003879086386338049,0.65,0.3267589859534559
AOI-0068,2016-08-28,зерновые,0.29099935069910127,0.28909938042612365,-0.0040275132601395106,0.65,0.286481496807033
AOI-0068,2016-09-13,зерновые,0.27636221847176573,0.2759594145529426,-0.006988867900764081,0.65,0.27141665041744595
AOI-0068,2016-09-29,зерновые,0.35679791113641085,0.35874927616924474,0.0032285964721167513,0.65,0.3608478638761206
AOI-0068,2017-05-14,зерновые,0.5338829968682508,0.5308052217228698,-0.0011546768666226416,0.65,0.530054681759565
AOI-0068,2017-06-10,зерновые,0.49906836165747837,0.49310338796964526,-0.002158992127670577,0.65,0.4917000430866594
AOI-0068,2017-06-22,зерновые,0.38730900861978096,0.3945760867921284,0.0168759861999877,0.65,0.4055454778221204
AOI-0068,2017-06-27,зерновые,0.29085079296322836,0.298471948434121,0.013002012481372699,0.65,0.30692325654701325
AOI-0068,2017-07-12,зерновые,0.2604478305372191,0.25916899446080227,-0.008338052258299603,0.65,0.2537492604929075
AOI-0068,2017-08-02,зерновые,0.19428705644920355,0.1978501036566452,0.00090841900936289,0.65,0.1984405760127311
AOI-0068,2017-08-11,зерновые,0.13446153202562966,0.13827598881833142,0.0023454419812069566,0.65,0.13980052610611593
AOI-0068,2017-08-13,зерновые,0.2109847870022365,0.20906250866821363,-0.013135653085758914,0.65,0.20052433416247034
AOI-0068,2017-09-02,зерновые,0.12913747688318392,0.12988871687085524,0.015372156460617684,0.65,0.13988061857025674
AOI-0068,2017-09-03,зерновые,0.1854509661075034,0.18665246524368848,0.010154589296951618,0.65,0.19325294828670703
AOI-0068,2018-04-28,зерновые,0.2588554475022326,0.2615088138036473,0.00022082611585194775,0.65,0.2616523507789511
AOI-0068,2018-05-09,зерновые,0.41620435926569865,0.41358016919883156,-0.010764648282746453,0.65,0.40658314781504634
AOI-0068,2018-06-07,зерновые,0.20191092505165686,0.20653743408902614,0.0078018449196686854,0.65,0.2116086332868108
AOI-0068,2018-07-11,зерновые,0.1504688288098746,0.1592205045183228,0.015189705151225991,0.65,0.16909381286661967
AOI-0068,2018-08-28,зерновые,0.14424538824150518,0.1494923434883424,0.014025495730621968,0.65,0.15860891571324667
AOI-0068,2018-09-06,зерновые,0.14319947748758113,0.1477449095210256,0.012482150247713705,0.65,0.1558583071820395
AOI-0068,2018-09-21,зерновые,0.13823381115287353,0.1411694695192931,0.019643250014424848,0.65,0.15393758202866925
AOI-0068,2019-05-25,зерновые,0.6184571953019573,0.6133847891209744,0.008522430740653609,0.65,0.6189243691023992
AOI-0068,2019-05-28,зерновые,0.5840023663170342,0.5914967317438361,0.017043291328208286,0.65,0.6025748711071715
AOI-0068,2019-06-28,зерновые,0.19326544332356388,0.20152240220336798,0.015975840132049904,0.65,0.21190669828920042
AOI-0068,2019-08-07,зерновые,0.2399372975219006,0.2448784925411568,0.010004987267288979,0.65,0.25138173426489463
AOI-0068,2019-09-01,зерновые,0.18584243064484005,0.18866885753352425,0.004175054155771785,0.65,0.1913826427347759
AOI-0068,2019-09-05,зерновые,0.156597974545194,0.16097245262405258,0.005142849422765664,0.65,0.16431530474885025
AOI-0068,2019-09-15,зерновые,0.16710026084260743,0.16680219706798813,0.008476017212395767,0.65,0.17231160825604538
AOI-0068,2019-09-24,зерновые,0.22068343821688657,0.22701443078224123,0.0128651214886655,0.65,0.23537675974987382
AOI-0068,2019-09-25,зерновые,0.21272766403562998,0.21986366890837725,0.010770877212698,0.65,0.22686473909663094
AOI-0068,2019-09-30,зерновые,0.3119790105931875,0.31522587631861465,-0.0015135876798156186,0.65,0.31424204432673447
AOI-0068,2019-10-02,зерновые,0.2615573225260595,0.26800554146698163,0.019379812060365254,0.65,0.28060241930621904
AOI-0068,2019-10-25,зерновые,0.3106304513790843,0.31567872651651774,0.005335579983077319,0.65,0.31914685350551797
AOI-0068,2020-04-02,зерновые,0.2944272038151184,0.2957145996818094,0.007547049126408996,0.65,0.30062018161397525
AOI-0068,2020-04-06,зерновые,0.3811830788658698,0.37816710867581926,0.0011115890550666978,0.65,0.37888964156161264
AOI-0068,2020-04-12,зерновые,0.29622771791206176,0.3006478113513744,0.008299057784981922,0.65,0.30604219891161266
AOI-0068,2020-04-19,зерновые,0.3039508119769469,0.30558993948912533,0.008834150215732478,0.65,0.3113321371293514
AOI-0068,2020-06-26,зерновые,0.18082041837131113,0.1809232510818597,0.0015349360522427771,0.65,0.1819209595158175
AOI-0068,2020-07-27,зерновые,0.18696815733607292,0.18297716377661502,-0.01509861864131428,0.65,0.17316306165976073
AOI-0068,2020-07-31,зерновые,0.1349009318426553,0.1387520200864475,0.0023209036584638768,0.65,0.14026060746444902
AOI-0068,2020-09-03,зерновые,0.16010911268948955,0.16016348814244835,0.002026218011148617,0.65,0.16148052984969496
AOI-0068,2020-10-05,зерновые,0.13805697190010593,0.14192717755179218,0.008102842696903586,0.65,0.1471940253047795
AOI-0068,2020-10-20,зерновые,0.16382255263421522,0.172327704843454,0.01090566643648793,0.65,0.17941638802717116
AOI-0068,2021-05-01,зерновые,0.2964167783094258,0.28899458658432936,-0.012073519616539876,0.65,0.28114679883357846
AOI-0068,2021-05-16,зерновые,0.4455500822050214,0.45296747624137956,0.03330215729601707,0.65,0.47461387848379066
AOI-0068,2021-06-11,зерновые,0.4522430158887469,0.4595771249762799,0.021055326625909386,0.65,0.473263087283121
AOI-0068,2021-06-16,зерновые,0.4352246146589871,0.4429051435973248,0.016324430035585258,0.65,0.45351602312045525
AOI-0068,2021-07-19,зерновые,0.2378229459246504,0.2440302337560666,0.007243665539349832,0.65,0.24873861635664402
AOI-0068,2021-07-31,зерновые,0.17817026157400598,0.18101883433844423,0.007852498662642444,0.65,0.18612295846916183
AOI-0068,2021-09-30,зерновые,0.41028880914852306,0.40854216296446544,0.0038413885022531053,0.65,0.41103906549092994
AOI-0068,2022-04-02,зерновые,0.2844463581089308,0.28316004480557333,-0.002777333772446157,0.65,0.28135477785348334
AOI-0068,2022-04-12,зерновые,0.3257439411811822,0.32137688016478705,0.0006798160125898616,0.65,0.3218187605729705
AOI-0068,2022-04-23,зерновые,0.5450975198425754,0.5425565266463716,-0.007643078226233741,0.65,0.5375885257993196
AOI-0068,2022-05-12,зерновые,0.5102443263485814,0.512514313540269,0.005369604697113402,0.65,0.5160045565933927
AOI-0068,2022-05-27,зерновые,0.40041910557086124,0.39569805214889725,-0.016343692701683597,0.65,0.38507465189280293
AOI-0068,2022-06-08,зерновые,0.3602808284860539,0.3641023566530979,0.005501452569325906,0.65,0.3676783008231598
AOI-0068,2022-06-20,зерновые,0.24199598909129721,0.25070076263070906,0.019482232083368068,0.65,0.2633642134848983
AOI-0068,2022-07-01,зерновые,0.17554910907880147,0.17829143168295,-0.00024551170178168475,0.65,0.17813184907679191
AOI-0068,2022-07-14,зерновые,0.14693581660824107,0.15011264237880192,0.006128643614535075,0.65,0.15409626072824972
AOI-0068,2022-07-30,зерновые,0.17881520752964689,0.1852261353488628,0.01284277508027571,0.65,0.19357393915104204
AOI-0068,2022-08-15,зерновые,0.15824785717959192,0.16195861592499672,0.0007496670975554423,0.65,0.16244589953840777
AOI-0068,2023-04-03,зерновые,0.4516272857550639,0.45225692243363286,0.015395874294107501,0.65,0.4622642407248027
AOI-0068,2023-04-17,зерновые,0.4739613809294137,0.4790876272889408,0.0069486153484875565,0.65,0.4836042272654577
AOI-0068,2023-05-09,зерновые,0.6520556498919524,0.6427781769634556,-0.0024950092852656608,0.65,0.6411564209280329
AOI-0068,2023-06-06,зерновые,0.5149801738375579,0.518228425094187,0.018831352030061272,0.65,0.5304688039137269
AOI-0068,2023-06-30,зерновые,0.26872672727443414,0.2769224178427143,0.011230831693818003,0.65,0.28422245844369604
AOI-0068,2023-07-05,зерновые,0.24066426863460616,0.24721453364214227,0.012738805395022576,0.65,0.25549475714890696
AOI-0068,2023-08-03,зерновые,0.23615336402008139,0.24208527982245062,0.01267988356439267,0.65,0.25032720413930587
AOI-0068,2023-08-13,зерновые,0.2970649227208075,0.2934373628835685,-0.01787084954431067,0.65,0.2818213106797665
AOI-0068,2023-09-03,зерновые,0.3418442652021427,0.3426895073666432,0.012193999067883897,0.65,0.35061560676076775
AOI-0068,2023-09-24,зерновые,0.32021891022339954,0.32385420343946897,0.016130262136226706,0.65,0.3343388738280163
AOI-0068,2023-10-06,зерновые,0.31219471998550496,0.3164634449110448,0.014333755305837758,0.65,0.3257803858598393
AOI-0068,2023-10-11,зерновые,0.29116275085885174,0.2931089790845976,0.012035653281596049,0.65,0.30093215371763504
AOI-0068,2024-05-01,зерновые,0.2436896333520836,0.2565576399272248,0.01632131807500143,0.65,0.26716649667597575
AOI-0068,2024-05-09,зерновые,0.1973064162771635,0.20420156163222347,0.015145752152600982,0.65,0.2140463005314141
AOI-0068,2024-06-15,зерновые,0.14885218070296902,0.15147253560164764,0.005850127953341149,0.65,0.1552751187713194
AOI-0068,2024-08-05,зерновые,0.1695993325010421,0.17423850031633603,0.00343098070912273,0.65,0.17646863777726582
AOI-0068,2024-08-09,зерновые,0.11829711657726874,0.12015322961234526,-0.00036407309183610374,0.65,0.1199165821026518
AOI-0068,2024-08-19,зерновые,0.14402210916412989,0.14506284411994738,0.008366866206221405,0.65,0.1505013071539913
AOI-0068,2024-08-28,зерновые,0.1918352223308653,0.1862532782338455,-0.016094164347241206,0.65,0.1757920714081387
AOI-0068,2024-09-08,зерновые,0.13742787693180333,0.14064513413546523,0.004428874378861556,0.65,0.14352390248172525
AOI-0068,2024-09-14,зерновые,0.17636999740148354,0.18097330359230224,0.010393470856407606,0.65,0.1877290596489672
AOI-0068,2024-09-29,зерновые,0.2153368757908123,0.21566131904217847,-0.009028664711432533,0.65,0.20979268697974732
AOI-0068,2024-10-13,зерновые,0.14225305876243619,0.14699481742794132,0.0020363632277103816,0.65,0.14831845352595308
AOI-0068,2025-05-08,зерновые,0.6604207684136106,0.6566479621279356,0.009066653052077694,0.65,0.6625412866117861
AOI-0068,2025-05-11,зерновые,0.6943960923672445,0.6882630699364339,0.0029891955942988363,0.65,0.6902060470727281
AOI-0068,2025-05-20,зерновые,0.7033237702397573,0.6973714635995628,0.00028324512680881877,0.65,0.6975555729319886
AOI-0068,2025-06-10,зерновые,0.43594292845551863,0.429612763921565,-0.005330801725781747,0.65,0.4261477427998069
AOI-0068,2025-06-15,зерновые,0.3464019039555809,0.3473918239638683,0.009999409319553251,0.65,0.3538914400215779
AOI-0068,2025-06-17,зерновые,0.32881292330696354,0.3277909467763873,0.0016451714801910687,0.65,0.32886030823851153
AOI-0068,2025-06-30,зерновые,0.20677576893580352,0.21138386299661094,0.011197551697155923,0.65,0.2186622715997623
AOI-0068,2025-07-22,зерновые,0.19812036940281078,0.20273147903207286,0.009151265673993346,0.65,0.20867980172016853
AOI-0068,2025-07-28,зерновые,0.2189763758648806,0.21471072664261878,-0.024287300625894237,0.65,0.19892398123578753
AOI-0068,2025-08-13,зерновые,0.2519169648608928,0.24531169886171483,-0.006383647470392873,0.65,0.24116232800595946
AOI-0068,2025-08-14,зерновые,0.17774642195548435,0.1790048469362544,0.01212713918091752,0.65,0.1868874874038508
AOI-0068,2025-08-23,зерновые,0.20931590035529493,0.21220294510265714,0.015419038346812273,0.65,0.22222532002808512
AOI-0068,2025-08-24,зерновые,0.17177613685462575,0.17374568942066626,0.0048028864584242804,0.65,0.17686756561864203
AOI-0068,2025-09-08,зерновые,0.17300383546117226,0.17463579512923696,0.004621011177463181,0.65,0.17763945239458803
AOI-0068,2025-09-14,зерновые,0.2671183813541713,0.2595610138521906,-0.012271636090017236,0.65,0.2515844503936794
AOI-0068,2025-09-24,зерновые,0.2232284460499597,0.23000145981501519,0.01575600767192425,0.65,0.24024286480176596
AOI-0069,2025-04-16,зерновые,0.14919147332071983,0.14733873770822892,0.01708529192630847,0.65,0.15844417746032943
AOI-0069,2025-04-21,зерновые,0.17435523854279836,0.17415868318390162,0.010341403616580447,0.65,0.18088059553467892
AOI-0069,2025-04-23,зерновые,0.2892639649700242,0.286895383499188,-0.010523106303668657,0.65,0.28005536440180334
AOI-0069,2025-05-01,зерновые,0.1609144581545207,0.15828000492024769,0.008751371970738468,0.65,0.1639683967012277
AOI-0069,2025-05-11,зерновые,0.251629819639852,0.25489126169976745,0.004179066035258729,0.65,0.25760765462268564
AOI-0069,2025-05-25,зерновые,0.5102981788664188,0.5112144055789483,-0.0035680710842734722,0.65,0.5088951593741705
AOI-0069,2025-05-28,зерновые,0.4264176208354607,0.43035507505824133,0.007595957397980302,0.65,0.4352924473669285
AOI-0069,2025-06-10,зерновые,0.42667638103597944,0.42655665880097154,-0.018254582815231075,0.65,0.41469117997107136
AOI-0069,2025-06-25,зерновые,0.2806407031981764,0.27862453144342236,-0.004493992265394962,0.65,0.27570343647091566
AOI-0069,2025-06-26,зерновые,0.33757105329375847,0.33310189102263227,-0.027717520174739434,0.65,0.31508550290905163
AOI-0069,2025-07-05,зерновые,0.18997093678499183,0.187089406986218,0.0003068471978969413,0.65,0.187288857664851
AOI-0069,2025-07-06,зерновые,0.22460193350110852,0.22410979825037186,0.005814512625595094,0.65,0.22788923145700868
AOI-0069,2025-07-22,зерновые,0.1413902977354041,0.14328504852599017,0.009710605271586101,0.65,0.14959694195252113
AOI-0069,2025-08-07,зерновые,0.15171466051508395,0.15159304979244942,0.007172589945000588,0.65,0.1562552332566998
AOI-0069,2025-08-14,зерновые,0.14390833096247302,0.14172930506131567,0.009610968143453,0.65,0.14797643435456012
AOI-0069,2025-09-01,зерновые,0.12070935767039837,0.11986083471897531,0.020088939775173228,0.65,0.13291864557283792
AOI-0069,2025-09-14,зерновые,0.20263835309009454,0.20422238539550414,-0.009990532696075177,0.65,0.19772853914305527
AOI-0069,2025-09-24,зерновые,0.16663911339023743,0.166822459822106,0.007569551439629351,0.65,0.17174266825786508
AOI-0069,2025-09-25,зерновые,0.1464926265334796,0.14690960573708406,0.0032697043226281555,0.65,0.14903491354679235
AOI-0069,2025-09-28,зерновые,0.13309615405742206,0.1323765505831891,0.009244172328753446,0.65,0.13838526259687883
AOI-0070,2025-05-11,зерновые,0.2790485253739631,0.2832634706852589,0.00949480871527651,0.65,0.28943509635018866
AOI-0070,2025-05-25,зерновые,0.39073515958419225,0.38907844158589516,-0.004626870779021568,0.65,0.38607097557953113
AOI-0070,2025-06-07,зерновые,0.21863163801779142,0.2183198266625278,0.009985352591691761,0.65,0.22481030584712744
AOI-0070,2025-06-10,зерновые,0.28364889427546325,0.2838832759123332,-0.005786128787664607,0.65,0.28012229220035123
AOI-0070,2025-06-25,зерновые,0.19409605264542165,0.19367469372578197,0.006541900361374042,0.65,0.1979269289606751
AOI-0070,2025-07-12,зерновые,0.24148558546961515,0.24205942375330614,-0.008105605587659053,0.65,0.23679078012132776
AOI-0070,2025-08-24,зерновые,0.15405949531560184,0.15317636412937663,0.008382506873585546,0.65,0.15862499359720725
AOI-0070,2025-08-31,зерновые,0.16634774108564332,0.16662882008072638,0.016974778936183457,0.65,0.17766242638924562
AOI-0070,2025-09-25,зерновые,0.15727006392740392,0.15888526168004435,0.013904289739728116,0.65,0.16792305001086763
AOI-0070,2025-10-02,зерновые,0.19737155387033217,0.2001991425989436,0.018782678195818126,0.65,0.2124078834262254
AOI-0070,2025-10-13,зерновые,0.1798575434856079,0.179560555508622,0.00856995080844412,0.65,0.18513102353411068
AOI-0070,2025-10-23,зерновые,0.21892466680837128,0.21870460592054816,0.009781713238527522,0.65,0.22506271952559104
AOI-0071,2025-04-16,зерновые,0.33855280775042357,0.33495990028814376,0.013747057637359459,0.65,0.3438954877524274
AOI-0071,2025-04-18,зерновые,0.36217382113150687,0.3550729082688718,0.008265323172526724,0.65,0.36044536833101415
AOI-0071,2025-04-21,зерновые,0.3632809405043005,0.36014537143953135,0.025637581739158644,0.65,0.37680979956998445
AOI-0071,2025-05-25,зерновые,0.503703178390265,0.511703178390265,0.018189570653227034,0.65,0.5235263993148626
AOI-0071,2025-06-26,зерновые,0.6177644910210194,0.6168931035908416,-0.0006349360119442013,0.65,0.6164803951830778
AOI-0071,2025-07-06,зерновые,0.5905659202326738,0.592640446922985,0.028712556787954372,0.65,0.6113036088351553
AOI-0071,2025-07-07,зерновые,0.5421016588620362,0.5387151527620029,0.022445017224916135,0.65,0.5533044139581984
AOI-0071,2025-07-12,зерновые,0.45088954077948157,0.4487004485708132,0.0019530594692984357,0.65,0.4499699372258572
AOI-0071,2025-08-13,зерновые,0.42579446715733615,0.4250787567797926,0.0045895889150536495,0.65,0.4280619895745775
AOI-0071,2025-08-23,зерновые,0.39068274263825126,0.3977362726353054,0.03104128956200888,0.65,0.41791311085061117
AOI-0071,2025-08-24,зерновые,0.36201791529830774,0.36474987383231045,0.019070616766606225,0.65,0.3771457747306045
AOI-0071,2025-08-26,зерновые,0.3664943003580557,0.3744943003580557,0.025505778137397486,0.65,0.39107305614736404
AOI-0071,2025-08-29,зерновые,0.3831493680031933,0.3791793715820751,-0.0016057165910432522,0.65,0.378135655797897
AOI-0071,2025-09-01,зерновые,0.3744241313294626,0.3742569807579585,0.03141080086992655,0.65,0.39467400132341074
AOI-0071,2025-09-15,зерновые,0.31174870957728884,0.3117085982500837,0.03050379415408048,0.65,0.331536064450236
AOI-0071,2025-09-28,зерновые,0.2896114202241298,0.2930479371057632,0.02914100927381159,0.65,0.31198959313374075
AOI-0072,2025-05-08,зерновые,0.7362031304504948,0.7396806945241884,0.010399987931511527,0.65,0.7464406866796709
AOI-0072,2025-06-04,зерновые,0.6708404509931136,0.6747882450152544,0.018553604133429744,0.65,0.6868480877019837
AOI-0072,2025-07-05,зерновые,0.17085957046760972,0.16911527500961954,0.02044861685528317,0.65,0.1824068759655536
AOI-0072,2025-07-06,зерновые,0.21319532827482185,0.2117831687413409,0.026721561373391548,0.65,0.2291521836340454
AOI-0072,2025-07-14,зерновые,0.1888898713246453,0.18867547073425125,0.025756648402385,0.65,0.20541729219580152
AOI-0072,2025-07-17,зерновые,0.14635577671749114,0.14566275847401336,0.01887394961662988,0.65,0.15793082572482278
AOI-0072,2025-08-07,зерновые,0.16530276497164123,0.165519656966535,0.019239553718053606,0.65,0.17802536688326986
AOI-0072,2025-08-19,зерновые,0.15595544014541163,0.15468998687051513,0.028262300690669886,0.65,0.17306048231945056
AOI-0072,2025-08-29,зерновые,0.2108766136486171,0.2141258337292812,-0.00908460340956498,0.65,0.20822084151306397
AOI-0072,2025-09-03,зерновые,0.13792154848055382,0.13699005674736753,0.02497799896938367,0.65,0.1532257560774669
AOI-0072,2025-09-15,зерновые,0.1539658582353049,0.15119089669195687,0.034064923481995975,0.65,0.17333309695525426
AOI-0072,2025-09-16,зерновые,0.1555983125063436,0.1543108860147661,0.029849679159770718,0.65,0.17371317746861709
AOI-0072,2025-09-30,зерновые,0.23010539521136075,0.23091744369650258,0.01746570755526332,0.65,0.24227015360742374
AOI-0072,2025-10-03,зерновые,0.14938994653114826,0.14991783414556592,0.03328493347006909,0.65,0.17155304090111084
AOI-0072,2025-10-13,зерновые,0.14618701289033437,0.1469797515161664,0.03250061946646009,0.65,0.16810515416936547
AOI-0073,2010-06-26,озимая пшеница,0.5983904270251379,0.6010858098891844,0.0028863621555415314,0.35,0.6020960366436239
AOI-0073,2010-07-12,озимая пшеница,0.49404564692339176,0.5010469467690662,0.0031376568186651005,0.35,0.5021451266555991
AOI-0073,2011-04-07,озимая пшеница,0.2947887140001812,0.29101205526652607,-0.025938531563968015,0.35,0.28193356921913726
AOI-0073,2011-07-14,озимая пшеница,0.5171699384884993,0.5217348923353724,0.016220856282108488,0.35,0.5274121920341104
AOI-0073,2011-09-14,озимая пшеница,0.3847290159751725,0.3842237402616349,-0.0020816499779620578,0.35,0.3834951627693482
AOI-0073,2012-04-22,озимая пшеница,0.48748140184099775,0.48505275382282126,-0.005592338908253742,0.35,0.4830954352049324
AOI-0073,2012-04-27,озимая пшеница,0.3747086860685658,0.3754910552152281,-0.0036295138589495994,0.35,0.3742207253645957
AOI-0073,2012-05-24,озимая пшеница,0.646927499829069,0.6473877949763956,-0.004803502063546645,0.35,0.6457065692541544
AOI-0073,2012-09-29,озимая пшеница,0.3014055181927123,0.3007391497234493,-0.006141961056813404,0.35,0.29858946335356457
AOI-0073,2013-04-03,озимая пшеница,0.24611108161841247,0.24664236947890472,-0.014445136627373008,0.35,0.24158657165932418
AOI-0073,2013-06-10,озимая пшеница,0.5521821318232295,0.5509478327673526,-0.020891232870326026,0.35,0.5436359012627385
AOI-0073,2013-06-25,озимая пшеница,0.5095790267733872,0.5188994473000978,0.023617325549869655,0.35,0.5271655112425522
AOI-0073,2013-07-12,озимая пшеница,0.5509199345163904,0.550137110315469,-0.014088390396162085,0.35,0.5452061736768122
AOI-0073,2013-07-28,озимая пшеница,0.5215018160314466,0.5289245358197822,0.002221809516537426,0.35,0.5297021691505702
AOI-0073,2013-09-30,озимая пшеница,0.44401455146691127,0.444155204830699,-0.006116251407202258,0.35,0.44201451683817816
AOI-0073,2014-05-27,озимая пшеница,0.5262235217602869,0.5318929731988568,0.008457456090222356,0.35,0.5348530828304345
AOI-0073,2014-07-12,озимая пшеница,0.7344580834021288,0.7357405749489506,-0.00818175701143646,0.35,0.7328769599949478
AOI-0073,2014-07-30,озимая пшеница,0.6263429452446498,0.6396952413070109,0.03310060965896299,0.35,0.651280454687648
AOI-0073,2014-08-13,озимая пшеница,0.4700957815388518,0.46912171062730734,-0.008341046236445597,0.35,0.4662023444445514
AOI-0073,2014-09-14,озимая пшеница,0.40148257139432775,0.3996905891366619,-0.010253816469436378,0.35,0.39610175337235914
AOI-0073,2014-10-10,озимая пшеница,0.23566763665243662,0.23490509740253646,0.00015393974502814255,0.35,0.23495897631329632
AOI-0073,2015-05-22,озимая пшеница,0.3704383454191753,0.37823065592871224,0.006581721734231223,0.35,0.38053425853569317
AOI-0073,2015-05-30,озимая пшеница,0.40554698895543695,0.4165807620939163,0.005878736438398594,0.35,0.41863831984735583
AOI-0073,2015-06-10,озимая пшеница,0.5801996287909919,0.581990245164699,0.00044920229981324335,0.35,0.5821474659696336
AOI-0073,2015-06-15,озимая пшеница,0.45772097465868894,0.4615310164343375,0.001887317111854496,0.35,0.4621915774234866
AOI-0073,2015-07-01,озимая пшеница,0.5643444479471106,0.5755129280586918,0.028628326836783655,0.35,0.5855328424515661
AOI-0073,2015-07-09,озимая пшеница,0.5972138367657205,0.6066201753032608,0.023295583489321963,0.35,0.6147736295245235
AOI-0073,2015-08-26,озимая пшеница,0.3512676662952052,0.35176370404234414,-0.0015490047776915523,0.35,0.35122155237015207
AOI-0073,2015-10-05,озимая пшеница,0.2252599063965089,0.22759366179350993,0.01575039890270575,0.35,0.23310630140945693
AOI-0073,2016-04-06,озимая пшеница,0.5660804783004139,0.5700511887527238,0.014837442449952363,0.35,0.5752442936102071
AOI-0073,2017-04-23,озимая пшеница,0.2814779790421781,0.27855418074983007,0.008688823265988913,0.35,0.2815952688929262
AOI-0073,2017-06-04,озимая пшеница,0.3498784415496448,0.36012446110780616,0.007950123256963013,0.35,0.3629070042477432
AOI-0073,2017-06-12,озимая пшеница,0.4465118149256057,0.4577435116080795,0.02454510096394025,0.35,0.4663342969454586
AOI-0073,2017-07-06,озимая пшеница,0.7218499858690083,0.7321258093414866,0.018370154004713053,0.35,0.7385553632431362
AOI-0073,2017-07-18,озимая пшеница,0.7550956534861554,0.7530447694285466,-0.0009887797054968605,0.35,0.7526986965316227
AOI-0073,2017-08-07,озимая пшеница,0.6821179430993125,0.6854474932491622,0.007898601825160424,0.35,0.6882120038879683
AOI-0073,2017-08-12,озимая пшеница,0.6552714137201477,0.6539614168592676,0.0025700572826128473,0.35,0.654860936908182
AOI-0073,2017-10-11,озимая пшеница,0.28836562654568626,0.29206844606197163,0.015492608617584714,0.35,0.2974908590781263
AOI-0073,2017-10-16,озимая пшеница,0.32254848011874643,0.320931369987199,-0.004041493431952314,0.35,0.3195168472860157
AOI-0073,2018-04-16,озимая пшеница,0.16260235275534946,0.16526713316283706,-0.013139647470434408,0.35,0.160668256548185
AOI-0073,2019-05-17,озимая пшеница,0.3031958463485235,0.30735747343740355,-0.01564169953972786,0.35,0.30188287859849877
AOI-0073,2019-05-19,озимая пшеница,0.27844145418278354,0.2807365625714359,-0.011818144564582227,0.35,0.27660021197383217
AOI-0073,2019-06-03,озимая пшеница,0.49318762272022454,0.4964280100995101,0.011149336992683785,0.35,0.5003302780469494
AOI-0073,2019-07-13,озимая пшеница,0.6559576411410439,0.6641933762184842,0.016687068936040845,0.35,0.6700338503460985
AOI-0073,2019-08-07,озимая пшеница,0.6499576918880201,0.6493816740794275,0.013181676256948136,0.35,0.6539952607693593
AOI-0073,2019-08-12,озимая пшеница,0.5625850002593207,0.5630390284487513,0.02913155043046629,0.35,0.5732350710994145
AOI-0073,2019-09-06,озимая пшеница,0.34700987650911785,0.3460333011672537,0.003735669729107938,0.35,0.3473407855724415
AOI-0073,2019-09-11,озимая пшеница,0.34209442985232436,0.3399290196041685,-0.002212865131988074,0.35,0.33915451680797265
AOI-0073,2019-09-15,озимая пшеница,0.2918363245998372,0.2977628674276839,0.012298199833503776,0.35,0.3020672373694102
AOI-0073,2019-09-16,озимая пшеница,0.2963926856532421,0.2991087763440001,0.009367428887910308,0.35,0.3023873764547687
AOI-0073,2019-09-28,озимая пшеница,0.2605218883934567,0.26304290861402085,0.003774381081825259,0.35,0.26436394199265967
AOI-0073,2019-10-16,озимая пшеница,0.2960368444144197,0.29615246642383797,-0.0036883817929960444,0.35,0.29486153279628935
AOI-0073,2019-10-26,озимая пшеница,0.213831791209099,0.21469244287947695,0.02333367424328047,0.35,0.22285922886462511
AOI-0073,2020-04-05,озимая пшеница,0.14205445659095864,0.1520384150995448,-0.018711660746428913,0.35,0.14548933383829468
AOI-0073,2020-04-15,озимая пшеница,0.11303038575502472,0.11284790478868165,-0.0219643444611143,0.35,0.10516038422729164
AOI-0073,2020-04-22,озимая пшеница,0.386660975160929,0.3864706633940015,-0.02059000124628728,0.35,0.37926416295780097
AOI-0073,2020-05-18,озимая пшеница,0.6114372414338456,0.6139582909321705,-0.009637835251649775,0.35,0.610585048594093
AOI-0073,2020-07-04,озимая пшеница,0.30423030412882324,0.30194493382869103,0.0045143805111517755,0.35,0.3035249670075941
AOI-0073,2020-07-06,озимая пшеница,0.32069518195820085,0.32071704884581,0.006238848492482234,0.35,0.3229006458181788
AOI-0073,2020-07-24,озимая пшеница,0.21040972874369396,0.2059447185132083,-0.0009470799496756744,0.35,0.20561324053082183
AOI-0073,2020-07-29,озимая пшеница,0.18964310427851566,0.17933502424044948,-0.012354677810681253,0.35,0.17501088700671102
AOI-0073,2020-08-12,озимая пшеница,0.29084008675980144,0.2809671344528534,-0.017629232514513173,0.35,0.27479690307277377
AOI-0073,2020-09-01,озимая пшеница,0.2351552315375252,0.23197200350407082,-5.784424489882435e-05,0.35,0.23195175801835624
AOI-0073,2020-09-20,озимая пшеница,0.1737600410986193,0.1720963085611532,-0.0015134192003378832,0.35,0.17156661184103494
AOI-0073,2020-10-20,озимая пшеница,0.22334948025754983,0.22277740936168744,0.0038772125781832184,0.35,0.22413443376405157
AOI-0073,2020-10-26,озимая пшеница,0.17742261382259805,0.1739793774346699,0.0016170678607972827,0.35,0.17454535118594894
AOI-0073,2021-05-06,озимая пшеница,0.21997360047743347,0.2232052492782331,-0.003687070062841352,0.35,0.22191477475623864
AOI-0073,2021-05-13,озимая пшеница,0.19059525998647942,0.19167057497760936,-0.0030049303939199165,0.35,0.19061884933973738
AOI-0073,2021-05-15,озимая пшеница,0.21101650901804248,0.2166400319643425,-0.0010920315322816587,0.35,0.21625782092804394
AOI-0073,2021-06-29,озимая пшеница,0.7015987770217976,0.702538108203525,0.009066202280089287,0.35,0.7057112790015563
AOI-0073,2021-07-25,озимая пшеница,0.7323006724067552,0.7404170678580494,0.01972925409817425,0.35,0.7473223067924104
AOI-0073,2021-08-02,озимая пшеница,0.6768433702792293,0.6869277659597889,0.026470387709390846,0.35,0.6961924016580757
AOI-0073,2021-09-07,озимая пшеница,0.33817651759704437,0.3353704004526078,0.005309081582214048,0.35,0.3372285790063827
AOI-0073,2021-09-14,озимая пшеница,0.3254734231493833,0.32704776576698374,-0.013745800459322749,0.35,0.3222367356062208
AOI-0073,2021-09-15,озимая пшеница,0.2831266805813075,0.28394624841334054,0.002229511187727768,0.35,0.28472657732904527
AOI-0073,2022-04-23,озимая пшеница,0.31825295470996584,0.3147261441291119,-0.007938705892675407,0.35,0.31194759706667546
AOI-0073,2022-04-25,озимая пшеница,0.20669299931643897,0.21118670608646053,0.005274077771266952,0.35,0.21303263330640396
AOI-0073,2022-06-04,озимая пшеница,0.28219519631949824,0.2829058013480933,0.0022583278555111112,0.35,0.28369621609752216
AOI-0073,2022-06-07,озимая пшеница,0.25965503580138816,0.2595595892599915,-0.013275419401852173,0.35,0.25491319246934324
AOI-0073,2022-06-09,озимая пшеница,0.25147295725872904,0.2549417159336499,0.012450103253081157,0.35,0.2592992520722283
AOI-0073,2022-06-14,озимая пшеница,0.40217010529374564,0.4008994718995808,-0.0003925412305976661,0.35,0.4007620824688716
AOI-0073,2022-07-05,озимая пшеница,0.777128018183461,0.7823676449721114,0.01713528477670308,0.35,0.7883649946439575
AOI-0073,2022-07-07,озимая пшеница,0.7372602976961836,0.740921852453841,0.03166801745086192,0.35,0.7520056585616427
AOI-0073,2022-09-10,озимая пшеница,0.36291122333196046,0.36026049788570935,0.027016010496590023,0.35,0.36971610155951584
AOI-0073,2022-09-30,озимая пшеница,0.347898333406662,0.3454986103540683,-0.0063004812951522274,0.35,0.34329344190076505
AOI-0073,2023-04-02,озимая пшеница,0.23894339250891894,0.23354124362630832,-0.0109237565289925,0.35,0.22971792884116093
AOI-0073,2023-04-28,озимая пшеница,0.26289792851105487,0.2658823515349089,0.01317278189363874,0.35,0.2704928251976825
AOI-0073,2023-05-03,озимая пшеница,0.2872722546222543,0.2872317098924693,0.005395767704927928,0.35,0.2891202285891941
AOI-0073,2023-05-05,озимая пшеница,0.2813872029923018,0.2856641020777438,0.008181118482431499,0.35,0.2885274935465948
AOI-0073,2023-05-13,озимая пшеница,0.3440706836723507,0.34977030982189394,-0.0004063346245416588,0.35,0.34962809270330436
AOI-0073,2023-06-04,озимая пшеница,0.5296808657695139,0.5297465057532372,0.010375004596888546,0.35,0.5333777573621482
AOI-0073,2023-06-07,озимая пшеница,0.528293800081767,0.5395098948626667,0.029813862545706702,0.35,0.549944746753664
AOI-0073,2023-07-25,озимая пшеница,0.31878467345367245,0.32014247373917026,0.015553856658417495,0.35,0.32558632356961636
AOI-0073,2023-07-31,озимая пшеница,0.23488711935280104,0.23585447213206218,0.002051196191210108,0.35,0.2365723907989857
AOI-0073,2023-08-06,озимая пшеница,0.24421210605857255,0.24883949794147694,0.024617393642093477,0.35,0.25745558571620963
AOI-0073,2023-08-16,озимая пшеница,0.23970181663131146,0.23595843982095052,0.013374053480256219,0.35,0.2406393585390402
AOI-0073,2023-08-28,озимая пшеница,0.23274362845506577,0.2331354639432134,-0.0003998262262498056,0.35,0.232995524764026
AOI-0073,2023-09-07,озимая пшеница,0.20385713177545967,0.2020300213331323,-0.005494927932607179,0.35,0.20010679655671978
AOI-0073,2023-09-12,озимая пшеница,0.20976632452481148,0.2093418090219566,0.00882456661504518,0.35,0.2124304073372224
AOI-0073,2023-09-29,озимая пшеница,0.21241240025044134,0.21487035870692944,0.011349513993767069,0.35,0.21884268860474793
AOI-0073,2023-10-11,озимая пшеница,0.2558600660200453,0.25924290484794255,0.014971752076402011,0.35,0.2644830180746833
AOI-0073,2023-10-15,озимая пшеница,0.24371141329207038,0.25014642074500937,0.014449608781093727,0.35,0.25520378381839215
AOI-0073,2024-04-14,озимая пшеница,0.4378900345303148,0.45187596115401685,0.00043269377450594034,0.35,0.45202740397509394
AOI-0073,2024-04-20,озимая пшеница,0.5516791307296427,0.5650985479494204,0.012220077349082478,0.35,0.5693755750215993
AOI-0073,2024-05-06,озимая пшеница,0.6256651389336361,0.6346045304135078,0.011684518353798013,0.35,0.6386941118373372
AOI-0073,2024-05-07,озимая пшеница,0.6354431072422283,0.6444343767364944,0.014859240953573011,0.35,0.649635111070245
AOI-0073,2024-06-23,озимая пшеница,0.36587806288533786,0.3687819349951803,-0.0009669112571081373,0.35,0.36844351605519243
AOI-0073,2024-07-03,озимая пшеница,0.2441102030360882,0.24393829953948343,0.0004376705606194621,0.35,0.24409148423570023
AOI-0073,2024-07-11,озимая пшеница,0.3963934064380026,0.3928602145514397,-0.007292711745816249,0.35,0.390307765440404
AOI-0073,2024-07-13,озимая пшеница,0.2582196644204662,0.2518071321732905,-0.0116682616809871,0.35,0.247723240584945
AOI-0073,2024-07-21,озимая пшеница,0.2531943780560988,0.24403705033521095,-0.004117748068707992,0.35,0.24259583851116315
AOI-0073,2024-07-25,озимая пшеница,0.24723466041263492,0.2396110660047786,-0.012759305141798235,0.35,0.23514530920514923
AOI-0073,2024-08-12,озимая пшеница,0.27986011572978275,0.27261542096782604,-0.029152881183913713,0.35,0.26241191255345625
AOI-0073,2024-08-28,озимая пшеница,0.27225857815473276,0.2649782221083422,-0.016820837991235935,0.35,0.25909092881140966
AOI-0073,2024-09-01,озимая пшеница,0.18856845199039682,0.18413909952291457,-0.004665640258525512,0.35,0.18250612543243064
AOI-0073,2024-09-13,озимая пшеница,0.24054710851733543,0.23638228313625526,-0.03139483088093919,0.35,0.22539409232792654
AOI-0073,2024-09-29,озимая пшеница,0.23455033680560883,0.2315763502159485,-0.014779642219915574,0.35,0.22640347543897804
AOI-0073,2025-04-07,озимая пшеница,0.26306117199953416,0.26102417908238634,0.003397192960935769,0.35,0.26221319661871384
AOI-0073,2025-04-15,озимая пшеница,0.21155490570023888,0.21143149513570697,-0.00038008787629707124,0.35,0.211298464379003
AOI-0073,2025-04-19,озимая пшеница,0.18566202472564974,0.18495036399716588,0.010787796665784692,0.35,0.18872609283019054
AOI-0073,2025-04-22,озимая пшеница,0.20814023326026837,0.20162353020635834,-0.0013301853269866346,0.35,0.20115796534191302
AOI-0073,2025-04-23,озимая пшеница,0.28929530741732623,0.28279877230972555,-0.004392496269651911,0.35,0.2812613986153474
AOI-0073,2025-04-29,озимая пшеница,0.19525212026739938,0.1940520398980688,0.008645010351129325,0.35,0.19707779352096405
AOI-0073,2025-05-11,озимая пшеница,0.23524244443265296,0.23066944202786702,-0.013408688114353792,0.35,0.22597640118784318
AOI-0073,2025-05-22,озимая пшеница,0.24648002448459722,0.23854975975075127,-0.002083580848469315,0.35,0.237820506453787
AOI-0073,2025-05-29,озимая пшеница,0.23826594220832567,0.23275066558284224,-0.009256175959291906,0.35,0.22951100399709007
AOI-0073,2025-06-03,озимая пшеница,0.3128921635704178,0.3147506563017002,0.005809366167813631,0.35,0.31678393446043496
AOI-0073,2025-06-30,озимая пшеница,0.7485940182229601,0.7545257751766339,0.011819734624613842,0.35,0.7586626822952487
AOI-0073,2025-07-06,озимая пшеница,0.7742976764516283,0.7794662299269277,0.020033441538209202,0.35,0.7864779344653009
AOI-0073,2025-07-08,озимая пшеница,0.7631880956190368,0.7707028667158722,0.024418202955992757,0.35,0.7792492377504696
AOI-0073,2025-07-28,озимая пшеница,0.6900713348419235,0.6939330792976249,-0.01649782273903203,0.35,0.6881588413389638
AOI-0073,2025-08-05,озимая пшеница,0.7011592529005755,0.7019630206901225,0.014322316467377538,0.35,0.7069758314537047
AOI-0073,2025-08-07,озимая пшеница,0.7024246583795146,0.7068037019563566,0.008670382043377537,0.35,0.7098383356715386
AOI-0073,2025-08-22,озимая пшеница,0.4710913669298458,0.4753217337834144,0.013794671674332785,0.35,0.4801498688694309
AOI-0073,2025-08-27,озимая пшеница,0.40611546540483723,0.40390124701746666,0.0016970991196879237,0.35,0.4044952317093574
AOI-0073,2025-09-22,озимая пшеница,0.30818813840919246,0.30865422720212354,0.012418269076991749,0.35,0.31300062137907064
AOI-0074,2010-07-12,озимая пшеница,0.37518369012592534,0.38220325343691663,0.0015535077963665313,0.35,0.38274698116564493
AOI-0074,2010-08-29,озимая пшеница,0.318717079760496,0.3140815024751668,-0.00968792442024818,0.35,0.3106907289280799
AOI-0074,2011-05-27,озимая пшеница,0.3059946635065798,0.3179072874842701,0.01848563307609274,0.35,0.3243772590609026
AOI-0074,2011-06-20,озимая пшеница,0.5766962066013721,0.5895649142050875,-0.003344518080804003,0.35,0.5883943328768061
AOI-0074,2011-06-26,озимая пшеница,0.7680533695598796,0.7742730061067185,-0.0019064696513345805,0.35,0.7736057417287513
AOI-0074,2011-07-06,озимая пшеница,0.724607235333789,0.7347667154377621,0.02766555792348511,0.35,0.7444496607109818
AOI-0074,2011-09-24,озимая пшеница,0.280932462226679,0.281637364345259,0.0019155221474863285,0.35,0.2823077970968792
AOI-0074,2013-06-25,озимая пшеница,0.42515811560286915,0.43901772780954623,0.01237464095699324,0.35,0.4433488521444939
AOI-0074,2013-07-03,озимая пшеница,0.347066485453166,0.3653792561467447,0.026895284779305747,0.35,0.37479260581950175
AOI-0074,2013-07-11,озимая пшеница,0.3230756128472709,0.330356080342607,0.016039886295968295,0.35,0.3359700405461959
AOI-0074,2013-08-13,озимая пшеница,0.36059528179145667,0.35364311544636806,-0.004146467291908399,0.35,0.3521918518942001
AOI-0074,2014-07-14,озимая пшеница,0.7828322301630098,0.7936513438948686,0.03475056849091158,0.35,0.8058140428666877
AOI-0074,2014-07-28,озимая пшеница,0.646662434520813,0.651045079094839,-0.009571455850703129,0.35,0.6476950695470929
AOI-0074,2014-09-14,озимая пшеница,0.3279236993314171,0.32395997683661,-0.013177629786149475,0.35,0.31934780641145766
AOI-0074,2014-10-16,озимая пшеница,0.2606354644948988,0.2613366813306905,-0.014685754830342384,0.35,0.25619666714007067
AOI-0074,2015-04-23,озимая пшеница,0.3060214879700289,0.3062395443542453,-0.012049868535636235,0.35,0.3020220903667726
AOI-0074,2015-04-28,озимая пшеница,0.20554166965197274,0.2102312187967559,0.0027028383786553843,0.35,0.2111772122292853
AOI-0074,2015-07-25,озимая пшеница,0.6664092167114645,0.6692329145151077,0.02162902071602069,0.35,0.676803071765715
AOI-0074,2015-10-16,озимая пшеница,0.2566946460094054,0.2561250005389432,-0.012988337274538464,0.35,0.25157908249285477
AOI-0074,2015-10-29,озимая пшеница,0.18869060081424338,0.18212447042004848,-0.006953763075380651,0.35,0.17969065334366524
AOI-0074,2016-08-12,озимая пшеница,0.33965421713312405,0.3443186295393444,0.008024513583443272,0.35,0.3471272092935495
AOI-0074,2016-08-20,озимая пшеница,0.24146344624087823,0.24416391376858415,0.013392033838118825,0.35,0.24885112561192574
AOI-0074,2017-04-23,озимая пшеница,0.2822320410809138,0.2868690378172731,0.009928238571866189,0.35,0.29034392131742626
AOI-0074,2017-05-04,озимая пшеница,0.22654551079502594,0.2288359202622187,-0.004625877232512466,0.35,0.22721686323083934
AOI-0074,2017-05-06,озимая пшеница,0.20592142501403812,0.20763373274165364,0.0012230160414258185,0.35,0.2080617883561527
AOI-0074,2017-06-04,озимая пшеница,0.3865411829496749,0.3956357443849235,0.0027261238651080624,0.35,0.3965898877377113
AOI-0074,2017-06-05,озимая пшеница,0.3678430083080288,0.37893955941155255,0.01042210164174361,0.35,0.38258729498616284
AOI-0074,2017-06-10,озимая пшеница,0.6421113621208644,0.638169109479521,0.009695106537947754,0.35,0.6415623967678027
AOI-0074,2017-06-20,озимая пшеница,0.5243560468168911,0.5382017821342457,0.014127375473992811,0.35,0.5431463635501432
AOI-0074,2017-06-26,озимая пшеница,0.7673075121780594,0.7770225742585268,0.014475856494713574,0.35,0.7820891240316766
AOI-0074,2017-07-18,озимая пшеница,0.7499452847789903,0.7473464236785679,0.002049193991357869,0.35,0.7480636415755431
AOI-0074,2017-08-07,озимая пшеница,0.6596140233629331,0.6609663658923042,0.007534992509634044,0.35,0.6636036132706761
AOI-0074,2017-08-17,озимая пшеница,0.5315788837715187,0.5323586491276835,0.011272169341934037,0.35,0.5363039083973604
AOI-0074,2017-09-16,озимая пшеница,0.309375046440736,0.31053907128283365,0.007322470788598068,0.35,0.31310193605884296
AOI-0074,2017-10-11,озимая пшеница,0.259630831300825,0.2598404981864409,0.009514886271299301,0.35,0.26317070838139567
AOI-0074,2017-10-16,озимая пшеница,0.2865298123729159,0.27945132316286725,-0.008063678141995111,0.35,0.27662903581316894
AOI-0074,2018-04-04,озимая пшеница,0.17052195704999032,0.15889171927356197,-0.017000687761687307,0.35,0.1529414785569714
AOI-0074,2018-04-23,озимая пшеница,0.33792547177619087,0.33670389435845866,0.00675220268234409,0.35,0.3390671652972791
AOI-0074,2018-05-06,озимая пшеница,0.27496247477324687,0.2783171261989537,-0.008568793822032982,0.35,0.2753180483612422
AOI-0074,2018-05-11,озимая пшеница,0.3005061775202367,0.3128228949505425,0.0008494992558243761,0.35,0.313120219690081
AOI-0074,2018-05-22,озимая пшеница,0.3550231436736382,0.35993990099841117,-0.013774507423078178,0.35,0.3551188234003338
AOI-0074,2018-05-26,озимая пшеница,0.3520815225075935,0.35875711226479534,0.0027925374267456925,0.35,0.35973450036415633
AOI-0074,2018-05-30,озимая пшеница,0.3640116533029203,0.3742404321261375,0.007979584966934912,0.35,0.3770332868645647
AOI-0074,2018-07-13,озимая пшеница,0.6851575325676721,0.7045091441695278,0.02846695815573418,0.35,0.7144725795240348
AOI-0074,2018-08-18,озимая пшеница,0.7567969731533849,0.7512135299009249,0.007590811220677864,0.35,0.7538703138281622
AOI-0074,2018-09-14,озимая пшеница,0.3693125258772536,0.3651075083079917,-0.0036354535636549724,0.35,0.36383509956071247
AOI-0074,2018-09-19,озимая пшеница,0.36329158055230015,0.36012453370220754,0.008568737020691952,0.35,0.36312359165944974
AOI-0074,2018-09-30,озимая пшеница,0.3246921973569805,0.31637658240540123,-0.017855971694430244,0.35,0.31012699231235064
AOI-0074,2019-04-23,озимая пшеница,0.2652748783028466,0.25942652064841065,-0.016249083652887526,0.35,0.2537393413699
AOI-0074,2019-05-04,озимая пшеница,0.24459730984544345,0.2279119275698549,-0.014712551494847678,0.35,0.2227625345466582
AOI-0074,2019-05-14,озимая пшеница,0.2682158811309333,0.24867216649220125,-0.021792448743755643,0.35,0.24104480943188678
AOI-0074,2019-05-16,озимая пшеница,0.24009873958415517,0.2336210813469429,-0.004147503415614505,0.35,0.23216945515147783
AOI-0074,2019-05-31,озимая пшеница,0.44976972077367866,0.449407645671248,-0.005237421442227646,0.35,0.44757454816646836
AOI-0074,2019-06-13,озимая пшеница,0.631888547358461,0.6518057829162403,0.0214129073574402,0.35,0.6593003004913444
AOI-0074,2019-07-13,озимая пшеница,0.6709943008448467,0.6768100389918952,0.016447841911781117,0.35,0.6825667836610185
AOI-0074,2019-08-05,озимая пшеница,0.607840728302508,0.6011822304865226,0.021128074594306476,0.35,0.6085770565945299
AOI-0074,2019-08-09,озимая пшеница,0.556853321757296,0.5574157164667491,0.00828554842446759,0.35,0.5603156584153128
AOI-0074,2019-09-14,озимая пшеница,0.3227601427711391,0.3158753292488712,-0.014571500071264138,0.35,0.31077530422392874
AOI-0074,2020-04-09,озимая пшеница,0.19625340838254837,0.1852996228260572,-0.0010294164030577066,0.35,0.184939327084987
AOI-0074,2020-07-06,озимая пшеница,0.2560533021585252,0.2620836197225408,0.003959454586380024,0.35,0.2634694288277738
AOI-0074,2020-07-22,озимая пшеница,0.23695776643659794,0.22843581802693766,0.009190387287824169,0.35,0.2316524535776761
AOI-0074,2020-08-07,озимая пшеница,0.2234299381821462,0.2205673105037178,0.002544348755369174,0.35,0.221457832568097
AOI-0074,2020-08-26,озимая пшеница,0.21692473040980562,0.2008724455273169,-0.005499253075216235,0.35,0.1989477069509912
AOI-0074,2020-09-07,озимая пшеница,0.15230729298808948,0.15033557253938498,-0.006105266275090799,0.35,0.1481987293431032
AOI-0074,2020-09-08,озимая пшеница,0.1986736899967437,0.18912141703848245,-0.008525325449253881,0.35,0.18613755313124358
AOI-0074,2020-09-12,озимая пшеница,0.16179710051349683,0.15708347770969197,-0.0009319155429669784,0.35,0.15675730726965353
AOI-0074,2020-10-07,озимая пшеница,0.15518965289021272,0.15454567133594307,-0.001398934924750034,0.35,0.15405604411228055
AOI-0074,2020-10-12,озимая пшеница,0.13676279083703463,0.13695536570639633,-0.005023728437725385,0.35,0.13519706075319243
AOI-0074,2020-10-18,озимая пшеница,0.22110469895119159,0.2152671519373312,-0.004307955847703555,0.35,0.21375936739063495
AOI-0074,2020-10-22,озимая пшеница,0.1315179459495659,0.13347373576273477,-0.01677411238981218,0.35,0.1276027964263005
AOI-0074,2021-04-25,озимая пшеница,0.2245407806537916,0.20925303487059402,-0.018310713565393395,0.35,0.20284428512270633
AOI-0074,2021-06-23,озимая пшеница,0.5923863655527626,0.6122947084509422,0.022429522900707457,0.35,0.6201450414661899
AOI-0074,2021-06-27,озимая пшеница,0.6008962617788411,0.6275208154116405,0.027288413919047492,0.35,0.6370717602833071
AOI-0074,2021-07-17,озимая пшеница,0.6885016124118741,0.6978292036833177,0.02212781923162079,0.35,0.7055739404143849
AOI-0074,2021-08-03,озимая пшеница,0.5579719716904645,0.5671894172584169,0.01372894468267592,0.35,0.5719945478973535
AOI-0074,2021-08-06,озимая пшеница,0.5446358132025904,0.5494320875701504,0.006832026438536417,0.35,0.5518232968236382
AOI-0074,2021-08-19,озимая пшеница,0.46065717986614785,0.4528440194148003,0.007111534908808049,0.35,0.4553330566328831
AOI-0074,2021-09-03,озимая пшеница,0.3617952310442936,0.3389852761559086,-0.0018716707279511145,0.35,0.33833019140112575
AOI-0074,2021-10-06,озимая пшеница,0.2068560755500835,0.2038774149381349,0.007742178702462379,0.35,0.20658717748399674
AOI-0074,2021-10-17,озимая пшеница,0.2018149895682846,0.20706081783555758,-0.0023015663449538998,0.35,0.2062552696148237
AOI-0074,2021-10-20,озимая пшеница,0.21720218583999795,0.2214875786246086,-0.0026459647589521964,0.35,0.22056149095897534
AOI-0074,2021-10-27,озимая пшеница,0.21909936528877527,0.22468154868403856,0.005269067513149562,0.35,0.2265257223136409
AOI-0074,2022-05-30,озимая пшеница,0.22631738482079958,0.2238548991401362,-0.011321185490419817,0.35,0.21989248421848928
AOI-0074,2022-07-12,озимая пшеница,0.710146298094652,0.719082654717448,-0.0021169958826917318,0.35,0.7183417061585059
AOI-0074,2022-08-29,озимая пшеница,0.499981836034311,0.5044407654308747,-0.0017222401787598085,0.35,0.5038379813683087
AOI-0074,2022-10-16,озимая пшеница,0.2917702891917339,0.29494618378656745,0.006886787725139641,0.35,0.2973565594903663
AOI-0074,2023-04-28,озимая пшеница,0.2299564132163121,0.2308293695263745,0.007955875568520853,0.35,0.2336139259753568
AOI-0074,2023-05-30,озимая пшеница,0.406593148127683,0.4021612688327703,0.006744364418474841,0.35,0.4045217963792365
AOI-0074,2023-06-09,озимая пшеница,0.5697465131548999,0.5824556642288353,0.013809512832209433,0.35,0.5872889937201087
AOI-0074,2023-06-19,озимая пшеница,0.4160601026640886,0.42672235116400165,0.015407138123633497,0.35,0.43211484950727336
AOI-0074,2023-07-14,озимая пшеница,0.24316811957279738,0.24668332587654182,-0.003934459069878859,0.35,0.2453062652020842
AOI-0074,2023-08-16,озимая пшеница,0.2615623369362865,0.2509038061372277,0.002278046364024069,0.35,0.2517011223646361
AOI-0074,2023-09-14,озимая пшеница,0.23930671445985824,0.23502783065643637,-0.02442035646834284,0.35,0.22648070589251637
AOI-0074,2023-10-11,озимая пшеница,0.2616911123440684,0.2643777238867175,0.008812659199525808,0.35,0.26746215460655154
AOI-0074,2024-04-17,озимая пшеница,0.4983591242705229,0.4948466732904378,0.009709034350330454,0.35,0.49824483531305347
AOI-0074,2024-05-08,озимая пшеница,0.659551381295987,0.6703740932483664,0.0031093584940673044,0.35,0.67146236872129
AOI-0074,2024-05-09,озимая пшеница,0.617390661224662,0.6176902942117399,0.006154696824018039,0.35,0.6198444381001462
AOI-0074,2024-06-06,озимая пшеница,0.5333831878626194,0.5286298362363694,-0.005529763949638521,0.35,0.5266944188539959
AOI-0074,2024-07-08,озимая пшеница,0.2420257183450508,0.2448143783197621,-0.003927004947640391,0.35,0.24343992658808797
AOI-0074,2024-07-18,озимая пшеница,0.23765800984971513,0.23401924942972482,-0.017300386962471225,0.35,0.2279641139928599
AOI-0074,2024-07-27,озимая пшеница,0.3147354738483214,0.3106198899196836,-0.007115063115199905,0.35,0.3081296178293636
AOI-0074,2024-08-12,озимая пшеница,0.26076108267752507,0.25776039481457086,-0.029720363986075093,0.35,0.24735826741944458
AOI-0074,2024-08-28,озимая пшеница,0.26026946116962585,0.253422600138623,-0.013834740844438136,0.35,0.24858044084306966
AOI-0074,2024-09-04,озимая пшеница,0.1953222472326807,0.18839755358359106,0.0016525628808921164,0.35,0.1889759505919033
AOI-0074,2024-09-09,озимая пшеница,0.18400797449674683,0.1802112759981208,0.002069017286155325,0.35,0.18093543204827517
AOI-0074,2025-04-07,озимая пшеница,0.23951664882777934,0.23610950947799197,0.0051949614003076565,0.35,0.23792774596809965
AOI-0074,2025-04-15,озимая пшеница,0.1935538522997423,0.18325044030835003,0.00018422211516288785,0.35,0.18331491804865704
AOI-0074,2025-05-12,озимая пшеница,0.21785246877725592,0.2092122881875499,-0.00868189688171541,0.35,0.2061736242789495
AOI-0074,2025-05-14,озимая пшеница,0.18818599068871217,0.18144995092941865,-0.001393064322810765,0.35,0.1809623784164349
AOI-0074,2025-06-01,озимая пшеница,0.3504019824432132,0.338169893234384,-0.02087255026839237,0.35,0.3308645006404467
AOI-0074,2025-06-10,озимая пшеница,0.5860337354001892,0.5828184761411325,-0.01509000852593093,0.35,0.5775369731570567
AOI-0074,2025-07-06,озимая пшеница,0.7946702152703673,0.7983923554387287,0.008984925557086697,0.35,0.801537079383709
AOI-0074,2025-07-16,озимая пшеница,0.6722163775566286,0.6782613209917271,0.015406162033931404,0.35,0.6836534777036031
AOI-0074,2025-08-05,озимая пшеница,0.665848804214112,0.663220315977575,0.004000475633590366,0.35,0.6646204824493317
AOI-0074,2025-08-19,озимая пшеница,0.4756316050425511,0.4675510688693229,1.4767280475652417e-05,0.35,0.46755623741748936
AOI-0074,2025-09-08,озимая пшеница,0.23302321824712532,0.23112478089558056,-0.0006640786868367557,0.35,0.23089235335518768
AOI-0074,2025-09-22,озимая пшеница,0.2745700723741809,0.2735733389139343,0.01006449828272922,0.35,0.2770959133128895
AOI-0074,2025-10-01,озимая пшеница,0.22446174679558073,0.22950760575085452,0.00282294782559445,0.35,0.23049563748981258
AOI-0074,2025-10-26,озимая пшеница,0.21939993696505522,0.22049640496532485,-0.008981050153215795,0.35,0.21735303741169934
AOI-0075,2025-04-07,озимая пшеница,0.32788857331775806,0.33788857331775807,0.012196888374737043,0.35,0.342157484248916
AOI-0075,2025-04-12,озимая пшеница,0.19827376955174025,0.19815680410362838,0.015715197954880314,0.35,0.20365712338783648
AOI-0075,2025-07-12,озимая пшеница,0.6093102852575505,0.6183330854896372,-0.004033710555027211,0.35,0.6169212867953776
AOI-0075,2025-07-18,озимая пшеница,0.5076729090468589,0.5080304489155574,0.022613003241624286,0.35,0.5159450000501259
AOI-0075,2025-08-21,озимая пшеница,0.5107100536341957,0.5110154656920917,0.018163604535306296,0.35,0.5173727272794488
AOI-0075,2025-08-30,озимая пшеница,0.4360297524277239,0.4319851248293796,0.01598209850155157,0.35,0.4375788593049227
AOI-0075,2025-09-08,озимая пшеница,0.4341471004012234,0.4371404571487437,0.021110290761225007,0.35,0.44452905891517247
AOI-0075,2025-09-16,озимая пшеница,0.32769426229094883,0.3272158484081893,0.020753655804745943,0.35,0.33447962793985037
AOI-0075,2025-09-21,озимая пшеница,0.2824072034731515,0.2815186723578736,0.011535674049696187,0.35,0.28555615827526726
AOI-0075,2025-10-29,озимая пшеница,0.2910035640282464,0.3010035640282464,0.01878990797663188,0.35,0.30758003182006755
AOI-0076,2025-04-19,озимая пшеница,0.20011833868734996,0.1979002103427419,0.007106180422655867,0.35,0.20038737349067146
AOI-0076,2025-05-01,озимая пшеница,0.2363625252130326,0.2340987676917287,0.007381831051116665,0.35,0.23668240855961953
AOI-0076,2025-05-11,озимая пшеница,0.26463184757609054,0.26756433494519444,-0.01381509246158344,0.35,0.2627290525836402
AOI-0076,2025-05-25,озимая пшеница,0.6254636979926679,0.6251361413908254,-0.010237416146708218,0.35,0.6215530457394776
AOI-0076,2025-07-10,озимая пшеница,0.8092237457054494,0.8093683263057802,0.014049544137298243,0.35,0.8142856667538345
AOI-0076,2025-07-31,озимая пшеница,0.7249025575215039,0.7205882847315859,0.014260940567452928,0.35,0.7255796139301944
AOI-0076,2025-08-21,озимая пшеница,0.40724909151560384,0.405104366987484,0.008882094694016282,0.35,0.4082131001303897
AOI-0076,2025-08-27,озимая пшеница,0.3354938710305868,0.33735804061805613,-0.0060279941175214805,0.35,0.3352482426769236
AOI-0076,2025-09-01,озимая пшеница,0.29182955994891957,0.2942321981002281,-4.357032509373941e-05,0.35,0.2942169484864453
AOI-0076,2025-09-21,озимая пшеница,0.22228061580262706,0.22268121485008865,-0.0014581458496226505,0.35,0.22217086380272072
AOI-0076,2025-09-22,озимая пшеница,0.27657468123140755,0.2727117365757429,-0.0033718949092319812,0.35,0.2715315733575117
AOI-0076,2025-10-01,озимая пшеница,0.21001036851897856,0.211900524928724,0.005264302348759298,0.35,0.21374303075078974
AOI-0076,2025-10-04,озимая пшеница,0.21465786744893328,0.21495826059917236,0.00247681963643609,0.35,0.215825147471925
AOI-0077,2025-05-09,озимая пшеница,0.757897748675757,0.748897748675757,-0.021404682601422736,0.35,0.741406109765259
AOI-0077,2025-06-06,озимая пшеница,0.5843810724145668,0.5807129370854318,-0.019885961942522182,0.35,0.573752850405549
AOI-0077,2025-06-21,озимая пшеница,0.4762273224846787,0.47099729754539965,0.008759244670220368,0.35,0.4740630331799768
AOI-0077,2025-07-12,озимая пшеница,0.37660569060187554,0.3788868410579785,-0.02489438576143679,0.35,0.3701738060414756
AOI-0077,2025-08-22,озимая пшеница,0.17866075299196446,0.1751209975078886,-0.012009927544857881,0.35,0.17091752286718834
AOI-0077,2025-08-27,озимая пшеница,0.17167328590984,0.16929113963080306,-0.014727574712659012,0.35,0.1641364884813724
AOI-0077,2025-08-30,озимая пшеница,0.22961415512859218,0.22221862459893396,-0.005556658844777875,0.35,0.2202737940032617
AOI-0077,2025-09-11,озимая пшеница,0.18102079158589754,0.17997764922477025,-0.00981078429621932,0.35,0.17654387472109348
AOI-0077,2025-09-22,озимая пшеница,0.23753761071986834,0.23927042636215257,-0.006847532747229223,0.35,0.23687378990062233
AOI-0078,2025-05-02,озимая пшеница,0.8072287687138548,0.7982287687138548,-0.05581671966081266,0.35,0.7786929168325704
AOI-0078,2025-05-25,озимая пшеница,0.7741845694044831,0.7651845694044831,-0.038886440804672115,0.35,0.7515743151228479
AOI-0078,2025-06-01,озимая пшеница,0.6678050699459451,0.6636421690430198,-0.0482965457234495,0.35,0.6467383780398124
AOI-0078,2025-06-03,озимая пшеница,0.6812439740851279,0.680688971319664,-0.0363383818608958,0.35,0.6679705376683505
AOI-0078,2025-06-06,озимая пшеница,0.6565754127936867,0.6512653585705491,-0.03746772191244412,0.35,0.6381516559011937
AOI-0078,2025-06-10,озимая пшеница,0.6089094356730311,0.5999094356730311,-0.051494135263628504,0.35,0.5818864883307612
AOI-0078,2025-07-04,озимая пшеница,0.26415997966818777,0.2553831849926679,-0.011691312092216737,0.35,0.25129122576039203
AOI-0078,2025-07-10,озимая пшеница,0.19435173881023507,0.18755657634545178,-0.006449227866735591,0.35,0.18529934659209432
AOI-0078,2025-07-11,озимая пшеница,0.21068702952223173,0.2089659867911834,-0.0018737998798709454,0.35,0.20831015683322857
AOI-0078,2025-07-13,озимая пшеница,0.17734786570784974,0.171131494581022,-0.016017369169672866,0.35,0.1655254153716365
AOI-0078,2025-08-10,озимая пшеница,0.17938538113259125,0.17512383880689478,0.004517115184709503,0.35,0.17670482912154312
AOI-0078,2025-08-15,озимая пшеница,0.20186136102432722,0.20150414189497728,-0.009767699403471337,0.35,0.19808544710376233
AOI-0078,2025-09-08,озимая пшеница,0.18382032360826603,0.18942821414727176,-0.012203857436998672,0.35,0.18515686404432222
AOI-0078,2025-10-04,озимая пшеница,0.2641751021996468,0.27078309776959236,-0.007868139361070569,0.35,0.2680292489932177
