anon_polygon_id,date,primary_ndvi_true
AOI-0001,2010-08-29,0.22888358031181222
AOI-0001,2010-10-25,0.17537272983272847
AOI-0001,2011-06-13,0.6524476462964999
AOI-0001,2011-09-18,0.2618051168058817
AOI-0001,2011-09-26,0.27230225017435805
AOI-0001,2011-09-30,0.39701257501048226
AOI-0001,2012-05-24,0.706366008268293
AOI-0001,2012-07-09,0.2355999737855769
AOI-0001,2012-07-11,0.3365640353405201
AOI-0001,2012-08-10,0.17777938804221255
AOI-0001,2012-08-12,0.3146583236759368
AOI-0001,2012-10-15,0.3624094160478584
AOI-0001,2013-05-01,0.8314784502386705
AOI-0001,2013-07-12,0.3442180355713681
AOI-0001,2013-09-30,0.567282216252067
AOI-0001,2014-04-18,0.23101148767984098
AOI-0001,2014-05-25,0.6799183441813941
AOI-0001,2014-06-26,0.80351148610209
AOI-0001,2014-07-15,0.7384803414179567
AOI-0001,2014-07-28,0.5792627800833419
AOI-0001,2014-08-09,0.385601448157928
AOI-0001,2014-08-13,0.37516016439495203
AOI-0001,2014-10-03,0.2036369776540722
AOI-0001,2014-10-16,0.30471766570620673
AOI-0001,2015-04-13,0.4419583741097302
AOI-0001,2015-08-11,0.21354825623807316
AOI-0001,2015-08-12,0.20210903538049446
AOI-0001,2015-08-27,0.21695115691648753
AOI-0001,2015-09-20,0.18391718675372906
AOI-0001,2015-09-28,0.19773219022688676
AOI-0001,2016-06-27,0.28466117864406104
AOI-0001,2016-07-04,0.28757822458508353
AOI-0001,2016-07-20,0.31227269452756656
AOI-0001,2016-07-27,0.37375207265380783
AOI-0001,2016-08-29,0.29487022256209394
AOI-0001,2016-08-30,0.2603301456187641
AOI-0001,2016-09-15,0.4770436862802785
AOI-0001,2016-09-29,0.6967169182300775
AOI-0001,2017-05-12,0.7362820050880523
AOI-0001,2017-06-29,0.5698313652815767
AOI-0001,2017-07-12,0.46184845972002897
AOI-0001,2017-08-09,0.29824241897194903
AOI-0001,2017-08-29,0.26638846858459714
AOI-0001,2017-09-08,0.21238938554635223
AOI-0001,2017-09-14,0.28844540607832303
AOI-0001,2018-04-05,0.492905700585754
AOI-0001,2018-04-23,0.7928380798138813
AOI-0001,2018-05-01,0.793650796773774
AOI-0001,2018-06-08,0.697331365661999
AOI-0001,2018-07-12,0.30559041774839024
AOI-0001,2018-09-28,0.1736966359593622
AOI-0001,2018-10-13,0.17454929296891547
AOI-0001,2019-05-11,0.5186787136794496
AOI-0001,2019-05-31,0.7140418954080281
AOI-0001,2019-06-04,0.7123492651462945
AOI-0001,2019-06-05,0.6967199393228121
AOI-0001,2019-06-25,0.3643003418179306
AOI-0001,2019-07-12,0.46631758353074004
AOI-0001,2019-07-22,0.4078163558202909
AOI-0001,2019-07-29,0.43621521349158476
AOI-0001,2019-08-30,0.24351290828648342
AOI-0001,2019-09-07,0.24628352807963932
AOI-0001,2019-09-08,0.22619889781135707
AOI-0001,2019-09-18,0.15473408969934277
AOI-0001,2020-04-03,0.5292536104585267
AOI-0001,2020-04-26,0.6870020952339454
AOI-0001,2020-05-30,0.823665304221312
AOI-0001,2020-06-09,0.7690833049212755
AOI-0001,2020-07-14,0.16494377208383998
AOI-0001,2020-07-23,0.24164385330425908
AOI-0001,2020-07-27,0.2813540383009717
AOI-0001,2020-08-08,0.192987336877891
AOI-0001,2020-09-01,0.30527185579673966
AOI-0001,2020-09-02,0.2784736862834942
AOI-0001,2020-09-12,0.23333706253877276
AOI-0001,2020-09-22,0.22130772675018137
AOI-0001,2020-09-29,0.254216839434528
AOI-0001,2020-10-11,0.20458078034319227
AOI-0001,2020-10-12,0.17894663750571088
AOI-0001,2020-10-19,0.17240907159937607
AOI-0001,2021-05-15,0.5154780569269816
AOI-0001,2021-05-20,0.49821491927963296
AOI-0001,2021-06-10,0.6721459083225578
AOI-0001,2021-07-02,0.6345458222473207
AOI-0001,2021-07-24,0.6484513856390527
AOI-0001,2021-09-17,0.21562130427185744
AOI-0001,2022-04-25,0.6575609667120881
AOI-0001,2022-06-03,0.7832255969635562
AOI-0001,2022-09-02,0.24135078678459293
AOI-0001,2022-09-30,0.26825123886043634
AOI-0001,2022-10-01,0.21261588376169926
AOI-0001,2022-10-17,0.19302388531673575
AOI-0001,2023-05-25,0.8377466039905652
AOI-0001,2023-06-23,0.8109312117476293
AOI-0001,2023-07-15,0.2591330185645359
AOI-0001,2023-07-29,0.18543424312636198
AOI-0001,2023-08-03,0.21511826759315583
AOI-0001,2023-08-08,0.2018527551370865
AOI-0001,2023-08-13,0.28018875007416016
AOI-0001,2023-08-17,0.24747550234937518
AOI-0001,2023-08-28,0.21420634535790695
AOI-0001,2023-08-29,0.2982108566344108
AOI-0001,2023-09-12,0.22325775452668495
AOI-0001,2024-04-06,0.7453669950978906
AOI-0001,2024-05-24,0.7753306635646641
AOI-0001,2024-06-01,0.7356324575993278
AOI-0001,2024-06-03,0.7141579770276741
AOI-0001,2024-06-09,0.6099480501086776
AOI-0001,2024-06-13,0.592651452847265
AOI-0001,2024-06-17,0.5877665446142155
AOI-0001,2024-06-23,0.3677366365039751
AOI-0001,2024-06-25,0.3904884002776309
AOI-0001,2024-07-03,0.2806642698203793
AOI-0001,2024-09-11,0.15751927864134924
AOI-0001,2024-09-13,0.21942842704678028
AOI-0001,2024-09-16,0.158855129377948
AOI-0001,2024-09-29,0.22731558279051262
AOI-0001,2025-04-23,0.4612565330503463
AOI-0001,2025-05-03,0.37145725264845897
AOI-0001,2025-06-03,0.44841896453271596
AOI-0001,2025-06-27,0.6142350352635378
AOI-0001,2025-07-05,0.5655142667201621
AOI-0001,2025-07-12,0.4573372717124618
AOI-0001,2025-07-13,0.4171463951595329
AOI-0001,2025-07-23,0.4064511581265797
AOI-0001,2025-07-28,0.385385497264562
AOI-0001,2025-07-29,0.4006899088974236
AOI-0001,2025-08-02,0.29966863204501726
AOI-0001,2025-10-28,0.21836062805705428
AOI-0002,2025-05-03,0.8225866554584081
AOI-0002,2025-06-03,0.5465783215108779
AOI-0002,2025-06-26,0.4552020300403124
AOI-0002,2025-07-29,0.25029755835208556
AOI-0002,2025-08-02,0.17353816664217897
AOI-0002,2025-08-13,0.25937808214694213
AOI-0002,2025-08-19,0.16631222397217515
AOI-0003,2025-04-01,0.5369898505770956
AOI-0003,2025-04-18,0.8463864847136036
AOI-0003,2025-04-19,0.8556406815188266
AOI-0003,2025-05-06,0.801423968795657
AOI-0003,2025-06-04,0.7579613852984516
AOI-0003,2025-06-13,0.5914841891670903
AOI-0003,2025-07-07,0.19900216948460767
AOI-0003,2025-07-13,0.18963580672209493
AOI-0003,2025-07-15,0.1768614690409127
AOI-0003,2025-08-04,0.2099670787798891
AOI-0003,2025-08-07,0.18110177518884246
AOI-0003,2025-08-14,0.1875161014838414
AOI-0003,2025-08-22,0.1584695385608828
AOI-0003,2025-08-23,0.1985944009289905
AOI-0004,2025-04-23,0.6874121630217314
AOI-0004,2025-05-04,0.6119733228168582
AOI-0004,2025-05-24,0.6715683718950806
AOI-0004,2025-05-25,0.7424592993714701
AOI-0004,2025-06-30,0.600435793308866
AOI-0004,2025-07-12,0.5002666753428003
AOI-0004,2025-07-23,0.47249947314881074
AOI-0004,2025-08-02,0.40568648375597105
AOI-0004,2025-09-14,0.3851561971313622
AOI-0004,2025-09-23,0.3228967328038237
AOI-0005,2025-05-01,0.6495327482233773
AOI-0005,2025-05-03,0.6699976131416998
AOI-0005,2025-05-14,0.5280040569424799
AOI-0005,2025-06-11,0.6145929946033537
AOI-0005,2025-07-21,0.42873653596864175
AOI-0005,2025-08-17,0.3067458670060218
AOI-0005,2025-09-01,0.24450853122044303
AOI-0006,2025-04-01,0.20613557926848858
AOI-0006,2025-05-09,0.4309622401102221
AOI-0006,2025-05-25,0.608374817639137
AOI-0006,2025-07-28,0.40701547430037505
AOI-0006,2025-08-09,0.28596809940935697
AOI-0006,2025-08-22,0.26274969544421023
AOI-0006,2025-08-30,0.25546998399975
AOI-0006,2025-09-07,0.2127034361270568
AOI-0006,2025-10-28,0.21194522568969804
AOI-0007,2025-04-01,0.19125298438287847
AOI-0007,2025-04-18,0.26335572306185073
AOI-0007,2025-04-29,0.34530583621619204
AOI-0007,2025-05-01,0.36528991686836076
AOI-0007,2025-06-26,0.35081787612515747
AOI-0007,2025-07-28,0.16857456020581268
AOI-0007,2025-08-13,0.24242195097507285
AOI-0007,2025-08-14,0.1518784560755116
AOI-0007,2025-08-16,0.1747086430842796
AOI-0007,2025-09-11,0.15726765157242323
AOI-0007,2025-09-26,0.17916947963205213
AOI-0008,2025-04-17,0.8559016546911442
AOI-0008,2025-04-24,0.7749719370390937
AOI-0008,2025-05-19,0.8042859856678397
AOI-0008,2025-07-08,0.2132302639124064
AOI-0008,2025-07-15,0.1740559137064842
AOI-0008,2025-07-17,0.1858965624331837
AOI-0008,2025-08-13,0.2475301424573857
AOI-0008,2025-09-01,0.14745417272834138
AOI-0008,2025-09-30,0.24679643896578932
AOI-0008,2025-10-16,0.2507503124781164
AOI-0009,2025-04-01,0.7206996348409505
AOI-0009,2025-04-23,0.8067490259260324
AOI-0009,2025-05-04,0.8380251079781053
AOI-0009,2025-06-30,0.17918298928244902
AOI-0009,2025-07-05,0.188363255126409
AOI-0009,2025-07-10,0.16952143124984895
AOI-0009,2025-07-25,0.17154090940744357
AOI-0009,2025-08-12,0.1613777267977657
AOI-0009,2025-08-17,0.1820447037404716
AOI-0009,2025-08-22,0.16123764220816256
AOI-0009,2025-08-24,0.15286344586377815
AOI-0009,2025-09-14,0.235114810235183
AOI-0009,2025-09-16,0.18191806263344837
AOI-0009,2025-09-25,0.17103182043858728
AOI-0009,2025-10-03,0.20953989763487993
AOI-0010,2010-06-19,0.3591311377131271
AOI-0010,2010-08-06,0.23515711944300258
AOI-0010,2010-08-22,0.20853207028368503
AOI-0010,2011-06-14,0.5108326766786906
AOI-0010,2011-07-12,0.37123512099162476
AOI-0010,2011-08-09,0.2614549765002321
AOI-0010,2011-08-13,0.3453180582668629
AOI-0010,2011-09-10,0.22585393269560394
AOI-0010,2012-04-13,0.28200092910479546
AOI-0010,2012-08-03,0.22446874974053385
AOI-0010,2013-04-16,0.691037155555197
AOI-0010,2013-05-25,0.649369943294311
AOI-0010,2013-06-26,0.3480624867300335
AOI-0010,2013-07-12,0.32840467837628684
AOI-0010,2014-05-29,0.6490072631378114
AOI-0010,2014-06-06,0.5738021784233596
AOI-0010,2014-06-10,0.4514258826445214
AOI-0010,2014-08-29,0.25261222404978156
AOI-0010,2014-09-30,0.26638416317022484
AOI-0010,2015-04-07,0.3353439352892165
AOI-0010,2015-04-14,0.21355537362591248
AOI-0010,2015-05-25,0.3771177881017861
AOI-0010,2015-10-07,0.1765089589214402
AOI-0010,2016-07-27,0.376695138006215
AOI-0010,2016-08-12,0.326440133727494
AOI-0010,2016-09-13,0.2756652314887248
AOI-0010,2017-04-03,0.31432540291061134
AOI-0010,2017-04-07,0.522453882472456
AOI-0010,2017-08-01,0.153606634024635
AOI-0010,2017-08-04,0.16533553068062984
AOI-0010,2017-08-13,0.23906647895106123
AOI-0010,2017-08-29,0.23101170576044866
AOI-0010,2018-05-16,0.8237226946736598
AOI-0010,2018-07-28,0.26844441925841606
AOI-0010,2018-08-28,0.16871814606420435
AOI-0010,2018-09-14,0.22255620511038382
AOI-0010,2019-04-06,0.34157547150631895
AOI-0010,2019-04-28,0.7145274236904285
AOI-0010,2019-05-19,0.8380084614832498
AOI-0010,2019-06-20,0.21927413986828445
AOI-0010,2019-06-26,0.2633290533877737
AOI-0010,2019-06-27,0.163347355944569
AOI-0010,2019-07-20,0.16481089246779307
AOI-0010,2019-08-13,0.3082478255396561
AOI-0010,2019-08-19,0.16321765210702843
AOI-0010,2019-08-21,0.16890784471817616
AOI-0010,2019-09-23,0.15545852486766698
AOI-0010,2020-06-06,0.3443167245405849
AOI-0010,2020-06-09,0.40678018667856963
AOI-0010,2020-07-16,0.16405960635957142
AOI-0010,2020-07-19,0.15515636643480624
AOI-0010,2020-07-26,0.14716563022599866
AOI-0010,2020-07-31,0.16037483833365387
AOI-0010,2020-09-09,0.17489553126318572
AOI-0010,2020-09-13,0.2511447378119651
AOI-0010,2020-09-19,0.1125265633274902
AOI-0010,2020-09-27,0.14957840628263464
AOI-0010,2021-05-05,0.3308969997315216
AOI-0010,2021-05-09,0.5241954168190583
AOI-0010,2021-07-28,0.3115023549678494
AOI-0010,2021-08-05,0.23044377372005803
AOI-0010,2021-09-04,0.3134447611461762
AOI-0010,2021-09-17,0.3321816223258225
AOI-0010,2021-10-27,0.34786509648613984
AOI-0010,2022-06-06,0.7087464581785128
AOI-0010,2022-06-10,0.6306945829071724
AOI-0010,2022-06-11,0.6934654240761446
AOI-0010,2022-07-17,0.26788233317945
AOI-0010,2022-07-28,0.3516637809957627
AOI-0010,2022-09-08,0.29258688464013693
AOI-0010,2023-04-02,0.4702368015147653
AOI-0010,2023-04-27,0.6502306609595718
AOI-0010,2023-06-08,0.7225601490090107
AOI-0010,2023-06-16,0.6068318734529459
AOI-0010,2023-08-23,0.2370606898999319
AOI-0010,2023-08-30,0.23118654465208696
AOI-0010,2023-09-19,0.26117319007723
AOI-0010,2024-04-04,0.5868313772379572
AOI-0010,2024-04-26,0.7354516871564545
AOI-0010,2024-05-08,0.7653569352949374
AOI-0010,2024-05-21,0.7206875010936479
AOI-0010,2024-06-18,0.2247130866615635
AOI-0010,2024-06-20,0.2083551616984551
AOI-0010,2024-07-08,0.1875085583409909
AOI-0010,2024-07-15,0.17090021193530675
AOI-0010,2024-08-12,0.23394876860929856
AOI-0010,2024-09-06,0.18691524197378478
AOI-0010,2024-09-28,0.1839585896587284
AOI-0010,2024-10-01,0.18036026066169591
AOI-0010,2024-10-15,0.2638527219159107
AOI-0010,2024-10-23,0.19283221416944218
AOI-0010,2025-04-16,0.3858920193772269
AOI-0010,2025-04-18,0.42511230954352996
AOI-0010,2025-05-09,0.7850007041949796
AOI-0010,2025-06-05,0.5283371733212581
AOI-0010,2025-06-07,0.4856516304594193
AOI-0010,2025-06-28,0.19864245784626233
AOI-0010,2025-07-05,0.17528040805385936
AOI-0010,2025-07-06,0.20094031364148546
AOI-0010,2025-07-07,0.1766389796779197
AOI-0010,2025-07-25,0.14556593845760607
AOI-0010,2025-07-30,0.16339503076065892
AOI-0010,2025-08-16,0.19525594312304467
AOI-0010,2025-08-27,0.1679055959834448
AOI-0010,2025-09-16,0.21341207613718483
AOI-0010,2025-09-30,0.30382642766973933
AOI-0010,2025-10-05,0.21138202545931487
AOI-0011,2025-04-07,0.6920228444748406
AOI-0011,2025-04-17,0.7873325624339328
AOI-0011,2025-04-23,0.8490235885291748
AOI-0011,2025-04-28,0.7842574636660551
AOI-0011,2025-05-24,0.7966860563774516
AOI-0011,2025-06-03,0.5769440208950436
AOI-0011,2025-07-12,0.3050529283537767
AOI-0011,2025-08-06,0.21422370882530906
AOI-0011,2025-08-14,0.22728602551470395
AOI-0011,2025-08-19,0.20867850657261994
AOI-0011,2025-08-27,0.1705726199478363
AOI-0011,2025-09-30,0.2549358802764971
AOI-0011,2025-10-03,0.1686998508144231
AOI-0011,2025-10-05,0.16067786954438004
AOI-0012,2025-04-01,0.25345596779785384
AOI-0012,2025-04-28,0.46376178591797157
AOI-0012,2025-05-16,0.7218608200418831
AOI-0012,2025-06-03,0.6537514952364919
AOI-0012,2025-06-05,0.5676204012392303
AOI-0012,2025-06-15,0.2920519729654292
AOI-0012,2025-06-26,0.3069545450789071
AOI-0012,2025-07-10,0.17572963792233748
AOI-0012,2025-07-18,0.14083673723192885
AOI-0012,2025-07-30,0.15408636202030507
AOI-0013,2010-04-16,0.7159875346986577
AOI-0013,2010-06-10,0.4884376209156266
AOI-0013,2010-06-19,0.36123251622438957
AOI-0013,2010-10-24,0.22074607531860282
AOI-0013,2011-04-18,0.22278663984522373
AOI-0013,2011-04-26,0.23793050420628453
AOI-0013,2012-05-08,0.553101526456278
AOI-0013,2012-06-23,0.5441492122399105
AOI-0013,2012-08-12,0.5021502423032218
AOI-0013,2013-04-16,0.27884216880420953
AOI-0013,2013-04-24,0.2862443886309162
AOI-0013,2013-05-02,0.32054196163357657
AOI-0013,2013-05-09,0.4830465718896864
AOI-0013,2013-06-11,0.4595094556351629
AOI-0013,2013-07-12,0.543348782079858
AOI-0013,2013-07-28,0.4798182839869302
AOI-0013,2014-05-29,0.448066816688596
AOI-0013,2014-06-10,0.4885210700862249
AOI-0013,2014-07-28,0.43412608582887957
AOI-0013,2014-08-01,0.3177052161537215
AOI-0013,2014-08-08,0.31745260556044286
AOI-0013,2014-08-13,0.4377388392560597
AOI-0013,2015-05-09,0.5627705663493757
AOI-0013,2015-05-23,0.4797169663311625
AOI-0013,2015-07-12,0.5438968707695144
AOI-0013,2015-08-20,0.37214455256402823
AOI-0013,2015-10-07,0.33642943708407397
AOI-0013,2015-10-16,0.40232117105500936
AOI-0013,2016-05-09,0.46452982537037346
AOI-0013,2016-05-10,0.4556844841776737
AOI-0013,2016-08-12,0.6317819379516261
AOI-0013,2016-08-21,0.6745577568495436
AOI-0013,2016-09-13,0.6342556652340118
AOI-0013,2016-10-09,0.5062276445258009
AOI-0013,2017-04-11,0.24208054347525348
AOI-0013,2017-04-28,0.35359616650456926
AOI-0013,2017-05-01,0.34958947635593907
AOI-0013,2017-05-21,0.6027840612923899
AOI-0013,2017-05-29,0.586604141583191
AOI-0013,2017-06-30,0.6784486731813331
AOI-0013,2017-07-27,0.47296636090974975
AOI-0013,2017-08-08,0.46947580548718637
AOI-0013,2017-08-24,0.42400345024672337
AOI-0013,2017-09-13,0.4254910579911614
AOI-0013,2017-09-17,0.46549190440483856
AOI-0013,2017-09-30,0.4620016329938772
AOI-0013,2018-05-25,0.5224810748048987
AOI-0013,2018-06-08,0.412164071122406
AOI-0013,2018-06-15,0.3435715816778354
AOI-0013,2018-07-12,0.4437951693855352
AOI-0013,2018-08-13,0.4560226108798474
AOI-0013,2018-08-27,0.405452824846982
AOI-0013,2018-09-28,0.3768624913651493
AOI-0013,2018-10-06,0.3898485286595521
AOI-0013,2019-04-01,0.2531972805011969
AOI-0013,2019-05-06,0.42322647206524155
AOI-0013,2019-06-02,0.3798989024310404
AOI-0013,2019-06-05,0.4247407945106869
AOI-0013,2019-06-12,0.47166811237868866
AOI-0013,2019-06-25,0.38414726281126443
AOI-0013,2019-07-17,0.4378982165802871
AOI-0013,2019-07-28,0.5708326455758217
AOI-0013,2019-08-24,0.4400017823542381
AOI-0013,2019-08-31,0.4995187744654663
AOI-0013,2019-09-08,0.4695107123736836
AOI-0013,2019-09-13,0.4558419646194892
AOI-0013,2019-10-02,0.47163663954463403
AOI-0013,2019-10-10,0.5428029767484273
AOI-0013,2019-10-17,0.4503339221377537
AOI-0013,2020-04-22,0.42800710725474744
AOI-0013,2020-05-12,0.3719663953975818
AOI-0013,2020-06-24,0.4591400521567589
AOI-0013,2020-06-26,0.48480124338140973
AOI-0013,2020-08-12,0.4303925285492066
AOI-0013,2020-08-15,0.40895422431405537
AOI-0013,2020-08-16,0.42048151704678444
AOI-0013,2020-08-20,0.36837225733287177
AOI-0013,2020-10-27,0.278864439188608
AOI-0013,2021-04-23,0.4664492066988095
AOI-0013,2021-06-10,0.6079867149064644
AOI-0013,2021-06-11,0.5478246863187447
AOI-0013,2021-06-21,0.5098546703870983
AOI-0013,2021-07-12,0.5462242835208602
AOI-0013,2021-07-14,0.519161459361094
AOI-0013,2021-08-20,0.49195866896221696
AOI-0013,2021-10-14,0.4044906848600604
AOI-0013,2021-10-16,0.4673275340347526
AOI-0013,2022-04-02,0.45853313530269624
AOI-0013,2022-04-17,0.5507574971471056
AOI-0013,2022-04-24,0.5641653193691234
AOI-0013,2022-04-25,0.5647143032071013
AOI-0013,2022-06-10,0.5438194337972474
AOI-0013,2022-06-16,0.38920983328480274
AOI-0013,2022-06-26,0.5284049376940948
AOI-0013,2022-07-05,0.5362334498596412
AOI-0013,2022-07-17,0.5781329182676892
AOI-0013,2022-07-22,0.551859058171032
AOI-0013,2022-08-14,0.5730722204551888
AOI-0013,2022-09-14,0.47029114076175427
AOI-0013,2022-10-07,0.3650780330151466
AOI-0013,2022-10-14,0.3435032951853155
AOI-0013,2023-04-10,0.45158779741601573
AOI-0013,2023-06-21,0.5492934754993248
AOI-0013,2023-06-29,0.5526462165175721
AOI-0013,2023-07-06,0.4811277127837402
AOI-0013,2023-07-12,0.5170333904165836
AOI-0013,2023-07-24,0.5103342423401815
AOI-0013,2023-08-05,0.5125251733751105
AOI-0013,2023-08-20,0.5006884560473572
AOI-0013,2023-08-23,0.5151379557843943
AOI-0013,2023-08-26,0.4905413889878372
AOI-0013,2023-09-11,0.5128846717386978
AOI-0013,2023-09-14,0.5290868126960194
AOI-0013,2023-09-24,0.48811203055234165
AOI-0013,2023-10-05,0.4507063475972709
AOI-0013,2023-10-14,0.3758932946146326
AOI-0013,2023-10-17,0.3448976205842645
AOI-0013,2023-10-19,0.3545595847047407
AOI-0013,2024-04-26,0.4245541695515046
AOI-0013,2024-05-04,0.4713414278262513
AOI-0013,2024-05-23,0.5208462063390008
AOI-0013,2024-05-24,0.5674865556599011
AOI-0013,2024-06-30,0.5164746150117006
AOI-0013,2024-07-02,0.5640270267379618
AOI-0013,2024-07-11,0.49537890286035335
AOI-0013,2024-07-26,0.4121244890802709
AOI-0013,2024-07-27,0.4496351557799029
AOI-0013,2024-08-09,0.5023557997475389
AOI-0013,2024-08-11,0.5541627402034428
AOI-0013,2024-09-03,0.46875852470694995
AOI-0013,2024-09-06,0.4872507619509561
AOI-0013,2024-09-26,0.4326609271310186
AOI-0013,2024-10-08,0.36614030543179626
AOI-0013,2025-04-01,0.4696349448575681
AOI-0013,2025-04-28,0.535944444001981
AOI-0013,2025-05-16,0.49965400144718414
AOI-0013,2025-05-19,0.5089245891646622
AOI-0013,2025-05-24,0.5003553600840952
AOI-0013,2025-07-07,0.48847847959009605
AOI-0013,2025-07-08,0.4782819345900821
AOI-0013,2025-07-14,0.5022971970465766
AOI-0013,2025-07-21,0.5219019814637251
AOI-0013,2025-07-27,0.5492820986063418
AOI-0013,2025-08-15,0.5026029016746854
AOI-0013,2025-09-03,0.4485306053330149
AOI-0013,2025-09-07,0.5166607127821279
AOI-0014,2010-04-07,0.5745603467601791
AOI-0014,2010-04-24,0.7021880472061917
AOI-0014,2010-06-10,0.748116858168286
AOI-0014,2010-09-23,0.19673739427035325
AOI-0014,2011-04-19,0.2137794511995984
AOI-0014,2011-04-26,0.23028671283006746
AOI-0014,2011-05-09,0.6474357743310779
AOI-0014,2011-05-28,0.6502305414214026
AOI-0014,2011-06-14,0.7407981961822516
AOI-0014,2011-08-01,0.4457305009763182
AOI-0014,2011-09-14,0.2882700442629913
AOI-0014,2011-09-17,0.20914243048147096
AOI-0014,2011-10-27,0.28884337188900827
AOI-0014,2012-05-06,0.6778423522787318
AOI-0014,2012-06-25,0.37866091584089673
AOI-0014,2012-08-28,0.29748083660244456
AOI-0014,2012-09-04,0.20611925445926763
AOI-0014,2012-09-11,0.2073876251990435
AOI-0014,2012-09-27,0.18663007668977294
AOI-0014,2013-05-09,0.4252697937824777
AOI-0014,2013-06-11,0.5493093138523011
AOI-0014,2013-06-19,0.6382202918220716
AOI-0014,2013-07-28,0.6900794627528649
AOI-0014,2013-09-14,0.3853628580662602
AOI-0014,2013-09-23,0.24193786233060963
AOI-0014,2014-06-26,0.4472431768868974
AOI-0014,2014-06-29,0.3603610560722099
AOI-0014,2014-08-17,0.2091787369972348
AOI-0014,2014-09-30,0.295271447375577
AOI-0014,2014-10-27,0.2214288437984816
AOI-0014,2015-04-14,0.35226848608664213
AOI-0014,2015-06-16,0.6767192574614809
AOI-0014,2015-06-26,0.47552178615522095
AOI-0014,2015-07-12,0.4574240062087143
AOI-0014,2015-07-27,0.3365623020644668
AOI-0014,2015-08-28,0.22679480721105938
AOI-0014,2016-04-22,0.4098874231516173
AOI-0014,2016-05-09,0.3251841796588649
AOI-0014,2016-06-03,0.612491809499045
AOI-0014,2016-06-19,0.8368075854344275
AOI-0014,2016-08-13,0.490522077134486
AOI-0014,2016-08-30,0.29298990850917256
AOI-0014,2017-04-26,0.7754291905236255
AOI-0014,2017-04-28,0.799724668401548
AOI-0014,2017-05-21,0.8901752508872064
AOI-0014,2017-05-29,0.8826341219989824
AOI-0014,2017-07-23,0.2704001117172335
AOI-0014,2017-07-31,0.22159017142891443
AOI-0014,2017-08-06,0.13991793571041655
AOI-0014,2017-08-21,0.14152927556745004
AOI-0014,2017-09-10,0.16598925750431823
AOI-0014,2017-09-30,0.24772032632991164
AOI-0014,2017-10-08,0.1697052491478085
AOI-0014,2018-04-07,0.5679917851661842
AOI-0014,2018-05-03,0.7637679183678387
AOI-0014,2018-06-24,0.2772097859823024
AOI-0014,2018-07-18,0.23394870873814483
AOI-0014,2018-08-27,0.20889788768005857
AOI-0014,2018-10-06,0.20709322978017863
AOI-0014,2019-04-01,0.2559104926609662
AOI-0014,2019-04-21,0.18877165822066222
AOI-0014,2019-05-01,0.21907199275179629
AOI-0014,2019-05-09,0.615986232197621
AOI-0014,2019-05-27,0.6713630311548304
AOI-0014,2019-05-28,0.6291658797418812
AOI-0014,2019-06-04,0.7718455729063295
AOI-0014,2019-06-11,0.8590570801960289
AOI-0014,2019-06-15,0.8491588157996798
AOI-0014,2019-06-22,0.7426762195402781
AOI-0014,2019-07-06,0.6276702313434388
AOI-0014,2019-08-14,0.34025358104666503
AOI-0014,2019-08-26,0.20967371592893902
AOI-0014,2020-04-06,0.6609193940676623
AOI-0014,2020-04-07,0.6945118840780418
AOI-0014,2020-04-17,0.6979192023856771
AOI-0014,2020-04-22,0.7254785759199224
AOI-0014,2020-04-25,0.7225279871910321
AOI-0014,2020-05-15,0.6780891511450639
AOI-0014,2020-05-17,0.6492837474158245
AOI-0014,2020-06-04,0.702123598588259
AOI-0014,2020-06-25,0.36700471625396924
AOI-0014,2020-07-11,0.2827679514492456
AOI-0014,2020-07-27,0.26414942914097284
AOI-0014,2020-08-16,0.20631170201377177
AOI-0014,2020-09-09,0.15439764187698307
AOI-0014,2020-09-24,0.1432854472997582
AOI-0014,2021-04-07,0.47751584511873
AOI-0014,2021-04-29,0.6929377604113665
AOI-0014,2021-05-25,0.8230922728001205
AOI-0014,2021-08-13,0.28262952573187705
AOI-0014,2021-08-18,0.1426755735226194
AOI-0014,2021-09-14,0.20362399939866188
AOI-0014,2021-10-12,0.17090728467850436
AOI-0014,2021-10-14,0.19681623368824974
AOI-0014,2022-05-15,0.2613572109623371
AOI-0014,2022-05-26,0.40320041856880773
AOI-0014,2022-05-27,0.34470779343068003
AOI-0014,2022-06-24,0.7023280676927453
AOI-0014,2022-07-14,0.810311967359275
AOI-0014,2022-07-24,0.7544692470408406
AOI-0014,2022-08-22,0.3535670248825396
AOI-0014,2022-08-29,0.299957441955103
AOI-0014,2022-09-02,0.19082575707627478
AOI-0014,2022-09-08,0.22400744298408717
AOI-0014,2022-09-14,0.2417518860435115
AOI-0014,2023-06-07,0.8439508164509502
AOI-0014,2023-08-10,0.21547374321251395
AOI-0014,2024-04-04,0.6703367011274667
AOI-0014,2024-05-08,0.8418972778542259
AOI-0014,2024-05-09,0.8217267227993699
AOI-0014,2024-05-21,0.8242506051948354
AOI-0014,2024-05-23,0.8331457620487397
AOI-0014,2024-06-08,0.5584094111485867
AOI-0014,2024-07-25,0.15078853555531355
AOI-0014,2024-08-11,0.19730497182820028
AOI-0014,2024-09-01,0.15684684109649516
AOI-0014,2024-09-08,0.14152526821382333
AOI-0014,2024-09-11,0.14056634088850387
AOI-0014,2024-09-18,0.1405984732290385
AOI-0014,2024-09-29,0.22246794823023136
AOI-0014,2024-10-07,0.18213108663581556
AOI-0014,2024-10-30,0.2064369143428966
AOI-0014,2025-04-23,0.39148567510630533
AOI-0014,2025-05-01,0.19850328343502555
AOI-0014,2025-05-27,0.4225482034225894
AOI-0014,2025-06-13,0.4134383891210568
AOI-0014,2025-08-12,0.23928576174143895
AOI-0014,2025-08-15,0.29614216029133666
AOI-0014,2025-08-24,0.1880291469233388
AOI-0014,2025-09-11,0.1469755000287299
AOI-0014,2025-09-14,0.23976102611898245
AOI-0014,2025-09-23,0.18801564458847145
AOI-0014,2025-09-24,0.203282959031787
AOI-0015,2025-05-04,0.3426035121082792
AOI-0015,2025-05-27,0.49076853158741196
AOI-0015,2025-06-07,0.4266241591481974
AOI-0015,2025-07-03,0.37657109525744425
AOI-0015,2025-07-05,0.3686003791914261
AOI-0015,2025-07-08,0.31182726398322946
AOI-0015,2025-07-13,0.24642086018900658
AOI-0015,2025-07-15,0.23106588352969112
AOI-0015,2025-07-18,0.2267925610265104
AOI-0015,2025-07-21,0.28630519451110104
AOI-0015,2025-07-23,0.23687736355706945
AOI-0015,2025-09-07,0.20465088416619703
AOI-0015,2025-10-13,0.1859159191749989
AOI-0015,2025-10-16,0.28652229093290676
AOI-0015,2025-10-18,0.2195618684503049
AOI-0016,2025-04-19,0.24435524181173632
AOI-0016,2025-05-25,0.5433093894284114
AOI-0016,2025-06-11,0.5967543724771087
AOI-0016,2025-06-26,0.7781051587577175
AOI-0016,2025-07-10,0.7905391052331613
AOI-0016,2025-07-17,0.742073326255864
AOI-0016,2025-07-18,0.7497054415889557
AOI-0016,2025-08-19,0.3716398233975368
AOI-0016,2025-08-29,0.3832813575504659
AOI-0016,2025-10-17,0.2576174404360845
AOI-0017,2010-06-10,0.5966510412396422
AOI-0017,2010-07-29,0.5751302166991176
AOI-0017,2010-09-23,0.3292260201386692
AOI-0017,2011-04-18,0.29938790650572755
AOI-0017,2011-09-17,0.5133013285948183
AOI-0017,2011-09-26,0.51763162071917
AOI-0017,2011-09-30,0.5443164195343987
AOI-0017,2011-10-11,0.4912910980306844
AOI-0017,2011-10-27,0.4560158576886498
AOI-0017,2012-07-18,0.5976774776687256
AOI-0017,2012-07-27,0.509330247882637
AOI-0017,2012-08-28,0.4793500570769211
AOI-0017,2012-09-29,0.4754539923198127
AOI-0017,2013-05-25,0.663817090041864
AOI-0017,2013-07-12,0.5576088743855236
AOI-0017,2013-08-14,0.41042384051460146
AOI-0017,2013-09-14,0.6316632997628424
AOI-0017,2013-09-30,0.6298688512689992
AOI-0017,2013-10-09,0.6337752960974109
AOI-0017,2013-10-25,0.6203903426502962
AOI-0017,2014-04-23,0.6931551516907809
AOI-0017,2014-06-06,0.5916131954543049
AOI-0017,2014-07-24,0.39931681491418275
AOI-0017,2014-10-04,0.3674603262640337
AOI-0017,2015-04-23,0.5182376748326492
AOI-0017,2015-04-30,0.4134039292265181
AOI-0017,2015-07-11,0.7024712671139953
AOI-0017,2015-07-27,0.640439802194039
AOI-0017,2015-08-03,0.5821547549542422
AOI-0017,2015-08-29,0.4626388607128615
AOI-0017,2015-10-16,0.47045181230919864
AOI-0017,2016-04-06,0.5643153077872062
AOI-0017,2016-04-07,0.42031970068484126
AOI-0017,2016-06-18,0.626922652474126
AOI-0017,2016-07-05,0.5408180172459147
AOI-0017,2016-07-27,0.5906964356726875
AOI-0017,2016-08-21,0.5712842341026345
AOI-0017,2016-09-15,0.5260790442989914
AOI-0017,2016-10-15,0.5359782636098968
AOI-0017,2016-10-17,0.4809381932440665
AOI-0017,2017-06-06,0.6621859710827009
AOI-0017,2017-07-31,0.6291467813962023
AOI-0017,2017-08-01,0.6137331580558563
AOI-0017,2017-09-02,0.5440687137482162
AOI-0017,2018-04-05,0.4337922923501039
AOI-0017,2018-05-09,0.6785050124538516
AOI-0017,2018-05-23,0.6567085301967058
AOI-0017,2018-06-20,0.5351484781414825
AOI-0017,2018-07-11,0.44116490433296074
AOI-0017,2018-07-12,0.5160271438269808
AOI-0017,2019-04-25,0.45688470524719144
AOI-0017,2019-04-28,0.4281530107813673
AOI-0017,2019-05-13,0.5457854317704328
AOI-0017,2019-05-18,0.6240070679687231
AOI-0017,2019-05-28,0.6983137832955776
AOI-0017,2019-06-04,0.6525008315240965
AOI-0017,2019-06-12,0.7151288985251444
AOI-0017,2019-06-17,0.6558479826052093
AOI-0017,2019-07-17,0.6394761977764344
AOI-0017,2019-08-06,0.6333629837079388
AOI-0017,2019-08-11,0.5855922964783198
AOI-0017,2019-08-24,0.42584077274072496
AOI-0017,2019-08-29,0.524476014359336
AOI-0017,2019-08-31,0.5004371179344664
AOI-0017,2019-09-13,0.4505380493680129
AOI-0017,2020-04-25,0.3147316935929936
AOI-0017,2020-04-30,0.3485277566152545
AOI-0017,2020-05-08,0.6599217367786532
AOI-0017,2020-06-06,0.6249771695165434
AOI-0017,2020-06-26,0.5083175437016039
AOI-0017,2020-07-26,0.40087346848667593
AOI-0017,2020-08-18,0.44544485049329624
AOI-0017,2020-09-02,0.3869341822138902
AOI-0017,2020-09-04,0.342860780853361
AOI-0017,2020-09-09,0.381293684599327
AOI-0017,2020-09-10,0.3660152076049521
AOI-0017,2020-09-19,0.3967060958782709
AOI-0017,2020-10-12,0.3587249752238633
AOI-0017,2021-04-07,0.3887765197442675
AOI-0017,2021-05-20,0.5389539279819631
AOI-0017,2021-07-02,0.6723268158798716
AOI-0017,2021-08-29,0.5479883479424417
AOI-0017,2021-09-04,0.5141121580212558
AOI-0017,2021-09-27,0.5127695412032389
AOI-0017,2021-10-06,0.3443309979250883
AOI-0017,2021-10-27,0.5118639260177509
AOI-0017,2022-04-17,0.6106820644201583
AOI-0017,2022-04-23,0.6729436376740243
AOI-0017,2022-05-26,0.6917240977081147
AOI-0017,2022-05-27,0.6787885224924064
AOI-0017,2022-06-03,0.6438126099936764
AOI-0017,2022-06-11,0.5933209645953738
AOI-0017,2022-06-30,0.5992965079885446
AOI-0017,2022-07-12,0.5632936212189301
AOI-0017,2022-07-19,0.5628999425206781
AOI-0017,2022-07-24,0.5479149958383007
AOI-0017,2022-08-07,0.5606021723838018
AOI-0017,2022-08-14,0.5574142304053549
AOI-0017,2022-08-15,0.5291417568774898
AOI-0017,2022-08-23,0.5271486660533917
AOI-0017,2022-08-30,0.49894567582175214
AOI-0017,2022-09-17,0.4382627522525334
AOI-0017,2022-10-19,0.49586653801941216
AOI-0017,2023-04-02,0.5076233223443753
AOI-0017,2023-05-06,0.6203644295529134
AOI-0017,2023-06-11,0.6411994140822743
AOI-0017,2023-06-19,0.6465201887707456
AOI-0017,2023-06-22,0.6502228556039521
AOI-0017,2023-07-24,0.6388581781312077
AOI-0017,2023-09-19,0.4867245580245274
AOI-0017,2023-10-12,0.2738210010867227
AOI-0017,2023-10-16,0.4182491940544206
AOI-0017,2023-10-21,0.289485697098131
AOI-0017,2024-04-04,0.4253771566088963
AOI-0017,2024-06-05,0.27177484462190227
AOI-0017,2024-06-13,0.19892068476338517
AOI-0017,2024-06-28,0.22109403413337395
AOI-0017,2024-07-19,0.243935055858473
AOI-0017,2024-08-22,0.19238457227168593
AOI-0017,2024-09-01,0.24278187063417755
AOI-0017,2024-09-21,0.25488150858126585
AOI-0017,2024-09-29,0.2958957243080136
AOI-0017,2024-10-08,0.17078758058249577
AOI-0017,2024-10-22,0.23085652556934638
AOI-0017,2025-05-04,0.8611310934513436
AOI-0017,2025-05-27,0.789573012174643
AOI-0017,2025-06-07,0.6385260278794215
AOI-0017,2025-06-28,0.33891025322395457
AOI-0017,2025-07-07,0.28250790129485037
AOI-0017,2025-08-23,0.22273596921663566
AOI-0017,2025-09-01,0.14797149838233448
AOI-0017,2025-10-02,0.25769327671477615
AOI-0018,2025-04-19,0.8077895479489524
AOI-0018,2025-05-27,0.6719158635071779
AOI-0018,2025-06-13,0.31492214901020266
AOI-0018,2025-06-15,0.30884467835048257
AOI-0018,2025-07-05,0.22698492000326834
AOI-0018,2025-07-07,0.24503100023184615
AOI-0018,2025-07-14,0.28125330497589945
AOI-0018,2025-07-21,0.30455406932584733
AOI-0018,2025-08-19,0.16857411936765349
AOI-0018,2025-08-27,0.16619527201193396
AOI-0018,2025-09-08,0.15536398055307582
AOI-0018,2025-09-24,0.23002304891585942
AOI-0018,2025-10-17,0.24555816130821037
AOI-0019,2025-04-14,0.4862571826754529
AOI-0019,2025-04-17,0.5403946742967365
AOI-0019,2025-04-28,0.5549079587385399
AOI-0019,2025-05-14,0.5767945509563842
AOI-0019,2025-05-25,0.6666303669562803
AOI-0019,2025-06-15,0.41829765230853855
AOI-0019,2025-06-27,0.4116373888709376
AOI-0019,2025-06-30,0.350094305919057
AOI-0019,2025-07-10,0.32089595415513694
AOI-0019,2025-07-14,0.30339905477059714
AOI-0019,2025-08-14,0.31400751932296217
AOI-0019,2025-08-31,0.20465889876881152
AOI-0019,2025-09-15,0.22218599348403553
AOI-0019,2025-09-23,0.20958284628906992
AOI-0019,2025-09-24,0.22714032673517118
AOI-0019,2025-10-18,0.19712320133150268
AOI-0020,2025-04-18,0.2597645913181529
AOI-0020,2025-04-23,0.46555235364524494
AOI-0020,2025-05-03,0.4204023480223993
AOI-0020,2025-06-03,0.6296155359468628
AOI-0020,2025-06-11,0.455890929506214
AOI-0020,2025-07-12,0.43144702101146803
AOI-0020,2025-07-21,0.3405254412184181
AOI-0020,2025-07-29,0.3158448292537327
AOI-0020,2025-07-30,0.2843052740793501
AOI-0020,2025-08-19,0.24646872152870672
AOI-0020,2025-10-13,0.10108395528935521
AOI-0021,2025-04-28,0.4020774065958679
AOI-0021,2025-05-27,0.5558609079185155
AOI-0021,2025-06-03,0.5678277714324647
AOI-0021,2025-07-06,0.35810331905725834
AOI-0021,2025-07-18,0.3178952330219946
AOI-0021,2025-07-29,0.32164164128837985
AOI-0021,2025-08-07,0.2582212304308677
AOI-0021,2025-08-22,0.23024416566309777
AOI-0021,2025-08-30,0.2622850152756271
AOI-0021,2025-09-15,0.2203906065868907
AOI-0021,2025-09-24,0.25026678229838134
AOI-0021,2025-10-03,0.1943774043748021
AOI-0022,2025-04-01,0.5077788866940433
AOI-0022,2025-05-03,0.8507512346031684
AOI-0022,2025-05-06,0.7791552252599989
AOI-0022,2025-05-25,0.8198981908927613
AOI-0022,2025-05-28,0.8119736364269594
AOI-0022,2025-07-08,0.20656885078130044
AOI-0022,2025-07-17,0.16223703734788233
AOI-0022,2025-07-21,0.18645683416406514
AOI-0022,2025-08-27,0.1528922285984277
AOI-0022,2025-08-31,0.1695303207908915
AOI-0022,2025-09-23,0.17308931891521934
AOI-0022,2025-09-24,0.19006571093998453
AOI-0022,2025-09-30,0.24384120318093866
AOI-0023,2025-04-16,0.20490441962126169
AOI-0023,2025-04-17,0.24163848481767408
AOI-0023,2025-04-24,0.18640164347899235
AOI-0023,2025-05-01,0.17021310584038635
AOI-0023,2025-05-04,0.22494112531609173
AOI-0023,2025-06-27,0.7656861694535759
AOI-0023,2025-07-05,0.7288067841323449
AOI-0023,2025-07-14,0.38681160615331023
AOI-0023,2025-07-15,0.34634948321516984
AOI-0023,2025-08-14,0.1557743994836934
AOI-0023,2025-08-22,0.1417510548709538
AOI-0023,2025-08-30,0.19292836749489167
AOI-0023,2025-09-21,0.15113483226107322
AOI-0023,2025-09-23,0.16226721053012655
AOI-0023,2025-10-17,0.23130373766373943
AOI-0024,2025-04-07,0.3239717847043561
AOI-0024,2025-04-23,0.347046562864487
AOI-0024,2025-05-25,0.48489497581532137
AOI-0024,2025-05-28,0.2520143631509335
AOI-0024,2025-06-05,0.3065342563527932
AOI-0024,2025-07-03,0.5936356088508379
AOI-0024,2025-07-21,0.3591067610892744
AOI-0024,2025-07-25,0.34969017116059736
AOI-0024,2025-08-06,0.32677882930847185
AOI-0024,2025-08-09,0.2885491848530895
AOI-0024,2025-09-14,0.2842468829006226
AOI-0024,2025-09-21,0.1926767399965507
AOI-0024,2025-09-30,0.231174229409482
AOI-0024,2025-10-02,0.17916234873388598
AOI-0024,2025-10-18,0.16818813895084422
AOI-0025,2025-04-14,0.1746782076675043
AOI-0025,2025-04-23,0.34256570958360244
AOI-0025,2025-04-24,0.20134229635133816
AOI-0025,2025-04-29,0.21228923449784884
AOI-0025,2025-05-09,0.33079682077518
AOI-0025,2025-06-03,0.191321185917872
AOI-0025,2025-06-13,0.21918316036914037
AOI-0025,2025-06-27,0.16216676082093168
AOI-0025,2025-07-21,0.18741918831787802
AOI-0025,2025-08-07,0.1482887672788167
AOI-0025,2025-08-30,0.20161662420659138
AOI-0025,2025-09-07,0.19350316476474477
AOI-0025,2025-09-14,0.2529400337465886
AOI-0025,2025-10-17,0.4195071690848029
AOI-0026,2025-04-07,0.6814771484270463
AOI-0026,2025-04-24,0.8281570916934298
AOI-0026,2025-05-09,0.913441964163813
AOI-0026,2025-06-13,0.6231846701853463
AOI-0026,2025-07-08,0.24451546880921193
AOI-0026,2025-07-10,0.2413856448014248
AOI-0026,2025-07-12,0.2776645939515057
AOI-0026,2025-07-13,0.2362987941299926
AOI-0026,2025-07-18,0.18883091171970112
AOI-0026,2025-07-30,0.14173169692614712
AOI-0026,2025-08-19,0.12537872228859678
AOI-0026,2025-09-08,0.13117033127560407
AOI-0026,2025-09-23,0.16466669059187225
AOI-0026,2025-09-30,0.3381781877796684
AOI-0027,2025-04-16,0.7417603136023304
AOI-0027,2025-04-24,0.7588791496702608
AOI-0027,2025-06-13,0.4783922576324885
AOI-0027,2025-06-27,0.37705933854987606
AOI-0027,2025-07-05,0.3128591783132414
AOI-0027,2025-07-12,0.37788276298836376
AOI-0027,2025-07-13,0.24084612325487328
AOI-0027,2025-07-23,0.20619914664143407
AOI-0027,2025-07-29,0.3026530620080069
AOI-0027,2025-08-19,0.2720585591437641
AOI-0027,2025-08-30,0.26348881048981926
AOI-0027,2025-09-16,0.24589721403191128
AOI-0027,2025-10-16,0.5811135317216212
AOI-0028,2010-04-07,0.753330546448922
AOI-0028,2010-04-15,0.7331564747488675
AOI-0028,2010-10-24,0.18005026240814948
AOI-0028,2011-05-25,0.5553091424496849
AOI-0028,2011-07-28,0.6016695441052429
AOI-0028,2011-08-08,0.5859431538771478
AOI-0028,2011-10-11,0.23699708200344516
AOI-0028,2012-04-22,0.7681228207481614
AOI-0028,2012-09-27,0.15577045879913348
AOI-0028,2012-10-15,0.23362983151937838
AOI-0028,2013-04-07,0.28330296169608377
AOI-0028,2013-06-10,0.344126537722962
AOI-0028,2013-06-26,0.3175363218488434
AOI-0028,2013-08-29,0.2878135626628339
AOI-0028,2014-04-07,0.6730819398564909
AOI-0028,2014-05-04,0.9164713481360247
AOI-0028,2014-07-28,0.27369061985614085
AOI-0028,2014-10-11,0.1895014533841751
AOI-0028,2015-04-13,0.19670371228108552
AOI-0028,2015-08-27,0.34443974178097064
AOI-0028,2015-09-28,0.1763336621758631
AOI-0028,2016-04-07,0.676800668460817
AOI-0028,2016-04-23,0.7497729540117666
AOI-0028,2016-06-09,0.6359265088524835
AOI-0028,2016-06-10,0.6361321690941283
AOI-0028,2016-06-25,0.33575225429912803
AOI-0028,2016-07-27,0.31637475983075025
AOI-0028,2016-09-06,0.1847639691880578
AOI-0028,2017-04-26,0.26807667300247306
AOI-0028,2017-07-23,0.22746277834526868
AOI-0028,2017-08-09,0.1603769254168911
AOI-0028,2017-08-13,0.2577221572049302
AOI-0028,2017-08-29,0.22981055133202732
AOI-0028,2017-09-17,0.2255868279829535
AOI-0028,2018-05-11,0.8363236732858904
AOI-0028,2018-08-19,0.19856407939938853
AOI-0028,2018-08-29,0.229611477415314
AOI-0028,2018-09-12,0.20901427617012786
AOI-0028,2018-10-08,0.15610850466165696
AOI-0028,2019-04-06,0.1417152608628984
AOI-0028,2019-05-02,0.28846311799648083
AOI-0028,2019-05-25,0.3827398751969763
AOI-0028,2019-06-27,0.16936335292588825
AOI-0028,2019-08-09,0.19481080726323627
AOI-0028,2019-08-24,0.14630719348693197
AOI-0028,2019-10-17,0.5449731209498716
AOI-0028,2020-04-25,0.8072863371438689
AOI-0028,2020-05-04,0.8736557767238964
AOI-0028,2020-05-08,0.8480557438826546
AOI-0028,2020-05-30,0.8492671609671324
AOI-0028,2020-07-14,0.18109273698072553
AOI-0028,2020-08-03,0.14432581858110946
AOI-0028,2020-08-08,0.15873392395501126
AOI-0028,2020-09-02,0.1541551194703106
AOI-0028,2020-09-13,0.21477470498768808
AOI-0028,2021-06-14,0.6808458555177389
AOI-0028,2021-06-16,0.7231153955201737
AOI-0028,2021-06-24,0.8098863394207005
AOI-0028,2021-06-26,0.8517517268008743
AOI-0028,2021-07-24,0.7440623751384814
AOI-0028,2021-10-27,0.2541483958991181
AOI-0028,2022-04-07,0.6933348649832504
AOI-0028,2022-04-23,0.868525701510771
AOI-0028,2022-06-09,0.8897346868885601
AOI-0028,2022-06-29,0.36323292670078866
AOI-0028,2022-07-28,0.2254990198844903
AOI-0028,2022-08-03,0.13042301601830864
AOI-0028,2022-08-08,0.13263827896677868
AOI-0028,2022-08-30,0.14033392444684378
AOI-0028,2022-10-01,0.20530944561940212
AOI-0028,2023-04-07,0.326736575178658
AOI-0028,2023-04-11,0.19646314467036502
AOI-0028,2023-05-05,0.22794219323258208
AOI-0028,2023-05-09,0.4933737314443235
AOI-0028,2023-06-09,0.2373332908360215
AOI-0028,2023-08-06,0.19062589200336735
AOI-0028,2023-08-23,0.14598770583635665
AOI-0028,2023-08-29,0.2243496576700068
AOI-0028,2023-09-22,0.16631002544395057
AOI-0028,2023-09-24,0.16928235331718003
AOI-0028,2023-09-30,0.3302642086450964
AOI-0028,2024-05-07,0.8789841117183111
AOI-0028,2024-05-23,0.8138289499589076
AOI-0028,2024-05-24,0.7919632447226708
AOI-0028,2024-07-27,0.217814717208655
AOI-0028,2024-08-03,0.16510984961184288
AOI-0028,2024-08-12,0.19048015336326102
AOI-0028,2024-09-11,0.12527536652640223
AOI-0028,2024-09-16,0.13297122215077528
AOI-0028,2025-04-07,0.3995212964010961
AOI-0028,2025-05-24,0.6001407142555377
AOI-0028,2025-05-31,0.6288057163414542
AOI-0028,2025-06-11,0.6635462474256799
AOI-0028,2025-06-26,0.5571504559212109
AOI-0028,2025-06-27,0.5260863942482799
AOI-0028,2025-07-10,0.2860968598503983
AOI-0028,2025-07-13,0.2453900293314008
AOI-0028,2025-07-23,0.161863031488993
AOI-0028,2025-08-13,0.23629480444621145
AOI-0028,2025-09-08,0.13478191260287847
AOI-0028,2025-09-11,0.13131877541542028
AOI-0028,2025-10-16,0.27360003032208147
AOI-0028,2025-10-28,0.21687823320084587
AOI-0029,2025-04-04,0.5525731471829853
AOI-0029,2025-04-24,0.8027302330799733
AOI-0029,2025-06-08,0.7138571479139757
AOI-0029,2025-06-10,0.6174402264080504
AOI-0029,2025-06-11,0.6853734528502258
AOI-0029,2025-06-13,0.6448334436501593
AOI-0029,2025-07-29,0.17787901029199443
AOI-0029,2025-08-02,0.12301279925359743
AOI-0029,2025-08-19,0.12610306398403032
AOI-0029,2025-09-11,0.12589024573920968
AOI-0029,2025-09-16,0.14485470644313275
AOI-0030,2025-04-21,0.5318673527268458
AOI-0030,2025-04-24,0.5962060681193456
AOI-0030,2025-06-10,0.7196888420393572
AOI-0030,2025-08-07,0.6321199605079351
AOI-0031,2010-06-04,0.5699603353023587
AOI-0031,2010-09-14,0.1907420811432523
AOI-0031,2011-04-23,0.33841788883535123
AOI-0031,2011-06-10,0.4887777191580803
AOI-0031,2011-07-09,0.2250039601709761
AOI-0031,2011-08-11,0.2136356604266936
AOI-0031,2011-08-18,0.19101177332737568
AOI-0031,2011-08-19,0.18160539113580415
AOI-0031,2011-09-19,0.2210483670224092
AOI-0031,2012-04-06,0.2792218991866283
AOI-0031,2012-04-15,0.16458223181694126
AOI-0031,2013-04-07,0.5529027741800218
AOI-0031,2013-05-09,0.6274875121503989
AOI-0031,2013-05-12,0.6039359785732813
AOI-0031,2013-05-25,0.49958050631809175
AOI-0031,2013-06-12,0.24534927536411122
AOI-0031,2013-06-28,0.19294125191520733
AOI-0031,2013-07-23,0.21185206159929293
AOI-0031,2013-08-13,0.27467212588453016
AOI-0031,2013-10-16,0.3203335539189219
AOI-0031,2014-05-23,0.3501329756076868
AOI-0031,2014-06-23,0.2776451823934819
AOI-0031,2014-07-17,0.14297480215572878
AOI-0031,2014-07-28,0.2056976577550992
AOI-0031,2014-08-02,0.1443645975449394
AOI-0031,2014-08-13,0.20176798606401958
AOI-0031,2014-10-14,0.15200597399890242
AOI-0031,2015-09-22,0.20210759493139147
AOI-0031,2015-10-16,0.22235726566784003
AOI-0031,2016-04-01,0.24065769338745716
AOI-0031,2016-04-17,0.40143877675851636
AOI-0031,2016-04-22,0.6437476089181065
AOI-0031,2016-05-03,0.6073535216460024
AOI-0031,2016-05-24,0.7041988633992359
AOI-0031,2016-06-09,0.5742970169537597
AOI-0031,2016-06-12,0.600244073677322
AOI-0031,2016-06-20,0.36022404359519117
AOI-0031,2016-06-25,0.32755958264050955
AOI-0031,2016-07-30,0.23392294492378776
AOI-0031,2017-05-06,0.7333260215691972
AOI-0031,2017-06-07,0.7121731722081314
AOI-0031,2017-08-03,0.1858329745981812
AOI-0031,2017-08-13,0.200843544119122
AOI-0031,2017-09-04,0.16761017300554276
AOI-0031,2017-09-22,0.2651914068042534
AOI-0031,2018-04-23,0.6095409813182522
AOI-0031,2018-05-02,0.6805360904323716
AOI-0031,2018-05-18,0.6240457172011308
AOI-0031,2018-06-03,0.29853229049077745
AOI-0031,2018-06-10,0.32976758674209916
AOI-0031,2018-06-11,0.26308256506683037
AOI-0031,2018-07-13,0.24767909229260388
AOI-0031,2018-09-06,0.20214401736050586
AOI-0031,2018-09-14,0.21623872190368865
AOI-0031,2018-10-07,0.16490582975983
AOI-0031,2018-10-12,0.1963909663667199
AOI-0031,2019-04-10,0.48484214982055407
AOI-0031,2019-06-14,0.20884777071694216
AOI-0031,2019-06-22,0.1453258273645182
AOI-0031,2019-07-09,0.1594961398568167
AOI-0031,2019-07-23,0.26055318891375306
AOI-0031,2019-08-08,0.4357360095522533
AOI-0031,2019-08-31,0.21990427621711595
AOI-0031,2019-09-17,0.17825242507112088
AOI-0031,2019-10-03,0.26456771987707484
AOI-0031,2019-10-10,0.3281007923816577
AOI-0031,2019-10-12,0.2635285824274115
AOI-0031,2019-10-22,0.49825325263750886
AOI-0031,2020-04-13,0.44832514311217364
AOI-0031,2020-06-01,0.4969789089710429
AOI-0031,2020-06-06,0.5289382715744266
AOI-0031,2020-07-11,0.1649890726940028
AOI-0031,2020-07-18,0.11523920222064454
AOI-0031,2020-07-28,0.12005164623134179
AOI-0031,2020-08-07,0.13294470850679818
AOI-0031,2020-08-17,0.13615529322919773
AOI-0031,2020-08-22,0.13014038128213543
AOI-0031,2020-09-27,0.13877733735852343
AOI-0031,2020-10-13,0.12987414275985057
AOI-0031,2020-10-19,0.0925698040268364
AOI-0031,2020-10-21,0.13923987034196897
AOI-0031,2021-04-07,0.2426399859209395
AOI-0031,2021-05-17,0.2676442219144913
AOI-0031,2021-06-11,0.1412824627394753
AOI-0031,2021-07-01,0.13591756378435935
AOI-0031,2021-07-16,0.13440536333620967
AOI-0031,2021-07-21,0.12009658816562299
AOI-0031,2021-08-06,0.15957986872783017
AOI-0031,2021-08-25,0.12522762113148436
AOI-0031,2021-08-30,0.12505631445857748
AOI-0031,2022-05-14,0.8265199504236498
AOI-0031,2022-06-10,0.6857905593463067
AOI-0031,2022-06-11,0.7372425914080252
AOI-0031,2022-06-20,0.4344382816687641
AOI-0031,2022-06-21,0.41155562855599676
AOI-0031,2022-07-08,0.16772631677718847
AOI-0031,2022-07-12,0.2213678418670038
AOI-0031,2022-09-08,0.12942036177104688
AOI-0031,2022-09-09,0.11280568662388382
AOI-0031,2022-09-10,0.13145875381382494
AOI-0031,2022-09-11,0.12529595843715638
AOI-0031,2022-09-26,0.12462054298029084
AOI-0031,2022-09-29,0.13310992875256117
AOI-0031,2023-04-04,0.3175056537239339
AOI-0031,2023-04-27,0.381790208028461
AOI-0031,2023-05-17,0.43790519394843086
AOI-0031,2023-06-17,0.2949138739854222
AOI-0031,2023-06-23,0.2635185445880498
AOI-0031,2023-06-26,0.3081009055295315
AOI-0031,2023-07-11,0.282565043660123
AOI-0031,2023-08-15,0.225033951430688
AOI-0031,2023-09-19,0.18085867784417478
AOI-0031,2023-09-20,0.21395398490061138
AOI-0031,2023-09-30,0.2375104445123502
AOI-0031,2023-10-15,0.1855459922450047
AOI-0031,2023-10-24,0.18131120784042642
AOI-0031,2024-05-03,0.20521934197803537
AOI-0031,2024-06-02,0.19232304888454993
AOI-0031,2024-07-02,0.15489701675345424
AOI-0031,2024-07-10,0.11271055149224883
AOI-0031,2024-07-13,0.1448675341388616
AOI-0031,2024-08-09,0.11850468416738304
AOI-0031,2024-08-16,0.1420475806982789
AOI-0031,2024-08-26,0.1447459541901583
AOI-0031,2025-04-19,0.4892441717954932
AOI-0031,2025-04-23,0.610478023141707
AOI-0031,2025-06-21,0.4598790150218212
AOI-0031,2025-07-12,0.23707113729312018
AOI-0031,2025-07-15,0.19437333528408657
AOI-0031,2025-08-06,0.176238413706338
AOI-0031,2025-08-09,0.1409251797383052
AOI-0031,2025-09-08,0.13562666629670272
AOI-0031,2025-09-15,0.15402692588159136
AOI-0031,2025-09-17,0.15467273941578707
AOI-0031,2025-10-02,0.21192350555028755
AOI-0031,2025-10-22,0.2469341575797313
AOI-0032,2010-06-04,0.26894692693602845
AOI-0032,2010-06-10,0.27648301885953164
AOI-0032,2010-06-20,0.1964505686835473
AOI-0032,2010-07-12,0.21574129806095715
AOI-0032,2010-08-16,0.1387954489990278
AOI-0032,2010-09-14,0.18676354641295215
AOI-0032,2010-09-30,0.219052644531593
AOI-0032,2011-07-12,0.29476452508536155
AOI-0032,2011-08-29,0.2860360582413481
AOI-0032,2011-09-11,0.1704521098761907
AOI-0032,2011-09-28,0.1804162975494133
AOI-0032,2012-04-06,0.28153664824241265
AOI-0032,2012-05-01,0.31783448219608323
AOI-0032,2012-06-25,0.33212504690289935
AOI-0032,2012-10-08,0.13241785724319427
AOI-0032,2013-05-19,0.4563626186733444
AOI-0032,2013-05-20,0.44477515923270994
AOI-0032,2013-06-10,0.3397160765796894
AOI-0032,2013-06-12,0.2901157066318596
AOI-0032,2013-06-13,0.2852169656596174
AOI-0032,2013-07-22,0.3170518413674642
AOI-0032,2013-07-30,0.32818788236524904
AOI-0032,2013-08-13,0.2971061688341057
AOI-0032,2013-08-29,0.25647834224495747
AOI-0032,2013-09-14,0.2641915163255302
AOI-0032,2014-06-16,0.25051388870928876
AOI-0032,2014-06-26,0.24228874021563834
AOI-0032,2014-07-12,0.19171588517324534
AOI-0032,2014-09-03,0.1395022502477619
AOI-0032,2015-04-23,0.26618785524747124
AOI-0032,2015-06-18,0.5041990837755922
AOI-0032,2015-07-13,0.29656782387245056
AOI-0032,2015-09-15,0.1692103907430962
AOI-0032,2015-09-23,0.18021643117403718
AOI-0032,2015-09-30,0.21376558947155105
AOI-0032,2016-04-06,0.26292433371402146
AOI-0032,2016-04-10,0.17143752094825712
AOI-0032,2016-05-03,0.23569356204286734
AOI-0032,2016-06-09,0.3720722957518744
AOI-0032,2016-06-28,0.20441147262479692
AOI-0032,2016-07-15,0.16228150892267576
AOI-0032,2016-07-30,0.18784440355561371
AOI-0032,2016-08-16,0.1568308174209397
AOI-0032,2016-09-09,0.16169262800162412
AOI-0032,2016-10-18,0.3692474405165465
AOI-0032,2017-04-04,0.41718401880723194
AOI-0032,2017-04-28,0.7062249786166399
AOI-0032,2017-05-09,0.7739852941966734
AOI-0032,2017-07-02,0.2299026247933385
AOI-0032,2017-08-02,0.16314440212147507
AOI-0032,2017-08-11,0.12590395964887596
AOI-0032,2017-08-19,0.13417930228876881
AOI-0032,2017-08-27,0.17667343630843463
AOI-0032,2017-09-03,0.15124625082056875
AOI-0032,2017-09-12,0.16180749511035486
AOI-0032,2018-04-15,0.17802863197735078
AOI-0032,2018-06-10,0.2312447235826973
AOI-0032,2018-06-19,0.13989809002364167
AOI-0032,2018-09-14,0.19965341194938135
AOI-0032,2018-09-23,0.16065747993455692
AOI-0032,2018-09-30,0.23020182931733912
AOI-0032,2018-10-07,0.16144586214997325
AOI-0032,2018-10-12,0.23512554133995256
AOI-0032,2019-04-26,0.71266532180599
AOI-0032,2019-04-28,0.7012319453164213
AOI-0032,2019-05-18,0.8123992404102898
AOI-0032,2019-05-20,0.8065798948829713
AOI-0032,2019-05-30,0.6623312110673187
AOI-0032,2019-06-14,0.2913094862413752
AOI-0032,2019-06-19,0.18245488418454342
AOI-0032,2019-07-23,0.15408961010396188
AOI-0032,2019-09-25,0.12975608906055586
AOI-0032,2019-10-05,0.14245954039788164
AOI-0032,2019-10-11,0.21473125735515938
AOI-0032,2019-10-25,0.3664869360655078
AOI-0032,2019-10-28,0.3491373131210803
AOI-0032,2020-05-27,0.4191683090834029
AOI-0032,2020-05-30,0.3881059848928386
AOI-0032,2020-06-24,0.20208966220009414
AOI-0032,2020-06-26,0.16747669089854753
AOI-0032,2020-08-05,0.12679057381400147
AOI-0032,2020-08-07,0.12644217518717554
AOI-0032,2020-09-13,0.1722089635914778
AOI-0032,2020-09-28,0.11538818598431508
AOI-0032,2020-09-29,0.17553957055376807
AOI-0032,2020-10-05,0.12315113722878501
AOI-0032,2020-10-06,0.13136899633983426
AOI-0032,2020-10-24,0.14623496559570445
AOI-0032,2021-04-04,0.06312434074703432
AOI-0032,2021-04-23,0.2718182322261382
AOI-0032,2021-05-01,0.25421299885022053
AOI-0032,2021-05-25,0.29232809874227805
AOI-0032,2021-06-18,0.16618940913772579
AOI-0032,2021-07-01,0.146725666173176
AOI-0032,2021-07-18,0.14465349186285953
AOI-0032,2021-09-06,0.16191042987358673
AOI-0032,2021-09-15,0.16549888549535613
AOI-0032,2021-10-08,0.32619163738469525
AOI-0032,2022-04-26,0.7847605325995012
AOI-0032,2022-05-09,0.8457957111862102
AOI-0032,2022-05-13,0.8566961248232123
AOI-0032,2022-05-29,0.8411545471616102
AOI-0032,2022-06-06,0.7353466736283185
AOI-0032,2022-06-13,0.5923958619193915
AOI-0032,2022-06-30,0.315915135821815
AOI-0032,2022-08-01,0.1403313263368193
AOI-0032,2022-08-02,0.09565806977942329
AOI-0032,2022-08-15,0.09617122475950236
AOI-0032,2022-08-24,0.14565022139121536
AOI-0032,2022-08-29,0.1699085236226181
AOI-0032,2022-09-11,0.1361181659537522
AOI-0032,2023-04-07,0.28619048950055315
AOI-0032,2023-04-12,0.1727392332661436
AOI-0032,2023-05-12,0.21573597592588145
AOI-0032,2023-05-15,0.2190806592936443
AOI-0032,2023-05-24,0.2948951714665004
AOI-0032,2023-06-06,0.4055267208867232
AOI-0032,2023-06-18,0.5454575858293242
AOI-0032,2023-07-26,0.2640276676481119
AOI-0032,2023-07-28,0.31483748496463565
AOI-0032,2023-08-08,0.2282010874956951
AOI-0032,2023-09-01,0.23096826037256238
AOI-0032,2023-09-11,0.21946608470303147
AOI-0032,2023-09-24,0.18025877890233719
AOI-0032,2024-04-07,0.21799142973936889
AOI-0032,2024-05-06,0.1964941646070426
AOI-0032,2024-06-03,0.21572737455637114
AOI-0032,2024-07-12,0.13714354048049643
AOI-0032,2024-07-25,0.14526651478057903
AOI-0032,2024-07-30,0.13315171461949948
AOI-0032,2024-08-22,0.15248805391200654
AOI-0032,2024-08-30,0.1516718058364917
AOI-0032,2024-09-13,0.16264687592092478
AOI-0032,2024-09-18,0.14060107998260113
AOI-0032,2024-10-05,0.12913857991611388
AOI-0032,2024-10-15,0.2260944205447816
AOI-0032,2024-10-23,0.1329562401434373
AOI-0032,2025-05-06,0.7281433114497516
AOI-0032,2025-05-28,0.7222911455424945
AOI-0032,2025-06-30,0.2836170395477645
AOI-0032,2025-07-07,0.2021524986394461
AOI-0032,2025-07-10,0.1769454535857669
AOI-0032,2025-08-13,0.19316243998546156
AOI-0032,2025-08-16,0.1452217211632976
AOI-0032,2025-08-24,0.14712267111466143
AOI-0032,2025-08-31,0.1596125277529505
AOI-0032,2025-09-03,0.1259517507106092
AOI-0032,2025-10-08,0.16116228886323913
AOI-0033,2025-04-28,0.17703185638775
AOI-0033,2025-05-20,0.3333108671933193
AOI-0033,2025-06-10,0.6713734296884986
AOI-0033,2025-06-22,0.7291276187149967
AOI-0033,2025-07-05,0.4702140745626573
AOI-0033,2025-07-10,0.3137003812954299
AOI-0033,2025-09-15,0.2788182522138411
AOI-0034,2025-04-25,0.2039216969478371
AOI-0034,2025-05-06,0.1849343343855793
AOI-0034,2025-05-09,0.320434524397507
AOI-0034,2025-06-10,0.23409728683010297
AOI-0034,2025-06-15,0.16561245685598483
AOI-0034,2025-06-21,0.20887584268627896
AOI-0034,2025-07-07,0.1223139646603977
AOI-0034,2025-07-10,0.13205427920219506
AOI-0034,2025-07-16,0.17222004163434784
AOI-0034,2025-08-31,0.16127994572038554
AOI-0034,2025-09-13,0.14226182573889026
AOI-0034,2025-09-23,0.14544360445974214
AOI-0034,2025-10-02,0.2681405335624124
AOI-0034,2025-10-16,0.538828175176632
AOI-0035,2025-05-16,0.16412490626564288
AOI-0035,2025-05-20,0.1982280020571134
AOI-0035,2025-06-05,0.1839888539210333
AOI-0035,2025-06-07,0.1500989089111523
AOI-0035,2025-06-10,0.23982704855273237
AOI-0035,2025-07-30,0.1216331366361302
AOI-0035,2025-08-31,0.14123737963463037
AOI-0035,2025-09-26,0.16964532190245865
AOI-0035,2025-09-28,0.1369566073172245
AOI-0035,2025-10-02,0.2069825629381048
AOI-0035,2025-10-30,0.5853294604066389
AOI-0036,2025-05-16,0.6180010454767798
AOI-0036,2025-07-16,0.24003408560626677
AOI-0036,2025-08-01,0.17031653351411782
AOI-0036,2025-08-09,0.13935610202773538
AOI-0036,2025-08-23,0.16835203837597792
AOI-0036,2025-10-02,0.19512032475728414
AOI-0037,2025-04-07,0.5257716919687417
AOI-0037,2025-04-16,0.47947028478956394
AOI-0037,2025-05-23,0.633301088523584
AOI-0037,2025-06-30,0.3376485127162779
AOI-0037,2025-07-14,0.30925341398289713
AOI-0037,2025-07-23,0.2632861211148667
AOI-0037,2025-08-09,0.22482727165294158
AOI-0037,2025-08-16,0.23171476768515642
AOI-0037,2025-09-12,0.19799816631896583
AOI-0037,2025-09-13,0.18837580885167476
AOI-0037,2025-09-23,0.1975305489776854
AOI-0037,2025-09-26,0.2097922353504585
AOI-0037,2025-09-30,0.26908505333432226
AOI-0037,2025-10-05,0.1957386940011612
AOI-0038,2025-04-07,0.4629488228802807
AOI-0038,2025-04-25,0.49233553077629466
AOI-0038,2025-06-14,0.45311676994141514
AOI-0038,2025-07-10,0.17611424596308242
AOI-0038,2025-07-15,0.18801662858421342
AOI-0038,2025-08-14,0.18115174592094496
AOI-0038,2025-09-02,0.20751647927922617
AOI-0038,2025-10-05,0.18329417793535918
AOI-0038,2025-10-08,0.17701339800542087
AOI-0038,2025-10-16,0.29108994248954445
AOI-0039,2025-05-04,0.7175799108352633
AOI-0039,2025-05-08,0.6331764058110215
AOI-0039,2025-05-28,0.6143619117627612
AOI-0039,2025-07-10,0.4196330077130785
AOI-0039,2025-08-06,0.3026177065616066
AOI-0039,2025-08-24,0.3478073895338844
AOI-0039,2025-09-08,0.29528557260172195
AOI-0039,2025-09-12,0.3088143047106833
AOI-0039,2025-09-14,0.379315014159606
AOI-0039,2025-09-26,0.3143253425214304
AOI-0039,2025-10-23,0.3617176648099424
AOI-0040,2025-04-02,0.2912525251678839
AOI-0040,2025-04-03,0.29222174588587185
AOI-0040,2025-05-06,0.7322159930067811
AOI-0040,2025-06-07,0.685670825188861
AOI-0040,2025-07-08,0.2174150844236695
AOI-0040,2025-09-12,0.13899422504178044
AOI-0040,2025-09-13,0.12884924198537814
AOI-0040,2025-09-28,0.14106970353589804
AOI-0040,2025-09-30,0.22044413203996926
AOI-0040,2025-10-02,0.17542252032701003
AOI-0041,2025-04-23,0.6352172449617737
AOI-0041,2025-05-20,0.6060077626691163
AOI-0041,2025-06-22,0.3640272175642311
AOI-0041,2025-06-27,0.37075852202778337
AOI-0041,2025-07-23,0.2619419266721541
AOI-0041,2025-08-19,0.20219468397930163
AOI-0041,2025-09-30,0.31363320166170006
AOI-0042,2025-04-18,0.17033155457536459
AOI-0042,2025-05-04,0.1673775020098278
AOI-0042,2025-06-13,0.15886861349116205
AOI-0042,2025-07-14,0.1562184306502334
AOI-0042,2025-07-16,0.1526317593256052
AOI-0042,2025-07-24,0.1583045183549055
AOI-0042,2025-08-17,0.1517995963473464
AOI-0042,2025-08-19,0.12066231342123182
AOI-0042,2025-08-24,0.12473458263367596
AOI-0042,2025-08-29,0.16535793918124544
AOI-0042,2025-09-15,0.13232309366781433
AOI-0042,2025-09-17,0.14237022550727527
AOI-0042,2025-10-02,0.1833485134433338
AOI-0043,2025-04-24,0.19942473254483026
AOI-0043,2025-04-29,0.22730916240800453
AOI-0043,2025-05-31,0.21661995712835885
AOI-0043,2025-06-08,0.19625925296194754
AOI-0043,2025-06-15,0.15430795006860826
AOI-0043,2025-06-17,0.150166904589816
AOI-0043,2025-06-25,0.13931912368381946
AOI-0043,2025-07-07,0.1894775965751693
AOI-0043,2025-07-13,0.15263507882538443
AOI-0043,2025-08-12,0.1385958695872641
AOI-0043,2025-09-24,0.20357540771181762
AOI-0043,2025-10-13,0.15396747995144097
AOI-0043,2025-10-15,0.16678064479188787
AOI-0044,2010-04-16,0.2145426588147257
AOI-0044,2010-04-25,0.26356144097731893
AOI-0044,2010-05-09,0.49182765108060467
AOI-0044,2010-05-18,0.3625811873037079
AOI-0044,2010-06-12,0.4320967281132515
AOI-0044,2010-06-20,0.4075554598160866
AOI-0044,2010-06-28,0.48124612605461814
AOI-0044,2010-07-29,0.23370189841353164
AOI-0044,2010-08-06,0.1895467019808855
AOI-0044,2010-10-16,0.24824001381811128
AOI-0044,2010-10-25,0.17177983650826456
AOI-0044,2011-07-16,0.6702599379974197
AOI-0044,2011-08-01,0.3401226946579072
AOI-0044,2011-08-02,0.3087827037637811
AOI-0044,2011-10-16,0.3507662688280444
AOI-0044,2012-04-06,0.33275012050132485
AOI-0044,2012-05-08,0.6530500950318927
AOI-0044,2013-05-02,0.2267307095936235
AOI-0044,2013-05-03,0.2266548286028247
AOI-0044,2013-05-11,0.2672728309761163
AOI-0044,2014-04-07,0.38150252068828483
AOI-0044,2014-06-06,0.2540234037448661
AOI-0044,2014-06-14,0.21170157120003552
AOI-0044,2014-06-23,0.2156919056010103
AOI-0044,2014-08-02,0.17190379291652472
AOI-0044,2014-08-09,0.1676547043206788
AOI-0044,2014-08-29,0.22489917473197266
AOI-0044,2014-09-18,0.1802247121539574
AOI-0044,2014-09-19,0.15994302088638218
AOI-0044,2014-10-04,0.19668446288264424
AOI-0044,2014-10-12,0.15464704237980498
AOI-0044,2014-10-28,0.18084117226047408
AOI-0044,2014-10-29,0.18540833640789428
AOI-0044,2015-06-26,0.4718350263858899
AOI-0044,2015-07-27,0.24739379063742542
AOI-0044,2015-07-28,0.29543751560802967
AOI-0044,2015-08-29,0.23537219040298746
AOI-0044,2015-10-08,0.1950317813199107
AOI-0044,2015-10-16,0.2746377159322572
AOI-0044,2016-04-08,0.4985220891653132
AOI-0044,2016-05-08,0.8168898679772341
AOI-0044,2016-05-11,0.8367118525172945
AOI-0044,2016-06-20,0.3852249967981891
AOI-0044,2016-06-25,0.37681110283341135
AOI-0044,2016-07-13,0.2760304898870746
AOI-0044,2016-07-27,0.3324703389138208
AOI-0044,2016-09-07,0.19957759643972164
AOI-0044,2016-09-13,0.24726748203891288
AOI-0044,2016-10-02,0.20986152341331016
AOI-0044,2016-10-26,0.20371652788768027
AOI-0044,2017-04-03,0.16591886273265682
AOI-0044,2017-04-04,0.16657031913515546
AOI-0044,2017-04-12,0.21796006624167708
AOI-0044,2017-06-27,0.21638726403655759
AOI-0044,2017-06-30,0.21142342536296627
AOI-0044,2017-08-10,0.17532826054667128
AOI-0044,2017-09-14,0.23820479265222022
AOI-0044,2018-04-06,0.5194228770063445
AOI-0044,2018-07-12,0.2576638013726833
AOI-0044,2018-07-19,0.16191849636732547
AOI-0044,2018-09-30,0.2233695927446065
AOI-0044,2019-04-25,0.35642457863435856
AOI-0044,2019-04-26,0.36410475092105443
AOI-0044,2019-06-02,0.6985107841227184
AOI-0044,2019-06-12,0.4963880995671693
AOI-0044,2019-06-20,0.3341826504341192
AOI-0044,2019-08-13,0.41636821598498686
AOI-0044,2019-09-10,0.17122889337297467
AOI-0044,2019-09-15,0.1497878373838011
AOI-0044,2019-09-16,0.18634750894492227
AOI-0044,2019-10-10,0.17242667733429445
AOI-0044,2020-04-17,0.16238384684822618
AOI-0044,2020-04-22,0.27563408202221784
AOI-0044,2020-05-17,0.19312256919705692
AOI-0044,2020-06-30,0.2054060606291127
AOI-0044,2020-08-10,0.14128416588347537
AOI-0044,2020-09-09,0.14986197417539324
AOI-0044,2020-09-10,0.14422141737025096
AOI-0044,2020-09-26,0.12516107412184083
AOI-0044,2020-09-29,0.1786558448559812
AOI-0044,2020-10-14,0.14093209368659185
AOI-0044,2020-10-21,0.13617638728206818
AOI-0044,2021-05-12,0.7050540702296201
AOI-0044,2021-05-17,0.7192459877936879
AOI-0044,2021-05-25,0.7120923161095856
AOI-0044,2021-07-16,0.22479048682430247
AOI-0044,2021-07-21,0.14902287453074944
AOI-0044,2021-09-30,0.2235126058859418
AOI-0044,2021-10-07,0.15378737499602582
AOI-0044,2022-05-27,0.7793225252904746
AOI-0044,2022-06-06,0.720139246398496
AOI-0044,2022-06-12,0.7102492791363572
AOI-0044,2022-07-07,0.20768335808797733
AOI-0044,2022-08-10,0.2344533172479763
AOI-0044,2022-08-13,0.2925138741196173
AOI-0044,2022-08-24,0.27436227283709347
AOI-0044,2022-09-25,0.18215916560038664
AOI-0044,2022-09-30,0.2577623204377343
AOI-0044,2023-04-02,0.17465495943724968
AOI-0044,2023-04-07,0.3080009541876448
AOI-0044,2023-06-06,0.21458957490988373
AOI-0044,2023-06-30,0.19127498496174422
AOI-0044,2023-07-05,0.18494761174877203
AOI-0044,2023-07-09,0.17361811249785664
AOI-0044,2023-07-11,0.15414229245043426
AOI-0044,2023-07-16,0.16051513287530944
AOI-0044,2023-07-25,0.212670101053331
AOI-0044,2023-08-05,0.15163620657664748
AOI-0044,2023-08-25,0.15049850332673376
AOI-0044,2023-09-30,0.2779466631961325
AOI-0044,2023-10-14,0.26022542770081275
AOI-0044,2024-04-06,0.8110642000557873
AOI-0044,2024-04-14,0.8387129328935866
AOI-0044,2024-06-05,0.5823733783439531
AOI-0044,2024-09-06,0.14232997929109592
AOI-0044,2024-09-21,0.14618074533794423
AOI-0044,2025-04-02,0.1511706896552653
AOI-0044,2025-05-20,0.21246801929333717
AOI-0044,2025-07-06,0.18899346180030213
AOI-0044,2025-07-10,0.13971687547128142
AOI-0044,2025-08-14,0.14967932312794704
AOI-0044,2025-09-23,0.1566424547671634
AOI-0044,2025-10-03,0.16312032680735403
AOI-0044,2025-10-15,0.1559657441025873
AOI-0045,2025-04-26,0.22733278907111185
AOI-0045,2025-06-15,0.15743150703154712
AOI-0045,2025-06-27,0.16295360567458994
AOI-0045,2025-06-29,0.202212379229732
AOI-0045,2025-07-31,0.18526986556890102
AOI-0045,2025-08-13,0.21371751993428523
AOI-0045,2025-08-15,0.1904752780897328
AOI-0045,2025-08-16,0.14774702254742383
AOI-0045,2025-09-30,0.23139924184666513
AOI-0045,2025-10-15,0.15678629097160335
AOI-0046,2010-06-26,0.32473957927197933
AOI-0046,2010-07-12,0.3635752040654302
AOI-0046,2010-09-14,0.4020198123554948
AOI-0046,2011-05-30,0.2926799066950297
AOI-0046,2011-08-17,0.18562967510763845
AOI-0046,2012-04-22,0.4430245939205001
AOI-0046,2012-04-29,0.29229399075137313
AOI-0046,2012-06-09,0.5850505121983012
AOI-0046,2013-04-25,0.23506388647797613
AOI-0046,2013-05-09,0.45867038650404324
AOI-0046,2013-06-11,0.5793033574551725
AOI-0046,2013-06-27,0.35729883409925073
AOI-0046,2013-07-21,0.29726021568183403
AOI-0046,2013-07-28,0.35513691161004596
AOI-0046,2013-07-30,0.27820436841722207
AOI-0046,2014-05-25,0.7364895148525744
AOI-0046,2014-05-29,0.7734529374413948
AOI-0046,2014-07-01,0.30019256129855687
AOI-0046,2014-07-12,0.3318952897391725
AOI-0046,2014-08-01,0.191398148061456
AOI-0046,2014-08-25,0.142997769513588
AOI-0046,2014-09-19,0.14508654587482797
AOI-0046,2015-05-17,0.25375214064034635
AOI-0046,2015-07-12,0.35017813237430595
AOI-0046,2015-09-22,0.20439229204399867
AOI-0046,2015-10-16,0.3269402445610595
AOI-0046,2016-05-02,0.825267063191799
AOI-0046,2016-05-10,0.8397295192465642
AOI-0046,2016-05-18,0.8503516154987367
AOI-0046,2016-06-03,0.70040246254061
AOI-0046,2016-06-09,0.6318245530608428
AOI-0046,2016-07-13,0.19284921142151465
AOI-0046,2016-07-30,0.23166740628051435
AOI-0046,2016-10-02,0.23120167316438212
AOI-0046,2016-10-17,0.30726176051543225
AOI-0046,2016-10-25,0.31445439840117595
AOI-0046,2017-04-13,0.43122096527843545
AOI-0046,2017-06-27,0.41823761395630155
AOI-0046,2017-07-02,0.3239475180421511
AOI-0046,2017-07-24,0.21732705268824026
AOI-0046,2017-08-09,0.16762835927410719
AOI-0046,2017-08-21,0.14885870449309432
AOI-0046,2017-09-10,0.2186719306366777
AOI-0046,2017-09-15,0.2785650142663862
AOI-0046,2017-10-12,0.2597114339855432
AOI-0046,2018-05-09,0.3650131474365539
AOI-0046,2018-06-01,0.2237154059593115
AOI-0046,2018-07-20,0.19335231519509605
AOI-0046,2018-08-20,0.1699641924881275
AOI-0046,2018-08-29,0.2166940099982032
AOI-0046,2018-10-15,0.172049519133198
AOI-0046,2018-10-24,0.1912447170622158
AOI-0046,2019-04-01,0.20133931695442978
AOI-0046,2019-04-18,0.31071295375937763
AOI-0046,2019-05-19,0.7876219528919728
AOI-0046,2019-08-01,0.22456790309496893
AOI-0046,2019-09-01,0.19886422021742137
AOI-0046,2019-10-20,0.4587954144942803
AOI-0046,2020-04-04,0.7785773346911083
AOI-0046,2020-04-07,0.8032786132245563
AOI-0046,2020-05-08,0.8156354257238843
AOI-0046,2020-05-24,0.792238105932614
AOI-0046,2020-06-09,0.6814562311733693
AOI-0046,2020-09-10,0.14859590424776925
AOI-0046,2020-09-13,0.20503913640196514
AOI-0046,2020-09-26,0.12774813340294083
AOI-0046,2020-10-21,0.14340597647365302
AOI-0046,2021-05-02,0.5453151691447934
AOI-0046,2021-05-25,0.7756442511637238
AOI-0046,2021-07-11,0.2876644311869908
AOI-0046,2021-07-28,0.3007405365757524
AOI-0046,2021-08-13,0.3847602401944469
AOI-0046,2021-08-20,0.21106926066573703
AOI-0046,2021-08-29,0.4097069164510314
AOI-0046,2021-09-06,0.49865108636053057
AOI-0046,2022-06-05,0.2457042190804059
AOI-0046,2022-07-24,0.18208128275564844
AOI-0046,2022-07-29,0.16639438436436588
AOI-0046,2022-07-30,0.22461626862325432
AOI-0046,2022-08-24,0.21546409671975236
AOI-0046,2022-08-30,0.1486224965021303
AOI-0046,2023-04-02,0.5298678693253771
AOI-0046,2023-04-29,0.8302769417082405
AOI-0046,2023-05-06,0.876445085461826
AOI-0046,2023-06-21,0.6284910696375074
AOI-0046,2023-06-24,0.4800574974621578
AOI-0046,2023-07-22,0.240767373540747
AOI-0046,2023-07-25,0.2661531543499447
AOI-0046,2023-08-13,0.2112342707494585
AOI-0046,2023-08-18,0.1572705674802898
AOI-0046,2023-08-25,0.16356492890474184
AOI-0046,2023-08-27,0.17737450694785603
AOI-0046,2023-08-28,0.15137973354843504
AOI-0046,2023-10-13,0.19780678674260355
AOI-0046,2023-10-29,0.28432836634910097
AOI-0046,2024-04-06,0.7150577037691276
AOI-0046,2024-05-08,0.8589760878752399
AOI-0046,2024-05-09,0.8488705430864981
AOI-0046,2024-06-01,0.7948617302112281
AOI-0046,2024-06-09,0.5280845381543527
AOI-0046,2024-07-03,0.20795287535260626
AOI-0046,2024-07-19,0.16257001674684154
AOI-0046,2024-08-09,0.14605975974260219
AOI-0046,2024-08-20,0.18821632161945412
AOI-0046,2024-08-28,0.21278818473789896
AOI-0046,2024-09-13,0.18401894855736764
AOI-0046,2024-09-22,0.17763077550540854
AOI-0046,2024-10-13,0.11524795435335798
AOI-0046,2025-06-30,0.7118920165797835
AOI-0046,2025-07-15,0.44814745109873333
AOI-0046,2025-08-07,0.41594049700833824
AOI-0046,2025-08-15,0.4190645995899106
AOI-0046,2025-09-24,0.20364869868741325
AOI-0046,2025-10-02,0.19811975714560442
AOI-0047,2025-05-08,0.7417059313440717
AOI-0047,2025-05-16,0.7666809038706359
AOI-0047,2025-05-25,0.7125473630791204
AOI-0047,2025-06-15,0.3824590252530375
AOI-0047,2025-07-17,0.16056074245875404
AOI-0047,2025-07-18,0.1527449714190378
AOI-0047,2025-09-03,0.13462813747778077
AOI-0047,2025-10-15,0.15773977826074262
AOI-0047,2025-10-16,0.23213409588993586
AOI-0048,2025-04-07,0.6809561869355336
AOI-0048,2025-04-17,0.6982260700025289
AOI-0048,2025-05-09,0.690536679042063
AOI-0048,2025-09-17,0.1691884703176287
AOI-0048,2025-09-24,0.1831480246812357
AOI-0049,2025-05-04,0.7512100344118005
AOI-0049,2025-06-26,0.354279897228177
AOI-0049,2025-06-27,0.23107004991208824
AOI-0049,2025-07-29,0.23167562590542212
AOI-0049,2025-08-06,0.1845745672591819
AOI-0049,2025-08-12,0.1692292533489214
AOI-0049,2025-08-17,0.1689083259013946
AOI-0049,2025-09-06,0.16383391046182416
AOI-0049,2025-09-14,0.2466019381393736
AOI-0049,2025-09-26,0.1945544696397306
AOI-0049,2025-09-30,0.29394063353637456
AOI-0049,2025-10-08,0.19300183061436924
AOI-0049,2025-10-16,0.27528960519844975
AOI-0049,2025-10-28,0.22844738650480773
AOI-0050,2025-04-14,0.3039415250873103
AOI-0050,2025-04-15,0.343878424583806
AOI-0050,2025-05-25,0.6296150191785097
AOI-0050,2025-06-27,0.4890861966913573
AOI-0050,2025-08-07,0.27753590307892423
AOI-0050,2025-08-09,0.27799472554124127
AOI-0050,2025-08-13,0.4484206398432762
AOI-0050,2025-08-17,0.2774556504823935
AOI-0050,2025-09-07,0.3464007804446194
AOI-0050,2025-09-30,0.4242408072058646
AOI-0050,2025-10-17,0.36319367864123253
AOI-0050,2025-10-28,0.33242351258736336
AOI-0051,2010-06-09,0.6977879513389431
AOI-0051,2011-06-04,0.5316262672212572
AOI-0051,2011-06-05,0.5337180920089661
AOI-0051,2011-06-12,0.623288050799373
AOI-0051,2011-06-13,0.6266032834890098
AOI-0051,2011-09-01,0.5764332927142626
AOI-0051,2011-10-11,0.3930862997761382
AOI-0051,2012-04-27,0.4923714963411359
AOI-0051,2012-05-22,0.6288193620751454
AOI-0051,2012-08-12,0.47438973845848187
AOI-0051,2012-08-26,0.34528337012013693
AOI-0051,2012-08-28,0.4542413257605991
AOI-0051,2012-09-18,0.3353114723717153
AOI-0051,2012-10-13,0.363908035932888
AOI-0051,2013-05-01,0.7536082197227124
AOI-0051,2013-07-19,0.4111995815498211
AOI-0051,2013-07-28,0.5502269863721057
AOI-0051,2013-08-29,0.4716795457930456
AOI-0051,2013-10-07,0.4634659458875144
AOI-0051,2013-10-16,0.524652339805922
AOI-0051,2014-04-18,0.7676693464579123
AOI-0051,2014-06-05,0.699699682156298
AOI-0051,2014-06-10,0.6076590144821491
AOI-0051,2014-06-28,0.493164807172916
AOI-0051,2014-09-08,0.3705638287086498
AOI-0051,2014-09-16,0.3829475957866427
AOI-0051,2015-04-07,0.32455441810186514
AOI-0051,2015-05-23,0.7396045059912942
AOI-0051,2015-06-10,0.7363326560147933
AOI-0051,2015-06-15,0.7433965973755888
AOI-0051,2015-06-26,0.7017936583694112
AOI-0051,2015-09-14,0.3883714048130936
AOI-0051,2015-09-20,0.30857144966508976
AOI-0051,2015-10-06,0.24533784870328743
AOI-0051,2016-04-06,0.6225976062000177
AOI-0051,2016-06-25,0.5412575194187552
AOI-0051,2016-07-12,0.4418179374189393
AOI-0051,2016-08-28,0.4474320998449709
AOI-0051,2016-09-14,0.34043436360035806
AOI-0051,2016-09-29,0.4222279671401331
AOI-0051,2016-10-24,-0.08503660182988337
AOI-0051,2017-05-28,0.5330448834941546
AOI-0051,2017-06-21,0.6707714263307154
AOI-0051,2017-06-28,0.642632710874625
AOI-0051,2017-07-06,0.6314502268434748
AOI-0051,2017-07-23,0.6495452461197824
AOI-0051,2017-09-25,0.31547562840819976
AOI-0051,2017-09-30,0.37868568174993716
AOI-0051,2017-10-16,0.32083169735367334
AOI-0051,2018-04-11,0.4307137189351531
AOI-0051,2018-04-28,0.6274537924043601
AOI-0051,2018-04-29,0.6421505933956153
AOI-0051,2018-05-30,0.7198221962216174
AOI-0051,2018-06-26,0.4264596935504169
AOI-0051,2018-07-02,0.2732680767806244
AOI-0051,2018-08-02,0.3242153575361087
AOI-0051,2018-08-18,0.32216483156103837
AOI-0051,2018-09-14,0.3726518987831072
AOI-0051,2018-09-19,0.2885913050285513
AOI-0051,2018-10-14,0.2421536099394203
AOI-0051,2019-05-17,0.8342332025650376
AOI-0051,2019-05-31,0.7521051582974861
AOI-0051,2019-06-25,0.26868359187470414
AOI-0051,2019-06-30,0.2588327011118084
AOI-0051,2019-07-29,0.3230322847989096
AOI-0051,2019-08-05,0.33959238112733386
AOI-0051,2019-08-13,0.38270688659899466
AOI-0051,2019-08-22,0.2791632639627722
AOI-0051,2019-09-13,0.25677288376044466
AOI-0051,2019-10-16,0.37149988363346603
AOI-0051,2020-04-26,0.40647305327059646
AOI-0051,2020-06-09,0.7513885580953833
AOI-0051,2020-07-04,0.48329178002223916
AOI-0051,2020-07-27,0.44734217053694525
AOI-0051,2020-08-31,0.3399314521382309
AOI-0051,2020-09-07,0.25121913959398556
AOI-0051,2020-10-27,0.15758896311984744
AOI-0051,2021-05-06,0.7477900580112036
AOI-0051,2021-06-23,0.48729297717898135
AOI-0051,2021-07-19,0.3025458410485991
AOI-0051,2021-07-28,0.43602340195522715
AOI-0051,2021-08-23,0.35968954429347694
AOI-0051,2021-08-28,0.3671115365953411
AOI-0051,2021-08-29,0.45950944465849625
AOI-0051,2021-09-03,0.36512333722198154
AOI-0051,2021-09-07,0.3160880424809807
AOI-0051,2021-10-02,0.32966394109882113
AOI-0051,2021-10-21,0.2927612181812864
AOI-0051,2022-05-09,0.631812668031569
AOI-0051,2022-05-26,0.49898033090449323
AOI-0051,2022-05-27,0.45230279618513036
AOI-0051,2022-06-11,0.6386315123974327
AOI-0051,2022-06-19,0.7170951025803791
AOI-0051,2022-06-30,0.7616733555301347
AOI-0051,2022-07-09,0.7751961007736529
AOI-0051,2022-07-12,0.7048879692026901
AOI-0051,2022-07-22,0.7359630824524174
AOI-0051,2022-07-24,0.751227476695016
AOI-0051,2022-07-29,0.729281225357926
AOI-0051,2022-08-13,0.6602626410982779
AOI-0051,2022-08-28,0.4962972660507372
AOI-0051,2022-09-06,0.4932384602405339
AOI-0051,2022-09-14,0.4794185656805619
AOI-0051,2022-10-07,0.3735231762453523
AOI-0051,2022-10-15,0.33085934229969727
AOI-0051,2023-04-23,0.8078563245737075
AOI-0051,2023-07-31,0.31754856736514014
AOI-0051,2023-08-28,0.35720990965965005
AOI-0051,2023-09-09,0.3472004542003473
AOI-0051,2023-09-27,0.36937365238250464
AOI-0051,2023-10-04,0.3573884098641569
AOI-0051,2024-04-05,0.3089125359967139
AOI-0051,2024-05-04,0.39789225162935943
AOI-0051,2024-05-22,0.4977628551034865
AOI-0051,2024-06-03,0.5529803975446526
AOI-0051,2024-06-23,0.48648604362808145
AOI-0051,2024-07-28,0.30364644411813146
AOI-0051,2024-08-27,0.27596109220851284
AOI-0051,2024-09-03,0.23655310273714997
AOI-0051,2024-10-01,0.2157797813097114
AOI-0051,2024-10-05,0.2386848629636577
AOI-0051,2024-10-06,0.2228478241234667
AOI-0051,2024-10-15,0.3696031354876298
AOI-0051,2025-05-09,0.8273824842765781
AOI-0051,2025-06-10,0.5450684763164161
AOI-0051,2025-06-27,0.3542457766414719
AOI-0051,2025-07-05,0.31255626584063717
AOI-0051,2025-07-10,0.21012184123881286
AOI-0051,2025-08-05,0.19051022119076697
AOI-0051,2025-08-12,0.18364897432477306
AOI-0051,2025-09-15,0.2021465688075611
AOI-0051,2025-09-16,0.19820850007332386
AOI-0052,2025-04-19,0.17489859044331885
AOI-0052,2025-06-08,0.3332304266530336
AOI-0052,2025-06-11,0.46245526668976183
AOI-0052,2025-07-05,0.6730513921304517
AOI-0052,2025-07-18,0.3639615621257961
AOI-0052,2025-08-22,0.13914251321601362
AOI-0052,2025-08-27,0.14243392244532044
AOI-0052,2025-09-06,0.1439971210396495
AOI-0052,2025-09-14,0.22398674164239635
AOI-0052,2025-10-17,0.2765986025004306
AOI-0053,2025-04-11,0.7267030974191421
AOI-0053,2025-04-14,0.7671780842380551
AOI-0053,2025-04-16,0.7654291834429664
AOI-0053,2025-04-19,0.769789838717509
AOI-0053,2025-04-23,0.8724159703740642
AOI-0053,2025-06-26,0.37130223240092747
AOI-0053,2025-07-28,0.21410038213078136
AOI-0053,2025-08-02,0.17137635321092984
AOI-0053,2025-08-09,0.14662301531636518
AOI-0053,2025-08-12,0.1412313368205259
AOI-0053,2025-08-29,0.19644123828368398
AOI-0053,2025-09-01,0.13404064405353872
AOI-0053,2025-09-07,0.1831717068956314
AOI-0053,2025-09-11,0.14117052990372053
AOI-0053,2025-09-14,0.22941639625138963
AOI-0053,2025-09-15,0.15929536512362535
AOI-0053,2025-09-21,0.14119202872852837
AOI-0053,2025-09-26,0.16261450731598373
AOI-0053,2025-10-28,0.24149969329487214
AOI-0054,2025-04-11,0.52727683748147
AOI-0054,2025-04-19,0.6291952390514689
AOI-0054,2025-05-04,0.7743168913369027
AOI-0054,2025-06-03,0.799690497777684
AOI-0054,2025-07-28,0.6392264784671106
AOI-0054,2025-08-12,0.6941827290221902
AOI-0054,2025-09-21,0.6427831663940273
AOI-0054,2025-09-30,0.6556389687130582
AOI-0054,2025-10-16,0.6079801196602714
AOI-0055,2025-04-01,0.34265912152568984
AOI-0055,2025-04-11,0.3995115569656771
AOI-0055,2025-05-09,0.5291609312501085
AOI-0055,2025-07-04,0.5150351094088677
AOI-0055,2025-07-05,0.49579580924515565
AOI-0055,2025-07-08,0.48566240602076494
AOI-0055,2025-07-23,0.4282249982111735
AOI-0055,2025-08-17,0.34316867613045365
AOI-0055,2025-09-14,0.4425791023797516
AOI-0055,2025-09-22,0.42796259956896365
AOI-0056,2025-04-23,0.8380101131665345
AOI-0056,2025-05-24,0.7748754254764902
AOI-0056,2025-06-10,0.511995941401795
AOI-0056,2025-06-19,0.3853265362027295
AOI-0056,2025-07-18,0.16385454517159265
AOI-0056,2025-07-23,0.1694683294082226
AOI-0056,2025-08-09,0.17591619843929118
AOI-0056,2025-09-06,0.1845109858879169
AOI-0056,2025-09-08,0.1808808112190639
AOI-0056,2025-10-16,0.27993643382639877
AOI-0057,2025-05-04,0.7886381569078783
AOI-0057,2025-05-09,0.7459897137005193
AOI-0057,2025-05-19,0.5266928371457842
AOI-0057,2025-06-26,0.3741720075989947
AOI-0057,2025-06-27,0.24379304351944348
AOI-0057,2025-07-10,0.2001436999849626
AOI-0057,2025-07-13,0.1925000320195417
AOI-0057,2025-07-18,0.19293038922456096
AOI-0057,2025-08-05,0.1858630300566183
AOI-0057,2025-08-27,0.1392895710027797
AOI-0057,2025-09-01,0.14963205239699748
AOI-0057,2025-09-21,0.1568981250719208
AOI-0058,2010-04-23,0.3815496542543975
AOI-0058,2010-08-13,0.42528231731443916
AOI-0058,2010-08-29,0.37817689369955865
AOI-0058,2010-09-05,0.31465014885944403
AOI-0058,2011-04-02,0.3116923063415292
AOI-0058,2011-04-26,0.5196017941344497
AOI-0058,2011-06-12,0.7427470545361134
AOI-0058,2011-07-15,0.49988211510081837
AOI-0058,2011-08-29,0.4353466748316892
AOI-0058,2011-09-01,0.3138249706744588
AOI-0058,2011-10-02,0.319646415591481
AOI-0058,2011-10-27,0.3301572250025775
AOI-0058,2012-04-22,0.5919534351316911
AOI-0058,2012-06-09,0.694666793611525
AOI-0058,2012-06-23,0.6333014740854916
AOI-0058,2012-07-11,0.5708248738357509
AOI-0058,2012-08-12,0.4534285263484569
AOI-0058,2012-09-11,0.38170793925219104
AOI-0058,2013-04-07,0.42837932412744373
AOI-0058,2013-04-23,0.5031715917996759
AOI-0058,2013-05-09,0.5351467686481829
AOI-0058,2013-06-09,0.482103296531484
AOI-0058,2013-06-10,0.6589224504669214
AOI-0058,2013-07-11,0.7085028961511235
AOI-0058,2013-07-19,0.6915522732636297
AOI-0058,2013-08-28,0.24926477308338013
AOI-0058,2013-10-16,0.44801094447951834
AOI-0058,2013-10-24,0.31622163083064053
AOI-0058,2014-04-25,0.7911141595545881
AOI-0058,2014-06-05,0.7778349975519384
AOI-0058,2014-06-10,0.6734228519928351
AOI-0058,2014-09-14,0.34695373098519383
AOI-0058,2015-04-28,0.3854021566712512
AOI-0058,2015-05-09,0.6828544378774337
AOI-0058,2015-09-03,0.471276665604444
AOI-0058,2015-09-27,0.4825572666774399
AOI-0058,2016-04-06,0.7443797992474126
AOI-0058,2016-04-30,0.8264827786520835
AOI-0058,2016-06-09,0.8247981162396814
AOI-0058,2016-07-27,0.5577866548683227
AOI-0058,2016-07-28,0.44984487600647455
AOI-0058,2016-08-13,0.4866922256910048
AOI-0058,2017-04-25,0.8020980021436859
AOI-0058,2017-07-15,0.2488725523293551
AOI-0058,2017-09-13,0.21030256226598615
AOI-0058,2017-09-16,0.23544856123338465
AOI-0058,2018-05-15,0.7142505697393556
AOI-0058,2018-07-26,0.5267928168173824
AOI-0058,2018-08-02,0.49405969572036135
AOI-0058,2019-04-23,0.8393192339727968
AOI-0058,2019-05-25,0.8226235811575385
AOI-0058,2019-06-25,0.2871999138768338
AOI-0058,2019-06-27,0.27906185401367073
AOI-0058,2019-07-04,0.28503029120021767
AOI-0058,2019-08-30,0.21372719256701772
AOI-0058,2019-09-28,0.15365364791396569
AOI-0058,2019-09-30,0.2670966732128711
AOI-0058,2020-04-17,0.420543039513992
AOI-0058,2020-05-04,0.528848216662321
AOI-0058,2020-06-05,0.6656350620203408
AOI-0058,2020-06-29,0.5917065199789517
AOI-0058,2020-07-06,0.522820143835227
AOI-0058,2020-07-22,0.43344677373982976
AOI-0058,2020-07-30,0.41714912860660947
AOI-0058,2020-08-07,0.3740374976352579
AOI-0058,2020-08-12,0.4170704315873712
AOI-0058,2020-08-23,0.34218733914120725
AOI-0058,2020-08-28,0.3928203940811891
AOI-0058,2020-09-24,0.296514406669867
AOI-0058,2020-10-27,0.2897715904702712
AOI-0058,2021-04-15,0.5721910488604598
AOI-0058,2021-05-09,0.719149193758498
AOI-0058,2021-05-31,0.6986711725854606
AOI-0058,2021-07-09,0.6529708766209393
AOI-0058,2021-07-14,0.5217478860050487
AOI-0058,2021-07-25,0.4690757747814288
AOI-0058,2021-08-13,0.46686032037326475
AOI-0058,2021-08-28,0.3262819366621858
AOI-0058,2021-09-27,0.5057711078028954
AOI-0058,2022-06-10,0.7944044896525153
AOI-0058,2022-06-18,0.7929469521918603
AOI-0058,2022-07-04,0.27101145423997614
AOI-0058,2022-07-12,0.3502800632191893
AOI-0058,2022-07-17,0.25670039003529205
AOI-0058,2022-07-29,0.1714107913564883
AOI-0058,2022-09-14,0.29917857062655734
AOI-0058,2023-05-09,0.7640150881506774
AOI-0058,2023-05-20,0.5967214594905855
AOI-0058,2023-06-28,0.7824576354215759
AOI-0058,2023-08-17,0.5266004654824286
AOI-0058,2023-09-02,0.42411299023852916
AOI-0058,2023-09-10,0.49647557542249965
AOI-0058,2023-09-27,0.5207923272564816
AOI-0058,2023-10-12,0.48524689233095053
AOI-0058,2024-04-09,0.7413457382341483
AOI-0058,2024-05-09,0.7770851453845931
AOI-0058,2024-06-03,0.6365962084631316
AOI-0058,2024-06-23,0.34303612423203433
AOI-0058,2024-06-28,0.33641846929106
AOI-0058,2024-07-09,0.36243530467650714
AOI-0058,2024-07-26,0.2591059606844502
AOI-0058,2024-07-27,0.34109866124619487
AOI-0058,2024-08-18,0.2811519462469798
AOI-0058,2024-08-27,0.20229153429750507
AOI-0058,2024-08-28,0.3089416904931969
AOI-0058,2024-09-21,0.20930861009507654
AOI-0058,2024-09-28,0.20720566120453496
AOI-0058,2024-10-01,0.20363588126402035
AOI-0058,2024-10-30,0.2231003031813746
AOI-0058,2025-04-07,0.5664720577330459
AOI-0058,2025-04-16,0.5133322867388571
AOI-0058,2025-04-24,0.551312606385517
AOI-0058,2025-07-18,0.33188390485568614
AOI-0058,2025-07-28,0.33027494829215187
AOI-0058,2025-08-02,0.2520818931202756
AOI-0058,2025-08-06,0.25566585588300456
AOI-0058,2025-08-09,0.21395460844158956
AOI-0058,2025-08-12,0.19859235118923196
AOI-0058,2025-08-14,0.18418818807486415
AOI-0058,2025-09-14,0.26848776805891233
AOI-0058,2025-09-22,0.22232946701317483
AOI-0059,2010-06-26,0.7912717058278435
AOI-0059,2010-07-19,0.7045419631120278
AOI-0059,2010-08-28,0.2745749849931578
AOI-0059,2011-04-23,0.728368343999529
AOI-0059,2011-05-27,0.6673690637075999
AOI-0059,2011-05-28,0.6944832338150486
AOI-0059,2011-06-12,0.6544031016321734
AOI-0059,2011-06-26,0.7190508997751357
AOI-0059,2011-07-07,0.7306545587014808
AOI-0059,2011-07-28,0.48435227465703895
AOI-0059,2011-08-08,0.5027880373894174
AOI-0059,2011-08-23,0.5046910200186862
AOI-0059,2012-04-04,0.5941356141120497
AOI-0059,2012-08-12,0.4477590288479125
AOI-0059,2012-08-26,0.2758446647269816
AOI-0059,2012-09-11,0.26907257362436854
AOI-0059,2012-10-13,0.3276798934601868
AOI-0059,2013-05-09,0.8507745804111687
AOI-0059,2013-06-18,0.2962849874089931
AOI-0059,2013-07-20,0.2211933744524312
AOI-0059,2013-08-13,0.3076228399971632
AOI-0059,2013-08-21,0.22311366068669097
AOI-0059,2013-10-16,0.4130488279029467
AOI-0059,2014-05-09,0.8705517993094852
AOI-0059,2014-10-27,0.6594994757665082
AOI-0059,2015-04-13,0.25616946425982356
AOI-0059,2015-05-22,0.38040529094844444
AOI-0059,2015-06-07,0.7238928160219137
AOI-0059,2015-08-02,0.8023554472289625
AOI-0059,2015-08-10,0.7419992349569557
AOI-0059,2015-08-29,0.5808225455941513
AOI-0059,2015-09-27,0.5013279460099357
AOI-0059,2015-09-30,0.39355431454004414
AOI-0059,2016-05-25,0.9068611419183356
AOI-0059,2016-07-04,0.3658485749168725
AOI-0059,2016-09-14,0.25001302221032884
AOI-0059,2016-10-24,0.27183232439710714
AOI-0059,2017-04-02,0.573650007325564
AOI-0059,2017-05-06,0.8581959332694294
AOI-0059,2017-05-27,0.8876406600905152
AOI-0059,2017-06-04,0.9013333729886885
AOI-0059,2017-06-10,0.8105927478493159
AOI-0059,2017-07-12,0.355940983027108
AOI-0059,2017-07-23,0.280442225340661
AOI-0059,2017-07-28,0.37566323158357334
AOI-0059,2017-08-13,0.30208540897932956
AOI-0059,2017-08-29,0.3088773876132511
AOI-0059,2017-09-24,0.21266487337242374
AOI-0059,2018-04-07,0.41053504403474195
AOI-0059,2018-05-22,0.3729175597215524
AOI-0059,2018-05-31,0.41221112607165866
AOI-0059,2018-07-09,0.5955365236872805
AOI-0059,2018-07-18,0.5040885574759867
AOI-0059,2018-07-26,0.47496577423177977
AOI-0059,2018-08-02,0.3940052663364755
AOI-0059,2018-08-10,0.3557920194678743
AOI-0059,2018-08-13,0.35247632995997147
AOI-0059,2018-10-06,0.21617607594266064
AOI-0059,2019-04-11,0.6361904184268039
AOI-0059,2019-04-21,0.7246531141650311
AOI-0059,2019-04-23,0.7589866148135476
AOI-0059,2019-05-21,0.9061810914345076
AOI-0059,2019-06-02,0.8284414048457884
AOI-0059,2019-06-05,0.8183373855924889
AOI-0059,2019-06-10,0.7499464834531518
AOI-0059,2019-06-15,0.5430669215597876
AOI-0059,2019-06-30,0.20845207755741527
AOI-0059,2019-07-29,0.2451890510031519
AOI-0059,2019-08-21,0.1678463506092263
AOI-0059,2019-08-24,0.1612838539920178
AOI-0059,2019-09-03,0.1601883853322657
AOI-0059,2019-10-13,0.24426531482100913
AOI-0059,2019-10-24,0.21797273859850622
AOI-0059,2020-04-09,0.22632001682699845
AOI-0059,2020-04-18,0.2455287484236789
AOI-0059,2020-04-25,0.18311347925829585
AOI-0059,2020-05-08,0.5926764822254998
AOI-0059,2020-05-12,0.30000546891752766
AOI-0059,2020-06-05,0.6338949955772692
AOI-0059,2020-07-11,0.7016951570149981
AOI-0059,2020-07-30,0.6852164886048657
AOI-0059,2020-10-26,0.18528947994526712
AOI-0059,2021-06-19,0.6505403425038154
AOI-0059,2021-06-23,0.6358150302690032
AOI-0059,2021-06-29,0.3929349082185187
AOI-0059,2021-07-28,0.3694529359755706
AOI-0059,2021-07-29,0.20770768571347317
AOI-0059,2021-08-18,0.36691714315714324
AOI-0059,2021-08-28,0.58754270493567
AOI-0059,2021-09-07,0.7186822641156163
AOI-0059,2021-09-17,0.7194291948849081
AOI-0059,2021-09-28,0.34952070828263015
AOI-0059,2021-09-30,0.37359615106473865
AOI-0059,2021-10-16,0.336351654863592
AOI-0059,2022-04-15,0.2366450336495271
AOI-0059,2022-06-10,0.7885918366388308
AOI-0059,2022-06-11,0.7915865852287843
AOI-0059,2022-07-20,0.7894292518958284
AOI-0059,2022-08-18,0.6914121535681201
AOI-0059,2022-09-27,0.3902553246962268
AOI-0059,2022-10-08,0.44047765271988426
AOI-0059,2023-05-13,0.8823347718005339
AOI-0059,2023-05-25,0.8421974884813134
AOI-0059,2023-06-18,0.8140018985226378
AOI-0059,2023-07-16,0.22716621072954557
AOI-0059,2023-07-29,0.19213458229274943
AOI-0059,2023-09-30,0.3014410199526526
AOI-0059,2023-10-12,0.1932075524353527
AOI-0059,2023-10-16,0.3013986327533634
AOI-0059,2024-04-04,0.2538944714206277
AOI-0059,2024-04-13,0.26020801280756
AOI-0059,2024-04-22,0.44525350824628307
AOI-0059,2024-05-19,0.2278349943016294
AOI-0059,2024-06-09,0.6485013430263689
AOI-0059,2024-07-13,0.33336059021502845
AOI-0059,2024-07-17,0.3627851670908022
AOI-0059,2024-07-27,0.28830875035008285
AOI-0059,2024-09-11,0.17038361201369284
AOI-0059,2025-04-01,0.5490529946954226
AOI-0059,2025-04-23,0.8310918414693034
AOI-0059,2025-05-01,0.8476100472192933
AOI-0059,2025-05-09,0.7996116579198156
AOI-0059,2025-05-17,0.8127035815735096
AOI-0059,2025-06-10,0.4669661807339601
AOI-0059,2025-08-29,0.19973266149345403
AOI-0059,2025-09-07,0.19273995162447652
AOI-0059,2025-10-08,0.18653181432442945
AOI-0059,2025-10-28,0.2163390849442214
AOI-0060,2025-04-14,0.7529178810010047
AOI-0060,2025-04-29,0.8166974908566087
AOI-0060,2025-06-03,0.4434856851463307
AOI-0060,2025-07-04,0.5580006026179066
AOI-0060,2025-07-05,0.5215495072599128
AOI-0060,2025-07-21,0.3170626453224162
AOI-0060,2025-08-05,0.22637280150542283
AOI-0060,2025-08-29,0.25427024643588086
AOI-0060,2025-08-30,0.20763418152963325
AOI-0060,2025-09-01,0.16307822240878056
AOI-0060,2025-09-11,0.16959489518939394
AOI-0061,2010-04-23,0.38063619545374117
AOI-0061,2010-05-26,0.6562562526125684
AOI-0061,2010-06-11,0.7246258903279023
AOI-0061,2011-06-30,0.534824267418435
AOI-0061,2011-07-28,0.4817877361595047
AOI-0061,2011-09-18,0.29956833951701034
AOI-0061,2011-09-26,0.3294947495549439
AOI-0061,2012-04-06,0.39207964745415097
AOI-0061,2012-05-24,0.7078869182553462
AOI-0061,2012-08-28,0.45825981374982616
AOI-0061,2012-09-04,0.41104262025880967
AOI-0061,2012-10-22,0.21589254757322335
AOI-0061,2013-04-16,0.6348376506669449
AOI-0061,2013-06-10,0.6454092578590297
AOI-0061,2013-06-26,0.5077817865825727
AOI-0061,2013-08-29,0.2995750041905353
AOI-0061,2013-09-14,0.31221798184961774
AOI-0061,2013-10-09,0.20092669778596084
AOI-0061,2014-04-27,0.8087053615220882
AOI-0061,2014-06-26,0.4355751120916921
AOI-0061,2014-07-28,0.31409834416003946
AOI-0061,2015-04-07,0.3242125618490487
AOI-0061,2015-05-08,0.2690870955785493
AOI-0061,2015-09-29,0.26853507231211005
AOI-0061,2016-04-22,0.7688449851215859
AOI-0061,2016-06-19,0.6709258972795056
AOI-0061,2016-06-27,0.4843264377042999
AOI-0061,2016-07-13,0.42127127621619004
AOI-0061,2017-04-03,0.14681940001268118
AOI-0061,2017-05-25,0.6105770124478874
AOI-0061,2017-07-02,0.840223694480591
AOI-0061,2017-07-27,0.7689245846601989
AOI-0061,2017-08-11,0.5222908118743685
AOI-0061,2017-09-02,0.2724075882952226
AOI-0061,2018-04-07,0.7552952576365106
AOI-0061,2018-06-10,0.7130542451846806
AOI-0061,2019-04-09,0.25685866731049956
AOI-0061,2019-05-13,0.31035121786053155
AOI-0061,2019-05-21,0.3724068252381024
AOI-0061,2019-05-25,0.7258836612904391
AOI-0061,2019-06-27,0.7719939710265353
AOI-0061,2019-07-12,0.7177948383864368
AOI-0061,2019-08-21,0.6260540515107678
AOI-0061,2019-09-14,0.2941321357627609
AOI-0061,2019-09-23,0.13413783150937725
AOI-0061,2019-10-18,0.22964202709336135
AOI-0061,2019-10-20,0.24428091467673269
AOI-0061,2020-04-17,0.36867153899409877
AOI-0061,2020-05-24,0.6759099343817062
AOI-0061,2020-07-16,0.27079561236630034
AOI-0061,2020-07-19,0.27170143905502614
AOI-0061,2020-07-24,0.2703559695825939
AOI-0061,2020-07-27,0.38551439415128597
AOI-0061,2020-08-08,0.22293765110936
AOI-0061,2020-08-17,0.2787785158082055
AOI-0061,2020-08-18,0.2451660939775591
AOI-0061,2020-08-23,0.22496317975662816
AOI-0061,2020-09-18,0.19567022886247565
AOI-0061,2020-10-17,0.14479949264866662
AOI-0061,2020-10-29,0.09213154819331305
AOI-0061,2021-05-05,0.8845441223622402
AOI-0061,2021-05-08,0.9059084986615671
AOI-0061,2021-05-15,0.9031996046879728
AOI-0061,2021-07-21,0.19090518908869644
AOI-0061,2021-07-24,0.19426153430064994
AOI-0061,2021-08-04,0.3176251459617824
AOI-0061,2021-08-28,0.3437462780659308
AOI-0061,2021-08-29,0.3815663511511194
AOI-0061,2021-10-29,0.05139516790540346
AOI-0061,2022-04-09,0.24486098877393941
AOI-0061,2022-05-09,0.46180063734537735
AOI-0061,2022-05-22,0.38992035989432805
AOI-0061,2022-05-25,0.5707387435718
AOI-0061,2022-05-27,0.41386768676651814
AOI-0061,2022-06-12,0.8118831547200687
AOI-0061,2022-06-29,0.8452295868425338
AOI-0061,2022-07-06,0.843835596518701
AOI-0061,2022-07-21,0.8213850013789654
AOI-0061,2022-07-22,0.799763224727088
AOI-0061,2022-07-28,0.7740485003758971
AOI-0061,2022-08-23,0.3645011386406387
AOI-0061,2023-04-07,0.6564771209390949
AOI-0061,2023-04-25,0.6161115127297887
AOI-0061,2023-05-05,0.670980671842046
AOI-0061,2023-05-06,0.6810972867516756
AOI-0061,2023-05-17,0.7101268789818413
AOI-0061,2023-06-06,0.7819677401623074
AOI-0061,2023-06-21,0.7521294878332841
AOI-0061,2023-07-17,0.45783437569449026
AOI-0061,2023-07-21,0.448330007554423
AOI-0061,2023-07-27,0.4761327686264386
AOI-0061,2023-09-24,0.17666458179233185
AOI-0061,2023-10-14,0.1567866330448789
AOI-0061,2023-10-29,0.21014407298875593
AOI-0061,2024-04-29,0.4181200748580791
AOI-0061,2024-05-01,0.4240780858904225
AOI-0061,2024-05-08,0.6167310651426617
AOI-0061,2024-06-20,0.4954861181335564
AOI-0061,2024-07-15,0.36376650084304396
AOI-0061,2024-08-09,0.30483698692328703
AOI-0061,2024-08-12,0.381934846023211
AOI-0061,2024-09-06,0.20863427634061857
AOI-0061,2024-09-26,0.173424639363087
AOI-0061,2024-10-07,0.22770247054820125
AOI-0061,2025-04-16,0.6616356584017522
AOI-0061,2025-04-19,0.7206514758773248
AOI-0061,2025-05-28,0.8413494863555318
AOI-0061,2025-06-28,0.5198878146193147
AOI-0061,2025-07-07,0.3930107047702611
AOI-0061,2025-07-10,0.33200606928333476
AOI-0061,2025-07-28,0.2496400802215561
AOI-0061,2025-08-16,0.21265600522694683
AOI-0061,2025-08-29,0.2730310811841572
AOI-0061,2025-09-24,0.30397504920755536
AOI-0061,2025-09-26,0.3147296189006615
AOI-0061,2025-10-16,0.3648595972907104
AOI-0062,2010-04-24,0.7673012293959158
AOI-0062,2010-05-09,0.8391148457832066
AOI-0062,2010-05-26,0.838074999031879
AOI-0062,2010-08-13,0.25701106284652175
AOI-0062,2010-10-16,0.32590404485780605
AOI-0062,2011-06-14,0.6995046536711974
AOI-0062,2011-07-28,0.4588397532046342
AOI-0062,2011-10-16,0.5042475642813948
AOI-0062,2012-06-09,0.6344890748649498
AOI-0062,2012-08-28,0.27670909459369714
AOI-0062,2012-09-04,0.17969253351236564
AOI-0062,2012-09-13,0.27157120053466505
AOI-0062,2013-04-23,0.4078766594650215
AOI-0062,2013-07-12,0.7107163662512792
AOI-0062,2013-07-28,0.6983344048794238
AOI-0062,2013-09-14,0.378003980659564
AOI-0062,2013-10-16,0.30855479912217
AOI-0062,2014-06-30,0.3119108706978503
AOI-0062,2014-10-04,0.38184455064598927
AOI-0062,2015-04-22,0.6443538190499845
AOI-0062,2015-05-09,0.6992528186846212
AOI-0062,2015-09-05,0.2007842366307367
AOI-0062,2015-09-21,0.21492684233644296
AOI-0062,2016-05-08,0.8715137562981563
AOI-0062,2016-07-11,0.3546121683724456
AOI-0062,2016-07-27,0.3710842496055601
AOI-0062,2016-09-13,0.26235108142122715
AOI-0062,2016-10-25,0.281110334107282
AOI-0062,2017-04-07,0.3496372273168993
AOI-0062,2017-07-28,0.6755039049414584
AOI-0062,2017-09-15,0.1607032874002227
AOI-0062,2018-04-06,0.6343818562335097
AOI-0062,2018-04-07,0.6762380924978546
AOI-0062,2018-06-02,0.8174978828022155
AOI-0062,2018-06-25,0.3345954845809799
AOI-0062,2018-07-28,0.31298045426960974
AOI-0062,2018-08-28,0.19657038619859196
AOI-0062,2019-04-08,0.17099068059587325
AOI-0062,2019-04-11,0.1649354643115085
AOI-0062,2019-06-17,0.6986858024134198
AOI-0062,2019-07-06,0.7252278394107696
AOI-0062,2019-08-09,0.7243201371699759
AOI-0062,2019-08-23,0.41760008817086325
AOI-0062,2019-09-23,0.12103659390250855
AOI-0062,2019-10-18,0.1681462460576846
AOI-0062,2019-10-23,0.23451597546555136
AOI-0062,2019-10-28,0.21428936944635785
AOI-0062,2020-04-30,0.7589225210552258
AOI-0062,2020-05-30,0.7941289607424371
AOI-0062,2020-06-16,0.5198264884038342
AOI-0062,2020-07-26,0.1409541384214067
AOI-0062,2020-08-18,0.165582832342203
AOI-0062,2020-08-20,0.1605692943827759
AOI-0062,2020-08-23,0.1635955791559427
AOI-0062,2020-08-25,0.1663817897359104
AOI-0062,2020-09-07,0.13485455673796395
AOI-0062,2020-09-09,0.14698314422615963
AOI-0062,2020-10-07,0.16562178970327082
AOI-0062,2020-10-15,0.25119437158315977
AOI-0062,2021-04-23,0.3451482780921174
AOI-0062,2021-05-05,0.21720493098893723
AOI-0062,2021-05-08,0.21577376217153307
AOI-0062,2021-05-12,0.18578400276016188
AOI-0062,2021-06-06,0.32804415648509866
AOI-0062,2021-06-10,0.651905736088922
AOI-0062,2021-07-01,0.6968298683294601
AOI-0062,2021-07-26,0.7405361296317623
AOI-0062,2021-07-29,0.7235469330831408
AOI-0062,2021-09-12,0.21216435502889192
AOI-0062,2021-09-13,0.26968920336639773
AOI-0062,2021-09-19,0.1984355133720359
AOI-0062,2021-09-27,0.1946846224013278
AOI-0062,2021-09-29,0.18830996465406863
AOI-0062,2021-10-07,0.16930294691609796
AOI-0062,2021-10-16,0.2926649503707386
AOI-0062,2022-04-10,0.7176850251030173
AOI-0062,2022-04-27,0.8371101337988205
AOI-0062,2022-05-11,0.8877574228472738
AOI-0062,2022-05-25,0.8536749575879288
AOI-0062,2022-07-21,0.2014432557621162
AOI-0062,2022-07-24,0.18885251848399776
AOI-0062,2022-08-23,0.1718236664069438
AOI-0062,2022-09-14,0.2355135462324431
AOI-0062,2022-09-18,0.16132072580983725
AOI-0062,2022-09-30,0.23727267952323453
AOI-0062,2022-10-19,0.15400480131512706
AOI-0062,2023-05-17,0.34683785252692134
AOI-0062,2023-06-18,0.8663507563242973
AOI-0062,2023-06-24,0.8538205962090002
AOI-0062,2023-07-14,0.8027692130230702
AOI-0062,2023-08-05,0.4818630920838505
AOI-0062,2023-08-25,0.1497810959171248
AOI-0062,2023-09-17,0.15631643589123567
AOI-0062,2023-10-12,0.19491188553119002
AOI-0062,2023-10-16,0.2539795588325868
AOI-0062,2024-04-22,0.8772950560549349
AOI-0062,2024-06-03,0.8088272118949947
AOI-0062,2024-06-08,0.7379731627311358
AOI-0062,2024-06-23,0.23826053875554634
AOI-0062,2024-07-30,0.12107681702222368
AOI-0062,2024-08-04,0.15244192553399638
AOI-0062,2024-08-12,0.20219112533060743
AOI-0062,2024-09-06,0.13564194872444207
AOI-0062,2024-10-26,0.15690099513684064
AOI-0062,2025-04-01,0.23240846173019028
AOI-0062,2025-04-07,0.36353110878076955
AOI-0062,2025-04-11,0.2448309600198624
AOI-0062,2025-04-24,0.23044087162137972
AOI-0062,2025-04-29,0.2653863435436843
AOI-0062,2025-05-28,0.476211674381629
AOI-0062,2025-06-28,0.7861231215356217
AOI-0062,2025-07-06,0.7980608135112384
AOI-0062,2025-07-07,0.7805929733493089
AOI-0062,2025-07-15,0.5266797424787799
AOI-0062,2025-07-25,0.4117058172416915
AOI-0062,2025-08-02,0.28937692914051233
AOI-0062,2025-08-17,0.2427184848570748
AOI-0062,2025-09-24,0.21524047716338213
AOI-0062,2025-09-30,0.29019760958547636
AOI-0062,2025-10-08,0.18042739459882384
AOI-0062,2025-10-13,0.1924702954103765
AOI-0063,2025-04-14,0.24144494259912178
AOI-0063,2025-04-19,0.21569625152522998
AOI-0063,2025-04-23,0.39495079952953366
AOI-0063,2025-04-24,0.23840958505076398
AOI-0063,2025-05-06,0.2022797569043237
AOI-0063,2025-05-25,0.6113417735879739
AOI-0063,2025-06-05,0.7298132376510706
AOI-0063,2025-06-25,0.8032065869533183
AOI-0063,2025-06-28,0.8010790283347019
AOI-0063,2025-06-30,0.7797460687746738
AOI-0063,2025-07-06,0.7888612954129204
AOI-0063,2025-07-07,0.7874912007217743
AOI-0063,2025-07-22,0.5346794942901927
AOI-0063,2025-08-23,0.40576479152834927
AOI-0063,2025-09-13,0.25214038683539214
AOI-0063,2025-09-14,0.3201462436541568
AOI-0064,2025-04-14,0.45661594902854064
AOI-0064,2025-04-23,0.6056477013004311
AOI-0064,2025-04-24,0.43459134879796785
AOI-0064,2025-06-03,0.7447056206966121
AOI-0064,2025-06-05,0.7403928251801218
AOI-0064,2025-06-26,0.4518560095606669
AOI-0064,2025-06-27,0.37706341468560983
AOI-0064,2025-06-28,0.37165993892908833
AOI-0064,2025-07-10,0.24000083986742612
AOI-0064,2025-08-12,0.133281251123515
AOI-0064,2025-08-19,0.1686823503411591
AOI-0064,2025-08-27,0.16106375909545723
AOI-0064,2025-08-31,0.21042760439241162
AOI-0064,2025-09-13,0.18472076952074082
AOI-0064,2025-10-06,0.19719101399387343
AOI-0064,2025-10-13,0.18086343723596607
AOI-0065,2025-04-19,0.42971782826226046
AOI-0065,2025-05-01,0.46930972202111365
AOI-0065,2025-06-04,0.5366140624860685
AOI-0065,2025-06-05,0.5188801330440179
AOI-0065,2025-06-08,0.5256206711268625
AOI-0065,2025-06-26,0.6552281372810578
AOI-0065,2025-07-15,0.4340582047972743
AOI-0065,2025-07-18,0.41072250482744543
AOI-0065,2025-08-07,0.2125086483146354
AOI-0065,2025-08-17,0.21276286256948646
AOI-0065,2025-09-14,0.2911090179647242
AOI-0065,2025-09-25,0.2091273003898784
AOI-0065,2025-09-30,0.34059018618274606
AOI-0065,2025-10-08,0.22720510647194095
AOI-0066,2025-06-05,0.5066130161167077
AOI-0066,2025-07-05,0.7873586783278941
AOI-0066,2025-07-15,0.7047680574358413
AOI-0066,2025-07-25,0.537596947715713
AOI-0066,2025-07-27,0.5052355402646093
AOI-0066,2025-08-14,0.3139108491350746
AOI-0066,2025-09-01,0.16913592644590458
AOI-0067,2010-04-25,0.17418095611187873
AOI-0067,2010-06-20,0.1865143624283251
AOI-0067,2010-06-26,0.2588944478577273
AOI-0067,2010-07-13,0.17239024206679665
AOI-0067,2010-07-21,0.15978249312171802
AOI-0067,2010-08-06,0.1642970243186762
AOI-0067,2010-08-07,0.1476689582420546
AOI-0067,2010-08-15,0.14393672704571933
AOI-0067,2010-09-23,0.1564938769720498
AOI-0067,2010-10-09,0.15123053537154516
AOI-0067,2011-05-09,0.3348088245992549
AOI-0067,2011-05-14,0.19127707057206889
AOI-0067,2011-09-03,0.3263804762938418
AOI-0067,2011-09-19,0.30426528771801553
AOI-0067,2012-05-08,0.372914242896142
AOI-0067,2012-06-09,0.22661744389932426
AOI-0067,2012-07-27,0.16565586199407312
AOI-0067,2012-09-29,0.16968435587114114
AOI-0067,2013-07-30,0.22874905524491446
AOI-0067,2013-08-29,0.39745709107322014
AOI-0067,2014-05-21,0.18913664433456628
AOI-0067,2014-05-25,0.29957364516793394
AOI-0067,2014-06-06,0.1970733381385271
AOI-0067,2014-06-07,0.19477020169704937
AOI-0067,2014-07-01,0.19784878843677692
AOI-0067,2014-07-16,0.19037591940630968
AOI-0067,2014-07-17,0.15946899425058172
AOI-0067,2014-09-14,0.22917812920432012
AOI-0067,2014-10-12,0.14012418917483732
AOI-0067,2015-04-15,0.16885420889939154
AOI-0067,2015-05-09,0.29654144328961224
AOI-0067,2015-06-02,0.20675392637709372
AOI-0067,2015-06-18,0.2476115134274378
AOI-0067,2015-07-12,0.46100653888356274
AOI-0067,2015-07-20,0.36259520276478263
AOI-0067,2015-08-29,0.4580262004355623
AOI-0067,2015-09-14,0.3640695429215511
AOI-0067,2015-09-29,0.2503114194290858
AOI-0067,2016-05-03,0.24504020213481187
AOI-0067,2016-05-10,0.253337134412555
AOI-0067,2016-05-11,0.25316167954003627
AOI-0067,2016-06-25,0.25549864231224706
AOI-0067,2016-07-14,0.19201417897632017
AOI-0067,2016-07-27,0.3784299234933688
AOI-0067,2016-09-29,0.2719477454996492
AOI-0067,2016-10-25,0.20113905812473973
AOI-0067,2017-04-04,0.16166808213434286
AOI-0067,2017-04-28,0.16097835780978526
AOI-0067,2017-05-05,0.17212188173475457
AOI-0067,2017-06-07,0.2894880425892961
AOI-0067,2017-07-09,0.46259504451766
AOI-0067,2017-07-25,0.5312206440338454
AOI-0067,2017-08-02,0.5746501835584003
AOI-0067,2017-08-11,0.5531421817303037
AOI-0067,2017-08-13,0.5226166950254709
AOI-0067,2017-08-29,0.5049825548449347
AOI-0067,2017-09-14,0.44484924950623683
AOI-0067,2017-09-20,0.3974540802854828
AOI-0067,2018-04-06,0.195247058720604
AOI-0067,2018-04-23,0.24803541694850928
AOI-0067,2018-05-25,0.2511310805995257
AOI-0067,2018-07-11,0.18448340924088338
AOI-0067,2018-08-29,0.21473675725758884
AOI-0067,2019-05-08,0.7270718259846425
AOI-0067,2019-05-28,0.7983121377990883
AOI-0067,2019-06-12,0.4768251125678182
AOI-0067,2019-07-12,0.2764267197841483
AOI-0067,2019-07-14,0.19712677756371372
AOI-0067,2019-07-28,0.42529033376944936
AOI-0067,2019-08-08,0.4045633807510642
AOI-0067,2019-08-11,0.36467061840956094
AOI-0067,2019-08-29,0.30737803684867593
AOI-0067,2019-09-05,0.25779392635971143
AOI-0067,2019-09-16,0.27146038335026645
AOI-0067,2019-09-24,0.28340876188239317
AOI-0067,2019-10-02,0.2964323728769826
AOI-0067,2019-10-03,0.29501068642455325
AOI-0067,2019-10-15,0.28711187845949476
AOI-0067,2020-04-22,0.2311354003006097
AOI-0067,2020-04-27,0.1371466152624068
AOI-0067,2020-05-02,0.13025233693775018
AOI-0067,2020-05-08,0.30803184383109056
AOI-0067,2020-07-06,0.6363769065144554
AOI-0067,2020-07-25,0.394050160024424
AOI-0067,2020-07-26,0.40232547610426467
AOI-0067,2020-07-27,0.4441839885181414
AOI-0067,2020-08-25,0.35254930753202773
AOI-0067,2020-10-15,0.263657624972375
AOI-0067,2021-05-16,0.2808657778259156
AOI-0067,2021-06-06,0.6204034813125291
AOI-0067,2021-06-16,0.670295351382507
AOI-0067,2021-06-18,0.6820144468974391
AOI-0067,2021-07-04,0.4335826258639017
AOI-0067,2021-08-30,0.28549050563193124
AOI-0067,2021-09-09,0.3014073981201781
AOI-0067,2021-10-09,0.18033883537724643
AOI-0067,2022-04-02,0.1300737482701156
AOI-0067,2022-04-23,0.27534878581268185
AOI-0067,2022-04-26,0.19052286038052424
AOI-0067,2022-06-01,0.20383042277348756
AOI-0067,2022-07-01,0.5839501856038023
AOI-0067,2022-08-23,0.4354267873509402
AOI-0067,2022-08-24,0.4350975224356728
AOI-0067,2022-08-29,0.40995752826428267
AOI-0067,2022-09-01,0.3346546020699637
AOI-0067,2022-09-25,0.34425334225158366
AOI-0067,2022-10-09,0.30408443948702685
AOI-0067,2022-10-14,0.28985654633557656
AOI-0067,2023-04-23,0.30390016784524565
AOI-0067,2023-05-31,0.22247602720322118
AOI-0067,2023-06-30,0.6654755648694582
AOI-0067,2023-07-12,0.6389997795513347
AOI-0067,2023-07-21,0.5957408909081597
AOI-0067,2023-07-27,0.5000926900126336
AOI-0067,2023-08-26,0.30644347281980683
AOI-0067,2023-09-24,0.19998301019307926
AOI-0067,2023-09-27,0.20896512044600035
AOI-0067,2023-10-05,0.2639858111383417
AOI-0067,2023-10-13,0.21535439346913718
AOI-0067,2024-04-01,0.16058224442131164
AOI-0067,2024-04-11,0.21656517612284487
AOI-0067,2024-05-09,0.4352911656637074
AOI-0067,2024-05-24,0.6548448208885214
AOI-0067,2024-07-05,0.2527183470797544
AOI-0067,2024-07-10,0.24444089116393758
AOI-0067,2024-08-29,0.13492897328689749
AOI-0067,2024-09-06,0.14777942174679062
AOI-0067,2024-09-23,0.13421426675944104
AOI-0067,2025-04-17,0.18173910166465676
AOI-0067,2025-04-23,0.21694714889069563
AOI-0067,2025-04-28,0.14047549120655717
AOI-0067,2025-06-05,0.12998175955559177
AOI-0067,2025-06-21,0.26698203243811885
AOI-0067,2025-06-26,0.4413034573394194
AOI-0067,2025-07-05,0.4143376875555749
AOI-0067,2025-07-14,0.4607421146570839
AOI-0067,2025-07-15,0.4254782973897717
AOI-0067,2025-08-06,0.5802009455084371
AOI-0067,2025-09-01,0.4243749701366897
AOI-0067,2025-09-23,0.2770923536101364
AOI-0067,2025-10-03,0.21808825251397693
AOI-0068,2010-04-16,0.13958236815661393
AOI-0068,2010-05-02,0.16999396263094918
AOI-0068,2010-05-09,0.30748182906433186
AOI-0068,2010-06-20,0.1678627825260366
AOI-0068,2010-07-13,0.1601314704788877
AOI-0068,2010-07-14,0.13540153334885857
AOI-0068,2010-07-28,0.21477175644222515
AOI-0068,2010-08-07,0.15326040947145228
AOI-0068,2010-08-29,0.19246336162541114
AOI-0068,2011-04-07,0.4734954145672711
AOI-0068,2011-05-30,0.6023517785638628
AOI-0068,2011-06-15,0.3900194734260814
AOI-0068,2011-06-23,0.2794268600685478
AOI-0068,2011-07-16,0.20332369290041596
AOI-0068,2011-08-09,0.1788768731308933
AOI-0068,2011-09-03,0.16887731808578962
AOI-0068,2012-07-27,0.1766476120876845
AOI-0068,2012-08-03,0.14563228947620324
AOI-0068,2012-10-22,0.17854826465854945
AOI-0068,2013-06-19,0.26832821719312216
AOI-0068,2013-06-27,0.23791694317031106
AOI-0068,2013-07-28,0.26416901066279597
AOI-0068,2014-04-27,0.4427756299836101
AOI-0068,2014-07-28,0.19597479320969946
AOI-0068,2014-08-17,0.16670362424155416
AOI-0068,2014-08-25,0.13165527463937876
AOI-0068,2014-10-05,0.138942148175071
AOI-0068,2014-10-16,0.20304781683775322
AOI-0068,2014-10-29,0.15979121886443398
AOI-0068,2015-06-09,0.33897326052304266
AOI-0068,2015-07-27,0.2694505274867708
AOI-0068,2015-08-04,0.24994257708454304
AOI-0068,2016-05-02,0.3193142002156354
AOI-0068,2016-05-11,0.3087930252437828
AOI-0068,2016-07-14,0.3227604006483458
AOI-0068,2016-08-28,0.29099935069910127
AOI-0068,2016-09-13,0.27636221847176573
AOI-0068,2016-09-29,0.35679791113641085
AOI-0068,2017-05-14,0.5338829968682508
AOI-0068,2017-06-10,0.49906836165747837
AOI-0068,2017-06-22,0.38730900861978096
AOI-0068,2017-06-27,0.29085079296322836
AOI-0068,2017-07-12,0.2604478305372191
AOI-0068,2017-08-02,0.19428705644920355
AOI-0068,2017-08-11,0.13446153202562966
AOI-0068,2017-08-13,0.21098478700223644
AOI-0068,2017-09-02,0.12913747688318392
AOI-0068,2017-09-03,0.1854509661075034
AOI-0068,2018-04-28,0.2588554475022326
AOI-0068,2018-05-09,0.41620435926569865
AOI-0068,2018-06-07,0.20191092505165686
AOI-0068,2018-07-11,0.1504688288098746
AOI-0068,2018-08-28,0.14424538824150518
AOI-0068,2018-09-06,0.14319947748758113
AOI-0068,2018-09-21,0.13823381115287353
AOI-0068,2019-05-25,0.6184571953019573
AOI-0068,2019-05-28,0.5840023663170342
AOI-0068,2019-06-28,0.19326544332356388
AOI-0068,2019-08-07,0.2399372975219006
AOI-0068,2019-09-01,0.18584243064484005
AOI-0068,2019-09-05,0.156597974545194
AOI-0068,2019-09-15,0.1671002608426074
AOI-0068,2019-09-24,0.22068343821688657
AOI-0068,2019-09-25,0.21272766403562998
AOI-0068,2019-09-30,0.3119790105931875
AOI-0068,2019-10-02,0.2615573225260595
AOI-0068,2019-10-25,0.3106304513790843
AOI-0068,2020-04-02,0.2944272038151184
AOI-0068,2020-04-06,0.3811830788658698
AOI-0068,2020-04-12,0.29622771791206176
AOI-0068,2020-04-19,0.3039508119769469
AOI-0068,2020-06-26,0.18082041837131113
AOI-0068,2020-07-27,0.18696815733607292
AOI-0068,2020-07-31,0.1349009318426553
AOI-0068,2020-09-03,0.16010911268948955
AOI-0068,2020-10-05,0.13805697190010593
AOI-0068,2020-10-20,0.1638225526342152
AOI-0068,2021-05-01,0.2964167783094258
AOI-0068,2021-05-16,0.4455500822050214
AOI-0068,2021-06-11,0.4522430158887469
AOI-0068,2021-06-16,0.4352246146589871
AOI-0068,2021-07-19,0.2378229459246504
AOI-0068,2021-07-31,0.17817026157400598
AOI-0068,2021-09-30,0.41028880914852295
AOI-0068,2022-04-02,0.2844463581089308
AOI-0068,2022-04-12,0.3257439411811822
AOI-0068,2022-04-23,0.5450975198425754
AOI-0068,2022-05-12,0.5102443263485814
AOI-0068,2022-05-27,0.40041910557086124
AOI-0068,2022-06-08,0.3602808284860539
AOI-0068,2022-06-20,0.24199598909129721
AOI-0068,2022-07-01,0.17554910907880147
AOI-0068,2022-07-14,0.14693581660824107
AOI-0068,2022-07-30,0.17881520752964689
AOI-0068,2022-08-15,0.15824785717959192
AOI-0068,2023-04-03,0.4516272857550639
AOI-0068,2023-04-17,0.4739613809294137
AOI-0068,2023-05-09,0.6520556498919524
AOI-0068,2023-06-06,0.5149801738375579
AOI-0068,2023-06-30,0.26872672727443414
AOI-0068,2023-07-05,0.24066426863460616
AOI-0068,2023-08-03,0.23615336402008139
AOI-0068,2023-08-13,0.2970649227208075
AOI-0068,2023-09-03,0.3418442652021427
AOI-0068,2023-09-24,0.32021891022339954
AOI-0068,2023-10-06,0.31219471998550496
AOI-0068,2023-10-11,0.29116275085885174
AOI-0068,2024-05-01,0.2436896333520836
AOI-0068,2024-05-09,0.1973064162771635
AOI-0068,2024-06-15,0.14885218070296902
AOI-0068,2024-08-05,0.1695993325010421
AOI-0068,2024-08-09,0.11829711657726874
AOI-0068,2024-08-19,0.14402210916412989
AOI-0068,2024-08-28,0.1918352223308653
AOI-0068,2024-09-08,0.13742787693180333
AOI-0068,2024-09-14,0.17636999740148354
AOI-0068,2024-09-29,0.2153368757908123
AOI-0068,2024-10-13,0.14225305876243619
AOI-0068,2025-05-08,0.6604207684136106
AOI-0068,2025-05-11,0.6943960923672445
AOI-0068,2025-05-20,0.7033237702397573
AOI-0068,2025-06-10,0.43594292845551863
AOI-0068,2025-06-15,0.3464019039555809
AOI-0068,2025-06-17,0.32881292330696354
AOI-0068,2025-06-30,0.20677576893580352
AOI-0068,2025-07-22,0.19812036940281078
AOI-0068,2025-07-28,0.2189763758648806
AOI-0068,2025-08-13,0.2519169648608928
AOI-0068,2025-08-14,0.17774642195548435
AOI-0068,2025-08-23,0.20931590035529493
AOI-0068,2025-08-24,0.17177613685462575
AOI-0068,2025-09-08,0.17300383546117226
AOI-0068,2025-09-14,0.2671183813541713
AOI-0068,2025-09-24,0.2232284460499597
AOI-0069,2025-04-16,0.14919147332071983
AOI-0069,2025-04-21,0.17435523854279836
AOI-0069,2025-04-23,0.2892639649700242
AOI-0069,2025-05-01,0.1609144581545207
AOI-0069,2025-05-11,0.251629819639852
AOI-0069,2025-05-25,0.5102981788664188
AOI-0069,2025-05-28,0.4264176208354607
AOI-0069,2025-06-10,0.42667638103597944
AOI-0069,2025-06-25,0.2806407031981764
AOI-0069,2025-06-26,0.33757105329375847
AOI-0069,2025-07-05,0.18997093678499183
AOI-0069,2025-07-06,0.22460193350110852
AOI-0069,2025-07-22,0.1413902977354041
AOI-0069,2025-08-07,0.15171466051508395
AOI-0069,2025-08-14,0.14390833096247302
AOI-0069,2025-09-01,0.12070935767039837
AOI-0069,2025-09-14,0.20263835309009454
AOI-0069,2025-09-24,0.16663911339023743
AOI-0069,2025-09-25,0.1464926265334796
AOI-0069,2025-09-28,0.13309615405742206
AOI-0070,2025-05-11,0.2790485253739631
AOI-0070,2025-05-25,0.39073515958419225
AOI-0070,2025-06-07,0.21863163801779142
AOI-0070,2025-06-10,0.28364889427546325
AOI-0070,2025-06-25,0.19409605264542165
AOI-0070,2025-07-12,0.24148558546961515
AOI-0070,2025-08-24,0.15405949531560184
AOI-0070,2025-08-31,0.16634774108564332
AOI-0070,2025-09-25,0.15727006392740392
AOI-0070,2025-10-02,0.19737155387033217
AOI-0070,2025-10-13,0.1798575434856079
AOI-0070,2025-10-23,0.2189246668083713
AOI-0071,2025-04-16,0.33855280775042357
AOI-0071,2025-04-18,0.36217382113150687
AOI-0071,2025-04-21,0.3632809405043005
AOI-0071,2025-05-25,0.503703178390265
AOI-0071,2025-06-26,0.6177644910210194
AOI-0071,2025-07-06,0.5905659202326738
AOI-0071,2025-07-07,0.5421016588620362
AOI-0071,2025-07-12,0.45088954077948157
AOI-0071,2025-08-13,0.42579446715733615
AOI-0071,2025-08-23,0.39068274263825126
AOI-0071,2025-08-24,0.36201791529830774
AOI-0071,2025-08-26,0.3664943003580557
AOI-0071,2025-08-29,0.3831493680031933
AOI-0071,2025-09-01,0.3744241313294626
AOI-0071,2025-09-15,0.31174870957728884
AOI-0071,2025-09-28,0.2896114202241298
AOI-0072,2025-05-08,0.7362031304504948
AOI-0072,2025-06-04,0.6708404509931136
AOI-0072,2025-07-05,0.17085957046760972
AOI-0072,2025-07-06,0.21319532827482185
AOI-0072,2025-07-14,0.1888898713246453
AOI-0072,2025-07-17,0.14635577671749117
AOI-0072,2025-08-07,0.16530276497164123
AOI-0072,2025-08-19,0.15595544014541163
AOI-0072,2025-08-29,0.2108766136486171
AOI-0072,2025-09-03,0.13792154848055382
AOI-0072,2025-09-15,0.1539658582353049
AOI-0072,2025-09-16,0.1555983125063436
AOI-0072,2025-09-30,0.23010539521136075
AOI-0072,2025-10-03,0.14938994653114826
AOI-0072,2025-10-13,0.14618701289033437
AOI-0073,2010-06-26,0.5983904270251379
AOI-0073,2010-07-12,0.49404564692339176
AOI-0073,2011-04-07,0.2947887140001812
AOI-0073,2011-07-14,0.5171699384884993
AOI-0073,2011-09-14,0.3847290159751725
AOI-0073,2012-04-22,0.48748140184099775
AOI-0073,2012-04-27,0.3747086860685657
AOI-0073,2012-05-24,0.646927499829069
AOI-0073,2012-09-29,0.30140551819271233
AOI-0073,2013-04-03,0.24611108161841244
AOI-0073,2013-06-10,0.5521821318232295
AOI-0073,2013-06-25,0.5095790267733872
AOI-0073,2013-07-12,0.5509199345163904
AOI-0073,2013-07-28,0.5215018160314466
AOI-0073,2013-09-30,0.44401455146691127
AOI-0073,2014-05-27,0.5262235217602869
AOI-0073,2014-07-12,0.7344580834021288
AOI-0073,2014-07-30,0.6263429452446498
AOI-0073,2014-08-13,0.4700957815388518
AOI-0073,2014-09-14,0.40148257139432775
AOI-0073,2014-10-10,0.23566763665243662
AOI-0073,2015-05-22,0.3704383454191753
AOI-0073,2015-05-30,0.40554698895543695
AOI-0073,2015-06-10,0.5801996287909919
AOI-0073,2015-06-15,0.45772097465868894
AOI-0073,2015-07-01,0.5643444479471106
AOI-0073,2015-07-09,0.5972138367657205
AOI-0073,2015-08-26,0.3512676662952052
AOI-0073,2015-10-05,0.2252599063965089
AOI-0073,2016-04-06,0.5660804783004139
AOI-0073,2017-04-23,0.2814779790421781
AOI-0073,2017-06-04,0.3498784415496448
AOI-0073,2017-06-12,0.4465118149256057
AOI-0073,2017-07-06,0.7218499858690083
AOI-0073,2017-07-18,0.7550956534861553
AOI-0073,2017-08-07,0.6821179430993125
AOI-0073,2017-08-12,0.6552714137201477
AOI-0073,2017-10-11,0.28836562654568626
AOI-0073,2017-10-16,0.32254848011874643
AOI-0073,2018-04-16,0.16260235275534946
AOI-0073,2019-05-17,0.3031958463485235
AOI-0073,2019-05-19,0.27844145418278354
AOI-0073,2019-06-03,0.49318762272022454
AOI-0073,2019-07-13,0.6559576411410439
AOI-0073,2019-08-07,0.6499576918880201
AOI-0073,2019-08-12,0.5625850002593207
AOI-0073,2019-09-06,0.34700987650911785
AOI-0073,2019-09-11,0.34209442985232436
AOI-0073,2019-09-15,0.2918363245998372
AOI-0073,2019-09-16,0.2963926856532421
AOI-0073,2019-09-28,0.2605218883934567
AOI-0073,2019-10-16,0.2960368444144197
AOI-0073,2019-10-26,0.213831791209099
AOI-0073,2020-04-05,0.14205445659095864
AOI-0073,2020-04-15,0.11303038575502472
AOI-0073,2020-04-22,0.386660975160929
AOI-0073,2020-05-18,0.6114372414338456
AOI-0073,2020-07-04,0.30423030412882324
AOI-0073,2020-07-06,0.32069518195820085
AOI-0073,2020-07-24,0.21040972874369396
AOI-0073,2020-07-29,0.18964310427851566
AOI-0073,2020-08-12,0.29084008675980144
AOI-0073,2020-09-01,0.2351552315375252
AOI-0073,2020-09-20,0.1737600410986193
AOI-0073,2020-10-20,0.22334948025754983
AOI-0073,2020-10-26,0.17742261382259805
AOI-0073,2021-05-06,0.21997360047743347
AOI-0073,2021-05-13,0.19059525998647942
AOI-0073,2021-05-15,0.21101650901804248
AOI-0073,2021-06-29,0.7015987770217976
AOI-0073,2021-07-25,0.7323006724067552
AOI-0073,2021-08-02,0.6768433702792293
AOI-0073,2021-09-07,0.33817651759704437
AOI-0073,2021-09-14,0.3254734231493833
AOI-0073,2021-09-15,0.2831266805813076
AOI-0073,2022-04-23,0.31825295470996584
AOI-0073,2022-04-25,0.20669299931643897
AOI-0073,2022-06-04,0.28219519631949824
AOI-0073,2022-06-07,0.25965503580138816
AOI-0073,2022-06-09,0.251472957258729
AOI-0073,2022-06-14,0.40217010529374564
AOI-0073,2022-07-05,0.777128018183461
AOI-0073,2022-07-07,0.7372602976961836
AOI-0073,2022-09-10,0.36291122333196046
AOI-0073,2022-09-30,0.347898333406662
AOI-0073,2023-04-02,0.23894339250891894
AOI-0073,2023-04-28,0.26289792851105487
AOI-0073,2023-05-03,0.2872722546222543
AOI-0073,2023-05-05,0.2813872029923018
AOI-0073,2023-05-13,0.3440706836723507
AOI-0073,2023-06-04,0.5296808657695139
AOI-0073,2023-06-07,0.528293800081767
AOI-0073,2023-07-25,0.31878467345367245
AOI-0073,2023-07-31,0.23488711935280104
AOI-0073,2023-08-06,0.24421210605857255
AOI-0073,2023-08-16,0.23970181663131146
AOI-0073,2023-08-28,0.23274362845506577
AOI-0073,2023-09-07,0.20385713177545967
AOI-0073,2023-09-12,0.20976632452481148
AOI-0073,2023-09-29,0.21241240025044134
AOI-0073,2023-10-11,0.2558600660200453
AOI-0073,2023-10-15,0.24371141329207038
AOI-0073,2024-04-14,0.4378900345303148
AOI-0073,2024-04-20,0.5516791307296427
AOI-0073,2024-05-06,0.6256651389336361
AOI-0073,2024-05-07,0.6354431072422283
AOI-0073,2024-06-23,0.36587806288533786
AOI-0073,2024-07-03,0.2441102030360882
AOI-0073,2024-07-11,0.3963934064380026
AOI-0073,2024-07-13,0.2582196644204662
AOI-0073,2024-07-21,0.2531943780560988
AOI-0073,2024-07-25,0.24723466041263492
AOI-0073,2024-08-12,0.27986011572978275
AOI-0073,2024-08-28,0.27225857815473276
AOI-0073,2024-09-01,0.18856845199039682
AOI-0073,2024-09-13,0.24054710851733543
AOI-0073,2024-09-29,0.23455033680560883
AOI-0073,2025-04-07,0.26306117199953416
AOI-0073,2025-04-15,0.21155490570023888
AOI-0073,2025-04-19,0.18566202472564974
AOI-0073,2025-04-22,0.20814023326026837
AOI-0073,2025-04-23,0.28929530741732623
AOI-0073,2025-04-29,0.19525212026739938
AOI-0073,2025-05-11,0.23524244443265296
AOI-0073,2025-05-22,0.24648002448459722
AOI-0073,2025-05-29,0.23826594220832567
AOI-0073,2025-06-03,0.3128921635704178
AOI-0073,2025-06-30,0.7485940182229601
AOI-0073,2025-07-06,0.7742976764516283
AOI-0073,2025-07-08,0.7631880956190368
AOI-0073,2025-07-28,0.6900713348419235
AOI-0073,2025-08-05,0.7011592529005755
AOI-0073,2025-08-07,0.7024246583795146
AOI-0073,2025-08-22,0.4710913669298458
AOI-0073,2025-08-27,0.40611546540483723
AOI-0073,2025-09-22,0.30818813840919246
AOI-0074,2010-07-12,0.37518369012592534
AOI-0074,2010-08-29,0.318717079760496
AOI-0074,2011-05-27,0.3059946635065798
AOI-0074,2011-06-20,0.5766962066013721
AOI-0074,2011-06-26,0.7680533695598795
AOI-0074,2011-07-06,0.724607235333789
AOI-0074,2011-09-24,0.28093246222667906
AOI-0074,2013-06-25,0.42515811560286915
AOI-0074,2013-07-03,0.347066485453166
AOI-0074,2013-07-11,0.3230756128472709
AOI-0074,2013-08-13,0.3605952817914566
AOI-0074,2014-07-14,0.7828322301630098
AOI-0074,2014-07-28,0.646662434520813
AOI-0074,2014-09-14,0.3279236993314171
AOI-0074,2014-10-16,0.2606354644948988
AOI-0074,2015-04-23,0.3060214879700289
AOI-0074,2015-04-28,0.20554166965197268
AOI-0074,2015-07-25,0.6664092167114645
AOI-0074,2015-10-16,0.2566946460094054
AOI-0074,2015-10-29,0.18869060081424338
AOI-0074,2016-08-12,0.33965421713312405
AOI-0074,2016-08-20,0.24146344624087823
AOI-0074,2017-04-23,0.2822320410809138
AOI-0074,2017-05-04,0.22654551079502594
AOI-0074,2017-05-06,0.20592142501403812
AOI-0074,2017-06-04,0.3865411829496749
AOI-0074,2017-06-05,0.3678430083080288
AOI-0074,2017-06-10,0.6421113621208644
AOI-0074,2017-06-20,0.5243560468168911
AOI-0074,2017-06-26,0.7673075121780594
AOI-0074,2017-07-18,0.7499452847789903
AOI-0074,2017-08-07,0.6596140233629331
AOI-0074,2017-08-17,0.5315788837715187
AOI-0074,2017-09-16,0.309375046440736
AOI-0074,2017-10-11,0.259630831300825
AOI-0074,2017-10-16,0.2865298123729159
AOI-0074,2018-04-04,0.17052195704999032
AOI-0074,2018-04-23,0.33792547177619087
AOI-0074,2018-05-06,0.27496247477324687
AOI-0074,2018-05-11,0.3005061775202367
AOI-0074,2018-05-22,0.3550231436736382
AOI-0074,2018-05-26,0.3520815225075935
AOI-0074,2018-05-30,0.3640116533029203
AOI-0074,2018-07-13,0.6851575325676721
AOI-0074,2018-08-18,0.7567969731533849
AOI-0074,2018-09-14,0.3693125258772536
AOI-0074,2018-09-19,0.36329158055230015
AOI-0074,2018-09-30,0.3246921973569805
AOI-0074,2019-04-23,0.2652748783028466
AOI-0074,2019-05-04,0.24459730984544345
AOI-0074,2019-05-14,0.2682158811309333
AOI-0074,2019-05-16,0.24009873958415517
AOI-0074,2019-05-31,0.44976972077367866
AOI-0074,2019-06-13,0.631888547358461
AOI-0074,2019-07-13,0.6709943008448467
AOI-0074,2019-08-05,0.607840728302508
AOI-0074,2019-08-09,0.556853321757296
AOI-0074,2019-09-14,0.3227601427711391
AOI-0074,2020-04-09,0.19625340838254837
AOI-0074,2020-07-06,0.2560533021585252
AOI-0074,2020-07-22,0.23695776643659794
AOI-0074,2020-08-07,0.2234299381821462
AOI-0074,2020-08-26,0.21692473040980564
AOI-0074,2020-09-07,0.15230729298808948
AOI-0074,2020-09-08,0.1986736899967437
AOI-0074,2020-09-12,0.16179710051349683
AOI-0074,2020-10-07,0.15518965289021272
AOI-0074,2020-10-12,0.13676279083703463
AOI-0074,2020-10-18,0.22110469895119159
AOI-0074,2020-10-22,0.1315179459495659
AOI-0074,2021-04-25,0.2245407806537916
AOI-0074,2021-06-23,0.5923863655527626
AOI-0074,2021-06-27,0.6008962617788411
AOI-0074,2021-07-17,0.6885016124118741
AOI-0074,2021-08-03,0.5579719716904645
AOI-0074,2021-08-06,0.5446358132025904
AOI-0074,2021-08-19,0.46065717986614785
AOI-0074,2021-09-03,0.3617952310442936
AOI-0074,2021-10-06,0.2068560755500835
AOI-0074,2021-10-17,0.2018149895682846
AOI-0074,2021-10-20,0.21720218583999795
AOI-0074,2021-10-27,0.21909936528877527
AOI-0074,2022-05-30,0.22631738482079958
AOI-0074,2022-07-12,0.710146298094652
AOI-0074,2022-08-29,0.499981836034311
AOI-0074,2022-10-16,0.2917702891917339
AOI-0074,2023-04-28,0.2299564132163121
AOI-0074,2023-05-30,0.406593148127683
AOI-0074,2023-06-09,0.5697465131548999
AOI-0074,2023-06-19,0.4160601026640886
AOI-0074,2023-07-14,0.24316811957279738
AOI-0074,2023-08-16,0.2615623369362865
AOI-0074,2023-09-14,0.23930671445985824
AOI-0074,2023-10-11,0.2616911123440684
AOI-0074,2024-04-17,0.4983591242705229
AOI-0074,2024-05-08,0.659551381295987
AOI-0074,2024-05-09,0.617390661224662
AOI-0074,2024-06-06,0.5333831878626194
AOI-0074,2024-07-08,0.2420257183450508
AOI-0074,2024-07-18,0.23765800984971513
AOI-0074,2024-07-27,0.3147354738483214
AOI-0074,2024-08-12,0.26076108267752507
AOI-0074,2024-08-28,0.26026946116962585
AOI-0074,2024-09-04,0.1953222472326807
AOI-0074,2024-09-09,0.18400797449674683
AOI-0074,2025-04-07,0.23951664882777934
AOI-0074,2025-04-15,0.1935538522997423
AOI-0074,2025-05-12,0.21785246877725592
AOI-0074,2025-05-14,0.18818599068871217
AOI-0074,2025-06-01,0.3504019824432132
AOI-0074,2025-06-10,0.5860337354001892
AOI-0074,2025-07-06,0.7946702152703673
AOI-0074,2025-07-16,0.6722163775566286
AOI-0074,2025-08-05,0.665848804214112
AOI-0074,2025-08-19,0.4756316050425511
AOI-0074,2025-09-08,0.23302321824712532
AOI-0074,2025-09-22,0.2745700723741809
AOI-0074,2025-10-01,0.22446174679558073
AOI-0074,2025-10-26,0.21939993696505522
AOI-0075,2025-04-07,0.32788857331775806
AOI-0075,2025-04-12,0.19827376955174025
AOI-0075,2025-07-12,0.6093102852575505
AOI-0075,2025-07-18,0.5076729090468589
AOI-0075,2025-08-21,0.5107100536341957
AOI-0075,2025-08-30,0.4360297524277239
AOI-0075,2025-09-08,0.4341471004012234
AOI-0075,2025-09-16,0.32769426229094883
AOI-0075,2025-09-21,0.2824072034731515
AOI-0075,2025-10-29,0.2910035640282464
AOI-0076,2025-04-19,0.20011833868734996
AOI-0076,2025-05-01,0.2363625252130326
AOI-0076,2025-05-11,0.26463184757609054
AOI-0076,2025-05-25,0.6254636979926679
AOI-0076,2025-07-10,0.8092237457054494
AOI-0076,2025-07-31,0.7249025575215039
AOI-0076,2025-08-21,0.40724909151560384
AOI-0076,2025-08-27,0.3354938710305868
AOI-0076,2025-09-01,0.29182955994891957
AOI-0076,2025-09-21,0.22228061580262706
AOI-0076,2025-09-22,0.27657468123140755
AOI-0076,2025-10-01,0.21001036851897856
AOI-0076,2025-10-04,0.21465786744893328
AOI-0077,2025-05-09,0.757897748675757
AOI-0077,2025-06-06,0.5843810724145668
AOI-0077,2025-06-21,0.4762273224846787
AOI-0077,2025-07-12,0.3766056906018756
AOI-0077,2025-08-22,0.17866075299196446
AOI-0077,2025-08-27,0.17167328590984
AOI-0077,2025-08-30,0.22961415512859218
AOI-0077,2025-09-11,0.18102079158589757
AOI-0077,2025-09-22,0.23753761071986834
AOI-0078,2025-05-02,0.8072287687138548
AOI-0078,2025-05-25,0.7741845694044831
AOI-0078,2025-06-01,0.6678050699459451
AOI-0078,2025-06-03,0.6812439740851279
AOI-0078,2025-06-06,0.6565754127936867
AOI-0078,2025-06-10,0.6089094356730311
AOI-0078,2025-07-04,0.26415997966818777
AOI-0078,2025-07-10,0.19435173881023507
AOI-0078,2025-07-11,0.21068702952223173
AOI-0078,2025-07-13,0.17734786570784974
AOI-0078,2025-08-10,0.17938538113259125
AOI-0078,2025-08-15,0.20186136102432722
AOI-0078,2025-09-08,0.18382032360826603
AOI-0078,2025-10-04,0.2641751021996468
